sample_id,Ampicillin,Amoxicillin_Clavulanic_acid,Cefotaxime,Cefuroxime,Ciprofloxacin,Ertapenem,Imipenem,Levofloxacin
SAMPLE_03360,0.9985294731798909,0.011338253265796754,0.01514743748990229,0.012797023209800635,0.028218787980449595,0.006989356869244692,0.01332300755841184,0.029263701223204514
SAMPLE_03361,0.2115148054218902,0.05452461163458249,0.049364743661558796,0.3419203567032258,0.02678780033777753,0.0005785472604804942,0.6732593098711237,0.06536341842625888
SAMPLE_03362,0.7548893492693054,0.1255155394293959,0.1459952683209886,0.07361519333662132,0.42291144329572444,0.001682473307361912,0.05103360199710744,0.3556476129061988
SAMPLE_03363,0.39383233191240014,0.0368208224635686,0.06482959780019192,0.3390094815225628,0.07041969261541343,0.0009157871301946314,0.6809692308002869,0.04537033176336381
SAMPLE_03364,0.6887477370218482,0.22291212899295462,0.24234717095834526,0.663657105717424,0.45753297054771097,0.0021066556779783803,0.04443822893020808,0.4249953563581576
SAMPLE_03365,0.9420878210726947,0.0996003273604415,0.14136433461723227,0.6225528777121685,0.16206809966463837,0.001433565740392527,0.11363650908433498,0.33556436732488343
SAMPLE_03366,0.8740293108881985,0.20797509087869268,0.21829004166492474,0.9935906720408386,0.3499653294881812,0.00069636608130718,0.71991538162314,0.6917874099341216
SAMPLE_03367,0.955485909860089,0.27926808969833344,0.24726302127303576,0.6645592212379154,0.3939211026042349,0.0017224316010968034,0.06908002515731583,0.5722970780057431
SAMPLE_03368,0.6951493475308258,0.2675518797605416,0.32505834210280404,0.9942555816598168,0.591696791205333,0.0005990207003918538,0.7725180301209741,0.8952092764381029
SAMPLE_03369,0.9331398626267071,0.4780914686101167,0.3107405430998622,0.6652208221896755,0.7201224283791103,0.005079304201569517,0.07298436809360632,0.9146748205877991
SAMPLE_03370,0.9557519350846273,0.09648152142914078,0.22966355598800844,0.6738361808540487,0.18379664213921723,0.004916410807116702,0.052014400341300955,0.3460221569866875
SAMPLE_03371,0.763395193104934,0.03854385922830381,0.04417409568233935,0.6662840625197498,0.06734413452341954,0.0016075655687635933,0.020246829027183003,0.3412361992847064
SAMPLE_03372,0.9373238312938269,0.25543217052262274,0.1214666427561178,0.6612643028890818,0.11514958814930626,0.003090469308116807,0.049468425799005365,0.34116169983710115
SAMPLE_03373,0.9150411062290366,0.22751966697393688,0.04586325141990429,0.666590076858661,0.179145419650356,0.0018030051649898613,0.0698788684193615,0.32292605550661
SAMPLE_03374,0.23663164577721996,0.05003375389552841,0.0353533034496075,0.33656148837752026,0.04742349641519775,0.0006764815967233827,0.6767351869003956,0.05204515815264676
SAMPLE_03375,0.9414708851644624,0.31274236281981227,0.08412223140337138,0.6640697676061524,0.1454482521836805,0.0015352979063074374,0.03055242703357799,0.34835016422009657
SAMPLE_03376,0.300902117582549,0.2589346816276602,0.2672383502731911,0.6667104323145815,0.20498395731780603,0.002739512610092332,0.1149664740236555,0.36504441602237936
SAMPLE_03377,0.9283049416500976,0.16919438358080943,0.11927537771008397,0.48606344993785044,0.26301659667460625,0.0015588766646446853,0.0351877673819261,0.37852623466737884
SAMPLE_03378,0.9993804863779427,0.028806375863404027,0.03503204591696916,0.020560044224164326,0.09075756597019485,0.007168272769237597,0.02152116387452095,0.13595118804922987
SAMPLE_03379,0.9992282927868451,0.4628298741050722,0.14244231437949859,0.6679136504585367,0.16203865805385834,0.04187998559828798,0.07147991402513508,0.33760036456710546
SAMPLE_03380,0.9620445384863993,0.5628036373371684,0.32584667343374546,0.5647226587169031,0.7828696707527776,0.002355491261366527,0.09312592186018492,0.2824409210799064
SAMPLE_03381,0.6512533401995997,0.1464919659747005,0.06787167160506459,0.6623129082407463,0.12411994703016486,0.0019888921577094327,0.06125368244076835,0.3328590038275725
SAMPLE_03382,0.9993493969934987,0.04144736623649123,0.06659730879941837,0.10188945125814303,0.054705914813547585,0.008339114863603834,0.021006283199368175,0.0787485443837641
SAMPLE_03383,0.9994426835612792,0.04619578961443102,0.05037918057814104,0.015618087313652227,0.0502144264483205,0.004189128825614052,0.02590136521415702,0.09556525186449538
SAMPLE_03384,0.9991585112109815,0.09914025645695757,0.1452251691064445,0.1397766716769345,0.14428920170983497,0.03965746903260691,0.0887824731300687,0.2927140334805807
SAMPLE_03385,0.8720545861266101,0.1464615079749342,0.1270598608245072,0.6641655095380864,0.24931840218497836,0.0018350725676272422,0.05546308541187433,0.3334325897990949
SAMPLE_03386,0.9597451683188498,0.18619712960032686,0.19644348787414023,0.6615078511124889,0.33833134306781226,0.002180889782510308,0.057950841627644224,0.5468060085138271
SAMPLE_03387,0.08019928138741107,0.03700851605675019,0.05110365170824024,0.338014958502038,0.037899689267092765,0.0010101502390016423,0.674419854261438,0.07127243402586836
SAMPLE_03388,0.08798264843533815,0.07214642016102503,0.07689810251742489,0.9921062410703346,0.23537026450010842,0.00045583552079753387,0.6728502770220599,0.5765153350723922
SAMPLE_03389,0.9994993015677345,0.03787050613337495,0.05612435499256859,0.008329859811922111,0.10729671983115856,0.006275779443801425,0.02819254584631076,0.039054341370933936
SAMPLE_03390,0.9995293280883016,0.2277695449838941,0.026409580719104334,0.0584486335012546,0.15552019616775029,0.005190651745432553,0.014469093677609948,0.09972817179091649
SAMPLE_03391,0.9990938538306894,0.13075823816887586,0.1431815336677796,0.03225751801092446,0.08578117948990567,0.0062423354019726695,0.07547344416378951,0.10110317883804394
SAMPLE_03392,0.999299422852891,0.019803705085798946,0.023400775490137925,0.013077582155354402,0.03963272041361631,0.00898085911406765,0.01886640086522749,0.04110116614358974
SAMPLE_03393,0.9993038065155755,0.07182064256272494,0.1376346189598681,0.02564028463925122,0.10241306822855589,0.04058251438549315,0.0704854386693302,0.0686930443447189
SAMPLE_03394,0.9994929711409068,0.10383113123587352,0.15749113369262083,0.02555475085790013,0.09356715631459388,0.016321636576750558,0.06291160671338063,0.11870193329210982
SAMPLE_03395,0.9994632501507575,0.0330843838084574,0.0644319231799109,0.01782447441310198,0.1226379318005324,0.00527251740389105,0.0549936351799015,0.07928092076435912
SAMPLE_03396,0.5439300339194043,0.09664931256193493,0.12916709029480059,0.34976869275880157,0.06712172095083337,0.0007231598486366161,0.6759690622756569,0.0622389565970812
SAMPLE_03397,0.9143592971913023,0.32075643788513525,0.24903238310958295,0.6619240306843618,0.21415675213416552,0.002056239881073155,0.18740332555498504,0.40413812586447234
SAMPLE_03398,0.642448237735513,0.2436022423725038,0.2752278647791498,0.6660003950340773,0.4401538347620068,0.0027492803503260757,0.11379494673913476,0.633301002014704
SAMPLE_03399,0.7383355817172491,0.25893907264144006,0.10478531943366198,0.3473229077839111,0.40204011322969485,0.0007865054171845223,0.6725583566709069,0.3829595054309915
SAMPLE_03400,0.9994331801714399,0.04396177004767877,0.09546126225615825,0.029735192936181615,0.12337851120989705,0.008212512235706756,0.05547345717514319,0.1439239190119974
SAMPLE_03401,0.9994149903388841,0.04361598934085401,0.03958961031087357,0.014409968723297278,0.08859063887420303,0.010124042969922472,0.05857036344371904,0.0703436139436359
SAMPLE_03402,0.5077587721049022,0.17826534241835104,0.18902155678022314,0.3792550080777728,0.3864673058814558,0.0005579813457437919,0.6876497257637175,0.2768549535678994
SAMPLE_03403,0.9994684440903829,0.06727171543633033,0.09662610725645743,0.13130735624758502,0.12801798779989004,0.01610852019468479,0.028609486649833305,0.162401317911369
SAMPLE_03404,0.95316835057666,0.48206840219412844,0.23730608586723845,0.7689236788579036,0.5067163684179655,0.10903482526274545,0.17163956789922852,0.5656714116926532
SAMPLE_03405,0.9549051908032066,0.35912446861381714,0.17229945766015475,0.6653901263499868,0.7729841636624061,0.005851555439092941,0.10224272591969931,0.4230311728949305
SAMPLE_03406,0.9994416796071187,0.035588797484789846,0.050122380292137586,0.011466206244303648,0.04974771642381537,0.005346551568803523,0.037582242827509486,0.051575712035188494
SAMPLE_03407,1.0,0.7894582374242187,0.7467536235128222,0.9985380906244824,0.4213602700361314,1.0,0.9995707080746333,0.5685114055310021
SAMPLE_03408,0.9986540007720742,0.6488004847171213,0.14392911870936936,0.6683823746562966,0.17700828938380067,0.04628821015297693,0.08323759610976351,0.3439436489435666
SAMPLE_03409,0.1013497378095054,0.12392646434256721,0.1060594652590686,0.9930755263918506,0.1562679690528824,0.00048409336030109506,0.673114495258802,0.3906350498625046
SAMPLE_03410,1.0,0.8235695000747931,0.8029279495363749,0.9988766821482584,0.4889892623728144,1.0,0.9996600446389503,0.5750235004371311
SAMPLE_03411,0.999268860007898,0.1113870312611781,0.12678289946077478,0.13141404360477002,0.11224509143871797,0.16328053670462062,0.05666096751565595,0.1817406369528073
SAMPLE_03412,0.9991586092144492,0.09730979946492879,0.06654758214266894,0.015211799876516024,0.21820030591876893,0.020744479517525113,0.037337497598619165,0.1580454669409088
SAMPLE_03413,0.9994247468104733,0.04468332743318334,0.03952115315859991,0.18823890285234393,0.062006814487154394,0.014377697853528845,0.023307740859284398,0.12731676610640805
SAMPLE_03414,0.07465609602188944,0.10903430839073454,0.1587497451038434,0.495371017843284,0.38609616561311705,0.0006302674629644699,0.7414248612427167,0.42199570494470806
SAMPLE_03415,0.9993830432097633,0.027631362619136544,0.04585875018738287,0.012527942228032288,0.04260613818074196,0.01145785467181193,0.02636787080697678,0.06926345557716004
SAMPLE_03416,0.9993893610970787,0.20566383463308427,0.15332181733466813,0.680391143326719,0.24787965965866177,0.02998013030646209,0.07696962309532286,0.34714829124876134
SAMPLE_03417,0.17813911032255794,0.02993548036318856,0.03814776547076459,0.3362340213124467,0.036065546814417516,0.0005842402613458931,0.6730279575528884,0.03782156263088121
SAMPLE_03418,0.9993314527604467,0.11658445111259781,0.12958715408181246,0.3560830312427586,0.10357941640785828,0.0263826271031521,0.1000327616105992,0.217435459119697
SAMPLE_03419,0.9995125576313196,0.21219027741487104,0.13590558421187102,0.026815215342018497,0.1804011321757006,0.030669749757880352,0.14744940383237565,0.11544649035639258
SAMPLE_03420,0.999117493557018,0.34781201190861183,0.4638572880236609,0.6763326781045929,0.4306560985856507,0.013189441363554322,0.2076289683817094,0.6221042093406631
SAMPLE_03421,0.5909448363449247,0.1269678569376301,0.12559024881561173,0.022193480046977188,0.37576465947443366,0.0016095673787308725,0.04875902763651379,0.4107059017771144
SAMPLE_03422,0.9993753660787235,0.2213725214041882,0.2841011457288342,0.026008747701777097,0.2752279798688298,0.012366543084358477,0.13354659850456402,0.24001057552154412
SAMPLE_03423,0.46699589287204263,0.0934159512038768,0.12448776594112217,0.023619503211212225,0.15048947490218514,0.0016876907985937126,0.026813491633605333,0.16505441545410943
SAMPLE_03424,0.690278004924329,0.122037737324262,0.17236141945798114,0.6668584066072837,0.2688783138762589,0.016881338322743623,0.03878894564215424,0.38517978540253495
SAMPLE_03425,0.999311994622576,0.27283289616557765,0.11818250435886946,0.68468117357463,0.2899753217270266,0.22369202766009377,0.029810808760883104,0.3258866864349483
SAMPLE_03426,0.9990540969793886,0.2013581160446464,0.13799813856114973,0.6682150957657417,0.41346649638657546,0.042435038155414766,0.06456365034984961,0.48985025603461424
SAMPLE_03427,0.9994168955071991,0.16251569386174727,0.05676516370115527,0.05884620549294892,0.09451509748272274,0.007654065098425248,0.02345483430083264,0.06842303263659169
SAMPLE_03428,0.7048524294542783,0.21120516986743856,0.07191728643843923,0.666777227298173,0.14709848587512114,0.0010667843433195738,0.01970793497732155,0.36796648136594406
SAMPLE_03429,0.17059570011191205,0.06604360764276875,0.24984597549929333,0.35541696220460234,0.10529463894188408,0.0007441483009313123,0.7413980537164858,0.11092072729087245
SAMPLE_03430,0.9993755041238209,0.11089161287222725,0.16885597370054076,0.634801340151886,0.13106716618570655,0.007383780598909939,0.07000688002784893,0.28092977667833513
SAMPLE_03431,0.999118620477406,0.017429551195846875,0.06990473460291519,0.168958969855875,0.033558053371124726,0.006831842422945416,0.037247684064745,0.09359726027913053
SAMPLE_03432,0.9654479308846057,0.21462494673742064,0.4982614518660062,0.6669037602646011,0.7412242072887779,0.008508352283703254,0.2118509258098448,0.6984187791604187
SAMPLE_03433,0.3713646993628555,0.08988827948326811,0.10619908621006462,0.35485975485008353,0.04440195681742659,0.0034965919819633443,0.6768746409171614,0.18447294977171025
SAMPLE_03434,0.9994204877341524,0.10660734853038518,0.17934110114763738,0.15955859569580902,0.13179649920380787,0.05758788323763359,0.07971100587371342,0.19446187041712307
SAMPLE_03435,0.9994858416386859,0.024075428426225107,0.028524494240591416,0.018408645116544227,0.03181277164453547,0.0047379953494759465,0.021859566537857488,0.07830616112435575
SAMPLE_03436,0.9995287596396646,0.03354688888407373,0.050887809563746694,0.09901134766480041,0.04215347259952795,0.007395267441261367,0.03460590405583356,0.07137620249127827
SAMPLE_03437,0.9994609997401563,0.022935815383971197,0.042000719768113516,0.014021865794303244,0.040363384634389265,0.004737914929103804,0.026677186914001078,0.05925864739998432
SAMPLE_03438,0.8298750279137922,0.28291212951575606,0.29959770483002923,0.007971423720864134,0.5080515118200205,0.0014082007752696756,0.05308465052769954,0.3802233188815655
SAMPLE_03439,0.9993997368508208,0.04068400532152374,0.03742918183807461,0.01791521656190571,0.04338470512197048,0.011007145988396402,0.03621288188034894,0.047069151191008164
SAMPLE_03440,0.9679693541506517,0.272892448462056,0.30403557547672294,0.6580290782924886,0.7657309204547783,0.002534083738574912,0.11166432893961405,0.6023258379155952
SAMPLE_03441,0.9549773937811482,0.12168666176758099,0.12572512702234057,0.6639733586998041,0.3634437458916027,0.001849102314396292,0.052537400106011,0.5041815854565926
SAMPLE_03442,0.9993778322389667,0.0324399542020932,0.01630290635495498,0.12391428604921285,0.060518879945309634,0.006242938258215457,0.023183138619292706,0.11718329753398267
SAMPLE_03443,0.9994241472423537,0.2794369183646897,0.23600447282597012,0.024814664781846133,0.5290442877851708,0.01697510347396432,0.12069978740321742,0.2884803178135264
SAMPLE_03444,0.522027361616272,0.0638234499873646,0.057735102780049785,0.9925151386982657,0.06341320952271574,0.0004777879549798762,0.6723371788843765,0.3435339709899916
SAMPLE_03445,0.9992797156145249,0.10141447122172224,0.07249563645032701,0.6645902618807059,0.10226965447952156,0.035063049931610864,0.04428187150337453,0.31209629679169326
SAMPLE_03446,0.9990478369281951,0.13785940709807024,0.14781953113957802,0.39103901272566327,0.30510074815170046,0.007820177392164736,0.037514549695172685,0.5239096372530637
SAMPLE_03447,0.9591393897896016,0.16953636966526942,0.2507972468010524,0.6471701897765075,0.5215155609876866,0.002294858657195495,0.08824849139119223,0.41976042051157575
SAMPLE_03448,0.999221688275464,0.3606130082130019,0.045950484815626934,0.289204875427251,0.24718574027380166,0.026330817013882953,0.06302231386075459,0.26494338288218544
SAMPLE_03449,0.9369832714393987,0.04542032255267122,0.038870988769501645,0.6616354100022831,0.08577890958980287,0.0057705011644448335,0.03326069879127626,0.3186013579733497
SAMPLE_03450,0.6070416140224117,0.07163786806706555,0.03193194796704268,0.2805674488402399,0.07643111333386131,0.0017475289987680294,0.020456660454018685,0.1476324585645985
SAMPLE_03451,0.25336976803587724,0.2937027724447911,0.43952407283559786,0.8915230003244075,0.6682458080927587,0.0013421984246488813,0.7460825434865432,0.948241376450111
SAMPLE_03452,0.915296887676547,0.20180779642743366,0.12533767903466755,0.6642176511241861,0.26434085920041217,0.001766534036057572,0.023912413685157296,0.33185572052720685
SAMPLE_03453,0.6257306424345682,0.07851453021821066,0.09723726970620016,0.3941135551946831,0.17838669551223163,0.0005163304691758894,0.6853676964222175,0.17075076952920712
SAMPLE_03454,0.9987369221938048,0.046326223728969294,0.07801510377564967,0.012780845593377157,0.155835603980968,0.0025521000585131933,0.02195553895383882,0.07059923668239845
SAMPLE_03455,0.9993579727501211,0.04739694984589685,0.11569734384955782,0.01855606391535443,0.07006053269953598,0.0181027435718439,0.06032848885962098,0.10668460020258462
SAMPLE_03456,0.9994353819418339,0.05353520552574135,0.0871438715433897,0.01251087665518981,0.06603788839268754,0.011789123771447788,0.024550512488385468,0.06587173118739208
SAMPLE_03457,0.8947784323547218,0.7835851317924226,0.49255437384890066,0.6660074446040609,0.866723321044033,0.020800891561306486,0.0837384238141217,0.8962092906242941
SAMPLE_03458,0.9838792834741173,0.4440754116245907,0.4832319695579869,0.6682020853014184,0.8262725290554257,0.009414441947180547,0.13287129615248025,0.34769100864400504
SAMPLE_03459,0.9993402303709623,0.29903963825210167,0.1714427910629774,0.17894150913063903,0.24860089295211707,0.1572489124217109,0.18533218014436784,0.24644229370100476
SAMPLE_03460,0.9995260086684109,0.3144856764551554,0.1541907383047427,0.12534923075108076,0.21171906617803649,0.020646294288645835,0.053564971637400566,0.1610322066019649
SAMPLE_03461,0.9622825436796837,0.2829112514829416,0.18397261423645317,0.6614392721218344,0.6119711788021165,0.00461536105556929,0.07346631897845768,0.4426084331053308
SAMPLE_03462,0.9509950502831489,0.13425630287792067,0.07238770763934284,0.6671154684930442,0.11788127188213045,0.002646930812432526,0.057385096787479446,0.3569181630208876
SAMPLE_03463,1.0,0.8202634977416007,0.7706503268803498,0.9987731553836295,0.4512150772840126,1.0,0.9996507960720863,0.5652170256740191
SAMPLE_03464,0.9994891817853504,0.19954194662622762,0.018981640989046363,0.015392423192794187,0.14274902887820284,0.005615326753970606,0.015114131067275249,0.08731249044089473
SAMPLE_03465,0.9992087886539137,0.17311093605726244,0.1226279589069101,0.02843562105257102,0.18449885823097592,0.009480443838976976,0.03757839094345074,0.3117918246938962
SAMPLE_03466,0.6320431726996802,0.12418598198404508,0.15876830171099496,0.3502105350183162,0.3274081645627008,0.0005258310899576368,0.6854312078751859,0.2810347913915914
SAMPLE_03467,0.9548761804654147,0.28241118126362824,0.8433498424516778,0.6705094990873267,0.47744870209960166,0.005331147016702999,0.24059637190074423,0.6524850705950648
SAMPLE_03468,0.685533402935957,0.1657900212047778,0.09177216505506887,0.0912515665629276,0.1460015647490324,0.001983807707320592,0.019953555788926984,0.18419812665166546
SAMPLE_03469,0.9993913368525167,0.03159955477772993,0.07513960233530996,0.02181213662353937,0.10970348246498951,0.009376818880152689,0.026771259072829002,0.0968876073327936
SAMPLE_03470,0.9995209701242113,0.055633904392409415,0.05838004399439062,0.015139846537543309,0.058599789982564786,0.014368894279793468,0.030070998985256062,0.04781502860178405
SAMPLE_03471,0.592400811664364,0.17078417369209964,0.23609611064885627,0.36457709629842916,0.3697333774203975,0.0005752807584831732,0.6980667054472741,0.3494783045583809
SAMPLE_03472,0.9993389651220879,0.07571386346216463,0.09632191803513045,0.17919372312612245,0.1524363812016127,0.00689990771719862,0.04198532799456289,0.16029495183257475
SAMPLE_03473,0.7770523115390908,0.31962482352489296,0.3004921218668978,0.9961439530490271,0.6793672497085131,0.00044180646202616184,0.7047214212500772,0.9745807892393485
SAMPLE_03474,0.9994952680941375,0.1749045342001213,0.1358527739759723,0.022386114854926475,0.23983235540665016,0.059275520159752904,0.09175855117765473,0.1691489072100915
SAMPLE_03475,0.9280271028022858,0.15548250550431916,0.1309977716671065,0.6555617279781687,0.15982728826535478,0.0020349051621935776,0.06495492893000145,0.32820633704119245
SAMPLE_03476,0.9994970582085636,0.06489009095818189,0.08207870557835606,0.010134893025719046,0.06897393085315685,0.018866544823027062,0.017847164344209094,0.058815790796189926
SAMPLE_03477,0.9671397572117723,0.17550747592104735,0.16828463318096898,0.6641401201494997,0.42390903555935916,0.00307450775870596,0.07539519118001872,0.5140997557981216
SAMPLE_03478,0.9992910770657252,0.07937106656155181,0.12363449074996087,0.019336188804830654,0.10851316448344227,0.08635055833188165,0.07487528314073293,0.09779340753580333
SAMPLE_03479,0.9993711610601692,0.5124816733883688,0.17939110755950102,0.6685898437994592,0.2891697563004562,0.021016788177883532,0.047979133164233266,0.5023471877738103
SAMPLE_03480,0.9995362756597448,0.10681907763330922,0.1711988599641476,0.08557279040688533,0.325192013121873,0.007470955901595939,0.07314425519981045,0.1407342146104816
SAMPLE_03481,0.9993148940479095,0.03733610215709374,0.046553244418185286,0.15569737130604683,0.06052420059172764,0.009049122678576799,0.025168209117570808,0.12318075269648772
SAMPLE_03482,0.8066581851700713,0.17136240276469553,0.15736347850724444,0.013710886161372102,0.310128459532031,0.001729049065999789,0.06511278728874487,0.27601540583901857
SAMPLE_03483,0.9994435687901303,0.11285777409180113,0.1144089953182763,0.03258179181949313,0.10412135154342296,0.03448940816163513,0.05592090681409353,0.13761502796888667
SAMPLE_03484,0.9992914403119172,0.4538511324064203,0.4005525986487805,0.6614652792545743,0.4822744984635124,0.060054369410568624,0.18248848570828624,0.5350462646784995
SAMPLE_03485,0.6947607699116954,0.18656806823456715,0.21611475852686554,0.297463689454418,0.3758096943440114,0.002728853135817739,0.03924558053392257,0.3198872777730772
SAMPLE_03486,0.6039829962407914,0.2151188784617831,0.1915506469649538,0.3422510321328036,0.4243875123571584,0.0006134907664526475,0.6743447597560893,0.4318631613062522
SAMPLE_03487,0.9987456050685125,0.05115982240943167,0.058475656414700684,0.04713734761097557,0.049632920707691736,0.039374506781195535,0.0520509760527228,0.08812282793530589
SAMPLE_03488,0.9306407125370914,0.10374382371652735,0.16243139459049058,0.6623103041179774,0.4283991973837615,0.0020418542628725376,0.04039611103850425,0.3380634880389239
SAMPLE_03489,0.8815448140115275,0.1732447142018436,0.16932132415728685,0.6666464199278316,0.1413454405569324,0.002135435535493259,0.048149145483513234,0.3371114312250411
SAMPLE_03490,0.6386728501522779,0.17314074465765802,0.21657587266214637,0.33913492061170997,0.13644626106260385,0.0008224547908904385,0.7082773211739021,0.26211877625177366
SAMPLE_03491,0.9993094813407083,0.31219783852835237,0.12961486099678826,0.6641998984663585,0.2337579566764285,0.018080204745612168,0.09088115260792222,0.3778257426033758
SAMPLE_03492,0.9987198720461262,0.03496102201083263,0.058745996718386345,0.4137918317688308,0.09141007950476947,0.007813308205983506,0.022141519468890675,0.18848372157927853
SAMPLE_03493,0.9994970932537163,0.15459416978270143,0.38768079390313287,0.05415302218328689,0.3522411242737001,0.02950985285237323,0.15951821169752955,0.3560544496479045
SAMPLE_03494,0.7017104103586768,0.13180434846391778,0.10212187831659258,0.8591906595843307,0.25984308169107656,0.000782620570828515,0.6729170673191915,0.38815578770238607
SAMPLE_03495,0.9994724475686457,0.08537330965611861,0.04448109137787882,0.019280439490086506,0.08044119660138603,0.009928672889422677,0.06370690436954268,0.140762900005399
SAMPLE_03496,0.9993058160842111,0.05076852193533751,0.05628887603795916,0.1276083233729367,0.09651750903318802,0.01276981465582236,0.02275527981337717,0.14868078287877884
SAMPLE_03497,0.9988482194355855,0.2771072615898445,0.3669854501575173,0.6320941250689831,0.1852856407802359,0.08485357544421539,0.05408364776092591,0.23430059532177616
SAMPLE_03498,0.2002404044524523,0.18563888090418956,0.16968980908150932,0.35297580649759874,0.19481782685379176,0.0005184304498342534,0.7469059482761828,0.3952756681506198
SAMPLE_03499,0.999380252184869,0.158124528432675,0.1606592445221979,0.6677431273808182,0.17859630541926294,0.012205506581550658,0.04219269620860131,0.34729222134856347
SAMPLE_03500,0.9994991137807768,0.03819173638787967,0.09407209913035271,0.08295210475361788,0.13028262998042658,0.005747133462303114,0.03835503308411073,0.0760422047110202
SAMPLE_03501,0.9244745877371178,0.18999154446876002,0.1257476246455579,0.6664618313935721,0.21483317913184966,0.0010976078524714437,0.0168621997745164,0.3991122676229894
SAMPLE_03502,0.9994070140710819,0.2883234838743867,0.2909579039271885,0.11713166519783047,0.254275699660602,0.18402086969888234,0.24231281889983458,0.23928242363054442
SAMPLE_03503,0.9994775009305344,0.032306275772343886,0.10355125443901715,0.03599409982940093,0.05031086055715297,0.010429068289329413,0.04348713505591436,0.08634425977257369
SAMPLE_03504,0.8600930789509217,0.18791237723038923,0.09939335568781292,0.6663980852162193,0.1793626905589449,0.0019057007566619332,0.050825225877714576,0.38585497611785663
SAMPLE_03505,0.9991497278278483,0.13117198625309182,0.19231785729350495,0.20091092519138776,0.25718257470255035,0.018247971313176452,0.141838477823004,0.24589768457935265
SAMPLE_03506,0.6345523281356452,0.049929538678909986,0.07725525440826571,0.47664223429335834,0.04295744150471493,0.0007305098439039995,0.6880808393128383,0.08000977177360076
SAMPLE_03507,0.282832563972544,0.04934808167326248,0.041473632393033665,0.33901996712969407,0.16741704626166345,0.0005984676192609654,0.6733200749266604,0.11416953328033828
SAMPLE_03508,0.9995224815585786,0.03334951769211809,0.058354564066750825,0.0745935613751519,0.07962701471228957,0.010039998554100238,0.028767982156933866,0.09810637748423778
SAMPLE_03509,0.9992423694742808,0.0629040291343585,0.08281663418245239,0.013834023877457623,0.07005927442569311,0.014194554960406577,0.04410411251113064,0.11322999225832962
SAMPLE_03510,0.5796110139702498,0.1474989357985729,0.18702885055222682,0.6825726735095653,0.31586868894140313,0.0005488134581941105,0.6942896541158131,0.45038188868588835
SAMPLE_03511,0.9994143711914859,0.11666699775023016,0.02106864071801,0.1779072236789562,0.09942221816143075,0.009294040175188261,0.015251216773489144,0.12637729283211707
SAMPLE_03512,0.8405201558971709,0.43421736139860645,0.15145002020698553,0.6698243505884829,0.1462062461948321,0.001974837825657639,0.04968952396518156,0.4031611020268873
SAMPLE_03513,0.9982105663623079,0.13393603826056358,0.42149563026568276,0.6707267121353261,0.3595368570171811,0.018556769831422633,0.10102469138723826,0.35589833930911663
SAMPLE_03514,0.999483770742399,0.03396359855771747,0.05545038594999077,0.014703053682362502,0.09296342811340942,0.005905597022438438,0.047590513903565446,0.049876307290716564
SAMPLE_03515,0.8897228378656626,0.20406243224918144,0.32759718786613085,0.6641429135980667,0.2674454193254766,0.0011349488771123615,0.08343305787875194,0.5260184503873018
SAMPLE_03516,0.9993862598426327,0.22129943172762015,0.33230385272369234,0.21706298129422483,0.5909685970434746,0.020071222596860835,0.14763887306499768,0.6157115040055201
SAMPLE_03517,0.05508842449866124,0.03496033022797546,0.03739885528128066,0.34925102556088977,0.02819294451092566,0.0008038048482308705,0.6794055101523401,0.06651627546060362
SAMPLE_03518,0.24083070119178693,0.05441028545247554,0.03259775890250019,0.415451556276005,0.04055684616101817,0.0006442340816264518,0.6720448276065828,0.10219276011283089
SAMPLE_03519,0.9992298172957143,0.2196912424522851,0.2540390564614867,0.6678440008106619,0.3015851538146776,0.012552043773748899,0.05425189343299152,0.49435098973716673
SAMPLE_03520,0.9677235617662673,0.549575097682476,0.21645190692896413,0.6661454673455364,0.2965608531240053,0.007950878339997051,0.12210431105213183,0.5151548248714098
SAMPLE_03521,0.9993827618683094,0.034971361352779125,0.05981458913938505,0.02802930206952471,0.04350524564902888,0.00950246246088494,0.04392049289276031,0.10930641699645299
SAMPLE_03522,0.749057000575982,0.09547353766043286,0.09128151549723479,0.3449100033172512,0.03446114136722684,0.000653834362949203,0.7002177320165456,0.08753407341965856
SAMPLE_03523,0.9991567170961959,0.7861204584996013,0.8840058342270956,0.6816441776676125,0.8677523644047881,0.2593659592985934,0.2897662491973665,0.9709150907602379
SAMPLE_03524,0.9995334744253657,0.4605093070724278,0.032678186406361456,0.2739003081598838,0.20345455186075942,0.005512926696870695,0.014585135676915927,0.1507055816170639
SAMPLE_03525,0.9992842344728775,0.6028141711955182,0.36393202363428223,0.7276392099790315,0.5428065178770737,0.17226809832744663,0.1198718083340866,0.34636218027852467
SAMPLE_03526,0.4735767410761449,0.05439608301044166,0.05085408043477748,0.996009877342403,0.04556473367760452,0.0005984380450607562,0.6731171683739552,0.341799987743705
SAMPLE_03527,0.9994627169744038,0.2987375607740593,0.1560819471411848,0.2228273913392637,0.26640036582375065,0.01593604005405498,0.06645364916298065,0.18504580769373882
SAMPLE_03528,0.9990888121080458,0.15315011916123683,0.07943124950098214,0.6641707321405502,0.09727054251697764,0.02048378900553299,0.0318884351312305,0.3580372304543948
SAMPLE_03529,0.827548408053881,0.1789408517325534,0.216042661288262,0.9964625558918225,0.5912208557044848,0.003381939475789575,0.7279150640528568,0.7577817558216778
SAMPLE_03530,0.9994269928700351,0.08178627554295359,0.08642185963735059,0.010448693726621312,0.08167540877846663,0.008250597946627868,0.05983935294419796,0.2013207227019307
SAMPLE_03531,0.9994121167367395,0.1985596504121924,0.16226937986633952,0.04187544381546098,0.2862488122172081,0.016948837721300642,0.0855607568309751,0.31404618746995944
SAMPLE_03532,0.9992788416603678,0.23552582005449652,0.09695284864862051,0.666938511733115,0.17595160995495052,0.046534671857043276,0.051912394794887545,0.38874139199543367
SAMPLE_03533,0.9989075796328669,0.13905411424336275,0.40648935266220226,0.6510218128634492,0.2733504563318944,0.07567984891338453,0.05279609875319723,0.32119247599462825
SAMPLE_03534,0.4702695840052968,0.17315229309420319,0.16812712439931646,0.9882688800738189,0.4081470846551985,0.0007821090799903996,0.7273268383686754,0.6041494243482823
SAMPLE_03535,0.3172284694490984,0.07093356734422888,0.06527904923356351,0.3355236260793799,0.04549903324503216,0.0006295122871335827,0.6730737012074325,0.03271368749331214
SAMPLE_03536,0.8826165513878313,0.15702170614581543,0.16206470642225324,0.6680043750190053,0.33942250055876827,0.0023274869907147426,0.029141308010731642,0.4885238404428544
SAMPLE_03537,0.9990131359204762,0.43215134355550305,0.23706312984942102,0.6736960123726029,0.2806050397174135,0.08022014140050197,0.14478210837934713,0.350746257772864
SAMPLE_03538,0.6158708044717959,0.09629165230146271,0.12504893887411347,0.4370840522082091,0.21878374755114727,0.0015505299308317848,0.02412042136053942,0.27571240502493694
SAMPLE_03539,0.7795302859691441,0.29497266204815353,0.09345826528795337,0.6667267942094114,0.09640047932592126,0.001413694167472628,0.041448685622832444,0.348689658466982
SAMPLE_03540,1.0,0.7605721223795721,0.7352909233697603,0.9986899115515312,0.40870335248023126,1.0,0.9995676878160867,0.5074985878230872
SAMPLE_03541,0.9993782511250702,0.3480861175471301,0.3314979355051649,0.4466140376534764,0.2168892274843166,0.18891144422807213,0.21888206098751764,0.2852755120351845
SAMPLE_03542,0.9994071112287982,0.5683736531411766,0.4744719950406781,0.6667541421833852,0.4740832960423768,0.017779402195664335,0.2280880701233892,0.4639060857736606
SAMPLE_03543,0.9994415078351443,0.09110489930753057,0.10237037282773769,0.19057422071222027,0.08455003214479741,0.009704147975498451,0.07744159059801257,0.16250909547346107
SAMPLE_03544,0.23711070979793983,0.0620289705182869,0.057407386812326676,0.35168085123093856,0.06791495393242862,0.000638518285523629,0.6793546766894433,0.11464067236953908
SAMPLE_03545,0.9994556219258098,0.08278300712623314,0.11287763929977036,0.022907973508695462,0.2218982134934646,0.01006386207405295,0.13005410714971283,0.1479903140469885
SAMPLE_03546,0.9993219258652252,0.05262466342917499,0.13624404477663454,0.015157083711450872,0.050400539629122824,0.027945784383013126,0.06801940707358382,0.08072036668516909
SAMPLE_03547,0.7095947006536306,0.3263307104228203,0.10304752579559251,0.9974667427544727,0.11210813992281492,0.11086539366520964,0.7123274455595835,0.36212293735856754
SAMPLE_03548,0.9990785453081541,0.02742749803570364,0.03687263991237494,0.007770601154291124,0.06209774343246032,0.0041143241802558276,0.013186702606494613,0.048947945484668305
SAMPLE_03549,0.9987397256571641,0.12582316322672754,0.060339554787779755,0.010470983277700541,0.1404493543405327,0.01938058581091825,0.027077792852715804,0.14061448208624958
SAMPLE_03550,0.9994128255388569,0.13438552817564006,0.07147261660589109,0.022116659184849705,0.0968166811209908,0.007757100893585486,0.025266704507777526,0.13586421207681684
SAMPLE_03551,0.32768958999489817,0.07684278279090785,0.24474040863249746,0.3436755091576113,0.2543011561969609,0.000695632269944112,0.7469858970384742,0.3393935651028039
SAMPLE_03552,0.9993951694761698,0.033933812966346455,0.049473249328157914,0.017822008810748385,0.054525973010801566,0.01312649524818135,0.0245835856683664,0.06788762743415115
SAMPLE_03553,0.9994859152561925,0.11436141096262718,0.12046495049404377,0.02407098851309482,0.11581515572305341,0.05567674593941966,0.056855325918047976,0.060471901919879965
SAMPLE_03554,0.9986000284124309,0.029494205198498494,0.028831362037785777,0.012072586913512873,0.030674105721676254,0.005275719477833692,0.015435056687073444,0.034266493432693786
SAMPLE_03555,0.7801106286410272,0.04588594508067514,0.031219695198510467,0.08826042424852483,0.11855177807906057,0.002101679495559796,0.015603201850845414,0.12064748131189358
SAMPLE_03556,0.9993742493515105,0.08813219840702201,0.11437657639403848,0.08348471082654489,0.05346976500106112,0.04377579680656921,0.05007729856358168,0.07610267891906476
SAMPLE_03557,0.999161867543168,0.5125353742880882,0.2444674880310278,0.6680851854112468,0.3313245022217592,0.07995101348456786,0.13673400684453374,0.49747099520534227
SAMPLE_03558,0.9994452746511859,0.04600444716553473,0.07480330325215709,0.02126741901210467,0.05266458809754534,0.01853924936769659,0.039303706955765204,0.07784030155746045
SAMPLE_03559,0.999216646439019,0.06135140836578615,0.1036841742077572,0.010732099664484,0.06983407972014981,0.006465447565900395,0.04586044512006929,0.09802182948531997
SAMPLE_03560,0.5035835038428537,0.11783903680072216,0.14125120595282029,0.6631972069844912,0.07884469909849436,0.004160121746817409,0.039290283865728595,0.35360592002028773
SAMPLE_03561,0.2705850704931207,0.04511335659278054,0.06193464503475473,0.3562775598877677,0.05329168502561634,0.0005354219062467709,0.6899109135467273,0.055717824419121396
SAMPLE_03562,0.9993944584648847,0.07141723250344453,0.08108907453893469,0.016385424723580195,0.0813167419340889,0.005989690253922336,0.026277669137150714,0.0687588227889286
SAMPLE_03563,0.9203833602673184,0.43290218587345386,0.1919152561676856,0.6663565117343837,0.49345827511522405,0.0013391251075779867,0.08045263257072778,0.38011872161876165
SAMPLE_03564,0.9370291176984508,0.16824715671736268,0.09193278523346136,0.6656366175090069,0.17589790039439293,0.001373397028601716,0.043480783407178036,0.3533137323392815
SAMPLE_03565,0.9994903854577636,0.03910931447272057,0.038000043513044146,0.02029116922090097,0.03951421270990701,0.025524635024213493,0.03486968839065048,0.046823202612307636
SAMPLE_03566,0.9993906511429662,0.424752915437852,0.018186745368412006,0.6610528648539735,0.22202930652745487,0.01483408378977185,0.026339134497616743,0.3025416212158723
SAMPLE_03567,0.9234124205420549,0.2946229783519642,0.25141876192473617,0.6627651356203829,0.3938738165347215,0.0025336571530251,0.0463405591496762,0.6270663260513588
SAMPLE_03568,0.21584502990481017,0.09794765110315702,0.11615447042899481,0.46092671375540717,0.19524804808097432,0.00045866982980351186,0.6853974318786108,0.23608435488550605
SAMPLE_03569,0.999524532581472,0.023787068539457158,0.03780200606866528,0.015797798559150738,0.04958622422815382,0.011293156984199694,0.027510338664900994,0.0436486660299524
SAMPLE_03570,0.9995301255442262,0.12376622938099097,0.29729091537697605,0.08177429566250438,0.5768020648815018,0.013490982708617429,0.14066610550192563,0.49923688576076003
SAMPLE_03571,0.9993383268133016,0.1711931066153292,0.172346876622733,0.6597242638694844,0.20533111129032533,0.004926022321194498,0.05455532762915485,0.31943427239355643
SAMPLE_03572,0.9995043249014225,0.3862968081857497,0.15768429729424002,0.4585675639695383,0.1957286060491595,0.18473547916928937,0.05464226533926422,0.195844186713218
SAMPLE_03573,0.9952891307966044,0.11564062343007114,0.1555233104608918,0.7006425518541475,0.17543504354613157,0.12397674633793314,0.04082974099842663,0.35553077917489545
SAMPLE_03574,0.05677572495998381,0.038696072225907964,0.02845215963396974,0.33775732239255546,0.0245578118720983,0.0006555135187700914,0.6726038170504851,0.02933193088986043
SAMPLE_03575,0.7000298694263418,0.12118753945669303,0.11618239750862998,0.33999782402374445,0.17773714007694585,0.0006492657738950228,0.6800531759818281,0.2578647352179712
SAMPLE_03576,1.0,0.9635691107538852,0.9353750675735482,0.998857324286725,0.8926162931753318,1.0,0.9996998035155885,0.9156722729027195
SAMPLE_03577,0.9993310418948699,0.06554812470264475,0.04939434024419706,0.07365656563357419,0.09775018195083303,0.00596555537033663,0.02494983230949689,0.11984605579119077
SAMPLE_03578,0.9993743360863854,0.039233015616035566,0.022122181183684534,0.07418492390826321,0.028922048684509566,0.02298334383749812,0.03062470709370564,0.0956426776021862
SAMPLE_03579,0.9994628080441316,0.051370124279994545,0.07938880344956116,0.01684268507152791,0.0613337238354934,0.00917855542725112,0.03913089970383824,0.11696104273758956
SAMPLE_03580,0.33165194192502884,0.05062854184992097,0.05045068899235335,0.99743347621208,0.045722092893228095,0.00046334444453165956,0.673445551364349,0.34799467175460447
SAMPLE_03581,0.6089983552665992,0.15726756009099052,0.14327533110990126,0.9980868765784779,0.43047625099667924,0.0004912432000790155,0.679165621092995,0.6796611648015464
SAMPLE_03582,0.9657531730564006,0.2968428795821118,0.1894672396795478,0.6661424183522953,0.739988499149752,0.011929943172450538,0.1057173253465294,0.7574688039041777
SAMPLE_03583,0.9993342966569925,0.12735926439765433,0.16281234653653873,0.05498217441411673,0.2757225990594935,0.20613813520007374,0.043385398850703805,0.20780915980369105
SAMPLE_03584,0.8531557717814922,0.06978347864796426,0.06137690896042639,0.21563324710010048,0.0964259951596476,0.0018704958352369183,0.02037856427914528,0.19139872043487127
SAMPLE_03585,0.9994238197999414,0.0312675029004878,0.04071712209813157,0.06501556120042666,0.08237150724791713,0.006897050429244193,0.030366446090705712,0.11758096511195308
SAMPLE_03586,0.9993829727483562,0.025592791029639583,0.04413093602492485,0.011281354369729678,0.03562890704047635,0.004627545342860738,0.03458077081462428,0.047493570760890676
SAMPLE_03587,0.5353889444861123,0.2057395038744073,0.20310715619330352,0.59574433828911,0.38747646808462816,0.0006560619109972904,0.7543834430132916,0.48117728336893184
SAMPLE_03588,0.8038253613596472,0.2801006352146981,0.5863177054776659,0.9574198739521824,0.672486276767872,0.0005504127607255,0.8294144918289525,0.940323550753051
SAMPLE_03589,0.973381463797948,0.11117321455124757,0.2124374531429124,0.6668008851400103,0.43129774638164076,0.0022786499628222674,0.03198317860922809,0.3560660283847825
SAMPLE_03590,0.3005023672567812,0.12985541523907948,0.13246129944710322,0.3414695280476496,0.20750264014317654,0.0008969000552551924,0.6727261359380616,0.1368179443624967
SAMPLE_03591,0.9250753438322722,0.12845786250323463,0.20589186354057146,0.6608844692837318,0.402126844304265,0.0015807834007893534,0.04720304289758568,0.5518443668316908
SAMPLE_03592,0.999354339445596,0.09526125491941674,0.07677303591764076,0.6660135802805123,0.09201983273079262,0.020801042612726774,0.056007064113167145,0.3397709112566283
SAMPLE_03593,0.9992021016652183,0.11973976454308165,0.08727759851576294,0.6531350471608687,0.1254296383527377,0.03649477164068804,0.028974724639644,0.2582506933687266
SAMPLE_03594,1.0,0.867760599279595,0.8751075966590921,0.9989580917196115,0.9199552184918867,1.0,0.9997797873902078,0.8819459431888008
SAMPLE_03595,0.5557556824764264,0.2930504567878211,0.2076353219414131,0.997080129388725,0.5944754293939163,0.0005229109305186844,0.6898828620477765,0.7441781502994145
SAMPLE_03596,0.9994810400412173,0.047013339719415376,0.05238871180328486,0.023128240296147764,0.1524667014087079,0.007789748454026052,0.04019382296598053,0.15583276073768468
SAMPLE_03597,0.8341357964396604,0.12884731142564096,0.05309314379152844,0.665426051868046,0.07470936736373135,0.0014216613136678526,0.028773721748123374,0.34008130435557193
SAMPLE_03598,0.9993959670284348,0.03708380732989718,0.04224466384693504,0.01708225110731804,0.11403413529396407,0.004401584052097037,0.014425344151214563,0.060077503730933124
SAMPLE_03599,0.6825999677493112,0.16686024980834493,0.21653135715290486,0.3476033545613734,0.4223194498299454,0.0009415507299183378,0.7535209064678062,0.4134141781528445
SAMPLE_03600,0.9994120944047206,0.14557466843337272,0.14001696273412764,0.1466690587887307,0.17657829532458977,0.046490708987736266,0.044622554593051256,0.3945907222661012
SAMPLE_03601,0.9138886962187153,0.178888632818744,0.27501259398145006,0.6665576429743768,0.7278937726556745,0.007149247888693544,0.05445189790489668,0.5598323635466927
SAMPLE_03602,0.9588672348516818,0.20771699053253936,0.20114541834456637,0.6592813898283805,0.4262469122045443,0.0028454204500915317,0.058339146585433245,0.6412486142997001
SAMPLE_03603,0.9993851191444931,0.05605600787959467,0.056783389058594626,0.06747463610729988,0.06245212941644975,0.010541236539580988,0.038159928328805416,0.0935101419599701
SAMPLE_03604,1.0,0.8995744244363425,0.9061024992583789,0.998659795005886,0.7600314822794432,1.0,0.9993540281995675,0.7601801208620341
SAMPLE_03605,0.9554032629329554,0.5838575733738167,0.4169472284570803,0.6665582925210168,0.3138600862126854,0.0017946848876848858,0.1731689613883044,0.6077911276483371
SAMPLE_03606,0.7456905823562835,0.12812471596432276,0.14222383632235355,0.862008819595856,0.18434569762825506,0.0005599088410229951,0.6892267302878871,0.35209298103456876
SAMPLE_03607,0.9994546720340117,0.022125493515385775,0.03488511759879257,0.0177930309938496,0.08660854747261619,0.006345751689359778,0.016704012123752138,0.07796559805768616
SAMPLE_03608,0.7451926093210147,0.16175248716133647,0.157324770628658,0.6803028664255915,0.13448581737289647,0.005813810342642727,0.04053818697257446,0.39270481807467644
SAMPLE_03609,0.9994388708145806,0.03951011497631896,0.04555858286291111,0.039087711666927635,0.05002893797449742,0.010783820485092263,0.0174254316909131,0.0829655110570753
SAMPLE_03610,0.933230261244522,0.19738208696903314,0.18036289177870923,0.7098989452270067,0.3352355318409885,0.0367431507308535,0.0773266483611884,0.3224364773419787
SAMPLE_03611,0.9995006102320575,0.04872520051027134,0.08351137212449154,0.01443777013887119,0.05761202265001405,0.012174888504351,0.03645517936955959,0.06659235083156685
SAMPLE_03612,0.9993702552155025,0.016612984215418212,0.023947611537018326,0.013131021262276605,0.028005098804613573,0.006871045156347258,0.017816276297251556,0.035743663022595906
SAMPLE_03613,0.9987579245519091,0.22545500342737315,0.2786628167757661,0.18670609401536667,0.16500851042809297,0.03579319426065285,0.06523751040944238,0.248033355156026
SAMPLE_03614,0.9989045486286878,0.17944291538011056,0.32859397271529295,0.26652509269732455,0.26760973167702207,0.18621956574457366,0.1524197746848985,0.4159569748472201
SAMPLE_03615,0.9989349723830712,0.06650904166078157,0.0683322954523868,0.48669724834917966,0.054555101406785746,0.02254962419476439,0.07204336973601336,0.1637878266143036
SAMPLE_03616,0.9993065188106804,0.3005984704456143,0.1890793210815758,0.09269731045724687,0.19170082093303234,0.149934889987383,0.09961823012192877,0.15061387791563197
SAMPLE_03617,0.46554084224129183,0.05864015662641639,0.05247650934575935,0.663099310335215,0.06247912437961008,0.0014063892363190753,0.03528523504947026,0.32404747188231764
SAMPLE_03618,0.9248762716385913,0.18102849789607292,0.1511775894889049,0.6636223188587586,0.42541520232116303,0.0019603122728525705,0.030010135944573368,0.385291732004809
SAMPLE_03619,0.9994014876289384,0.46706046936289863,0.5644613295262335,0.36520751595979856,0.7200302415296916,0.1612738893112405,0.2123241571944214,0.5889624818143738
SAMPLE_03620,0.9995124117958433,0.044897397119634086,0.04663089127290915,0.02731835908797253,0.04426779175820916,0.020610608701776643,0.024975033083262908,0.038730074272156155
SAMPLE_03621,0.9988988683517848,0.1732767740948832,0.09879418018999427,0.6559706539514478,0.14859594565145726,0.019983265850067423,0.03339417380119812,0.20278920229075434
SAMPLE_03622,0.335638245959262,0.0633094392393599,0.08001506529857653,0.34093644593865774,0.03995711997349028,0.0007581695810810189,0.6860052844115963,0.041867167370347645
SAMPLE_03623,0.997981598890007,0.3725456963297285,0.17570476660466836,0.67010802496503,0.19074859870122773,0.022998767019982862,0.06309945709570551,0.3278910005379296
SAMPLE_03624,0.834256649880158,0.2320234178657774,0.2581845316319606,0.659390886422161,0.5100194546894621,0.0015462834131463757,0.10678199772754408,0.3957058280075259
SAMPLE_03625,0.9184904661368499,0.39305995251738285,0.7298077120918612,0.9984637898884933,0.6192756522435062,0.003860133687824254,0.8453389957172273,0.8553166824398163
SAMPLE_03626,0.9994801729589171,0.0780589867337055,0.09557850542809654,0.43556205248413243,0.1320816808331759,0.0376294745505032,0.06100279683942922,0.19816953416479854
SAMPLE_03627,0.9994534015554657,0.3613249353829711,0.17852421151339726,0.6700271213726773,0.27148526756633523,0.008531022425357233,0.052642894757727765,0.3373918433810232
SAMPLE_03628,0.9694304852595286,0.7683947525946154,0.5545138061864793,0.9193775983949686,0.5635446954212329,0.207188842376429,0.8142943364287345,0.6596120758592587
SAMPLE_03629,0.9444468207140582,0.5246455581722469,0.7832692059463783,0.6623028802907516,0.5324011535380351,0.0016768624293058056,0.1707891758339145,0.6608309599231839
SAMPLE_03630,0.8315886367420852,0.05490994528792065,0.04940553600832311,0.6692021180212073,0.11879640771524443,0.0068959243296214945,0.01624075586236567,0.3385541810267895
SAMPLE_03631,0.9402014571327398,0.06133021028711877,0.04748774899729804,0.6635788416352751,0.13238649622721407,0.0010881002776102118,0.025434784682741445,0.3577149725100129
SAMPLE_03632,0.7539893651007441,0.2573968677289331,0.04922441085230417,0.6674046254671672,0.07581497597208164,0.001143255160253655,0.028879991679968856,0.3549324440986661
SAMPLE_03633,0.679440671521682,0.1304659521500938,0.11801691127124753,0.9798238366042308,0.2394393096664114,0.0005467281395338722,0.6767759065156379,0.5501710626684395
SAMPLE_03634,0.999411745069147,0.06269514506931594,0.08236978021614015,0.01614524876811795,0.06078777724517918,0.01846088930023417,0.03261018434032078,0.08953688466126287
SAMPLE_03635,0.9994401214518254,0.07166303873459177,0.10501243695260398,0.04010575222007119,0.0762824415474491,0.027510250620766934,0.11374496675099412,0.12419398553409432
SAMPLE_03636,0.9994753860845155,0.2661248034582301,0.06130651253772853,0.2588340084353205,0.22135464798629365,0.019552835963736744,0.026102032153001872,0.18624440269590384
SAMPLE_03637,0.9993185505344298,0.30164571087567454,0.12544285528555196,0.6682375046513108,0.1907332434383061,0.021196874696967263,0.06160363042936647,0.40322962114269684
SAMPLE_03638,0.9994932091580676,0.019005308128079646,0.030372989316406765,0.01809246048489842,0.044043880135130574,0.006416355641675523,0.023239986697800707,0.07753643228421221
SAMPLE_03639,0.9995328902321526,0.036078595649087615,0.037149720999426664,0.01106887770854621,0.09136052496226647,0.010655823638520643,0.02393427802154771,0.03467738105628084
SAMPLE_03640,0.9991807768562954,0.11579938779757214,0.07457411146071144,0.6697577054678252,0.09645937925794006,0.026667996449371806,0.053882204636500536,0.35042319212826517
SAMPLE_03641,0.9427623787783457,0.627255759279621,0.5114235207666343,0.6670290391804885,0.6435171730431218,0.0056140013223429696,0.18558379563337288,0.7408822097894427
SAMPLE_03642,0.07763215023114955,0.07433488495153927,0.04831397389603461,0.35057502816565256,0.14624879662949994,0.000817372538185645,0.6719111248859817,0.0673823583958778
SAMPLE_03643,0.9993621967533763,0.1670004377912048,0.17917809400037696,0.02269093365423565,0.12292033936106998,0.09751051667363957,0.11013636461881106,0.12825876389868188
SAMPLE_03644,0.7113059725880534,0.11250620196113557,0.11891860798213544,0.4347703448920955,0.09984685516363574,0.0005755159111457538,0.7707777647318464,0.103209529652588
SAMPLE_03645,0.9991251278271935,0.10856465168193817,0.07014780019941066,0.6692291621026443,0.13332694802962522,0.009088479111094772,0.04031453507061279,0.5007972558902625
SAMPLE_03646,0.9991808130620962,0.024816323947680935,0.028804766233443066,0.6623910485264685,0.057074636186762735,0.009662960562717827,0.03323664872664856,0.32322073606970125
SAMPLE_03647,0.9993307758122735,0.04790525075854155,0.10976821865236473,0.0172665437489505,0.11704365049655076,0.018539861725326123,0.040090959205911395,0.0793467663819582
SAMPLE_03648,0.9994375637577569,0.060200906703866075,0.07514963652876445,0.19460782190473921,0.06284202580412983,0.02515578557975243,0.034756922482253434,0.12284138319828798
SAMPLE_03649,0.5059141771063969,0.2507342247121655,0.18394448078329484,0.6611458730291379,0.16211939978138587,0.00247647686718189,0.03961532232211897,0.3284158703326729
SAMPLE_03650,1.0,0.8675716605856877,0.8375895720369142,0.9988777699726672,0.6308147697317116,1.0,0.9996898149581462,0.6956462157063261
SAMPLE_03651,0.9994250062181131,0.05043027652802264,0.0499418960720989,0.010183324990595446,0.04277766699017349,0.007509302864782428,0.03238510287496917,0.048931849634655154
SAMPLE_03652,0.9549174437108275,0.1295060268288898,0.06076258755243243,0.6659984399629723,0.14898274838885023,0.016205195255052336,0.09999763054242482,0.3299937396786123
SAMPLE_03653,0.9995067297315412,0.04684218461199524,0.11252333098556054,0.05013008645792846,0.13161658507503712,0.005010607834271137,0.03396328358268968,0.10744703386669131
SAMPLE_03654,0.79307602759679,0.27321261936072583,0.06144506369184163,0.6671321127481925,0.10208424022473749,0.0012405223145585534,0.027376837549515403,0.5026158261716033
SAMPLE_03655,0.9994321068801085,0.055183295820003565,0.1131045079115121,0.01737438784449231,0.09384274367928265,0.009523890564273552,0.0397762922263007,0.08124136438425172
SAMPLE_03656,0.9230709589628141,0.39857165142574075,0.6039357452108245,0.3423337985662358,0.8186580962634579,0.005934285057310996,0.07974424843542573,0.8146152215211383
SAMPLE_03657,0.9994102375009537,0.05322794044461605,0.058802076719336675,0.013744872329007623,0.05543598267493124,0.01578672613995766,0.03133346392973288,0.06033179272912668
SAMPLE_03658,0.999445089049272,0.0538322009779594,0.06877454325553427,0.023671603938021802,0.08740369389146228,0.009369386199451745,0.04945052216458896,0.0887265265652904
SAMPLE_03659,0.9994953693571146,0.1243537439861145,0.11105306160645512,0.5159497531618459,0.15221493991157864,0.03298760887110963,0.0564179534418681,0.3011201978984794
SAMPLE_03660,0.9994460420718368,0.11607431500459509,0.14610499270982194,0.014230971380891175,0.12838765025170623,0.020991780449447797,0.08263318966255716,0.13696319047206518
SAMPLE_03661,0.9994542146074111,0.014997755185905464,0.01873706104397088,0.005499018732820463,0.026949035858944273,0.007893481934586936,0.01621233124424874,0.02243511309580672
SAMPLE_03662,0.33353974457573815,0.06524026421966668,0.09270988293239368,0.3506155092771857,0.057677072770281966,0.001024414594750889,0.7106608930781935,0.10149254131213274
SAMPLE_03663,0.9196225601792225,0.3256041312511964,0.4809920646291364,0.643947087020102,0.6913390439021615,0.0038864626995935955,0.12498430003716798,0.777672870391358
SAMPLE_03664,0.9994816719048597,0.021146309305836622,0.03214422490080913,0.017404267166625274,0.04271011616608469,0.007807687234678486,0.03195774509648208,0.09278493517236075
SAMPLE_03665,0.9994609682679446,0.8539395933905559,0.9142938702561055,0.6844108310033418,0.8268670506122059,0.23746275211377177,0.29856641284579555,0.940915241798186
SAMPLE_03666,0.8840667842403384,0.11693979166749964,0.10959200469211984,0.6632308036655581,0.13993867997512946,0.003433915425820206,0.03032325711641524,0.34407536134185673
SAMPLE_03667,0.9640815404955797,0.27360654128667466,0.1841221090188563,0.6546800812324831,0.2789488257047525,0.0015391499159144253,0.07894688176400023,0.4090386394488868
SAMPLE_03668,0.7481055601432068,0.28911290181389554,0.23126459134301336,0.5021930015900931,0.4250415620897576,0.008159758751540081,0.6983790200572378,0.41864938377029387
SAMPLE_03669,0.9994302419323374,0.08940254985069478,0.07916821171669862,0.02304220762484803,0.07591340089965248,0.013770207915925115,0.04448418768097618,0.08274664456820806
SAMPLE_03670,0.9994413681252432,0.0155209519817082,0.01341108192100196,0.03831264910590821,0.023474666839313877,0.0034277206279683145,0.01436634370478653,0.047645450937800315
SAMPLE_03671,0.799252836373059,0.19150620379258718,0.19443618131002957,0.6665352259368249,0.5236545924618893,0.0013136342751553342,0.09591700178565621,0.49024276685603635
SAMPLE_03672,0.6812333027499863,0.12696875077263356,0.09942969509160805,0.021203157148851765,0.1586596239031047,0.0016760257521021853,0.017942104656275524,0.2976381492120836
SAMPLE_03673,0.8906371275836685,0.051813843223270685,0.05326864129609121,0.6640273168443019,0.06986014167158425,0.0014551794501183402,0.023735417769913728,0.3400377467464761
SAMPLE_03674,0.9994363939985474,0.06694437028495799,0.060007425009013515,0.09269010579470492,0.09738039780699015,0.05597180185344308,0.037365356799593505,0.09714429269425069
SAMPLE_03675,0.9994451450596297,0.026252699603102784,0.0415410221425047,0.011667935897936618,0.04365783238256787,0.017401806669650393,0.02023262824832932,0.053529641272751116
SAMPLE_03676,0.999454890671854,0.04440536655443043,0.07451641168631896,0.02672466919120692,0.08582163572874807,0.03042912295580175,0.07017807900226436,0.1138895448677595
SAMPLE_03677,0.9993334233549769,0.12746063871767532,0.16949069548696494,0.017131837050059166,0.08198254625891721,0.031790190487469616,0.10786234813159379,0.12487344812594574
SAMPLE_03678,0.9994155033023387,0.22851911990881704,0.16045662330603092,0.6685134869109327,0.3601882017069257,0.052079116437172585,0.0568989888179928,0.5249789862064095
SAMPLE_03679,0.6143414664144135,0.28842905496997995,0.4409556189802268,0.9842338885579883,0.6265570421839439,0.0004687130048458628,0.7635744364957958,0.865134939286111
SAMPLE_03680,0.9993951899787897,0.03835583928776804,0.07364047617954762,0.048814091773841405,0.04826459436173803,0.013442224459171918,0.037719054803944226,0.0917205773931059
SAMPLE_03681,0.9989563757404558,0.06743036975522924,0.10239814870155306,0.6693391711168778,0.13146055865801595,0.03174725794125211,0.04475350593615979,0.3508818155187167
SAMPLE_03682,0.8410312774792631,0.1286857410568851,0.08906224963152264,0.06449692042087653,0.16877900799482737,0.0027760676552905307,0.018375468974072297,0.2297894676209986
SAMPLE_03683,0.9994110675160712,0.23569281097578074,0.059443132349837814,0.4885713877788116,0.09774448574713546,0.014512207858127665,0.029137552008931283,0.12079938434242306
SAMPLE_03684,0.9994065282065633,0.02799355574570955,0.027873103998824575,0.010848705966723887,0.054554609453799356,0.0141760975366831,0.019175623981583657,0.03313333941829968
SAMPLE_03685,0.9994253577155177,0.16934334412153326,0.20351058231337157,0.6905003945161244,0.280383015395443,0.10335304698555914,0.17085771160065763,0.39151404188108135
SAMPLE_03686,0.9444505115873666,0.5514397693167223,0.18908795008910004,0.6672983834820877,0.7388690833905941,0.0113397308338438,0.050970681687350285,0.5010824933682178
SAMPLE_03687,0.9995190058223464,0.041730448934736215,0.113841115996907,0.014347153462460563,0.07727241727709412,0.014611552614805205,0.03774016081178522,0.07014423309374206
SAMPLE_03688,0.9994438369430781,0.09233641216484323,0.0738192042457426,0.014444181667383446,0.10099332285101037,0.016228730202144586,0.04828991418415452,0.07622225975986917
SAMPLE_03689,0.999349492606525,0.023246085729888257,0.04627437946331255,0.017646584815163745,0.07374118268447134,0.014814743162281202,0.036635537807624095,0.07482786471580732
SAMPLE_03690,0.9993933968358869,0.08053889667004346,0.08919016096659867,0.010538844334473876,0.05583772722757865,0.01535719742912238,0.024914653482878798,0.07013245433402736
SAMPLE_03691,0.4314357734486971,0.35538960075493803,0.2929359245990919,0.9967758877638633,0.6142337078799741,0.0009807800002488416,0.7502169094032861,0.8792074498184901
SAMPLE_03692,0.9994484338059254,0.040310310259654446,0.04226945937278942,0.08430152852191618,0.1046041952465792,0.010439113085646864,0.01730398282002238,0.13165616727589088
SAMPLE_03693,0.9939254642616201,0.6207722144959898,0.5400590619879702,0.854225096383039,0.7871627245996087,0.27148117297554947,0.40151680689705477,0.657741404972261
SAMPLE_03694,0.999369928679139,0.055202488540746504,0.07337746369784061,0.01356160329845151,0.06641648615174328,0.03265550743065853,0.07594953062306899,0.061077960625153326
SAMPLE_03695,0.9994228135546196,0.02544545095298759,0.06486055126732215,0.015261565903715343,0.05663440449380633,0.006483918003980818,0.03980839280431505,0.057113244992635946
SAMPLE_03696,0.8484719537960616,0.1667528461312511,0.1701048518252242,0.6675655034387208,0.28824553964396066,0.003664560820597379,0.04911953370717983,0.49860962233613915
SAMPLE_03697,0.7349657475460565,0.04093027269805243,0.04887207287270149,0.046990378067724076,0.11559800325849894,0.00735799472670745,0.036846876781516304,0.12566507662545112
SAMPLE_03698,0.6423713147667085,0.21560623916380675,0.23333231947561392,0.014735654970049647,0.21408432499645969,0.0017004426042803815,0.030669220857259854,0.25844069272995657
SAMPLE_03699,0.8957090496692861,0.38482541035817325,0.06429900396509208,0.6658582414110693,0.10110063792069938,0.0012669764546084197,0.01976599120741618,0.3517494580968086
SAMPLE_03700,0.9995368907596642,0.020189246227410387,0.026794257429531187,0.019230475640777008,0.04493359198599445,0.0077777462468529325,0.03701469674610665,0.07744945287748282
SAMPLE_03701,0.5554457642438165,0.24158358753098863,0.21917069182022877,0.6677463902427405,0.16163013356119293,0.008705497943157727,0.175668033429497,0.3610636956217201
SAMPLE_03702,0.9993833470036734,0.271466939429358,0.25214520617289193,0.11949347566879172,0.1991902523645355,0.07041336466118907,0.10762666113839696,0.1841244429275838
SAMPLE_03703,1.0,0.9745578841099906,0.9737117673327674,0.9980409173102642,0.9691380181113619,1.0,0.9997046046125807,0.9661944540303512
SAMPLE_03704,0.9994943319192564,0.16050465659830146,0.16555486151022433,0.04245291231469828,0.5790647408259523,0.041887441307755076,0.05877940784680797,0.4891079364230428
SAMPLE_03705,0.9724187820229607,0.3895537930774684,0.25082863202818245,0.6673851319863783,0.38023570333217666,0.004241001858509595,0.1966796337907849,0.5165487453425893
SAMPLE_03706,0.9032114191486958,0.22908807279045326,0.061739940709015693,0.6664211510306014,0.1796815422034407,0.0011693241800532627,0.08233199821056912,0.3544349201758639
SAMPLE_03707,0.9994202443484981,0.0346694487815325,0.04809613343866573,0.018458473598291673,0.07088332313077048,0.009277452969628026,0.025088543650918334,0.062055696081873786
SAMPLE_03708,0.9303495890068398,0.09640569251649252,0.0932160787056684,0.34894660900552005,0.05407456858768336,0.0006995747916024934,0.6808748844185589,0.07523122716030192
SAMPLE_03709,0.9995217787745113,0.6216649376442085,0.0710269203108585,0.5587177556934361,0.18481377068888913,0.0163923583611593,0.028566626734887135,0.1884723372534708
SAMPLE_03710,0.9994193637396078,0.032040600891910055,0.052690680294475524,0.012349802300317259,0.053687586790295526,0.009705258921968907,0.03131298712517786,0.07193948651914121
SAMPLE_03711,0.9466402323793623,0.7030089231082183,0.2319572008097325,0.6657451201007293,0.5816927421109296,0.0012367857890554822,0.10205968037828334,0.5129196090203006
SAMPLE_03712,0.9988269513949207,0.1723031317477647,0.10109052975318507,0.6653599935540438,0.07990424298745914,0.020866280546908058,0.03780036675266252,0.34482612730521883
SAMPLE_03713,0.9995089134570341,0.021827401854566636,0.060967249965422105,0.014178500010603952,0.039229706365323094,0.007884079974569634,0.03577900526042255,0.07025634734490256
SAMPLE_03714,0.9995534909059282,0.10137085238757361,0.4430140947648624,0.19333818026222258,0.08643464802052787,0.06587348050321977,0.13485883725395617,0.26561817022291706
SAMPLE_03715,0.9995032192384358,0.2632562656325888,0.04406260018286321,0.24050564007350242,0.12636071545124225,0.00592665332434382,0.02320672145508242,0.10085066847221347
SAMPLE_03716,0.9009016678121565,0.169151352412835,0.2204486650907924,0.6671454073069699,0.46498492904750344,0.001345857309439348,0.06863850008135924,0.677170375461816
SAMPLE_03717,0.9994465351488931,0.012241685095314115,0.012052060670099035,0.007047218777251149,0.017343841116353256,0.004389479874817872,0.016357615703788058,0.020689746176546998
SAMPLE_03718,0.999426730305005,0.023675401243457555,0.055710353259741,0.01801593340772565,0.049309537955790635,0.006199837158631223,0.03790855905644882,0.060776738311850646
SAMPLE_03719,0.9991035072560015,0.20621373139543517,0.25692009316649905,0.6697446114698509,0.5364902694779109,0.02686838665609791,0.06049765119715428,0.5830309697754128
SAMPLE_03720,0.9993692373380881,0.16935504055549336,0.11854748542710893,0.025943219867959166,0.16731836347999116,0.013760950494529077,0.14335809792969378,0.20316969710847757
SAMPLE_03721,0.46572077527181827,0.06403173744818069,0.07211930507095159,0.3371402397591263,0.05957949898622217,0.0006723119282412023,0.6740084850684592,0.035393978993115284
SAMPLE_03722,1.0,0.8478016301653161,0.8058259036442456,0.9988051264035143,0.6427674639528546,1.0,0.9997387061843908,0.7320910611613693
SAMPLE_03723,0.15250731312857949,0.04261544152796034,0.05011679400392788,0.3379003292350418,0.057290919761079195,0.0006276000355816755,0.6726940196481798,0.05237421349762945
SAMPLE_03724,0.8934809468778783,0.23443332085791313,0.24328344036915775,0.9985839759038425,0.5514758170874092,0.0008373176267979376,0.7037035478959913,0.7596455294545624
SAMPLE_03725,0.8250252217139992,0.14631794610206114,0.17571026969416048,0.6655230552032706,0.21333704132924128,0.004460927232773189,0.03671741135924908,0.34811377750131656
SAMPLE_03726,0.9977064320570838,0.07461526658480243,0.36688176901845343,0.6732224861449208,0.2620799756670496,0.022936116042016463,0.09285151744777558,0.5996318046210929
SAMPLE_03727,0.9992393974843671,0.3936649687871158,0.16990989926339353,0.2571755929539082,0.2827733642294041,0.04379508846891172,0.037491848006235916,0.19485565825764484
SAMPLE_03728,0.9413276040811147,0.12766944719301196,0.1409080116997539,0.6208222750498529,0.2175525512968408,0.001350266650883698,0.04542774546463744,0.3028364866788928
SAMPLE_03729,0.950686778374496,0.9205472229254967,0.887340296984969,0.6668733387320162,0.862207196634215,0.4299452593863786,0.23845508809379348,0.9599893318201524
SAMPLE_03730,0.9981203962394426,0.3947588763110991,0.24232465115876609,0.36476550629396454,0.7160325473996023,0.00750117774101858,0.13373922388955412,0.7568930999706122
SAMPLE_03731,0.9994539520589046,0.061972624646709024,0.10288705809565833,0.045834986090873525,0.07301682281658216,0.014220084639338113,0.029824742684889303,0.1162875439589645
SAMPLE_03732,0.9209876945598774,0.23910897085115534,0.2706984071748149,0.6506364779796978,0.6631926505976057,0.0005277437386218991,0.7119568634850036,0.8022981712898488
SAMPLE_03733,0.4487918720246591,0.22411739267872124,0.2066622613514341,0.3374148141495168,0.2913585948685561,0.0007258841511076928,0.6752209241316988,0.28131095071792284
SAMPLE_03734,0.9993246253770466,0.37899594197569425,0.3488015951929839,0.6708989113311911,0.18437851338245803,0.035394566321799964,0.17338760057267522,0.3481972453876341
SAMPLE_03735,0.9585914950681812,0.4214711926620016,0.34452555074097013,0.6598848596194659,0.811171935897796,0.005719622936056587,0.0555071534968078,0.4075395833159483
SAMPLE_03736,0.9992944502910474,0.13758622912738974,0.08863040766091786,0.6637027197632779,0.1668998154079044,0.01811311214150381,0.08628955801992548,0.38311146648790717
SAMPLE_03737,1.0,0.8191499304066902,0.8099606516255111,0.9988543261364976,0.5955396360156716,1.0,0.9993385080405487,0.6026820158998375
SAMPLE_03738,0.9994331372623679,0.028628031727359105,0.058773360663713574,0.014535255573489442,0.04363488615707916,0.00785721917748067,0.027638903091131567,0.03484375948320694
SAMPLE_03739,0.9994596707104962,0.032464081458019635,0.04044493863284446,0.01901739551345656,0.06527462304979866,0.030884246020473082,0.025205865141140368,0.11720866267870893
SAMPLE_03740,0.9987295841273828,0.1270294429238528,0.03598924670061391,0.12183821860683346,0.14259679586823756,0.017838639308311924,0.014760792147747177,0.11153944570203737
SAMPLE_03741,0.9993074204697391,0.02309050940611912,0.020930426891088233,0.008738807890072071,0.02342592310291085,0.0035117519659585913,0.015433543824181791,0.027729467940462865
SAMPLE_03742,0.999423738729693,0.07213489901603715,0.07777967037666071,0.025207464426546217,0.07400434175752307,0.014569004246613726,0.023541404775981867,0.08285422066324856
SAMPLE_03743,0.5935120744866624,0.21935893618072164,0.2705793280361286,0.023101326470522484,0.3438549760256633,0.0014492116386442464,0.046042458607828934,0.21888449303911273
SAMPLE_03744,0.6859697286481775,0.2622170407315547,0.31669533019316937,0.6647777745877265,0.42067762520077917,0.0020305214918387546,0.11351280028645404,0.5726032772059253
SAMPLE_03745,0.8748821522179903,0.1223278585977839,0.1320222144830351,0.9854827115566732,0.1460526899023782,0.00042640985425089077,0.6733723544766884,0.3950138751082693
SAMPLE_03746,0.9994980011995732,0.03625444923133931,0.08840080737087336,0.03401808994950717,0.04748555943492087,0.011347237046055001,0.04658437601735474,0.07635015821172107
SAMPLE_03747,0.9991702131807708,0.30372464055293547,0.14769920411372459,0.3165416323836907,0.1994656006598118,0.04086706270278397,0.12328295496538773,0.2639700385910508
SAMPLE_03748,0.4976635017459166,0.07592729194254788,0.08118293546307653,0.3414521106679158,0.05239638858275999,0.0012074735361639385,0.6893801338312251,0.09106912630122461
SAMPLE_03749,0.9993944681257708,0.042137548209944094,0.1000525500776658,0.02304417379929555,0.054362412981295884,0.004919362428773915,0.05899729136276479,0.12028925967737485
SAMPLE_03750,0.8176232895955339,0.3887497473820416,0.334191707106871,0.6675804520152515,0.4296305761256101,0.004910850474791491,0.11621176895933084,0.6241101542925315
SAMPLE_03751,0.7820815827961941,0.10055553992312834,0.11682871884532864,0.33686735154740216,0.3235630573292666,0.0005227801345794175,0.6838750847606976,0.3288224699436142
SAMPLE_03752,0.2805615304115968,0.06206784828471407,0.06944578385801643,0.3370366920646873,0.03667504083294663,0.0007628808800142223,0.6784307392574279,0.049202177684054715
SAMPLE_03753,0.528043979701388,0.037122990766596746,0.04072837556577807,0.4547875397864993,0.03958130414386129,0.0006455888425210192,0.6864382232175945,0.15233481979212202
SAMPLE_03754,0.04328565654890034,0.053848126434024673,0.04131563991231123,0.9947351366038241,0.03371807574878454,0.0005103748055226425,0.6711594865924021,0.33173067452826543
SAMPLE_03755,0.9989827258809957,0.19393420387992452,0.3448259051086182,0.4620527555309859,0.19496013133295187,0.2574126030605219,0.11624714185838751,0.2831832145471365
SAMPLE_03756,0.8450122443615538,0.1827586727418021,0.10452333068957598,0.6669904952242448,0.07389894915916088,0.0014982821798430609,0.025904175385971284,0.3552879949174396
SAMPLE_03757,0.999494147361768,0.04351896646704739,0.0871676824647802,0.10088568454197089,0.1874130699433951,0.006417608409658336,0.023665887578247,0.09196547754567608
SAMPLE_03758,0.9991365011014198,0.22901618789476583,0.0860552374790291,0.6680746009890034,0.16012610775678596,0.007760401639530214,0.0691178221297795,0.3469001109889674
SAMPLE_03759,0.9995198061549743,0.2808320506778868,0.024406613218722673,0.2910503843659757,0.13722799795522342,0.005987623218870026,0.02102698891870648,0.20570948804187425
SAMPLE_03760,0.985360488523781,0.6954386357534955,0.5486145886526463,0.6719739705936844,0.4483053754729173,0.007793444822965831,0.1641300983828723,0.5809114006474417
SAMPLE_03761,0.9993061459433102,0.09989280234895305,0.06533226878565929,0.17552557607268948,0.15310109513349213,0.0403305109997914,0.03005783069976829,0.19890372516660007
SAMPLE_03762,0.8862764888490217,0.12413896587398343,0.09442656659189036,0.4960340283224753,0.11570539973871842,0.0004585172223254889,0.6937235665566884,0.11527833082272805
SAMPLE_03763,0.9993764388243402,0.032560372582184534,0.05149907143131532,0.01040900767098423,0.10436954539364525,0.003212516037590138,0.016279186397379356,0.04596935902789654
SAMPLE_03764,0.9993209413045063,0.3216371444904067,0.07059706280930922,0.6723006888923287,0.105994349673941,0.02036397577343691,0.03728952184450047,0.3391554478666335
SAMPLE_03765,0.9994439697665288,0.034639472750442026,0.0476923242715443,0.03048891145324222,0.05921674849445163,0.012322248476521318,0.061156024503046164,0.13313322058256702
SAMPLE_03766,0.9995013380015383,0.33918963470878216,0.09419499491643808,0.09792398354012026,0.21491860379953853,0.01448104822619436,0.035317323730734484,0.09526560906665198
SAMPLE_03767,0.9994924604475889,0.0653659416655118,0.06842676913205917,0.014621145242659337,0.03821763508232168,0.007804457578099028,0.05544710403040478,0.05947030234514409
SAMPLE_03768,0.4906022836030301,0.029573332902695468,0.029979997573089005,0.9968302451616893,0.041555675109629577,0.0006569216080189225,0.6737055690409365,0.33463609368815517
SAMPLE_03769,0.9993683394898502,0.02745562261694957,0.040705087926862796,0.008966358803262055,0.02929661679981974,0.009793611218776034,0.03806292411648558,0.03314864713483839
SAMPLE_03770,0.42958536979044576,0.05192668574010196,0.045975938933491944,0.9990634717773789,0.06802226152553546,0.0005842068051341687,0.6728444520732985,0.35914885329346463
SAMPLE_03771,0.9993890861119009,0.07253267837233124,0.13814459605360524,0.0171338933827927,0.10109921369966395,0.018281335090832008,0.07070742181457126,0.14730664342865327
SAMPLE_03772,0.9994636442740781,0.07659144264023283,0.17570997823118203,0.23571795492149805,0.06083054642548177,0.021188033117802724,0.08891409927483496,0.17765843075895185
SAMPLE_03773,0.8647960708286719,0.1897156998145694,0.19723595269503125,0.6667113336219431,0.18365507012633253,0.003184939544522798,0.06575931829682555,0.36526693583218667
SAMPLE_03774,0.9066851445784178,0.48433319006796505,0.9053875566608097,0.6685014235198942,0.7426860443479707,0.007574691065780101,0.1874300460632392,0.9249689729931218
SAMPLE_03775,0.9993756139525823,0.09014300250500568,0.09084203219128621,0.10273483862683541,0.10086474613481689,0.03465597172266782,0.054482326293198796,0.2436597787939412
SAMPLE_03776,0.9992081598521235,0.052519847198510244,0.06339179311770568,0.015283904162085615,0.0812282038708253,0.00555810392351419,0.02495241681205079,0.06603111145644118
SAMPLE_03777,0.8835458354313824,0.05636575448406724,0.04012395362528208,0.7589480431415488,0.05127046309876118,0.00046091310505535463,0.6713025047923935,0.19798548104570565
SAMPLE_03778,0.999096727976792,0.02104369259672974,0.029094635381283946,0.02072183922567385,0.03143388556657539,0.0060531774947324875,0.02461192410142639,0.05028887064837225
SAMPLE_03779,0.9994837963759363,0.05221148971204013,0.07313472852705888,0.020816330995536505,0.14055021836108825,0.008050258134649739,0.024449064310294172,0.07347816303447337
SAMPLE_03780,0.9979696467858634,0.10850291115975545,0.15001971085387966,0.6743658072952425,0.18771753294337293,0.14490280194679925,0.08233969527423643,0.3456653124133388
SAMPLE_03781,0.8445395958812997,0.18423310333788634,0.19063884638838982,0.9953449903399845,0.5880756343341983,0.0005484299656434403,0.7002718658190717,0.8531319852108429
SAMPLE_03782,0.9689723841603245,0.4121131969316972,0.22456714100483,0.6663530752624384,0.6780758595102748,0.003263909859073079,0.05365841377113701,0.6218540008423228
SAMPLE_03783,0.9994631359432192,0.04324633677094117,0.0503727269433415,0.015148309805893143,0.06143441758742683,0.028858929400780248,0.02311905306879711,0.05297514545438187
SAMPLE_03784,0.9994486784960682,0.06845468238352065,0.1712375028608378,0.0881273196069368,0.14155588682943523,0.016494732711912024,0.09176187923002826,0.13342306856724823
SAMPLE_03785,0.9994534378116798,0.23794869374486827,0.35041294524631494,0.642001438479536,0.43613708654434896,0.008829348035678248,0.17357480440877074,0.4689410734467514
SAMPLE_03786,0.9668622492268294,0.3795392162299908,0.2002515382416216,0.6665652230126089,0.24844511497335361,0.0016637487220935853,0.10399899674354701,0.49632208122101873
SAMPLE_03787,0.9720604267056117,0.48362267933200503,0.19320884233305438,0.66662828282857,0.3530746892253056,0.0014437350793711128,0.0801659550351627,0.35366215678984775
SAMPLE_03788,0.9994535857408474,0.08291468472944298,0.04480916852644895,0.04065691824640553,0.14306677420911543,0.011927386385543018,0.018683311639617433,0.10776041106153482
SAMPLE_03789,0.9445741290340212,0.22702062018980365,0.25735124428389183,0.990492444864493,0.49575767274173105,0.018127652100846933,0.764343297510165,0.5203184992943197
SAMPLE_03790,0.8248561032491962,0.3080298432720295,0.16829778763046246,0.6670103004426592,0.1954143102343191,0.001817960272643194,0.09084472509975934,0.41542895901686333
SAMPLE_03791,0.999417600891528,0.0693912007739814,0.06984920297423229,0.010178465303764038,0.05494016029414484,0.05415674978452795,0.03693865827758501,0.05794444581004338
SAMPLE_03792,0.9991960732197293,0.11523298476535686,0.09258167860941934,0.42407699752313327,0.1350816052826457,0.02554237731235336,0.018102022364648033,0.16121973744351478
SAMPLE_03793,0.9635457944064081,0.2653729039900806,0.32009390304702734,0.6698606545063419,0.4262940365175685,0.003999994988992911,0.12571117056662787,0.6979477652296581
SAMPLE_03794,0.9448459822579828,0.29999363393373074,0.5931752110780706,0.6714009317821829,0.6286114585796247,0.0025018825834872333,0.8578660281607435,0.740498751432006
SAMPLE_03795,0.9631471771790857,0.5347415384660122,0.8451567603171014,0.9633231187874033,0.7401884869513914,0.18692631695359815,0.9052666655750042,0.9631205280020785
SAMPLE_03796,0.9994124641695036,0.747803717177517,0.8616887813000168,0.6688165188592029,0.7601339224870634,0.18817689081490255,0.24289000197855193,0.6235381864345867
SAMPLE_03797,0.7738442491986369,0.08034449088046912,0.08899256934032891,0.6704548154687013,0.34502051833537456,0.0019891335707238732,0.02024080713617002,0.5394751765113118
SAMPLE_03798,0.9988090796385577,0.04923319246063538,0.044905492629188304,0.009415157903400348,0.13324948857446126,0.004993337352640101,0.020701942153162334,0.06381123773682192
SAMPLE_03799,0.9993614562927182,0.06855466321105767,0.021096193851783015,0.1740433672579621,0.08397839764463753,0.009197825166848804,0.018099827185416965,0.1755196583896709
SAMPLE_03800,0.8349804178351379,0.3858894326234374,0.18316083394215257,0.5495635614188331,0.5438522792929509,0.002076782715590496,0.02534483153864398,0.4484195656263983
SAMPLE_03801,0.08536874083666923,0.0983106766315406,0.11243352691169334,0.33828430468377424,0.12144629728970256,0.0006503924502161136,0.673779528998996,0.1055619442714677
SAMPLE_03802,0.30139979004830514,0.18469721007335727,0.23231507936494125,0.3434901473217709,0.4953111027775576,0.0005328397305391792,0.6918008388414068,0.5103734622958273
SAMPLE_03803,0.9990614063304802,0.10962913781836785,0.07045735622994413,0.1789516606839521,0.3046394318022186,0.024124087221437242,0.02650495841837509,0.29057350022202866
SAMPLE_03804,0.9348759035761285,0.06104002357654284,0.07550700706586175,0.6673375398237605,0.17580104164431434,0.00511817772378238,0.03270834570424921,0.339902554177349
SAMPLE_03805,0.7072800827347745,0.2146426969981614,0.21154217826950816,0.012401156487733003,0.46934211183231805,0.0022344976984284633,0.03770137112744792,0.4205308340754718
SAMPLE_03806,0.9802700561473644,0.19580004686010488,0.19190929866963122,0.6685132721559911,0.4425884687988664,0.0029075209623093414,0.11231102079946209,0.6046414927788614
SAMPLE_03807,0.9995059738078346,0.06198264634868186,0.10574977480706647,0.01977750290758575,0.059262564822866425,0.02021871312596701,0.05064284688238601,0.04851033281992421
SAMPLE_03808,0.9558199109036739,0.4056620040160763,0.4415810295820883,0.6357560395308706,0.3029387583526102,0.0014344671880317046,0.09968326056882588,0.44258248821778984
SAMPLE_03809,0.9541430134429887,0.16357815483833818,0.1288473812584452,0.6671967836785812,0.18106974132854256,0.0035934894291128946,0.05176227510859064,0.34446141697328797
SAMPLE_03810,0.9989106203891609,0.01676496769139064,0.02376040941365763,0.01079189172735052,0.059004568785304135,0.0025488880672774657,0.018787497382499338,0.0455518823841776
SAMPLE_03811,0.8333355604859843,0.06919242723506831,0.10719222978395533,0.6217783441179335,0.07621182215090799,0.00047306896236026086,0.6727465290509255,0.16919448854505345
SAMPLE_03812,0.9960758799079658,0.08190582412116115,0.12748817450490418,0.6825718841461507,0.15890295206253144,0.028308819332620444,0.04934239891651579,0.3406612514180527
SAMPLE_03813,0.34946112594410805,0.11759853819014805,0.14077335878159244,0.3406635698214795,0.1365300065389611,0.000732445574694234,0.6971135608851505,0.17074822045698954
SAMPLE_03814,0.9993782397579084,0.08819289898996359,0.07231853641005913,0.09560444207028639,0.0897343295785182,0.011190041045117982,0.05425000320882716,0.1418922286749619
SAMPLE_03815,0.5067881397682988,0.06814817679779202,0.07613838271481226,0.3437708403753454,0.11994320607749198,0.0005389239688180427,0.6773749435543647,0.042190883649359245
SAMPLE_03816,0.9991577442535888,0.36352625491991447,0.38216831050831573,0.6730471231509775,0.4202796586330275,0.02630037648736654,0.06833999881341567,0.49655187893156993
SAMPLE_03817,0.9995014486457575,0.7676531349257477,0.7031641180144231,0.650421741038825,0.5133049002262083,0.07127789940935599,0.19842896312894817,0.6113752313170636
SAMPLE_03818,0.9992789974948573,0.045488659554406785,0.1329369645711446,0.1389318674815435,0.06182528676110749,0.007202816262147767,0.05114376165797171,0.10820605471893578
SAMPLE_03819,0.9993500387527859,0.09010493404698154,0.09365226606569443,0.651399350099423,0.15756238806055245,0.010082099043362236,0.07910507822577192,0.27916435432453834
SAMPLE_03820,0.9994300428481564,0.07796258116173928,0.07131253621134025,0.13523149226133468,0.11112123610277368,0.029903626923510646,0.08542307689359509,0.15562000523048616
SAMPLE_03821,0.4478304335034151,0.14873566863203871,0.10434367066560596,0.35949313032052804,0.17020763079763968,0.000594977855095627,0.7002788190559791,0.28089710451538885
SAMPLE_03822,0.9994362401197439,0.015379939907269246,0.01750263016727946,0.01736949944282956,0.04014355153228412,0.002643410775123452,0.027003723981333674,0.059085908499773056
SAMPLE_03823,0.9995182789557728,0.48271631255027686,0.039060524904972305,0.19892101216526803,0.17271654208208612,0.007196188132883481,0.015338811314782848,0.09795497976356184
SAMPLE_03824,0.9994419058092205,0.48786911219582074,0.6400810285382529,0.5474664948309826,0.5415067255290461,0.12159383009396317,0.20584471065078644,0.5937675405700857
SAMPLE_03825,0.999442361023675,0.05470391508568582,0.041949685526054915,0.008941703737322806,0.03826975410816263,0.008548661675675267,0.028091718753939215,0.034314370118724465
SAMPLE_03826,0.8994377095626813,0.10078229736720669,0.09623015762645447,0.6774053333933843,0.2288408673438754,0.006140946451816552,0.05707427469551063,0.4930166170378156
SAMPLE_03827,0.33648393344293975,0.06027414424634676,0.07660759758392505,0.6611690935024127,0.09488858525642568,0.0023372309019447676,0.04425064642291852,0.31898731941662706
SAMPLE_03828,0.9995009781397339,0.06402344553725635,0.16919272998543133,0.0937025271353904,0.15019868886823154,0.017347468770920874,0.06534863357606308,0.11583431272274797
SAMPLE_03829,0.9995054019475332,0.07218713732365399,0.10183036794736706,0.012875834507103273,0.1391784731124518,0.01199270709997155,0.059120462371448496,0.07744495756000667
SAMPLE_03830,0.9104544322158749,0.12145447160273565,0.06666372244263685,0.08540626267855823,0.12582448515497235,0.001495795613470411,0.02892931246586981,0.13147618057550195
SAMPLE_03831,0.9994681999404248,0.05105762022641407,0.0775908908926307,0.010074118906147836,0.05732759919329996,0.018962320548608847,0.04040504364571479,0.06906830245887265
SAMPLE_03832,0.9987304093878824,0.017386314684249397,0.02092393190746745,0.01646596297396977,0.02984047419267379,0.0037437027627407102,0.014206507437010357,0.022278457427018273
SAMPLE_03833,0.13237085691108375,0.10352815293833995,0.10217879088630501,0.890900142558302,0.06318480214090474,0.0006465260639485015,0.6744793737632877,0.2941762798783078
SAMPLE_03834,0.9990841984175282,0.14626218400002752,0.17678779245406007,0.32728238505338364,0.15973812485640307,0.08398815157575536,0.06034838314526142,0.2867578603463222
SAMPLE_03835,0.3918854240969998,0.06008670758255747,0.053011186161599604,0.9910088941289109,0.04570394934581401,0.00047608110559279243,0.6725486073773373,0.32864545358163516
SAMPLE_03836,0.9320382543460909,0.13424429350969658,0.07735719814195419,0.6665080587206695,0.14400315486058937,0.0013953387955409756,0.03898373640016456,0.40644444974793265
SAMPLE_03837,0.9994488765250352,0.023323684012705518,0.03293030301887437,0.008220367833333499,0.039987669262517865,0.006039773605815795,0.02517788648930847,0.03813303121015188
SAMPLE_03838,0.9993941550725344,0.13319361685490697,0.07641822601177405,0.6639961047139032,0.11372015761110658,0.019882519810397736,0.03248566671797923,0.34375899374591895
SAMPLE_03839,0.9296533053717954,0.6221431270948982,0.7054980482208014,0.6667024383133774,0.6531219096560017,0.003674695640282211,0.1744944868142985,0.8789743601543701
SAMPLE_03840,0.33898650818318393,0.07579649509686205,0.06620479853811381,0.33622428165022117,0.16506372415787282,0.0005517403665964501,0.6797977701157175,0.17163017180835613
SAMPLE_03841,0.9995108335120767,0.10847029658782496,0.13113812365074162,0.15642135206386085,0.08909688129978843,0.024391829267322317,0.11216724718079678,0.13901333102979688
SAMPLE_03842,0.10952557204156642,0.06102843189254075,0.06801511004921672,0.3373904783772188,0.05346753501259749,0.0006820250230893482,0.6752457282090155,0.05906682917414724
SAMPLE_03843,0.9573178136079187,0.4057895641967237,0.17552134780432269,0.6658422221997736,0.30105901673391866,0.0019166932603435546,0.08621884406563228,0.36283237475549873
SAMPLE_03844,0.999395486876186,0.10543253529037429,0.0430137145783343,0.4891605497120266,0.09376245339069618,0.004294167757552624,0.027736922244043973,0.1808053814548135
SAMPLE_03845,0.9564291194295351,0.5439339867826624,0.25360056534871706,0.667117362657685,0.7295867855315041,0.0015542214007651523,0.06188235144315049,0.6840871247534624
SAMPLE_03846,0.9994742567537136,0.03144987368937687,0.05514792375989245,0.01571430666612724,0.08329572949216192,0.006990513388234799,0.05176703877749932,0.05542566165201144
SAMPLE_03847,0.6839215496241807,0.4078636318782967,0.2200649796952454,0.9988188838252469,0.3970970176859068,0.0005569426043497142,0.6872300957344466,0.6615416429249358
SAMPLE_03848,0.9994928284118574,0.05664159795848178,0.10435308588278834,0.057023767379052126,0.047324560741345424,0.00839788186199267,0.026844417711433713,0.06903254359540431
SAMPLE_03849,0.309650565369005,0.22302520999577144,0.22972090276574433,0.536514842254502,0.5097621284717956,0.0012535726265734714,0.02747070244878495,0.6721487723869336
SAMPLE_03850,0.8890625998635736,0.16389187143229303,0.17495809660335804,0.3728090404859035,0.41249637669625766,0.0007870369943722896,0.7220525489062436,0.47523308818784793
SAMPLE_03851,0.9992900000064197,0.04454039041479655,0.09291350765088086,0.13994672898739216,0.14848528740324088,0.007184933652668428,0.0512446730722018,0.12804478265842975
SAMPLE_03852,0.9993975019003213,0.09807245976510863,0.09617868219774284,0.026653835054955194,0.10116770834293065,0.011715227710988983,0.03799800977692839,0.0969329342725845
SAMPLE_03853,0.9443197346543872,0.4487410994048488,0.593614618500978,0.025201951243536604,0.7267698430171717,0.00543359764799353,0.15084130543636512,0.592504484993228
SAMPLE_03854,0.9506910981598905,0.2905229833652196,0.175989883311648,0.6652397157216197,0.7372726768685619,0.006246942653825488,0.031403902096381116,0.6014503709114888
SAMPLE_03855,0.12079372921589888,0.035288697203604544,0.04043281902934821,0.3394862182962784,0.03608785742708529,0.0005949743406182744,0.6879109927134431,0.059380031506830834
SAMPLE_03856,0.9994610900299596,0.03691570534696621,0.04894425143824129,0.008719418254567277,0.05148321846670772,0.010659163554203132,0.03323467939782201,0.06551549812198385
SAMPLE_03857,0.9994116884690425,0.0620103630097782,0.12494775239728168,0.32613355151327555,0.07897330905503282,0.004411580315676306,0.059537883196139146,0.1257666390668779
SAMPLE_03858,0.8822323164956879,0.08557083979377027,0.09893253319444291,0.6661423454724418,0.14618481006590134,0.002725504506861861,0.04058781659638388,0.5027961827118371
SAMPLE_03859,0.09478908914982838,0.07777357400832736,0.10791038071571285,0.4763547971600613,0.05968547844048428,0.0008618296326023904,0.6774105531070802,0.1500461480293381
SAMPLE_03860,0.1697205338949407,0.13394100519725327,0.10726354836729013,0.34243040694900717,0.06474356600311104,0.0006822596469274762,0.676039706948291,0.11674686692166854
SAMPLE_03861,0.9994527015296768,0.027458110969527345,0.07490047788870431,0.018563286388470362,0.047262449287800525,0.004393432959275988,0.056549565290534565,0.10315559432541842
SAMPLE_03862,0.9995287080919336,0.2506329127857053,0.5880557674147405,0.0792193064754292,0.6555924003558057,0.005830859909798834,0.13229054768967827,0.5151486057067504
SAMPLE_03863,0.9994818873871618,0.03847202342048587,0.07867276079609427,0.016653585670282346,0.049820952281964336,0.009215608386801548,0.024131608065024856,0.1233115865709845
SAMPLE_03864,0.8826196307507385,0.19235102338502974,0.22737787859123346,0.551044177550619,0.6080600718119118,0.0005916209449555108,0.6877881878449541,0.652154725540937
SAMPLE_03865,0.9970551664644863,0.03400442326097955,0.031127917850881467,0.0230094572870419,0.05244033707619069,0.0055674396789315165,0.022161292662614015,0.13179778382128596
SAMPLE_03866,0.23063220476343652,0.13567135771443387,0.13936204634951493,0.9930903225055228,0.08632873703940942,0.0005827395835445847,0.6789191533225445,0.3981045030326161
SAMPLE_03867,0.9535849514122668,0.39132451465883905,0.1337561355665196,0.6665619811314529,0.1790735575610599,0.0017300641398363948,0.13858690286983807,0.3583043649477293
SAMPLE_03868,0.4420345821497637,0.12367628488285615,0.12943751905278147,0.36099643950640026,0.38952672585075615,0.0006000724598102634,0.6907087652007076,0.3948010219923979
SAMPLE_03869,0.9992629199753283,0.10185390923167852,0.13028916071452112,0.029544262547775316,0.11959869067263192,0.019059814672089597,0.1190041665364739,0.12683893134714538
SAMPLE_03870,0.5695285614411588,0.24088165896163374,0.22831214279899334,0.7137507963122743,0.5521857684687417,0.0006789387286401582,0.6953112312201477,0.6873314488082238
SAMPLE_03871,0.9992742192373839,0.018632569439809652,0.026728243692182758,0.015984148208724642,0.046534800807642246,0.004287109943379289,0.018230016012026392,0.05296338787713977
SAMPLE_03872,0.999402263791178,0.3434404573283602,0.27038439598311664,0.6623736635337739,0.30856447049617514,0.09602473506572672,0.08419557370690844,0.4858767964585356
SAMPLE_03873,0.5972371988362654,0.31297024889429553,0.14276699522150474,0.6445457272109915,0.41671960239068445,0.0019591620756154826,0.07347071787271693,0.5391516797640866
SAMPLE_03874,0.9995092775487824,0.03665614455394083,0.08841832635985342,0.019628409502534024,0.07336934753883771,0.006760413813105972,0.08895718710796303,0.14210100488286861
SAMPLE_03875,0.9990463447113384,0.6168722113524302,0.8493958167652927,0.6733416942019117,0.7196695137250225,0.04935155504141033,0.277567269235016,0.7457196563024958
SAMPLE_03876,0.9994546305409315,0.03488153307833803,0.030328298762489936,0.14215825877361643,0.04965457215789215,0.015209099033619842,0.017813025714511845,0.09953777668639581
SAMPLE_03877,0.9994148459977711,0.029685318106805178,0.04955742320394696,0.016902072569132325,0.0446788539559805,0.009247287052703905,0.02247439282785027,0.06994079096337494
SAMPLE_03878,0.7772644576009468,0.09009939639649352,0.1870800108753892,0.6674050451405223,0.6410552575409315,0.0033353146669437366,0.02625519431609383,0.41913416534289777
SAMPLE_03879,0.42307773251277947,0.04913183944549592,0.05610565804539421,0.995999876964922,0.039432255079261104,0.0007542039113360064,0.6749488682045954,0.3321708339247649
SAMPLE_03880,0.9202538536328424,0.7132357291904841,0.3039844332603746,0.6510051044814376,0.7975778614999195,0.010225329744789109,0.09252138042747511,0.9205371061523625
SAMPLE_03881,0.9272655454358155,0.20151112012265518,0.2069383754890145,0.6616554566097655,0.21810602017373681,0.005981408272226784,0.10420716466745744,0.44731321470019614
SAMPLE_03882,0.9635795728774097,0.4075291399516001,0.5684630739014499,0.6631152451863463,0.6437707613777958,0.0016720050206580964,0.20260112840461122,0.8441809183174694
SAMPLE_03883,0.9995279824558615,0.05336716751792749,0.05236478056022012,0.16126171588812394,0.15549289423450827,0.007275931735755664,0.03201344286884642,0.1467966262823056
SAMPLE_03884,1.0,0.8192183165125027,0.8156085330782723,0.998767318380824,0.7126467131987185,1.0,0.999781121743951,0.7125896761754115
SAMPLE_03885,0.8445838543614084,0.07543665636196055,0.07422325678527229,0.6667586919929535,0.12841922321613528,0.0037483236488578004,0.020413529361177154,0.3511908275244235
SAMPLE_03886,0.99788467288821,0.06112243278768237,0.07713910543365732,0.04023169253169006,0.0630581083478057,0.017290853495061154,0.03497877865483519,0.10309992253684229
SAMPLE_03887,0.7667535038083622,0.24884151512292815,0.05523215987763926,0.6636236710148411,0.12414758698512462,0.0014142164985825074,0.024009957533246334,0.33790012537222874
SAMPLE_03888,0.9993485845001727,0.06268867063944229,0.04573999738724115,0.4090085253619488,0.08368324219184446,0.01486569892411517,0.024044215301061118,0.20933968281442375
SAMPLE_03889,1.0,0.8881171070674242,0.8597083917197516,0.9988955071707447,0.813721800846445,1.0,0.9997762638250839,0.8756661575137015
SAMPLE_03890,0.9993356445890936,0.25930227165541636,0.21592391088380736,0.02709954010437053,0.513015171765455,0.029688713437674822,0.19505728798649172,0.40781030784893074
SAMPLE_03891,0.8771161934577204,0.2535295988156467,0.18375214005501783,0.6635967888349151,0.22301486502043402,0.0018718392056145759,0.11685531626456508,0.44025187842307667
SAMPLE_03892,0.9993243647435142,0.07910419803692309,0.11492053855150725,0.06196023593912108,0.13375945563548716,0.01697577714370354,0.04102595287821403,0.13343723016485712
SAMPLE_03893,0.18662732760504852,0.13964181336489703,0.1616623246095418,0.7266579205735445,0.12944879993177755,0.0008448999729828138,0.7739886824050077,0.3174506039867073
SAMPLE_03894,0.07919625605180845,0.04912107629589881,0.061540574154854866,0.3380114169450909,0.05736787989617157,0.0012246507776704203,0.6857298503205996,0.05887381179999301
SAMPLE_03895,0.6749013866402344,0.0799637832724418,0.09989637511362509,0.6652209908421906,0.24602478845842027,0.0018487551156343967,0.033819769288962874,0.4195204247818778
SAMPLE_03896,0.8806020432291172,0.09311594935025018,0.08526701957276923,0.6438371865732694,0.1357049316956436,0.009460093521418947,0.036335790660976676,0.5354970719265781
SAMPLE_03897,0.9992062195764481,0.11553803867273511,0.13206492931292532,0.6530154813990275,0.1887469481653653,0.043682795895195616,0.07769475430945978,0.2938519958737212
SAMPLE_03898,0.9217059214892145,0.8199342790921875,0.8239628243333282,0.6678680009217812,0.9277785097582654,0.051882932139413585,0.16287950211895272,0.7964854239436946
SAMPLE_03899,0.9994619796385186,0.051974002203253544,0.04391526621262648,0.015941919859547425,0.06037621272399155,0.03740937881948122,0.026483056661932958,0.04728612013909791
SAMPLE_03900,0.6113487817047419,0.379515965939162,0.2827947396228084,0.9986216026075164,0.6335496226236083,0.0004850358590787368,0.7461110463659312,0.8767005443187821
SAMPLE_03901,0.9994255846527994,0.04043369411723,0.03671889095665478,0.016516268142504193,0.05783645381439275,0.00685568879431355,0.04477846636537374,0.08190285691730993
SAMPLE_03902,0.888356375814598,0.7588700692910723,0.43583033414098155,0.666792070013499,0.7621313794336989,0.020238246750873504,0.16595590047901118,0.959349769900704
SAMPLE_03903,0.14111535676888276,0.17446021600332615,0.4216959052502367,0.524518569164197,0.5631419103361269,0.0008905927707069765,0.7448683760088776,0.6636860541587283
SAMPLE_03904,0.8771080765567886,0.5506205063145956,0.10307518717716764,0.6580647079373091,0.14122292679948195,0.0012965856027374945,0.032073182875328406,0.315921334956245
SAMPLE_03905,0.9992784627700299,0.08780618558335858,0.09170858514196911,0.03532892807713429,0.1647700386609647,0.04651364863798718,0.0282298963500628,0.33812222304269035
SAMPLE_03906,0.9991824962038306,0.1502580398412025,0.13700230956245496,0.9870443446930649,0.11776966849813068,0.04646610190095848,0.7252245807746612,0.2967241435545443
SAMPLE_03907,0.9993646154223268,0.11566117076427788,0.1805857063825003,0.019161397713470984,0.14008210681098845,0.017430997917690903,0.05770898776119976,0.08456993625364075
SAMPLE_03908,0.5091160095209882,0.08882185155558098,0.0700790357646285,0.3537465096337124,0.035628787937002054,0.0007433571465659057,0.6883318121362515,0.05035213444999583
SAMPLE_03909,0.8697734568098214,0.07867313036703732,0.05327678029281204,0.6661324296542965,0.09447192387876442,0.0013267207088015884,0.026410342100220988,0.33985359818801525
SAMPLE_03910,0.9991038784205518,0.04871702595211511,0.06071758714468444,0.012180236838838848,0.10035721478012462,0.0029244272143159385,0.021834686467769482,0.085080962660872
SAMPLE_03911,0.999358332937204,0.516509607347809,0.15016764196337468,0.6676672773238943,0.4103150750821442,0.16909625194915753,0.05063841897456636,0.5658222466157811
SAMPLE_03912,0.9979719303582475,0.21405737755178486,0.4972620646899096,0.6858333244578999,0.3293934927729278,0.01743336724722297,0.16821449861325244,0.6393828352749639
SAMPLE_03913,0.9994575508402587,0.027929709206496022,0.0328281224709446,0.09326362308041942,0.1424487785103245,0.005406355321261856,0.017781274729376264,0.08526215755928264
SAMPLE_03914,0.8428335627875327,0.1408475663234639,0.16494994751539335,0.5799136966803721,0.3353788885374192,0.0026422710722087696,0.7195216670178718,0.42981373238939646
SAMPLE_03915,1.0,0.9168542353297614,0.9346380063108786,0.9974264369041915,0.8196247100084326,1.0,0.9994176012132092,0.7704998747064004
SAMPLE_03916,1.0,0.817537631085456,0.822844552052085,0.9927433459092371,0.7086728123067162,1.0,0.996123068168504,0.6947306283987754
SAMPLE_03917,0.9992300383583727,0.2159519200707829,0.14594445736613174,0.6746042597531582,0.21571631602885732,0.03514468390074409,0.11020207582312187,0.39433364429482287
SAMPLE_03918,0.9060889292645316,0.06106250618830237,0.05960889861275951,0.6643421693956448,0.05207588895419705,0.00167586440069773,0.03637742373604528,0.3473850656669313
SAMPLE_03919,0.9992413762029333,0.42144267421327813,0.4125797931765547,0.6735663137303528,0.38645991957694026,0.01969755786470406,0.1414910104188555,0.5082717743739763
SAMPLE_03920,0.8048549642540545,0.309680728101246,0.1554041383249832,0.6594221139377525,0.14796844169238668,0.0052703965899040086,0.058437463152871016,0.38976356503387044
SAMPLE_03921,0.6924503991789387,0.29164783955707135,0.091269201940747,0.9984002270509654,0.11734561459497399,0.0004493464579513186,0.6715370126564038,0.36040464288041124
SAMPLE_03922,0.9994325224361043,0.055162062658595135,0.09692663763342986,0.20778174561842902,0.17713687343436404,0.007264003125974285,0.0423969435582058,0.1664229786095482
SAMPLE_03923,0.9994695972327304,0.38817858708361924,0.3742357741855675,0.28468984522122703,0.4998684302053314,0.14850430973376486,0.21862390103431983,0.4540951342199156
SAMPLE_03924,0.6711566072035207,0.1614674085064922,0.18748998463146382,0.4861960503539047,0.20333981081794092,0.0005971763511746123,0.7769228788250988,0.254174151006902
SAMPLE_03925,0.9982162852244135,0.08839436191033352,0.11879746647817875,0.688516141382559,0.09911421125267388,0.03585606191021715,0.07452228719549159,0.35343474787104795
SAMPLE_03926,0.9398753322945255,0.20365483099123152,0.27983277745739066,0.8579245326154057,0.49394232860864723,0.00047596050711138917,0.7615621846578114,0.6312956315607999
SAMPLE_03927,0.9995270451496365,0.09270853665153939,0.12105870814827031,0.010990387869978788,0.06429253606357546,0.010670125592524898,0.06858657117323344,0.05546945661931655
SAMPLE_03928,0.9993716830924663,0.046391562312916884,0.02207040260440545,0.028738319593380312,0.06965302717737246,0.007915833761200404,0.01694598109666674,0.09998648480415241
SAMPLE_03929,0.999455384610649,0.04049013114403468,0.07927882476978146,0.21595166990289005,0.0748756768137575,0.012205337652659949,0.03621694358925449,0.1640919383717502
SAMPLE_03930,0.9994113722702167,0.015468679910086635,0.029490478743329548,0.009350706578300607,0.0348302442050547,0.004778384864081011,0.018518702085800528,0.03571058800903886
SAMPLE_03931,0.929568083512653,0.09087839898268758,0.06889808999743506,0.6679571412870994,0.12969827856846908,0.002734643964696903,0.02744815116695225,0.3405250645544012
SAMPLE_03932,0.06801778819015539,0.04139816463794765,0.049042819961372934,0.33791628268385315,0.03540495472633584,0.0006431510364673202,0.6736957727901277,0.04114844737502837
SAMPLE_03933,0.9235296787318167,0.271708700362088,0.2650382917805422,0.6664133963328304,0.7252297672863364,0.004386826450375215,0.06574869875078122,0.7369892335736051
SAMPLE_03934,0.8685466503258906,0.17326862146043628,0.11685873306340011,0.6633310690115003,0.19566821600344464,0.0014617255040163437,0.029195477248297866,0.3832372268962358
SAMPLE_03935,0.9989707695652852,0.36505686764101863,0.1710829082780079,0.6779873731187109,0.10754685911125365,0.04787803699915514,0.07736426359483897,0.40510923665517956
SAMPLE_03936,0.8531529438623071,0.30253001694697934,0.22759297654899124,0.6658692116025716,0.20853829704896598,0.0021591267238358757,0.15269564843046954,0.45854616661057107
SAMPLE_03937,0.9994701612385143,0.06742764087148048,0.08263979171837328,0.037046352532804014,0.09282721099423459,0.01144169985330482,0.0788316731096851,0.09446814558329207
SAMPLE_03938,0.9990623147894305,0.47814291926144037,0.22965417844789685,0.6685438231761851,0.3902190889210074,0.037389044746076225,0.10460789100588007,0.414772320898829
SAMPLE_03939,0.9608907858654104,0.42965177960786605,0.8575626287425623,0.6673175408597772,0.7773643713801808,0.0027529017643864576,0.27171385743770876,0.889924917495477
SAMPLE_03940,0.9405605310711088,0.22231836712955022,0.1942736493055595,0.6657057968887873,0.4563693946784626,0.0022050706456404607,0.04433616132190099,0.5526509214131269
SAMPLE_03941,0.999481320380975,0.18755762791181987,0.05564857522096949,0.07542045903934895,0.18650324382027614,0.013325024511949354,0.025967383206349833,0.1122197513295448
SAMPLE_03942,0.9995084352587745,0.045436933130088376,0.06891491723942832,0.019350458470013657,0.07421270273568849,0.009833397485711654,0.04053523770986227,0.06397747462102804
SAMPLE_03943,0.9993700779272525,0.02487811460866646,0.03816971182549527,0.005826384273442548,0.05629222715123367,0.004270944377073102,0.04035156827262257,0.054160326116449636
SAMPLE_03944,0.9987094905205013,0.034786410131146,0.023732070953599207,0.009432139987086153,0.05646542878178266,0.003943571313143213,0.014173825412483585,0.02933406636979896
SAMPLE_03945,0.9992834065363935,0.16365265587850963,0.08368647475043965,0.6727805313188991,0.12281304997244309,0.0338467912216222,0.057493364078772626,0.3548220833169678
SAMPLE_03946,0.8918596686889764,0.5127222407768559,0.19056266841693195,0.6665333967672833,0.4488394171719854,0.001753097586995039,0.03798737962085171,0.5524441408520916
SAMPLE_03947,0.9990300755366248,0.0803047931418111,0.08486368815458599,0.04048648302749814,0.10401420805948768,0.0779605438104345,0.049863042878316034,0.16359886704393475
SAMPLE_03948,0.3963138158974681,0.05536133511952913,0.06068101480154361,0.5775597579590218,0.03441933629836518,0.0006205892149414946,0.6800585924622786,0.10893299354082903
SAMPLE_03949,0.9418506800891824,0.5477689437752974,0.21107594590126807,0.6665698032374875,0.6933124185693593,0.0020429598757762874,0.06224893486436394,0.7307679845023985
SAMPLE_03950,0.9993704987844759,0.08310971214107665,0.09420794366417395,0.6670907002269147,0.2237475883780811,0.012395644919238702,0.02421747037005842,0.34422223955695347
SAMPLE_03951,0.6572419347409127,0.12272979347588808,0.12012492051316255,0.3052889911389073,0.32649530201553884,0.001967992750162639,0.035530841197757596,0.4474113237816348
SAMPLE_03952,1.0,0.8066520328791777,0.8074929866013022,0.9987699462895779,0.741628039895895,1.0,0.9995246678504985,0.7342059693711209
SAMPLE_03953,0.9816878967047616,0.46464021856457843,0.10339973607880311,0.6675191966801673,0.2948718500806766,0.0038388104723858264,0.03576218857533286,0.34349309038285597
SAMPLE_03954,0.9994087453083762,0.18016087450016594,0.19241338485075254,0.6685831751058154,0.3542939912906014,0.01480646797434114,0.07414729898676427,0.5760492408647181
SAMPLE_03955,0.8649545976629224,0.24335384371063937,0.19483543108275217,0.5369154453238194,0.21398684460719464,0.00175671156314858,0.03874643076174051,0.49832647497544186
SAMPLE_03956,0.5105854638332912,0.2010636894368857,0.19977187641738905,0.35152026032195627,0.4176389098675368,0.0005338185179433459,0.6853810513016243,0.41628004758897735
SAMPLE_03957,0.9993691179311829,0.029048079383236336,0.051141628811011926,0.008073219926389342,0.03155995312561044,0.0087419349926927,0.03338170024342232,0.05716194933599794
SAMPLE_03958,0.0838084329395749,0.16410669359640867,0.17582430535427482,0.3366517593482763,0.3157371215624963,0.0006702548564031713,0.6833992185985572,0.3111082476600678
SAMPLE_03959,0.4575028581876847,0.06771023225799101,0.12554736429201666,0.6681984306005146,0.11168500514729894,0.01305581726693468,0.02949391155634881,0.34781019280445485
SAMPLE_03960,0.9994347892950768,0.12018577104914106,0.04488080738152527,0.016577286682310264,0.11202562160107477,0.007027077689713766,0.015375580468937824,0.07332855087961639
SAMPLE_03961,0.9992455944850729,0.102008765512829,0.10838220890339521,0.01447847939742457,0.13860621799978057,0.038921222430324885,0.04987929259509032,0.12810202259954032
SAMPLE_03962,0.815695172847565,0.24650448487146373,0.17680348727136785,0.6672570767178073,0.2353695534674166,0.0012330972964173877,0.10665647129587817,0.5185090198934623
SAMPLE_03963,0.9058421717627998,0.31267001830583924,0.2307771775103009,0.6561073991269246,0.3884616110270613,0.022672353349760917,0.08531462633506304,0.6567409930588622
SAMPLE_03964,0.10627484215921028,0.1393311240764766,0.14634669321003932,0.34979233417645483,0.38183803845894476,0.000695327586980386,0.6953825387064899,0.4302323008373959
SAMPLE_03965,0.9993537407016557,0.029990428758278374,0.033459051520137915,0.00982682136454807,0.031989071137029416,0.00956382546587946,0.019787232715508734,0.019730986100499545
SAMPLE_03966,0.07743590293369733,0.07078068433464767,0.10091833640510277,0.3674627398296881,0.11825797361512208,0.002622058364235061,0.6829822395850792,0.21077134165278463
SAMPLE_03967,0.8851589546661588,0.43967382955324924,0.1978894948809868,0.6656289131541345,0.29702853801873313,0.0012827482582707765,0.07425608635392043,0.36091092198847585
SAMPLE_03968,0.9783740646765491,0.7144767394685302,0.3166472217407996,0.6664923261364283,0.8293088243319938,0.0130633803128069,0.05130797711409937,0.7157099134046717
SAMPLE_03969,0.7951212533179232,0.05719389629924055,0.05160437902325816,0.40136790289604307,0.1388906289202798,0.0005976423437318878,0.6724578171198239,0.07572054389567259
SAMPLE_03970,0.661328898099293,0.41519691452669766,0.4815171819844923,0.6664216333322708,0.4657671224748509,0.048227031524694264,0.18916619876311605,0.6474541348481339
SAMPLE_03971,0.9994080110863764,0.011092956400980819,0.013157375899175901,0.00817438007996049,0.016280656704085364,0.003211185792418795,0.021740416933583456,0.0298973520254585
SAMPLE_03972,0.999408195255862,0.07743644310478946,0.08310439367374663,0.07004605067836127,0.0727938373538119,0.01780740454070497,0.05713040903332634,0.11745316475638251
SAMPLE_03973,0.1692783911337974,0.1613293385947426,0.15122746864321893,0.3478841192261619,0.27329987422711294,0.0007038963290427616,0.6777711957630554,0.29762873732539014
SAMPLE_03974,0.9991313805132798,0.1197656508748189,0.13083829679927209,0.021515905235245047,0.11636680369131043,0.01824810254079817,0.02503347981394606,0.12021637778075951
SAMPLE_03975,0.7577481427665841,0.09472972316116514,0.10999863883371445,0.9962700282286386,0.23785426930904652,0.0006512820986894439,0.7345287593104106,0.5256583449105344
SAMPLE_03976,0.13055256635765858,0.057603735580987865,0.06787316568092029,0.9957044507163625,0.05366667997754986,0.000702745723819021,0.6720815481270471,0.3554420542428957
SAMPLE_03977,0.9988860647731638,0.23843330217880773,0.07622339440322541,0.6680605730907366,0.15313571763939424,0.01876467679886597,0.06829002572164015,0.33934432469633885
SAMPLE_03978,0.9993634655261596,0.13130679819136992,0.14103999971558845,0.6644100011581779,0.2294289401740817,0.010738991423490066,0.08516292735931828,0.3267003260698589
SAMPLE_03979,0.9571530215633429,0.21183278286149568,0.10354051387321794,0.661901693832114,0.18097766258915948,0.0016396489831355839,0.035335339112529625,0.3268326821133584
SAMPLE_03980,0.9994541081744059,0.10343739612633969,0.04415825473178162,0.07456213037742232,0.1312308983708056,0.00858657426476724,0.02214041866797432,0.09715201254817729
SAMPLE_03981,1.0,0.7506485140026142,0.7157957405090255,0.9985769581298269,0.3718656754943625,1.0,0.9995062618864708,0.46620324442290334
SAMPLE_03982,0.6361468564738195,0.2111926340792629,0.20861194883448722,0.5622916862576898,0.3395273077603928,0.0030414072540315405,0.03421382670112804,0.3992246649203309
SAMPLE_03983,0.9994950490118373,0.2071446123628207,0.13518886965250695,0.14186664319817874,0.13681261009051648,0.13848705711198542,0.1257732007193054,0.14839785556207988
SAMPLE_03984,0.9994755776748239,0.03981920583018985,0.09744853348468857,0.06646619183531222,0.10660440335678399,0.007224809442911634,0.1307617627390917,0.1772715242422087
SAMPLE_03985,0.9995067398683265,0.03216395293494071,0.04617290468103873,0.04059249509734067,0.11103274101606869,0.008032572758287034,0.028999733768610758,0.14560165905433423
SAMPLE_03986,0.9992931109611626,0.020192711208043872,0.04631352098560789,0.014935333113172702,0.04778081937068338,0.006385196437086256,0.03171131108461579,0.06184911575053792
SAMPLE_03987,0.33228059666153625,0.1364078924882304,0.15016939962179846,0.9821975906535237,0.3216178727012456,0.000602247151286749,0.6943529901037385,0.5414688590157014
SAMPLE_03988,0.9994408263473167,0.10765824476865514,0.1069686787114551,0.02017533150001644,0.1274601524356793,0.0074416781090616176,0.08623138828468713,0.08442841465183783
SAMPLE_03989,0.9575168259708128,0.26429443660254,0.3301720929018516,0.4069241460248589,0.6025568733102978,0.000826731898206315,0.7478125987164147,0.7329590890096354
SAMPLE_03990,0.9993907408913492,0.04461789618290846,0.09797880990598155,0.00828500986853766,0.06005821151163789,0.00798861652317909,0.04571822208327713,0.05842160642433947
SAMPLE_03991,0.9570871730535725,0.43020078362815567,0.4856918419390239,0.6763367520217348,0.6645436558655842,0.03235561710284917,0.15302208272940265,0.9318831848178745
SAMPLE_03992,0.5655338044833113,0.062367270288973896,0.034512883950512836,0.9968227181242292,0.04201955518249934,0.00045014027456258303,0.6715753891816916,0.347398724718519
SAMPLE_03993,0.8776680685983553,0.0922779813199514,0.09680071875463102,0.667858872072622,0.07899865644128382,0.0030870233576544316,0.06384671116332083,0.338222521163503
SAMPLE_03994,0.9994797699642591,0.07168832133272829,0.09490455149155759,0.0927096835106778,0.08045054360517834,0.04260819031913524,0.06744713771143573,0.1090760971493951
SAMPLE_03995,0.5525647074949233,0.08033494236765971,0.07855920328598275,0.5521558771627003,0.08010635879029039,0.0005130200054585082,0.6780303212204609,0.15566118549032495
SAMPLE_03996,0.10376017709145706,0.24002098656195045,0.2311022769136267,0.3377364115180051,0.36540934108973583,0.0005528719944313614,0.6719233683074423,0.38726440613250374
SAMPLE_03997,0.5448466458961408,0.08210163442106025,0.1077177549249499,0.42253207564239625,0.28559190823064773,0.0006609058766083323,0.7029903324565994,0.3084551069021921
SAMPLE_03998,0.6764036705691763,0.21505452402060113,0.022963429170614832,0.9973250880701102,0.08892785581168161,0.00043410455240511036,0.6716317765807021,0.3351919879761958
SAMPLE_03999,0.713187143058368,0.09675170046006377,0.08289866896374974,0.374342633164037,0.39250618175597696,0.000861969284177267,0.6843336515842738,0.3509174105562731
SAMPLE_04000,0.9405021463003559,0.17574176490402382,0.16897850060632502,0.6592076074862697,0.3679095193648924,0.0030708991130300512,0.07153583754315422,0.4049456096528609
SAMPLE_04001,0.979615018715728,0.34912835221431093,0.24980203965307232,0.6660539718463682,0.563887064467716,0.0013454817388105682,0.05863904501914635,0.4328691957294471
SAMPLE_04002,0.9991901290924933,0.02508139739230439,0.03974771840012431,0.007355023375689988,0.03683591092900048,0.00518106291486978,0.023325438660777045,0.0447234770989861
SAMPLE_04003,0.9992796702602301,0.02483230973828297,0.03495319587811691,0.018523906476024792,0.06560071773980632,0.0048223799525907675,0.016519177005020137,0.05496617415617682
SAMPLE_04004,0.6936990471489954,0.19113171767779844,0.17214268405397115,0.34807767848267573,0.5979207783130027,0.0006542521353749917,0.6747964482596761,0.6811223400841321
SAMPLE_04005,0.5879908877001758,0.10656555100833372,0.14915741976832947,0.5060582533411856,0.3548160048618256,0.0015498981395896236,0.02167704353943348,0.24088982520999228
SAMPLE_04006,0.9993503278106778,0.30276802090070404,0.18081502476092592,0.667626907105826,0.2591108412239735,0.020193128838185293,0.11435485012431224,0.3545435135990577
SAMPLE_04007,0.9994872633868465,0.03287563847565484,0.050993326573200846,0.013166719216689958,0.0353993500540192,0.01419342052975739,0.04286303763353714,0.052016554956533456
SAMPLE_04008,0.7806930160162188,0.323715158151134,0.30855156896924757,0.9878400619409718,0.6900101378707166,0.0005207842062684977,0.6950137039314509,0.9396841847318255
SAMPLE_04009,0.9995195490150445,0.1491169671987653,0.21026976737327485,0.10051215367161205,0.2888246365754234,0.015981590202870332,0.14317806968944694,0.3327747190782494
SAMPLE_04010,0.999494243800152,0.05035360531026565,0.0638268614675515,0.04654633168700558,0.06359632987523216,0.0053041910165021085,0.03457278501715362,0.07802055919843032
SAMPLE_04011,0.9483793558015128,0.30888963721600593,0.1493622139965422,0.6580915669085604,0.18930582358789363,0.0018227081835119887,0.07636850447150466,0.5095040934677848
SAMPLE_04012,0.9995005925582007,0.11039026866381883,0.05216335587555823,0.18459119350847422,0.17145848730183524,0.007364270676909538,0.039254563744302036,0.1993986284172745
SAMPLE_04013,0.9984870399745004,0.051225660341555644,0.059910817560861494,0.6681153532704828,0.07569711818139094,0.011556862114927291,0.0815484692015208,0.3336292628562585
SAMPLE_04014,0.9663915370350521,0.21489764251530566,0.15780044538617563,0.6668731780267794,0.568526452088289,0.0038962657632604903,0.0401383671445529,0.6416521678741127
SAMPLE_04015,0.9995279973267542,0.05969180715902459,0.11978330662078174,0.10914006332612675,0.07863609943926973,0.0156601000908155,0.055624830637641155,0.12084195527519011
SAMPLE_04016,0.9603213594543077,0.1734200642776407,0.11259704560535556,0.6660139219719052,0.16435977146260675,0.0016494390591457527,0.09001501128673202,0.3667154554737188
SAMPLE_04017,0.9990459994747941,0.5174658391513778,0.18289408907344348,0.6628811578910229,0.1742350953620687,0.051224505812545625,0.1058721992201309,0.34221639602239
SAMPLE_04018,0.9994080320543647,0.6634098406155337,0.041444798640795665,0.689243745011749,0.27336087208595167,0.05693093622212258,0.037057057397152315,0.3316062621398489
SAMPLE_04019,1.0,0.8556607957200407,0.8299440343619832,0.997889101559212,0.6982480437899724,1.0,0.998547699432076,0.7758882068657905
SAMPLE_04020,0.9990043135216259,0.17769999220090205,0.1713228126938985,0.6597567373877086,0.2826294601891659,0.009668795709230859,0.055324462885924665,0.42555079196221574
SAMPLE_04021,0.4128650602425065,0.1607850064759372,0.19829163090222426,0.9879776212296,0.5706297079078052,0.0004937505722782317,0.6915059938616291,0.8766367325713046
SAMPLE_04022,0.1818308601054863,0.146606305799276,0.15740893088139188,0.4558420479988173,0.4365885535434497,0.0017380410670849574,0.6990013756924974,0.44142070647491954
SAMPLE_04023,0.9992086404966111,0.06556511634055377,0.05293194509393951,0.6669649014534826,0.07729849060648834,0.01083872658770641,0.02523819933076664,0.34881819139891074
SAMPLE_04024,0.9993701136590972,0.14227256653582568,0.14133121217675942,0.6577377379850381,0.11873304684100329,0.01995987689094479,0.08838380631221743,0.30936996010719203
SAMPLE_04025,0.8831276668508116,0.17503870731921678,0.15527173053144697,0.020580042112844473,0.34465212364469816,0.001854121486341572,0.018462911254652978,0.5132313502050475
SAMPLE_04026,0.9993185040743354,0.2755669375400667,0.23954154059891195,0.07086693867224408,0.30123192617672845,0.017384992049133855,0.17840653430516099,0.24546941509955914
SAMPLE_04027,0.9991198448749999,0.028929671689135406,0.04727486164563616,0.013565053709237301,0.047044381032630894,0.006624713799086989,0.03309758744312339,0.048083886137613885
SAMPLE_04028,0.9994752293205372,0.0761781121972304,0.04313891900223427,0.03272066147826006,0.07871029335612448,0.008059920514640738,0.03448055965947345,0.1065017097996545
SAMPLE_04029,0.9994006310534362,0.025393745719374944,0.027375012063400306,0.013345559595598674,0.033492678954487286,0.007149955316626663,0.01814481676122085,0.026520421714345214
SAMPLE_04030,0.9993770637888394,0.4455996279076011,0.5449064369284266,0.4415877013860759,0.623790367488738,0.19756467976820782,0.23772807085517644,0.5978582126152477
SAMPLE_04031,0.970938578249843,0.7414893986858586,0.36126782488365444,0.6667069476979114,0.81068322228122,0.007663387598161174,0.1396323599750773,0.9783890256697604
SAMPLE_04032,0.9994297102143129,0.28941003415162225,0.06190272109578838,0.06690796375446897,0.204744689096049,0.01504886892041644,0.015679698064926726,0.13123047961319814
SAMPLE_04033,0.9665111725807254,0.8978225759966877,0.6633206917317613,0.6665601993853182,0.8622049527878121,0.02021425474942601,0.24058633501576668,0.9604161961451764
SAMPLE_04034,0.7594478073404147,0.15290757366274296,0.28093172558962937,0.6675307723333875,0.41448951069234613,0.0037369487977992424,0.043660795105712004,0.5716821609360957
SAMPLE_04035,0.9994568429780464,0.049549480652420645,0.0613429699519624,0.01736455501574483,0.04358182867719116,0.025875974761556748,0.03971080507159037,0.07255124297682795
SAMPLE_04036,0.9994998747122282,0.0291291592318205,0.04909894812044674,0.013267372625049284,0.042950880639424725,0.009967555809022926,0.029082363880464174,0.06518849964430805
SAMPLE_04037,0.983922514819563,0.7108030453677049,0.3443608909903036,0.6665801091089912,0.6366255635422705,0.004594033946066468,0.13509703930083197,0.92208516741198
SAMPLE_04038,1.0,0.9425543964604847,0.9195142862303621,0.9982678302423785,0.8537896454926073,1.0,0.9997169249944426,0.9096518885745528
SAMPLE_04039,0.6757449318407242,0.1479079352041884,0.1752735507118134,0.9840672088469193,0.43372855212122424,0.0005517501379935928,0.6896524897963445,0.6069412959666582
SAMPLE_04040,1.0,0.8849369857158139,0.8653236278732482,0.9987369227475144,0.6637487693557164,1.0,0.9995270628677767,0.7161876755053775
SAMPLE_04041,0.9538836365103843,0.1801003330551476,0.18654112826026234,0.6673444266668284,0.41216473111028334,0.0013853917467887666,0.03302681008604319,0.6059546233298216
SAMPLE_04042,0.9990578954473418,0.05607219903530836,0.07146212838657569,0.030113850196047984,0.05621900941033364,0.009019308412540674,0.02243495094391852,0.06436242717775874
SAMPLE_04043,0.942956374274393,0.25406308052466287,0.2173468126001065,0.6610110149112395,0.3940058313623717,0.002480471296487117,0.07444162299448027,0.5107241560108121
SAMPLE_04044,0.9994658442534882,0.04931527675862138,0.08028323808525435,0.11241969581597612,0.0812075468125175,0.008507938521306723,0.03175588415306938,0.14488175332279052
SAMPLE_04045,0.998793809132895,0.4194849933123899,0.2900823421730058,0.673662778565736,0.35774367755870856,0.010833962796523563,0.14321640910352815,0.3556827995164462
SAMPLE_04046,0.9994775706045367,0.028778843680944414,0.04722224432645406,0.020867379888731094,0.06418691234844821,0.01144394733779365,0.033519717599697046,0.04041715677202478
SAMPLE_04047,0.9988803613255848,0.015897015009635068,0.01653667742478447,0.008916933427629179,0.029368495036337625,0.0030660611413362657,0.012744303478948858,0.02465130520187611
SAMPLE_04048,0.9994674482106314,0.03358577490847537,0.04533033419614407,0.009465301881751377,0.048010160113253396,0.007352329910476341,0.018087826601034324,0.028171440921636207
SAMPLE_04049,0.9994402502274359,0.1277692183493303,0.21176467697672174,0.6573256495014842,0.1312883181123928,0.05838320476686842,0.12763261550281244,0.2949060451810745
SAMPLE_04050,0.999475330224132,0.029052388282743456,0.053458265565663216,0.012751676328602607,0.048853879696142626,0.006947563800063992,0.026878242471694843,0.06259753346765351
SAMPLE_04051,0.9691565181316996,0.4614741396473787,0.34465356713883427,0.6632230207903046,0.8049451723457449,0.010588716393896407,0.13432668970940678,0.6774488120327468
SAMPLE_04052,0.8380461282840042,0.08728271983455832,0.07459284483697469,0.9954674029948856,0.17511976064388998,0.0005541767262165037,0.6844758503819577,0.5064518668851581
SAMPLE_04053,0.9859640960364956,0.4191145870728969,0.2660795636431641,0.6665959501541205,0.5290294870002145,0.001148331463125399,0.06290685636511904,0.3684163675749193
SAMPLE_04054,0.955843506926564,0.06225632445510985,0.06433834813889604,0.6668432190714473,0.10634681950076386,0.001685201608433347,0.025171103353662447,0.33695358156224553
SAMPLE_04055,0.8853364327049285,0.09530879732806342,0.07940859548395787,0.3471065390812293,0.09438744362815028,0.0008535502140235504,0.6758450122792424,0.14979745652664966
SAMPLE_04056,0.9382096855112204,0.488663297835354,0.10019364127852314,0.6619888027629023,0.188260442792448,0.00789748739009441,0.03745459689306654,0.3822213491106572
SAMPLE_04057,0.9282173556035828,0.33926990450597144,0.2066670647413759,0.6668988689558156,0.76075339817356,0.003736963599869267,0.09526883515483182,0.8993387960170361
SAMPLE_04058,0.9994277819462458,0.03893588507538923,0.0503658157224215,0.15146204109658046,0.12944013685809222,0.0072063042936897845,0.0249616068982178,0.13338954116100968
SAMPLE_04059,0.5049936387111565,0.2551594726058639,0.2765063668453447,0.9884815113652726,0.6611588888828784,0.0005532806304918156,0.6959847314272177,0.8930183175172212
SAMPLE_04060,0.6864958559973219,0.367938920129745,0.19590435868823666,0.6613833739195959,0.2496804528381357,0.002201718694283726,0.06697051510604934,0.5095133649248619
SAMPLE_04061,0.08963239797241573,0.30879262025479326,0.3323942419135628,0.6670741956639162,0.7111615114431467,0.010126714515429116,0.05130523346114207,0.4240904137379793
SAMPLE_04062,0.9990201792621868,0.2609811113598669,0.09082522770349748,0.6669198729056532,0.17993352047650113,0.018474964799327528,0.09062965360148079,0.36138797428077324
SAMPLE_04063,0.9992684586704175,0.1270551673962928,0.07679502337601302,0.6669520411556388,0.1587649739835452,0.009389951276540852,0.02858039211596157,0.3386384505410522
SAMPLE_04064,0.9993542912041627,0.035318137682666596,0.04223300207303384,0.026702329202038976,0.10764715109585805,0.004134555017890739,0.04932969981900335,0.10772075215148325
SAMPLE_04065,0.5393435759370716,0.05437539052664891,0.04569766815879817,0.6828242888670629,0.029605049159663537,0.0004307756027447981,0.6716818020935295,0.16799079584931806
SAMPLE_04066,0.9994820922196901,0.02918750892655444,0.05800302452408101,0.0235954537881241,0.06667438618665228,0.01598392542080495,0.03550572122414696,0.07213478514129411
SAMPLE_04067,1.0,0.8017186750953651,0.7885604288804674,0.9939913153711423,0.714363096935909,1.0,0.9990720148914347,0.7383905332139266
SAMPLE_04068,0.9991796798998505,0.08064290499087191,0.04771992593925869,0.10597203557665137,0.12546411148958772,0.013549408122951953,0.025410645376688783,0.20847408344079824
SAMPLE_04069,0.662811593939339,0.20339973567652325,0.21885162647469336,0.34725717922643756,0.561685411682224,0.0005784743322382948,0.6910823851865739,0.5644164959427269
SAMPLE_04070,0.999373128527831,0.021188908627239055,0.049923075634638124,0.013842723922137118,0.05001031107138517,0.004787058539448116,0.03017087464864708,0.04746513509365225
SAMPLE_04071,0.9994525189466987,0.22702738428349142,0.1693996254313368,0.09345608127904076,0.24161567225971972,0.033561452941591706,0.08130599763353273,0.38333665116780025
SAMPLE_04072,0.9990966465351422,0.09491413238562892,0.13871228931812965,0.024200982878364318,0.12121143152068041,0.03503491665559308,0.04882441986619868,0.12996181477479735
SAMPLE_04073,0.9994773245587977,0.22318844966045484,0.027221861221078048,0.024654351459858937,0.17151705476604384,0.007368392423177099,0.01722435021911992,0.11005229727423721
SAMPLE_04074,0.9025090372553025,0.285489131834348,0.21569196815470892,0.6553842611688678,0.2001596293961431,0.003765750985897066,0.07127448961851518,0.4507526582805838
SAMPLE_04075,0.9994600204354532,0.03974552864195097,0.0699839997027255,0.028276441786713416,0.06009100221655921,0.02347615398330763,0.05165510456916007,0.07319665879011779
SAMPLE_04076,0.5850826622887517,0.46264529364037976,0.10617897187306384,0.6649404826837781,0.1854691406985549,0.020339416100358523,0.0838041943233629,0.3383615246642076
SAMPLE_04077,0.9989780478445681,0.3412841369546628,0.1839990769383617,0.6726417412750322,0.25433607924446155,0.1352502629291124,0.07458292719714561,0.47524356497958337
SAMPLE_04078,0.7772288353142492,0.12898703921725407,0.11306178657633577,0.34530073085607205,0.17451484001903006,0.0005705346392327076,0.673459568588335,0.1455504759662111
SAMPLE_04079,0.4428334909196714,0.11801350331102034,0.11223377769963994,0.9832616594180603,0.1448188955242551,0.002558546730461703,0.7249997375164159,0.36385438328644537
SAMPLE_04080,0.9416584364716543,0.29163129221875567,0.19886432464544124,0.6285343911385132,0.19895124495683825,0.0019579541634462427,0.03951903877691056,0.3383816871615233
SAMPLE_04081,1.0,0.9121934586334399,0.9111840770147023,0.9972491379609365,0.9209599968273338,1.0,0.9992715838484262,0.9304832443068052
SAMPLE_04082,0.9994100257765067,0.18647694546240698,0.1620555969018089,0.6681971342995596,0.2635952776613831,0.006255030020242914,0.11354225437096631,0.33112367064451104
SAMPLE_04083,0.9995193425991126,0.3054117733203151,0.026856948347424473,0.17171187027632617,0.11229351559432803,0.003943467330221194,0.02071420143236619,0.10071837459426837
SAMPLE_04084,0.9831972515113782,0.7660681621210873,0.5414505276488089,0.6667197257599784,0.8337932001461686,0.001535039341824651,0.1470183656191201,0.6250535983038182
SAMPLE_04085,1.0,0.8369406262961331,0.7773985688375339,0.9977874018325418,0.4953087684205766,1.0,0.9988977292575257,0.6511770911466428
SAMPLE_04086,0.9994585478035632,0.025717583862651227,0.03271505529366339,0.02058240372625014,0.06111322228028826,0.004881387427260825,0.019673779889525265,0.059000856494189284
SAMPLE_04087,0.9993276482676686,0.12510739534434318,0.2649130433019297,0.6649276688526405,0.18908589764496297,0.014136486386683697,0.08854327161365495,0.30904428597152406
SAMPLE_04088,0.9025045480722812,0.827598733576287,0.3704128663611901,0.6660865034801035,0.8020459941573906,0.01643211726059206,0.08765053825673665,0.8905754221671133
SAMPLE_04089,0.9730088128411548,0.48908557285136706,0.23417287429507014,0.6662067364189103,0.7869800964020728,0.007598211185071327,0.07995892137491138,0.5571466122245584
SAMPLE_04090,0.9983980465623833,0.43478024357986267,0.2963423426759965,0.6738185782071847,0.4147455891947331,0.037564809533805706,0.05653741639839028,0.46640151509158173
SAMPLE_04091,0.7281896192331835,0.07396636802769219,0.07853714740573674,0.6273191428233571,0.20547095689056985,0.001475782367053068,0.6851087580323377,0.3045548788313926
SAMPLE_04092,0.9993605700808086,0.06624854408246554,0.0939738194400387,0.02646221644689214,0.184284116727367,0.012979880059483495,0.0369707061896351,0.20299120704950235
SAMPLE_04093,0.8635254465618633,0.05641190069566729,0.046559371249721836,0.6576488589154362,0.1792490382622414,0.004072373847435441,0.03204528011182561,0.34171142746505007
SAMPLE_04094,0.9245611673359422,0.37857427412694306,0.14368508969225877,0.6662270411117032,0.40244560634402887,0.0013167154573731684,0.0401474561023463,0.3326410914492037
SAMPLE_04095,0.7644227926607231,0.22396915404053605,0.29004454616992836,0.34515126849199534,0.5148977179028594,0.0008317081474673882,0.7058518658656553,0.5450871184166616
SAMPLE_04096,0.9994136342182655,0.044334472977891115,0.06135992634219142,0.009290686541008246,0.0428618005631492,0.00785251002393899,0.031165714441479333,0.0407491447009131
SAMPLE_04097,0.8985642772164714,0.158496167395958,0.1639107788969405,0.6600566080277617,0.1725428743568936,0.0015950943759689697,0.03984415121455385,0.3363242084251317
SAMPLE_04098,0.9538057771368228,0.5041513595133509,0.5923113380917852,0.6543542563931409,0.6815442506251772,0.007160119377511061,0.1258604900459257,0.7211044243360125
SAMPLE_04099,0.9991812154078467,0.5033214885816516,0.12756947704695812,0.655456116774992,0.2426373333736028,0.0446199632956471,0.0974319569630414,0.2898447721854283
SAMPLE_04100,0.9995107431675762,0.5521052369996075,0.8096413345857965,0.6779696076928361,0.7792321564540026,0.07777313226188766,0.2225725908063212,0.9112624591657431
SAMPLE_04101,0.8097261842467107,0.1867034917810341,0.6753150277435904,0.9699011148385717,0.5911337503611305,0.0018099787795085186,0.8014766449757212,0.7101863878061886
SAMPLE_04102,0.9991078265919721,0.129122518696459,0.09650289695814651,0.24640160067731043,0.17137878384145455,0.025167277452385204,0.02537202392763961,0.17527926342131864
SAMPLE_04103,0.6088489256453333,0.06626847111291984,0.05738734698116945,0.852307040780124,0.08953974179515757,0.0004724798350729266,0.6769573058105891,0.18679864770130142
SAMPLE_04104,0.961311968897857,0.38876428650200107,0.27432907679321245,0.6646769845351564,0.4847058388471844,0.0014726867962532924,0.11841723890748834,0.43030985603891997
SAMPLE_04105,0.9994687728755646,0.02091431987715364,0.032635097220535945,0.012663291706834834,0.033773786115549764,0.011157620725901178,0.018343644633003586,0.03903947634700657
SAMPLE_04106,0.9989272675879812,0.04131037102007341,0.04693184486524634,0.031977636740744775,0.10372082153002553,0.00870661640816471,0.017136336245235407,0.0972640304022312
SAMPLE_04107,0.9669601279637563,0.34857705260873145,0.10998003656920319,0.6665091941103134,0.08797155519315585,0.0010084706294637162,0.055959568238263556,0.3627826092744855
SAMPLE_04108,0.5607360470454276,0.17593528228235955,0.17103480627284692,0.994848372614528,0.485485504191677,0.0005854555689191782,0.6850754882285335,0.7452149270300191
SAMPLE_04109,0.6140193288088014,0.15743982683761035,0.186894141117287,0.6373956811229718,0.5400905551274996,0.003788705820862184,0.6893408519958256,0.5712698583199417
SAMPLE_04110,0.9294920525364296,0.2300126811881442,0.23916404082261447,0.34329555848225096,0.6039060754718564,0.0005534275858587679,0.7073925645931007,0.5575922981087369
SAMPLE_04111,0.6317038694883986,0.14236979778379646,0.18342441417399366,0.6439157286524434,0.3060372404468561,0.002788722559458222,0.03502247145260774,0.581463975143674
SAMPLE_04112,0.999250996400963,0.020779293221681736,0.040681759360759885,0.009980071568397248,0.03253408813115086,0.009505760667302621,0.021237979851906383,0.0457383885582065
SAMPLE_04113,0.9993030893091838,0.4212631599773391,0.16693271950254074,0.6665966232646593,0.1992389733419555,0.021998551281540584,0.08170395670140772,0.32502755053329097
SAMPLE_04114,0.9994173632040598,0.02731393706834391,0.03218007817020966,0.01154814065042962,0.03187628624258194,0.003805791866622599,0.027607604433495442,0.04802707503452869
SAMPLE_04115,0.8644974116374535,0.16857077982124383,0.17077092197638288,0.011645936027878697,0.17532531364677081,0.0016930992173339718,0.03602945509252407,0.28254212402988305
SAMPLE_04116,0.9993278780040025,0.32054695096997393,0.23814887017304476,0.6676901693242923,0.43241208898996214,0.018318966623534907,0.09544729577262705,0.5709201244212069
SAMPLE_04117,0.9991767753306017,0.03395712463854041,0.03402122372893144,0.01065812089086058,0.03837340753029465,0.002911532026806331,0.01851608986435005,0.062398072038576134
SAMPLE_04118,0.999180047395245,0.5863853314755463,0.02395676072427726,0.672799600619376,0.2520498047804903,0.027128210697013544,0.04087515425997067,0.3255878198611392
SAMPLE_04119,0.9992844001728168,0.1427095726473858,0.03176660620198397,0.024617983089727596,0.09964398225532177,0.004585788312758916,0.015060199406709758,0.10061145001242529
SAMPLE_04120,0.9945848845918749,0.4266372504393054,0.08222763834086505,0.23212605944257478,0.1956787041377769,0.00846441854869789,0.027647571782468832,0.17471511698188902
SAMPLE_04121,0.999272370774451,0.24571210665578067,0.29223577210254736,0.5248283984805477,0.3201759826966528,0.036031181413939774,0.07903376519013251,0.19698710389866772
SAMPLE_04122,0.8524093583447976,0.2057153004161867,0.24212664776669182,0.6617055376978406,0.16381612178596364,0.0022014538254442524,0.0633156558522099,0.39937250513487427
SAMPLE_04123,0.99942341585656,0.14505113290954758,0.243258854101114,0.5269892818776863,0.2897421097925203,0.02992640320613139,0.06194930945920884,0.24515244771134284
SAMPLE_04124,0.9991569810661046,0.018986448181173766,0.027233588381959595,0.010113979496638215,0.04236793266990013,0.006470127086646696,0.01626040366613794,0.04486075484399782
SAMPLE_04125,0.9543093562517498,0.23353773952426274,0.15907404695052255,0.6671079678005479,0.4220582851013502,0.009320177594513705,0.1062095444348869,0.39998353782255497
SAMPLE_04126,0.9994896690009335,0.25549711953533627,0.0179793887626449,0.03964144577729196,0.11936689596750388,0.004764430769431785,0.016917320762156848,0.07901917758744412
SAMPLE_04127,0.9993908436360348,0.10613347635235919,0.1265561720364043,0.010486848080637762,0.06935807071566864,0.00726702046802022,0.036174038339285085,0.10933153219376766
SAMPLE_04128,0.9341135925974088,0.8429721540325289,0.6262158085349714,0.6670902986821537,0.9022962263174036,0.02453259981165759,0.11777888630063195,0.8945998384114778
SAMPLE_04129,0.9994969666767896,0.054536884205518686,0.08721360080744606,0.01866777530963735,0.1903354757715011,0.011004811263800818,0.05557277077660929,0.11004698507996241
SAMPLE_04130,0.9992876700753208,0.28487024708066877,0.11315470818578532,0.346868384396588,0.10518770339850186,0.07417353314765701,0.06103009035735441,0.17983683627377267
SAMPLE_04131,0.9476713941888425,0.3273311570570469,0.18306557773425106,0.6674070275717557,0.3553677402638517,0.0039024817415637633,0.06989507113133205,0.3843714105749232
SAMPLE_04132,0.9559897154821361,0.2128221300226283,0.1886790989908985,0.6657034910647349,0.36777296889920663,0.0028441356070007112,0.04622956153505727,0.5171633277762832
SAMPLE_04133,0.3039505683510089,0.03849482029439058,0.032379044635518724,0.9960688630858844,0.04044655011459399,0.0004928605328459178,0.6714214966540051,0.32140796814667155
SAMPLE_04134,0.9994928939000539,0.20919658269756067,0.018809111229330284,0.022867082987583276,0.0778235489795857,0.009439384562077826,0.019332196116511508,0.04400727537085226
SAMPLE_04135,0.9995322396031606,0.05100486469571847,0.1082883357648357,0.0689523359741648,0.0781107468640669,0.00955534114974793,0.0388291343158251,0.08453669902044769
SAMPLE_04136,0.7154430090835796,0.11662471570496392,0.1835619683342271,0.9057497985656496,0.5201443423255173,0.0011503243610752943,0.709340782617366,0.6401691590847296
SAMPLE_04137,0.7992841293014546,0.1946828071284421,0.207020726435607,0.045874594325646105,0.27007618197082406,0.0011947792888041355,0.06716736783875724,0.2152020335029775
SAMPLE_04138,1.0,0.835084954870544,0.8416019206380666,0.9988503727168353,0.6559248793559269,1.0,0.9995944626586987,0.7013691631448493
SAMPLE_04139,0.999400890397887,0.029723251844481685,0.026402989304680297,0.05494849099881161,0.13189529673535397,0.017528356810679165,0.03770520012727379,0.12635999210404789
SAMPLE_04140,0.9619171034945678,0.08298371005286188,0.11084545805708801,0.6660068699381082,0.1850251302104621,0.0013470796989061126,0.05207485996643272,0.35966967614063283
SAMPLE_04141,0.999038979356782,0.04812000690245674,0.047269359172387594,0.049562960345052226,0.057606331644731605,0.006095607545813553,0.02570883190922006,0.10758361732579068
SAMPLE_04142,0.999152469505857,0.23444566705719116,0.04043248292852764,0.6727712723708735,0.12095112084394456,0.004537382805888422,0.029984624120675794,0.32758795863412826
SAMPLE_04143,0.9994673855947402,0.15172035720078725,0.07240984839143388,0.281430330675344,0.15732770228571272,0.03667485603077455,0.040317760765871846,0.1633457898964891
SAMPLE_04144,0.9994072092371731,0.016067744743319807,0.020518956435858143,0.0204431274193124,0.03525012852752427,0.007632564325035979,0.01743949629576148,0.05661847346126328
SAMPLE_04145,0.9994670297480721,0.05292433885335492,0.08176189284706988,0.03765811031460758,0.1001576337198417,0.01622305629780327,0.062484152237989136,0.08247754147497721
SAMPLE_04146,0.9995074962811042,0.44008079995461374,0.20435144438360076,0.5763993749551287,0.24361677901460507,0.010177294104158413,0.13355535348833517,0.2781285891676075
SAMPLE_04147,0.3615277107447836,0.05034474510512643,0.04864556844953158,0.3366070606190629,0.03536323058654988,0.000569184653476825,0.6729595908755379,0.027711423814556293
SAMPLE_04148,0.999437491543124,0.08436156348474066,0.11167612030858944,0.032304865912457285,0.11468342339280692,0.025383374280958954,0.09256778685667573,0.11029704844026227
SAMPLE_04149,0.8745508981979376,0.14332571950058356,0.06592755908076393,0.6639143960957146,0.08437632103837767,0.0013093057194192301,0.023111081091737613,0.3505745334612367
SAMPLE_04150,0.4362712988242154,0.1640373295221543,0.1802593043057933,0.3403601449931341,0.3756474621273867,0.0005178136587418209,0.69006652323639,0.433167068380131
SAMPLE_04151,0.9995187661885291,0.1917607183422612,0.04132492146995829,0.019251412209685907,0.1146362949110129,0.006747094839073215,0.01741608621114994,0.08654788844682915
SAMPLE_04152,0.5217491469141343,0.08207734216907069,0.10016222961091771,0.6205029531039731,0.09419289603769172,0.001079434970664199,0.694967310158081,0.1908189551433073
SAMPLE_04153,0.6130945965627653,0.08578798110288911,0.11508071933791024,0.358926179010554,0.03366189463854985,0.0011060841997324279,0.6895547632029332,0.08141385903810376
SAMPLE_04154,0.9993705926442792,0.039806638087619826,0.06506323368951188,0.01663698335896304,0.09015593136417184,0.006776427293145149,0.06179880741098545,0.10929487030149747
SAMPLE_04155,0.9422931498012878,0.373637275400966,0.12983630283807357,0.6665349663916108,0.5161474382361008,0.0010841617667006057,0.03704676109155637,0.41066982306486577
SAMPLE_04156,0.9989964793600009,0.03507521318643236,0.053588156332742186,0.1531245037147208,0.055748247801622186,0.0075632885585731995,0.03748358672345511,0.16810326396441844
SAMPLE_04157,0.725159517110678,0.06654737526183956,0.06022847387002101,0.40879229107021536,0.049301221922902566,0.0006563526478468039,0.6791563829233844,0.1149303931344633
SAMPLE_04158,0.9460483736332835,0.47119172589578767,0.18718188117679802,0.6656983753195936,0.4944670919751904,0.0010603066526635996,0.03206508547016513,0.5886533434811592
SAMPLE_04159,0.7722062405471034,0.23166597609693398,0.39512239337912797,0.9973295819733495,0.6129218264973154,0.0008281669392630605,0.7463928809161272,0.9166659411729734
SAMPLE_04160,0.9994504867343622,0.03557157524391722,0.04220196027032308,0.023794469508613258,0.13452004178721388,0.007383209194103266,0.018528429800265044,0.073839983861526
SAMPLE_04161,0.9681303506297999,0.30564735600236825,0.14374475667364386,0.6604332518990342,0.4149748185623259,0.0018686581429556276,0.06652294445734865,0.3797827151148982
SAMPLE_04162,0.721664927905569,0.07478517212536054,0.06952745117970512,0.651040798091009,0.17283331189327347,0.0018170723074916633,0.020761305186419544,0.3690081808798508
SAMPLE_04163,0.9987330651007559,0.7915151465565403,0.3932464687632075,0.7183815572593719,0.5825468369127624,0.07052292912664056,0.13049924184886147,0.6551377953733991
SAMPLE_04164,0.21354712848968058,0.06535207319106988,0.06567137230016888,0.34308794889095356,0.08666607170963449,0.0005996142142768012,0.6744591306488937,0.09881671550517401
SAMPLE_04165,0.9769422382152334,0.35621685635623107,0.3382960160558353,0.6676054255353048,0.4625603221574542,0.0026580234853299974,0.06773977843955566,0.657228867646266
SAMPLE_04166,0.8864435912453953,0.17265304252722655,0.15871295317171413,0.11019736731639022,0.41225523627724997,0.0034541128399437075,0.03469281467836765,0.45526096296868906
SAMPLE_04167,0.9337106585438587,0.15971051647395237,0.17740676779609843,0.6611752042031943,0.2881247712571124,0.003452366991977178,0.080989011839924,0.3289127464993476
SAMPLE_04168,0.8986686210867335,0.28329168856643955,0.6108215490723015,0.6611905764673857,0.6606925219798938,0.001518104304259663,0.14789114906801928,0.6825259706824541
SAMPLE_04169,0.9994609362768676,0.06814765717751804,0.06933769177392976,0.467305787142903,0.07726190225750124,0.03662082728631038,0.0358126151874632,0.16349509655179914
SAMPLE_04170,0.8690193861762744,0.17967732531467276,0.19556794337723984,0.3930745715253436,0.3617529951741176,0.0005511229534299686,0.69096274626368,0.43633589411154144
SAMPLE_04171,0.9993009354469103,0.07979891102202734,0.08997135386428007,0.5999916581529529,0.15602208268445275,0.015277681880548002,0.03163564093472936,0.3108708843151662
SAMPLE_04172,0.9991319631464824,0.1819521477312757,0.1671862925905567,0.03365547182076704,0.1049505246029289,0.026377133128600974,0.04928417034753843,0.11713657221942968
SAMPLE_04173,0.999367406482009,0.2640001897513446,0.4249156113748585,0.49977653059279076,0.5994507366070138,0.33811887404153657,0.20691920350496162,0.5502155463311921
SAMPLE_04174,0.5395973548295357,0.08802395167519343,0.06846169207863771,0.3491781361766811,0.254122123116277,0.0006924093906351293,0.6755026886603143,0.28718862906322795
SAMPLE_04175,0.8260583868537879,0.35522103412355843,0.1609422076392358,0.6665532041691913,0.14430079530803122,0.00111322264509677,0.027324203687752385,0.3657917658956416
SAMPLE_04176,0.9994556982943696,0.11707857739234113,0.24970782359665655,0.09998570062095531,0.16827891861249397,0.033372015498635395,0.09213422387935867,0.20235545300886126
SAMPLE_04177,0.6057853514609352,0.2954114177544729,0.06340645140449315,0.6667875325923317,0.0725692153127552,0.0010662561219121644,0.02071791490397937,0.4156969995734929
SAMPLE_04178,0.9988716118110162,0.4728503379198498,0.17135160494112112,0.6702929258501262,0.47619119477108923,0.13474321728471794,0.07684298210688881,0.5313078462765083
SAMPLE_04179,0.9989715136465956,0.670488735298776,0.04645693803859809,0.6649072242548866,0.2498861551502073,0.014098215129056381,0.029510183013498947,0.3306186120276707
SAMPLE_04180,1.0,0.8588721909136092,0.7920380072254015,0.9987263804916603,0.38949245143652905,1.0,0.999571819247203,0.5005352234371837
SAMPLE_04181,0.938647558766769,0.0655464249381777,0.08960050261669332,0.6485419612168255,0.1386745221297905,0.0019336178886797837,0.034139154549729156,0.27915981753862296
SAMPLE_04182,0.9994206002901862,0.026465108445572372,0.02833566007354009,0.042165340067498065,0.04699003967611943,0.029369006391458143,0.02949953087689682,0.09307202307512435
SAMPLE_04183,0.8458919906460184,0.16345479312567462,0.15887930272998535,0.3470384650922605,0.25091031921034007,0.0005502362998897524,0.6732811401445877,0.23655128325253028
SAMPLE_04184,0.9993646105898301,0.02196396830123409,0.08075146516721758,0.011666818593194623,0.04028301183525187,0.010088498952980298,0.03374109114996676,0.08375954065126301
SAMPLE_04185,0.9994677957034553,0.028145949792489355,0.04468203836190183,0.015850845780801398,0.05530035470180631,0.020385653233789516,0.03182457139078643,0.06872426588789242
SAMPLE_04186,0.10891505129932477,0.11838896811257878,0.11754141148547403,0.3512926816298416,0.3186827178153298,0.0006626465933708177,0.6951934037028744,0.24772613025129844
SAMPLE_04187,0.7182469911255719,0.16718060969708726,0.10660712955212985,0.6666072269643835,0.1054274010723563,0.001193828003976373,0.06461456968227126,0.3538293829304034
SAMPLE_04188,0.9502747334433627,0.5772045902571418,0.20394748792586978,0.6664282781209833,0.386396186160632,0.0013271151147536363,0.06033879459516068,0.5686216541191115
SAMPLE_04189,0.9496648124312248,0.29945509870372816,0.1100526456709235,0.6657555569137257,0.18978957148238731,0.002838567392557542,0.08996743916496454,0.3476229298079523
SAMPLE_04190,0.9993697381144561,0.06580182008882986,0.11084570130755612,0.01645564597952037,0.06533890742505398,0.019175995857444034,0.08895811690977297,0.10854347740666383
SAMPLE_04191,0.9991903854023348,0.04267885929085372,0.07300520486278582,0.234972837641422,0.11231513019454857,0.02513504048445632,0.03485853610482806,0.15890048202344242
SAMPLE_04192,0.9991941454168449,0.041457497056258154,0.07578893830965977,0.013653467867229074,0.047861449480737804,0.009744456985429579,0.04358799854017032,0.1250805009883191
SAMPLE_04193,0.9498216009224606,0.2237476429039804,0.21931698083811593,0.27202186473811574,0.6208588552435774,0.003091645740807406,0.05774872280350416,0.5285994624084634
SAMPLE_04194,0.5681464031413418,0.05661319863551473,0.057144273407835955,0.01257473102660958,0.039888989157421735,0.0013462042896480947,0.015136943745469951,0.06702871938219895
SAMPLE_04195,0.9993661870953495,0.05136264788772583,0.15478661200978133,0.4217602283754,0.10039578732261854,0.004518002962459723,0.055042924001654364,0.2345566124949978
SAMPLE_04196,0.9928541548309555,0.09074730394888714,0.11141118253264896,0.6766417031076969,0.10039675679999997,0.008232580816078248,0.06905414750333418,0.3194714088304292
SAMPLE_04197,0.9995002029669912,0.03648500660917086,0.042146745868231465,0.010355443866644594,0.05885021457642997,0.0466662715916499,0.024452897532376828,0.07053042548239392
SAMPLE_04198,0.9994027835104892,0.0929560630317736,0.07333818592378863,0.20803661902553494,0.10696460403296935,0.027282265725187393,0.032491835738845266,0.14477742283492992
SAMPLE_04199,0.9994231149961648,0.10324582673513834,0.11691963471558847,0.08385669359477078,0.14696649218015148,0.012410741341350283,0.07216942519591409,0.19826870546928166
SAMPLE_04200,0.24895051832373685,0.18697717425149166,0.19665141729531288,0.3471165774455451,0.3593415817408126,0.0007155731345796509,0.7459219126109051,0.393231044079481
SAMPLE_04201,0.9989554843607585,0.015734210217998028,0.015550087280847183,0.008606252644752212,0.022127707133241515,0.0033065700940084087,0.010404357475710972,0.021688490086238632
SAMPLE_04202,0.9987578795971183,0.16284989856815874,0.20319589814510555,0.07658892441252206,0.2009352291101024,0.0824117047878818,0.10842530518941867,0.10559485682476305
SAMPLE_04203,0.9992704686745214,0.11210728875506255,0.12158552799928202,0.25917135950271053,0.10016168620586126,0.012134457122038493,0.04810316269433837,0.13767424058394637
SAMPLE_04204,0.999511842849035,0.0707744518711762,0.08624243950721161,0.04373907663211523,0.07031431272429528,0.018024217535661108,0.03915447103646548,0.11167033324486471
SAMPLE_04205,0.9993760499877015,0.08727210374992407,0.12983004789725522,0.12156048032684308,0.26840860834713515,0.009133058558638139,0.0740076595889705,0.1960465965737985
SAMPLE_04206,0.9977703651732552,0.6614078490336547,0.16125389578434046,0.667935099762655,0.13728270774983373,0.0043699985422272795,0.047552216042804435,0.30305132617871033
SAMPLE_04207,0.9046141688232797,0.1644343945876018,0.22351566189119398,0.5720840992087245,0.5160287516067253,0.0005570714568621502,0.7248319615727459,0.4820273455334321
SAMPLE_04208,0.8878594745077338,0.1891574816502651,0.11410587523690367,0.11919257401631006,0.07479828463347404,0.0017559171345835065,0.026115620224528666,0.11948894439993736
SAMPLE_04209,0.9994691342282978,0.06112723135416895,0.053858965071180105,0.3458752051470786,0.1328739539855486,0.010819570120470584,0.031353881892778025,0.19477847643146304
SAMPLE_04210,0.5748710733895767,0.06417544376505825,0.04304361590865129,0.6669376142179729,0.09135868902231219,0.0025038564101742887,0.08508858906689896,0.3490457163731521
SAMPLE_04211,0.9995086192562027,0.053750570712330824,0.09298071645664398,0.00830239468160277,0.10147105865797527,0.006206633739701705,0.022654242037205456,0.04247332351118416
SAMPLE_04212,0.9985979919064616,0.6418797309897925,0.1595073035406052,0.6731001035641494,0.22557361407730392,0.010372787242128473,0.05051223063071405,0.3492166438706672
SAMPLE_04213,0.9995323613363882,0.052259046760445356,0.06310294412870371,0.011704942903737414,0.06469814948336614,0.016513807654608127,0.03164935981950461,0.07693800700960944
SAMPLE_04214,0.8466409083256498,0.18604563418295783,0.18980526659989014,0.4170439810365534,0.3702440798538656,0.0029992779857334327,0.6918298287646683,0.455370706791507
SAMPLE_04215,0.9987447718653367,0.37415273180822667,0.17779469113456778,0.7066176427826126,0.21628325751986668,0.0920575332472572,0.10468525154898656,0.34936263454909944
SAMPLE_04216,0.99926282381628,0.0876092999036709,0.1494037463681457,0.12264450528629038,0.1497147417503534,0.03769981725634025,0.0661654001687876,0.1336059017274772
SAMPLE_04217,0.34620074547056534,0.11755660563116387,0.24868328963233355,0.34502323941936003,0.39838007329488795,0.0008791115956210703,0.8200515899010595,0.3323559080565989
SAMPLE_04218,0.997882778860078,0.18208164893693,0.10650195280276505,0.6683944318482652,0.11927151776367186,0.004776262462084166,0.0932758152361018,0.33658367574133824
SAMPLE_04219,0.08319416924072655,0.02381425774691275,0.024810425889792362,0.9921441272568637,0.03155347382768,0.0007495830808272847,0.6737622026370595,0.31606291626992083
SAMPLE_04220,0.9991627175079266,0.10317404265710421,0.17038435713448655,0.15841463845789608,0.299780301944894,0.00771825215576821,0.1454731531707266,0.36950030527096384
SAMPLE_04221,0.12236498196123158,0.06440124443926402,0.059255743867021926,0.344658155655172,0.1077611722759118,0.0005988115017360311,0.674481569367663,0.07186452430454013
SAMPLE_04222,0.9993211616633239,0.1888796135327584,0.08249437391175375,0.7006872561864522,0.15996911181117804,0.14654429001902894,0.0820159769896584,0.3219267789925907
SAMPLE_04223,0.8110860151080096,0.11021427464786389,0.14209010643143433,0.6672899181618496,0.17713057374029037,0.004061911396988556,0.026793276037385388,0.4104969159230228
SAMPLE_04224,0.9977658129084735,0.15077109397064256,0.0903906926427973,0.49222422493776774,0.11359123574627128,0.014520696777534746,0.03850484087420768,0.27878091804637783
SAMPLE_04225,0.9995103979280319,0.046982356568741716,0.06511275755137094,0.014321742222104574,0.05680337940578725,0.009107954081181606,0.02421417171182556,0.060642180485382585
SAMPLE_04226,0.9991670507430284,0.034019880529008895,0.030168075551482737,0.006604499445605663,0.04231346387660875,0.004723877060332369,0.02596907658203422,0.034811796213644663
SAMPLE_04227,0.9994254726963886,0.025129215103451456,0.05791057391736359,0.02660283060302011,0.06189138496745091,0.006674339302849934,0.02480322831995589,0.06973391455674845
SAMPLE_04228,0.8086292876167871,0.03425721904955967,0.034649516246774974,0.413348917103223,0.054084017874480785,0.0007491131394696818,0.6731503940791278,0.07849116492288519
SAMPLE_04229,0.9993470812066184,0.07021984701051563,0.07404756317439094,0.4888112245396146,0.08702315909569369,0.020952781860375736,0.029800256690391946,0.2226211322454887
SAMPLE_04230,0.8327958967814754,0.3073284317998754,0.26877222930241346,0.6513709120844255,0.24698410676056093,0.002268964205754324,0.11665944721031792,0.4107255508492962
SAMPLE_04231,0.5581309739977333,0.12540072711679684,0.1321911967010488,0.010902754530088973,0.13584753763306556,0.0011826799517503494,0.020021052920002235,0.22863606808986944
SAMPLE_04232,0.8962943206105584,0.11316126743616654,0.16070335359128476,0.6664246616498932,0.36770175267629474,0.0043148961362970625,0.04748356406305615,0.4611297159928108
SAMPLE_04233,0.9994492093554873,0.047806087112853037,0.04413991345010937,0.03943088526942228,0.07713086662661851,0.0322486222044027,0.03619974183987334,0.10954583116722243
SAMPLE_04234,0.9993440825490416,0.23948630284102382,0.1708413516532806,0.6574429933421323,0.2515454938941945,0.016826215403008854,0.055772056207237526,0.45974181976228384
SAMPLE_04235,0.9995416898313984,0.4484468795845861,0.04719418696812298,0.2846273487727566,0.20752157326458476,0.007621908468056891,0.021140862632556618,0.15133080347904102
SAMPLE_04236,0.18600177856355038,0.05676618167639483,0.05684678558226546,0.34465417355742733,0.10208220612576806,0.0006981882562154839,0.6752723186755548,0.06575777735060047
SAMPLE_04237,0.9988825037462696,0.024172257266361154,0.019454561290014865,0.011196073295689167,0.04371107076771302,0.0064765477476816935,0.0168627274807787,0.03184657393233478
SAMPLE_04238,0.43142845558734716,0.1800483378312241,0.21760430521141425,0.9591201087570186,0.19394825032884533,0.008577302039892737,0.6979985839838404,0.30585175332581904
SAMPLE_04239,0.9994160865043963,0.6279197677253178,0.8693008280545723,0.6441145544239225,0.821363766964172,0.16755970660517414,0.26617832274597736,0.9168416071359728
SAMPLE_04240,0.08148519378793957,0.09724408816104683,0.2749807603186614,0.39137261064463963,0.5293451052645921,0.0007333566788671735,0.7169279903487311,0.4588913112383541
SAMPLE_04241,0.999060597375656,0.044268516918203056,0.07288286071272411,0.010078080225875601,0.05876130919188135,0.004558752186786441,0.04192571640931516,0.04775881936531165
SAMPLE_04242,0.7015184098173665,0.23274114025251044,0.1853017086721429,0.6664146140037238,0.3724704706750499,0.0016068402653939586,0.1235711444126017,0.5049795864442088
SAMPLE_04243,0.9982207368925181,0.24066556994523935,0.3761959589778871,0.681546103905368,0.5122110779540323,0.029743988928881304,0.052919066587867464,0.4376137722908286
SAMPLE_04244,0.9994818129563177,0.09090566131873144,0.11341305664054585,0.00799118757921712,0.06706827664624164,0.005805126181923612,0.032644518287271634,0.0976473340273929
SAMPLE_04245,0.9994030116286784,0.01068909344635157,0.020362660347012573,0.01621673176170135,0.023944466918495055,0.0073475887258456244,0.01893288285288313,0.05003862999064838
SAMPLE_04246,0.3580886041071447,0.07746487690320421,0.09483210890122407,0.3385079962376445,0.0510768651885001,0.0007541213452707335,0.6716132572239211,0.03638460256564224
SAMPLE_04247,0.7256619401601268,0.04686462711408879,0.03752485493191014,0.6670104036178642,0.06761696129475177,0.0019276873133974948,0.04133099333174769,0.33995439976402775
SAMPLE_04248,0.9424951981970887,0.14314776251634526,0.15454068557240438,0.6646724818279929,0.3074087211714662,0.033661141981463936,0.05128491393974269,0.5467634337936716
SAMPLE_04249,0.47071294695656346,0.12523094184231323,0.13646810127202688,0.00826344364142634,0.27999215267776084,0.0016593254458890743,0.03166616610965125,0.393705413071512
SAMPLE_04250,0.1581801893668844,0.043088532203697426,0.050951716572553644,0.3385567872663007,0.026752624479671045,0.0005475776586691518,0.672188005895883,0.028595281902233927
SAMPLE_04251,0.8761653226558742,0.10356119764443474,0.0967209621339246,0.35869633759496006,0.12822088340606105,0.0006123770833680581,0.6720392169797598,0.14387062794412425
SAMPLE_04252,0.9985965394601689,0.05650555937111212,0.11386247068233574,0.010703908945801187,0.11363675407377077,0.008614228366032801,0.04026150849546547,0.09550069544874586
SAMPLE_04253,0.41566549843106193,0.06711237930981691,0.07461906899754912,0.34902222919199044,0.08875343963915067,0.0009434790378900208,0.6812077126036429,0.11247623782203976
SAMPLE_04254,0.9994144019148354,0.2119959506133601,0.2698415937737178,0.3108384362888361,0.20648687064548046,0.20908093824037696,0.13276343400809504,0.1666647409812011
SAMPLE_04255,0.9049967982746346,0.13214435076647746,0.1534005187613398,0.6653891294797271,0.4887429971006203,0.0019118304092858595,0.0241920797560471,0.7224726611345899
SAMPLE_04256,0.9995059313896598,0.1276642977572403,0.13812333573640553,0.14608286644286766,0.3380648460325972,0.006493735070829243,0.07739322694631624,0.2216797978183129
SAMPLE_04257,0.9617415952067375,0.3902476255296392,0.08943922284844415,0.6632715613238138,0.21053208894991804,0.0012955462404680635,0.061083051621455976,0.42935571198455785
SAMPLE_04258,0.9991690258224457,0.4109327428569345,0.05493046937662576,0.6676828360561095,0.26000096798522104,0.04431516488368897,0.07168888374518344,0.31891525941707427
SAMPLE_04259,0.9991266687872494,0.46458882600771995,0.15426319449796344,0.6711993317055498,0.20153530273806605,0.07515727078514087,0.11061467124083135,0.346305350006461
SAMPLE_04260,0.9993125221034603,0.01811084333335407,0.03532553207101705,0.01418332281002512,0.04578776980889399,0.004643942692408136,0.02170247222268011,0.05785673088212878
SAMPLE_04261,0.05516201425374229,0.04213242064297026,0.04101807153548271,0.3369804616125802,0.03549261280842137,0.000731372708303311,0.6743127259636398,0.04623059918404058
SAMPLE_04262,0.9991371338669182,0.12632968696545785,0.12134502965313244,0.01743746981481736,0.3279836734311942,0.006417619238333006,0.021151900338771883,0.15438650520439826
SAMPLE_04263,0.9994495951185721,0.08711251181632162,0.12673097238841574,0.02076781734220925,0.12604873981727246,0.06270129156777438,0.10509190154814446,0.12647658489245692
SAMPLE_04264,0.8158233982694124,0.16348019309602535,0.16334256924999627,0.6668830021360687,0.402465370019986,0.00160841210489584,0.023572597540870946,0.6702991899076496
SAMPLE_04265,0.9995121756082442,0.29934400982260706,0.6072093640472048,0.3971402814610896,0.6746011113545277,0.027855307240986074,0.23471608397139207,0.7512855728929363
SAMPLE_04266,0.999276505345497,0.22788100641720088,0.03537542715170148,0.6546216971742849,0.09063686527545962,0.0136296051929157,0.015903972788877282,0.3321600564099614
SAMPLE_04267,0.9633822593566221,0.10694082788148608,0.058032898558572514,0.667311924834642,0.14491199902228888,0.0014672906950011944,0.02197558834092031,0.3370814742394282
SAMPLE_04268,0.7831540824906363,0.11019514180260388,0.16560433635067376,0.6592543661116882,0.2959061827106546,0.0020208508107133487,0.02108409659439546,0.47270081327124247
SAMPLE_04269,0.6113577417542225,0.09401277131299107,0.10145182140003683,0.008616385800329576,0.19688968282699135,0.0029269425919036594,0.024404262144084202,0.20058940075577372
SAMPLE_04270,0.999359239849931,0.041408366210610295,0.07352885478418324,0.021321089387505755,0.04670808385769717,0.009821946548570918,0.02549758917255462,0.04185375796658273
SAMPLE_04271,0.9725682532687502,0.2981271833382911,0.19234912262145934,0.6654266384288293,0.7359931805277574,0.004322190248326876,0.10746921289185656,0.8308928602932871
SAMPLE_04272,0.9991819264970419,0.05714396758437255,0.0933026402555504,0.14893133058555788,0.12723805025152155,0.013425646573127255,0.048073280665470806,0.12652984024346337
SAMPLE_04273,1.0,0.75421114981112,0.7357747467117806,0.9986862536475702,0.4370141095037466,1.0,0.9995535096004576,0.5645688766211406
SAMPLE_04274,0.9399838420312717,0.20568024895597725,0.14706465139629718,0.6658076220556501,0.22100361631128376,0.003622190154336412,0.056977326837763624,0.3634927352400079
SAMPLE_04275,0.9994023584882603,0.035630231338076905,0.03510608459711293,0.00963880935456257,0.0303349276192965,0.011087472979569057,0.020701942004905244,0.026103839939900512
SAMPLE_04276,0.9994784658241067,0.04240272842648129,0.04524174048522869,0.016719962059711154,0.05151519152633419,0.020979553576596702,0.03321946298117238,0.07746327013586876
SAMPLE_04277,0.9992807140185636,0.4334360207369971,0.1733066955832655,0.669959102661401,0.4003829011898615,0.11694244957529461,0.1438791072037026,0.6380924981103377
SAMPLE_04278,0.8676058032991253,0.09833045101336635,0.11034568879928358,0.3946155279266632,0.16428947905382232,0.0018224670752881164,0.017387817526440513,0.1653170022777776
SAMPLE_04279,0.07610880275659297,0.05412133744327979,0.06192605764015558,0.37353671267153965,0.04477233073064348,0.0009805995368129465,0.6796177665079521,0.06728810318192752
SAMPLE_04280,0.9993796115136501,0.2323302590229274,0.2090455141684879,0.1584908363637094,0.23761041454094842,0.0790214068673607,0.11257588937231504,0.336863050217952
SAMPLE_04281,0.9994257673016481,0.15504654057629438,0.09169914807108535,0.28710711375080483,0.16113454685396858,0.018289160682742774,0.0475515641819196,0.13471165342478397
SAMPLE_04282,0.9434343921805991,0.30595998851074463,0.2312850615221528,0.6581448730639107,0.5860654525969973,0.002886489857645088,0.049245859134174785,0.6774252540569509
SAMPLE_04283,0.7500289290522525,0.2813263425712864,0.0569343556104795,0.9974107548015608,0.09365833469182822,0.00044701407164815244,0.6710385755530491,0.33640864683347255
SAMPLE_04284,0.07890135419327429,0.04922452204312236,0.045066797301603706,0.9876895900175703,0.03584160735734291,0.00046573402603271183,0.6722080665517448,0.3339654976231425
SAMPLE_04285,0.9995207665680272,0.47292216157853223,0.7471539897839269,0.6452066749210839,0.26578689080829876,0.07780295519173565,0.22601638669457733,0.37671202727583203
SAMPLE_04286,0.8222045740183231,0.11158810097022824,0.13066808414270661,0.6400879481526953,0.3123712350997712,0.0006470862076837655,0.6881050195636429,0.3514559954708587
SAMPLE_04287,0.9559003322278606,0.1924044579773219,0.20933693989566585,0.6626927636086292,0.28120099187955444,0.0022318626307423965,0.10724176348830768,0.5199765021083473
SAMPLE_04288,0.999404575983526,0.047829691556154935,0.07903129166481483,0.02144558290378377,0.058361184544453916,0.008049036088989587,0.05089171997053405,0.08813149591136055
SAMPLE_04289,0.3684094023878111,0.04043806742079744,0.031657888592842874,0.9787243269896747,0.04827955581725394,0.0005890120536461926,0.6740371366037218,0.31897013996512874
SAMPLE_04290,0.8337901154434721,0.15349873910390546,0.1529243282559515,0.3554079226992375,0.5073993129332773,0.0014967183417619462,0.694269740303569,0.5746987779085865
SAMPLE_04291,0.9505152468141974,0.49792822058144476,0.4578434332635087,0.6663960155390939,0.5645288077901222,0.0016324682881574115,0.1925007737115996,0.6986590596931178
SAMPLE_04292,0.9502429166879098,0.11384480102437515,0.0872049810661633,0.6661639662754412,0.3923658866059305,0.0021723547858513875,0.02528252111668006,0.4240386863680545
SAMPLE_04293,0.9992450944041059,0.06699544947703999,0.061218139013640906,0.011196295273788131,0.10333592478724381,0.004512653700271885,0.02926127913983442,0.13886806307611163
SAMPLE_04294,0.9992795481942388,0.34575666582273384,0.06429062574985309,0.5583815269285904,0.16803292059566075,0.009180933340862422,0.020204804182972012,0.2139740764723889
SAMPLE_04295,0.9991433769062054,0.04102376611162556,0.05524354314027078,0.01996459384069372,0.05561869598450334,0.007815238134161802,0.029943059544561997,0.07680954002235893
SAMPLE_04296,0.999224628362715,0.13785221061709138,0.19176205521725342,0.682972091745675,0.17451299693618894,0.01921460963803865,0.106300206546649,0.35756408602582285
SAMPLE_04297,0.10441671052124989,0.04855132534761849,0.09439152156883501,0.3400217679113624,0.10076225056113758,0.0006428175897524381,0.6943812188543421,0.0873148520617254
SAMPLE_04298,1.0,0.7642925465897502,0.7423400425551002,0.9987620451585576,0.47964125072830033,1.0,0.9994117926122504,0.539574714540103
SAMPLE_04299,0.9994607114603723,0.051280595205255665,0.0686295203915041,0.015540238133450396,0.08481322030335976,0.006859904440536039,0.04332253474926432,0.06930331096665306
SAMPLE_04300,0.9990275638841206,0.04094677509213406,0.04829017645069958,0.6652288043187856,0.04926348631586066,0.00910881018068295,0.02527133594843024,0.32668293790161784
SAMPLE_04301,0.9990142422910898,0.2463880573676235,0.08077969581099498,0.6787881081344166,0.18076160556878787,0.02887626430527418,0.061307263857860894,0.33505971601645074
SAMPLE_04302,0.9995004692147416,0.1700993806714851,0.041324614082415,0.019561337029267215,0.17409551709548365,0.01164789657193545,0.016032632639933517,0.05129018070458922
SAMPLE_04303,0.9994692128955128,0.05158664616868929,0.07860685737598803,0.18005791354793535,0.1083603229267351,0.02498777784123431,0.03925867993583748,0.10246808225292588
SAMPLE_04304,0.8609404045152268,0.13722105984101785,0.13765708481046354,0.6669156691394589,0.1945972300852833,0.0019562853591232367,0.05398117051263476,0.4851524063430736
SAMPLE_04305,0.9994464769340481,0.18572485475050457,0.09333872843068337,0.06877373925051905,0.19049740717036592,0.016354047055981674,0.06466015247445414,0.11167899602454574
SAMPLE_04306,0.504736160552625,0.06465225594169481,0.05655353706497859,0.887160230254817,0.10535466340663709,0.0007731860672017921,0.6767091964720858,0.3015454243107189
SAMPLE_04307,0.9994421130301556,0.047630137110290634,0.06184867877619952,0.018670406359923106,0.07338069116416085,0.10834869529200482,0.04118604794831026,0.050864293647661867
SAMPLE_04308,0.8894950294846454,0.10084409183361187,0.1307047692084439,0.6644819322749017,0.09716499064722002,0.0019382487661910855,0.02406481055146227,0.34650517691449717
SAMPLE_04309,0.363578425423625,0.031780317259799414,0.030731104564772002,0.34333012918242317,0.03165311246271415,0.0005486479400456298,0.6724199174555235,0.02586016552089
SAMPLE_04310,1.0,0.7964475393578963,0.795636715600299,0.9988081633794913,0.612024547902072,1.0,0.9997127180263247,0.6800878786003474
SAMPLE_04311,0.932515582874939,0.3740506690357557,0.24162804093696658,0.6666147365275794,0.3921755158621692,0.0013162505841949822,0.14905325087906504,0.5414482190001831
SAMPLE_04312,0.9994861503821054,0.31092059211466133,0.032439206686117494,0.1726546530610382,0.18034643739978853,0.006866834507666321,0.03822762822164633,0.18098159771120548
SAMPLE_04313,0.9994617817621663,0.026330745103445085,0.03916989482611044,0.010723612958023078,0.03559117855160698,0.006076607720179765,0.0229405142514429,0.030014298346803605
SAMPLE_04314,0.999319379819421,0.14542406444732878,0.19325855574430137,0.6543205790590478,0.22624388078003743,0.011109001486531789,0.12034275532186973,0.35589621356393814
SAMPLE_04315,0.9233458820364856,0.25236884393056364,0.4131922244064725,0.4038673031567685,0.6209328559110859,0.0006953695134212804,0.7598554213069718,0.6924782959492507
SAMPLE_04316,0.9993490464576614,0.1285868005989432,0.04270610006008716,0.6671527137168689,0.11532404008959678,0.013883830436095581,0.04898300153199956,0.3505633349817359
SAMPLE_04317,0.9757185901890262,0.20273865877539102,0.18958764851399604,0.6665737053394166,0.5190029415126364,0.0026013707405708824,0.05534709140979447,0.3735685076379891
SAMPLE_04318,0.9994162925223192,0.07823184372488695,0.04274754493148059,0.23122234985866022,0.14452905339991043,0.04786875784902794,0.036021749411818745,0.1533312803447374
SAMPLE_04319,0.7936755771995926,0.4325550577305229,0.1119783103267931,0.6603624626467092,0.2334580325576483,0.0017565977931842333,0.026125204545996542,0.49945687080107976
SAMPLE_04320,0.9993700784091427,0.09492189110682776,0.08008777850256595,0.6648419652363885,0.08921974693921635,0.009895003815571369,0.033889086125092505,0.32097367409545446
SAMPLE_04321,0.2342298196902909,0.18658817742503675,0.22585065828395398,0.3404846246932885,0.2994078172036119,0.0007828650589296551,0.6946003926412048,0.26902036455450745
SAMPLE_04322,0.9524515579903202,0.37001137858605554,0.20885482931008106,0.6669603278036753,0.48446556473159835,0.0014820976473249989,0.07019139524725024,0.4691001157014889
SAMPLE_04323,0.9990183650797652,0.12109880461258397,0.4043906832857142,0.02971213306115274,0.1461171736412043,0.010322187514244225,0.13698360321930517,0.18794057585945276
SAMPLE_04324,0.5737726349773459,0.24162609558362558,0.21992978314756403,0.6674633815715035,0.18228056025969477,0.003599765882050671,0.13085297134710203,0.4738963489867019
SAMPLE_04325,0.767603529564589,0.22552114715644156,0.2108323803095268,0.3669152133976439,0.33205822639104426,0.0005441505315962755,0.702948979241467,0.32819714198484184
SAMPLE_04326,0.8426122136510066,0.2757549496899419,0.2654396734292029,0.06313843170038817,0.48125944148858824,0.0014527036604230232,0.08588324074605957,0.39122323359536915
SAMPLE_04327,0.5755243948315124,0.17605311785103653,0.08110266733781225,0.5052019612971781,0.14476154345775613,0.000939474843634369,0.6967172891022287,0.17684562522487143
SAMPLE_04328,0.8685665023911898,0.1417450676120273,0.16338958039464976,0.9758767392322656,0.22457990810280445,0.0005170268152744423,0.6762048156186861,0.535461172855685
SAMPLE_04329,0.996724221975455,0.30918572083469475,0.37654943466112956,0.638701433934897,0.27604805780005465,0.04382334827962602,0.08254980984707837,0.4689712262003662
SAMPLE_04330,0.9992302049427635,0.31574496903727983,0.11090863297844732,0.637165325488481,0.13496202089541573,0.021321198452157547,0.03210314921999694,0.2662351250205835
SAMPLE_04331,0.999305281190078,0.18375383577556417,0.09865186230376728,0.5208213520842597,0.10392857182071746,0.04736951039544054,0.03893982032681187,0.15949202345364336
SAMPLE_04332,0.9845921728116961,0.47235207199456797,0.16537659476089603,0.6663453941655629,0.3198795255000842,0.0010557417553216783,0.10104464038234799,0.33459815481393845
SAMPLE_04333,0.09137881223094972,0.048655536805992404,0.04442301149274403,0.34268935612267515,0.03383850697804209,0.00076192001061462,0.6813865119004742,0.05418676920016502
SAMPLE_04334,0.9697747995856875,0.15084820731345094,0.15544340264034875,0.6656953984279695,0.4555221258541496,0.0018258784976892895,0.09283830405551896,0.5264734919597863
SAMPLE_04335,0.9993886946502372,0.035926320834951356,0.04721299415767754,0.011406081718578398,0.03623484076606778,0.009446225177567267,0.022029459190875293,0.044599774944761195
SAMPLE_04336,0.9162406050719601,0.11402001731270818,0.144359545148978,0.6662440066772938,0.39448438405497693,0.0021433472766163825,0.06081996544421248,0.35783978591305754
SAMPLE_04337,1.0,0.831565421931066,0.8124488640498634,0.9978615022008027,0.7837236989472477,1.0,0.9994535678644997,0.852042285579001
SAMPLE_04338,0.9995229703072601,0.33803134608160307,0.182871765681737,0.33389825739052337,0.2200462096121981,0.004453191966517538,0.11510422387809678,0.202144093754368
SAMPLE_04339,0.9591508292455933,0.6074732628564034,0.26052393831273385,0.6661936286032603,0.7933364524099752,0.0043630651659904264,0.037540633469531785,0.4903064726973823
SAMPLE_04340,1.0,0.7722383505245243,0.7434143303080768,0.9983981466502149,0.4728394615618921,1.0,0.9992646870452416,0.5710883549248036
SAMPLE_04341,0.9986981857350891,0.4538202689051059,0.15965872134233752,0.6781508078458006,0.21624094260693352,0.03505881985639623,0.07086684975497243,0.4297846959644776
SAMPLE_04342,0.9992415231610575,0.07857531624251332,0.07742694846566482,0.06161629661650586,0.12224294140982701,0.0035428458357397194,0.010973122624473058,0.08099887802441841
SAMPLE_04343,0.4878904902841481,0.23143874398958497,0.4597278185774947,0.9849966829843959,0.5714171748093676,0.0007993261785331137,0.7545031781899588,0.8684614870874804
SAMPLE_04344,0.8727360813546318,0.20367275568958895,0.22941076863901033,0.014236965080160688,0.4440419735422711,0.0019779330561036815,0.11684582527004578,0.4221422090510603
SAMPLE_04345,0.17201483860600375,0.05640308410545419,0.08124020467982314,0.335665547581767,0.035951750652588835,0.0006637390737504996,0.6738885331498815,0.030799811060096872
SAMPLE_04346,0.9866961070909964,0.25310326335075345,0.25597534649284426,0.14729354123943225,0.20834964037466927,0.06021983455131896,0.21695976104871276,0.2806045340215398
SAMPLE_04347,0.9992495050676872,0.3489154522797389,0.1395886905255955,0.6923181409118467,0.18278938432775363,0.081241466117019,0.09230420947927538,0.3559363300217169
SAMPLE_04348,0.6882415136807136,0.4285443309758998,0.3210160721495516,0.6652502405430128,0.4415496926989532,0.005722387795191062,0.10862139759766264,0.6756910006736909
SAMPLE_04349,0.9472962967722817,0.24128024867504583,0.19342971494677066,0.6630988165151306,0.2576602568009751,0.001790458033719654,0.06313433670623818,0.356245842102711
SAMPLE_04350,0.8228422970061798,0.09808189391066603,0.12439546781475762,0.3510592192315374,0.3327070407275705,0.0006313707008970293,0.6901592874681945,0.27833854975489863
SAMPLE_04351,0.9992120763447696,0.02512678812969017,0.032367415417723804,0.025560163568752032,0.07373697047451351,0.006542657657385806,0.020883347534505336,0.0797025430553621
SAMPLE_04352,0.5630540684660937,0.09634259043796754,0.0872105737312003,0.6653649708441228,0.1481587938928662,0.0018064834178451521,0.08123314444266617,0.3478393699183324
SAMPLE_04353,0.8819705692463691,0.44586867551968984,0.2478714358502516,0.6607112243965144,0.3856323471844818,0.0012639667125418465,0.05758370450794337,0.5110063982565877
SAMPLE_04354,0.5843435287024003,0.3472508869530948,0.2148949496871209,0.6658943599677848,0.3196672869493722,0.002496814965620805,0.05334797773374945,0.4003303870552726
SAMPLE_04355,0.1995575512273272,0.1137055409095249,0.12108734700960733,0.3406091450058702,0.14018929365228808,0.0014884075760862464,0.6851014620294017,0.12928665456398003
SAMPLE_04356,0.9990173126436376,0.18030627613343828,0.15446532068594662,0.6793250677037985,0.07294051922700802,0.011231673009295298,0.06096945672142207,0.3715036429209772
SAMPLE_04357,0.6666579814878117,0.10170359703728517,0.054087039209497374,0.34018786945555,0.15839042848832002,0.000541203173972786,0.6732674128644281,0.17900284209266815
SAMPLE_04358,0.999289415536218,0.08636429484188064,0.13340832573243364,0.00910961928821149,0.07327222976364357,0.0192030027930411,0.053409483810901374,0.07360463826088529
SAMPLE_04359,0.7738730297959835,0.36315929030956995,0.16932407016026216,0.6673863279158173,0.15050443243481565,0.0015249298936951098,0.10427660330349732,0.36558996403046745
