sample_id,Ampicillin,Amoxicillin_Clavulanic_acid,Cefotaxime,Cefuroxime,Ciprofloxacin,Ertapenem,Imipenem,Levofloxacin
SAMPLE_03360,0.996165874933137,0.026235000416430516,0.03063763726459352,0.022800996464156058,0.039054711468066446,0.010183758466249838,0.03671905908857846,0.06070435393805167
SAMPLE_03361,0.19898774771714306,0.1564262371400986,0.14575721575967715,1.0,0.03807006291427529,0.0015084340902943934,0.01977792961337118,0.1632468673715005
SAMPLE_03362,0.6234560802941879,0.3227894876584242,0.41098896431392024,0.002264494745219766,0.15704983420859925,0.004677200939743507,0.1529010811277375,0.5371656632235093
SAMPLE_03363,0.34868920484040145,0.09990520368336467,0.16359749588374936,1.0,0.04530359677187691,0.0025060033604278405,0.04290769240086064,0.0421847433769243
SAMPLE_03364,0.42559863402341525,0.46389600729212,0.6503958864604892,0.002986388688029206,0.21575405178304344,0.005316184348260755,0.1330840275245726,0.9633369817278103
SAMPLE_03365,0.8404466900769472,0.1958754855143069,0.29372968023448703,0.0026702691813622857,0.22132394355010804,0.0036739521277427438,0.340685113201244,0.9076451778962294
SAMPLE_03366,0.7275892042774702,0.6034610361721402,0.6127765003222625,1.0,0.10056000628717947,0.0016542292674930315,0.15974614486941988,0.945715203910813
SAMPLE_03367,0.8851907018960243,0.603644013742456,0.6985921025932261,0.0033135717294353727,0.4367141494762089,0.004533589413599297,0.2067272999553838,0.9597214474362962
SAMPLE_03368,0.5893894969330864,0.7682644422973769,0.7478014430571647,1.0,0.06658825530705534,0.0014956529943756156,0.31755409036292226,0.9650969583857089
SAMPLE_03369,0.838235854211145,0.7737448680943808,0.8369150696836379,0.0021096182284563564,0.34213624365105205,0.006688227959612609,0.2187793608626457,0.9796311417587812
SAMPLE_03370,0.8760893204294073,0.24538930437390138,0.34987952350190404,0.023072013064305095,0.22903809807191464,0.007382563987907534,0.15331627876818907,0.9860809033741648
SAMPLE_03371,0.6587372090375276,0.08517585630342235,0.12623421372295138,0.0029259134043279015,0.13372055200483426,0.004557285199305277,0.06042909388582319,0.9812191590695426
SAMPLE_03372,0.8364513691686203,0.2715174262332834,0.3150386105871376,0.004377225642984053,0.26794054898503017,0.008591605476422475,0.1469993532358914,0.9545989722040594
SAMPLE_03373,0.7527280788918218,0.08806370492960201,0.10355067181257346,0.002417770374016837,0.45033733780867746,0.003665698920594384,0.20929232956557528,0.9300975683347449
SAMPLE_03374,0.2118458112384392,0.12440022162506442,0.0963974610009065,1.0,0.043126640684670314,0.001555998121089641,0.030205560701186757,0.02852779555105244
SAMPLE_03375,0.8487396371573812,0.19830733549512858,0.2250327160336639,0.0029470034354781636,0.2166747805125661,0.004352280523198327,0.09141356623376944,0.9247677933723757
SAMPLE_03376,0.509457024109146,0.7050854144719522,0.7820134979468023,0.004138726788230245,0.28597801317531474,0.007251394538115215,0.34424612512647906,0.9580254738076261
SAMPLE_03377,0.8168402929134277,0.2659209114180315,0.3198288244229451,0.002671285753665762,0.2254797522169464,0.004208471582782791,0.10539588247594328,0.6891276881531633
SAMPLE_03378,0.9982427412575431,0.06756028643722645,0.09380451587169517,0.012084413081604559,0.24616904241569537,0.020205808587158168,0.06425835031446266,0.38996254646507417
SAMPLE_03379,0.9977865683331519,0.12458406287591647,0.28571055404580725,0.010695786202214673,0.4486965259141708,0.058473212568985,0.21333174447907924,0.9666016919442588
SAMPLE_03380,0.8910236557672513,0.6084981047832947,0.7682371402498194,0.0030393037922049233,0.5247821385534335,0.005854029298344067,0.2790811197795127,0.6150761839185388
SAMPLE_03381,0.6854888101247589,0.14928363664537028,0.18567726837139914,0.0023217961399905366,0.3251503784495957,0.003976231532360522,0.18347495130232425,0.964835539542022
SAMPLE_03382,0.9982099854682807,0.10369887051085545,0.18672916873137824,0.01188246690861357,0.10333027405033479,0.020131379475958888,0.06188686945165475,0.21925037719722773
SAMPLE_03383,0.9984305525709709,0.12431510557581718,0.13937611132094743,0.008302707879894969,0.11712055902447842,0.011053905758878898,0.07696298184139365,0.2644304686729287
SAMPLE_03384,0.9976133101751474,0.23238068375632495,0.3453446843911912,0.030812909064383203,0.18917705371396612,0.06517404471308251,0.21602333793072742,0.38491200601495973
SAMPLE_03385,0.6280093880207581,0.23636154681718427,0.3324462729107164,0.00358915998639467,0.35139931797060514,0.004871186929107754,0.16615558892430876,0.9248306645192397
SAMPLE_03386,0.8843788684710656,0.5159046403483191,0.5674831836310514,0.0030216938497790707,0.2555040459077184,0.004731573009357406,0.17341643605934842,0.9582061642601307
SAMPLE_03387,0.17236253574944535,0.09988791025331248,0.15074806095970378,1.0,0.053901860590026024,0.002575596728460946,0.02325956278431428,0.17370041934525857
SAMPLE_03388,0.21750285300367983,0.1968637656444816,0.2268608677198927,1.0,0.09474202956877406,0.0011667760332793088,0.01855083106617967,0.9658767050075199
SAMPLE_03389,0.9985967099870791,0.10011374386872636,0.16122914443175024,0.011539108571247817,0.11363720314185664,0.016635649553758437,0.08407563632477515,0.10114656324442374
SAMPLE_03390,0.9986862477453923,0.038453835922227814,0.07425561703532203,0.010403135281460247,0.45186988475438494,0.015202199451707156,0.04315806171886611,0.2913655835490029
SAMPLE_03391,0.997498594522864,0.37883290357660043,0.38634975014692596,0.021337534055045643,0.08911807818570691,0.010055579025207302,0.22582468231634722,0.26829057073184925
SAMPLE_03392,0.9980105689623009,0.047958999019670115,0.06155284984345277,0.014349582115909863,0.09084942309401178,0.024003019264226738,0.05610252349937685,0.10005132497024284
SAMPLE_03393,0.9980495303565137,0.11380804146654752,0.2932185248779723,0.021241223638836605,0.23710622416487068,0.059354737911569144,0.20686317575536298,0.16833023991762927
SAMPLE_03394,0.998571890947514,0.2785154941876282,0.45102808436430575,0.01990935817607049,0.22318984720121207,0.0450091989144846,0.18778163816469054,0.3207086295284184
SAMPLE_03395,0.9984860812875624,0.08801430467402799,0.17108781172370108,0.009328289640655695,0.11173994580572759,0.014341276798540097,0.1641718112905041,0.2099395830956837
SAMPLE_03396,0.4013813083990116,0.2805704357463383,0.3848710396568955,1.0,0.14806508609485713,0.0019496925146003494,0.0279071868269707,0.12073058604053459
SAMPLE_03397,0.8007301598360399,0.6946114986849065,0.671797232727511,0.003355734214853957,0.40784073456688696,0.0055107505892528835,0.5617771649717562,0.9327243540765002
SAMPLE_03398,0.7190491771954682,0.6518127486301819,0.7259008098769604,0.0038635912468960093,0.2661301986213843,0.00620918044282969,0.340886639203841,0.9639069809499363
SAMPLE_03399,0.6404286508739159,0.32520171515762153,0.31252857241127896,1.0,0.20801020034265386,0.0015559915765035932,0.0176750700127208,0.11412584781000336
SAMPLE_03400,0.9983951026403424,0.10837398606367701,0.26712665608224784,0.01462614095091116,0.3000360910882678,0.023361194832694145,0.16570408407677548,0.40872329220125997
SAMPLE_03401,0.998351663765853,0.06206839259422215,0.10248575539784449,0.015050117718311263,0.23879838654019517,0.020553943791263227,0.17411168120183174,0.18981099986304367
SAMPLE_03402,0.49723567220328946,0.491608123487842,0.4955737973884637,1.0,0.10654114683908743,0.001367761855365433,0.06294917729115265,0.06328052817455199
SAMPLE_03403,0.9985111406211257,0.15973120080746003,0.26625746851828036,0.015253666204158576,0.3216807294888425,0.036892488768468214,0.08525084008523638,0.4163858582593529
SAMPLE_03404,0.8640302218712748,0.4808278704376491,0.4601260937740821,0.3134810293950748,0.43379932519249353,0.2850824163180547,0.5115231299154541,0.9607522075756546
SAMPLE_03405,0.8804106369973596,0.30552523673554305,0.47460217265975857,0.004715079266575505,0.5924819869023586,0.013720351273420884,0.30558762860945266,0.9767592494044002
SAMPLE_03406,0.9984328788101394,0.09087938380031041,0.1337640971065011,0.011199997077135244,0.12250327851498376,0.013766285576421065,0.1115557615209245,0.13589296171139684
SAMPLE_03407,1.0,0.368374712272656,0.24026087053846623,0.9956142718734471,1.0,1.0,1.0,1.0
SAMPLE_03408,0.9961958570383529,0.19324782721257674,0.3125220105603801,0.016911577747082115,0.45944294892719256,0.0911019945125051,0.24720996061494332,0.9708448310704988
SAMPLE_03409,0.2098910243694272,0.3228012365837572,0.31368697362027614,1.0,0.11462924612563134,0.0012468827966101068,0.019343485776405926,0.9432619467972674
SAMPLE_03410,1.0,0.4707085002243794,0.408783848609125,0.9966300464447752,1.0,1.0,1.0,1.0
SAMPLE_03411,0.9979293590950092,0.0471062201020129,0.04038973199308711,0.026541017298750316,0.28599376100554597,0.04480093770998527,0.16386359429960393,0.5008676533384061
SAMPLE_03412,0.9977336373959504,0.19873026978113684,0.191153170388757,0.016032974788159904,0.598099958395422,0.04128478111351411,0.11010732938623358,0.4323137875660326
SAMPLE_03413,0.9984113901422978,0.08016573521954067,0.11035823440403576,0.013715086112161696,0.1610096214383062,0.03649597240058471,0.06911945512648282,0.36723594864710213
SAMPLE_03414,0.18050228732151194,0.3094289219191001,0.32495264514825484,1.0,0.05385897450313065,0.001661681382208047,0.22427458372815023,0.4381176865807221
SAMPLE_03415,0.9982614295347494,0.07024522643436347,0.10596439475538466,0.015655876599098447,0.09668469008018825,0.02050126998836875,0.0780520671121181,0.18895269356840108
SAMPLE_03416,0.9983310938637475,0.40263646571260614,0.4163361852487485,0.04405008356306319,0.5159456608706275,0.04402915039293163,0.22717972547347962,0.9726489154017286
SAMPLE_03417,0.3257131540779704,0.08383469101787813,0.11174741115819226,1.0,0.036137398068535866,0.001436852646478832,0.019083872658665277,0.033825792400735286
SAMPLE_03418,0.9981401794367963,0.32008441392796605,0.35761417212309665,0.016763403063795587,0.27088934762869765,0.07021843035842547,0.29862599351230223,0.6331713561867482
SAMPLE_03419,0.9986498305366887,0.3548550584639542,0.3384583461488405,0.021830545593336487,0.43439969960714064,0.07192229722001481,0.4412865811033713,0.2695658357267474
SAMPLE_03420,0.9976259347066736,0.5156269566225435,0.4683250220455385,0.032442035973059426,0.25704168746830486,0.02606386660950428,0.6141268311472948,0.9373554339442621
SAMPLE_03421,0.64081451668927,0.3588725516061006,0.34134011280840326,0.0022428205749209762,0.11235287504513011,0.004494512596166901,0.14605448494415516,0.2963135862265236
SAMPLE_03422,0.9982834016159424,0.384443663586584,0.4408268740316376,0.022842167386154508,0.5542814647660133,0.03244215497792945,0.3989363856701631,0.4565879552675512
SAMPLE_03423,0.4303684296620951,0.24360198361254023,0.27606396445495934,0.003403781868044481,0.1280155663207574,0.004014350766756677,0.07998308097307961,0.16356645601066905
SAMPLE_03424,0.41770863777249323,0.294935565421045,0.4264764706096096,0.006188154490723715,0.12585243874019267,0.03233900698945798,0.11594124468661772,0.9680759317350347
SAMPLE_03425,0.9981111085010691,0.26871961323188104,0.3334654522123317,0.13607195092877777,0.45396586745866774,0.31889977484804577,0.08263122234123631,0.895917755722744
SAMPLE_03426,0.9973821168296826,0.16195360684452537,0.35950892873650586,0.00827359584316202,0.31651394029264995,0.07464966655892354,0.19114281844303052,0.9850227578741453
SAMPLE_03427,0.9983598668485313,0.05553689195560267,0.15115105425082384,0.0185114231128838,0.11664226511283539,0.02068878357406799,0.06889765075378013,0.17106283817984816
SAMPLE_03428,0.5495435341828405,0.16183819952784256,0.18477601412221117,0.002174068923989365,0.19744938713918564,0.002918345500328335,0.058955896071631535,0.9908135243704751
SAMPLE_03429,0.2729859428363986,0.1830232138228649,0.24186098730499717,1.0,0.042092259194141494,0.001981782402762607,0.22419416114945745,0.065877432473063
SAMPLE_03430,0.9982708692282674,0.27291894761384655,0.4839448183039534,0.011073197823171302,0.2327285298592487,0.015097261389979084,0.20884399859921338,0.7851307827871804
SAMPLE_03431,0.9975773679609001,0.03363783161305635,0.05345536182995909,0.022912156105498203,0.0532685551515568,0.010958588652226701,0.10984927554105779,0.24150605851406115
SAMPLE_03432,0.911082610061733,0.4315226641874375,0.553156438474198,0.0033240688458771503,0.30444429717577304,0.011966829848949822,0.6350084915279837,0.9772371201080821
SAMPLE_03433,0.5042971923802886,0.24967039379045142,0.31376047650267297,1.0,0.06416561552806434,0.005874717630328665,0.030623922751484303,0.50340952402367
SAMPLE_03434,0.9983564653823752,0.24343175609749695,0.5012201172757373,0.025534717078731926,0.234821294028634,0.12359518530155388,0.2381850508596116,0.5441584299283275
SAMPLE_03435,0.9985537945349817,0.030686301387683707,0.05700752718806525,0.009061267646920468,0.08203693716085293,0.01266308528330901,0.06410481843973749,0.22634992608883078
SAMPLE_03436,0.9986860967949581,0.05454577123527497,0.08081746638985042,0.012289862776478633,0.09163099304921836,0.01804050045678806,0.10332064140807241,0.17802741367156277
SAMPLE_03437,0.9984780284851703,0.05659659692293815,0.10786902601209004,0.00882634953167437,0.0697229837995277,0.013222618208229077,0.07960565251736505,0.1548117416900825
SAMPLE_03438,0.8169899433710215,0.8209315773615284,0.8689817450336953,0.003529825483480737,0.30331151314187543,0.0033647130830309463,0.15855705108908003,0.24504035097627616
SAMPLE_03439,0.9983164528660208,0.092470817651531,0.09289936169009619,0.01777815503876207,0.11881538414211221,0.023010347991161594,0.10768826236011904,0.1311012501835203
SAMPLE_03440,0.9104361416313178,0.7276921019939568,0.8504042923193149,0.0028485804548361916,0.34417261270743094,0.006520834685631842,0.33461447133989947,0.8495979178796919
SAMPLE_03441,0.8762662857454689,0.32093866020731576,0.35112352333946006,0.003419437942553696,0.3040772123792978,0.0051490906740147184,0.1570211868291793,0.924725608992517
SAMPLE_03442,0.9982349026558689,0.02322332223920289,0.03711340969690068,0.009615585282114512,0.16768387502210974,0.016360354104586913,0.06736763036132937,0.34419369146863926
SAMPLE_03443,0.9983757313430154,0.581523147189676,0.6765048150403976,0.018206019416389104,0.5775244622171836,0.042586571465059196,0.36158458492751994,0.5619082451329871
SAMPLE_03444,0.43840448261630516,0.16481033107239676,0.17050277606356928,1.0,0.05390896510770719,0.0012133296231377775,0.01701153665312948,0.9368194133359495
SAMPLE_03445,0.9979637087855959,0.2543728287231958,0.20050010452049943,0.014648289612317306,0.2536315133417543,0.0281659588355854,0.13044870376308898,0.9083566696568507
SAMPLE_03446,0.9974399447861115,0.38568795034520126,0.4294460105858009,0.02675796175437505,0.2749743640981103,0.01856413160804908,0.1118350574092389,0.6930532707588205
SAMPLE_03447,0.8838541057040545,0.41707658050028457,0.6642222516797661,0.0028400438487388565,0.24198233447499334,0.00595973676042805,0.2644850063847638,0.8503506455317975
SAMPLE_03448,0.9977987183660437,0.10976806810517076,0.12066981443957497,0.03631043936376409,0.6818969787743878,0.04891232634528916,0.1850022731669424,0.7706962606430147
SAMPLE_03449,0.8365189919630555,0.09529523347089297,0.1028635122571212,0.0025448693367052713,0.24561106149628198,0.01251011820376432,0.09949400234762243,0.9395443414010044
SAMPLE_03450,0.4862893787233983,0.08352507784445792,0.07503560176597651,0.0031334506392130274,0.21940509054598772,0.004183292640060708,0.06096082143447876,0.42002591019299534
SAMPLE_03451,0.3224405330972649,0.8640405769016702,0.876397869640179,1.0,0.05838151082876728,0.0028987103850664124,0.23824763045962954,0.9019253941174474
SAMPLE_03452,0.7617566120227928,0.26037952894414085,0.3505902930569108,0.0026361988460649206,0.27337562105834445,0.00444319659061404,0.07149938199149188,0.9571290188401689
SAMPLE_03453,0.3852963034449165,0.22092622603401382,0.26775640171522813,1.0,0.1849448177886809,0.0012997388241143687,0.05610308926665261,0.19095518759785532
SAMPLE_03454,0.9964315218505099,0.11081101904887236,0.21373142664136555,0.007128314766079291,0.14212895854146473,0.006972299585406603,0.06531955506791853,0.12626652633449367
SAMPLE_03455,0.9981905324125399,0.1114673400261967,0.32468423002656005,0.015744448140666435,0.14389956505653081,0.03898229819149395,0.17914429172787194,0.2952635906440889
SAMPLE_03456,0.9984050897896818,0.14330904775649528,0.24856932846554805,0.018052445324068005,0.13548792241623503,0.03342889063364206,0.07329240822911169,0.15448257328909412
SAMPLE_03457,0.7089002689098249,0.4298292544222839,0.736587218185194,0.004423500875102878,0.6479010127107296,0.03374064187553538,0.25075664302892914,0.9723757679641419
SAMPLE_03458,0.9578102838740008,0.24323425882674082,0.6654883813784982,0.006816251331775446,0.5507960776235828,0.021339815596919522,0.3975140965555971,0.9782881595565228
SAMPLE_03459,0.9981365949955926,0.49555745631269754,0.49636523466864696,0.3259831481245519,0.6794060319011666,0.4529367065236743,0.551353943487356,0.6871667974082971
SAMPLE_03460,0.9986804200524205,0.1391531372176922,0.21932051255913823,0.013120241785602314,0.39428757693304756,0.034108759885971694,0.15881728779598556,0.4016878720096054
SAMPLE_03461,0.9079334380951832,0.15580116709974048,0.4834690898649161,0.0024666702658981163,0.3007001315867533,0.01115704278056975,0.2201442728812109,0.9638306174141894
SAMPLE_03462,0.8881016839991159,0.12296823877191757,0.17568205072201162,0.0027256755088575267,0.29607270930590596,0.0037977935504972774,0.17189892466915027,0.9880512881091811
SAMPLE_03463,1.0,0.46079049322480203,0.31195098064104965,0.9963194661508888,1.0,1.0,1.0,1.0
SAMPLE_03464,0.9985615040109888,0.030770443903699297,0.051946822974346295,0.010911292981270573,0.4149439980135018,0.01569503715717053,0.04460314630426321,0.25140023427574765
SAMPLE_03465,0.9978252939749058,0.48171947257976505,0.3520608385596285,0.014959392417836254,0.1582451439138264,0.021721794348367296,0.11209381220679575,0.40674075934642606
SAMPLE_03466,0.3568879638247239,0.3324036731135382,0.3053704792995894,1.0,0.08770209453425876,0.0013700211450336727,0.05629362362555776,0.05283456942205147
SAMPLE_03467,0.9108352136543412,0.7977493991945588,0.8258058377697781,0.012944519253671042,0.35882333521458176,0.014548436370339405,0.7198453690152058,0.9888519724450022
SAMPLE_03468,0.5054441015548106,0.25646599660635594,0.259021604407764,0.003979096161546566,0.1855398826697543,0.005553151249327172,0.05968728526374629,0.30486752734457484
SAMPLE_03469,0.9982812859521517,0.0631260587217622,0.2136847739933092,0.018717451745832593,0.2353517647388822,0.02394521817446837,0.07782519828893367,0.2688283688686476
SAMPLE_03470,0.9986571057020177,0.12579167912122274,0.15670677974039754,0.014971899218066671,0.11234390166957006,0.03263588700524455,0.08963980178687293,0.08603618474288224
SAMPLE_03471,0.40678394695559256,0.458306018311058,0.47384113478209494,1.0,0.07619002378217717,0.001481367117634959,0.09420011634182239,0.09482351500293479
SAMPLE_03472,0.9981322983536443,0.13115979082722048,0.2774800294587086,0.009291408087386363,0.4289090153977163,0.018141707931692914,0.12539275189287785,0.4683194642511524
SAMPLE_03473,0.6813063317386656,0.8457371048645331,0.8547454500874576,1.0,0.08514737592731814,0.0011370740328691786,0.11416426375023143,0.9713639182647275
SAMPLE_03474,0.9986010416249657,0.27596074395325976,0.38673233337527974,0.018847049477719827,0.687321807052628,0.16644067182661013,0.274204249950905,0.4916771728898913
SAMPLE_03475,0.82269116292666,0.2519009107081632,0.3588062601016441,0.0025069218984809043,0.36467299065451314,0.005300204785880223,0.19466541272078036,0.9084055673095056
SAMPLE_03476,0.9986060346433958,0.16244578420626354,0.2404372376114837,0.014168563815792125,0.18265489424660453,0.047347487626970795,0.052705165904190825,0.15725417753259274
SAMPLE_03477,0.9080853756488116,0.4922672440796562,0.47252999125702366,0.0036532582945224498,0.2901125460088291,0.008525825354581063,0.2257341586300661,0.9162403918601076
SAMPLE_03478,0.9979989410615157,0.19996669820172128,0.30729882216830345,0.02158759466519779,0.22617056931235036,0.09318272185848499,0.22360024908118944,0.21358742814001502
SAMPLE_03479,0.9982073848648539,0.43616649978030103,0.4769811717066766,0.011471175159974355,0.42944205387070034,0.05283547626475622,0.14351484592482633,0.9572037477982043
SAMPLE_03480,0.99871502739113,0.28866909495010284,0.482046247178505,0.012998192434783293,0.11534759407677327,0.01949503598934616,0.21907945489186614,0.2208361330262003
SAMPLE_03481,0.9980528479047978,0.06922874877304017,0.12358329948531173,0.020394473341429575,0.1320386153485396,0.021744894133066246,0.07394365845191132,0.35109070143430854
SAMPLE_03482,0.6285413993995983,0.48613206963805833,0.4344001977393265,0.0025176327101514113,0.18461556283535932,0.003632614662893202,0.19508682199029778,0.21654440099582734
SAMPLE_03483,0.9984347071498428,0.31044675781549247,0.3137387142439125,0.01985321064118272,0.20551917321365404,0.07146869518491272,0.1671119736424488,0.31000078056848257
SAMPLE_03484,0.9980423045653594,0.4259596053521799,0.43127939991641084,0.02762123179727272,0.46973719091933513,0.08997119902092134,0.5421489308989283,0.7238565283250026
SAMPLE_03485,0.787415385634798,0.5244777676809032,0.6287557124109543,0.0025463163535327966,0.3014023485017346,0.007942899995699674,0.11757679147120659,0.6616830494033888
SAMPLE_03486,0.6611747694530848,0.6083623654864471,0.5710311584380786,1.0,0.23830446084653256,0.0015956440790931552,0.023034279268267854,0.08586256539507513
SAMPLE_03487,0.9964932002605191,0.12439953654093978,0.15779097392765282,0.12332438567424596,0.12409018228886698,0.10257718169956792,0.12906005706294113,0.23821229820763615
SAMPLE_03488,0.8092656328299875,0.27674407322197936,0.4547581811592416,0.0035360892086077718,0.0976901893208772,0.005531953797964704,0.12094404808536387,0.9306463289295399
SAMPLE_03489,0.6862199446698106,0.4285658609592868,0.4712957268487404,0.0034706758304646913,0.33498822427562647,0.005180805183316134,0.14410676805042894,0.9608782003168612
SAMPLE_03490,0.6045084949229608,0.5093654122250248,0.6399362918497312,1.0,0.04843774354239566,0.002015008930037481,0.12483196352170611,0.32580553635100146
SAMPLE_03491,0.9980492510083379,0.30063553386505776,0.33013802165170597,0.014058091347521366,0.4126241154967276,0.029515563143703946,0.271676857816898,0.8858438984851587
SAMPLE_03492,0.9964426587920493,0.07178072429294918,0.13462809300587233,0.02554931749159515,0.11690566792625653,0.01768088747385031,0.06499283667998149,0.504275232850247
SAMPLE_03493,0.9985987610788007,0.4204477086542273,0.45463487625268406,0.017197795406220705,0.14948993462669288,0.0589962971986301,0.4777976882858951,0.3712788220057874
SAMPLE_03494,0.38703145091476576,0.355812032612711,0.29863768492221543,1.0,0.06445054156418793,0.0017532766495924094,0.01875120195757468,0.43560088934507635
SAMPLE_03495,0.9985179604802632,0.181654279161016,0.10602572553429968,0.02010900440004269,0.1939039066150208,0.023286889826679247,0.18956872975330175,0.37437308792128715
SAMPLE_03496,0.9980353005472145,0.09127958681840596,0.14845284707858558,0.01631503827257674,0.23744546877485706,0.03186324767223419,0.06775707045843092,0.4094690800321398
SAMPLE_03497,0.9968870080190542,0.2673058503424926,0.22135517101213847,0.012765276190697332,0.21514961895278603,0.03727576924341236,0.1554600390355284,0.49347721622706714
SAMPLE_03498,0.5640833974875218,0.5349556227916866,0.5063179146124893,1.0,0.306277386080032,0.001327162856625834,0.2407178448285484,0.49374849621455313
SAMPLE_03499,0.9982504771788259,0.23234610100997696,0.45257135391122194,0.005399085851505455,0.29917134937325157,0.02662829491775778,0.12532924323909347,0.9902776538133089
SAMPLE_03500,0.9986021174171966,0.08240991541473797,0.2520492836476502,0.011620811431884748,0.13253177268739982,0.014499918878707718,0.11402894577652968,0.2006681987191823
SAMPLE_03501,0.8069965857697544,0.2263027070158583,0.3666934432285949,0.002405874540860421,0.23274770630770533,0.0030683563514242707,0.050389849802020714,0.9907217219378074
SAMPLE_03502,0.9983341950422954,0.7799975612725621,0.7820745816274699,0.3232599587564863,0.564723574626082,0.5247648660482679,0.7002704083565024,0.4858611029656903
SAMPLE_03503,0.9985250048998988,0.07883018648949834,0.275335015060698,0.015871889306613915,0.11758361878156648,0.026978172161086524,0.12922971715394752,0.24030741802802835
SAMPLE_03504,0.603548450402748,0.2540548559681382,0.240725214276439,0.0020070249152058807,0.21745910635480994,0.0036452800791000697,0.15227324930039896,0.9879402721520008
SAMPLE_03505,0.9976029899108734,0.31935621198590747,0.4727931230496455,0.029844198448501908,0.4226128789510578,0.023492041809806817,0.4216758759235901,0.6489483204014229
SAMPLE_03506,0.533342063875961,0.14228973125991268,0.19703577039144912,1.0,0.04220937926612809,0.0018877422090677381,0.06424251793851485,0.17192703694956302
SAMPLE_03507,0.2549522216556183,0.13416631172051063,0.12139023050189383,1.0,0.04807055044877977,0.0014063867371454572,0.019960224779981165,0.057288974501251096
SAMPLE_03508,0.9986696445157952,0.07840646009939423,0.1469051188672379,0.015346168351788429,0.10539712787979094,0.02028088154064417,0.08450920329693071,0.247886083640466
SAMPLE_03509,0.9978447729466252,0.1638555129379432,0.22210232228209065,0.017042546212924947,0.12428532473245513,0.0344730050430361,0.13144142861875327,0.2944795267633019
SAMPLE_03510,0.327203356734647,0.4230306396645985,0.5497764015525823,1.0,0.08025411778653707,0.0013950155582992734,0.08286896234743958,0.7807795073260684
SAMPLE_03511,0.9983719177858177,0.05102626823811303,0.055348945486377706,0.008900261093493761,0.27840497596032504,0.022172507453794524,0.04519818971785784,0.3691664567566662
SAMPLE_03512,0.5277297765040264,0.40627787781509234,0.40082578399006064,0.011837315215646585,0.2963258100342665,0.0050354204670194835,0.14665369377883672,0.981092302778022
SAMPLE_03513,0.9951541745420832,0.34748874165484406,0.5281540997768237,0.013962688576016484,0.3667980468152009,0.03460252125749887,0.3003117081299622,0.9891222533852203
SAMPLE_03514,0.9985599207696076,0.07474577676147869,0.13682697691126305,0.011046850165767032,0.09626546299909942,0.01561840686876813,0.14163497005945733,0.09461582985395066
SAMPLE_03515,0.6888678875596482,0.5398179262508206,0.5563095085172036,0.002380041717773146,0.1436543794355821,0.003144955977499037,0.25011683778405747,0.9617761829940803
SAMPLE_03516,0.9982595066281327,0.38924314068360505,0.3538937470647474,0.015242068329719038,0.11965159746150451,0.03630649543204613,0.44147772572609223,0.3529107663274921
SAMPLE_03517,0.1419634388392192,0.09271585871850574,0.10625965393377651,1.0,0.04985804880064477,0.0020320497124701503,0.03821653045702014,0.1755538935674773
SAMPLE_03518,0.1781376250380007,0.1217955684889738,0.09637417474566386,1.0,0.07185281506977806,0.0013397323348345203,0.016134482819748375,0.24485800558993936
SAMPLE_03519,0.9978728404294234,0.6264176561902621,0.7385676837062164,0.01744009630977665,0.2572292817959579,0.017165512003301978,0.1610120310824834,0.9665335965538492
SAMPLE_03520,0.9086547468162267,0.6064270682663899,0.5768212768791691,0.0041888228689678725,0.45999262073744823,0.016697382718118943,0.3655423103221773,0.9647485270753955
SAMPLE_03521,0.9982499822819857,0.08108147982701622,0.1399958063892021,0.014276982209098439,0.09797348797335279,0.02018280844973294,0.130635479103315,0.2993739735628803
SAMPLE_03522,0.5310945644278267,0.27856554786754806,0.26855783277070033,1.0,0.03909642463711119,0.0016697004622109638,0.10065319604963678,0.19236264158150576
SAMPLE_03523,0.9976310448853354,0.6519952915374323,0.6767054159879913,0.04682882109188856,0.6824690348898035,0.3501395455828457,0.8635299226243176,0.9863685005083974
SAMPLE_03524,0.9987013867371276,0.03931901134204189,0.09189556089056941,0.028167428788730818,0.5714031058278488,0.015776879555777935,0.04281573843830944,0.44085745348670435
SAMPLE_03525,0.9980294959467411,0.2284765336959568,0.34744231140500076,0.1921993289184452,0.7743648399666263,0.2947520811948259,0.31327543051026235,0.963077305509806
SAMPLE_03526,0.34662232833579953,0.1390614617886393,0.14643599992946849,1.0,0.078522680934644,0.001500614738371932,0.01935150512186565,0.9712950261911941
SAMPLE_03527,0.9984896670915013,0.13174386037465843,0.3887969957582937,0.014794570449627557,0.5401007306005884,0.04106072865536844,0.19868596533778546,0.48951277314751473
SAMPLE_03528,0.9975651119682978,0.11840887660140781,0.16445126573826105,0.004245029632378373,0.20382763832386996,0.03343416209621819,0.09465636683101336,0.9819624142807375
SAMPLE_03529,0.6244324969236387,0.4344899587636168,0.5800716953257053,1.0,0.10263481758030807,0.008684839046715022,0.18374519215857035,0.952053407723394
SAMPLE_03530,0.9984092130662876,0.22143576536348078,0.23591104587088033,0.013387623973368784,0.08565357207065762,0.02296110730709373,0.17863681860532,0.14292351564246952
SAMPLE_03531,0.9983323542456985,0.20420843874789926,0.23485970186738858,0.01963458945759748,0.41516524819864586,0.029328272159582752,0.2557508347766491,0.4734635116160602
SAMPLE_03532,0.9979926801971184,0.15954728163801854,0.23049473852494476,0.009174031409408678,0.28492531424698947,0.12569928520284848,0.15427633300032176,0.967555001706236
SAMPLE_03533,0.99695236215803,0.19571840932762483,0.274305547844339,0.017703592158342687,0.20088900479870353,0.08189707936197498,0.15679580406221308,0.713696360344854
SAMPLE_03534,0.3372942190055234,0.4706037666284394,0.4375865967089118,1.0,0.2086543205764999,0.001956253832246607,0.18198051510602603,0.9185695016613988
SAMPLE_03535,0.22991301475397657,0.20193916684138763,0.19455647432174633,1.0,0.05527828940952562,0.0016020506006459941,0.019221103622297415,0.034938629537985225
SAMPLE_03536,0.6856457310258861,0.40845958767951374,0.46790478482708037,0.010746851948063444,0.23531326268627917,0.006269780345327511,0.0867881559724326,0.9460130879949765
SAMPLE_03537,0.9972276909248516,0.4344481861476226,0.5481599187048711,0.02578551050517568,0.498898477679083,0.15288529013682065,0.42460849131802875,0.9781013367575946
SAMPLE_03538,0.45210565415878995,0.20870994467057552,0.35190943706516065,0.004744510889417392,0.14040665506304958,0.004418426138508335,0.07203864234692534,0.5260501285030574
SAMPLE_03539,0.362064101467329,0.21420581684621254,0.2356517849461288,0.0026325551534377963,0.21326702320958488,0.00393142969023334,0.1241637093067485,0.986077978153522
SAMPLE_03540,1.0,0.2817163671387163,0.20587277010928107,0.9960697346545937,1.0,1.0,1.0,1.0
SAMPLE_03541,0.9982524419033382,0.724095017489256,0.6746135105003568,0.16551097442303483,0.49134581052385334,0.4849626236946481,0.6373170268672708,0.6054318921312121
SAMPLE_03542,0.9983644438674389,0.621751538680554,0.7316401079187341,0.025430373309484045,0.7401920896863806,0.04102384060361972,0.6821317188768677,0.9241480026919959
SAMPLE_03543,0.9984335549883308,0.17738592521244984,0.2647564904087384,0.01070024075995887,0.18090961692715435,0.021651270533043096,0.2303064100854753,0.4361818614902474
SAMPLE_03544,0.2760370096907778,0.17460229725533694,0.15911510186924863,1.0,0.05040240935648443,0.0016800326746674089,0.038064030068329834,0.2923368126357303
SAMPLE_03545,0.9984622630744578,0.21563215654004822,0.3118062053874895,0.015175101978103385,0.09408130166616278,0.02544996707994024,0.3885742674777356,0.3261284274049309
SAMPLE_03546,0.9980888397473335,0.13198774831269636,0.38115014482576803,0.022763391189854036,0.11468114310232527,0.05874476902816575,0.2029762238784369,0.2090878883007023
SAMPLE_03547,0.6250380229436183,0.19008966165104718,0.210698471540253,1.0,0.28147597857426876,0.0702792770202146,0.13698233667875026,0.9894534801424928
SAMPLE_03548,0.9974512525770179,0.05636780899878472,0.10432920208570892,0.009725433287971371,0.1182047761344153,0.010891952579745854,0.039120320092844184,0.11665916496230093
SAMPLE_03549,0.9967699388814549,0.1438672556910613,0.16499865518676843,0.009638377676033026,0.3585726882823995,0.022334953868400967,0.0798103493879033,0.38520708076920734
SAMPLE_03550,0.9983537249251472,0.19469946572007574,0.20658005603148152,0.008138171155405594,0.2436449540499406,0.01921266514912496,0.07509354704358114,0.3741222191458207
SAMPLE_03551,0.20256131522270476,0.22486064931957062,0.3020891019783419,1.0,0.046346697022946165,0.0015890117072326075,0.24095769111542248,0.21857282724807353
SAMPLE_03552,0.9982943518160785,0.08323749488156022,0.1264513435994909,0.01400036047803799,0.12660926356461938,0.03249163589881129,0.07257302483047944,0.17819061084499244
SAMPLE_03553,0.9985636624449857,0.26399346232638127,0.33451242154883415,0.016010072680009,0.2779695565586226,0.1301947214380385,0.16994595325987408,0.12579923764732776
SAMPLE_03554,0.9962502609783374,0.05058648674447812,0.07655783003432026,0.011800609564470845,0.06718361593136297,0.010156647883385514,0.04473064419126883,0.08262839067283524
SAMPLE_03555,0.7061924883448398,0.10626848491410436,0.0860570003120002,0.00459451753884718,0.3410484933896466,0.005622563763365283,0.04641576099483942,0.34221114967765914
SAMPLE_03556,0.9982721979950802,0.18708750420437903,0.2977890013133439,0.020954762341747465,0.12473221660438993,0.06831747016102908,0.14799183414603412,0.2038345385198751
SAMPLE_03557,0.9976347304146715,0.43779029312306583,0.5471156391592606,0.008658973350046794,0.26332419747027574,0.09062300856074905,0.4078711989929317,0.9785851857421245
SAMPLE_03558,0.9984363934583171,0.12073372642117214,0.2098536028088372,0.020979768360775138,0.11588422118539861,0.03914047752339783,0.11699298065602184,0.21448435424206144
SAMPLE_03559,0.9977492345967004,0.16098961164509712,0.25708592347196285,0.006738451629550738,0.15306812972914957,0.01264313790886256,0.13699422055861557,0.21411211184245085
SAMPLE_03560,0.5916084442189666,0.3336886559448276,0.40048168517847504,0.007619495419708445,0.09270963845797177,0.009458236494111238,0.11748033976676102,0.9790194385337999
SAMPLE_03561,0.4088081869822225,0.10560344733844551,0.09588966692070805,1.0,0.08037127679563763,0.001366991096054403,0.06973274064018163,0.10723031787886704
SAMPLE_03562,0.9983715513686902,0.18730790569901093,0.22818148459623971,0.014010220676499,0.1325067109812362,0.01648868465724802,0.07822752087658197,0.16562025356855187
SAMPLE_03563,0.7698539753041549,0.2680226984633807,0.3809739557209482,0.002663424644935287,0.39413479978397187,0.003590025955396527,0.24095667812859814,0.8615541062455471
SAMPLE_03564,0.8331651646781375,0.20818510402813026,0.26618325100178714,0.001885499109330731,0.21666873241381904,0.003313683828820704,0.13025736646472894,0.9839584944539592
SAMPLE_03565,0.9985659880599684,0.055667582892302094,0.06053746897325155,0.01642358403912618,0.09144766367044281,0.026265593464461896,0.09786835851125988,0.11605454877064904
SAMPLE_03566,0.998272916991745,0.032904588845131234,0.04701554986539788,0.018694205891044282,0.6582726799429719,0.030217934364423937,0.07772164774228775,0.8972280984418873
SAMPLE_03567,0.8027739091348958,0.5443832954671054,0.5619555194702733,0.005130503153744258,0.38729379122851115,0.006689995656892181,0.13836116974411594,0.8273392076884544
SAMPLE_03568,0.3857476803462806,0.25214975045473154,0.32580053120354796,1.0,0.06527329843504635,0.0011639691510198433,0.056192295635832654,0.6128704798295483
SAMPLE_03569,0.9986774836038321,0.05371397515688467,0.08986481550095103,0.020142451631785067,0.10573313210911131,0.031246604081600283,0.08171126478868895,0.09806801962855988
SAMPLE_03570,0.9986882324372339,0.20018232045041462,0.31632711035595,0.014651847598966667,0.2149055523037174,0.025359223120905352,0.4214417188867159,0.35191477033620555
SAMPLE_03571,0.9981270719368773,0.2960470717823363,0.44387300329024404,0.0073855257825000365,0.3998211008382244,0.010395038733523121,0.16228655991298158,0.9307807133686364
SAMPLE_03572,0.99861967114142,0.17077852732841617,0.1541079126671037,0.09802447066002784,0.43774605683547513,0.26031264514414826,0.16176048112396313,0.32463336044216207
SAMPLE_03573,0.9863695907599391,0.3038496814943553,0.40804966529963704,0.10424692286403608,0.1327370844315086,0.03965290644192218,0.11644105292728765,0.9826246764424703
SAMPLE_03574,0.13683499178477368,0.0860724991132556,0.08415950616501386,1.0,0.03802145882442512,0.001666676146438449,0.017811451151455267,0.05407629314066467
SAMPLE_03575,0.34094519613712315,0.34362938016412764,0.3269789703822611,1.0,0.06920061034572043,0.0016947372743087246,0.04015952794548444,0.05078536378308289
SAMPLE_03576,1.0,0.8907073322616553,0.8061252027206445,0.9965719728601752,1.0,1.0,1.0,1.0
SAMPLE_03577,0.9981049757391737,0.17145668137447495,0.12953132113564053,0.0079473082609765,0.09705607954118232,0.009399632242394967,0.07381442620323769,0.2364892845899745
SAMPLE_03578,0.9982316563160368,0.06304843582587996,0.04641690853499723,0.023777087740107904,0.06855248697409165,0.028244422367046308,0.0899071696115969,0.25910774744885423
SAMPLE_03579,0.998488772656226,0.13196231497646216,0.21256822579975906,0.013281737613569412,0.088597300970449,0.02427296932009517,0.11599317553648324,0.3150828725840157
SAMPLE_03580,0.3673145594708619,0.1254732820680699,0.14607008690614087,1.0,0.07853151695312018,0.0011894805063447256,0.020336654093047215,0.9629794717567587
SAMPLE_03581,0.5219401089069609,0.4299365118291334,0.41676823698303117,1.0,0.13330564018817728,0.0011751133394801497,0.03749686327898509,0.9801942014388759
SAMPLE_03582,0.9059466733972238,0.48861712470214425,0.5365041123297195,0.003470976276414564,0.38895412046006306,0.026897290645389645,0.31643924071400764,0.9806758787289995
SAMPLE_03583,0.9981311601876047,0.3408038177994871,0.3917116729430497,0.0342242607931496,0.22545370778352916,0.29045777715375093,0.1269649866013305,0.11201353167366976
SAMPLE_03584,0.7708183360273098,0.14603920109908536,0.17178067079805082,0.002606662452093909,0.20745319760924935,0.0044133457770351575,0.060804898030443054,0.5314240588409305
SAMPLE_03585,0.9983760921268857,0.05713322688718851,0.10012497275342712,0.014188809065470383,0.1981309213974019,0.017210862002870673,0.08995744969992511,0.3288189124836378
SAMPLE_03586,0.9982477339908131,0.0694538364537687,0.1006065933981793,0.012279649507549778,0.0721867388241768,0.012670500283063236,0.10306282173912636,0.13041666225565351
SAMPLE_03587,0.5913457512544033,0.5851186939312865,0.5443338355450167,1.0,0.0680374335718473,0.0017071836848509068,0.263150329039875,0.49797791034211664
SAMPLE_03588,0.6942035494219971,0.8247627811864896,0.8187149588261377,1.0,0.059277894459278696,0.0014400256352788173,0.48824347548685776,0.8808545384694311
SAMPLE_03589,0.9332914240584944,0.27706999264654203,0.605583493286047,0.0028900626045159496,0.1212745945220238,0.005892575180980639,0.09565302178121059,0.9898729394039449
SAMPLE_03590,0.32861292444412504,0.3317847260595521,0.3961031244828982,1.0,0.13754129814999033,0.0013735838601994876,0.01817840781418493,0.03525131064334556
SAMPLE_03591,0.8005056499834569,0.3367268818810254,0.5481077297694462,0.002963190949368336,0.19390289416296333,0.004391109789868833,0.1413585270702627,0.9537006171016946
SAMPLE_03592,0.9981754983494585,0.12122208776808925,0.20432702886506493,0.006240010034624581,0.23545151512819212,0.02037075449470933,0.16579721562002334,0.9778019097122936
SAMPLE_03593,0.9977469009741844,0.29611224387965934,0.2236838660176816,0.028711962029700014,0.1547038361906396,0.04042234929490681,0.0863206205159909,0.6861482607449458
SAMPLE_03594,1.0,0.6032817978387852,0.6253227899772762,0.9968742751588342,1.0,1.0,1.0,1.0
SAMPLE_03595,0.7033780366760499,0.6108040234193789,0.6063148803685978,1.0,0.14903014255445066,0.0013403883424528682,0.06964858614332921,0.9616484050714412
SAMPLE_03596,0.9985394663321597,0.08139540819601394,0.14240938007068346,0.013334677179798972,0.41928121098094195,0.01745993425663008,0.11893977927381189,0.4545363127239752
SAMPLE_03597,0.5158246258287371,0.09477043562824593,0.13596513827725917,0.003214875301023534,0.17259613623948664,0.004002400225134878,0.08608892455980839,0.9758158324800591
SAMPLE_03598,0.9983025637507247,0.05337259803511622,0.11668542412869812,0.012470460215812065,0.29979174024413857,0.011025330260062353,0.04198073798780775,0.16853858459345827
SAMPLE_03599,0.45352299784181593,0.4953561959757859,0.566453048557724,1.0,0.044734661793799604,0.0023326726847145273,0.26056271940341874,0.2219208780637333
SAMPLE_03600,0.9983572915489768,0.3799461659854756,0.3193664840207277,0.015745900965396326,0.1934517023850991,0.056381258950110626,0.13092897301572992,0.43692640895884494
SAMPLE_03601,0.7739754064604918,0.19896601517583506,0.5995022661004842,0.002493713137288582,0.27347244641871676,0.012850984538603104,0.16300644396740055,0.9796232043676928
SAMPLE_03602,0.881243442108609,0.5921660252590607,0.585036965740762,0.0031621524193588737,0.2231816160034862,0.005609531859830711,0.17457880562403263,0.955331781241807
SAMPLE_03603,0.9982761951862841,0.12438315688157939,0.12516126550374854,0.01745853666992349,0.12232022470258486,0.0232408430801024,0.11343012490361111,0.2351993033576166
SAMPLE_03604,1.0,0.6987232733090275,0.718307497775137,0.9959793850176578,1.0,1.0,1.0,1.0
SAMPLE_03605,0.8793514348490482,0.5873225431047193,0.5796409116443119,0.002148395281489777,0.5655434871811201,0.004071480013857439,0.5193079340716772,0.9896473152873961
SAMPLE_03606,0.7945545600390982,0.3567182044172486,0.41060299853420246,1.0,0.10370620677750637,0.0014528754586144925,0.06768019086366127,0.88385012473355
SAMPLE_03607,0.9984605255835154,0.03252718030737349,0.09944412889499288,0.01152173610646499,0.2370073158599272,0.017751822577340978,0.04963718881239504,0.22931220055563825
SAMPLE_03608,0.7256452158024772,0.43440532418040967,0.4328878329841215,0.05882655880412966,0.18210496201249832,0.01581669745737905,0.12138280122310552,0.964893304264157
SAMPLE_03609,0.9984472843186583,0.09750472790603784,0.13035655608777968,0.01701048884628276,0.11625906951163693,0.029824435254951126,0.05159148954128926,0.23124178939580098
SAMPLE_03610,0.8584990043815488,0.35205172526313916,0.5316021074521848,0.13431854273722257,0.22910036773832151,0.0941510926206074,0.2303809935649274,0.9093755358737146
SAMPLE_03611,0.998595222821147,0.11208327890592186,0.2225323104523959,0.01459911402076015,0.13764368133532104,0.02621665670041674,0.10881518324522618,0.16731254291930406
SAMPLE_03612,0.9982126747462627,0.03174643719326939,0.06249987845081371,0.00965271117062174,0.07141945413676758,0.01671535663413377,0.05245371704517842,0.09620254200382973
SAMPLE_03613,0.9965564400752788,0.1341619408007178,0.16041383880129115,0.044318396482674244,0.18633876612295852,0.023437401912379238,0.19169790981516835,0.2663712977869096
SAMPLE_03614,0.9970152738411268,0.44502169437049377,0.4709839853546085,0.056458223935365426,0.4636801934865413,0.11859269482299899,0.45264056419204013,0.6815295888318663
SAMPLE_03615,0.9970740898051755,0.12530465933080562,0.1370763521265498,0.023565430968686386,0.10481119134962065,0.03345595766608728,0.21309433260066074,0.45250758984750417
SAMPLE_03616,0.9980498203291379,0.21393510926763817,0.24866871298882118,0.05160274666904356,0.453207431623779,0.08377512494396902,0.2835989741281385,0.3989380119772467
SAMPLE_03617,0.3979770403262998,0.09853384745286904,0.14250856707011622,0.0024175266634858736,0.151763043907251,0.0038098442256742416,0.10558598530925936,0.9480972404112762
SAMPLE_03618,0.8264809224506309,0.32122794070902605,0.42955837941520075,0.002504673184971493,0.4343210532412831,0.005392916424578013,0.08988251251437664,0.93130359115376
SAMPLE_03619,0.9983183878730552,0.6580037167799108,0.7405971645786368,0.09450454617931098,0.4836280195824599,0.21621179484474654,0.6337297086120461,0.7087790552647243
SAMPLE_03620,0.9986388892287756,0.09462210586141757,0.12986873356855988,0.01471091280059529,0.09988418128247771,0.04743422185506005,0.07390720540513795,0.0921250017337719
SAMPLE_03621,0.9970157418099292,0.16528054229581268,0.26713148078165094,0.021520544905246623,0.32135481457368426,0.041272663521686945,0.0991350752254084,0.5637848156652041
SAMPLE_03622,0.3187475316897125,0.18263138047179944,0.2075315357529205,1.0,0.03847676861353448,0.0019033055535280221,0.058015853234788646,0.06431316858725755
SAMPLE_03623,0.9943624601295568,0.41936478095337826,0.5103333556228368,0.018979593463106598,0.5144753188156541,0.036509037232272785,0.1876217003821102,0.9464427414341994
SAMPLE_03624,0.610824850445236,0.49750274515905296,0.7107060248362584,0.003280822712196073,0.21105580497855786,0.004473311808461075,0.32016128088640883,0.8930498047891368
SAMPLE_03625,0.7988136974749798,0.7567014276668751,0.7831491479503314,1.0,0.15213456426763913,0.008985942720240638,0.5360169871516817,0.9830022806350511
SAMPLE_03626,0.9985689445211445,0.17061002502096478,0.2336974938618301,0.027729323661281204,0.20979554121570002,0.08312123307124995,0.1818224245998781,0.532282764052637
SAMPLE_03627,0.9984773466819934,0.2778086909477113,0.5050818683761619,0.01610519889232444,0.6685957820204548,0.024280401358744593,0.15744722134305605,0.9701076629671043
SAMPLE_03628,0.9087367527151957,0.684075988196645,0.6788341028474383,0.7992174194138124,0.695302465974628,0.15865454078709934,0.6645324123848667,0.9821518704607788
SAMPLE_03629,0.8612058896715907,0.3680930902872022,0.5035574358555803,0.00402645842424436,0.35469710127441884,0.004456367943884964,0.5120698542568222,0.9454222253331608
SAMPLE_03630,0.5199562962669712,0.11094596973251655,0.13430119784033315,0.010357289222477814,0.12098317543380134,0.005691708895320811,0.04701162749770937,0.9857593682145268
SAMPLE_03631,0.8461968562916544,0.12646129203838893,0.1257829972117237,0.002117087928264598,0.316690176871556,0.0030340158525679548,0.07613767664192544,0.9829397691074029
SAMPLE_03632,0.5290405148647053,0.10387269305152041,0.11204029449234391,0.0035514310448360124,0.19796756379547747,0.003227011886771932,0.08637688560314763,0.992403334204062
SAMPLE_03633,0.4864655147642522,0.37549704721352006,0.3469122176012247,1.0,0.05789809905778056,0.0013892881276590077,0.030327719546913698,0.8558959940113117
SAMPLE_03634,0.9983581193416239,0.16675886212424582,0.2263216564671555,0.016852040436074873,0.1327173307647509,0.042375383230360185,0.09750055023861205,0.20048146666585973
SAMPLE_03635,0.9984245762572962,0.17225463358760146,0.2652795058563665,0.028781427946740046,0.1695133812631811,0.04434101932574331,0.331488398252459,0.3333212637784611
SAMPLE_03636,0.9985316395920555,0.09113945083917652,0.16422044864043706,0.015215383656118993,0.6325803599316985,0.04780051336442302,0.076623315895884,0.5411379166350985
SAMPLE_03637,0.9980699296343994,0.35883931699032273,0.31910095125566146,0.006583453514046016,0.29570063411877795,0.02841759539107591,0.18352536197567998,0.9880656319499207
SAMPLE_03638,0.9985799866970884,0.03131944471255932,0.0818495487037807,0.013907419101561016,0.11666151132834535,0.017978071183091957,0.06866172917862128,0.22726676421176867
SAMPLE_03639,0.9987085071629573,0.07125614747365626,0.10008840241304398,0.0118233899068401,0.23335785857834943,0.026516545058691127,0.0706237684415462,0.08903053073169029
SAMPLE_03640,0.9976868629494428,0.16306097644973258,0.20485118730900476,0.014808479351163901,0.22172295010706747,0.026823788017774207,0.1597450834081648,0.9801180936640193
SAMPLE_03641,0.8489664628990645,0.5906060595378387,0.5876299547576885,0.003092493795649854,0.6129164115832932,0.014310164885193788,0.5560068598130528,0.9891243904684016
SAMPLE_03642,0.1852423745374645,0.19563672968605264,0.14267162897692615,1.0,0.24213952271979547,0.0018076118001239558,0.015733374657945113,0.1226267859446483
SAMPLE_03643,0.9981927631417045,0.47145662107552677,0.5092656879713617,0.03644115383079489,0.21488028508876827,0.2488312993048188,0.3247962024334344,0.3094423973568409
SAMPLE_03644,0.860276765247124,0.2732783619666668,0.33037084912855164,1.0,0.0660658899311402,0.0014126361334662252,0.3123332941955393,0.21276170298277014
SAMPLE_03645,0.9976475284360118,0.23676773406043058,0.17941785581439848,0.012754854991353284,0.2101165025177805,0.02199230662609003,0.11965251595894558,0.9697093498364796
SAMPLE_03646,0.9977084432324219,0.0473573434577053,0.0703429878549133,0.01483147973030351,0.15346182645338594,0.028407095395129835,0.099321960375689,0.9602636823421359
SAMPLE_03647,0.9981202574725098,0.11995587672249435,0.30728994769394985,0.023292817221668136,0.2005013909196652,0.04426001541684761,0.11940035554883163,0.21383240739309287
SAMPLE_03648,0.9984445578215849,0.13929743451520651,0.18939838675288545,0.016688384237970148,0.10805983435510759,0.04691912246445238,0.10350652797996891,0.32373403863135836
SAMPLE_03649,0.505276411758593,0.4585185907263268,0.5405092212623192,0.003204080572707956,0.27584329166907734,0.005848673202994662,0.11847778677535103,0.9122063294837552
SAMPLE_03650,1.0,0.6027149817570628,0.5127687161107425,0.9966333099180016,1.0,1.0,1.0,1.0
SAMPLE_03651,0.9983791747305224,0.13873619514318875,0.13654758748685702,0.01592948736853652,0.08363152989220853,0.02064616702455279,0.09604124778977494,0.12094763540215568
SAMPLE_03652,0.900765595481387,0.1273621412215831,0.12969507564271346,0.0033771254178922108,0.40424838830152776,0.030543147407764704,0.29946929829870567,0.9594153683707076
SAMPLE_03653,0.9986342138304519,0.10681557103728043,0.2952376679888498,0.011221190793796324,0.16146529893928385,0.014011397682865925,0.10125246677705624,0.27704793683410744
SAMPLE_03654,0.4268418048802745,0.10424558365091824,0.11968780221474147,0.003409590159583163,0.22613738799794011,0.0034500200652395094,0.08186849682406888,0.9893402385116515
SAMPLE_03655,0.9984147040227466,0.14473644531594643,0.3023872658731151,0.016322047288901485,0.12413089160601923,0.024642359051557233,0.1180220631045455,0.17298014635157383
SAMPLE_03656,0.7887333740244191,0.5335736359992577,0.5803840418795404,0.0031223186469780807,0.5063862196001131,0.011399681889618107,0.23890650942278172,0.585780987591826
SAMPLE_03657,0.9983221372238171,0.13952390780562995,0.1634264549226248,0.02145643077496996,0.11879588774264539,0.04372814276927018,0.09356329030459026,0.14236718505013654
SAMPLE_03658,0.9984420579504392,0.13245899453016374,0.1753452935785509,0.01699252796568685,0.2014285647373971,0.020265779532844946,0.1470883589174441,0.21847050467936077
SAMPLE_03659,0.9985866532678248,0.1964715308630767,0.23707182033303376,0.013452302141994485,0.2020189175893458,0.05363632088658949,0.1681648582749392,0.44188836844849627
SAMPLE_03660,0.9984353753548978,0.32793755138988284,0.40404262439132643,0.021228803441468647,0.14377264436797124,0.05612707801248624,0.24743887286825925,0.34635992821803996
SAMPLE_03661,0.9984612953260145,0.037438955681067185,0.050701948999472335,0.009472637273390315,0.06543685695010885,0.019675942203392402,0.04826097535380307,0.053430608859465316
SAMPLE_03662,0.32926842585168975,0.1881304786409621,0.22537780469556712,1.0,0.07707342876476636,0.0026892145760322693,0.13198267923458024,0.195804398355963
SAMPLE_03663,0.7778589379031384,0.6967932358889795,0.6697536862769432,0.006634009491491944,0.291418921484527,0.009171397783830061,0.3728358291630177,0.9513116907511523
SAMPLE_03664,0.9985410603819088,0.05100393868949697,0.08250967937532107,0.012380378530880252,0.09088288690834712,0.02142559585315294,0.09506613983120714,0.2558907359331865
SAMPLE_03665,0.9984912190833799,0.7891803594415,0.7639723701427099,0.06927274369502102,0.5433530853529419,0.22214618554982532,0.8914551398910873,0.8953813177722043
SAMPLE_03666,0.8139122793827172,0.16090468565382862,0.3112373275577335,0.0031493224521657623,0.1693832795746235,0.008094106609028857,0.09062180112865206,0.9776421500919228
SAMPLE_03667,0.9085180377282724,0.4874905890004973,0.5081461516860348,0.0028341138076698395,0.3838258422339113,0.004337698215727096,0.23660733636023165,0.9370136609575566
SAMPLE_03668,0.5664381418048149,0.6083180873068145,0.6595220996146574,1.0,0.2357989247258633,0.023490427265283775,0.09513706017171349,0.3549295153392459
SAMPLE_03669,0.9983871231877703,0.19660028725274684,0.21126001626852636,0.018207068151355057,0.18714859691340044,0.03200411248467086,0.1329688922567332,0.2172996545788589
SAMPLE_03670,0.9984339730696098,0.02634677180210039,0.032174387873308466,0.042574921992319686,0.06284006171598626,0.009088941335558412,0.034534045258709234,0.13117213744846487
SAMPLE_03671,0.5556023813970175,0.2847167455014769,0.5328023660093503,0.002327319921255326,0.22277352215646137,0.0036491950006351205,0.28759815831281277,0.9766415809252501
SAMPLE_03672,0.6808443926817721,0.36207050226012993,0.2859502839316364,0.002851571328076643,0.1955071310116088,0.004709105976133077,0.053604598557102597,0.2291957990695275
SAMPLE_03673,0.806746232984897,0.11961567944196834,0.14046046296454884,0.003330176284679214,0.1523772005271819,0.004016321863760277,0.07090483491601068,0.9508438357113548
SAMPLE_03674,0.998444667750076,0.15729642175437072,0.1445830473921527,0.012038035458178714,0.23466530167889754,0.13269550281033232,0.1113251216730673,0.23148503163246298
SAMPLE_03675,0.9984338573267272,0.0685623410754403,0.1194065905117611,0.018485895296576942,0.11181142538741554,0.04945756918111404,0.05950359176064795,0.14792588555058478
SAMPLE_03676,0.9984946633752938,0.09775638686076443,0.13526251366405165,0.023476525619777307,0.1527767371332589,0.06249626445849574,0.20910215503957572,0.2930898078701697
SAMPLE_03677,0.9981392755383922,0.3437044654583814,0.4420263161625701,0.02417478384348053,0.14500324111327056,0.06676455536800101,0.3207692163524527,0.27408072118827376
SAMPLE_03678,0.9983523781458149,0.3060267538384278,0.35026548360425114,0.017548671294599482,0.32943217677502873,0.07250429594867148,0.15726423204465098,0.9347151485138209
SAMPLE_03679,0.6107543352606113,0.8394277976863276,0.8293985344433834,1.0,0.09602180137021508,0.0012273811117783516,0.2907233094873874,0.8847716057566871
SAMPLE_03680,0.9982966095942652,0.08703155387889887,0.19986273166947108,0.02123445052413913,0.11043710797017717,0.03288311710442501,0.11217158120484119,0.246359314276003
SAMPLE_03681,0.9970582449228074,0.15964650317370718,0.29112682105542176,0.011080110866662343,0.20728761550583447,0.05342973743897924,0.13178102143369597,0.9911648526958374
SAMPLE_03682,0.5840423929754286,0.3047214886134894,0.2403364367740581,0.0046390799050105,0.10851369237996765,0.0065720510966385615,0.05455587980253752,0.46287084029965686
SAMPLE_03683,0.9983480642991347,0.12689980742284257,0.1597465729314151,0.019478573448298685,0.22865043076509134,0.035340061728953584,0.08626532863990687,0.32850448395975734
SAMPLE_03684,0.9983641159970019,0.06070283226032622,0.07017048786203986,0.01705891579508873,0.11825880597185956,0.03394334793226194,0.05678489804116854,0.07535036750030012
SAMPLE_03685,0.9983981271688117,0.44582340545324844,0.5511984397546812,0.07308274188785471,0.46066745900441775,0.10298985952453762,0.4975993640091432,0.9831005445021267
SAMPLE_03686,0.8367824675577895,0.24492195419891724,0.4943393278264606,0.004645182936968252,0.2826819883790507,0.016896136249950625,0.15235609592319566,0.9739875782383419
SAMPLE_03687,0.9986500291940623,0.1008777418518972,0.321208437024068,0.012482717917515086,0.16502934062191665,0.03546638099949356,0.11263054195878952,0.17029351399840253
SAMPLE_03688,0.9984332097989038,0.25907499584635024,0.19946346426084613,0.02010130088757797,0.2560326060265473,0.04030902832782674,0.14423722795998747,0.1749514611152394
SAMPLE_03689,0.9983758533810299,0.046504762533498424,0.09225460050881903,0.0136488272415748,0.12984469101540855,0.03330754109446614,0.10878779940502001,0.1503785811024211
SAMPLE_03690,0.9982822662971985,0.2217048139554479,0.2612034289532861,0.007589157830164104,0.12809069911655738,0.02754011639654998,0.07405855925329231,0.17825177905256512
SAMPLE_03691,0.35400681599081213,0.6554151374041289,0.5981914472324911,1.0,0.1682488757819857,0.0025974036943143277,0.25065072820985845,0.9838562668949385
SAMPLE_03692,0.9984847541002718,0.06355448332499751,0.12086209043673359,0.011315206519757126,0.29762753879463877,0.028754509549912197,0.051270396618848,0.38464944166297854
SAMPLE_03693,0.9827077362209581,0.6495856334755274,0.7877964906154928,0.6523878698757805,0.6660316161542479,0.47460501468740196,0.753837723861168,0.9335918646901584
SAMPLE_03694,0.9982181256189955,0.1519329289441342,0.18681407777409306,0.014678941704214783,0.09988276718014152,0.02535096396318812,0.22586412802152062,0.1233394111223073
SAMPLE_03695,0.9983694025350559,0.060694990009674155,0.1726752937473864,0.012247479156798299,0.12027529986254944,0.017169578441264856,0.11823544342162111,0.15204635789834622
SAMPLE_03696,0.6471566524722244,0.4643109266646339,0.47646589691995034,0.008253084743157186,0.16319391469864747,0.008021651629003979,0.14677113016181575,0.967098677647574
SAMPLE_03697,0.48537901917817733,0.0820070930326805,0.1017044380922907,0.0027954805835805406,0.16756983036631778,0.011555227283829784,0.11017356457341551,0.3306032680657246
SAMPLE_03698,0.4945054639207834,0.5678925569527387,0.6280313905381907,0.0033877070461963573,0.16670036663134866,0.004728957596494518,0.09179665844068233,0.10751855762602677
SAMPLE_03699,0.7133670073057307,0.15660331510150613,0.17042989784489088,0.003211856866731626,0.25817594193261617,0.003424828359538014,0.05901586841260245,0.9766572931909904
SAMPLE_03700,0.9987247363771148,0.04539820645208385,0.06580909022300162,0.01698800162005565,0.10005995520984358,0.021023720502361943,0.10887695394731173,0.20327445765771213
SAMPLE_03701,0.726001354183655,0.6202204412446308,0.625598571016383,0.004568389920480508,0.3644873837179429,0.02194290406788269,0.5259426815860752,0.9894769917761328
SAMPLE_03702,0.9982622805382382,0.3464693726872609,0.42005682140955963,0.022276732869849224,0.28955805349417285,0.10119777083410812,0.31706917763987763,0.19242890978103336
SAMPLE_03703,1.0,0.9236736523299719,0.9211353019983023,0.9941227519307926,1.0,1.0,1.0,1.0
SAMPLE_03704,0.9986029989906329,0.4032021876862727,0.31488704688247693,0.03116434722914736,0.19334304936180335,0.0935254403085741,0.17041914632406788,0.16165345629914765
SAMPLE_03705,0.9245873771322202,0.6645010780948585,0.6751708515173236,0.005368979490006638,0.5859125908872961,0.008200103718658563,0.5892518258535023,0.9800233508228632
SAMPLE_03706,0.8168900088353875,0.14261976843611068,0.1427003619985549,0.0023427043396619424,0.4523781197414161,0.0032889160277885104,0.24684278943371635,0.985747241044748
SAMPLE_03707,0.9983608457761322,0.06570153456307817,0.13359091359231173,0.013372985436864854,0.17632909763895085,0.023315436411091715,0.07445194311141871,0.1672413707946613
SAMPLE_03708,0.8041796357216991,0.2734112897756335,0.263614194404002,1.0,0.09537485227974288,0.0016575298838251492,0.04262465325567659,0.1631406137547855
SAMPLE_03709,0.9986687636201146,0.10988872444252878,0.1911273179766565,0.01210561540188119,0.5221314604505712,0.03474481124964801,0.08480777265956319,0.5435067769637546
SAMPLE_03710,0.9983494478211468,0.07833057915341811,0.15035485641421567,0.013784647218734689,0.11916514162764304,0.0251484516510243,0.093350974217503,0.18016425741586647
SAMPLE_03711,0.85283080645291,0.5228283656746401,0.6377229950524204,0.002023197445543086,0.5858173698492777,0.0034304299461662582,0.3059645822288625,0.9745483197482627
SAMPLE_03712,0.9967661796995819,0.12853163583586197,0.2683853037343878,0.007730669513015729,0.156243768161976,0.03702238870305372,0.1124984535885577,0.9735257620316684
SAMPLE_03713,0.9986222060143557,0.05078848223168984,0.15784972158471222,0.00979401739059712,0.08164095457342434,0.021592464752440185,0.10674346412948303,0.196563100684812
SAMPLE_03714,0.9987714243062086,0.1583844399384537,0.11487419260700085,0.022178072443784086,0.12817386420121862,0.0833529259317939,0.40039027642288516,0.2513639409234968
SAMPLE_03715,0.9986085143032077,0.05736717766838553,0.09936003788639532,0.010442408348829462,0.28620084623922876,0.01617823199099487,0.06889631134549958,0.2680798845119178
SAMPLE_03716,0.7874037841468988,0.4326095343765821,0.6059815270111584,0.0031760111333671566,0.13241045945008262,0.0036239051491083326,0.20555446355303209,0.9897163648206758
SAMPLE_03717,0.9984414971094496,0.02437332326880004,0.02673747464157752,0.007371779672545782,0.045782294592430814,0.01056564122868267,0.04854247356920174,0.058229377950331666
SAMPLE_03718,0.9983832999795663,0.05896661891275976,0.13703628077716912,0.015197029288813996,0.09344588639331818,0.0174317322410496,0.11269166157880987,0.165831865965023
SAMPLE_03719,0.9975018282691774,0.5689576025916167,0.5180570351039332,0.027173915989907024,0.2446656693605805,0.0552131374571682,0.17978598637830234,0.7172902332661116
SAMPLE_03720,0.9982634215343711,0.43700036534591385,0.32705631696048465,0.015902500848591915,0.46506309027636744,0.0342571992403464,0.42953485699336613,0.5683828401156955
SAMPLE_03721,0.37005552070525477,0.18187627231640063,0.21377018886652588,1.0,0.09600876359822377,0.0015496206161060364,0.022025455205377516,0.027061649968308066
SAMPLE_03722,1.0,0.5434048904959484,0.41747771093273667,0.9964153792105427,1.0,1.0,1.0,1.0
SAMPLE_03723,0.19744721404154789,0.11240225821987114,0.14659327548367568,1.0,0.05549184620936403,0.0015166042238954275,0.018082058944539035,0.03817402464702375
SAMPLE_03724,0.7910841874669401,0.6744761238461628,0.6911634560490357,1.0,0.12924173845470863,0.0019435370425507875,0.11111064368797424,0.9739536387491283
SAMPLE_03725,0.6042719385657075,0.15990555655036148,0.5072988265824373,0.0019339526990413921,0.18549999745887216,0.0092795372531067,0.1099406129351435,0.9878530618920104
SAMPLE_03726,0.9939337446749172,0.14331132384951034,0.3378590610918232,0.02904720065792174,0.14778775824907164,0.03512458695263027,0.2761486232195305,0.9745450253925464
SAMPLE_03727,0.9979088520944632,0.39031439454329214,0.48791887119927857,0.12123921190395638,0.4382797442271236,0.12211034916806128,0.11137125586639264,0.5189150763887773
SAMPLE_03728,0.846999037422921,0.3361180849979353,0.38435113261344284,0.003558247231659417,0.41128683143044936,0.0031765918916375788,0.1359778271273927,0.8398351009538217
SAMPLE_03729,0.9050801707249769,0.8503496133729839,0.9082871142647145,0.0024200093161654015,0.6468287596853565,0.3556009117560748,0.7150487260778893,0.9870967585859655
SAMPLE_03730,0.9947776298946664,0.5800044808133191,0.46566610275876447,0.08944271015804268,0.509666322033221,0.017052898828470844,0.3891217464607787,0.8066186583730408
SAMPLE_03731,0.9985173604129891,0.1524289927302046,0.28575111148305815,0.011679446642802838,0.16155320449610558,0.033068094896720635,0.08870974667327339,0.3065745125018202
SAMPLE_03732,0.7981289989102524,0.700683839056966,0.6949030003319541,1.0,0.06710175261855547,0.0013882104141512276,0.13587059045501093,0.47033860298889485
SAMPLE_03733,0.5548150141040684,0.6082021483738232,0.6179201174541226,1.0,0.12311020077151626,0.0017022641408902554,0.02566277239509662,0.03744766569233518
SAMPLE_03734,0.9981417751181915,0.2467912126409455,0.2387535582218474,0.0344402289066364,0.2792799052475863,0.03481047003077594,0.5180047214484931,0.9452672552463521
SAMPLE_03735,0.8967925590861595,0.4570094943453682,0.8340442711317704,0.004027734597668117,0.5074049756184298,0.012979968486057238,0.16613217300880329,0.8640479426975712
SAMPLE_03736,0.9980165778541216,0.15471194039284505,0.22968695365614433,0.00702316886481859,0.4082615756024606,0.028489848166949782,0.25755942298405593,0.9754018594535712
SAMPLE_03737,1.0,0.4574497912200703,0.42988195487653347,0.9965629784094927,1.0,1.0,1.0,1.0
SAMPLE_03738,0.9984152585802923,0.0715241550003687,0.15980925116755804,0.01558851532079076,0.0865337637437649,0.0225113854939984,0.0820606292885438,0.08185080648079283
SAMPLE_03739,0.9984799633937702,0.07914645817343328,0.10394880123282818,0.013301017084655933,0.15307402729563424,0.031457129891316146,0.07221716833730235,0.288570747229126
SAMPLE_03740,0.9966902634109539,0.025209741097594433,0.028988253819882757,0.019445514781829962,0.37316100686334247,0.01185418460704202,0.041052671441690614,0.28877198542294746
SAMPLE_03741,0.9981040369683819,0.04553017458025515,0.048150935266970264,0.004999100048362613,0.05126803719056709,0.00696113009114554,0.04559505143246519,0.06561593342952579
SAMPLE_03742,0.9983944551157306,0.19439716687894315,0.2220668319784026,0.013397996300955785,0.19759682094521783,0.03955589008394517,0.07016815619458892,0.22355554964009527
SAMPLE_03743,0.4860220803134823,0.6271466092084681,0.7416089693885907,0.0026173082757681245,0.30639177353076386,0.0039627297894629715,0.13794412337646653,0.16134448871352108
SAMPLE_03744,0.7465140588080317,0.7355501256478105,0.7191130021018364,0.004803218926498525,0.4436702757960045,0.005668416773713996,0.340149336998551,0.9286858262076059
SAMPLE_03745,0.6466202824672298,0.3436082272538206,0.3842808078127982,1.0,0.0634459131538856,0.0010980122794264663,0.020117063430064995,0.7267112940194682
SAMPLE_03746,0.9985957951751153,0.08231181686455978,0.22208199732785977,0.01597630907934802,0.09468918600460548,0.021533072896825475,0.138926555382336,0.19952906126433995
SAMPLE_03747,0.9978099243676842,0.22119017320692563,0.23148552609931553,0.03392695265987352,0.5193756567100873,0.08087126743840042,0.3674935891870059,0.7057888858931421
SAMPLE_03748,0.356089388993229,0.21977687691013523,0.23056600808292418,1.0,0.040541251045821694,0.002510282651438235,0.0681404014936755,0.12884770279125568
SAMPLE_03749,0.9983342580526011,0.11567372711768746,0.27116010913301336,0.008010918814994173,0.0732565865412834,0.011010364731967084,0.17652940777338358,0.32843445335543914
SAMPLE_03750,0.6785158349341918,0.3709623003846115,0.44570838985772027,0.006599795016388284,0.2982481807914004,0.012358193836070537,0.34809654992862044,0.9306520022141479
SAMPLE_03751,0.44824020641797496,0.29152890153727545,0.3242706751888554,1.0,0.03934132021174517,0.0013597971947501297,0.05162525428209284,0.03285238478906764
SAMPLE_03752,0.38495280008836663,0.18217697640968386,0.20395834726376483,1.0,0.03590691825941509,0.0017636436383376107,0.03529221777228371,0.07572154953451152
SAMPLE_03753,0.5391512979733728,0.10229766026267693,0.10279092710370082,1.0,0.05613701731543538,0.0017084103297443135,0.05931466965278343,0.386608286142362
SAMPLE_03754,0.09416765804836906,0.1243939003956674,0.12138651596674159,1.0,0.05422280125741613,0.0012367687334378817,0.013478459777206296,0.9616148461859811
SAMPLE_03755,0.9971401731231435,0.08250239565515145,0.1408841052894952,0.16019261546762373,0.11723824139916156,0.08298537011843125,0.17651229930301685,0.30774630311963624
SAMPLE_03756,0.5439120969005891,0.29663521947342253,0.2844674854739177,0.003622566289648887,0.1796671169108103,0.0038304158653677117,0.0773863648079893,0.9828346905151043
SAMPLE_03757,0.9985840635920394,0.09122471874403412,0.2287637480457968,0.010270893241195556,0.13215332137151156,0.018071963303863285,0.07039381389474982,0.20437987814992772
SAMPLE_03758,0.9976056575989593,0.15299693062493888,0.2213212843019344,0.009892382860287532,0.34368259553755,0.016211402793824922,0.20585515836767107,0.9611620510593432
SAMPLE_03759,0.9986542592305533,0.02242498033293405,0.06292656886024023,0.009066390145075685,0.3953475515682217,0.016574666269652774,0.06264750101799284,0.6116253221968853
SAMPLE_03760,0.9625172752024339,0.703286067343051,0.732533701548557,0.01969666259533114,0.4640040225053226,0.018860223653729538,0.49150512727052265,0.9846235942842607
SAMPLE_03761,0.9980603615863832,0.14620682701386384,0.1592795639741004,0.02122807786971918,0.1574457189610845,0.08563502195676054,0.08810182012176744,0.27178901483119994
SAMPLE_03762,0.6972102966008173,0.2800846197288713,0.26376173487390125,1.0,0.08318026266194445,0.001129452953232221,0.08117069967006516,0.24728485584955073
SAMPLE_03763,0.998300919144793,0.0745603658715296,0.12850433021234325,0.004726149889988765,0.07569794345379649,0.007055319524818802,0.04809202063374434,0.06384603298211335
SAMPLE_03764,0.9981105863736934,0.12489942896868605,0.17846274724757366,0.021574205813358584,0.2769819210105053,0.035597050456211386,0.10697010292698275,0.9827279133080026
SAMPLE_03765,0.9984487953755036,0.06954862699441001,0.10220325435219856,0.0141389079868312,0.12259799982822216,0.028635062413985873,0.18168346511392414,0.35519342153701344
SAMPLE_03766,0.9986247630993993,0.11264505376633775,0.24866015621225976,0.013797997600099135,0.3535591970108457,0.03446978369859679,0.1046288257847496,0.17465206704426514
SAMPLE_03767,0.9985807741323778,0.1724224395913242,0.19564469989194871,0.013631414513665353,0.08106288664285219,0.020534216806571578,0.16581654889868383,0.1480379606850374
SAMPLE_03768,0.40580052786106224,0.07631002261643922,0.08754880754815948,1.0,0.0883197628498055,0.0015355406399464005,0.021116707122809532,0.9777239265544515
SAMPLE_03769,0.9982089648697072,0.07219846000344361,0.09755470883371864,0.012072302114380035,0.06638504998112534,0.01784177201285127,0.11241830422355835,0.08208385091182836
SAMPLE_03770,0.21149516432140783,0.10560685582578447,0.13569185442920484,1.0,0.10474602570019904,0.0013618520824209977,0.018533356219895367,0.9832145537596834
SAMPLE_03771,0.9982852268984996,0.1817876759143725,0.3878773237827621,0.01631726233722216,0.17524304097393867,0.042409408786007935,0.21112801562131173,0.40376953765298085
SAMPLE_03772,0.9985284033758475,0.1955862144749492,0.3399663485272355,0.02266513973443234,0.13881657784494267,0.059675038855913715,0.2659643157381242,0.4078065262107519
SAMPLE_03773,0.7579897248691189,0.4909502118310353,0.5790309809189876,0.0042392072341374855,0.2861352152468895,0.008130551637820633,0.19668013517893596,0.9843438110026749
SAMPLE_03774,0.7596667558761843,0.6901169097481308,0.7725808110995916,0.007042370435075229,0.38477049521641826,0.016906483364883495,0.5613043798228657,0.9868341351797645
SAMPLE_03775,0.9982224530760975,0.19735460872531072,0.24500927740822412,0.05271259643776065,0.20516665522671895,0.06739000999825583,0.15985337753079762,0.6278294768160408
SAMPLE_03776,0.9977601431582732,0.13614471501811448,0.17276264529968557,0.025855678255643836,0.16796562654501263,0.014662927207009428,0.07311347224808183,0.14876780665715383
SAMPLE_03777,0.7747736270626137,0.11025564577087804,0.11892336733514533,1.0,0.10865679112183667,0.0011514226591025016,0.013907514377180396,0.5496035312889488
SAMPLE_03778,0.9974722150895692,0.04846681785330902,0.0661033368525422,0.03965999704993612,0.052580459098377656,0.014341857537799114,0.07294832047580184,0.11892420071957599
SAMPLE_03779,0.9985572947682292,0.09072528991414826,0.16106462679680705,0.015289654654009966,0.10769528241300648,0.021284430709287316,0.07260416386194093,0.1200864107799709
SAMPLE_03780,0.9942687738598512,0.15850263237943824,0.19733649062497902,0.024652047284050748,0.20661198584718957,0.0271332417564056,0.24121000608471452,0.9883439132071353
SAMPLE_03781,0.5626475092779307,0.5385168221209012,0.5250538657964685,1.0,0.05308844442889304,0.001390340583724456,0.1008155974572153,0.9127415770709307
SAMPLE_03782,0.9335965438461918,0.461203051577102,0.6568827984212205,0.0020082748884302335,0.5355691850372131,0.00783837076612047,0.1607620861118703,0.980929901752057
SAMPLE_03783,0.9985266495670547,0.10771992190270936,0.1294906698550047,0.01239374710773776,0.14078859200007185,0.07721128501758055,0.06866127807133064,0.13238438172266262
SAMPLE_03784,0.9984519808556761,0.14424266773767092,0.19067547639760013,0.008360073302656087,0.09111162287320783,0.02332444881303042,0.2734891901457026,0.2879235884126211
SAMPLE_03785,0.9984537994713956,0.4658740764048116,0.4815552851029211,0.013716819230850706,0.5557403467552904,0.023543218658756953,0.519695965534282,0.8951085296954732
SAMPLE_03786,0.9268024018076662,0.5124770228308455,0.5603098006762675,0.003930918803512109,0.3182209416082304,0.004671842141718356,0.31177221631998653,0.9713789077559591
SAMPLE_03787,0.9249901581946132,0.30088887162219,0.5299705484453036,0.0019517738208258172,0.5438007270922864,0.003995108982180807,0.24033432444235522,0.9859108725777773
SAMPLE_03788,0.9984658514223157,0.1203006373483054,0.12475924295183874,0.010976219571373742,0.41105142030740155,0.028314581837763805,0.05565798849978597,0.30581165906720426
SAMPLE_03789,0.8639382071632326,0.5305675131592728,0.6268500411337918,1.0,0.3490149651471141,0.04150211452314572,0.29302989253049505,0.7790696090909665
SAMPLE_03790,0.5509958756260936,0.4618762188463896,0.45492515498138963,0.00220037592078416,0.26331102289518965,0.004314546873825365,0.27232584847282626,0.9914332546930913
SAMPLE_03791,0.9983692121804527,0.15957193651997417,0.18090449342930434,0.021150805522964944,0.10282850503762236,0.061044573911162324,0.11025350733423446,0.07517123973362677
SAMPLE_03792,0.9978149192849525,0.3110522457980586,0.2702468663241808,0.020794380685588792,0.38347029096007934,0.06018205827485978,0.0525107598466065,0.45643700852604935
SAMPLE_03793,0.9138607756012809,0.707910437293472,0.6229066638933367,0.010768640316340531,0.30365153489282865,0.010317829267282043,0.37652666744747443,0.9885810777070545
SAMPLE_03794,0.8536138823567233,0.882858784191398,0.8574093900294409,1.0,0.061475217049895524,0.005553798951172601,0.5735980844822308,0.5086121854480459
SAMPLE_03795,0.8956730705939417,0.7327179176817268,0.7864299548294413,0.8917655510682858,0.28434454734863857,0.2765933024689442,0.7617933277329215,0.991582460089574
SAMPLE_03796,0.9983493501589236,0.5647657165299116,0.6881558344999344,0.020839004396270688,0.6950708555147777,0.1613138234012249,0.720061097107491,0.8625056599696365
SAMPLE_03797,0.3657547683267184,0.18518754830656858,0.2365686434860404,0.02412213980315256,0.12795645108116888,0.0056537245410758965,0.05902261022832719,0.9338917031896801
SAMPLE_03798,0.9966647611238991,0.07735997128239061,0.11700847301633743,0.012981075628126766,0.10454025453752527,0.010600330340787924,0.06036536131702501,0.08667737007163315
SAMPLE_03799,0.9982486832464302,0.029625465246690474,0.057756888022445795,0.030068459831285567,0.23778022287941195,0.0192267974454124,0.0531686463780007,0.5157495188594835
SAMPLE_03800,0.5489328376348268,0.37788324889810065,0.5110206876494203,0.005117062496152664,0.26797209918821735,0.004815771001263837,0.07513043600688263,0.35137007542879845
SAMPLE_03801,0.2114715234086599,0.28146513964087216,0.3335672641300758,1.0,0.04163775288478636,0.0015411656253859524,0.02133858699698779,0.05906908665834487
SAMPLE_03802,0.4763540571098607,0.5502913027319133,0.6402322775628239,1.0,0.03712427288739321,0.0013680000628232799,0.07540251652422031,0.08402203184663329
SAMPLE_03803,0.9973526456719376,0.14339096714845959,0.1557626965757633,0.01533640697275633,0.18455097599271425,0.014743685608637026,0.07817365162273932,0.23685786038848242
SAMPLE_03804,0.8868913445093549,0.15340523814896298,0.2155079996727299,0.0029026694710115094,0.2735197976374931,0.011176115031588092,0.0978170407848025,0.9934037188813108
SAMPLE_03805,0.8073823638120499,0.610174087396753,0.6046034896316007,0.002510257086690715,0.3828872315059554,0.0058341072992745035,0.11279636692087454,0.3229051454606036
SAMPLE_03806,0.9564933653204741,0.3463401398767144,0.39727362443106884,0.006950600597280702,0.40366091047973124,0.008255481541062882,0.33631422874356764,0.9884387921910516
SAMPLE_03807,0.9986259078266806,0.1568135339559031,0.30202963376411285,0.017554509290339852,0.10960199901216434,0.051308390061083196,0.15153466264116425,0.1085052353378749
SAMPLE_03808,0.8749755293100918,0.6510719263365784,0.7050598099515681,0.0024729455188164276,0.31532741843264483,0.0036610163328883957,0.2987756408872357,0.8368436918045181
SAMPLE_03809,0.9006263261556091,0.1844221738645073,0.37620104780322516,0.003196572332201185,0.34921082201176035,0.0066140733243866354,0.15486843579036838,0.9895132753423309
SAMPLE_03810,0.9969658000578953,0.028236544307965822,0.05520846675549581,0.008966075416917593,0.1499164370692304,0.005846687225903433,0.05576366978303015,0.11284398587022715
SAMPLE_03811,0.6689617875729664,0.18735656675321954,0.3163974601302898,1.0,0.10684706257377839,0.0012317147744087562,0.018239587152776342,0.4307212164087242
SAMPLE_03812,0.9884276586109242,0.22637848935353283,0.35136451511590794,0.04989240624772056,0.20479387167686788,0.04128903452882362,0.14370958809166987,0.9872822141959485
SAMPLE_03813,0.2355164640135221,0.3452233576189875,0.3872503334981575,1.0,0.0510782777505433,0.001782718597725926,0.09134068265545146,0.12662922287343617
SAMPLE_03814,0.998254774620658,0.08271802001378016,0.17202134774872355,0.014173421162373157,0.20744807550274846,0.02403812460014635,0.15839165325782123,0.37488262800148964
SAMPLE_03815,0.4368480533517715,0.17830087859220894,0.21919537500363673,1.0,0.0630519374498972,0.0013192490106866503,0.032124830663093754,0.05425492970877823
SAMPLE_03816,0.9976356414554232,0.3344464214506672,0.3801294178770606,0.022605024730068417,0.2967905670537033,0.029933247704145537,0.20227857478264066,0.9661378752143445
SAMPLE_03817,0.9986041557389631,0.6907977281060186,0.6133478532064022,0.022790339716308474,0.5428423209416783,0.114081744391352,0.593187346889174,0.7952635885980652
SAMPLE_03818,0.9979480900564986,0.08708202193408501,0.116336338580022,0.013744184017352694,0.1291821331211995,0.01898001925176981,0.15173221016037414,0.261098044046812
SAMPLE_03819,0.9982239073323906,0.237264297579642,0.250985837552932,0.019260555477559803,0.3553781539793621,0.02054867004425993,0.2361012702131917,0.7941233047909613
SAMPLE_03820,0.9984390372168657,0.16220835587525906,0.19071613294205764,0.015851210101442754,0.2706223670196804,0.08164454506248205,0.2544467285282871,0.43486092494187956
SAMPLE_03821,0.4424133941011999,0.37826591286038874,0.2960581186528348,1.0,0.08076226886647951,0.0014861814262813863,0.10083645716793722,0.15003331854323623
SAMPLE_03822,0.9984077300819102,0.02481832026460133,0.040248909680562585,0.005402117347721929,0.09098211459978162,0.00692592543605814,0.08069720906853735,0.16121878012735014
SAMPLE_03823,0.9986504912154833,0.04471074737978679,0.10813355279188441,0.008978377562793852,0.475531391466211,0.01758464346676211,0.0452560492971699,0.27793287243861864
SAMPLE_03824,0.9984392377936799,0.4971026445247633,0.5828808651068828,0.02114162378940735,0.3932340110255005,0.1386438878336289,0.6066372672342827,0.555852709390425
SAMPLE_03825,0.9984287887498784,0.14740574441879806,0.10931794347502923,0.016113885637818386,0.07556206658219558,0.022590605975148004,0.08286694669083527,0.06635080747151387
SAMPLE_03826,0.7098824635197314,0.22741857005266009,0.21592405416525773,0.03848731746934917,0.11135615131931202,0.015774933477723782,0.17019961519831667,0.9802456035257266
SAMPLE_03827,0.6646321012634339,0.15497200444678233,0.2027485696444208,0.0027756995271045596,0.23003205270548563,0.005574880451039068,0.1319352388004798,0.876389246945533
SAMPLE_03828,0.9986187889196616,0.14873060965511425,0.20567299256181332,0.013444456307122907,0.2198270349718536,0.0383264237376679,0.19557627721683893,0.23892724554560968
SAMPLE_03829,0.9986142178524668,0.16135497550683203,0.2758888318445302,0.01589711183130918,0.10912600053379581,0.027247026946718145,0.17658643804587484,0.13581589083389162
SAMPLE_03830,0.7547120777097487,0.0923803955978253,0.15454318803366907,0.003063404755212973,0.29494680284213814,0.004031997938242122,0.08656080962349602,0.3302927813487528
SAMPLE_03831,0.9985188388223996,0.14302847185855658,0.21931380533709993,0.01958561179388442,0.07871598636854685,0.04067999734775977,0.12030298077253697,0.10553026603743475
SAMPLE_03832,0.9966203057416405,0.03533889696083646,0.05089913843538944,0.01983092055675836,0.055862273709184236,0.007055281842663517,0.040079471043816026,0.054185091244827496
SAMPLE_03833,0.22165227556253406,0.2957247629537309,0.3048444995107778,1.0,0.04758232073205306,0.0017065117902893623,0.023438121289863226,0.7932717391555183
SAMPLE_03834,0.9974425581321199,0.2048849797130608,0.268816219690095,0.030098766097902328,0.26053355953177243,0.09248743029782798,0.1796546737866729,0.5666024577847688
SAMPLE_03835,0.3841041931222849,0.15316382113019722,0.1533086700702211,1.0,0.05689746565395286,0.0012518585445947415,0.01764582213201194,0.9337911111039102
SAMPLE_03836,0.8212443687459636,0.14995920717680525,0.19758224853392223,0.002485135430562096,0.1196663423931304,0.0039052371163666474,0.1167588487231623,0.9892161471852984
SAMPLE_03837,0.998448944821094,0.06055152298564042,0.08930826317664527,0.012087942583636187,0.08824420132910077,0.01690640195156354,0.0747558007586152,0.09761230417339933
SAMPLE_03838,0.9982867132408655,0.15698721676450852,0.22140579852444517,0.008132680044262873,0.29797242228639464,0.04070949039410284,0.09681645914258209,0.9679692600415752
SAMPLE_03839,0.8402885777847504,0.8163440209349364,0.8294388246581331,0.0035590734979834508,0.553508763966232,0.008366660481880821,0.5228047895445433,0.950356547018716
SAMPLE_03840,0.22228163318123306,0.21254443029551798,0.19122834968256297,1.0,0.058706289937771064,0.0013801948195770449,0.03939331034715234,0.03522559819144175
SAMPLE_03841,0.9986319403111205,0.2335915811853385,0.3168191603638748,0.01198613944943773,0.18517500474485574,0.04381904069937795,0.3359581866215189,0.3630981679173775
SAMPLE_03842,0.29325632191946605,0.1759523819989714,0.20100938429820578,1.0,0.03270441923403351,0.0016744734031885612,0.02573718462704663,0.05847939189094324
SAMPLE_03843,0.8763374869744578,0.6140073121904481,0.4553938476181081,0.0029626362791148357,0.4957514975766126,0.0049007304365373955,0.2583217254399928,0.9657156522060173
SAMPLE_03844,0.9983092651513747,0.0519554773129625,0.11005428656411945,0.008882408413246196,0.25098055657622964,0.011146362598000102,0.08192191932951658,0.5302544110814009
SAMPLE_03845,0.882048873247924,0.4305555439505979,0.7067964694387072,0.003094323152376122,0.5614362903942172,0.004145949772752651,0.1853462124386709,0.9908983775383048
SAMPLE_03846,0.998521634755924,0.06401448397965727,0.14317036348218545,0.01372839194532619,0.215179232666098,0.01941242759886402,0.15412008702508292,0.14108237176062027
SAMPLE_03847,0.7143145172895168,0.6885766322238819,0.6306313146171283,1.0,0.3322021922199316,0.0013789499430321343,0.061690287203339605,0.9927732006793369
SAMPLE_03848,0.9985857209212446,0.1434473857862663,0.2992114417997645,0.012750853549418859,0.10306484659481137,0.021425689417128524,0.08002551058136079,0.19349197442537183
SAMPLE_03849,0.3145794114625459,0.6359759218997634,0.6475414192888056,0.003025809234219448,0.25484664566802173,0.0034652761472262236,0.08220040679437378,0.6228234752258448
SAMPLE_03850,0.7440206327866102,0.47609653005235575,0.4480296822141137,1.0,0.04988538919615077,0.0015737360802677443,0.16615764671873073,0.17857150509941586
SAMPLE_03851,0.9980349270761458,0.09053405865529865,0.2360030010558853,0.010815995922850073,0.1617466232024291,0.01385087770041128,0.15193282267279995,0.35243516276696957
SAMPLE_03852,0.9983027315380796,0.25474329183559685,0.2697061335320464,0.03397876852786617,0.22673113303847364,0.030536398421247335,0.11302528714156003,0.23388718673538178
SAMPLE_03853,0.8446306181576855,0.7638538059024271,0.8311900455159164,0.003428765987194829,0.34936428238875233,0.01078441777375748,0.45190223573336896,0.3515067022136239
SAMPLE_03854,0.8779966541603881,0.2109927069564003,0.5023216486951441,0.003293525811740002,0.30356872748266983,0.010944526410942672,0.09376081110324974,0.9830123794152246
SAMPLE_03855,0.33353447878452586,0.09978691642553798,0.09803758781888987,1.0,0.04683606608351196,0.0014769680364401271,0.06373297814032937,0.13249189820571444
SAMPLE_03856,0.9984965963481593,0.10238619748082196,0.1407135506314165,0.015816784082429293,0.10796489524895447,0.02509908095035648,0.09917828934594794,0.17126887095223114
SAMPLE_03857,0.9983513162238683,0.12631771623259477,0.33619543516928946,0.01075700146205005,0.16732955545228825,0.011571935721758754,0.17750744526433979,0.33583959677955644
SAMPLE_03858,0.6553548551053425,0.22705936439763916,0.2588385116717781,0.0027191476283851693,0.19693799045712437,0.004628233577101238,0.12134139796671835,0.9554111818013642
SAMPLE_03859,0.24608310558380925,0.2150170650891665,0.3166212818498044,1.0,0.0739563442093879,0.002221665603977046,0.032231659321240724,0.3444759207710038
SAMPLE_03860,0.4845286662617726,0.37509681359125735,0.3192770844493174,1.0,0.09893317209183194,0.0017274892633214543,0.028119120844872867,0.2580083434866567
SAMPLE_03861,0.9984605475240392,0.06893195628425271,0.18131342894270674,0.011248763337892629,0.09060555393526902,0.011241342137518134,0.1689652391566141,0.28298174271471227
SAMPLE_03862,0.9987157414213821,0.6891166958085806,0.7919229474012779,0.013235570820873014,0.295376630840195,0.01532909575695787,0.39615063558170616,0.43688677319949565
SAMPLE_03863,0.9985534814369387,0.09115616437687336,0.2183937381272602,0.011036185937256408,0.08363654527299165,0.018933617850291698,0.07141072244721094,0.30842427055549143
SAMPLE_03864,0.7316027614978342,0.5734610169873362,0.6562881630188341,1.0,0.041237791636005695,0.001498277854684402,0.06336456353486221,0.27643207903741385
SAMPLE_03865,0.9914747433183536,0.0761588770171167,0.08460246106236728,0.006118122749508154,0.13167109936194166,0.013747337015224946,0.06547290376328431,0.3653775867282637
SAMPLE_03866,0.33968554418789493,0.3760179829407759,0.40797130742729765,1.0,0.06307266205342302,0.0014088244940521062,0.03675745996763344,0.9471075806001479
SAMPLE_03867,0.8723763461354356,0.36916781900100376,0.35834389873413514,0.0020625081222243867,0.39092497614683486,0.0034864403533876277,0.41559281841614915,0.9859294963959089
SAMPLE_03868,0.4160178338280845,0.36532744391883637,0.3563002554497727,1.0,0.044661120136973015,0.0014867475320238994,0.07212629560212258,0.18471197040566673
SAMPLE_03869,0.9979134184844723,0.28699249733054627,0.34275701256225116,0.014280985831588086,0.13249800861618377,0.03653659886106227,0.356484966708138,0.2851259779662208
SAMPLE_03870,0.621205776625729,0.6771013864879976,0.6201922386048584,1.0,0.08365923342976471,0.0014913382143696718,0.08593369366044332,0.44709088781256057
SAMPLE_03871,0.9979693243979171,0.03735410478068023,0.06937801202770631,0.008058382741819562,0.11478487230993571,0.011238562219506885,0.05398411097445614,0.14916435955747037
SAMPLE_03872,0.9983052489481954,0.5097420050507312,0.5204318346641196,0.01650028924630999,0.4393686695808837,0.0932964501575658,0.25041972065650564,0.872065426338911
SAMPLE_03873,0.5854673388580132,0.33829667916265743,0.37247417105532254,0.0043451340148865985,0.2640834391209628,0.004969687398658183,0.2198105727241409,0.778445146099805
SAMPLE_03874,0.9986187634675148,0.08117031417827762,0.2355114440870254,0.010387455889524135,0.1531342287914087,0.018225722037414734,0.2664381878685388,0.3706918336281155
SAMPLE_03875,0.9973265648260482,0.5948349653861359,0.5925993002590076,0.02175958663463083,0.4812559387276296,0.055156645637205695,0.8283190135154179,0.9813657377253057
SAMPLE_03876,0.9985005485310131,0.034654691090971634,0.07905743135249199,0.011491669802672728,0.11458382699683758,0.0322736202178212,0.052556253328987224,0.28093288142453193
SAMPLE_03877,0.998371476277521,0.07683946539749238,0.1395999603666967,0.010149789058146437,0.10090075927964434,0.02462194479797127,0.06672075852175051,0.1943333111915955
SAMPLE_03878,0.6402352502221104,0.17244475359237174,0.5412691128113846,0.004050439475040799,0.3273270962912946,0.006147855667016415,0.07801904600326702,0.9928326618187614
SAMPLE_03879,0.3059784544135313,0.12818069445454838,0.1627093779454607,1.0,0.07317444820541041,0.002000026604914612,0.024846604613786488,0.9483020714297372
SAMPLE_03880,0.7869679630260866,0.5618172885846862,0.6091356974158882,0.002660240831015031,0.5258164289257368,0.025362067207590294,0.2772752060863072,0.8610656239430904
SAMPLE_03881,0.8556289086363341,0.5702004943540805,0.5847194430141612,0.00458889957032771,0.2326487137665993,0.014344537343828432,0.31188170222401435,0.9408555467446698
SAMPLE_03882,0.918952834752041,0.6557165042598203,0.5757549081827295,0.0027064628161674255,0.2224779375603361,0.004632352634821017,0.6075770278298763,0.9449993270027299
SAMPLE_03883,0.9986968446517739,0.0763859015041642,0.1418952375071082,0.010770666427909768,0.43482913062045686,0.020805148636722014,0.09559223465056124,0.42971280091545844
SAMPLE_03884,1.0,0.45765494953750796,0.4468255992348169,0.9963019551424722,1.0,1.0,1.0,1.0
SAMPLE_03885,0.7200644976530166,0.18278782702303317,0.21257223617764917,0.006053839404699972,0.14150842483775689,0.0094323324946487,0.06070264682850795,0.9735148421609301
SAMPLE_03886,0.9947893993559043,0.15676466391847957,0.1967340683126788,0.05866637388390187,0.08105280088236948,0.03499218006640408,0.10091325902408316,0.2648015070809643
SAMPLE_03887,0.5297976714285252,0.11433575307506676,0.0951166774372051,0.0034249203438032026,0.3613879831230821,0.0035013409549002183,0.07153402930346998,0.9725923558863226
SAMPLE_03888,0.9981895466048555,0.1323975007592985,0.12312249039927782,0.010997074094605225,0.22045474680782742,0.034832360449869454,0.0712361558192603,0.5845300488430073
SAMPLE_03889,1.0,0.6643513212022729,0.5791251751592547,0.9966865215122344,1.0,1.0,1.0,1.0
SAMPLE_03890,0.9981093382141681,0.7125539909231072,0.5912666619997676,0.021398768034292557,0.2856965328667843,0.07650748937712235,0.5839344260377646,0.6362243319475498
SAMPLE_03891,0.6731668153257049,0.18418545045485182,0.16762459610964972,0.0030506093636698457,0.45474658859979,0.004582035671212641,0.35027749381419027,0.9560649508707255
SAMPLE_03892,0.9981320685708549,0.20953202884648556,0.2911754172865029,0.018549613414069206,0.1341133016908064,0.041974973613313225,0.12220922044260323,0.24112328161378235
SAMPLE_03893,0.5390864721955642,0.400035018631698,0.47534860831918946,1.0,0.2867857114159338,0.002223113090883862,0.32196604721502325,0.8798256377115097
SAMPLE_03894,0.16840343435079644,0.14119400990894176,0.1560893964726055,1.0,0.03378583615044395,0.0015531103748801665,0.05718955096179911,0.03691352345791984
SAMPLE_03895,0.6295524939696893,0.1906218577918932,0.2575070690768708,0.0038385607608994814,0.09977967415901051,0.004935190731812566,0.10109637191686789,0.9792336819562664
SAMPLE_03896,0.6968587099231798,0.2332406469499346,0.17745018179825578,0.004481060236278215,0.11786092410229615,0.024933070770845528,0.10661788282935644,0.8859317758118948
SAMPLE_03897,0.9978536073349262,0.2719921937383588,0.3841732030809695,0.04962480525803858,0.5151070541332483,0.12330649886918037,0.23156536307568118,0.8428882946093367
SAMPLE_03898,0.7757381752323701,0.4789551395972355,0.7964978393140327,0.006501027937724516,0.8168030988513616,0.07459706835921272,0.4857302867851394,0.9759581331013085
SAMPLE_03899,0.9984860182255462,0.08912881573667111,0.09552956654028916,0.019249146072875888,0.11216451650842092,0.04246675341396863,0.07770934624866359,0.0823968262124402
SAMPLE_03900,0.6109428471340408,0.8024435772624755,0.7873572366717605,1.0,0.21770399682576602,0.001226860462404607,0.2383331390977938,0.989590043507797
SAMPLE_03901,0.9983890221552864,0.0828824848673232,0.10168747174227291,0.013661347074202851,0.15034152310757087,0.01890109360370468,0.13368737907910558,0.23036299318631273
SAMPLE_03902,0.7545966520599148,0.6143515442211526,0.6962072928064296,0.002497706481903802,0.3860544272282606,0.04866499579617091,0.49752216532065524,0.9869696732802771
SAMPLE_03903,0.31273898940635464,0.5033063730452664,0.5864682902054761,1.0,0.048744925694294186,0.0021110616815339304,0.23460512802663272,0.3895456794888064
SAMPLE_03904,0.656254174447491,0.2328939952135201,0.2751040912014948,0.0023086929422349075,0.34661411780751306,0.003595034023824983,0.0960286298253182,0.8901285375940683
SAMPLE_03905,0.9979470208136231,0.22522065374561137,0.2606542104044791,0.02467139341586698,0.18345233102232386,0.06519180697741912,0.08034147228075546,0.4861712766992301
SAMPLE_03906,0.9976759031376826,0.18470388375498048,0.33430105772734414,1.0,0.268141647988159,0.07107002249761088,0.17567374232398394,0.8200290439368828
SAMPLE_03907,0.9981911586351845,0.3219327286858788,0.5133192281272045,0.02074146996433892,0.1764976835878529,0.0469839094328908,0.17257160349262932,0.1871033532442991
SAMPLE_03908,0.4157628335028078,0.25928174966296597,0.1950593825363976,1.0,0.03518860881098758,0.0018190543335381618,0.06499543640875478,0.09590110446067354
SAMPLE_03909,0.729709614231512,0.14097879472492317,0.14113899712127143,0.002713173144552292,0.25650990021050435,0.0036747183007341568,0.07904148840056854,0.9798696361790307
SAMPLE_03910,0.9974838197024998,0.13375631791469328,0.17047697529036612,0.005979539650040472,0.059495106928313106,0.007737723814492361,0.06487563051790615,0.23265365883946182
SAMPLE_03911,0.9981769990457529,0.32002078229514563,0.2509072956044453,0.0069277253304560246,0.5559246379995141,0.23137324066797502,0.15119144091674325,0.9673224016634266
SAMPLE_03912,0.9942897808154876,0.5953525618030887,0.47310585047578546,0.08917022242015786,0.20923822694021002,0.039162862780203915,0.47822432198202125,0.8735924062935991
SAMPLE_03913,0.9984911462747452,0.042027981275895146,0.09189047092161241,0.014624118090506693,0.3732502090902925,0.014769654390428981,0.052272386689885854,0.24545924878759104
SAMPLE_03914,0.6272368390032076,0.4003593143431054,0.4286721319660197,1.0,0.06305145078277703,0.004774478726533437,0.15856500105361543,0.5918834741454226
SAMPLE_03915,1.0,0.7505627059892844,0.8039140189326356,0.9922793107125745,1.0,1.0,1.0,1.0
SAMPLE_03916,1.0,0.4526128932563679,0.46853365615625503,0.978230037727711,1.0,1.0,1.0,1.0
SAMPLE_03917,0.997860270221088,0.34597789650675037,0.40023653145749344,0.03405118963917104,0.3304062959000197,0.049641083095578804,0.3281645838158655,0.9230699513885177
SAMPLE_03918,0.7830297191415772,0.07135530922226761,0.0832935838880303,0.0034632863986955344,0.1006867334866575,0.004308245070540316,0.10887231388444583,0.9733938507545039
SAMPLE_03919,0.9979170438536306,0.3787306496634933,0.3607396988504717,0.03415529662128214,0.39404086227221025,0.04968682388189133,0.4231983216531068,0.8711949308253577
SAMPLE_03920,0.7886918543780869,0.48559281431701024,0.4252699220908227,0.007862558414667415,0.356413245081389,0.012797996203004947,0.17474793676966843,0.9541557629287726
SAMPLE_03921,0.320708469937155,0.1728276256299239,0.27136731770743183,1.0,0.21112113649881298,0.0011431967824708153,0.014611037969211125,0.9845278198340701
SAMPLE_03922,0.9984138065326119,0.13184202725590244,0.2307474741232484,0.012610201645110973,0.2491751004118899,0.019688689818738274,0.12676989520463566,0.4285897432845469
SAMPLE_03923,0.9985149835560496,0.7547980210030025,0.7825105407801037,0.257164778155187,0.6128244741793265,0.40963759407217454,0.6481786800058638,0.7446050633828322
SAMPLE_03924,0.7879908975542755,0.45501532645053766,0.553899935899359,1.0,0.39444760598223433,0.0014064618550208524,0.3307686364752966,0.574240382635046
SAMPLE_03925,0.9948972225203695,0.20385071805631977,0.2408337444323508,0.06922811828362914,0.12896891505244737,0.03180675853840748,0.21805582602460316,0.9806979186027708
SAMPLE_03926,0.8633076768431486,0.5643111901261919,0.6107298859807113,1.0,0.11767096594190198,0.0012589521055976158,0.28468655397343434,0.5671214189608379
SAMPLE_03927,0.99869516747974,0.26639543365645435,0.3333549754548814,0.012753073086267875,0.08816625792999966,0.030646451721126074,0.205434022785442,0.08467974107433061
SAMPLE_03928,0.9982207277639706,0.027404994352748586,0.06145898751115092,0.020531683204941715,0.19806171872322403,0.01939883135775948,0.04968702769273555,0.2931648820726459
SAMPLE_03929,0.9984864880758579,0.08042812999565607,0.20037204160247257,0.012758755564650054,0.16260715107023976,0.03196845959045264,0.10803906114497618,0.4365254724425544
SAMPLE_03930,0.9983369328587022,0.03104218910806571,0.08456723364011569,0.016768343245546685,0.09437068817850787,0.013497911217692442,0.05464187028837762,0.10383597236002864
SAMPLE_03931,0.9128857236779014,0.10156307290558873,0.19462338908823923,0.004870237835755357,0.3012142845339745,0.00595253994530891,0.08183853063846715,0.9945040031383061
SAMPLE_03932,0.18201329247130316,0.11249460602590629,0.14370931981173835,1.0,0.0486749296653568,0.0016357192851165173,0.021087318370382937,0.07825590281148706
SAMPLE_03933,0.8512745209694587,0.38488308592812037,0.7255413864190233,0.002410558837847422,0.2778898631344263,0.011963675955728306,0.19703245984249076,0.9883812720973165
SAMPLE_03934,0.6612310227393502,0.25404158327142634,0.2964488245942343,0.0032640643374396813,0.1934243341602419,0.004069407952495846,0.08728344531047603,0.9131201452120015
SAMPLE_03935,0.9970631602161444,0.3198464778528557,0.29534336930948746,0.03707054269570428,0.264637761045762,0.10923909993398999,0.22697085339747342,0.9718939308728155
SAMPLE_03936,0.8569680753873168,0.6258802647170476,0.6179027410199112,0.003572060705817636,0.4160692092205396,0.0055046109801023015,0.45764876607600874,0.9499250184675423
SAMPLE_03937,0.9985268263410587,0.1387153810653051,0.2226534259914325,0.01616032699534464,0.2175701300072745,0.020594766433334417,0.23423636336749065,0.2548863545499546
SAMPLE_03938,0.9973584311755403,0.19336297929834556,0.2635267409424668,0.011801258827441393,0.33345650072584654,0.054671982269932196,0.3131753132519687,0.9651645129213116
SAMPLE_03939,0.9376020516163612,0.7197776724679248,0.7751533337875325,0.004679692149123491,0.4687945578577867,0.007766603470344898,0.8147698543491927,0.9882814658991824
SAMPLE_03940,0.8418269397272116,0.41035243840899205,0.5584354792065664,0.002758221661908199,0.13871765674199993,0.006107678900292998,0.13273980820588266,0.9877453197706468
SAMPLE_03941,0.9985698099356353,0.1006144145093528,0.14884164701538571,0.010193996946480849,0.5324004273560258,0.034840397148859496,0.07758174919435731,0.3204225214905312
SAMPLE_03942,0.9986221538210235,0.094221875395176,0.17735075961869304,0.014403774509440435,0.1327835988488708,0.023839820913991627,0.12105326287651202,0.15269548603564972
SAMPLE_03943,0.9982160283436597,0.06239065167966356,0.10781728734788187,0.008827666431465458,0.15478811610559187,0.011067712658996245,0.12044527042237226,0.15089377041265264
SAMPLE_03944,0.9964551222928539,0.03667919901908605,0.056566452737314275,0.011851766448479501,0.1437673852389964,0.007238036578758385,0.040961485525457635,0.07778761579464873
SAMPLE_03945,0.9979510354008068,0.3274454415426068,0.23343047746204143,0.023658421770399046,0.31414675923004043,0.09710595476264468,0.169921962874072,0.9522961353094269
SAMPLE_03946,0.6896466355350573,0.4542255549265408,0.5478852083860342,0.0020744483402142452,0.2580713385071388,0.00410195064016551,0.11374785533800917,0.9874104799008278
SAMPLE_03947,0.9973124670359012,0.17560059728083496,0.22164162643449845,0.07492196437268253,0.1927376254199861,0.07709853954599177,0.14846500209660088,0.4304003258090962
SAMPLE_03948,0.30584428042733364,0.15557718079990296,0.16080262919299165,1.0,0.05192460052942363,0.0014949340028693678,0.040175777386835906,0.2572142234488477
SAMPLE_03949,0.8400547566117761,0.3179915913412104,0.5553719165454418,0.0020962876300717765,0.2727044421460991,0.004517120554830933,0.1865252264703986,0.9874583388948062
SAMPLE_03950,0.9982196164779159,0.08537599189441275,0.26931731033994916,0.004581041032549109,0.27117479973190783,0.029825599580008987,0.0718764041995413,0.9897294078144285
SAMPLE_03951,0.6440269705228843,0.34047669818951576,0.33275864274844474,0.002641665548890437,0.11842143373568713,0.005417290223790279,0.10636870192980787,0.6468967861047082
SAMPLE_03952,1.0,0.4199560986375333,0.42247895980390654,0.9963098388687339,1.0,1.0,1.0,1.0
SAMPLE_03953,0.9536225406964528,0.1984627745804746,0.27823209434816787,0.0035258445204958346,0.7579710178566907,0.0056799699272866095,0.10674282060464847,0.993228332353414
SAMPLE_03954,0.9983320400472179,0.45254765426058563,0.5130710349270001,0.013909332673917474,0.3030302474581968,0.03012852527746238,0.22089635252290352,0.9583827068195208
SAMPLE_03955,0.6906891501134019,0.6713621403837725,0.5575478960367387,0.0032535168911233723,0.12595898285078486,0.004622483350543555,0.11580890090467023,0.517883816288579
SAMPLE_03956,0.5114255536274972,0.5799400432548726,0.5687838160695358,1.0,0.06982668382665555,0.0013605468753171536,0.05614315390487274,0.157069426943231
SAMPLE_03957,0.9982186285404517,0.06808793141337188,0.1443857669138499,0.008342324901965627,0.07394372304700891,0.01437711144311167,0.09910398899669162,0.15874871673003046
SAMPLE_03958,0.20915850398334296,0.4838815418320201,0.499807010464441,1.0,0.0329028825738171,0.0017008731950800703,0.05019765579567179,0.03760753822302808
SAMPLE_03959,0.4170194870626684,0.18331918548336948,0.3479106402594822,0.008978588510549492,0.05970978385265172,0.020278635198274653,0.08754398081865754,0.9749405014093552
SAMPLE_03960,0.9984059222222678,0.04662193092902479,0.13168035804188305,0.010481071479350425,0.31960919249031494,0.01955814301639004,0.0453942292601315,0.21462572492993076
SAMPLE_03961,0.9979888952447353,0.2869190208304332,0.3098270855741938,0.026110827348359126,0.19883878092661642,0.09230694252227659,0.14869481480931954,0.1979425500858334
SAMPLE_03962,0.722721618681895,0.4580002301738442,0.4630416340500921,0.0029534562772923437,0.3343117882477642,0.003489091514647378,0.3197513900705524,0.9931078197784372
SAMPLE_03963,0.750215940726909,0.6775713145542381,0.6443827265819747,0.04859213800311539,0.23137039211572474,0.06445752989362481,0.2500626544163096,0.9332937434978306
SAMPLE_03964,0.27680948241047576,0.40958808571925653,0.39180359797640146,1.0,0.04467370958456979,0.0017124460905549052,0.08614761611946944,0.16068564710591737
SAMPLE_03965,0.998172578814517,0.07914266464280281,0.09311801456974811,0.02023206849916943,0.08095287399641217,0.022775237824397193,0.057188756494792964,0.046892038622211224
SAMPLE_03966,0.1965596322646515,0.19276849554008882,0.2809861930609274,1.0,0.058522263222775414,0.0051494430157346446,0.048946718755237435,0.5549669358175944
SAMPLE_03967,0.735285190871889,0.497909738800316,0.5605118388510868,0.004720883321696048,0.5866420115691042,0.00336276470487711,0.22210482513192123,0.9647289645185367
SAMPLE_03968,0.9432349745924722,0.5182734723246621,0.6077976967082721,0.002541477032184316,0.7269461113133496,0.023869363429352166,0.15352238470632515,0.9760758245708283
SAMPLE_03969,0.47063267027224825,0.12127456715447182,0.1511694565844037,1.0,0.16831254074598903,0.0014656414362662258,0.017373451359471815,0.1337249873817714
SAMPLE_03970,0.5277143831566827,0.7612854456768201,0.8474739797676285,0.0033104817045700335,0.41634253169199165,0.13119571141646777,0.5671231474146873,0.9866306652593311
SAMPLE_03971,0.9983378955192894,0.019915939826147363,0.02956088649717465,0.005071321208015702,0.04309599694053892,0.0075162644001803705,0.06475437964495445,0.08370766148802063
SAMPLE_03972,0.9983240120375201,0.1852306214573102,0.2216185393561899,0.016216936840918156,0.1682541248911933,0.03852423309130243,0.17042521013562828,0.32109922099830784
SAMPLE_03973,0.4168476665974851,0.46232117286680285,0.4479310467623196,1.0,0.061735274040097876,0.0018043744990306073,0.03331358728916633,0.1671588748958558
SAMPLE_03974,0.9975332070713562,0.31297448712186693,0.38394467286644973,0.006471916967695061,0.32454816613681914,0.04704204277590563,0.07412255029017495,0.3350791083838454
SAMPLE_03975,0.6838407458761332,0.2649820830456146,0.26647878472271636,1.0,0.06396687569615997,0.0016090763113509998,0.20358627793123174,0.930096022008805
SAMPLE_03976,0.3224261605367976,0.14198011334148133,0.20235094680726554,1.0,0.0772293018390817,0.0018416632991680984,0.016244644381141444,0.9812874216464668
SAMPLE_03977,0.9968800125935099,0.09764865161675677,0.16752794466793253,0.0070871481998262004,0.3753066735527762,0.034758702440443975,0.20427455109178225,0.9759758468696215
SAMPLE_03978,0.9981913709728419,0.26577686004347717,0.3798276738873979,0.013520494963163331,0.32754000842200026,0.020902663568158664,0.254497136426165,0.9049061758414063
SAMPLE_03979,0.8988120653849044,0.19174753300466826,0.18396658668148874,0.0025953320855290015,0.427628801453777,0.004077750738159498,0.10573215413630759,0.8977935619202232
SAMPLE_03980,0.9984726813599137,0.044480448859927926,0.12453110999358251,0.014555123059822074,0.3525289627225272,0.022898874846212097,0.06531548715582143,0.28516598536779936
SAMPLE_03981,1.0,0.25194554200784275,0.1473872215270765,0.9957308743894808,1.0,1.0,1.0,1.0
SAMPLE_03982,0.5783029477693722,0.5903352499989409,0.6001693231480677,0.00484476667566425,0.2202621681727126,0.008804522956569453,0.1024700398965523,0.7675536125909899
SAMPLE_03983,0.9985842010560809,0.2587530915386639,0.2868989843482599,0.014621582619123814,0.29914856171649423,0.27559917168164283,0.37641799187563973,0.38008897928824215
SAMPLE_03984,0.9985517448077714,0.10787985227002916,0.2594463903329369,0.009660150448683248,0.0996317346174039,0.017661348105094,0.39151060313814984,0.4821910554230361
SAMPLE_03985,0.9986211779038987,0.06272379966690601,0.12916680302792147,0.011557448066627344,0.29570020421825216,0.021797021346637708,0.08668577228187682,0.4188204632702311
SAMPLE_03986,0.9980095384995042,0.050175129954280084,0.11838685209373304,0.010896491697178292,0.08527863173157922,0.015512641593669808,0.09431131945225889,0.17137133091696966
SAMPLE_03987,0.3456442496216307,0.3868256417602938,0.41522232581698265,1.0,0.14889637886959967,0.0015407323609149142,0.0830589703112159,0.8733152048664446
SAMPLE_03988,0.9984201509992053,0.2528086727155035,0.3020280688823286,0.012662491687314687,0.3333966417884101,0.02013968283280361,0.25782825830785666,0.23202615078979014
SAMPLE_03989,0.8855424974976126,0.7712021798434137,0.7346474258457805,1.0,0.12373762873226132,0.0021602774288901,0.24343779614924382,0.32221294481059376
SAMPLE_03990,0.9982804847963801,0.12308535010024617,0.2794724451687621,0.010649490412935994,0.1001316639364286,0.015349191300693801,0.1343806050328882,0.14293946201857974
SAMPLE_03991,0.897247360918487,0.6138393872805264,0.6625895256937251,0.03677981589293772,0.3270532703466344,0.0850120660764414,0.4554305646231766,0.9842218252075376
SAMPLE_03992,0.2893081203630903,0.12261754406407664,0.10176924037357835,1.0,0.08385998548524734,0.0011142853069318235,0.01472616754507455,0.9819775721125934
SAMPLE_03993,0.8635562082487251,0.22918918768442637,0.27094364585189673,0.009243645500555469,0.1828670505263745,0.007664308824336935,0.18974074222892456,0.9717065538297105
SAMPLE_03994,0.9985401952230093,0.1758833082389616,0.24717207340116765,0.04214545027996806,0.173477118928976,0.07061050613087733,0.1991856219814425,0.27134005795798527
SAMPLE_03995,0.47677950598774504,0.22816814042012276,0.2293954247778822,1.0,0.055464744337378746,0.001314147350149611,0.03409096366138246,0.4033943591788798
SAMPLE_03996,0.2760267588331815,0.687803471989438,0.6919278023206445,1.0,0.23136141532611038,0.0013705800474059669,0.01577010492232659,0.06796948732955431
SAMPLE_03997,0.4134539939718137,0.22918105240100542,0.2713569185788177,1.0,0.048368289846486605,0.0016803778096259783,0.10897099736979789,0.2655908566097169
SAMPLE_03998,0.24375886239154135,0.06339265132772808,0.06633668537924625,1.0,0.23383248961244132,0.0010733346050566543,0.014895329742106063,0.9805842593942227
SAMPLE_03999,0.3565211696224229,0.26051388502662703,0.20860700490941878,1.0,0.0584951571017284,0.00129976764707992,0.05300095475282155,0.0867507170469348
SAMPLE_04000,0.8470834374489897,0.43532298190337876,0.48822097537034514,0.003200506875570302,0.42699800201001464,0.008220395894355269,0.2141418451968527,0.9216121817854311
SAMPLE_04001,0.9511792912769691,0.19387284835803992,0.7012242256686892,0.002874904011413337,0.564595863674841,0.003761696055852715,0.17565608419056317,0.9763061801861402
SAMPLE_04002,0.9977583892501384,0.06636536395304998,0.1009900492099616,0.009438494929124746,0.06930898393166555,0.011952399199642824,0.0689268788820185,0.08151119420850891
SAMPLE_04003,0.997991963267054,0.04132242015051352,0.09850042688585835,0.03664726813759609,0.15880760478976827,0.012888882075578999,0.04624484892326076,0.1522596470210485
SAMPLE_04004,0.4439098392724824,0.5326280282126193,0.5139483617983341,1.0,0.07311135457139184,0.0016696611758479159,0.024389344779028425,0.16496418496743598
SAMPLE_04005,0.5391655002588589,0.2684989604121311,0.4296067421195395,0.0028807463291363905,0.10894286601532466,0.004328017017038591,0.06478157219761013,0.5184108342085665
SAMPLE_04006,0.9981561882335738,0.3916040272122842,0.4823862783736131,0.008228570844267322,0.49234794404203885,0.018948561699134104,0.3408957682408941,0.9671117423044417
SAMPLE_04007,0.9985718464840645,0.08728201999987562,0.13410784425960348,0.020135157634141337,0.08294935603764501,0.0365988037458691,0.12819526233846934,0.13643005763381094
SAMPLE_04008,0.41018618298077586,0.8339386484787347,0.8478120883864289,1.0,0.11631834290996547,0.0013547953836880921,0.08504111179435266,0.8673955004695435
SAMPLE_04009,0.998668059073775,0.3740090008571606,0.3102733039348452,0.02138123624234651,0.1961505797791478,0.034382958797101376,0.42802883451738405,0.40402954070741937
SAMPLE_04010,0.9985788942918539,0.11139581179095126,0.17893269716502852,0.010682096533539711,0.13192629952501042,0.014415519235609155,0.10300839797665791,0.19925545197043482
SAMPLE_04011,0.8664156053687422,0.3812233391589795,0.3907677120988617,0.0034771611158917314,0.3462321567775281,0.004736558955176462,0.22882473349062796,0.9023085914489768
SAMPLE_04012,0.9986017725524223,0.04483220185505844,0.13688780937332917,0.011083010180790432,0.4638109927545209,0.019547227212594085,0.11664331314290437,0.5844632926445383
SAMPLE_04013,0.995875140813224,0.12618069730497386,0.1317389404121824,0.021555707342963245,0.18514550301532653,0.015930218389050302,0.2402403013678575,0.9711850813965948
SAMPLE_04014,0.9183214457328963,0.3568120592002479,0.4335621157968136,0.0032412370724974526,0.296285722014017,0.007910154826020513,0.12004663939081052,0.9810375287603191
SAMPLE_04015,0.9986807202130064,0.14224941551322243,0.29485639509263545,0.01821018482944497,0.15106671796605567,0.038463919756025464,0.16557195669985986,0.2928773428743942
SAMPLE_04016,0.9193786298687361,0.15511026638692582,0.2728756401005263,0.002124894367762431,0.37891483425754774,0.003905523285096711,0.2698172072393405,0.9816459985340173
SAMPLE_04017,0.9973021168676257,0.3210056701156433,0.5211351738837569,0.01123335500145961,0.3559261446093405,0.1471401678548125,0.31710732347778386,0.9563561329643285
SAMPLE_04018,0.9983264838936987,0.07243540152075012,0.10810380346237405,0.07755482785801779,0.7998208641148251,0.07331286112608253,0.10758784497904063,0.9706222561236784
SAMPLE_04019,1.0,0.5669823871601218,0.48983210308594916,0.993667304677636,1.0,1.0,1.0,1.0
SAMPLE_04020,0.9972269255914877,0.4822121310295645,0.45567935543025717,0.019563362134225944,0.34039366885049144,0.025448536825466127,0.16532831545894802,0.8816764740765388
SAMPLE_04021,0.4614132414577829,0.4476748168672012,0.543286140683429,1.0,0.0790856974458041,0.001221922780831668,0.07451798158488712,0.9301692642698196
SAMPLE_04022,0.4064610448873756,0.38747392073796705,0.4145684468498013,1.0,0.09496154387374293,0.0017540399373533963,0.09700412707749216,0.16123063471993823
SAMPLE_04023,0.9977486435710716,0.08016715739220637,0.1296639788454468,0.004086619921435422,0.17908129244987817,0.02487173400128793,0.07508497439229606,0.9878714215100816
SAMPLE_04024,0.9982753254778454,0.37446497777619253,0.4028307142477944,0.02115315389997348,0.29956475867561727,0.04422545574431922,0.2627481551815104,0.8746745461973019
SAMPLE_04025,0.7244377654307159,0.5072425944244352,0.4556863121586999,0.0024223938516084276,0.13885833321328309,0.004653953288579482,0.05510029607367283,0.27397852800238076
SAMPLE_04026,0.9980991143141834,0.5283898753374977,0.679794224856042,0.012799023077104763,0.6832488379622043,0.037511442539481424,0.5342769873052047,0.6719971375977173
SAMPLE_04027,0.9975464539462533,0.07727253041374138,0.11706298772354994,0.016075241571654963,0.09592258149214974,0.012369612716712665,0.09702282483207678,0.12330016805405061
SAMPLE_04028,0.9985296773467153,0.07579128011577851,0.11222144256287538,0.014635749329737033,0.1590917439970175,0.02235684595092459,0.1027869209233031,0.27417079157527774
SAMPLE_04029,0.9983162007175719,0.05603801460052383,0.07715426202949083,0.019143257075258695,0.0907259556415551,0.019933922492465894,0.05373024533190034,0.0717003096697152
SAMPLE_04030,0.9982536254311424,0.7909030791323282,0.7883599373153307,0.3002683212682349,0.6133069822041812,0.44009865225658973,0.6972825506021323,0.8744410293523572
SAMPLE_04031,0.9264769780578859,0.8815748213550774,0.8887905802059161,0.0026399926597908893,0.5027556996939957,0.020635120555722003,0.4185061554658761,0.9858394823922326
SAMPLE_04032,0.9983926593937553,0.1500408115652578,0.1740485351147241,0.011248913314074323,0.5806431425706564,0.03678187764185413,0.046553030573673035,0.377715611062413
SAMPLE_04033,0.9186899845986451,0.8561925914919231,0.9229876861841684,0.002876025256157501,0.653470323768751,0.051028666597200394,0.7212740171599644,0.9862324845026781
SAMPLE_04034,0.303045330761581,0.39834176915568353,0.375896053409915,0.008364848300380685,0.10023673066648923,0.00807504113226826,0.12974080163836743,0.9252859578528199
SAMPLE_04035,0.9985007327576163,0.12947132422499066,0.17033012724513377,0.03352783069720251,0.0947022220732896,0.05068116013266765,0.11594303589336817,0.1774603442084079
SAMPLE_04036,0.998591515919098,0.06601920158910538,0.13739546888522314,0.016390146620430302,0.10496231549502215,0.02826068763675178,0.08650687232963031,0.17862586968710217
SAMPLE_04037,0.9607205643725808,0.8443147216400437,0.835435743319595,0.003038042106151152,0.5126288844050993,0.010950315011233282,0.4050333816829316,0.9871501843074454
SAMPLE_04038,1.0,0.8276631893814539,0.7585428586910865,0.9948034907271353,1.0,1.0,1.0,1.0
SAMPLE_04039,0.672880042315061,0.4323291389698043,0.49282382364575555,1.0,0.06248379165303944,0.0014309750082371032,0.06895746938903372,0.8072268919440068
SAMPLE_04040,1.0,0.6548109571474414,0.5959708836197448,0.9962107682425432,1.0,1.0,1.0,1.0
SAMPLE_04041,0.8676470530259333,0.44889638617839944,0.5013662018315518,0.0037576746257664737,0.13249892168519228,0.0037604663040038183,0.09873968740116615,0.9898388588292523
SAMPLE_04042,0.9974310084118863,0.12752008113323587,0.19134922866669032,0.02000874521605998,0.07938563741043525,0.013641013363781596,0.06628870393312832,0.16650820656362553
SAMPLE_04043,0.8907944673803373,0.5482908135706825,0.5987934249502127,0.007030468344505209,0.3423979086937515,0.007232598641942635,0.22312566959033295,0.9261808093691877
SAMPLE_04044,0.9984976397207336,0.13401528197783466,0.21265196544157156,0.019248857072965593,0.1647908080069554,0.022952350555861707,0.09417784400907411,0.3666666151640225
SAMPLE_04045,0.9966511814264639,0.4644429698390224,0.6145315742904582,0.022874139412385863,0.6054427153753444,0.023152160582683063,0.428223876578791,0.9857362676628598
SAMPLE_04046,0.9985579722911067,0.057723386679363275,0.1265866317078474,0.01232444050499695,0.15323227377967796,0.02999189771788408,0.09944133167752933,0.10333682736980596
SAMPLE_04047,0.9968719557963843,0.029337454857918468,0.04364589771278107,0.007487977294246656,0.07727868178775336,0.006027607689940768,0.03700284557966106,0.06757847046210878
SAMPLE_04048,0.9985054810224788,0.07103783327173305,0.12358894437574601,0.011513015209366963,0.11203736187270871,0.01926064112236503,0.052575091003947555,0.06798103932086022
SAMPLE_04049,0.9984803257843055,0.19804923567604435,0.21482703992625163,0.04771278404724671,0.36171689869508966,0.05327687451334559,0.34328078002995455,0.8392895623865573
SAMPLE_04050,0.9985263807093395,0.06891237684687503,0.13496863095629055,0.01515213556484906,0.10571956719425726,0.018430526752965404,0.07990686713197415,0.15149463845456215
SAMPLE_04051,0.9101991948608555,0.40235867653101903,0.5726638204462552,0.0025533056221873065,0.45337600790492855,0.01381539344885907,0.4026782449032816,0.957488853601426
SAMPLE_04052,0.5334930412787001,0.20162136498482597,0.21367204532301207,1.0,0.0900644204548603,0.0011629085214185729,0.0534275511458729,0.9496285326889177
SAMPLE_04053,0.9616730032908644,0.39602413693302324,0.7757806829658804,0.00256577470818823,0.4434377257957229,0.0031873380777174168,0.1884901947503257,0.9832239498527873
SAMPLE_04054,0.8912925519513241,0.14384432743560954,0.17671553882661384,0.003866811388662537,0.27369458794273155,0.004554951750115743,0.0752368198499156,0.9831711859836335
SAMPLE_04055,0.7028100858195183,0.22831006088966485,0.23506723407022448,1.0,0.10229250535796261,0.0021332751791202156,0.027535036837727532,0.21420824366351252
SAMPLE_04056,0.8444800633472891,0.2685279803594032,0.28613017897341214,0.005359183841869206,0.5060565156229418,0.019299826277332142,0.11169652634953911,0.9587626268421987
SAMPLE_04057,0.8125685567033089,0.4716787411901322,0.5440454113742446,0.002612991676919194,0.41778709462260133,0.009513108007663522,0.2854769050651176,0.9866041721821606
SAMPLE_04058,0.9983781229646259,0.058866903235432234,0.13568634601998616,0.013056249651666392,0.33460175836977546,0.020261841803697396,0.07384750655799747,0.3852269395913396
SAMPLE_04059,0.30467392435903523,0.7392164529585312,0.7488995078785536,1.0,0.075438318308902,0.0014141466301966505,0.0879541942816532,0.7581425629527576
SAMPLE_04060,0.6247443943293636,0.5025883556558224,0.5563660035941271,0.0038599718258293656,0.2901492856072366,0.005520502376945337,0.20012169014510492,0.9064204021770716
SAMPLE_04061,0.20676684462495984,0.3236947164176948,0.9245420097535747,0.003561735239322703,0.2589547065270195,0.020800206521780343,0.15334946430835242,0.9890894176697819
SAMPLE_04062,0.9972567394058325,0.1617329527054406,0.20162002476193425,0.00619027086499979,0.4191539891332332,0.02684355272366301,0.2710825458489824,0.9821255376345218
SAMPLE_04063,0.997956087964034,0.08934927362859824,0.19857080271592278,0.005157989772222096,0.41090659095316723,0.02119364816027725,0.08496509835513477,0.9842497910706519
SAMPLE_04064,0.9981880164362311,0.06612441685313862,0.09431471944612635,0.009083019623727174,0.2713573255099567,0.010236086514590534,0.14712406060360267,0.2909038999218292
SAMPLE_04065,0.4733527103096708,0.12729673064933747,0.1349533651392607,1.0,0.06170674629213384,0.0011008803664627155,0.015045406280588267,0.4844692003228529
SAMPLE_04066,0.9985485067030375,0.06976555144704358,0.14018295348043625,0.017553865590550576,0.12163003304582394,0.043595747789261396,0.10522571776308813,0.18119096004512572
SAMPLE_04067,1.0,0.4051560252860951,0.36568128664140215,0.9819739461134269,1.0,1.0,1.0,1.0
SAMPLE_04068,0.9976678345242996,0.10826345957424577,0.10314392858242982,0.007971805631162199,0.15704710358656063,0.010990475910710937,0.07467527334767905,0.14470296412154388
SAMPLE_04069,0.5160504741487115,0.5960775993820976,0.6338794100530054,1.0,0.07660227975604546,0.0014179930427040842,0.07324715555972162,0.22432052465498445
SAMPLE_04070,0.9982239080530173,0.05011580483089932,0.12727421337278821,0.013054802941187719,0.10800562159930203,0.012883231393166118,0.0892616080867687,0.13194508835845672
SAMPLE_04071,0.9984668536225997,0.4916075475284604,0.46906411253118296,0.022534482148897108,0.2569540130270317,0.05462097982486254,0.24064367372238815,0.595282410115323
SAMPLE_04072,0.9975114322369423,0.24834105950014576,0.3538421798649326,0.02234602199321094,0.1770780610823655,0.04088985421137344,0.14528060377537672,0.28737645333038225
SAMPLE_04073,0.9985590928451321,0.03776061692602706,0.0703711923404997,0.01174160181786373,0.4968689453092408,0.021339634019170026,0.05140345837097982,0.32058317346948983
SAMPLE_04074,0.7426730399190582,0.3840560070818716,0.4148227996013234,0.006064401727380026,0.2536754313267055,0.008449244650140587,0.21321970152258043,0.906164227649462
SAMPLE_04075,0.9984956474277997,0.06697562197639535,0.12913941278714156,0.014518454926943527,0.12922142113732094,0.039759208694542456,0.15287021819505503,0.15780859012932802
SAMPLE_04076,0.5826115795894824,0.2639199489526387,0.28876680256729764,0.003580085291032374,0.49448577483434686,0.03659812563288079,0.2506246425181976,0.9760463778521655
SAMPLE_04077,0.99708385692706,0.29365034803621465,0.32410015530598235,0.03616234240707904,0.47142911477999466,0.11567435330468896,0.21921430320244675,0.9234902799653002
SAMPLE_04078,0.5767268036613464,0.3454403060023279,0.33648673109332616,1.0,0.07762718177216817,0.001480194796257763,0.02037870576500505,0.16000355276836203
SAMPLE_04079,0.5705035792281344,0.29491214364256113,0.3177068325072746,1.0,0.10635830556767864,0.004215450060384148,0.1749992125492475,0.9682902673950825
SAMPLE_04080,0.8456406499895582,0.48393623274267983,0.5650543684979801,0.003001463829568292,0.2294301742785843,0.005215884868122276,0.11823470587503,0.8105783328610475
SAMPLE_04081,1.0,0.7365803759003198,0.7335522310441072,0.9917474138828096,1.0,1.0,1.0,1.0
SAMPLE_04082,0.9983648344914955,0.2161601221223749,0.3219618243341874,0.016827930633559144,0.6450731618810044,0.01703412151319435,0.3399418020099305,0.9434374614269729
SAMPLE_04083,0.9986648835453632,0.02852007373679861,0.06835780938074584,0.005226594776513329,0.3285678724073965,0.009461244942428011,0.061555150843622404,0.2964225768229306
SAMPLE_04084,0.9548164994402712,0.6246171382359604,0.8512467338012402,0.002603322796317564,0.7263654158179264,0.004110217055222885,0.4407809057244436,0.977551184748626
SAMPLE_04085,1.0,0.5108218788883995,0.33219570651260166,0.9933622054976254,1.0,1.0,1.0,1.0
SAMPLE_04086,0.9984753575360458,0.03962429748683961,0.09134880485744064,0.010615277482299556,0.15157711313931785,0.013222186422864697,0.05786532450994825,0.17026544932530294
SAMPLE_04087,0.9981724192692805,0.3203000058291051,0.2979159844299511,0.029575759420281972,0.3103690064786511,0.029363000054341032,0.26354135322194705,0.7222335029284803
SAMPLE_04088,0.7435207590628061,0.6814828491879924,0.8787268734791972,0.0025836159054996306,0.4756575106019785,0.030096366914176574,0.2626451704679071,0.9761616562637992
SAMPLE_04089,0.9303307759689161,0.23567479600811608,0.6189281492550815,0.0025093413609681594,0.5302594412020389,0.016389252079731884,0.23957711098693393,0.9736905997760036
SAMPLE_04090,0.9955343207695206,0.28308015141563364,0.4454807642617144,0.028147258353031338,0.47620823367397624,0.07261818077218743,0.1675422215965926,0.983288672202268
SAMPLE_04091,0.3289035065916816,0.1797690359849991,0.22789051914434735,1.0,0.0815071274466461,0.003274016470192662,0.055326274097013184,0.40795669648826843
SAMPLE_04092,0.9981901315091244,0.11583582632441106,0.26553720299628186,0.016005814158452546,0.48672417351457997,0.0327759062757319,0.108946071027706,0.5725295105189228
SAMPLE_04093,0.7622394501591874,0.11784181117977229,0.11800715986392445,0.0029981215115864376,0.49499027105783344,0.009025623480183218,0.09565671387695404,0.966058872706707
SAMPLE_04094,0.7833640390971984,0.22462208464861835,0.37541998048737685,0.003033054444906804,0.2949132688602491,0.003675146332228952,0.12011186479408856,0.8510282483208089
SAMPLE_04095,0.48912132600865893,0.6642760871081329,0.6982117110999897,1.0,0.03994248949458405,0.0020599093933106626,0.1175555975969658,0.1136711511012263
SAMPLE_04096,0.99834499590497,0.12594958585419092,0.169474388549592,0.0157638923153653,0.08066802081034743,0.01902463345902248,0.09207806321447383,0.08882828403341421
SAMPLE_04097,0.8286542694089932,0.3829387481993302,0.4585436638389363,0.004288176315921033,0.43930946428197104,0.004198733589715116,0.11926642736671592,0.8993689311731364
SAMPLE_04098,0.8657337028609853,0.5951844583547291,0.7064761212164665,0.010798244869244378,0.41800933528731016,0.015234094532372008,0.36714272760022776,0.8954179375035459
SAMPLE_04099,0.9977276955110868,0.1846328910927478,0.3207882308254821,0.03163809135348884,0.5367779254482805,0.06355200914536432,0.28797333776348966,0.8033363907949245
SAMPLE_04100,0.9986552240380361,0.7143694023660166,0.750533839764061,0.042760936694469225,0.44490006055990217,0.11563123264931352,0.6655669758884137,0.8128591905802629
SAMPLE_04101,0.8470549730270719,0.5021047449249987,0.5994884049107827,1.0,0.08949488041952257,0.004492036036396392,0.40442993492716384,0.9024207864269937
SAMPLE_04102,0.9974827512362737,0.1604262514898891,0.26996730505146055,0.0206369861707978,0.3983776145818317,0.05869784984428877,0.07521206165037729,0.4741390634427023
SAMPLE_04103,0.6221633880500224,0.16725590147568695,0.1640904703850095,1.0,0.06755248932385796,0.001242649635227022,0.030871917431767284,0.475577152031799
SAMPLE_04104,0.899607417041965,0.5193294391242761,0.7103811635262792,0.0020127237227279492,0.4239383740681716,0.004020365948868765,0.35508043287930935,0.9569855707418773
SAMPLE_04105,0.9985031302132477,0.046542137357676004,0.08625872242862795,0.013103362731676092,0.07477396891910945,0.02621701119460422,0.053600381450863405,0.09319225803988462
SAMPLE_04106,0.9969511188689938,0.0710331731189518,0.09063766034500254,0.00954431674313868,0.125100740255926,0.010923331415376573,0.0502545348575939,0.07358786252861445
SAMPLE_04107,0.9080458838299537,0.11841885250304929,0.21551851723098842,0.002040083010164272,0.19049321097471755,0.002724303318425871,0.16769587192419275,0.9845157203493157
SAMPLE_04108,0.5589768181716928,0.4517475178251335,0.489870874719986,1.0,0.14617079637469788,0.0013431390149721517,0.0552264646856003,0.9790399066875584
SAMPLE_04109,0.20376506449235907,0.4523629738694917,0.5008787554994162,1.0,0.061115769423584584,0.001492615967807658,0.06802255598747681,0.1761336481296746
SAMPLE_04110,0.8517471135692278,0.6856446117235222,0.6810093831063575,1.0,0.04562935391395078,0.0014629549749736264,0.12217769377930222,0.14532033638348765
SAMPLE_04111,0.45934591906838973,0.39383535456866486,0.5011210764051327,0.010830298318812036,0.15056494516104021,0.007960861777968396,0.10451295818726705,0.8348164168486902
SAMPLE_04112,0.9978867326419495,0.05205068910898358,0.0823913021720004,0.011182822452341276,0.04810181503826611,0.015564059935711612,0.0631392267025147,0.09198570953052308
SAMPLE_04113,0.9980285298652802,0.13996079527682945,0.25004627645574806,0.025336568050447584,0.46924538939678445,0.03609036132785537,0.24280775201805146,0.941734595928348
SAMPLE_04114,0.9983897413475583,0.06705058503975878,0.06573677946188426,0.00719575812349221,0.08309779964321504,0.006821185686195537,0.08099403272264255,0.13218235779454562
SAMPLE_04115,0.6552805929397986,0.44606217006121035,0.4854907632623149,0.003545018545923419,0.14078390957637674,0.004594537338812924,0.107771509859146,0.20313831813399366
SAMPLE_04116,0.9980884915857716,0.3642954714458446,0.46514733355349347,0.0044932793194537345,0.34491238203424784,0.021749268199337746,0.28475299858625713,0.9912130694695386
SAMPLE_04117,0.9976919233681548,0.08923305987091222,0.08278596836146529,0.007979391808027488,0.07815398087067779,0.007957756038811516,0.05518385784361368,0.15208850474279462
SAMPLE_04118,0.9976810164645663,0.05293708409249058,0.04898154535057103,0.03484863607043091,0.7389655628919982,0.04657369480587893,0.11995849563045873,0.9570167532815013
SAMPLE_04119,0.9979891871022925,0.05234345639719036,0.08695648595823517,0.006024806901112258,0.27540748966821893,0.009707584235312403,0.044666120697175016,0.28836673793055145
SAMPLE_04120,0.9879334603422227,0.1564881397942487,0.21180956685183558,0.00343610967518888,0.5196543277615816,0.011848529812574091,0.08226663318029374,0.4580539799440211
SAMPLE_04121,0.9979859127214497,0.17186074747206118,0.24875247323224448,0.08313873440111962,0.3178308448559221,0.062385511507250004,0.22576141987581708,0.5022247547152403
SAMPLE_04122,0.8678284527367285,0.5990173759310318,0.6935911788597866,0.0031513563253083307,0.16277805153139274,0.005712651285549211,0.18940792000260162,0.924796166089753
SAMPLE_04123,0.9984000047220984,0.11885395367145575,0.21463799486782809,0.01213814977792169,0.4215472944573909,0.03308828259329481,0.1812109304909393,0.6794640154256288
SAMPLE_04124,0.9976724111430462,0.03801907446682529,0.05520919054727076,0.00847384350366407,0.10351147338819061,0.010310433410416263,0.04841230399843368,0.10822499308170151
SAMPLE_04125,0.883557887594613,0.20951269805375206,0.4526913383064669,0.0024323824929261707,0.2973276865046518,0.008471328886798489,0.31837334649029414,0.9922800497207603
SAMPLE_04126,0.9985908832232199,0.03137584600215639,0.048173035002208514,0.00995404235135694,0.33962942801635265,0.013171783072845009,0.04960133909633645,0.2278260274935561
SAMPLE_04127,0.9982647631326663,0.28963063847201553,0.3634367553371692,0.011892356200415819,0.1645431985816475,0.019118225557650036,0.10778405157525127,0.2920690747267629
SAMPLE_04128,0.8058341758457815,0.5700021498041771,0.7866275272418453,0.0044002100311380235,0.7285723486846044,0.0458807512166749,0.3527126042622058,0.977267869291641
SAMPLE_04129,0.9985999389438887,0.1340410967094821,0.21830655506716437,0.011637094284000974,0.1698335563362297,0.018008875843216178,0.16542042469180404,0.2752169586433885
SAMPLE_04130,0.9979665431901774,0.19741498665902574,0.29008950742726364,0.04696017703256336,0.2153998667847061,0.05222987830173111,0.1817473870506945,0.4742222787785771
SAMPLE_04131,0.86992309135706,0.3484704195182142,0.5120343808913683,0.005770242228559994,0.19182093978086898,0.008092502503828418,0.20864263894452428,0.9911152702626589
SAMPLE_04132,0.8968550081491345,0.44910441603161655,0.47396312965178405,0.0032154022762292543,0.2551421856013739,0.007134716277174984,0.13838214921287048,0.9643237740205093
SAMPLE_04133,0.41046135736214007,0.08879626810114498,0.09594135112418607,1.0,0.10080421531018567,0.0012117441067972527,0.014264489962015363,0.9478278609951204
SAMPLE_04134,0.998570844549364,0.02853189263681991,0.04523646175335359,0.01032927574126592,0.21762584225632187,0.018960375093503547,0.05610505109256677,0.12202952170252548
SAMPLE_04135,0.9987028099024678,0.10562635237891502,0.2826649579804574,0.014191792920220204,0.11397777063556003,0.023529500815613984,0.11574843745992397,0.2083162063447589
SAMPLE_04136,0.467860313539779,0.3376977381462841,0.48623833375946873,1.0,0.06441868925278221,0.002995691580518979,0.1280223478520981,0.709271730093613
SAMPLE_04137,0.7338441716687714,0.5437705564960547,0.5794064428995549,0.0026580528918193503,0.09673390020044202,0.0033398673968894088,0.20126497492576184,0.32464688058021846
SAMPLE_04138,1.0,0.5052548646116319,0.5248057619141999,0.9965511181505061,1.0,1.0,1.0,1.0
SAMPLE_04139,0.9982999969097456,0.03627054083060694,0.0693203820080983,0.009465146567895594,0.37188812874564475,0.050320108952564835,0.11180537865693449,0.3697145294080118
SAMPLE_04140,0.911388847285865,0.1916032307999659,0.2814374180641279,0.002892589538679084,0.2517947655497623,0.003576796869876744,0.15599494270383574,0.9822767798023533
SAMPLE_04141,0.9973100247241116,0.10868155531629423,0.12000495406139622,0.009683441049618121,0.1029025308481573,0.01328003398347993,0.07643978424493289,0.27594901260211363
SAMPLE_04142,0.9976285672717887,0.07047065775849053,0.10028630760816158,0.023947925454336348,0.3332676844725184,0.012680658540774565,0.0883373526148159,0.9695087820521912
SAMPLE_04143,0.9985256237012792,0.12851345811707302,0.18018901283591673,0.022915807987840424,0.4013238190205736,0.08387287850273142,0.12007307057226348,0.4453985980530152
SAMPLE_04144,0.9983100110938107,0.029034540478125724,0.04357040532511826,0.013216890498667495,0.09444741001698775,0.020251680199576134,0.05191908852914178,0.15585254806578036
SAMPLE_04145,0.9984976071537134,0.11818537173173642,0.19221848105962386,0.012095402842566747,0.10233636136021118,0.02378549461527154,0.18541785399651517,0.18175596218085766
SAMPLE_04146,0.9986273944478902,0.19561941182156065,0.4025392825104371,0.015588943775669885,0.5975794031390408,0.024435949776354337,0.39878499757417746,0.7650819668769097
SAMPLE_04147,0.27915597918503227,0.14064326624701484,0.1417895632785568,1.0,0.05391013472038707,0.0015011851284688364,0.018878772626613693,0.03989678752478427
SAMPLE_04148,0.998413878518875,0.20515349249567535,0.31593237419262615,0.0417027326410841,0.2739671956171546,0.052594562714099215,0.27424985820645115,0.29706012554855477
SAMPLE_04149,0.6441668578275722,0.10404500219056635,0.1579679011871855,0.002116578308733743,0.13357684417696236,0.0035504330342945216,0.0691812045457698,0.9742253656997475
SAMPLE_04150,0.28701972561643296,0.4710604951502549,0.5015962846128786,1.0,0.06876715654724964,0.0013581576442279236,0.07019956970916956,0.054465701379168494
SAMPLE_04151,0.9986639043624834,0.028827741471188294,0.1113829813035631,0.0159146445408958,0.31809324130647687,0.019437219475981447,0.05057501341856028,0.2506771033870209
SAMPLE_04152,0.6489245670543139,0.23435112599055458,0.2769517636646836,1.0,0.058922738163943805,0.0024764782522176984,0.08490193047424283,0.3489674289294248
SAMPLE_04153,0.5596630711346035,0.2309450861048077,0.3207755662761182,1.0,0.05217253469095448,0.002578188227864984,0.06866428960879963,0.19981681169811602
SAMPLE_04154,0.9982135674156732,0.10227117481520387,0.17871894935892166,0.01586110607487489,0.23944247493654452,0.018722102006512083,0.18457784162007765,0.31233454861038557
SAMPLE_04155,0.8427660389333782,0.2529732701401229,0.354590994681564,0.00229340316345446,0.38680568730995274,0.002984674726374101,0.1108340256329874,0.9886888662972354
SAMPLE_04156,0.9972300005277397,0.061449445473086714,0.12025493036869411,0.012582551087535183,0.12509187533012478,0.01732682527393216,0.11149514852421925,0.4785845794470028
SAMPLE_04157,0.5005343924176664,0.18711019647349017,0.16928752358885255,1.0,0.06630445815707742,0.0015386430919371373,0.037469148770153095,0.24578256662967868
SAMPLE_04158,0.8454177749015224,0.42204366199078974,0.5264964047657823,0.001802685938370695,0.1742002146413642,0.0028194029745534205,0.09604813542491179,0.9871992794085926
SAMPLE_04159,0.5815109644528096,0.6772546132236134,0.6423479236005681,1.0,0.0831385712509516,0.0016921584796419878,0.2391786427483817,0.962577796142071
SAMPLE_04160,0.998449439523234,0.04450406354273146,0.11624166473712516,0.01396641548230391,0.3741235055519068,0.021345316443459942,0.055244276520558654,0.2121316499265926
SAMPLE_04161,0.9133284674208457,0.1862363199804151,0.308048272456025,0.004173639672254727,0.3893838516085803,0.005039970483306155,0.19915594100302145,0.9471278722457983
SAMPLE_04162,0.6733360538923066,0.152600995561093,0.1862814701425454,0.0032863608119417503,0.14193077000257842,0.005187762349989242,0.062080500034451806,0.8687953374047656
SAMPLE_04163,0.9964555046769147,0.43122789438285103,0.5075466351618914,0.1598262031189239,0.6475803287860863,0.1957932436022991,0.390621733271573,0.9775373403886695
SAMPLE_04164,0.17708870055696735,0.19170722785462216,0.19347510673872748,1.0,0.03910115709878048,0.00153217963223973,0.0233773919466815,0.1931451469879868
SAMPLE_04165,0.9458858564676599,0.6719815987289718,0.6754346324869054,0.006255562211415655,0.28003081993712814,0.007488211869141804,0.202992233313255,0.964183345425302
SAMPLE_04166,0.6783897438417491,0.4151191888809515,0.43387903110859916,0.005395567448884706,0.2940030622963458,0.007582819225246695,0.10364215039264367,0.5868281046952445
SAMPLE_04167,0.8111262763516279,0.4152245100265312,0.4821820950706566,0.0029927619565658097,0.26175698207622694,0.006530963203005965,0.24272568994764665,0.9065209711554028
SAMPLE_04168,0.7650891983392092,0.7526973684856033,0.8317066902847459,0.004123446807520772,0.21040885011534122,0.004034191481108667,0.44342186267873274,0.8800734111333621
SAMPLE_04169,0.9984844162078435,0.15994422044284654,0.16732519498825965,0.023360714033647412,0.1693635663568808,0.03818180201556563,0.10620727112800436,0.32728779837403443
SAMPLE_04170,0.6785507766699341,0.5095549156867155,0.5201225453081262,1.0,0.09416734241410007,0.0014517987286479606,0.07288823879104031,0.14943824843436576
SAMPLE_04171,0.9980346094661404,0.21721267030848368,0.24659165173426423,0.016022268495962312,0.22724601604453434,0.03804110855414401,0.09341817130138098,0.8336738475935886
SAMPLE_04172,0.997583959375112,0.3143725436757446,0.46938383389696214,0.016030635924885937,0.18066312053996492,0.02871175856423817,0.1462607369281432,0.28741903410173053
SAMPLE_04173,0.9982058963781313,0.19064593129442184,0.30007098579838876,0.1191807851782419,0.21688442647540893,0.11938141428398853,0.32479638746654454,0.8229440479570544
SAMPLE_04174,0.3745177684056579,0.2468473216595723,0.19782341169330228,1.0,0.04626212590016195,0.0013971875957718117,0.026508065980942665,0.23720490611235684
SAMPLE_04175,0.8100530979703817,0.5179371107173784,0.45159430516422183,0.003191538298779869,0.3342454221669279,0.002814652402522643,0.08151822995683876,0.9826023289196817
SAMPLE_04176,0.9984787685305386,0.30086525623922733,0.3258270109423903,0.020581299883379846,0.08568943682850258,0.05413249189873445,0.2749671323002226,0.22737442827167398
SAMPLE_04177,0.38607315795369945,0.12721180632551166,0.14423369951411777,0.0026791449788710607,0.14805020499828053,0.00298596854938506,0.06193731934482961,0.9872512502035902
SAMPLE_04178,0.996817047882555,0.2672833038582111,0.3146449374220127,0.017911934556285012,0.48458064136405044,0.21720218090104287,0.22893913559876805,0.9814883385240812
SAMPLE_04179,0.9971413155418647,0.07035683428806346,0.12080934588517903,0.011010550808785944,0.6992460548029891,0.03025283595982269,0.0867938326243221,0.9742780740796442
SAMPLE_04180,1.0,0.5766165727408276,0.3761140216762045,0.9961791414749805,1.0,1.0,1.0,1.0
SAMPLE_04181,0.835206700176337,0.1303538502321872,0.24839481188174403,0.0034853778441948998,0.320159077951528,0.005190405882303581,0.10210830727888463,0.7891363848630973
SAMPLE_04182,0.9983703661603581,0.05426578613662483,0.06202268302039082,0.0838679994151345,0.11697939470533109,0.07494040962530402,0.08758974380807663,0.25654553901020993
SAMPLE_04183,0.6954310474059152,0.4619220236968076,0.47362656188552327,1.0,0.13883886828823291,0.0014632189023876282,0.01984342043376322,0.14770520346469912
SAMPLE_04184,0.9981876404119235,0.0417672608220716,0.22016944736654495,0.015722125980046294,0.10471200050431703,0.027851817306086817,0.09986239993542044,0.24134944902623906
SAMPLE_04185,0.9985095926036728,0.05834138415861721,0.11572591620826528,0.016086672040253547,0.11658253511019044,0.05134264694590532,0.09479814607653289,0.18430053928254175
SAMPLE_04186,0.2111738849960842,0.33412774776154486,0.31601901945796745,1.0,0.05366262586749449,0.0016024725210381091,0.08558021110862302,0.14399210092401749
SAMPLE_04187,0.7277213447846601,0.2749787683044622,0.274944766918189,0.003573169817359505,0.2579251043255184,0.0031616284218962507,0.19347020401572435,0.9807924108615195
SAMPLE_04188,0.8643056153455067,0.5319850150961584,0.5645707653930274,0.002408981609887001,0.27012150420937275,0.0031305880549523392,0.18081586463370455,0.9840210578870542
SAMPLE_04189,0.8900640536463555,0.29225474034033266,0.2852797206129722,0.002496790183972277,0.5122857052848357,0.006108572666519919,0.2696333393778715,0.9800398281287442
SAMPLE_04190,0.9982078697169275,0.1835723263030733,0.3047854242743563,0.0248729319188388,0.14659253078663154,0.045312706219314984,0.26564565185892103,0.3000111432836592
SAMPLE_04191,0.997733755107029,0.09380911375322841,0.16082375631036575,0.016487588409565504,0.13168956856153263,0.024675068609555314,0.10195088117329172,0.426788058529499
SAMPLE_04192,0.9977681000381786,0.0742245600939812,0.20394302024129313,0.01184540840659167,0.09358490597058745,0.024022104435338965,0.1302341792609555,0.35298529493247494
SAMPLE_04193,0.8758312126455,0.5714423823464133,0.6269173545888277,0.002833021192663466,0.4519888892814953,0.006379094016676724,0.17275652064780542,0.6722172705401848
SAMPLE_04194,0.391329063684546,0.14567162441366865,0.14893811891464268,0.0030605238535116094,0.08651626174720381,0.003660870190298617,0.045195363077910056,0.16922933263882872
SAMPLE_04195,0.9982013679056814,0.12398200534503868,0.41103771059807037,0.01291153374579905,0.16010778326414718,0.010827806114008916,0.16385347829662625,0.6590794324183095
SAMPLE_04196,0.9790482436069954,0.17503247478427753,0.22564277975701505,0.0405910983609947,0.24516494317808046,0.01637082280049798,0.2061023114068849,0.9295121791504124
SAMPLE_04197,0.998605744750397,0.06435612227391112,0.10894028150857865,0.01281557240394901,0.13697057149569808,0.048370078160487315,0.07258100964828605,0.18275455997829554
SAMPLE_04198,0.9983432886178962,0.221646271269192,0.19908158149630956,0.014939563137644477,0.26212866953544844,0.06549747924032646,0.09691405501103051,0.4092781261307802
SAMPLE_04199,0.9984362135418795,0.2864542007370003,0.22787960516994646,0.022836742934002965,0.14888160086782126,0.022111338135440348,0.2148631911913787,0.24778636995702816
SAMPLE_04200,0.3694732479643138,0.5556639638133877,0.5329099986978648,1.0,0.03516941928623247,0.0017316064415101684,0.2377657378327152,0.22901056532730968
SAMPLE_04201,0.9970319519983624,0.03266570732603838,0.03831262456571058,0.007469149003243641,0.05697279387726338,0.008965016626186257,0.030949599652437335,0.05578216614249518
SAMPLE_04202,0.9965242752070008,0.4741059735823769,0.5431080724920188,0.1915201803144242,0.24069599561070118,0.2436614169530419,0.3211264919569087,0.20718137771009099
SAMPLE_04203,0.9979141303090202,0.26348722688064247,0.3134068537941361,0.02107405070951265,0.19816278938541998,0.03199200461542386,0.14276937298388137,0.3624136526243661
SAMPLE_04204,0.9986381510342961,0.19404569482760972,0.23879760850304305,0.01712432003885307,0.15205856209598187,0.0371934981900389,0.1161166499680215,0.28056758999711023
SAMPLE_04205,0.9982374893418158,0.1920242196353338,0.34689569380902424,0.013784906687410605,0.16720617671426252,0.02288020926888179,0.22152048709443614,0.48974359144952617
SAMPLE_04206,0.9942891341923188,0.38043417211247577,0.452917772185377,0.009228814279168794,0.3643156234926204,0.008872948754959139,0.14062215622099583,0.8738119886799381
SAMPLE_04207,0.7335793710402213,0.4653712440768426,0.49831497773002864,1.0,0.19289394432904344,0.0014525544688820766,0.17449588471823752,0.2156278345871552
SAMPLE_04208,0.726495608025898,0.2511838285116446,0.3090590989588012,0.0030362471824778394,0.14912939865714825,0.0046110637592990025,0.07810158411477212,0.29839180847417635
SAMPLE_04209,0.9985204064988457,0.1108302171003979,0.1480738721971714,0.02034208688757031,0.36889099016543303,0.028356844503372954,0.0930493547504248,0.5706538267083188
SAMPLE_04210,0.6944775386163661,0.1341240385154489,0.10921848155300402,0.0029322861657228674,0.19098823405611906,0.006830050383984258,0.25469914704432906,0.9830223599215422
SAMPLE_04211,0.9986401914158082,0.1384261937983795,0.2705194936417988,0.012769796012245737,0.09975247163994493,0.017817040406208434,0.0674898924486088,0.09000116616842395
SAMPLE_04212,0.9961128127369712,0.16890617742063196,0.19409642422407705,0.03282786823811285,0.5236923982311562,0.024418939942651003,0.147516385887837,0.9173631520043823
SAMPLE_04213,0.9986961551287287,0.14538660285662441,0.171878807701485,0.019500268678406145,0.14262737203603493,0.03565850764212262,0.09411830500531923,0.15680513595909093
SAMPLE_04214,0.6965149569815098,0.5452669576383153,0.5466950329431667,1.0,0.09785382656979187,0.008499432954025166,0.0754894862940047,0.24447630199701784
SAMPLE_04215,0.9966612735743992,0.3758389614013222,0.5163971330363166,0.12438704489464107,0.4462752022733692,0.13579238633128277,0.303946114191688,0.9912444397726053
SAMPLE_04216,0.9979586730444904,0.19680351497956042,0.346059764178298,0.08240336308419495,0.23078487687783497,0.08231023498530951,0.19123650574882622,0.3209328590005456
SAMPLE_04217,0.6668212696858141,0.3345663686868984,0.4835933157968024,1.0,0.1012785891290761,0.0022503591843633735,0.4601547697031787,0.33179179835012496
SAMPLE_04218,0.9939534567349753,0.2009576893134389,0.22198986721668035,0.011412887144370233,0.2682768551399307,0.011548319382742846,0.2785745744395793,0.9762323546061558
SAMPLE_04219,0.13810566917940575,0.06340785347220311,0.07239852161935728,1.0,0.051202496317169104,0.0019038246501626242,0.02128660791117843,0.911187496272034
SAMPLE_04220,0.9976185613221118,0.2752593444087426,0.3428334797581668,0.01662513060447685,0.19300777731696264,0.020590958431153435,0.434494140958557,0.6287502129490355
SAMPLE_04221,0.2831574414608888,0.18258845230461385,0.17388314357666643,1.0,0.05139152648991992,0.0014714676872714663,0.023444708102989348,0.10225249998386342
SAMPLE_04222,0.9981541176745319,0.14440974678046364,0.18197171167535944,0.12475627646490958,0.40891091742302876,0.19809800650802467,0.24131926618393879,0.9517831675529614
SAMPLE_04223,0.659234255680193,0.30417815820205135,0.40651906139660093,0.016028889847839366,0.271236249395556,0.009677933784324504,0.07926315432762226,0.9041502830497727
SAMPLE_04224,0.9937061711777586,0.09913293932931638,0.24927636878797316,0.02758760506679272,0.1830042522539696,0.028309278933341342,0.11412181389623124,0.8003730369503308
SAMPLE_04225,0.9986672211524749,0.11698825236501449,0.1847430441685408,0.015463617890766945,0.12139378937773426,0.026211789841626382,0.07213357113490892,0.14885906762617443
SAMPLE_04226,0.9976702332644198,0.08213259665229226,0.07371314757387455,0.005049769168885581,0.08663960802659117,0.00581759494798166,0.07713584266042764,0.08131099865687483
SAMPLE_04227,0.9983877872994648,0.0523297736717392,0.13962765603047703,0.018555324897167588,0.11672649819493959,0.019068460088791823,0.07302199259940054,0.19398283544903902
SAMPLE_04228,0.5203248703986072,0.07509533607508055,0.09988359320428826,1.0,0.10959081934366885,0.001545802157089488,0.01945118223738364,0.19477399189297467
SAMPLE_04229,0.9982066683119962,0.18201938113811172,0.2049382783572503,0.015636513284090863,0.2316856948595448,0.044183961005442036,0.08782810593745151,0.6282396388881127
SAMPLE_04230,0.716802554615588,0.5105092854813885,0.5890924280388685,0.0035739352020891183,0.2852984997731239,0.005557901542467874,0.349609586283467,0.7954299922023879
SAMPLE_04231,0.6318633351585831,0.3684995519962058,0.3839202272966604,0.0025291002419690644,0.09615847579411775,0.003015908130594265,0.05982381140174505,0.08381377896664524
SAMPLE_04232,0.8578436017515045,0.2685537651756378,0.44192148162780376,0.0036080332301788648,0.1224816850644194,0.010137915019284516,0.14206105990782955,0.9846556893932736
SAMPLE_04233,0.9984480350385827,0.0820845649690906,0.10870565915974578,0.019562042484105518,0.19653513054114335,0.03850810218646758,0.1051486967093594,0.29970040700926603
SAMPLE_04234,0.9981980376864735,0.4837578611335894,0.4767951761340638,0.034634084710781145,0.43679297555087276,0.032728587475221796,0.1641532779897101,0.8941371665265617
SAMPLE_04235,0.9987335247593789,0.04812221285035189,0.12271218448035658,0.01057742838747023,0.5841036783128984,0.017867848149958624,0.06272970577232166,0.44231958875435695
SAMPLE_04236,0.2745585111090854,0.15059547524830166,0.1678896652263392,1.0,0.054397886484671136,0.0016005401545036218,0.025816956026664475,0.0859029896589961
SAMPLE_04237,0.9968528402890897,0.03198763899613985,0.04310908620070808,0.012518533223741732,0.10799669995567468,0.011793600344649598,0.04870778553024962,0.0831733044932755
SAMPLE_04238,0.30418255395284816,0.5056228207890795,0.6422394382701644,1.0,0.30051407519648554,0.024207085476847585,0.09399575195152107,0.8410979596235308
SAMPLE_04239,0.9984104309589299,0.8885828500955897,0.8941725060516815,0.05388726864942887,0.52629553293707,0.34186194938223513,0.797205891740078,0.8403503629066319
SAMPLE_04240,0.20909096244385797,0.28316690293821273,0.48230703083749343,1.0,0.04669965354987089,0.0019265270916531928,0.15078397104619318,0.19456182044649978
SAMPLE_04241,0.9973889899904538,0.10487402205241705,0.18425045150438896,0.008981268655668074,0.08750841509589181,0.00872487316524025,0.12448402837864272,0.08814306570648392
SAMPLE_04242,0.8313795895286957,0.4449744382689214,0.4321100178950513,0.0028586864770968074,0.31290054154335756,0.004529395553897236,0.37041487145726826,0.9721414731339771
SAMPLE_04243,0.9953545557337986,0.2759748511398051,0.34284080812630036,0.04777873218208466,0.1869163592823133,0.029247166717733912,0.15463870289196394,0.9562280114586066
SAMPLE_04244,0.9985657200688571,0.26085283480563015,0.32262406837509044,0.010356261973565145,0.0716323709574428,0.015422115405698454,0.09708649833369866,0.16273966655431854
SAMPLE_04245,0.9983129128639191,0.02157813281050249,0.04299801784410404,0.010939346430091451,0.06135127356507821,0.019164723743537043,0.05645207063334372,0.1421530849153455
SAMPLE_04246,0.3279644320134216,0.21887634325811708,0.2832925522101144,1.0,0.06628251413252455,0.0017013144718267122,0.01483977167176332,0.03597190110012249
SAMPLE_04247,0.6841554507487815,0.06090451502594604,0.09064375139715498,0.002621444008581691,0.14622046886347875,0.005223921584316223,0.12369062913235283,0.9814627375718241
SAMPLE_04248,0.8414422650997802,0.34647982162372815,0.42378711257485685,0.010970618790809447,0.4542962703463989,0.0929150629305927,0.15236008560349612,0.9400389700507654
SAMPLE_04249,0.6330934895673391,0.363749772675019,0.38905470581702767,0.0028681515841947206,0.08505318866805672,0.004512169255436798,0.09436838026807859,0.2872854803030181
SAMPLE_04250,0.2567773654480951,0.12393995627727768,0.14939411990404453,1.0,0.04033549956487099,0.0013819189222976985,0.016564017687648782,0.0457184785636969
SAMPLE_04251,0.674871809768414,0.28182080597942083,0.2871462737970017,1.0,0.1059002216056313,0.0015723003743809232,0.01611765093927935,0.12847427604606426
SAMPLE_04252,0.9961777998527223,0.13839682599477895,0.316212458214634,0.01252519307160298,0.29031370874645873,0.02222920506438596,0.1196966325965159,0.2589128953693149
SAMPLE_04253,0.21644585348372306,0.19209265763298097,0.22002328208779726,1.0,0.05264625863447251,0.002066530086094048,0.04362313781092877,0.21728716145132196
SAMPLE_04254,0.9983480888863008,0.24695249924069967,0.39361036435813646,0.055436531001350244,0.3336430805380191,0.32303500378300176,0.39528160976318527,0.4222089320210334
SAMPLE_04255,0.7436470707025356,0.3404878698092661,0.4401907786527387,0.002181887617825411,0.17082203661874634,0.005357975575261497,0.07235306459377144,0.9724353140522433
SAMPLE_04256,0.9986205287754921,0.15796434325349737,0.39413000833957884,0.012365613087564935,0.303010157453855,0.018496367663153067,0.23136346115181464,0.6214214475199881
SAMPLE_04257,0.8975135233298084,0.16122084922784063,0.2115315008611539,0.0028178982796409464,0.38809578348719087,0.0036088703285526466,0.1830063397724401,0.9422591791414148
SAMPLE_04258,0.9976518165418573,0.08038871240657958,0.13706236196336558,0.028299612035335212,0.5313296566012851,0.0619552102554395,0.21265604999119292,0.9081109742076588
SAMPLE_04259,0.9975457226675303,0.258554879583582,0.42243255679510855,0.015490262874215613,0.5600410775411959,0.16369345273042446,0.3287901651637973,0.9918085480006614
SAMPLE_04260,0.9980405910410349,0.0418119756087927,0.0980030502816541,0.0110227511224627,0.12100978023104539,0.013481486918606648,0.06471345275493534,0.16894193653073342
SAMPLE_04261,0.14609629649892827,0.11792307946154176,0.12030964668535345,1.0,0.03883153923588351,0.0017918934349549578,0.022938177890919332,0.07853892946382501
SAMPLE_04262,0.997599894159839,0.25163596354123213,0.3301813499728891,0.006480886057774413,0.14756623387876117,0.008547314535420694,0.06151244266263359,0.08542912875936427
SAMPLE_04263,0.9984507759428485,0.23681330257374023,0.3538026899424116,0.028210974812714527,0.3284198700948228,0.17055412287640992,0.3143788486700305,0.3429773590416528
SAMPLE_04264,0.4892226293275987,0.41985454981216513,0.45421640237889355,0.003836642478847689,0.11729231040949294,0.004281925272409222,0.07042967465211393,0.9874504520065129
SAMPLE_04265,0.9986454819651401,0.5297075407077529,0.6788106046972124,0.017744505508239233,0.47488549105521805,0.0546901059769497,0.7018795409267196,0.7875847998819621
SAMPLE_04266,0.9979558853118482,0.08464723286313815,0.0967229291468164,0.006135666990653962,0.22309993363130157,0.028392654491443552,0.0473787114937463,0.9191434908435175
SAMPLE_04267,0.9052139186081077,0.10860569366046878,0.16417977595882163,0.0038181425731845416,0.39497109464335023,0.0038603775718990757,0.06552152963137169,0.9895226735455821
SAMPLE_04268,0.39555406828575207,0.2926886985515328,0.4857998608709169,0.004536702190552637,0.14412549006638983,0.005754425292920557,0.0628720668848215,0.9142352270083302
SAMPLE_04269,0.39500916490304816,0.2545120064694603,0.2879005227118597,0.0026972545912697945,0.13102193748519572,0.006935861964934758,0.07286226586004153,0.23499090957443655
SAMPLE_04270,0.9982222044566985,0.0952513329069189,0.14674293687794623,0.01646140172066956,0.07497710691219509,0.020800870713246614,0.07569241878834228,0.08411563755633177
SAMPLE_04271,0.9260442585797813,0.5090368907964151,0.5258339889769483,0.0024345723482434413,0.31196983714816795,0.009162904149803863,0.32220018523946753,0.9799040042079751
SAMPLE_04272,0.9978045968571847,0.09889609488198381,0.26318879822719915,0.018494336267213578,0.32563597688604123,0.03337308602587102,0.1433285388616946,0.34920144880715853
SAMPLE_04273,1.0,0.2626334494333598,0.20732424013534156,0.9960587609427106,1.0,1.0,1.0,1.0
SAMPLE_04274,0.8341325332435625,0.2913262187988593,0.35135446648052676,0.002737984646866609,0.22977787851114714,0.009997386391606267,0.17068816242059795,0.9828587240583635
SAMPLE_04275,0.9983117824910603,0.09513651893771123,0.09831490333119645,0.022880515417696028,0.07131053005142059,0.025731006623525832,0.060468344822318366,0.06003825036127658
SAMPLE_04276,0.9985524225233152,0.08999849144743895,0.1143255236228945,0.017240954703644576,0.11436248374964886,0.04511396232347262,0.09879553431435993,0.19861795979548702
SAMPLE_04277,0.9979997891973053,0.4136713049799292,0.3601426763858539,0.013980362197184364,0.26695281715900765,0.1003188230971773,0.4285573554342834,0.9800816923320819
SAMPLE_04278,0.7480693969740219,0.22473982358132122,0.3263800187915359,0.0042876467272202935,0.14778646093131484,0.005285050197503111,0.05196395119683169,0.38835772608719277
SAMPLE_04279,0.19642210050872624,0.14906708296333446,0.17941412776265292,1.0,0.03670572357838038,0.002464416625070906,0.038853299523856424,0.1465943262161414
SAMPLE_04280,0.9982485984266125,0.6320747270863483,0.571442642492392,0.08345228126330302,0.43798830307195596,0.22128467269669191,0.3319587849536668,0.6050469488197194
SAMPLE_04281,0.9983762208242817,0.12837759432191706,0.2186053006408639,0.016907715220771957,0.2157015504090445,0.03850952365538187,0.14115181690328613,0.32106119095927366
SAMPLE_04282,0.8625876940539497,0.7425659977478921,0.6207147970561112,0.0027128534531682268,0.2926731477819276,0.006038321470302673,0.14746882821948018,0.9110955963848721
SAMPLE_04283,0.42801601430548974,0.18506968095184148,0.16884607451326863,1.0,0.2287269694185211,0.0011192936503529143,0.0131157266591477,0.9703821458062359
SAMPLE_04284,0.1810938995676586,0.13261637068284196,0.13041881028356817,1.0,0.05830710555348754,0.0011902925926895876,0.01662419965523447,0.9307506752953645
SAMPLE_04285,0.9986703053727133,0.2966543907123414,0.3517188859718471,0.0372867331830796,0.46258080761599724,0.0924424540929226,0.6737601279414455,0.743866631424279
SAMPLE_04286,0.49571305860594367,0.3237821777407069,0.3809754255637378,1.0,0.059032194117067185,0.001563191929501768,0.06431505869092877,0.47546355890788244
SAMPLE_04287,0.8958668590593325,0.48165102046286007,0.44279521896728036,0.0037748129720521226,0.1650659695380866,0.006223550950871172,0.32140572677362256,0.9503054733306526
SAMPLE_04288,0.9983112720662943,0.11895211917240371,0.20759197570991578,0.017509361343456924,0.11905127777771285,0.022073508820046685,0.1512601250898392,0.23039506423667716
SAMPLE_04289,0.3428767387244997,0.09919370950137511,0.09257334297951263,1.0,0.052762714636486845,0.0015224671508788472,0.02211140981116526,0.8730037799204078
SAMPLE_04290,0.5282847663931292,0.41967177449585613,0.35527700179856414,1.0,0.052177246754909416,0.0016773007913220954,0.08280922091070719,0.07926351296414451
SAMPLE_04291,0.8695673851400708,0.7569300146285335,0.7450899111318798,0.0020700780088418816,0.516149059341035,0.004138176733349476,0.5773356930007496,0.9849619495124753
SAMPLE_04292,0.8654978741805543,0.2701223909176113,0.23239852855199444,0.003913862653719762,0.32403803730125597,0.005456559400728588,0.07513773712663036,0.9727169669828254
SAMPLE_04293,0.9978869003462152,0.1854691046745303,0.16263606140510142,0.007561857577287441,0.08817153797987137,0.009338437391761547,0.08679773463783978,0.1286056915309658
SAMPLE_04294,0.9979978703744526,0.09394664202397016,0.1792660970233976,0.006693380034811103,0.4752648525192894,0.024003175737139205,0.059955577382562936,0.6325073144472435
SAMPLE_04295,0.997664087698132,0.10578372881953617,0.14910768211605238,0.010269882688057057,0.10379978996688541,0.019028994729452377,0.0893192132233526,0.1978139445428505
SAMPLE_04296,0.9979076818864597,0.3726908523711371,0.44031962270993924,0.0507250863680852,0.26379861486994827,0.05078481082053887,0.31712345587533103,0.9783985657704427
SAMPLE_04297,0.22401873640939768,0.13947961401705528,0.15864721736012777,1.0,0.037126109506957564,0.001556727027873182,0.08314365656302636,0.03740827482119304
SAMPLE_04298,1.0,0.2928776397692505,0.2270201276653007,0.9962861354756728,1.0,1.0,1.0,1.0
SAMPLE_04299,0.9984784782115533,0.12015056060892663,0.16360120875797238,0.009730187268687296,0.13491558076574636,0.015419468372783535,0.1280233302371811,0.1441132274699098
SAMPLE_04300,0.997238061614951,0.09398718697400617,0.1287006824605571,0.010955416539981033,0.10094925978829468,0.01653740205285628,0.07535263736531243,0.9547371639427477
SAMPLE_04301,0.9971764000851107,0.2774414814615734,0.22221406684996892,0.03991142825157045,0.4700904683179631,0.04663015362565043,0.18203149093091797,0.973524422664304
SAMPLE_04302,0.9985943487342516,0.04425915880152111,0.11567408431431965,0.010299851563754589,0.4945271960890483,0.02727573714981864,0.04760701628474498,0.14481283011095655
SAMPLE_04303,0.9985271876652757,0.132427493671577,0.1935222335325996,0.015259756915006159,0.14172875667571339,0.0553736164035135,0.11690040149318469,0.25482667759729805
SAMPLE_04304,0.609262641276251,0.3332270779130309,0.38235293746641175,0.0038237144340640505,0.21680578739745152,0.005564408188757817,0.16159685886504896,0.9787320376743841
SAMPLE_04305,0.9984415775898311,0.20407799705391363,0.26477346294072224,0.010605904641034667,0.4953238794892905,0.041844040872301834,0.1933202355065808,0.2934191208247331
SAMPLE_04306,0.4206563357459136,0.16937255073206384,0.15935393869459294,1.0,0.08304484866933022,0.0019825699485867985,0.030127589416257497,0.7986017248425726
SAMPLE_04307,0.9984384082817946,0.10605522617838337,0.14568545074561923,0.018672931915736282,0.1347606674888379,0.0274571913684717,0.12138257970648272,0.09758826983039984
SAMPLE_04308,0.7288354648889152,0.2137023299245031,0.37258301420549067,0.002861114493197844,0.1988444480205364,0.00502923370603832,0.07194460324685219,0.9757332695115972
SAMPLE_04309,0.1729587504812273,0.0837673567522754,0.0898777216402839,1.0,0.048020756500207665,0.001458676883769105,0.017259752366570357,0.05377158875529066
SAMPLE_04310,1.0,0.3893426180736886,0.386910146800897,0.9964244901384738,1.0,1.0,1.0,1.0
SAMPLE_04311,0.8213370419026818,0.6851188190358172,0.6661048387408169,0.0020754108383046923,0.4294996604697259,0.00353898785169297,0.4469831127722382,0.9774098652690576
SAMPLE_04312,0.9985556711146628,0.03286901347691041,0.08682694495879201,0.00817166383181426,0.5112696018692718,0.01890334237058642,0.11412541271313538,0.533024665339499
SAMPLE_04313,0.9984952764308097,0.06145236663305596,0.10113912001754537,0.017085993624779406,0.08559709047133987,0.016378725276735426,0.0671963374549823,0.07255414348644365
SAMPLE_04314,0.9980756935259323,0.33646346609135014,0.41239431569487606,0.014063009919459931,0.21149662890526852,0.016454379584455024,0.3574799369750992,0.8862049733371627
SAMPLE_04315,0.7998218229147991,0.7446227926858818,0.6931398875253215,1.0,0.13526087279299484,0.001728066037429625,0.27956626392091544,0.27884195508661797
SAMPLE_04316,0.9981583449446875,0.10310080997851043,0.10644754332912156,0.004032652710537158,0.287896894310242,0.02715881933221179,0.1463197320322745,0.990295582798435
SAMPLE_04317,0.9320050405547554,0.35057115258602356,0.5446494397091444,0.004075243122588415,0.42674287503322283,0.00610448561925979,0.16564522181729047,0.9186201543052283
SAMPLE_04318,0.9983499732984212,0.07430252133302319,0.08721168061537261,0.008820054247293624,0.23328811625922502,0.035613504260199005,0.10517248272616361,0.3875336830033846
SAMPLE_04319,0.4248786046337381,0.23528946051653707,0.2647812247153272,0.0029705010227342203,0.22743233306798089,0.004913090843157584,0.07806954482478261,0.8015587500997162
SAMPLE_04320,0.9982526405168364,0.2428363825863561,0.2087721943517523,0.023679309989788278,0.1941204163837099,0.023755270745748566,0.09971459441880404,0.9293336796715745
SAMPLE_04321,0.3644770512767487,0.548724105045029,0.52849253106281,1.0,0.051384174990148905,0.0015510350074980364,0.08380117792361419,0.04047294171287549
SAMPLE_04322,0.8697239991486813,0.3818001346196023,0.45338478877690536,0.0029888913135439764,0.26637048236888006,0.004071701082232474,0.21022768173763384,0.978390634628896
SAMPLE_04323,0.9975139746163454,0.3104727717723841,0.42030308304623193,0.01591067780988939,0.1557081970736403,0.026107913758281597,0.4103270941354234,0.2811079996421384
SAMPLE_04324,0.7484280167896966,0.6009228544013012,0.6049832715084233,0.004815774487208579,0.272658850606575,0.008463981316104307,0.39151186485011036,0.9725349462996125
SAMPLE_04325,0.6194284353319625,0.5996860694560745,0.5395825507158181,1.0,0.1184700686162205,0.0014464676082591385,0.1088469377244008,0.13016071697730544
SAMPLE_04326,0.7120311828170623,0.7169121926861272,0.7349351517420606,0.0027176951871232826,0.14749018171539802,0.003865589008569368,0.25726176714516763,0.34878000365599376
SAMPLE_04327,0.49838251769474173,0.18117878162653808,0.2387485480285077,1.0,0.2255545631398775,0.0018226724114411895,0.09015186730668613,0.4857772202140285
SAMPLE_04328,0.6764420674312962,0.40237430513840244,0.4665463985463658,1.0,0.054822477325531666,0.0013352223302469802,0.028614446856058143,0.8652695131668795
SAMPLE_04329,0.9905936518468492,0.3525205413984399,0.4156322207545134,0.13480975892496905,0.20963933172124452,0.05919243433580851,0.2225425941368167,0.7918033510986227
SAMPLE_04330,0.9978642685954604,0.31248038057885896,0.29063820245469724,0.014549037256092105,0.32250026766837125,0.042693863551159394,0.09552870497409208,0.7284322224312183
SAMPLE_04331,0.9980323214347047,0.1940813148821401,0.26850252676745784,0.017885720007146923,0.22797947517315786,0.11933176560049684,0.11529592181855047,0.4332162605175961
SAMPLE_04332,0.9562653916082502,0.17734097062646204,0.4547852804303606,0.0020391199069510753,0.6537058333354757,0.002903846259306807,0.3029444880560392,0.9795307501978135
SAMPLE_04333,0.24093623859342758,0.14073402034682872,0.11023074992414011,1.0,0.04349042533468475,0.0018883736633947584,0.044159535701422475,0.10642165059263232
SAMPLE_04334,0.9207287043382589,0.38700337776613003,0.4342520411430466,0.0025172130561972924,0.25340340572711034,0.004885826963718226,0.27805998595581566,0.9857765731276558
SAMPLE_04335,0.9982889635514658,0.09012947902596972,0.13332556731703646,0.016229785869679096,0.08391154469792479,0.025569133455652558,0.06510218524505572,0.11089159149507753
SAMPLE_04336,0.8155391124932311,0.29982155052202825,0.39136821209104977,0.0028821287771159305,0.2007693289788564,0.005804911920684176,0.18219343763541854,0.9802046275235382
SAMPLE_04337,1.0,0.49469626579319803,0.43734659214958993,0.9935845066024084,1.0,1.0,1.0,1.0
SAMPLE_04338,0.9986683300116195,0.17419502206673063,0.5160152646388557,0.009173053612816439,0.41860017932713633,0.011800825715255477,0.3450679117083586,0.5493601369158765
SAMPLE_04339,0.8865471799507687,0.5025334909950129,0.7606788812730552,0.0030672500457735383,0.4287843169090662,0.00930632782936208,0.11210438666078584,0.9486410487466453
SAMPLE_04340,1.0,0.3167150515735728,0.23024299092423037,0.9951944399506446,1.0,1.0,1.0,1.0
SAMPLE_04341,0.9966319607904092,0.21359352336891335,0.3384037631880743,0.04796413081787805,0.3564262108956361,0.059146958331019316,0.2081807634802348,0.9627265541497023
SAMPLE_04342,0.9978510441144948,0.12848513582096044,0.2287269880591499,0.005412543411968658,0.352188712015549,0.008565871653556297,0.0325699715759027,0.2264101540980044
SAMPLE_04343,0.49354754242747634,0.6394333398084395,0.6874144884203318,1.0,0.07265087770246487,0.0019973800714335782,0.2635095345698764,0.9279251228914469
SAMPLE_04344,0.8078881888170015,0.594296063638811,0.6394945389475861,0.0035375314050234675,0.08441998111780784,0.005272082409832882,0.3499694659666034,0.3486909451489137
SAMPLE_04345,0.19616062862178316,0.16537280498318732,0.24158418841674092,1.0,0.03982113019269608,0.0016994131132515192,0.021665599449644714,0.03203526525232157
SAMPLE_04346,0.9656834049355844,0.7418498847773654,0.7295900275331477,0.3932484033674529,0.37952486879313646,0.17651962931958667,0.5544457570584339,0.4247114072700647
SAMPLE_04347,0.9978569563036394,0.25487940868660414,0.3720077911316172,0.08042364967527951,0.4567943347043929,0.21462060293373403,0.2746479479160695,0.982626489559643
SAMPLE_04348,0.581932185943872,0.562473689226436,0.5984129554939017,0.004953796543559212,0.3487441451080776,0.016358003068017303,0.3252836504935046,0.8869486216424886
SAMPLE_04349,0.8487879852893765,0.16079212386520142,0.2535005359237626,0.004193873915091227,0.25825392027598326,0.004810649420450312,0.18891146097940162,0.9553220111917358
SAMPLE_04350,0.5366747623069494,0.27269612573451535,0.2959258676135355,1.0,0.05118256210056099,0.0016502933416933673,0.07047786240458369,0.11125321177749796
SAMPLE_04351,0.9977602541435711,0.04101032294941532,0.07833114230204635,0.014129400551881839,0.17157741634009735,0.01802108920322643,0.062007818641136254,0.2177085734953135
SAMPLE_04352,0.6751945098513011,0.2065708275594616,0.24509760785721715,0.004336540875666314,0.3656003759648389,0.004362048732940829,0.24327756044771237,0.9751188840555226
SAMPLE_04353,0.6934750857152552,0.6413266731986567,0.6777979781147144,0.002257405828217974,0.2810335226082494,0.0030673209682753255,0.17251696642076156,0.7938055875355802
SAMPLE_04354,0.5303113633506682,0.5374648907418896,0.6292762414817477,0.0019858206611887926,0.4136255598224588,0.006552067343535941,0.15986040945648172,0.9659589687543146
SAMPLE_04355,0.18887754674030358,0.3338782729382357,0.3017037045398536,1.0,0.036447199161419086,0.002120936927251798,0.05530438608820478,0.05135685397485736
SAMPLE_04356,0.997338513198977,0.24482386867160078,0.28181319488812073,0.062325650091435564,0.15189784526382544,0.026137841449772443,0.17968265130224262,0.891775945311079
SAMPLE_04357,0.5573408157080907,0.25410763565595057,0.1590767504877669,1.0,0.1293034912775724,0.0013784708989201051,0.019802238593284536,0.05401498215537276
SAMPLE_04358,0.998007849809746,0.225812804700837,0.3776433240476681,0.01021183418852817,0.09011672046927911,0.027873666648487696,0.15879417015959393,0.15962681004730517
SAMPLE_04359,0.4147243762502274,0.41225541620397177,0.4456787656938895,0.00333497680878267,0.3681019780215011,0.004182598407668106,0.31258412692727044,0.991044487302526
