sample_id,Ampicillin,Amoxicillin_Clavulanic_acid,Cefotaxime,Cefuroxime,Ciprofloxacin,Ertapenem,Imipenem,Levofloxacin
SAMPLE_03360,0.9996500242596781,0.0040656153884054665,0.007962179279628315,0.007481269869652339,0.024358258523128385,0.00539215607074212,0.0010832899559956157,0.012726563524850881
SAMPLE_03361,0.37443732493430026,0.003572336657311439,0.001423620083747532,0.011053286255682516,0.025439353747557486,0.00011360384557354451,1.0,0.014483936974062389
SAMPLE_03362,0.6761766160931766,0.03192409673576087,0.015418210593846193,0.17842289350192794,0.5598688008816248,0.00018510949117111442,9.749888251601775e-05,0.31505984403930104
SAMPLE_03363,0.4252848736040781,0.005061115729119095,0.016707736628428053,0.010271115156253967,0.11169533464376373,0.00012067901507802685,1.0,0.0369333915135571
SAMPLE_03364,0.8232158756826513,0.14637297335481295,0.04314146793945052,0.992712627431979,0.5367897728769735,0.0005018913428371927,0.00010335851977207938,0.21383482967860737
SAMPLE_03365,0.993507073901618,0.06664150661098375,0.10025256160895177,0.911823320441479,0.19136987842485076,0.00031337254671741843,0.00012285812990952915,0.036824899162513185
SAMPLE_03366,0.9738232641520742,0.009709640091520293,0.01986543661860698,0.9901249612855711,0.4431504955267783,0.00021743448821425412,1.0,0.5498412056130482
SAMPLE_03367,0.9912515523629001,0.17532028341843214,0.025106066845221646,0.993599022486262,0.41628199771672325,0.0003168526948455563,0.00023124691917963733,0.3994771410092399
SAMPLE_03368,0.7007593712845417,0.017724449656670156,0.18255879379728118,0.9904516943573183,0.7618840259403269,0.0001507045533999728,1.0,0.7786287962608267
SAMPLE_03369,0.985490293736696,0.3885136835232518,0.04700284442435692,0.9967792787062872,0.8738865223202413,0.00427484232254797,8.74881406096922e-05,0.8187388079608677
SAMPLE_03370,0.9962077902212142,0.02723746364527374,0.2888684233856053,0.9992626854570086,0.2473626301804674,0.003683334216721286,0.001364564825278837,0.026382592230120034
SAMPLE_03371,0.8350361389131209,0.02141614025900683,0.002749837568468243,0.9981156816002688,0.03631935483940591,0.0001327057534927516,0.0001705350603441226,0.02543824878381229
SAMPLE_03372,0.9857879774178764,0.23285283558041833,0.024281235576404776,0.9891384769971495,0.03229539734216057,0.00033990122396397327,0.0007061103916168605,0.027239089664699668
SAMPLE_03373,0.9964193928020825,0.2695159921045165,0.021223826483982473,0.9987775644242586,0.04372398019914746,0.0008716582871875999,0.0001944700686828972,0.020369899612847703
SAMPLE_03374,0.29797004386736525,0.012560984046251694,0.006368094318324033,0.00472322668029561,0.04285435971797233,0.00023672333454025345,1.0,0.08151895175346276
SAMPLE_03375,0.9871107605385505,0.3571266570436558,0.0170311643752546,0.9952280972012529,0.18186476266213933,0.00012680659786199288,0.00012569616363771523,0.07174476494915069
SAMPLE_03376,0.33168802191041596,0.03509981712896881,0.010954871633602613,0.9978182079742091,0.275628540604509,0.0004835716460808902,0.0003699206104326601,0.043432612513074544
SAMPLE_03377,0.9805607679097224,0.19944265688169666,0.017537715211973413,0.6159291170258644,0.3676779406388061,0.0002340792055756322,8.277381336239408e-05,0.24311795449413834
SAMPLE_03378,0.9999472961839106,0.011010799786236461,0.005964174518797455,0.020024737439449852,0.01382565156105336,0.0006495048602773118,0.0001563426298329303,0.008327440815987255
SAMPLE_03379,0.9999502655436269,0.6317235627848564,0.0920913983629552,0.9965551460088783,0.021308254021765193,0.03358337211293947,0.0006680701955858892,0.03025078830723798
SAMPLE_03380,0.9978608477354346,0.5366196480783284,0.15396795216994366,0.7547450817633711,0.891402523825584,0.000606222242877757,0.00013102977396939916,0.1556918119003717
SAMPLE_03381,0.5845654129010798,0.23085326488318875,0.009142010817917205,0.99178371319638,0.022122999518150537,0.0009952224703838881,0.00013614371558193133,0.01856323096888248
SAMPLE_03382,0.9999148077661552,0.012924038354652261,0.007444367369195068,0.1619775871076591,0.030989235880980022,0.0024429825574263063,0.0006266827538198097,0.009069885773737327
SAMPLE_03383,0.9999483061238023,0.006745864687603119,0.005692009822893142,0.02014902242684976,0.0172476749745619,0.000756740358981629,0.00035889721017255856,0.011460671336329494
SAMPLE_03384,0.999929044611911,0.035656584151965064,0.03904093295927501,0.2015635340273167,0.1924723534339576,0.026899181192369108,0.047003888044910985,0.2572941093690745
SAMPLE_03385,0.9931883054841231,0.15965180307595306,0.02347935495165762,0.9944159849235431,0.3084199658643304,0.0003170153868869862,0.00011667787785829485,0.0433806400101714
SAMPLE_03386,0.9974221520728699,0.023117861404877253,0.013310209765951781,0.9887353832556716,0.4516931907652964,0.0009055481690867593,0.00022366810330195765,0.37454449159845427
SAMPLE_03387,0.03795525125290265,0.006210803182884652,0.0015829240795209865,0.00701405629019886,0.03124483814448179,0.0002274269942719904,1.0,0.019258026022335135
SAMPLE_03388,0.025309874649553095,0.011376487450235404,0.0017199190932612029,0.9882091685295696,0.482633117521652,0.00010036526455664634,1.0,0.39016232105550047
SAMPLE_03389,0.999951648405412,0.00691983315233455,0.0029013272762670557,0.008501245760545648,0.1740529394229812,0.0010958443888229182,0.00026691991741681494,0.007727335226962251
SAMPLE_03390,0.9999503884024694,0.3290969572569486,0.0025145098937658303,0.11383798049501377,0.007994805847085836,0.00018487789229525118,0.00012454850592918867,0.004532953577862548
SAMPLE_03391,0.9998857838246581,0.0073852731113873485,0.02760786513276714,0.051074819773367953,0.13466841862019024,0.004335713590355355,0.0003449205942330781,0.017441531304137618
SAMPLE_03392,0.9999442122077946,0.006329297763366262,0.004407967449125725,0.010728136200927395,0.015362761450991252,0.0014697790389881066,0.00027918676073424676,0.012664428613519213
SAMPLE_03393,0.9999263127542694,0.034144482517947126,0.08311006784643232,0.037062654553268515,0.044897107681826955,0.031196402622455155,0.002707054505153998,0.021034833987534206
SAMPLE_03394,0.99995224536208,0.014401652414724114,0.008784337100968018,0.04456166949408513,0.03447483238143419,0.0019778554078835366,0.00048216745080556685,0.01805505536469085
SAMPLE_03395,0.9999513093769942,0.005897668185230475,0.011178979749436522,0.030610696148796922,0.220563388432317,0.0007381377065665269,0.00042674191898034046,0.012301784659424322
SAMPLE_03396,0.5840433265537653,0.005626197973544782,0.0013072924900814846,0.029235902846784446,0.030190582969444723,0.00010989351565474942,1.0,0.040053561659333034
SAMPLE_03397,0.9812608628911054,0.15268653503570118,0.030493942871642078,0.9900690842204982,0.19627990056479128,0.0003289845269832909,0.00023251835779449203,0.2045898765984308
SAMPLE_03398,0.6546340911927786,0.03420820446504188,0.05334016864509465,0.9966017325471158,0.5376678093086722,0.0010193303040742685,0.00023828333221010819,0.4131963922556464
SAMPLE_03399,0.6532608003981364,0.23744487909099155,0.0009173702519271552,0.029059638155167277,0.48096105063515415,0.00040176233752498697,1.0,0.5574029628263086
SAMPLE_03400,0.9999518729450882,0.012370123261510215,0.009170715496266389,0.03980214891285782,0.04166285818054635,0.0006381709372130604,0.0003475337602963383,0.010559394540277895
SAMPLE_03401,0.9999457502584944,0.028181888646738845,0.008556942625202846,0.011753482632887615,0.017252229881383075,0.004909092559252095,0.0007845575587695268,0.010927891255912592
SAMPLE_03402,0.41322592830888694,0.02410263971179733,0.0452618157161358,0.10564317541413341,0.484363776998173,0.00015309109093297133,1.0,0.35458351807898614
SAMPLE_03403,0.9999448596635506,0.024548521961447075,0.012289186143450554,0.21114601057971233,0.033787838079395935,0.005716535907793079,0.0003128057633360492,0.03374094172780921
SAMPLE_03404,0.9977717997523534,0.4905003840247387,0.19621806383888948,0.9956249638330317,0.5154124580452284,0.021011029735090843,0.0022961606178611644,0.3618333329715311
SAMPLE_03405,0.9914764132265217,0.37836164107051123,0.025129390673586403,0.9961361929894851,0.8007868943871419,0.0019171575219289708,0.0006667421908401469,0.22780225612678923
SAMPLE_03406,0.9999453536332586,0.007459215081993291,0.010499069574846937,0.009704282828338991,0.017634831355684832,0.0011366845649947524,0.0006647774998621409,0.011027362364918188
SAMPLE_03407,1.0,1.0,1.0,1.0,0.13599135312203509,1.0,0.9994077097658893,0.3540686606078519
SAMPLE_03408,0.9998713396408812,0.8132467230926927,0.03263792185688205,0.9935826600008297,0.04251307329028191,0.02388131797321285,0.0017055390447650014,0.03917552159191507
SAMPLE_03409,0.06503227448353176,0.020676667622462678,0.0024215768546683434,0.9895667506957315,0.3096121144290785,0.00010269864214658914,1.0,0.1706684241325823
SAMPLE_03410,1.0,1.0,1.0,1.0,0.24870723728318606,1.0,0.9994946509492799,0.3416305438514756
SAMPLE_03411,0.9999377638987832,0.25607534363228834,0.21801589736098087,0.22240186571091014,0.024849641976379785,0.22252033620193828,0.0022399799181847457,0.023995857956552857
SAMPLE_03412,0.9998626450641167,0.05070491744464891,0.0044203107544658485,0.01585877794267326,0.027417592870769704,0.010474328719530615,0.0012121252531837462,0.0212917427404438
SAMPLE_03413,0.999928864398387,0.027637233972167236,0.0042511840971206725,0.2872650862562315,0.013335745091967045,0.0033185605800009088,0.00041273542738806104,0.006537484643713322
SAMPLE_03414,0.02714572897609311,0.008223168638269922,0.05952642714157068,0.337257898920861,0.5487792224161325,0.00011456050334268132,1.0,0.44566149797322474
SAMPLE_03415,0.9999447450189283,0.006024109290062814,0.020214786813011646,0.010171399012577837,0.0165595737437632,0.0069361470135335225,0.00047215698411377473,0.008458641808761883
SAMPLE_03416,0.9999153906004986,0.16256096139834586,0.02288491472127526,0.998399720391918,0.1822977127175708,0.022955620263227318,0.0019986007043971896,0.029672692824021824
SAMPLE_03417,0.1701733552038181,0.0032979719524169294,0.0013618964000030602,0.004274853166356454,0.036434759404817905,0.0001579340687794238,1.0,0.0326726561903494
SAMPLE_03418,0.9999300165651542,0.015681073119304036,0.024767522765029158,0.5844650646541495,0.017328791208326647,0.004464725475515418,0.0008163130796946617,0.009686098243252164
SAMPLE_03419,0.9999451581667032,0.20201568754821958,0.03412932488724655,0.040275981039182604,0.06455367671091639,0.010043476026813122,0.000595309040276845,0.03512181093459133
SAMPLE_03420,0.9998274175374486,0.2593233009186884,0.5560314637824271,0.9981121169626721,0.550326582077988,0.006752228740579344,0.006043329294418292,0.49209283011320454
SAMPLE_03421,0.5158882209343513,0.012649213481624805,0.01750627622145454,0.04213134089706961,0.4793135772090388,0.00016709477001285834,0.00011033333207019343,0.4617139178948574
SAMPLE_03422,0.9999139283638208,0.24292468389877953,0.36886309672677353,0.02228989900993667,0.13892531667585298,0.002328737137572992,0.0008033735390936801,0.20307212150585802
SAMPLE_03423,0.4216076903640171,0.020943644312109835,0.06398345767569592,0.033209294377018785,0.26026683395897765,0.0005243608145122305,0.00024191676741444398,0.22256969434156115
SAMPLE_03424,0.8348944884997458,0.027204451412389676,0.053096450497835276,0.9972353616615657,0.4051159330057582,0.009152503989386447,0.00025738505787744335,0.13728136587803816
SAMPLE_03425,0.999902594249512,0.30536329732131695,0.013353273599830628,0.9375336196062325,0.3255337852172101,0.17608815406611775,0.004375332294257543,0.04884987183675175
SAMPLE_03426,0.9998828226666147,0.2722581179328219,0.025325062167621447,0.9982960867971382,0.41645785772424304,0.026327723953660377,0.001386913492470498,0.2515423954563164
SAMPLE_03427,0.9999428945675678,0.2651851994780777,0.010608660794759871,0.12930775493479743,0.12107812119330727,0.0011367058606038766,0.0008690425187818023,0.019837661685154214
SAMPLE_03428,0.8512109012783728,0.2862059535320286,0.01840055678831292,0.999152954200016,0.17225894861325072,0.00014100376481519322,8.431909481631673e-05,0.0566037094705793
SAMPLE_03429,0.18071912890436498,0.006751723871177545,0.22022713677914418,0.032697060535067525,0.19603403799226354,0.00012533125001566478,1.0,0.19704898535268467
SAMPLE_03430,0.9999270312554271,0.02998469705652133,0.011623969587385135,0.9646912278977503,0.13517126887725797,0.0035270402033753673,0.0006179937354595621,0.032335938938814646
SAMPLE_03431,0.9998902769413531,0.00998764017138426,0.12123756796111544,0.2766870748018378,0.023432893836010764,0.004768469308304773,0.0009883086974191455,0.01571510273527047
SAMPLE_03432,0.990599437318763,0.16232389890309729,0.4906427566630855,0.9987797902735546,0.9629807642321572,0.006779113501079971,0.00027546729281641434,0.5475735467019196
SAMPLE_03433,0.24645673865998194,0.010966899360929877,0.0035594205147716816,0.03630810792779232,0.034507885310387884,0.0023075291577806835,1.0,0.028358926358474666
SAMPLE_03434,0.9999505019011024,0.03765250702935886,0.023722160977289936,0.26744687505864495,0.13050826078248706,0.02458423220567345,0.0005234215295991042,0.01931171427958178
SAMPLE_03435,0.9999507067000891,0.022176918670819883,0.011779760204526379,0.030107104066987984,0.00584232463156346,0.0007754503825594149,0.0006273244021053837,0.00471066262662144
SAMPLE_03436,0.9999505494480125,0.030395300896996665,0.02589258497012036,0.17315921634653095,0.014887036710530164,0.00207265093349802,0.00025410755887638576,0.01775657677720315
SAMPLE_03437,0.9999523097772404,0.006048864683312258,0.009516300576027547,0.018944722096642483,0.029746591902953423,0.000495563289541167,0.0001686075988109196,0.011095968372949211
SAMPLE_03438,0.7426648263727172,0.017115945189806202,0.011440640135934873,0.01045078531807531,0.5969810942442433,0.00042994462138903986,0.0003329052899080097,0.4841939666406311
SAMPLE_03439,0.9999356334103592,0.016304189081663204,0.010561597156401916,0.021213609890617068,0.006071017175523161,0.005005544987013805,0.000558501630367507,0.005260305317387791
SAMPLE_03440,0.9966020560339783,0.05130954568986963,0.02288128277627667,0.9829650906375346,0.9788668372098286,0.0005407082650464472,0.00020400615416416495,0.49287743664360056
SAMPLE_03441,0.9950253603988216,0.021976753989522136,0.012227496889633383,0.9936009164633323,0.4434313819025123,0.00019910813458707904,0.0003530723276653153,0.2774067650059887
SAMPLE_03442,0.9999491174443984,0.04244443786941805,0.006004145146020443,0.2617890111278224,0.005912661156957172,0.0011842303350297293,0.0010659717451918873,0.0032293589020679922
SAMPLE_03443,0.9999450589723964,0.22007389654798085,0.015501380238620016,0.02347519212070332,0.453603800264302,0.004169369478416881,0.00027678054079671954,0.06234983178893464
SAMPLE_03444,0.5544018734062502,0.01042789926020595,0.0014999090087809187,0.9880692092738025,0.06172521198727236,0.0001100171209009256,1.0,0.05099675277137572
SAMPLE_03445,0.9999348626610315,0.02645218902763733,0.005877995519249205,0.9888877974504465,0.029476416985095476,0.0385115954796236,0.0011907925109970216,0.013651304233125505
SAMPLE_03446,0.9998614035001377,0.015957329199560232,0.0075308213216385336,0.5975565433144879,0.39624749041659674,0.002448200284222564,0.0003414354638840546,0.4932650351267095
SAMPLE_03447,0.9959361024848683,0.03890639784819797,0.0651300700005614,0.9702253693143079,0.6154097584080013,0.0004624196055792179,0.00012791211409785718,0.25097735623991363
SAMPLE_03448,0.999933444175829,0.5267790801317054,0.009201636786335796,0.527055785100008,0.03083278474449842,0.01504006234817985,0.002496896358772872,0.012991392005278341
SAMPLE_03449,0.9803932662874661,0.020012864521125297,0.0070391266016958,0.9900030428483501,0.008207726360284518,0.0024006926447850906,0.00014103239840511012,0.009160295690042806
SAMPLE_03450,0.6262727292821977,0.07960712979183363,0.010714717383835119,0.401013172266821,0.00490613442644538,0.00052964717812169,0.0002145746676881239,0.013170943708252841
SAMPLE_03451,0.24443300585708289,0.008809809795354454,0.3225344279692749,0.7493805623793707,0.9686280373655674,0.0005639424444401157,1.0,0.96449570405018
SAMPLE_03452,0.9939323387241522,0.1894020746594029,0.013960590376631207,0.9952661597929258,0.2793480739240103,0.0004282027587793378,0.00012325697758032138,0.02230242066731257
SAMPLE_03453,0.7876362975527733,0.00790710227026005,0.013643069770574306,0.15558026607036518,0.2934726756785967,0.00012462629170664974,1.0,0.13423179591885023
SAMPLE_03454,0.9998797317405748,0.015700893902684674,0.009236704618371986,0.01771566285641151,0.2256442777242981,0.0003420002950664883,0.00032619881230107263,0.03786728385698475
SAMPLE_03455,0.9999399931525457,0.01510561351733756,0.011110530677251203,0.022063941866302676,0.0481685051056792,0.007662966262018872,0.0006805001493087652,0.014416286324174788
SAMPLE_03456,0.999952230474582,0.008502639140443784,0.007667979719766971,0.01045155204343802,0.03919528887110133,0.0009692403403506525,0.00016792343281901058,0.021556545216891113
SAMPLE_03457,0.9868499829666524,0.9708830857258514,0.34956975097774146,0.9966596844502071,0.9740537537411325,0.014331016404192034,0.00019402831170314952,0.7600911201582792
SAMPLE_03458,0.9963532361185903,0.5484329133082286,0.4283252891570511,0.9988977537520318,0.9625652052636748,0.0034517551223110605,0.0005597244842521576,0.03468849149967877
SAMPLE_03459,0.9999406948932267,0.29063189061478706,0.010192180336085653,0.1718848878656291,0.025459557321294513,0.009405015370729212,0.0025330159860336692,0.031799654188001264
SAMPLE_03460,0.9999466019621431,0.4673845497572235,0.1828995372503029,0.32214578232009283,0.20694320471640348,0.013915061489982908,0.0008621017523536383,0.04000015055691025
SAMPLE_03461,0.9855062763045416,0.3489432739981644,0.028060154017889704,0.9914076031420013,0.623141244108473,0.0013445201930690602,0.00013592483363681872,0.17061821478064432
SAMPLE_03462,0.9927230656637708,0.23521895734830442,0.0207040144100268,0.9993845692935958,0.03267343788110154,0.0020714994434001496,0.00014773901089226425,0.038167160133352716
SAMPLE_03463,1.0,1.0,1.0,1.0,0.19356095949294083,1.0,0.9994810425250945,0.35088043604156416
SAMPLE_03464,0.9999519288886594,0.200698470190909,0.0022666643909355364,0.014056375405109432,0.0076344556699094995,0.0005754715523706458,0.00033592999076687404,0.004996587638821679
SAMPLE_03465,0.999894601280906,0.015653900242266316,0.007096914682841932,0.03910433110813634,0.2868911748673315,0.0033597685842818173,0.0003174364581392202,0.261112508603142
SAMPLE_03466,0.7371233408610428,0.02028325008682612,0.12747091460463317,0.026576947758753293,0.5313091829620643,0.00010373606241961881,1.0,0.38126229025088754
SAMPLE_03467,0.9732064416977249,0.025027016776686756,0.746098813948399,0.9993337689337579,0.6012275973999691,0.0007225023398847966,0.0011049869406691815,0.4326340466510623
SAMPLE_03468,0.7666882148427675,0.2017537669530951,0.009773061107357865,0.2241286214342626,0.2188592318421838,0.0001991359363173021,8.529463870421029e-05,0.18219085817271533
SAMPLE_03469,0.9999432551369724,0.012415659104216503,0.007213547738780709,0.022937493054942148,0.05589854773215108,0.0020926192329948474,0.00137620836467497,0.01049166232972492
SAMPLE_03470,0.999954177000012,0.01982589459815346,0.009591598958228848,0.017128908736588226,0.03344973301454942,0.005235397917067927,0.0003296168801686361,0.03226876726022785
SAMPLE_03471,0.6442253737386793,0.026341381260105434,0.15806150538745178,0.05330160861725636,0.5313841669528258,0.00012223757890728035,1.0,0.47945040728309946
SAMPLE_03472,0.9999462674848527,0.04925077555658246,0.005883360439866315,0.2914285011564635,0.012219236960073893,0.0012790076099514736,0.0003458016111822497,0.00562528776716519
SAMPLE_03473,0.768971506902308,0.07577653582566532,0.02950702607550069,0.9931736480268247,0.978125996453165,9.417267660465344e-05,1.0,0.9722863389294195
SAMPLE_03474,0.999938350194534,0.1949963973411484,0.014528942683428839,0.01987350225946476,0.008722591196219468,0.005692944326324295,0.0005107870430673454,0.010240781783331678
SAMPLE_03475,0.9790527852684182,0.1678365626447152,0.01813093290442883,0.9783610206794039,0.0634941524040289,0.0004022553503502551,0.00010222820904504902,0.03695175235604728
SAMPLE_03476,0.9999415234652116,0.01875648373374762,0.0024582841447403393,0.010337974902653351,0.013053810645167325,0.004626073421055197,0.0004881402308622428,0.012063472871222992
SAMPLE_03477,0.9969101630632569,0.017071900479028623,0.02362796258131298,0.9946346275358262,0.5001733668273378,0.0003488489607684078,0.00027299581342089704,0.3407903701619418
SAMPLE_03478,0.9999339612693025,0.016519437791818838,0.03258893668681386,0.020529531203289562,0.057700671550795855,0.08293447656857998,0.00047756328776714504,0.043248194249536
SAMPLE_03479,0.9999552079571691,0.6100453154275478,0.03526763319771565,0.997076171799421,0.3708397591414221,0.005107444134447188,0.0002488850243911225,0.2933905937787689
SAMPLE_03480,0.9999464173805196,0.01616795658536873,0.015439013896470516,0.17775274538088992,0.4306794947681885,0.0014589158577208278,0.00017816293406525645,0.15053241627900005
SAMPLE_03481,0.9999437208620165,0.021245209936796,0.00884691309553133,0.27543973544988554,0.020500396526424044,0.0027012369513320757,0.0006896353419200885,0.008624192930242832
SAMPLE_03482,0.8359116081673579,0.01236340272400845,0.018448313219876205,0.021792283185723255,0.41150524609396066,0.0007772662675530829,0.00014708832273541245,0.3499053658316121
SAMPLE_03483,0.9999490555449266,0.012895854890529277,0.012588580438714117,0.0381359359306821,0.06124257108566326,0.01599976464999633,0.00028085609237923795,0.06386768321133865
SAMPLE_03484,0.9999033407887475,0.47946899717271024,0.34425179681232027,0.9803779756369208,0.46820056651342573,0.045095954605392265,0.0017246059105955232,0.4963411318253585
SAMPLE_03485,0.6498882376735179,0.018047735952208772,0.010602501048261208,0.5176754997748031,0.37735192106946525,0.00012182970587677163,8.193296012951731e-05,0.18641828010869518
SAMPLE_03486,0.4284248971765754,0.017920461961240648,0.0018574264502077258,0.01335865758054218,0.6187448384436589,0.00012241411013239365,1.0,0.6393742579442085
SAMPLE_03487,0.9998772998719015,0.013596477231890596,0.012265052788499894,0.010503918189729783,0.01138307330267139,0.0077731693220093375,0.024121494231655098,0.013688571469455754
SAMPLE_03488,0.9905747528743131,0.01930206810103654,0.019667503401787995,0.9910658086807234,0.5782835944666385,0.00029680449532645413,0.00012245408630996095,0.050105683879758646
SAMPLE_03489,0.9900254270358678,0.04670443548148893,0.016595159368506484,0.9978477200772646,0.045018612088267976,0.000612750711581821,0.00017149614235037778,0.029519255399443854
SAMPLE_03490,0.6351995681592887,0.004692666901146577,0.0033504460208395883,0.009091656365104703,0.2833195048241683,0.0002261777213169172,1.0,0.2424967052266677
SAMPLE_03491,0.9999405714269616,0.2906119401908397,0.024642867940978447,0.9879331801730359,0.2360555119848748,0.012362525546566281,0.0006506454364357362,0.18813778572052026
SAMPLE_03492,0.9998426847071281,0.01593139260396801,0.021630769758266836,0.6452732684237654,0.12132252232636635,0.0028795185720501054,0.0007628266369722575,0.03270782169865828
SAMPLE_03493,0.999945704667058,0.019598971224101116,0.3738166955352769,0.11375255368473873,0.4773062935725892,0.014766630679244797,0.0004059454898822942,0.3897774011431407
SAMPLE_03494,0.7786065703144202,0.02211808627307178,0.003779131231693044,0.7974614779283621,0.3890703265262757,0.00029729253144656785,1.0,0.4113998486655744
SAMPLE_03495,0.9999499446929556,0.028722131252848133,0.01447807622374686,0.017020235155930635,0.028763984204641567,0.0032495644207943923,0.0008122298752384147,0.01503354418275871
SAMPLE_03496,0.9999404245693174,0.03444732989165396,0.010780322196642772,0.23226460506141838,0.022016827252781614,0.0032230981476164488,0.00029523275940769096,0.021477339737652184
SAMPLE_03497,0.9998046720646515,0.31882891592777485,0.513054305969194,0.9312507732102817,0.26069491983164456,0.10864247854461691,0.0028015814163247564,0.16892337475609445
SAMPLE_03498,0.015349998596387701,0.010556819291145738,0.0011949904604585267,0.032158739164350546,0.1757691142446925,0.00011406424643846309,1.0,0.3919197294509807
SAMPLE_03499,0.9999414790682891,0.2007625891612305,0.01845823702690378,0.9990282748831578,0.19902315440043566,0.004994112413447096,0.0007219885992238364,0.028501552582196655
SAMPLE_03500,0.9999446994753745,0.011532313844430826,0.016156946562178736,0.17693878364596222,0.2120800247206783,0.0013707407541008114,0.0004946252060267901,0.014847864986662695
SAMPLE_03501,0.9891792292306768,0.18549070131306727,0.005416252581031863,0.9987592215168354,0.31826182600816855,0.0001122336029950301,9.933330544921932e-05,0.1591475429996403
SAMPLE_03502,0.9999423819585239,0.0500673648575796,0.05178171682852267,0.01210988689982403,0.08054229432131987,0.013648871524189587,0.019979123833963372,0.15660040801146025
SAMPLE_03503,0.9999510818209073,0.009961866685559375,0.02316813648599686,0.0433468147529462,0.019469388190777245,0.0021545163534508545,0.0006276601874209098,0.010335043826824798
SAMPLE_03504,0.9846814477168649,0.24959212549031307,0.03640612764050813,0.998664716335529,0.26370208072918866,0.0010359110954428648,9.917859257279397e-05,0.11088128214163176
SAMPLE_03505,0.9999321485215813,0.030134968475446423,0.04710462657981692,0.35817900465442387,0.23281591636543716,0.01562593606486127,0.002216514464779307,0.03571408058514176
SAMPLE_03506,0.6763915314988065,0.003923340078689582,0.017488810187491002,0.3445561149594159,0.04233091111381502,0.00015189366132213025,1.0,0.034165087379746974
SAMPLE_03507,0.3084454927904309,0.006705071055123299,0.0015068030658780202,0.008031099676985823,0.35213332229696975,0.0001945080603187194,1.0,0.2112834739982791
SAMPLE_03508,0.9999462171947566,0.011100635037932164,0.018598640708610586,0.17066412669044442,0.08653244290959741,0.004919557060828273,0.0010514058052386592,0.02469513706967228
SAMPLE_03509,0.9999439283449103,0.01291321782994724,0.015704368367724438,0.014255865627410307,0.04583711048946716,0.004055329919091813,0.0003932860599405812,0.025933778108898443
SAMPLE_03510,0.7209530561340565,0.009198347285836742,0.005978794125897574,0.5074557775587639,0.4458453837666168,0.00012571240814152897,1.0,0.25159007671695266
SAMPLE_03511,0.999930352876669,0.11038234728777549,0.0036142350958368354,0.30245175376325245,0.01295262510870827,0.0028548065358851285,0.0002948081692719023,0.005302049778550497
SAMPLE_03512,0.9967648657650209,0.4804788328186129,0.030784605181383103,0.9989968731373706,0.09463244007257682,0.0004445465049767171,0.0010501582458914722,0.18839905462999457
SAMPLE_03513,0.9997174272398051,0.031623465768012345,0.3481432041795057,0.9991268951647155,0.4153311924901417,0.010533894118384516,0.0015451551678849539,0.04051151164018697
SAMPLE_03514,0.9999458996061547,0.016206018292903503,0.016348463118201605,0.015822242218847562,0.13381230330472377,0.0010491920992735904,0.0006975408472105983,0.030266210870761766
SAMPLE_03515,0.989084239159394,0.03780571774516062,0.2462530797702831,0.9956486905380943,0.39262486351901243,0.00012994532691902347,9.387468928642557e-05,0.3044940309608093
SAMPLE_03516,0.9999480732851357,0.22119710893002043,0.3262012673660045,0.34144005493006163,0.7420667017124225,0.011953586179268186,0.0008493747581990324,0.6061147823194025
SAMPLE_03517,0.013731336510012534,0.005540567617469727,0.002814041089177057,0.03583474183414757,0.017306367377650088,0.00018968241611123067,1.0,0.013070027985964136
SAMPLE_03518,0.24966378726718794,0.022529515971967704,0.000883729189076253,0.20650098914007708,0.030224713524844987,0.00029648495502241766,1.0,0.02923014539528827
SAMPLE_03519,0.9999052661156067,0.01669621403399719,0.011041860394767788,0.9918048654521975,0.4296854021212967,0.01024530965897236,0.0008180850122996772,0.31151751662562066
SAMPLE_03520,0.9968704949369979,0.5120668625627351,0.04366147544343581,0.9967055439446426,0.38115343588448786,0.0035776261509361065,0.00044915094987119976,0.30823568811541363
SAMPLE_03521,0.9999473026180246,0.012028178434433915,0.01901490352623094,0.039331344860361675,0.01581807552722158,0.00416228946646094,0.0005132360608248901,0.014154606612187415
SAMPLE_03522,0.8050812431458617,0.004205225036450066,0.0026438052821434457,0.01896979165834811,0.03506288669682116,0.00014590131331832255,1.0,0.036319219931416055
SAMPLE_03523,0.9999104952428279,0.7814129710961009,0.9881694813133839,0.9990715280377515,0.9628838009883903,0.21397916615646725,0.003070523597238517,0.957816784963842
SAMPLE_03524,0.9999461602648478,0.6526354502285944,0.0035637086886768214,0.47312440104314446,0.01783035416494212,0.0003809502674170756,0.0004353811740420198,0.0060172652861854746
SAMPLE_03525,0.9999077498634465,0.63324139274897,0.41541094727681854,0.9964379052433309,0.45020811278750716,0.111026106893757,0.008998403021789076,0.039646725078480674
SAMPLE_03526,0.5404966567064022,0.013947423376688136,0.003156519315799574,0.9943497693568253,0.029801995481747823,0.00014734969840516835,1.0,0.02534482028552814
SAMPLE_03527,0.999946345002183,0.4073816431250924,0.03687612202619518,0.280968980479151,0.205090702724622,0.0033736957533982543,0.00029296658596197195,0.04212629789050196
SAMPLE_03528,0.99983629680848,0.22988783540577334,0.016769988335899728,0.9938534641569845,0.0576080291827637,0.01400860246019039,0.000519762203879142,0.047664766272698056
SAMPLE_03529,0.9783555684408904,0.06386584994254743,0.04276786421660354,0.993902853981713,0.7644154138772609,0.0007304896903268509,1.0,0.6530833033460226
SAMPLE_03530,0.9999334527938082,0.014120900516243507,0.010609989248855927,0.010461069445048309,0.1112317409069327,0.0008953432663949378,0.0004383138062035271,0.2063145055282046
SAMPLE_03531,0.9999517984756086,0.17714753223663432,0.2283680161184029,0.030712430257873614,0.2318652649848513,0.010759120502159589,0.0005257033817881844,0.2498454168089712
SAMPLE_03532,0.999920916514146,0.27286221893249907,0.031226199847759283,0.9954651261214329,0.2045495496572364,0.006952365184140679,0.0008365853016747886,0.09023766401617325
SAMPLE_03533,0.9998739252810716,0.17304703142563013,0.3936131829998152,0.9730393832095355,0.3091285116343528,0.07257123368908931,0.0008378398344903784,0.18242944806182668
SAMPLE_03534,0.4868177294093248,0.025270765608010354,0.04040664437904916,0.9853529112219718,0.4256545439158651,0.0001950367038622958,1.0,0.40505815983920695
SAMPLE_03535,0.36992662457677944,0.005987718510540443,0.0005902252663727537,0.003735215081158048,0.04072446293409564,0.0001432431303773769,1.0,0.03396525516615012
SAMPLE_03536,0.9869419524745151,0.03110561653789324,0.009318235779930944,0.9962057794808414,0.3756399471891386,0.00035634031340835853,0.0003133395250202194,0.30803476244500283
SAMPLE_03537,0.9999077542165568,0.4691987556642241,0.07803382159100768,0.9977053407585246,0.30314313423612843,0.04388756703234263,0.006103729026495671,0.038848755251528665
SAMPLE_03538,0.6968368731883116,0.027489375627376612,0.01170390700779694,0.6599480247768466,0.4174033551807602,0.00011658182699350996,0.00016060130989344623,0.2254269588512015
SAMPLE_03539,0.9870024270024695,0.38039519155519896,0.02409312866409916,0.9989080692533039,0.03850368373515964,0.000154826406092272,9.1989405800869e-05,0.04370349063853442
SAMPLE_03540,1.0,1.0,1.0,1.0,0.12757652929148863,1.0,0.9993090963350818,0.28089838091676606
SAMPLE_03541,0.9999422585241134,0.2674130430990771,0.2744403132861008,0.572612187192085,0.05236831728282339,0.04088585449478415,0.01082105521449048,0.17946811774845084
SAMPLE_03542,0.9999191820940034,0.567222889394239,0.49921295020304024,0.9857756892589746,0.303148371688731,0.006157182991686645,0.0013474925879178605,0.26538364040172685
SAMPLE_03543,0.9999422407756537,0.04196078043850725,0.015897211165791007,0.22657674093695115,0.051310816649648185,0.003730586696726127,0.0009731237941596526,0.030946981808688507
SAMPLE_03544,0.3975538332354144,0.005113362434871737,0.006304357629122323,0.01903913701107138,0.12277081931436942,0.00011776109095173906,1.0,0.028884300645975282
SAMPLE_03545,0.9999507645628298,0.014682181999620177,0.012398083125424524,0.033237866800290804,0.2963035175642396,0.002370809571109305,0.0007944589913557027,0.04369549954693363
SAMPLE_03546,0.999936242187907,0.012955062278051774,0.014401525683679927,0.01262762804303644,0.0188487084098094,0.012546292060436818,0.0005600688517952226,0.01757092623607434
SAMPLE_03547,0.7295083415594091,0.39327018513749,0.08106518798848332,0.9965967006283734,0.027014811512712882,0.13115845198770718,1.0,0.0427683357026174
SAMPLE_03548,0.999896065092169,0.011714700357541163,0.0035775144886182582,0.007376492198786893,0.032323676407241604,0.0007255099805108152,0.0002730208513785751,0.011703881520067037
SAMPLE_03549,0.9997058722086299,0.162676507189302,0.006184523876593339,0.010440839202794587,0.0261514627934334,0.017903401782176896,0.0006866302472206143,0.017443245520733876
SAMPLE_03550,0.9999452809889761,0.16837565731728893,0.0037962800010104734,0.03413809981972978,0.02796330570925356,0.0020293187658157507,0.00034413977007667987,0.01580736132039221
SAMPLE_03551,0.35304722562888224,0.002416048732726505,0.21898684332079227,0.016816937192664205,0.3133494285276117,0.00024894255129986436,1.0,0.3866178254668563
SAMPLE_03552,0.9999433063304416,0.010266909065112606,0.00904699834414307,0.024284080248970004,0.018925461843644353,0.0034439249228663815,0.0005930104870920884,0.012892564136646694
SAMPLE_03553,0.9999469874769515,0.04399294543298112,0.013776920945593057,0.027010482116115286,0.04159497442750976,0.018417758190110246,0.00036780691204703765,0.028689981197073534
SAMPLE_03554,0.9997491485150041,0.025221973192109632,0.004436875877022727,0.011008905426371816,0.015197971912700942,0.002835255275057781,0.0007389494346161018,0.012955919403832014
SAMPLE_03555,0.8610504905293215,0.016320469392729138,0.004579487276630391,0.23045430527912397,0.007365883692256547,0.0003412373616570524,0.00017636385075311796,0.01136298444865671
SAMPLE_03556,0.9999237848827571,0.022805023922264057,0.016685825020445046,0.197188265973005,0.018017067478556408,0.03150496012933929,0.0011183273051188919,0.015035475317485147
SAMPLE_03557,0.9999351356694467,0.5714187773570664,0.1438043674166407,0.9978727392289908,0.4100305424396204,0.07461501594647726,0.0014189993416946097,0.2915088679383076
SAMPLE_03558,0.9999491826189674,0.00939973645692043,0.0070789935828296955,0.023944504968813556,0.02128173086353302,0.008238635289845968,0.0005097439808467827,0.008663898794406067
SAMPLE_03559,0.9999496806454145,0.010191604482515704,0.035683486285710685,0.014812765103036423,0.0336765741215713,0.0033766023944193126,0.0003060473036917863,0.0274877163554699
SAMPLE_03560,0.49203136305361744,0.011755490273256822,0.011336466538927687,0.9896591153388492,0.07400977822355316,0.0015110643731704948,0.00016081151548602985,0.037724438556174286
SAMPLE_03561,0.1724721359377963,0.01611187231163052,0.06142872266623796,0.023796656075995782,0.046160673017770826,0.0001196373113429548,1.0,0.03050049557491414
SAMPLE_03562,0.9999059850342125,0.014306199483791224,0.009026965303596821,0.01908639545715947,0.0723308616967174,0.0007401930522594933,0.00030056388308975936,0.021531193819344797
SAMPLE_03563,0.9942812208977994,0.4301711810738702,0.14070929043282168,0.9981835863621832,0.6048208290950077,0.00021367468366871692,0.0001941465347198819,0.23496380933917865
SAMPLE_03564,0.985963302210392,0.21484744250081023,0.005469585736693703,0.9973356635652859,0.2205791814314791,0.00040325362849222236,9.462355308919973e-05,0.043226600628010835
SAMPLE_03565,0.9999536196900157,0.0335881551474579,0.03320344638922708,0.02761235801413726,0.014731781371059816,0.025154155804089286,0.0029696124534958623,0.014612638905717124
SAMPLE_03566,0.9999490784270417,0.6252306288200901,0.00420932856662216,0.9784113367155209,0.003987240836710129,0.007142158502445807,0.0007722337196209965,0.005706563924394616
SAMPLE_03567,0.9726916695006562,0.2324310600100367,0.14870503841313362,0.9936740044002695,0.4354555005600975,0.0004554879010915594,0.00032699635401567254,0.5486256791903174
SAMPLE_03568,0.21505768805249786,0.01995429796966335,0.013854158404220034,0.3182369389143339,0.28661616790543165,0.00010602016919534617,1.0,0.060510799110741184
SAMPLE_03569,0.9999478530398603,0.00956964043621766,0.01123395422498776,0.011865525619419257,0.022044378022068014,0.0013164334354994005,0.0004529603874452202,0.019284213357190456
SAMPLE_03570,0.9999512325218574,0.11395690914051242,0.3161740920650319,0.18324844562224601,0.6661221581934266,0.007556862502473468,0.00030805330431816434,0.5986273083533142
SAMPLE_03571,0.9999412142610712,0.13013834881427572,0.0580447249937804,0.9883827950092094,0.18224813047027594,0.002191514115030186,0.0006623446998017952,0.015655630533391994
SAMPLE_03572,0.9999439592484292,0.4732375792472946,0.2461801611289595,0.6932466550406511,0.11815726463340895,0.1469468961818599,0.0011815115595268674,0.18525411561302169
SAMPLE_03573,0.9997464183531515,0.026588666848154467,0.017418723667516144,0.998836937991021,0.35623475938413496,0.16613866628593862,0.002497319833566191,0.04033517042219434
SAMPLE_03574,0.020011500496407163,0.017324560150119104,0.0005891676246560562,0.006258270417987195,0.015899071546652592,0.0001499322049359126,1.0,0.01894293890101601
SAMPLE_03575,0.8184435798923886,0.00939789214409266,0.013367428614342796,0.011004905109814606,0.3214597483407645,0.00012653002368817194,1.0,0.369288120724962
SAMPLE_03576,1.0,1.0,1.0,1.0,0.8264215546544531,1.0,0.999564885039128,0.8651870517038678
SAMPLE_03577,0.9999407333047466,0.011419226419611015,0.009224787834658774,0.1506973297238491,0.16424931690435354,0.004248516934307462,0.0005384338060849326,0.03372117362284545
SAMPLE_03578,0.9999446688352082,0.03200796216392389,0.011510115888322608,0.1358067429095256,0.009258612925775445,0.020352804572724027,0.000930296910874624,0.013801846147320652
SAMPLE_03579,0.9999485533168814,0.011939748350816997,0.014180872789702917,0.023415484866097323,0.05953551083208593,0.0016313484808290941,0.0007422797945835134,0.01782790523277753
SAMPLE_03580,0.310804207324809,0.011693882000725842,0.0027457879782749697,0.9956927696467008,0.04309986160516582,0.00010027641362512654,1.0,0.050312631211984926
SAMPLE_03581,0.6151320039269843,0.02128675981105862,0.006488682143253539,0.9976291385046803,0.4944730231616667,0.00014930813037844834,1.0,0.4771090555144458
SAMPLE_03582,0.9968878908354688,0.2550344055850081,0.016217496061201632,0.9970950473534215,0.8840110325649082,0.004446269435980985,0.00041780254520926727,0.5825097008036886
SAMPLE_03583,0.9999329244840502,0.023098268211614124,0.06430143194631836,0.1115176800816375,0.33370352723596325,0.1639783142232351,0.0018047943697904844,0.3046340851522764
SAMPLE_03584,0.8161342660060573,0.023543600500089207,0.006746710557395984,0.39733597587192443,0.0406301948677431,0.0005990708643377984,0.00017010280030711907,0.023952017255320125
SAMPLE_03585,0.9999483384748802,0.01938988522401287,0.014580460949213175,0.13963943849675511,0.02573890920605207,0.0017401446424309536,0.0006017113667883974,0.008187014885446958
SAMPLE_03586,0.9999483791019698,0.0038797221825069123,0.014470779388076773,0.010784400324231516,0.02057840748621477,0.00060606787275949,0.00031587805581236077,0.0052704414412329025
SAMPLE_03587,0.4998985275368266,0.01714996695813525,0.025312282606177204,0.4107264794272159,0.5691188573048418,0.0001305010240704821,1.0,0.46479527472548243
SAMPLE_03588,0.7518816476608886,0.010285119071441135,0.5354190087132585,0.8999341191005582,0.9745252485673236,0.00010560632344884136,1.0,0.9754301072308659
SAMPLE_03589,0.9936141753047985,0.03390882897485721,0.011774409793949711,0.998809725246554,0.5500404459785095,0.0004716873537430817,0.0001368841437150276,0.04496437016740378
SAMPLE_03590,0.39483741491326685,0.01602836966307631,0.0005490033493645464,0.012464889439556844,0.3563858661421913,0.000658558152783045,1.0,0.26980056753057724
SAMPLE_03591,0.984866589083914,0.024353019301743505,0.037821638650165246,0.9887394925992421,0.5225898496946121,0.00017562020624961318,0.00013063505589757412,0.40039950398530133
SAMPLE_03592,0.9999401805037355,0.13812434920052702,0.01260257320252289,0.9957679932559437,0.025786558889395923,0.021016186671735493,0.0012843444278383645,0.021807798380393463
SAMPLE_03593,0.9999262145430686,0.028462527283404242,0.0194896148818914,0.9575634885320848,0.1541454997844804,0.03453098281357865,0.00031984666231180077,0.046400354992547466
SAMPLE_03594,1.0,1.0,1.0,1.0,0.8596685216753988,1.0,0.9996709420765375,0.7872709504709349
SAMPLE_03595,0.5257132964607679,0.15062952095334767,0.007843385647977066,0.9958434651860701,0.719510824327461,0.00011417222455159241,1.0,0.5607391014580311
SAMPLE_03596,0.9999502789132608,0.026277106304388086,0.006882779662356323,0.03321584974905291,0.018790614142421884,0.0029546555527240363,0.0006336794387664615,0.006332314666411864
SAMPLE_03597,0.9948666522780971,0.17495372736079773,0.012709698275046064,0.9964584664364053,0.022184157727765323,0.00013129185793433982,0.00010964394056239783,0.027207916159234586
SAMPLE_03598,0.9999402024435533,0.03329561289665991,0.005116914816344853,0.018908732702939298,0.02555893014692389,0.0010897109481143787,0.0007520148993852946,0.0052270653732785265
SAMPLE_03599,0.7706607339258952,0.002576721254591863,0.043713686774364977,0.02575624688369017,0.5853319985022261,0.0002459897525202431,1.0,0.4841557866880777
SAMPLE_03600,0.9999386196429203,0.03810864438636778,0.06084565696160399,0.2153240115176696,0.2742494047889939,0.04154543400654909,0.0011656655029082268,0.39159252296697933
SAMPLE_03601,0.9788941269571347,0.23375003822161888,0.19753197458676863,0.9985415402213855,0.945486343084521,0.004298379563738765,0.00016392310963309176,0.2933313404618776
SAMPLE_03602,0.9977641538667161,0.015043663439576544,0.01077643177824308,0.9848314234686877,0.5883600031091519,0.0014633647452219423,0.00022826672375396412,0.5174238855261696
SAMPLE_03603,0.9999460658886827,0.02792216686460002,0.017770303770969404,0.11410277052476134,0.028255459831599307,0.004191433269320283,0.0005644454371879768,0.022859305889905077
SAMPLE_03604,1.0,1.0,1.0,1.0,0.636858027393715,1.0,0.9987973180609643,0.6395481405599849
SAMPLE_03605,0.9950059435895225,0.6450625101818231,0.32991078477882496,0.9987539733809863,0.2863260763158586,0.0006562873245986091,0.00010822316694251131,0.46287043071303663
SAMPLE_03606,0.7058927049528251,0.013401593858051824,0.00941449821704611,0.6807121343675832,0.37389803982587344,0.0001134255322272464,1.0,0.1339954839925736
SAMPLE_03607,0.9999504581947936,0.01586948265382757,0.0024608295785831505,0.01994518080356239,0.012689873168401228,0.000642716245369178,0.00025910895836684316,0.002099299314057852
SAMPLE_03608,0.7781880219354542,0.02467727309866003,0.0167449843460822,0.9919059392764072,0.17291615677743324,0.0008123667852745666,0.00010388271255191503,0.16682113140264307
SAMPLE_03609,0.9999329057261711,0.010562636319382281,0.0033601607918435374,0.02686703100149605,0.01880968284361285,0.0012635131001628296,0.0002702196264250032,0.008697404661740996
SAMPLE_03610,0.956753069331277,0.21476925424174861,0.0057362182399904975,0.9978002375575574,0.43481760125428925,0.00803917978597655,0.0006876547255569522,0.022642347829528574
SAMPLE_03611,0.9999525669345755,0.020030815118164326,0.01581871127137665,0.018508487719044932,0.019971793161619716,0.005154004406318129,0.000331316289555086,0.019725801520474352
SAMPLE_03612,0.9999458628471161,0.008932498183156706,0.0036695587815763738,0.015909495057586077,0.006809232918793556,0.0019488894174540029,0.00047671176100413487,0.005073646491259629
SAMPLE_03613,0.9998514588010936,0.2511054895179955,0.43132006553497426,0.2542986223970373,0.25032288347880205,0.04197109043478965,0.0025783438566865055,0.23043923061451438
SAMPLE_03614,0.9998455370629552,0.05279667132726089,0.28834598235239167,0.3244964953334191,0.1920466140319656,0.220033001205361,0.0030122719055050108,0.2879775515516305
SAMPLE_03615,0.999854949043835,0.03607297434904908,0.029180318759607388,0.7012259225597269,0.02784386100361246,0.01709645745910295,0.002226627401075252,0.02203961405147332
SAMPLE_03616,0.9999282311346083,0.44134896129576917,0.16526750490372094,0.1980870186208951,0.09294605574004908,0.18301477250908996,0.011774105539648635,0.03206617180307776
SAMPLE_03617,0.5004110430945284,0.023473696265733344,0.007824984864852422,0.9924503211495427,0.021691235129180232,0.00020466174164149195,0.0001269572249557447,0.013783681229344027
SAMPLE_03618,0.9703580165119945,0.16535257767746864,0.013080370576181726,0.9936066837980364,0.38223096730998024,0.00024401019698984942,7.487321317264463e-05,0.16292263989060266
SAMPLE_03619,0.9999437313254307,0.41028222179456675,0.5293479878808028,0.5367362037816499,0.7479870525659138,0.1338049365444875,0.0018072060183092046,0.5177816848034247
SAMPLE_03620,0.9999490602730414,0.02315435675369492,0.0053350290600619335,0.03362876360135169,0.018644642826689737,0.007198802125134939,0.0004580942974278879,0.012629899677752788
SAMPLE_03621,0.9998120475958354,0.17174755985818613,0.015283719342307373,0.9732019141185708,0.039895962867970536,0.009338567014257664,0.0005771406454613564,0.023305322442921952
SAMPLE_03622,0.3825862419016231,0.0031391221700943365,0.01645802721641614,0.01190180780295472,0.04367890069827708,0.00018560159485751722,1.0,0.033539030635238644
SAMPLE_03623,0.9997807733303938,0.3240907406982475,0.009430403961848449,0.9959004437743969,0.03405300694933131,0.016243631913837896,0.0008070843764783576,0.013419430280394495
SAMPLE_03624,0.9800164647578636,0.1371691418163237,0.03290705438281652,0.9888307850574899,0.6605365265688955,8.27692154890264e-05,9.255844449436471e-05,0.22826341589372187
SAMPLE_03625,0.9793182143744478,0.29334593049430413,0.5620324597676034,0.9978993146412038,0.7654672733095982,0.0012972291716160623,1.0,0.7002518864241407
SAMPLE_03626,0.9999260733698183,0.041691260994320425,0.030571190317112352,0.5852734358051969,0.1440607086566908,0.014883595290129822,0.0006765857323759057,0.03367166636756546
SAMPLE_03627,0.9999371898058571,0.5324842578945728,0.014366167936121022,0.9970472586610135,0.07533888014326785,0.0006563329586635527,0.00024161241230666298,0.027940549471647362
SAMPLE_03628,0.999727486413519,0.7824044261344775,0.452586725745603,0.9704484402048521,0.48432432750626997,0.23145599317109386,0.8036213057336663,0.5752635422965128
SAMPLE_03629,0.9918461626418328,0.5944534274562776,0.9069335874945779,0.99214361294647,0.5605916541835574,0.0002871096720162262,0.0001566415142490862,0.5175067071239715
SAMPLE_03630,0.9890207168196667,0.04185575226611769,0.008451740759654786,0.9988748357101362,0.1852503788075877,0.0074980320467718355,0.001016295523064805,0.016555419308502455
SAMPLE_03631,0.9845146114497542,0.03431506071364177,0.007301195555002293,0.9946805551234513,0.04307424700430001,0.00011514249013134015,8.714736392921127e-05,0.04285967654142593
SAMPLE_03632,0.8800740920048968,0.4198922008219476,0.016180251863385734,0.9993792081486331,0.015301953191888023,0.00010137679699451657,0.00013179371383195145,0.038745025772893585
SAMPLE_03633,0.6685856335374165,0.0071417137952708345,0.0037700145957150445,0.9684153761059756,0.3595634850633175,0.0001254481454713044,1.0,0.3901710285070324
SAMPLE_03634,0.9999384729387522,0.010167509294229504,0.011349888467270898,0.0196860760274262,0.02655992563606412,0.006503642335171163,0.00016196705256524876,0.032381783481478375
SAMPLE_03635,0.9999502288452444,0.025516475681443728,0.02765056104855283,0.046583702284177644,0.03303429969166423,0.01909486626827875,0.004843452559407948,0.020922704707288027
SAMPLE_03636,0.9999470175088812,0.39124374380215704,0.009141224094591461,0.37282001007095855,0.015669936834388862,0.005428997263393606,0.0007883060044329277,0.008400016747453826
SAMPLE_03637,0.9999403701472739,0.3567815031300237,0.03630765026882211,0.9990560295145429,0.24207064928809868,0.017586514349912936,0.0006321311650810474,0.17376251411092627
SAMPLE_03638,0.9999509833168496,0.01296472913758529,0.003591083845764532,0.02384353912728928,0.007124940134612473,0.0006354978709673053,0.0006076154759992748,0.00257931015778674
SAMPLE_03639,0.999941496592248,0.01981950957285804,0.006107375154990892,0.010430896270088856,0.02226641533707907,0.0027254629284354007,0.0005021945068077514,0.007243817071382717
SAMPLE_03640,0.9999282392234374,0.15841814348340694,0.00916251465743695,0.9971053604611638,0.02997876500178199,0.02659010066517061,0.001058210162390487,0.03379950537636983
SAMPLE_03641,0.9881489701436014,0.6756316637904727,0.5069450167076126,0.9991941954888279,0.681436281569016,0.0012659195409175606,0.00048167544233831017,0.5847529038735864
SAMPLE_03642,0.0192966627548567,0.014862570852780838,0.0011020521660189439,0.027418738142676112,0.17048599393108543,0.0003222529072164895,1.0,0.03978151100282295
SAMPLE_03643,0.999947808414127,0.016709612805280542,0.018517967826732023,0.017162304251314025,0.06428238978372917,0.02185012535804994,0.001635766646665402,0.04064121291038515
SAMPLE_03644,0.6648449122709946,0.03390772571204824,0.013913294552303664,0.22675476195813987,0.19472871010828635,0.00015695579998551806,1.0,0.053084707648142104
SAMPLE_03645,0.9998474276027423,0.05142953449472896,0.012692661691809229,0.9973223746729474,0.15967294677458838,0.0026365653535971433,0.0008006175396940984,0.31260420080705775
SAMPLE_03646,0.9999103002796808,0.014858806140483191,0.006567386054151285,0.9812970865873156,0.007869018440034537,0.00029089314651182147,0.00020712052136098784,0.004375579607749367
SAMPLE_03647,0.999930880185541,0.012744493866896144,0.009848802766180678,0.01565281923674027,0.09482700358017687,0.005679784879565379,0.0003915657007817669,0.01148369795654949
SAMPLE_03648,0.9999275093896062,0.02049888219014223,0.019380324023110622,0.3538988884130797,0.03138210151446781,0.014274117137402457,0.00034152568270596085,0.02506612992984424
SAMPLE_03649,0.5218876406768959,0.21627036944353742,0.004498991909188768,0.9881572601670803,0.14065795437128897,0.000790378699275504,0.0001955211478389005,0.030677016909229627
SAMPLE_03650,1.0,1.0,1.0,1.0,0.482946469751924,1.0,0.9995472158210544,0.5227819258809523
SAMPLE_03651,0.9999463531813262,0.005391217211802784,0.006782317504049645,0.006904619203260633,0.023354326552274377,0.0009408707848972461,0.0005120215314404756,0.012298887620154011
SAMPLE_03652,0.9836407177107201,0.14912457275198407,0.018046512079024277,0.9971742886871695,0.025379324586654928,0.009036219178696151,0.0002949901497725059,0.017236451799335355
SAMPLE_03653,0.9999466586482946,0.016854620761513908,0.023970415041882718,0.03042252976431654,0.18467783799809476,0.0005102129099737427,0.0003200197344044482,0.02522366246094019
SAMPLE_03654,0.9915981575574287,0.4226142255433375,0.031043157675070366,0.9991589050040963,0.03502024733041999,0.0001357734392180756,0.00013448017936563798,0.2502728373371426
SAMPLE_03655,0.9999427737811526,0.012903029024123356,0.015421745980747853,0.019480766637255488,0.11829865662054936,0.001964656320631711,0.0006701951058584647,0.04018358809779175
SAMPLE_03656,0.9872348625481537,0.2919842952092064,0.6290427707574283,0.5419192374844485,0.9780592879604171,0.0032015866411574403,0.0001536064352708054,0.9558803845925217
SAMPLE_03657,0.9999544154479171,0.011062020013233798,0.0069374063451794685,0.009703632918531489,0.026885951937731644,0.001816017825301401,0.00022680307381798574,0.018841238624156473
SAMPLE_03658,0.9999465137577517,0.015850206481340577,0.0161041325690794,0.026015985444402805,0.029953650231550288,0.003921189532755144,0.0006927250231893278,0.02214769502081356
SAMPLE_03659,0.9999512334171656,0.1380300421574325,0.056618108060417505,0.7434358177383308,0.21664256574733706,0.022663252863369704,0.0005358544721872043,0.24404115569928092
SAMPLE_03660,0.9999509131788905,0.010206552272226926,0.01259576876092092,0.010652161986751275,0.17868501316446905,0.003424131667928573,0.0002219118431055072,0.029953840721888163
SAMPLE_03661,0.9999503505383384,0.0036738346100778107,0.003086259433534185,0.004015142447941972,0.00747066266076084,0.002002251800184203,0.00018360937239738517,0.008338215634871655
SAMPLE_03662,0.2863789397001194,0.0035474907632083016,0.022793713121238048,0.019408605178639366,0.05582100985550213,0.0001920146041101986,1.0,0.04313799669833579
SAMPLE_03663,0.9907611656109545,0.2554018802996721,0.3704328535718132,0.9711638307785266,0.8359349424543268,0.001243995157475363,0.0009873288779733054,0.6969228276095799
SAMPLE_03664,0.9999487125811128,0.006012773295807883,0.007431612732758103,0.0193271143360631,0.021081583679498826,0.0009987329254412594,0.00043313177848213304,0.01254977311104315
SAMPLE_03665,0.9999446603484594,0.8331778626859835,0.9879120522706553,0.991718220949323,0.9714007209370454,0.245121035395745,0.002608248594709471,0.9572859669717333
SAMPLE_03666,0.9539980595599934,0.13509647680269274,0.008265379169117073,0.9933720013769056,0.20642423115442715,0.0011038198342158806,0.00019267353567212862,0.038491299421673106
SAMPLE_03667,0.9898170511078688,0.22262055485154106,0.02253968593163515,0.9789405359281022,0.3542678167833305,0.00013987576600809005,0.00010869581894681472,0.20562811910635315
SAMPLE_03668,0.7359694230409808,0.2088680168656436,0.01618596468336135,0.28493562392907557,0.5183304351425029,0.0004944244946682348,1.0,0.4397345719092485
SAMPLE_03669,0.9999523384897152,0.028804294052892577,0.014819404113680915,0.02917741648253138,0.02152496326761077,0.004653255631552245,0.00023015476510853034,0.014585182042998602
SAMPLE_03670,0.9999414162752744,0.010301321920135127,0.004457879237631532,0.04370496417250831,0.004268015031830771,0.0005971102741732651,0.004157063247113859,0.005618843065055011
SAMPLE_03671,0.9732373492309316,0.2338899937885594,0.022779433821308443,0.9985908317688825,0.668152776206608,0.00014585391241544085,7.833716053625423e-05,0.27295516580932816
SAMPLE_03672,0.6434939480306426,0.0094575217577513,0.006050308996172489,0.04447233331864299,0.18032213347595524,0.00015948564008673934,0.00010471680735980922,0.35375884859084
SAMPLE_03673,0.984986516658579,0.01762737947401243,0.008987655715126042,0.9925042873516121,0.02794736206180153,0.00017460824329737192,0.00015827442444795622,0.04262083874191566
SAMPLE_03674,0.9999260083871192,0.020053418459009705,0.01952180465199787,0.12591333994195134,0.030618832623995583,0.017609951374998465,0.00042321974484861623,0.03568073769353573
SAMPLE_03675,0.9999491357514882,0.0048186706371472045,0.002469535253864452,0.009716987151625226,0.008244784542261682,0.0013739254139185685,0.0006405914351213775,0.006394218365782573
SAMPLE_03676,0.9999283776360339,0.016679491484254114,0.03829199823792395,0.027831377611240844,0.05515417515917648,0.014395552204454756,0.0006879617767125707,0.022625420019012975
SAMPLE_03677,0.9999336895823292,0.017768519277844206,0.03665841626778509,0.01578310770522148,0.05613850429184693,0.014303008047203924,0.0009385825156060683,0.05744001546326939
SAMPLE_03678,0.9999459656063046,0.1877708783938296,0.105131730694965,0.9950877359514958,0.4818862160797117,0.041866526681423134,0.006065176463586598,0.3412666547756672
SAMPLE_03679,0.6408412853738452,0.01335253216027076,0.271244949115416,0.9722294361758437,0.8356941190189591,8.93789513796184e-05,1.0,0.7770401217861006
SAMPLE_03680,0.9999434042485922,0.01740453348524158,0.012170897652619844,0.0658223176630838,0.01703554109657266,0.003721778136545373,0.0005219068076092057,0.016514702777826445
SAMPLE_03681,0.9999109831451547,0.02815535256227596,0.008493546332811361,0.9986788879297231,0.141150278302986,0.020906018192388545,0.0013957610212083215,0.026907089799098404
SAMPLE_03682,0.9552160103577154,0.019849766763942338,0.014162533725826437,0.1485865893404815,0.3190250197402701,0.0008780759346165157,0.0003381358418816782,0.1649657263635636
SAMPLE_03683,0.9999379309174291,0.36139653197869404,0.010658692939531218,0.6368676683405702,0.03173383979416274,0.004098280922714708,0.000605583598074354,0.01766217694956722
SAMPLE_03684,0.9999201057423125,0.014771564189181241,0.006387842282855884,0.00595303795941436,0.019812813372402184,0.004292472338893678,0.0004032642453084257,0.010405825349917934
SAMPLE_03685,0.9999381545718539,0.034264687212580885,0.03371953831033062,0.9991714861990658,0.31236206843197223,0.10353464071606991,0.007483904270065814,0.1361872801101617
SAMPLE_03686,0.9980124099460956,0.5141855057057089,0.051143696608601366,0.9986659831984286,0.9585599324762788,0.008561528125790389,0.0002815299105149642,0.2633076367466631
SAMPLE_03687,0.9999515982507526,0.010882843080279193,0.009949339592446357,0.01640673195347204,0.0380125481554577,0.004184138422461024,0.0003372294826899833,0.024813809489155715
SAMPLE_03688,0.9999482042510625,0.00992450133434741,0.011895756571227416,0.010139593164884072,0.022284504425014656,0.004188581139303508,0.00035116312081334624,0.029514634619795966
SAMPLE_03689,0.9997701619805219,0.011363610007887598,0.020220922823295802,0.014514493814696872,0.05183499366583769,0.005568344196188734,0.0006533573577117253,0.02477550325342557
SAMPLE_03690,0.9999501856823724,0.008286755390377456,0.002962944088144108,0.012110944146238348,0.017190828480165853,0.009265737945408577,0.0002984707984126518,0.01788701602703908
SAMPLE_03691,0.4903329563811276,0.2725581569542596,0.167664826061316,0.9954019889965566,0.7707799812830812,0.00017246815321609864,1.0,0.731528443839656
SAMPLE_03692,0.9999290270057886,0.024530462621587437,0.0028222203586984696,0.20928665336277685,0.007221977457313855,0.0012814148535141973,0.00030237539586250425,0.005510648738809485
SAMPLE_03693,0.9994744301592597,0.713743336712913,0.40019870767978183,0.9299282447376548,0.8208194050489315,0.16991925211962317,0.42038249944393585,0.5428659017306096
SAMPLE_03694,0.9999437025203676,0.00727988049020082,0.01786285356619765,0.009382750489842913,0.0655731825293954,0.03630777916439373,0.001095394782008516,0.021077726241931487
SAMPLE_03695,0.9999479229372099,0.006851500034319356,0.011048045759329847,0.01567175904706121,0.02368134497410359,0.0011410877853388008,0.0005766493321761655,0.00784714449929887
SAMPLE_03696,0.9802443087119415,0.019707339135559145,0.019467331525604266,0.9977007422942326,0.38468256134426354,0.0014860154163940794,0.0002971117555028318,0.31431000762321426
SAMPLE_03697,0.7939491211980685,0.024139017941210383,0.024360267627744885,0.03579726379899219,0.1459929019505521,0.0052593784481462826,0.0002065415684213061,0.023234964137546617
SAMPLE_03698,0.6733314542861255,0.04784799152607043,0.035431220692831986,0.02077633033425486,0.36464518545205393,0.00018618510817331355,0.00010842685458305079,0.3689821731088591
SAMPLE_03699,0.9869907293721181,0.5122598429063694,0.011431253207315606,0.9972606669564353,0.02031336001888938,0.00018805050214362244,0.00014127372501864313,0.03413967239978498
SAMPLE_03700,0.9999414793181407,0.007961224301501825,0.006946014188258044,0.02333985686715471,0.017962579772719665,0.0011547591190984277,0.0012289753826887466,0.015925463386657686
SAMPLE_03701,0.5358584538897727,0.04997292330205808,0.010341733710370903,0.999333795513597,0.09173725566407022,0.0020867948807952452,0.0005666682303815918,0.053071829548765305
SAMPLE_03702,0.9999424223166983,0.2730365534478539,0.14875452014785526,0.25353441273306887,0.23305342589893424,0.05502116157472954,0.0033610192748041966,0.13963143253967786
SAMPLE_03703,1.0,1.0,1.0,1.0,0.9590124400290161,1.0,0.9996018947352854,0.9581984455903821
SAMPLE_03704,0.9999409141051393,0.028469902644538064,0.15062228935325728,0.05228102344311405,0.6274274061729344,0.016068441807345568,0.00254442602131266,0.6838593307637459
SAMPLE_03705,0.9957693039352691,0.3357386145394155,0.03717812121063675,0.9984710690599599,0.47535143234205784,0.002261450928435111,0.000463316077701197,0.2735218714362498
SAMPLE_03706,0.9326698200507343,0.30255295597524257,0.022007459797926406,0.9986194310428533,0.051062908196029766,0.00010952825618563895,7.779852233672382e-05,0.039990951116397826
SAMPLE_03707,0.9999485172564151,0.020680947453952346,0.005445183298948183,0.029516998954625423,0.021351742143988196,0.0022584612488961812,0.0004294676747596416,0.009835309105105421
SAMPLE_03708,0.9900041498156835,0.008825933081684365,0.009954707142320537,0.02567813132677334,0.038873349928132975,0.00022059724549116554,1.0,0.030760123223868303
SAMPLE_03709,0.9999481522400909,0.8070487453595734,0.012421322461102393,0.7248168986449987,0.01725858297706457,0.007216131916914943,0.0004867025362291364,0.011014761126878436
SAMPLE_03710,0.9999532162538405,0.010655685060663047,0.004168547947058116,0.01139787528422812,0.02159754986937428,0.001983662557441211,0.00029733743663373573,0.017998571506184065
SAMPLE_03711,0.993811517581617,0.7074023317152796,0.03200830470388854,0.9974054510644665,0.648998421540382,0.0001399637105000941,0.00011134932609299341,0.28832447410722467
SAMPLE_03712,0.9998464165400073,0.19342346128721827,0.017753662684047374,0.994629775475594,0.03479392876636723,0.012788226468835224,0.00035050028545622887,0.0341639626784263
SAMPLE_03713,0.9999527872080117,0.008089564028102118,0.010749541057409412,0.014082441649837463,0.016454442531816632,0.0010298875856343567,0.00028974187569253334,0.006875897736872453
SAMPLE_03714,0.9999391858647637,0.11597550101328939,0.6602196033033583,0.25717642289214426,0.04851563402064461,0.057133757788932704,0.0023472405848373006,0.28443765093512524
SAMPLE_03715,0.9999500189865062,0.2994257007093226,0.02125883844129976,0.41329642850708803,0.040512596779012644,0.0008008639910182941,0.0004638913647008134,0.01774593506099654
SAMPLE_03716,0.9728194822578391,0.040559694889992705,0.027804656824959965,0.9991728747454875,0.6640644040639485,0.000206833389604856,0.00020581370901169766,0.5437017263565487
SAMPLE_03717,0.9999460103525115,0.006810606491925994,0.0059552249960024995,0.006486484659933389,0.003048648648791921,0.0013013991978854725,0.0002395227945949158,0.0019609843648909476
SAMPLE_03718,0.9999478190943449,0.005883358828619274,0.017401666386789746,0.01846482520353258,0.02839519291484615,0.0005838896174220358,0.0004627432054404885,0.007826228438493834
SAMPLE_03719,0.9999008743913926,0.032219594228724995,0.2317076878188243,0.9918873444019878,0.7387572656923961,0.012696011255562764,0.0010253886561195432,0.6085665423370119
SAMPLE_03720,0.9999168923980045,0.03647734267743229,0.015880892292163207,0.03151555396156958,0.020405261243049276,0.0035128261216204153,0.0002719817414687843,0.019006864707230044
SAMPLE_03721,0.4809043289504261,0.004087075267034165,0.0014750599719573821,0.0065331744638225785,0.05364795571840196,0.0002336575843087852,1.0,0.05195410037619734
SAMPLE_03722,1.0,1.0,1.0,1.0,0.4578608968810938,1.0,0.9995967865866083,0.6200974872211648
SAMPLE_03723,0.22183955500033897,0.00757450667254661,0.001872217565448877,0.0062970900678957055,0.06747549248438596,0.0001830979414247995,1.0,0.05558167329519441
SAMPLE_03724,0.9818699860737995,0.012510120174401321,0.01642478667010046,0.9982278872365292,0.6266531609650782,0.00028420791892151286,1.0,0.617308674642068
SAMPLE_03725,0.9738328175901213,0.2419851810904706,0.012649886397245055,0.9974317062027026,0.38048419185733223,0.0020516222226064336,9.594546920920239e-05,0.03067528007880116
SAMPLE_03726,0.9995129618748966,0.04805180984515936,0.29730161157671187,0.9952926508573059,0.34695309060861484,0.01684188058670956,0.0010013798697860548,0.40890097423644145
SAMPLE_03727,0.9999096496752358,0.3761183895015606,0.00963351862897314,0.48184432766692853,0.3024701357550045,0.00463745811933693,0.0006468270104253427,0.030488415516819856
SAMPLE_03728,0.9906998379634713,0.027237344933659417,0.02622174484180202,0.8859448965172808,0.18420217201742242,0.00043710403050675777,0.0001394344978476074,0.04161458922850552
SAMPLE_03729,0.9537369459866112,0.957487301579808,0.808282887498995,0.9991441148573952,0.9651935738775757,0.4671174332015305,0.00013957843029216346,0.9600476348148316
SAMPLE_03730,0.9997767538885458,0.30555324073667667,0.21726771547783544,0.572552780892573,0.8043862563684746,0.0027253171972924477,0.004564039750043289,0.5614984140117997
SAMPLE_03731,0.9999139231199715,0.020637990154448817,0.013879255226111522,0.09827806964285732,0.037196059580017884,0.004796079510646855,0.00038704961606994846,0.02068103395607653
SAMPLE_03732,0.9752008411552284,0.008084652232805965,0.06644252113957747,0.47971512324222143,0.9654860480513172,9.751040085723482e-05,1.0,0.9715621632727475
SAMPLE_03733,0.2866200099916197,0.03067828540120033,0.0008784974020250028,0.004383941367996918,0.3786996441865019,0.00023769415621641152,1.0,0.43790007232355943
SAMPLE_03734,0.9999080072514597,0.4493586958827622,0.48269599967525884,0.9839593819797832,0.22394502357596036,0.03568661446731198,0.0013110560667706048,0.05185555720710289
SAMPLE_03735,0.987691269340646,0.47227033525088435,0.1621752181801161,0.9886419357933519,0.9606201197424189,0.002089450161056261,0.0002103172023537762,0.1757295194207741
SAMPLE_03736,0.9999290860108108,0.21923828617462454,0.018984096709387735,0.9926034379175117,0.04080657375053178,0.012924744128780825,0.0008496764549919576,0.12868178304739836
SAMPLE_03737,1.0,1.0,1.0,1.0,0.39210105044573795,1.0,0.9990200161312124,0.41667503824478036
SAMPLE_03738,0.9999382069752972,0.007758507980776501,0.00513771174295524,0.012903627937537765,0.021017527230874904,0.0005301360192218041,0.0004599160838451028,0.011124375640160578
SAMPLE_03739,0.9999475621943075,0.008696013739581955,0.010323621025801949,0.02904583863546003,0.027498834028505493,0.030597804085051545,0.002486036591308901,0.04510210038782488
SAMPLE_03740,0.9997623438119885,0.26121524435311727,0.035781040839032774,0.2495923985823461,0.021820280921205016,0.02083086665894688,0.0018308716285371312,0.030089757312074916
SAMPLE_03741,0.9998965589973977,0.011213388272544892,0.005620663677349093,0.011345644896763242,0.010670426633571952,0.0017870629033651172,0.00025808850787942223,0.008980360007625234
SAMPLE_03742,0.9999350832998051,0.011582772537428907,0.006071381421987966,0.018287761342532755,0.01188563735899785,0.0020755613279480056,0.00025057472579519986,0.013487581191640641
SAMPLE_03743,0.6340851486410971,0.01736668132599689,0.03774887420480592,0.031360585133618016,0.4209304285980986,0.00019245256323488356,9.687588526038359e-05,0.21157492182584461
SAMPLE_03744,0.7694852071126126,0.02842748061075792,0.16093262992552776,0.9947438428683334,0.42572530831903704,0.00021157385090113398,0.00017126367006521008,0.43585005572959296
SAMPLE_03745,0.9888039641736472,0.013239974096997165,0.006092261666438536,0.9725045906573756,0.3322340049788681,9.060864166310303e-05,1.0,0.172386112826245
SAMPLE_03746,0.9999478129882222,0.013347052655378586,0.017453613178073656,0.04998831448820991,0.027803854540119362,0.0062543191206697645,0.00043697157564705376,0.014634558046957544
SAMPLE_03747,0.9998327837513455,0.3653183229435703,0.17394655787793312,0.4127659044355908,0.04100939151761959,0.02086496033497575,0.001220626881840653,0.04725700901185721
SAMPLE_03748,0.5847659484862163,0.003938133876572927,0.006431837118027729,0.014373220210772805,0.055616401610183296,0.0005560689785267904,1.0,0.06772833929387072
SAMPLE_03749,0.9999262603108912,0.006464370048032983,0.013637588338965955,0.03885503163280029,0.05657526504251518,0.0018738612771773307,0.00025022655472084954,0.016800623123024917
SAMPLE_03750,0.9380287185407118,0.42506735387546846,0.2903362076324211,0.9981732845698271,0.4889869060419036,0.0011871787941519682,0.00031759859236434116,0.4583163413468041
SAMPLE_03751,0.9396161310097046,0.005614705487945947,0.01291591709620293,0.004980630910103183,0.47553104434635934,0.00010427160449406146,1.0,0.5086593742447616
SAMPLE_03752,0.3384183366180197,0.0021129734878157693,0.0020619609395454235,0.00598624807710688,0.03968355393809283,0.0002624995008525282,1.0,0.03750063686677034
SAMPLE_03753,0.46644868875238776,0.00468627193510396,0.009672991144941334,0.2525247925882769,0.03097331428305321,0.00011417809890937208,1.0,0.032575899099642355
SAMPLE_03754,0.01735810473767017,0.018342430240244727,0.001896142576555656,0.9928557275413439,0.035093795559397026,0.00014717784156502282,1.0,0.016862673712491526
SAMPLE_03755,0.9998955480773637,0.24516904226074115,0.47433142749506774,0.665778507918484,0.2687042001074666,0.34462621953156725,0.14413474251538191,0.24560131831488213
SAMPLE_03756,0.9966396752575525,0.20521280636112235,0.014436313989391283,0.9988431934030327,0.024885401367901468,0.00033221533708073563,0.00017804511076707172,0.043199951606577774
SAMPLE_03757,0.9999484775979569,0.016746615580728274,0.013724212881761875,0.2390040685389109,0.36014375233091817,0.0005904309625558615,0.0002873612762752138,0.041514311373547705
SAMPLE_03758,0.9998982262555891,0.356694760372836,0.02105362402417879,0.9975049617822584,0.08980038768653154,0.0035349010623828584,0.000862293138844003,0.05151518541306679
SAMPLE_03759,0.999952264597883,0.3848302109466098,0.006264104536109298,0.4047626669730171,0.00811807044705389,0.0006941016934786513,0.0001981828190940667,0.0032502049195254333
SAMPLE_03760,0.997102004582565,0.683413464802498,0.4902204663902783,0.9980069154062357,0.44241285873183234,0.002260055407583977,0.0004853097652936603,0.44676193649280094
SAMPLE_03761,0.9999272947091324,0.12218852836029229,0.01958652844475984,0.2509006939472565,0.2229255458928267,0.017678255521306835,0.0012380416892043308,0.166557122936338
SAMPLE_03762,0.98653005238632,0.054115965534968356,0.008847663562975911,0.2581349888814287,0.18284719358483495,0.00012304935687212286,1.0,0.06280565998126489
SAMPLE_03763,0.9999080868031693,0.009454321314142644,0.011582779715762784,0.014448888345059285,0.18783029978491295,0.0012911142939758063,0.0004053718457264567,0.03383080489525177
SAMPLE_03764,0.999920620180246,0.46414799852733746,0.01870082178997729,0.9979914414029182,0.025913265572481137,0.012747438432049674,0.002638694737292813,0.017781202932903317
SAMPLE_03765,0.9999398541364389,0.018229931274662353,0.02005665362954414,0.037167538088673825,0.02245993260375225,0.004165841507789041,0.0008696187635615453,0.021520884044809823
SAMPLE_03766,0.9999334426356319,0.4439875248540181,0.021081174443523885,0.1847028029792986,0.21807087577068546,0.004486680489993147,0.0006610693046654496,0.056705831404041916
SAMPLE_03767,0.9999478455417815,0.011443303278751139,0.00480615106093634,0.020547819962514056,0.020614124723103082,0.0014395779638627522,0.0002812393242710732,0.015323094656483674
SAMPLE_03768,0.5878150590691121,0.006456336353044709,0.0016575955853291011,0.9953252283630126,0.023881953684223762,0.00021761209205518357,1.0,0.01605954564151966
SAMPLE_03769,0.999946478595201,0.004684606926715648,0.012865524310212557,0.00741086513907982,0.008598510972776377,0.005769530821738415,0.0009630175494776091,0.008260532535264173
SAMPLE_03770,0.4941903335209893,0.01655952861036817,0.00123450856928636,0.9988587544830858,0.06015850268235603,0.00019538416649075431,1.0,0.04693499706122415
SAMPLE_03771,0.9999399239431259,0.019740441944821788,0.013479852887048685,0.016291129610405162,0.1057174236783982,0.006217298243244046,0.0006691034121791181,0.0198632280911386
SAMPLE_03772,0.9999232960893417,0.015332101667736237,0.15173442679194032,0.287259536404315,0.021506910931816753,0.0019445302487472328,0.0003843175640286961,0.07463381313953994
SAMPLE_03773,0.8804639759405376,0.05269365400840893,0.007329686504000729,0.9976505327217563,0.23084524905820952,0.0007121334978738807,0.00030485024736488764,0.05828669517769188
SAMPLE_03774,0.9788139806158866,0.4343576675406597,0.9712574036838667,0.999138590568171,0.8865322608933998,0.002908794916228403,0.000490578903412758,0.8478460754471293
SAMPLE_03775,0.9999489582088653,0.035295798254228294,0.012523225049283127,0.20293582147933545,0.04827636052698551,0.018288952584873824,0.0017730191440667024,0.04484524462096898
SAMPLE_03776,0.9999378017076077,0.01091886593296065,0.00772898973419089,0.011818473080284123,0.03796664422051091,0.0010056922817665704,0.0009232880978079745,0.02843428092510309
SAMPLE_03777,0.9442329000618033,0.026962056214009867,0.0007679175630491586,0.5634579659312478,0.02162231583141964,0.00011565832803178116,1.0,0.01903705434789612
SAMPLE_03778,0.9999130557080889,0.008656793407661283,0.013017245295167096,0.009453803506735862,0.018308183990023083,0.0019088374731991743,0.0004961499727967384,0.013961343368414028
SAMPLE_03779,0.9999494137638386,0.03114244646455782,0.02637651117688425,0.01636043681190801,0.25737706109214614,0.001433171847330951,0.0003993804083828269,0.05883525656425105
SAMPLE_03780,0.9997943043993931,0.14708457590051954,0.11528870376545616,0.9993277367250635,0.2561842661948992,0.2037875820419961,0.0025385048454041837,0.03082435455734232
SAMPLE_03781,0.9859466646288475,0.006807648276051457,0.028074640890229957,0.9939565435363983,0.7948354329771992,0.0001274746566029326,1.0,0.7331934139505494
SAMPLE_03782,0.9822527473271881,0.35805785469624796,0.0083602408615378,0.9986966221160412,0.6038532441435818,0.0009766794055493834,9.673658926268433e-05,0.3709180093995091
SAMPLE_03783,0.9999327348571316,0.011165398224290307,0.0075998933644560365,0.01817921151684403,0.0199684974157752,0.0046827515923800935,0.00042467996403742017,0.00993888603280465
SAMPLE_03784,0.9999420607651415,0.03318924010309289,0.13383391059710545,0.22088714965902323,0.2767834389815564,0.013079874661352825,0.0010411119862976373,0.07815230067927943
SAMPLE_03785,0.9999531947922211,0.19502337007990073,0.3832916946624447,0.9659925340503838,0.4963200255178887,0.0014724127241388966,0.000526556479205745,0.28969526782958965
SAMPLE_03786,0.980228197472717,0.3623454840750886,0.022735259867166194,0.9979296090526161,0.31484573060586996,0.00015970201228120007,0.00011094093811937177,0.29751332856945745
SAMPLE_03787,0.9964619363748147,0.6229226540458852,0.02557279457926569,0.9990310112976266,0.43185554337526283,0.00016804812796626585,8.34534466681743e-05,0.0456190877522577
SAMPLE_03788,0.9999453428631003,0.07208925090353249,0.004502970240767886,0.07395838544873388,0.010218835545203012,0.0037337886594326223,0.00019783641480004688,0.009876951183038187
SAMPLE_03789,0.9788168007465332,0.10035198688823888,0.11331121155793908,0.982876339701166,0.5305593688660591,0.0064404208896975375,1.0,0.3962421377694917
SAMPLE_03790,0.9572104414827974,0.3488106671519929,0.019850723753173094,0.9994332247600317,0.26570271539608725,0.0005696669720521083,0.00011116554779239988,0.19478033915424225
SAMPLE_03791,0.9999433373754243,0.016271712533128237,0.0144237323994082,0.005073316313383267,0.031639025142631595,0.050712837721210755,0.0002908893735136916,0.04154542016515996
SAMPLE_03792,0.9998843638709494,0.018634331501450795,0.0030250106824680316,0.615042807042808,0.010566547116106982,0.00822253683110015,0.00081421993535459,0.01369814459313413
SAMPLE_03793,0.9860433356226986,0.04143574507033465,0.22536262488198994,0.9994289261603992,0.4690125059396298,0.0008410778498483444,0.0002760890835849748,0.557849327382031
SAMPLE_03794,0.9919419302621844,0.00980028370662334,0.48803974338334727,0.5007092981552164,0.9225306656532124,0.0009759243996445491,1.0,0.7659515516818363
SAMPLE_03795,0.9980863266124421,0.4346647333854182,0.7796330525378808,0.9989036912778981,0.9624228093216157,0.14209282419592512,0.9702978691663835,0.9579049629104469
SAMPLE_03796,0.9999419515408772,0.7317161045667336,0.9601778334800917,0.9946386071336836,0.6972045674790973,0.20160842452174138,0.005802983351602177,0.5499794498110377
SAMPLE_03797,0.9680087328419539,0.02835873090186335,0.017587803518973648,0.992767308559414,0.46166906303190725,0.00015683808554786162,0.0009386990730521419,0.3827474672943837
SAMPLE_03798,0.9998762998861525,0.020865177898374228,0.01002631997611975,0.00797505056216655,0.23409454317209216,0.0021898408585661897,0.0011259718771949355,0.05202038156065079
SAMPLE_03799,0.9999182590421943,0.09262427518497393,0.0027474686023453506,0.2725730521978484,0.006575364591132578,0.0041833390275670046,0.0007227862910262841,0.005354089583776676
SAMPLE_03800,0.9840114551977855,0.4166931402443825,0.022787749585680035,0.7438163539206013,0.7452847423567184,0.0007072885727538254,0.0005124351761539925,0.4927734869957642
SAMPLE_03801,0.022969839776694388,0.007355381039958001,0.0015419389189309754,0.007518491794296664,0.22862246640130107,0.00020500586263119425,1.0,0.18321861904944015
SAMPLE_03802,0.24333441455200927,0.0019504115977223829,0.01835669588987921,0.014958701905520292,0.5717044306629686,0.00011525956439712887,1.0,0.7295451044114544
SAMPLE_03803,0.9999111063728753,0.030820229131380474,0.0279179513310489,0.2439431498095475,0.4809934365629916,0.028814288027837347,0.000748389230344259,0.2645622299968666
SAMPLE_03804,0.9905809549254387,0.0203179552563216,0.006008391518878614,0.9996159716402822,0.2096756780943803,0.0020892090698795248,0.0001416580595071243,0.01293243620485221
SAMPLE_03805,0.5570063631283937,0.016422687108167383,0.016072897639673258,0.017976456147475024,0.47783593298690763,0.000434692898005443,0.00015213938263242575,0.511950540742658
SAMPLE_03806,0.9893216469199795,0.17368269548280119,0.12397708842623183,0.999242347229346,0.4920887919959195,0.00023354067293257074,0.0002763524547259062,0.4811344143025405
SAMPLE_03807,0.9999447479398034,0.014351151642451345,0.006735624693378332,0.02583671648225061,0.034332747678310835,0.004673874658408917,0.00019054356987752548,0.01721667278082121
SAMPLE_03808,0.9959298561681738,0.2835183246597712,0.31735674763091076,0.9551205544718957,0.30636572043315385,0.00032119261560335885,0.00013450791751627345,0.26598541164840783
SAMPLE_03809,0.9873577899792355,0.21478590063227357,0.005690621508147489,0.9992058077366787,0.16477827250911406,0.002083197481476024,0.00020548070457207597,0.026104065025050978
SAMPLE_03810,0.9998748768391966,0.01013082639183115,0.008519618553900897,0.009875337775167182,0.016660673172428676,0.000899988487964482,0.0003031445192371574,0.013044448246698145
SAMPLE_03811,0.9459810820758682,0.010671954154424882,0.0032009697925208963,0.39367522714377823,0.07630660775402327,9.374605633601328e-05,1.0,0.033983402975571134
SAMPLE_03812,0.9998978150833169,0.009113119168119839,0.010962849716511893,0.99871610591027,0.25199685835104635,0.02181871173451886,0.0017166671735920768,0.020111017613783484
SAMPLE_03813,0.4146346443914644,0.0036716627268270643,0.017536502630514296,0.01055016503761955,0.2686631615525459,0.00020730906317838793,1.0,0.2828827984085635
SAMPLE_03814,0.999937603623376,0.14427098728569235,0.028909461123719633,0.2367874000257061,0.029737478822632158,0.004765999267603795,0.002377038918237863,0.028091902721313306
SAMPLE_03815,0.5627176326441059,0.01543080273154033,0.005486932145785026,0.019782759337971585,0.2101842074960997,0.00014876144788373885,1.0,0.03494646494180267
SAMPLE_03816,0.9999063485740788,0.35653850066564263,0.46462723888169233,0.9985289154318628,0.5817272596716067,0.02448394087897704,0.0012734725292362944,0.28698684217023374
SAMPLE_03817,0.9999502613536366,0.7284443738091709,0.640596937172745,0.9813197163678948,0.5643782622559474,0.049875976918357975,0.00117529141721221,0.5877641726038149
SAMPLE_03818,0.9999408931121179,0.02849083166054699,0.23726233663206275,0.20376758422232552,0.028278418260302134,0.001314214767336746,0.0007972328385310333,0.03109985575727938
SAMPLE_03819,0.9999075869668135,0.01699792890759685,0.013432689059512611,0.9779950439544752,0.09748055888694175,0.00484881354291339,0.0007093418326873466,0.026405354409441566
SAMPLE_03820,0.9999301109961646,0.037921615285310815,0.00995531533208242,0.21946335222037447,0.04032293693369994,0.004033167854024947,0.0012505041149531175,0.015860242737061936
SAMPLE_03821,0.5371405051533048,0.04342493506272864,0.010800332828802675,0.04867037411992051,0.3321206148278195,0.00014937606950274736,1.0,0.3533861057467876
SAMPLE_03822,0.9999499041182194,0.01019334568242851,0.006771569477634453,0.02841657407677952,0.018028910779484347,0.0005021534446561077,0.00015519594418593252,0.008077339845160663
SAMPLE_03823,0.9999518587214631,0.7621879220397803,0.004163537763365236,0.35476111863007753,0.025902631997071074,0.002001960465944167,0.0004012765252172729,0.00841127953098905
SAMPLE_03824,0.9999405939817212,0.5661163094103187,0.6572403289720544,0.6745853626661193,0.64952712033903,0.1130688012241303,0.006375981806479451,0.5737084652243205
SAMPLE_03825,0.9999476794783082,0.008126168160661477,0.008730558218478846,0.004227871665566406,0.019865382619534706,0.0015276895259388992,0.0007146150000387063,0.01694551732743908
SAMPLE_03826,0.9936857988141291,0.03280570134227496,0.046673825078621584,0.9968338831405795,0.2817279929810911,0.0013239529388629372,0.00048562428523159733,0.3724996317181596
SAMPLE_03827,0.2577536250152783,0.01294321953751,0.015162241165199524,0.992009480909297,0.029962804331166194,0.000718406127397617,0.0003441251830216791,0.03342550486418054
SAMPLE_03828,0.9999402393246847,0.021539920533658163,0.2765161253258756,0.24166319312215107,0.18593288531153446,0.00685799128754736,0.00023757634141743735,0.06916953147604774
SAMPLE_03829,0.9999526059142465,0.03458573310574154,0.015876863840836565,0.014898567800129792,0.24782394567323704,0.004365547176598254,0.00038929028861236625,0.07408786603235712
SAMPLE_03830,0.9898728730609371,0.2170999343472572,0.02617392776893209,0.20300369184421116,0.04906134612658467,0.0002276944510845555,0.0001278410380262641,0.03590086077919409
SAMPLE_03831,0.9999433176474607,0.0050698393882188724,0.006048880767201536,0.005641648283145617,0.046761057442386275,0.008103482149033388,0.0004562932724109581,0.03739096250029962
SAMPLE_03832,0.999744411380797,0.009797340072014212,0.007078779838794745,0.014253938981063027,0.021251352852167452,0.002087913222779306,0.0014506851552845256,0.0063644552354716385
SAMPLE_03833,0.14692979305451764,0.005393923247297717,0.0008256077161926817,0.849106188072309,0.07945088272042464,0.00011653320077807097,1.0,0.05369161048108939
SAMPLE_03834,0.9998968007600499,0.18353382775288898,0.2215683497536607,0.49906676867783545,0.1488959740530675,0.07973851221471906,0.0008998367373529274,0.1419835765654826
SAMPLE_03835,0.4242258606536842,0.014745883638862154,0.002940780784129217,0.9858534301313668,0.03724739154534788,8.81923860918179e-05,1.0,0.02183216307989123
SAMPLE_03836,0.9844123637636827,0.16514327258321163,0.014107541591690679,0.9985646064080278,0.2433452042293866,0.00014038963512813982,0.00010140381039751662,0.16467355964326663
SAMPLE_03837,0.9999473973661225,0.005127149252288408,0.0054692825458123465,0.006555277299667606,0.018635273379742336,0.0006064594329419221,0.0004320192009124235,0.007463903897165317
SAMPLE_03838,0.9999487234126896,0.13808872406119674,0.005031694541317621,0.991787612840114,0.026722655028981645,0.009469034518545184,0.00034362223224757883,0.03840777083197838
SAMPLE_03839,0.9867559798372365,0.5314579684660321,0.6198148309914931,0.9984960295250259,0.7247748511319024,0.0013287132194829056,0.0003959706746100229,0.7586271878388011
SAMPLE_03840,0.356981655337818,0.006592256698643671,0.003398456905614568,0.005002101479323636,0.3132753494885119,0.00013751314010615283,1.0,0.30697916875200404
SAMPLE_03841,0.9999524503332615,0.04869007088269737,0.03783427945846323,0.23582315123926093,0.039935250886066705,0.014678223551294497,0.0002734400615376831,0.025893577124631507
SAMPLE_03842,0.01724483521031813,0.0035191835187619496,0.0015360659893934943,0.005166478044270648,0.053436871284622156,0.0001858008330397417,1.0,0.05866502468363518
SAMPLE_03843,0.997653204774988,0.30951460294906546,0.02750304057359555,0.9973796896636002,0.32961281972269857,0.0004246746722466341,0.0001611296118197523,0.05151885793828492
SAMPLE_03844,0.9999372153511696,0.23306997951940395,0.009748656755383304,0.7403144119941866,0.01840618733734129,0.0008680703373288842,0.0006964000276532926,0.007156626043520911
SAMPLE_03845,0.9919129549830175,0.550202430373343,0.023370983306569816,0.9991692665337158,0.753044059104903,0.00025835721477140267,0.0001501280283047278,0.5283073493371024
SAMPLE_03846,0.9999498718924105,0.011786827339237145,0.013780025105234605,0.02129963462995917,0.01716111226348284,0.0007795562829201887,0.0006958405135846386,0.011877765202551968
SAMPLE_03847,0.6384228313705108,0.31414127565062955,0.015927835673430518,0.998202365313059,0.3725569517049774,0.00014593893500850405,1.0,0.40211353664028426
SAMPLE_03848,0.9999432789324226,0.01188115014822316,0.006849034752454531,0.14013238217271703,0.024105704680331585,0.0018839780844247423,0.00028840496880095756,0.008228591205225781
SAMPLE_03849,0.4454654815221854,0.017174666166210946,0.023840774993104722,0.7439339815518301,0.667876344001367,0.00014772086624709538,0.00011609199341315942,0.6856045549386038
SAMPLE_03850,0.9672808704611029,0.00940702169362451,0.04699421729383083,0.05536215195755299,0.528327401790351,0.0003936874514245621,1.0,0.5551896731799133
SAMPLE_03851,0.9999092995618989,0.024350494765436773,0.021052883845075372,0.30143654966653105,0.2366006059496036,0.0038519616287970015,0.0010570357349869758,0.011233617480324731
SAMPLE_03852,0.9999444843142035,0.01568883240269304,0.009270375568828242,0.02737403532480952,0.035293282422525094,0.0023046423558598073,0.00043954321139523685,0.030347016842807585
SAMPLE_03853,0.994543754198788,0.32986611370735314,0.5021642137009559,0.041727162735744644,0.8758393435556927,0.002758187585111555,0.00032194219694323784,0.6476781546545642
SAMPLE_03854,0.9904070143583704,0.3302381686818345,0.015284730043872754,0.997289720088536,0.9537419715175701,0.0038981507752668962,0.00023176208533586635,0.4033999554831761
SAMPLE_03855,0.017465793052966583,0.003373413002808897,0.012480533432328652,0.009283347328860903,0.03260205847108984,0.00015397749270734814,1.0,0.022841790491030422
SAMPLE_03856,0.9999468369084615,0.004570488495458135,0.00344891550581915,0.005473466545007084,0.021776588581347216,0.003439204856126459,0.00025912949511321484,0.011878250558411877
SAMPLE_03857,0.9999420399032808,0.03274622026596142,0.017809723044472616,0.4404306485341495,0.04177246642002817,0.0008314026126350823,0.0007024588697784128,0.0199049387706109
SAMPLE_03858,0.9959388921113194,0.014895313356966037,0.020953587678307142,0.9980729958532091,0.15479033264527106,0.0017741399717421725,0.0002516428958311286,0.30748772963078846
SAMPLE_03859,0.01505563250419711,0.0089334435329293,0.0032499282046741366,0.30327863651904763,0.0654952446688982,0.0001819116469150627,1.0,0.05998758130555124
SAMPLE_03860,0.014578302415019517,0.012766518848728915,0.0013418899492013518,0.013886563707592831,0.05259181800969309,0.00015964483873048715,1.0,0.04942859842248935
SAMPLE_03861,0.9999476891115797,0.006624131884096921,0.02064350915228814,0.026932282670917622,0.030232080578274406,0.0009694783701549149,0.0003901212425872624,0.014498546798414775
SAMPLE_03862,0.9999278522468537,0.03481569448789472,0.45576588496148956,0.13735810156503903,0.7649315160393196,0.0010817419862193165,0.0004032321392325376,0.552165958525946
SAMPLE_03863,0.9999465042013489,0.01332267903142543,0.007483901717709423,0.022949299701839402,0.029983266679002297,0.004356603655056473,0.0005286874547164753,0.029672692383738875
SAMPLE_03864,0.9599402084198733,0.0018350739682745517,0.015334210493716569,0.3385967031260763,0.8338395048297864,0.00013829249009106523,1.0,0.807704990375861
SAMPLE_03865,0.999858878944206,0.013031284375228335,0.004345913468223166,0.024646602899891304,0.013719913579090295,0.0014774910107848015,0.0005028284779397504,0.0176356166940479
SAMPLE_03866,0.3312175727547909,0.012117568580988568,0.006256226235593178,0.989689129915693,0.16117108857181656,0.00016969712829082397,1.0,0.18935283586845322
SAMPLE_03867,0.9940935485794155,0.46838061236606465,0.02187439513367588,0.9987173940184579,0.10336330507397454,0.0008518760330607783,8.599243700290257e-05,0.05142532532143181
SAMPLE_03868,0.40385906771886193,0.0028481908578222325,0.01738706965530216,0.04736565045623442,0.5621508783127369,0.00015673492370344542,1.0,0.4846052145041469
SAMPLE_03869,0.9999375417834211,0.01104259536685209,0.026639045599091287,0.05100009648956666,0.16527825493590242,0.010321422577603264,0.00027557837823321705,0.04081939121154628
SAMPLE_03870,0.619092425948167,0.027209229240483516,0.03629510165497445,0.6613273598859022,0.645988977308767,0.0002727389857754015,1.0,0.677485052996155
SAMPLE_03871,0.9999259495600377,0.010543593500460448,0.006053917138231794,0.015533632081034424,0.01396128465367565,0.0008113838053154906,0.00036393388757036653,0.005234578902967335
SAMPLE_03872,0.999951293186648,0.2919940670428364,0.1740611725614268,0.9860805159981696,0.39980230593908966,0.09738887751980717,0.001065919161668046,0.35566415801867657
SAMPLE_03873,0.6347025650942413,0.27059417499420524,0.02762169554506084,0.9660310970132564,0.46874120613725456,0.00045389941409413194,0.00032372053992640545,0.4434642732832123
SAMPLE_03874,0.9999541357423907,0.013836597644039852,0.013389330818488285,0.01698772382749969,0.03321910035998548,0.0010277597009515913,0.0002491831111258103,0.030980182289034493
SAMPLE_03875,0.9998970058499829,0.6815208228366207,0.9708722270049925,0.9993102808831631,0.7387306473576071,0.046449009743512654,0.002350191953457762,0.5679335794815348
SAMPLE_03876,0.9999299701426934,0.025330578326557267,0.006088201673957847,0.21174957951244489,0.018397271457816576,0.0066768384415191616,0.00048248362556766074,0.008800610365225886
SAMPLE_03877,0.9999405119988072,0.006456380213115578,0.004773408689981153,0.022433398177338845,0.0169253703960638,0.001559958180070224,0.00034358017648717314,0.007966106664659824
SAMPLE_03878,0.8337305591270935,0.07893834305440547,0.009193230884913164,0.9992923464018453,0.7063758859484073,0.0019290441669073976,0.00043205997031425136,0.217125381956079
SAMPLE_03879,0.4782651952872533,0.009620106960932974,0.0029580294478651634,0.9917234634508245,0.028210057026248403,0.00013129256454670355,1.0,0.02671773425120196
SAMPLE_03880,0.9882009471073309,0.820292205488981,0.24310208633924563,0.9766000828616676,0.9364364505407348,0.002656961013388515,0.0001359703390198539,0.9484864291263051
SAMPLE_03881,0.9863192976363957,0.016381334873371543,0.017160769157604724,0.9877251249146198,0.2021696410946073,0.0017998437364259601,0.0003941579962985275,0.2113357787203068
SAMPLE_03882,0.9796087124530557,0.2638745392288692,0.5440616326654001,0.9933041441608672,0.794514642892843,0.00019183121357663584,0.00011038024997264959,0.7050748644598457
SAMPLE_03883,0.9999410613398798,0.027761177721038793,0.00838970967142169,0.24957291742297988,0.018485891306302783,0.0005113232852724893,0.00027837163744983307,0.006041849532758156
SAMPLE_03884,1.0,1.0,1.0,1.0,0.5741312207653915,1.0,0.9996839913340182,0.5691355411853498
SAMPLE_03885,0.8520010834968919,0.02327529197117662,0.006041588330287148,0.997698528021186,0.18016274807575908,0.0009063192259623502,0.0002745878652379252,0.04139613095766984
SAMPLE_03886,0.9994435519915772,0.015525720334918785,0.015493788038901824,0.014963148984157598,0.06724200079124738,0.008440190209389688,0.002321457489492312,0.018951018448830206
SAMPLE_03887,0.9765852413563154,0.34165518121810434,0.02930945284283955,0.9952801408524449,0.006585802753920696,0.00037065427042365216,0.000277454715488842,0.016620625167220526
SAMPLE_03888,0.9999258938578816,0.027524504221931135,0.00807950076373572,0.6327451149850076,0.015485348434040421,0.004882368161238028,0.0005131567506781762,0.02128074109156734
SAMPLE_03889,1.0,1.0,1.0,1.0,0.7040677719146252,1.0,0.9996498707945042,0.7969568166736358
SAMPLE_03890,0.9999481114387013,0.023627827715144854,0.03210671980899206,0.02580867167863917,0.6410580807217493,0.00627932546795106,0.0007304406911404453,0.21505981308575808
SAMPLE_03891,0.9774940304515874,0.26933272717183077,0.3014555252974196,0.994666269874615,0.14649598837238492,0.0005167409728155432,0.00014069077577838533,0.2789521612081594
SAMPLE_03892,0.9999178102277086,0.013129744324555579,0.03148170059111762,0.03717246932715225,0.2017036456994865,0.0044761789088986976,0.0004141347574773621,0.10613848330471168
SAMPLE_03893,0.011044609676685406,0.011996820911259313,0.004438270311252294,0.56921643374396,0.05398865695590784,0.00015579341403228948,1.0,0.03942161304292099
SAMPLE_03894,0.012210286805257603,0.0026206517027804253,0.011111711799424837,0.007981842349736442,0.0851699421724315,0.0010604209790655472,1.0,0.08881933225095535
SAMPLE_03895,0.7376766350951376,0.021484874160814914,0.023097767921302848,0.9965910668332618,0.34660434518547045,0.0003055373075453122,0.00021389745021023514,0.19536253387456876
SAMPLE_03896,0.9661260363369252,0.023446550499780377,0.03112308163096733,0.9781650789623562,0.20170293742173273,0.0017236048967056554,0.0009759063535555139,0.3859200417051284
SAMPLE_03897,0.9998631265268332,0.048095263994275474,0.00633733246472958,0.9458637317602235,0.022038332736058243,0.0038709444082032475,0.0008207021396141061,0.020675306961222228
SAMPLE_03898,0.9937137699424712,0.9912065043817032,0.7196979751582797,0.9983761714249914,0.981031188116854,0.040525864029514025,0.0015008788492213707,0.6083992901394976
SAMPLE_03899,0.9999505459723661,0.03949134289815996,0.019875026379760203,0.015110764653270745,0.027867064730190693,0.03488069152223751,0.0008233110307765169,0.02600212992779437
SAMPLE_03900,0.5629306533921642,0.2830654458818462,0.026072195713448997,0.9974304069419379,0.7510883661392598,0.00011412355741580169,1.0,0.7403729606542874
SAMPLE_03901,0.9999453840215731,0.024631337958641645,0.004836238435782221,0.017209423260204155,0.012706121903301476,0.0008329863896179845,0.00031625022668854485,0.007899499260349658
SAMPLE_03902,0.938456557137305,0.887788889090546,0.34393063306055704,0.9989249779796244,0.9673344706915922,0.0060248722282248025,0.00016835621536587773,0.937233613611413
SAMPLE_03903,0.02191900259721957,0.009623214944473605,0.30622665781080505,0.29595635432436473,0.7134516314478131,0.0002803583152934996,1.0,0.7114821490123489
SAMPLE_03904,0.9947166800317591,0.5553726400543196,0.022219163491320755,0.9871396024080177,0.042517979414323774,0.00014736139219374998,0.00010298271011250046,0.029380681645029782
SAMPLE_03905,0.9999450833891477,0.02533745908440004,0.007224541797734227,0.06430615458647895,0.2590547107757969,0.03717456946827122,0.0024729947251270427,0.3034055805650053
SAMPLE_03906,0.9999383962909152,0.15503038851258302,0.04560583795074134,0.9770155788918009,0.05400947221080045,0.03416414160263228,1.0,0.04254524438716968
SAMPLE_03907,0.9999501236649715,0.013018102056212844,0.014534817311572018,0.02229396068307668,0.18500718864764099,0.0026545421600909585,0.00031783356671388036,0.03290120734780506
SAMPLE_03908,0.5577406471777901,0.003521471626026983,0.007054775082358353,0.040943765551091596,0.04042237760235566,0.00020550855307977764,1.0,0.026284320237049037
SAMPLE_03909,0.9718629607801311,0.05477685942891912,0.010520905374239798,0.9981329608627234,0.014520652765009806,0.00015272191283530412,9.3771684955019e-05,0.023776509927004152
SAMPLE_03910,0.9999097838417026,0.005817377235675112,0.00703857379501935,0.01677306565311528,0.1962956197662618,0.000517778914227727,0.0003498826645952359,0.011861354281203104
SAMPLE_03911,0.9999447530189155,0.5939891380515346,0.14542111708106767,0.9983025109019128,0.34187609265665786,0.13795775758974876,0.0004102698478597409,0.39360109360360546
SAMPLE_03912,0.9998671094695976,0.02320539309506252,0.5388526802191238,0.9841070901212721,0.3745309641710379,0.006568619480732495,0.0183107152793939,0.5730726416971639
SAMPLE_03913,0.9999374228013469,0.021415469171898203,0.0034025790156072557,0.15190248788413424,0.033139300399539176,0.0007247057866782943,0.0004834665015324268,0.005231685513948736
SAMPLE_03914,0.9475292964150324,0.011616844222256183,0.03729406831473529,0.2747203748358177,0.42889232548548506,0.0015761672450464361,1.0,0.33990626166185445
SAMPLE_03915,1.0,1.0,1.0,1.0,0.742093543114646,1.0,0.9990708715244907,0.6560380111983203
SAMPLE_03916,1.0,1.0,1.0,1.0,0.5853009069287346,1.0,0.9954153752732481,0.5033454182562093
SAMPLE_03917,0.9999130904886734,0.26066736964731874,0.020763939917586138,0.9948221594059466,0.2551761215865168,0.02789648430332673,0.0012787355890902046,0.2102022664578264
SAMPLE_03918,0.9535343657376558,0.07248487551259483,0.048260067583716815,0.9941215309390847,0.024390761236275302,0.0003596740657764368,0.00013310133376280269,0.02744714563420007
SAMPLE_03919,0.9998848058669084,0.500331467782715,0.45602604484310494,0.9923950965283111,0.42650462996471433,0.0047029248561104246,0.0005639801678525753,0.3556528598191532
SAMPLE_03920,0.6582558771261977,0.24616693558533526,0.02125401040496922,0.9827726771557425,0.0343469624512468,0.0015065967833535394,0.0003172187078751905,0.1699629157512084
SAMPLE_03921,0.8118232069461448,0.33034290967412605,0.0013540177241377165,0.9974492857295912,0.10565281205726687,0.0001024212956915703,1.0,0.04713382961337439
SAMPLE_03922,0.9999378875370827,0.018088572545686465,0.03242007114228724,0.3439666510894434,0.21157933185163852,0.0010516597795922908,0.00023224607914014217,0.036346353213316286
SAMPLE_03923,0.9999448393688175,0.2913590035248888,0.24629577286591173,0.31366836412930477,0.43276211500576134,0.017937667564560025,0.002501858574213333,0.4575711346368262
SAMPLE_03924,0.6865460188137329,0.013390990547010517,0.003689924009235902,0.23102140243448166,0.16500526241480842,0.00019253359925149234,1.0,0.15135688923216256
SAMPLE_03925,0.9998566560060066,0.041187873971137226,0.04118436583764431,0.9980655109238672,0.11812878802327975,0.037880713596121995,0.002538047968473496,0.0397271892549271
SAMPLE_03926,0.9746294842031112,0.023110608158193796,0.18117105855117957,0.6858709866433013,0.6961371269925433,8.446470786827579e-05,1.0,0.6400661985875833
SAMPLE_03927,0.9999431961463703,0.005425119894413697,0.016774791764832413,0.011692531709027716,0.05084340184699776,0.0006819625282243093,0.00019085801425412042,0.05028123012489325
SAMPLE_03928,0.9999467075423316,0.04202940832378089,0.0020859967574023636,0.0426850696844058,0.005316404447570007,0.002174334962920866,0.0005695862345004348,0.0027492770790331395
SAMPLE_03929,0.9999364406053729,0.02456841240024977,0.016753581916833626,0.34304268878265287,0.03802545342472287,0.0023237766837636018,0.00031579885159923183,0.032050921795848966
SAMPLE_03930,0.9999477791685546,0.00808548817437572,0.0018608947965673961,0.00527373303380045,0.004803246321283985,0.0004186216872752961,0.0005310328690150377,0.0014354308596699302
SAMPLE_03931,0.9777923984258875,0.11388734193049337,0.006939129272926441,0.9995158332136466,0.05256338550869168,0.001125695974390899,0.00026578049416898874,0.013995796296751739
SAMPLE_03932,0.010153604719332066,0.005348164146083381,0.0016235049364560262,0.007779152362327532,0.028548899187734976,0.00014686691214272162,1.0,0.02024811799088324
SAMPLE_03933,0.9656781174156069,0.35776057375400433,0.04575657788637013,0.9984293316580365,0.9551232965446722,0.0005984016976986699,9.584156976322168e-05,0.5822336506434139
SAMPLE_03934,0.9863768474882072,0.2142047601137448,0.0357278995513861,0.9922249702662025,0.2980174656855696,0.00015788427977659266,0.00013678792012897632,0.18235598931753266
SAMPLE_03935,0.9999261801258663,0.3736721089562287,0.07436811198033258,0.9986744885867067,0.03050324448097581,0.01719750553173772,0.0027903791739688683,0.18092078528321875
SAMPLE_03936,0.8829651285717596,0.22118640320452365,0.036695626459439676,0.9971883562082976,0.18072571778834273,0.0004863845957026627,0.00021146877593253706,0.1753044512585859
SAMPLE_03937,0.999941321705019,0.03634313927262027,0.01185967238685326,0.07295913293924425,0.024025190207994394,0.0068651665632900195,0.0012314752461309662,0.012689066264942367
SAMPLE_03938,0.9999106354103089,0.6102656489991874,0.21799920620174146,0.9973606482733409,0.4636691176975571,0.02874757598414824,0.0003388798750710735,0.21782646412063703
SAMPLE_03939,0.9667721661097646,0.32181072092096485,0.834661266315111,0.9987047316868551,0.9143886586537257,0.0002460509114072381,0.0001857187524130696,0.7768108652643148
SAMPLE_03940,0.9887353010024379,0.14843241264393675,0.013953591708600475,0.9974510729786503,0.6627456243217578,0.00025376651831419207,0.00013737762266730533,0.399312210809017
SAMPLE_03941,0.9999331001845306,0.3339281501098832,0.01089152750478604,0.17824810711186279,0.01240574978648106,0.002567338193494283,0.00017344941659913076,0.007706486933994674
SAMPLE_03942,0.9999517418336239,0.022961778584922994,0.015663820249718026,0.026144562343062994,0.05236423281055835,0.0028301857715716692,0.0003269147719159698,0.02206580884768245
SAMPLE_03943,0.9999453134214658,0.006042744526187502,0.0029110349387557037,0.00384587702358231,0.007049594102038025,0.0008725602361115312,0.00039215052990589154,0.004671829607708974
SAMPLE_03944,0.9998306744615005,0.020179947053465607,0.011077775696765334,0.010804593407730484,0.012748707694394401,0.002296338680335627,0.0009103121230641199,0.005388870744131995
SAMPLE_03945,0.9999496735217253,0.09836150638174605,0.010463496660099558,0.9970672870638776,0.02748649900398905,0.0022172094511109623,0.0015728475637232574,0.03944904755615148
SAMPLE_03946,0.9947389273809716,0.5888553896183479,0.010792371551498137,0.9987269285054234,0.6124538908837691,0.0005786710604098038,0.00011025569451785721,0.3782724996201647
SAMPLE_03947,0.9998847028536165,0.031210263512578072,0.01348327190033983,0.027239977013641458,0.052328024763423284,0.07839154594265588,0.00048126254978388415,0.03239192549459506
SAMPLE_03948,0.3761792107672055,0.004916121270185607,0.012131043020561,0.44079510971867747,0.02178229088703127,0.0001834168209775579,1.0,0.03262235441868515
SAMPLE_03949,0.9923003087901623,0.6667411654360267,0.053988144434475395,0.9988773063640972,0.8484044736860504,0.0008058795362489646,0.00010385944837944427,0.5794920967072098
SAMPLE_03950,0.9999431565490692,0.13435662111286334,0.00506606714715334,0.9985370567797449,0.3544632818738086,0.0036806675888535582,0.0004492894114658667,0.02809399769614702
SAMPLE_03951,0.6898359046809157,0.017078412086440505,0.014441379996689051,0.42075996197176185,0.45288625617308487,0.00024334401334881909,0.00012674090245311714,0.3144205687016916
SAMPLE_03952,1.0,1.0,1.0,1.0,0.6272112330212165,1.0,0.9992382539473741,0.6348566419415819
SAMPLE_03953,0.9939627327172376,0.6601045490246508,0.015040608226041469,0.9995377250607984,0.042956307216177894,0.002918230744935435,0.0003018927217312075,0.02047661409414616
SAMPLE_03954,0.9999461905284723,0.050720770660822756,0.038008016554689904,0.9961716253660258,0.5232962020446312,0.007145439322780519,0.0007708663581160235,0.41544563648181176
SAMPLE_03955,0.9513374202478726,0.026190770989473373,0.011321653676025242,0.7783070860852241,0.39849120942725735,0.00032382566945109246,0.00022486064025264155,0.44838929756906587
SAMPLE_03956,0.5232971642033647,0.014072133830660727,0.013052947881614235,0.033910448779015924,0.6279317905238789,0.00012045433925644208,1.0,0.4886174002095648
SAMPLE_03957,0.9999427785142336,0.007609252259803847,0.004539900033452967,0.006040473384644628,0.009142981746919623,0.005924346767483217,0.0005336784459301216,0.0074182531807923
SAMPLE_03958,0.012315208788391319,0.003415482853298609,0.013064943144260186,0.004842221493907007,0.47408579080232965,0.00015494568706472171,1.0,0.47509600241737643
SAMPLE_03959,0.5118356763198795,0.008807916902747332,0.014785872430151697,0.9979167052857955,0.2367861518421875,0.009444408301264693,0.0005517544499248682,0.044372889898413106
SAMPLE_03960,0.9999496043757038,0.26131001995557807,0.0016261794166629103,0.020792060313233527,0.008637720023391266,0.0007615450263756303,0.00042581634654022504,0.0027036853662965733
SAMPLE_03961,0.9998632942067911,0.010382948814328854,0.009807147732980526,0.007402978665543685,0.16179719236625345,0.012228362384349037,0.0005072582596388312,0.1360183069421281
SAMPLE_03962,0.9710152087550027,0.2327863364017988,0.031012633237659338,0.9994982421945562,0.29065586094096696,0.00010510018730239249,0.00011133621852908675,0.2647474219861164
SAMPLE_03963,0.9872285939119443,0.21920460177236714,0.02132397492531101,0.9548093946738543,0.5134751832418099,0.0017797650778289687,0.0036400236367251835,0.5863787693216427
SAMPLE_03964,0.017997536563540497,0.004715765759088396,0.02746113718748851,0.02870353756880247,0.5240368061747099,0.0001867683351931264,1.0,0.6126173531284508
SAMPLE_03965,0.9999435971118686,0.00524148122915334,0.0043452019668304125,0.0050330284338043745,0.007749593676190235,0.002958119286620592,0.001045053463039456,0.004793022016071708
SAMPLE_03966,0.01978322638481348,0.011201817406328815,0.01125319572642677,0.05825496153565842,0.2272452531013279,0.0013583660384852698,1.0,0.04388843855228304
SAMPLE_03967,0.9448006023640909,0.49963813582911687,0.021713806150301728,0.9967517100469763,0.23353858006324074,0.0002427400349676098,0.0003224345618522182,0.07485782672908001
SAMPLE_03968,0.9951118209603769,0.7065209042304273,0.2771838912678277,0.9985352958956819,0.8348703028647668,0.0076603887545342655,0.00021648112370106147,0.6361195193260992
SAMPLE_03969,0.9392009007965241,0.021728996052263055,0.0018329119859132902,0.16929412804959054,0.20813509157660004,0.00016364279746471875,1.0,0.053307266803641215
SAMPLE_03970,0.7208857380542822,0.43332150794202356,0.30468379443465227,0.9981162319295764,0.4589501779434556,0.006742691578807506,0.00018389100103730053,0.4432844524994657
SAMPLE_03971,0.9999408302139265,0.007140596386370346,0.006251415333450146,0.010845547692532136,0.0028933467492910487,0.001058646488538007,0.0002634033290853662,0.0029534258584752444
SAMPLE_03972,0.9999488329019502,0.029173428374622983,0.01347613074379079,0.14221268031288767,0.03034451424544828,0.007448990265406241,0.0005063586211055474,0.016023406872807615
SAMPLE_03973,0.05903448724349468,0.011476332918757073,0.002896106608574448,0.023982094679322705,0.36450106474135524,0.00015365724404883878,1.0,0.34247042894992963
SAMPLE_03974,0.9999238568238906,0.028374138219361345,0.004120360512503295,0.041843155033011184,0.01159352061309503,0.003851132423244435,0.00037810935642230574,0.011608532524733307
SAMPLE_03975,0.8029161812099211,0.008899410829491815,0.03487745028202093,0.9936742977655108,0.2551861289478734,0.0001723849923586661,1.0,0.3272978557898554
SAMPLE_03976,0.03165717201899092,0.017754212022577737,0.0006350436864269525,0.9926157864865799,0.04836221963168454,0.0001332869361444821,1.0,0.033193733498804376
SAMPLE_03977,0.9998846696232457,0.30540867964179597,0.03275856500886967,0.9985672492613669,0.05284908446887837,0.010767663978076967,0.0003167993394603377,0.025809516390502864
SAMPLE_03978,0.9999499071838915,0.09784244507622639,0.023144565714704045,0.9905082118316942,0.2848621091090495,0.0056571553511557664,0.0004896360565751986,0.03722497082240589
SAMPLE_03979,0.9932684381986823,0.24714496209334183,0.04378485251239832,0.9934279472246235,0.05175411698372251,0.00042059810562362676,0.0001558794924328433,0.04320178212687494
SAMPLE_03980,0.9999426869660066,0.1669352400382044,0.003690863634274591,0.16839848858647932,0.017860725902283242,0.0014304239740448113,0.0006554132059099783,0.0028731815281165243
SAMPLE_03981,1.0,1.0,1.0,1.0,0.05337229910660455,1.0,0.9993703252531324,0.21849541766814634
SAMPLE_03982,0.7435197715335079,0.02278978369345124,0.01464549848900781,0.7460002008984657,0.39848767676525454,0.0001598494027625844,8.804039956657898e-05,0.2185114903045932
SAMPLE_03983,0.9999504683634383,0.18833753819364327,0.09503576201093429,0.2586410155726144,0.08256826354800088,0.06993099982715674,0.0005315754387636015,0.031083191562707703
SAMPLE_03984,0.9999378797757483,0.0060921643844978075,0.01724713616176209,0.08677881130937712,0.16380527506211667,0.002006540111820451,0.0004437523351012901,0.026869462689038736
SAMPLE_03985,0.9999488451736747,0.01717340400765796,0.004175625834375397,0.03086394560091994,0.01952377993385739,0.0011503484641116977,0.0001769708759552161,0.010742359205065357
SAMPLE_03986,0.999940244857813,0.005080654260258619,0.00944177370069733,0.014344313264053166,0.02981779481433645,0.00182147385879448,0.0003937970075557647,0.006822589181089354
SAMPLE_03987,0.33523934527544136,0.011653556165521025,0.02100286840602581,0.980140332127988,0.4453826261873493,0.00013300454647266632,1.0,0.41089413629762994
SAMPLE_03988,0.9999490812378851,0.02975727937057817,0.011271003411094889,0.024056370432526664,0.024989463115343953,0.001092675747190621,0.0004663770000719543,0.010940770824118453
SAMPLE_03989,0.9933073370547347,0.011446016412730329,0.11171134047775974,0.1506296873595556,0.772280753950132,0.0001599591328644225,1.0,0.9338639850123481
SAMPLE_03990,0.9999456016898158,0.0059916507650608075,0.007397762918833264,0.005983283741859269,0.025846328979436856,0.0043083291344217355,0.0014716563192064326,0.01593972618043635
SAMPLE_03991,0.9861773673995197,0.5257388589122339,0.36593051694935724,0.9958890184765024,0.7422133405882071,0.006027392616053048,0.001913962966557718,0.8628895827205578
SAMPLE_03992,0.7159907950529535,0.04748633849083561,0.0010225593072573538,0.9940570369781231,0.02379858915476409,0.00011806775837796281,1.0,0.03944809651460067
SAMPLE_03993,0.928999528199274,0.03504930092289042,0.008741482903370032,0.9968248265812891,0.03764889236474604,0.00079838062431318,0.0010501801674925718,0.024046543335157974
SAMPLE_03994,0.9999477312094447,0.018636995786271787,0.023828591170444818,0.20629809084813902,0.03855264311306956,0.028607032413264212,0.0017691394278577354,0.03253638483810817
SAMPLE_03995,0.5957431952337451,0.006482080165679109,0.003088447327217677,0.30745493119624906,0.13156610997726978,0.00011245633311295685,1.0,0.03831576089152307
SAMPLE_03996,0.01622449619069484,0.019688370922056976,0.0006242369891582865,0.006138511940735288,0.506607566769009,0.0001440179679440587,1.0,0.6414547038627373
SAMPLE_03997,0.5810957675857403,0.008834682981133619,0.02844880296177691,0.21941592164627655,0.3858172777037377,0.0001511699100995094,1.0,0.25528668618046246
SAMPLE_03998,0.8286061876816774,0.3027873928925157,0.0011414992704936611,0.9959747249844296,0.015821191555942853,0.00011448952607933832,1.0,0.015440969181636696
SAMPLE_03999,0.8366967360900119,0.014829739607379993,0.026646978212370432,0.06272944477133123,0.5519074872873712,0.0006430701027259404,1.0,0.5096658824111954
SAMPLE_04000,0.9888208402555405,0.044010620398404754,0.011337441665843297,0.9875779634241869,0.32388269578866735,0.0004961507223674429,0.0002615690692146805,0.15840462246212234
SAMPLE_04001,0.9939577171514736,0.4243727416504486,0.02242432529247539,0.9974716381393689,0.6560884717709786,0.0001373745802894949,0.00012945698663083946,0.16148980838598842
SAMPLE_04002,0.9999137921819496,0.004395865459715915,0.009566591318499617,0.00629407268644914,0.022351261914439154,0.0017953947724832573,0.0005717900320856982,0.025634763122939185
SAMPLE_04003,0.9999211255217441,0.017157114137662573,0.0030287578960497647,0.011588622586040985,0.019857765869988813,0.0007891288910966517,0.0020378215914217492,0.006199851005182458
SAMPLE_04004,0.6730109627496247,0.01922126227652598,0.001216296948185236,0.02688531950848493,0.809724142874529,0.00014654761513852976,1.0,0.9329489684036171
SAMPLE_04005,0.62578210428726,0.03302664428236132,0.011607702372480275,0.7114969463555452,0.5394390089541454,0.0001608387008651397,0.00012592143503399302,0.15124449405951088
SAMPLE_04006,0.9999424773381234,0.3016902727035081,0.024281061384501125,0.9976533154957441,0.19375175652544957,0.020815412407710888,0.0011464814450001983,0.05110790729977838
SAMPLE_04007,0.9999418388757209,0.005404177561946744,0.010488172001461838,0.009785184884751663,0.011594742973410187,0.0029907289217015348,0.00022355794715640072,0.010981493637353273
SAMPLE_04008,0.972411427724369,0.04247013844711965,0.04462093134257597,0.9810373208051549,0.9784214264259445,0.00010377861755870043,1.0,0.9747318026852057
SAMPLE_04009,0.9999424143702086,0.02839389034524223,0.27213794125570256,0.2036643585605183,0.29247007534784775,0.006780905905754808,0.0009225466175600553,0.324394977904728
SAMPLE_04010,0.9999497502264812,0.019987657436360995,0.005744580441811638,0.10474464556523946,0.03220826147773985,0.0007485269069485844,0.00034695579867094565,0.016547679955620113
SAMPLE_04011,0.9885719044970674,0.3003314963161785,0.037033657720643605,0.9873397694459893,0.18410890240290373,0.00036578279767975205,0.00014578891921258744,0.40051544266677297
SAMPLE_04012,0.999950722998787,0.2058958718389233,0.011900774190885302,0.2231171534106174,0.023512272982651558,0.0012727924090672647,0.0006374451313032037,0.005784868152349071
SAMPLE_04013,0.9997643569528645,0.017268219504952616,0.021174140631604298,0.9932360942468741,0.01869241933962402,0.009370183977865786,0.0016276105258842695,0.018669312800298772
SAMPLE_04014,0.9876436391011831,0.22584503838688072,0.02734615509437694,0.9987511406623499,0.7100082309002257,0.0018893212318804782,0.0001826457422989086,0.5204370757580195
SAMPLE_04015,0.999950418862586,0.020816513775244388,0.042671429581673255,0.1746170497152771,0.043037892037765715,0.004258190258210522,0.0007042639875365147,0.034543422219728656
SAMPLE_04016,0.9919396321144248,0.20538233954002255,0.034018331799190636,0.9982158704658991,0.07845024207410935,0.0005213969461702735,0.0001204118024662396,0.05824413058418092
SAMPLE_04017,0.9999155166490403,0.6370297386979571,0.013704229962918276,0.990839124263033,0.1381768949631163,0.0032666747914121925,0.00027308850589258444,0.05242142443464885
SAMPLE_04018,0.9999461636613406,0.9520599255365084,0.008572765502441095,0.996343591258088,0.007832345134703673,0.0487399737701426,0.0023217676405442827,0.01687060393918328
SAMPLE_04019,1.0,1.0,1.0,1.0,0.5548802492294209,1.0,0.9979975114229511,0.6675198602244755
SAMPLE_04020,0.9998814500491182,0.025172411383701306,0.03833369351842342,0.9765919637892221,0.29744381277895904,0.0017789251511132254,0.00036114330977626266,0.20829869755594874
SAMPLE_04021,0.34376645521484267,0.020288691373423734,0.014281361639814619,0.9802829612178499,0.6922925752513882,0.00012966446800151342,1.0,0.7546590285538028
SAMPLE_04022,0.02643903784419399,0.026483424706380987,0.030153600044805016,0.31364072785099084,0.5671805574223726,0.0017300416319507381,1.0,0.6464553863620178
SAMPLE_04023,0.9999365021146996,0.0908088972251403,0.020040821018547112,0.9983314140336524,0.025406742986812614,0.0038222228809156474,0.0003099166002290075,0.030603167696081797
SAMPLE_04024,0.9999184649457478,0.020992939173275223,0.01253858885799318,0.9830993469987558,0.03592085586868027,0.007827087464257575,0.0009708085329730451,0.029309781348543125
SAMPLE_04025,0.9589901863389738,0.007873176068620145,0.005687303522746242,0.03034794704163297,0.3769132521797263,0.0004542055852226171,0.00013818410149051891,0.6386039589542042
SAMPLE_04026,0.999931073092567,0.24009526854202318,0.017224851807667457,0.1649725933723361,0.16481197743748988,0.007321766803960074,0.0005233585259231036,0.029322264564946503
SAMPLE_04027,0.999913942504611,0.0050351724966610865,0.014558582193419916,0.01496394218529375,0.023442795945760184,0.0037522643402741517,0.0012593587693784335,0.009771720884192318
SAMPLE_04028,0.99995025484863,0.09782934353540515,0.008961066126349396,0.02768109208026977,0.04750929729997924,0.0009114577964988116,0.00041070592115387185,0.026695677229134084
SAMPLE_04029,0.9999411404728831,0.009684652962599401,0.0022121348069371423,0.011894613885088893,0.0049640971221687185,0.0007579717287070471,0.00036843862470395335,0.004297929210766008
SAMPLE_04030,0.9999364010385273,0.44067139076410805,0.49179321587807373,0.5832553776098157,0.6432822206220743,0.07629769352401689,0.00756076798974469,0.5591533504669723
SAMPLE_04031,0.9935590592696792,0.725512282700582,0.14933118518022828,0.9988278069435556,0.9663438282166299,0.0011775211193807604,0.0002014812627893707,0.9722099066276192
SAMPLE_04032,0.9999463424288482,0.4352004662489885,0.004971634159818199,0.15340041275793972,0.015069706062924387,0.004182364559697595,0.00024400287087282383,0.008349618974740044
SAMPLE_04033,0.988769464414743,0.8854922129188216,0.504366269083895,0.998334241813412,0.9744499730825625,0.004807048825538815,0.00023791898849116053,0.9357706998707945
SAMPLE_04034,0.9851459598035109,0.03002698935308617,0.20798708933657917,0.997608621841937,0.5728222217094908,0.0015679026305647332,0.0006758760256929961,0.4318042999274712
SAMPLE_04035,0.9999335640386322,0.011306789587369895,0.008119591066862091,0.009226629730305776,0.02411439341564966,0.013473382076001298,0.001643139473263125,0.021634954822507706
SAMPLE_04036,0.999953380944613,0.010272684592751793,0.006172461836419754,0.010311511434786957,0.011219467968135088,0.0008209898951585008,0.0003919586065870547,0.0071920711095914205
SAMPLE_04037,0.9955586647545862,0.651435740380784,0.16032843821149725,0.9986005135349749,0.7155110596302307,0.0014158934134830606,0.00012211473878990207,0.844050358807289
SAMPLE_04038,1.0,1.0,1.0,1.0,0.783283786726056,1.0,0.999585660108681,0.865203725329825
SAMPLE_04039,0.6227594202609321,0.005899192061629672,0.012127084378020282,0.9789674676718356,0.5622326848295156,0.0001121377028718377,1.0,0.5486292130904471
SAMPLE_04040,1.0,1.0,1.0,1.0,0.48992798073869964,1.0,0.9992031187842765,0.56951209747711
SAMPLE_04041,0.9964231221679531,0.04552529232001571,0.03438136201633012,0.9991245178938668,0.5396510158599901,0.00019785446818124087,0.00018430632777748565,0.4394476294741564
SAMPLE_04042,0.9998700500222869,0.01818404153223286,0.012465428567083903,0.016384232097439937,0.05575770672059803,0.006708455936920213,0.0006015069794122003,0.01316394771159642
SAMPLE_04043,0.9604854059475378,0.13380415646887223,0.025330864309630385,0.987353648819753,0.5758031687731233,0.00010440762375935816,9.201806118447848e-05,0.3640390466534317
SAMPLE_04044,0.9999497123039005,0.007451810127571683,0.012409035182187863,0.25170122014676,0.04249054842603413,0.001285732504029231,0.0006548246241876068,0.033876640169289755
SAMPLE_04045,0.999850722825587,0.44151967162927025,0.21136911573687475,0.9989960349116236,0.39356775209684103,0.004674863903443812,0.0007325665396862848,0.05199615434651891
SAMPLE_04046,0.9999349321885822,0.016660477386939897,0.007253121884119212,0.025553781207588205,0.01878300449724844,0.0021699721477484377,0.0006280936851574832,0.009143674696872491
SAMPLE_04047,0.9998742185226976,0.011167207265468276,0.0026099208375319092,0.010568669358410273,0.006220900187636591,0.0015852878670340146,0.0006939614409791942,0.0037093663329307463
SAMPLE_04048,0.9999452756772517,0.016218419857803344,0.0064146517499238855,0.00928568440069733,0.016426710213760527,0.0013981743045319976,0.0008728669504090485,0.008387012321665327
SAMPLE_04049,0.9999150515032739,0.13237022107005028,0.3727883224329714,0.9762273184318209,0.013994420087098424,0.06093636989362983,0.0046355784040106275,0.025941030024664347
SAMPLE_04050,0.9999486908770029,0.009056140441587637,0.014014725505683964,0.01459682479685406,0.01773246769510877,0.0012060823236132855,0.0004370391846051515,0.01715332651253678
SAMPLE_04051,0.998760550401434,0.5592832810077197,0.238591034979405,0.9933066303830739,0.9840800386836808,0.008975377866415075,0.00015501479820262146,0.44249510580511175
SAMPLE_04052,0.9894412501435499,0.021450616285499643,0.004750946337999221,0.9912767575698241,0.3028280773763803,0.0002498108286154691,1.0,0.28680809694325404
SAMPLE_04053,0.9978461323631264,0.3918335828847459,0.010710433280633088,0.9984966374823607,0.6413216009618632,0.00012882815582939008,0.00011428322470083165,0.07696833004713485
SAMPLE_04054,0.9918425857626614,0.023368434026738848,0.009822603053517901,0.9984120896837465,0.01748980568383788,0.00025032653759214917,0.00015107838870604095,0.015350935283787568
SAMPLE_04055,0.988834893949182,0.022931087981948865,0.0013722427248261952,0.0218023839616459,0.1432042465927871,0.00021368773147521788,1.0,0.19259862812549827
SAMPLE_04056,0.9741617334372125,0.6925964988019063,0.008653535042259915,0.9901374497424065,0.03254839001619001,0.0021963179464755426,0.0003493486188103483,0.15599637843040975
SAMPLE_04057,0.9849828949804321,0.3224284304650601,0.05194825124981091,0.9990302316492853,0.9267016985195973,0.00084889139597214,0.00014387854791103567,0.8027971848717762
SAMPLE_04058,0.9999505306236663,0.032136948654837405,0.008230007349451157,0.26808674666506116,0.028931453206237023,0.0006785355386859789,0.0006099434245932884,0.008351545759814545
SAMPLE_04059,0.5868055933316024,0.012116063545819008,0.040376185378655116,0.9847007746740692,0.9511718535172523,0.0001228476306393982,1.0,0.9555037396271624
SAMPLE_04060,0.6721027736959505,0.3285652482795854,0.019026961129467425,0.9889900636877332,0.3892615756058362,0.0005423268529529206,0.0004715126924667107,0.27258355594462197
SAMPLE_04061,0.02173821221582522,0.4452155364450655,0.045482997060395526,0.9987712808530873,0.947298277305389,0.004789968512253503,0.00032858257602866705,0.22218948569265304
SAMPLE_04062,0.999897355879653,0.32819377893244284,0.03998726968839681,0.9976625760204815,0.05642812283820211,0.014290670837159786,0.00045343656759594294,0.04133320478867284
SAMPLE_04063,0.9999273726898676,0.2567002922182836,0.019296783293738125,0.9976239792605217,0.03510118492775555,0.0034881028346726525,0.0003355850141427916,0.015003855071718825
SAMPLE_04064,0.999937888130342,0.022194838437926696,0.01957619929683413,0.022992682899712562,0.01992348265635538,0.001083789269540842,0.0005736744857469152,0.015501595004783129
SAMPLE_04065,0.5181681664494147,0.02091281102188804,0.0010268994658097547,0.43320210200448817,0.01667261649186571,9.572322088583936e-05,1.0,0.009491922813312355
SAMPLE_04066,0.9999457514082699,0.008496348589624456,0.018180783638426793,0.029791480705531514,0.04594172692542071,0.002178014236576726,0.0006925418192178987,0.019791737717324696
SAMPLE_04067,1.0,1.0,1.0,1.0,0.5574029639077438,1.0,0.998814124213291,0.6225077866323159
SAMPLE_04068,0.9999344564521421,0.09690806293528312,0.025745303117760736,0.20720107877795288,0.18875621862597586,0.014828874229072461,0.0008955833482035185,0.19088278641346706
SAMPLE_04069,0.7263793132453975,0.00908270833294381,0.014050541253919515,0.02333575622498172,0.7302297263628919,0.00015871497700540012,1.0,0.7616445953218169
SAMPLE_04070,0.9999474282565615,0.006892716909928301,0.01293162527042071,0.014497109986432355,0.022432058472403822,0.0007389721125891151,0.0006759789692316524,0.004954292858414972
SAMPLE_04071,0.9999428888432448,0.14802747693547355,0.020240011218404474,0.20310445314606315,0.2657597810000626,0.023031689499956286,0.0015068613119341837,0.27206404885985225
SAMPLE_04072,0.999871917798723,0.014041719034489017,0.026902061894360795,0.028412327907007102,0.13553179367086746,0.032107447877702894,0.0005311512077713205,0.045407933839320146
SAMPLE_04073,0.9999317550441393,0.32604141269567116,0.005114428536506671,0.035786449433083116,0.008195350067575866,0.00038277162518063465,0.00013324623475431145,0.004973756358195377
SAMPLE_04074,0.9774685759613941,0.29226712204312544,0.17438366986289186,0.9761319502761726,0.2446185536904931,0.001424004153775305,0.000335819429284529,0.22630241080482377
SAMPLE_04075,0.9999390090069771,0.02684861247670705,0.06190789774545663,0.03889842629292559,0.017413984173656766,0.015334626627690218,0.0014246780111456419,0.02950857174791711
SAMPLE_04076,0.5626994971499136,0.5207649264880415,0.016558849324372262,0.994357873331861,0.04001026193661365,0.01221006133409739,0.00040922927141834434,0.026216996641676326
SAMPLE_04077,0.9999190231548634,0.38495624247325144,0.19285129971419568,0.9892576175662322,0.2196261487190815,0.14503821774132414,0.0025812927836154896,0.2716003313822581
SAMPLE_04078,0.8517123395860778,0.01984451503611954,0.001280246838447081,0.017213277288368616,0.2839339484482491,0.00011570456072017995,1.0,0.16908032908309567
SAMPLE_04079,0.31247886692173954,0.02853742056722004,0.006717571394345798,0.9748123571368843,0.26856848461450156,0.00173009506550048,1.0,0.0648041369777693
SAMPLE_04080,0.9877743503593746,0.21582079104851998,0.019307726132869667,0.9564773463910274,0.2797706102706017,0.0003289888111082257,0.00022523342883279483,0.08037556893746231
SAMPLE_04081,1.0,1.0,1.0,1.0,0.880355007419406,1.0,0.9990297103278427,0.8917794103434453
SAMPLE_04082,0.9999311518428557,0.21082759044567462,0.14076713872647123,0.9959551124594089,0.11796879258258844,0.0008654842737671964,0.00032913711035603,0.030262696488363827
SAMPLE_04083,0.999942703208091,0.42043501794038474,0.0066608443999413725,0.3999733359837457,0.0044900656172790505,0.0011845785241177856,0.0003026843526806566,0.0030493020179486073
SAMPLE_04084,0.9973613186489267,0.7800039588577141,0.4330397322077646,0.9987687633625502,0.832667979687345,0.00024745048512553406,0.0001357543052818725,0.434496619563685
SAMPLE_04085,1.0,1.0,1.0,1.0,0.25090736397251434,1.0,0.9985026923168011,0.49584843222819897
SAMPLE_04086,0.9999479709123962,0.016579691183905225,0.003865526889521697,0.02416793908238355,0.012923749088636851,0.0007109879294588887,0.0005325046047687987,0.0033233905205197188
SAMPLE_04087,0.999897277353965,0.031336801784221366,0.2870401109372836,0.9829640655373311,0.1992192957813425,0.006523229552855029,0.0010020999749426763,0.1650581493526766
SAMPLE_04088,0.9761274672604484,0.9538806338116597,0.17801039538372798,0.997619386715965,0.9570976785840589,0.009599992433799803,0.00012958853902606874,0.8068495016259272
SAMPLE_04089,0.9931099470615182,0.589957516022528,0.035721426534474944,0.998450099598348,0.8586720049657277,0.0032026907377410477,0.00015138904630054726,0.3272634588501246
SAMPLE_04090,0.9998234451651875,0.5019764032095468,0.2438878954718951,0.9968761365821781,0.32200251979861383,0.020038123914614847,0.0010023118620888687,0.1870373695905444
SAMPLE_04091,0.8786796463505123,0.027447490017420646,0.004453071987493389,0.45202024605527746,0.46277826984734227,0.0005766653154832709,1.0,0.28309248234430406
SAMPLE_04092,0.9999438896448367,0.0477733165853643,0.007072813007051193,0.03486624880393562,0.042258162917900986,0.003081866951359292,0.0013590240911563467,0.01778282612707016
SAMPLE_04093,0.8648546475733738,0.02292639081592789,0.010906200153362864,0.982105074643276,0.02434738808206072,0.0015957490310615525,0.00026540230785088755,0.030589239008019332
SAMPLE_04094,0.9955699187366402,0.4094546714011734,0.04248162581329871,0.9977333909802091,0.5298528248411692,0.0001375000199452764,0.00015693827651189055,0.10074560825462953
SAMPLE_04095,0.8310070797229783,0.00390106813567002,0.13542892858130826,0.019647228563596637,0.6437516319610677,0.00021760752454575116,1.0,0.6484982185483015
SAMPLE_04096,0.9999464750866016,0.0036761402005097256,0.008680435728187691,0.0061388544938299336,0.023011556654183245,0.002266448306397245,0.0009177186376918649,0.015600145746123104
SAMPLE_04097,0.9831528344152458,0.061481915363726734,0.019673536563454466,0.9896525682792318,0.047823058096748645,0.00029327476909589694,0.00014938224549437457,0.07764685016215753
SAMPLE_04098,0.9980172665018197,0.48193148151176357,0.47089006642916925,0.981738394278399,0.7149636965866423,0.003123131800080587,0.006174171048169791,0.6150275855882577
SAMPLE_04099,0.999913766178054,0.43687579957362077,0.02844831535799442,0.9556940145900047,0.14879333701316017,0.0351539403707885,0.002432681502436426,0.02902097431625302
SAMPLE_04100,0.9999356549957698,0.4071095748033173,0.7218367973497294,0.995043356458916,0.9383654465131712,0.05884408206817472,0.0008842642122280359,0.9632598131353104
SAMPLE_04101,0.710797346067584,0.020191615852756133,0.7222839511841592,0.9397555502531325,0.766678919652477,0.00046895015106458205,1.0,0.5412939231299293
SAMPLE_04102,0.9999187977490612,0.17617070689994058,0.011920797962915716,0.3504526647020992,0.04168650634649635,0.008401991256433424,0.0006123940677407423,0.024053456755359966
SAMPLE_04103,0.5722792940155552,0.015117734692616819,0.004840864010671877,0.7358423595331021,0.16680002744659572,8.739493499587884e-05,1.0,0.0594047902257797
SAMPLE_04104,0.992578308538336,0.3309591016846648,0.05409735526223819,0.9961336135155772,0.5274631977455255,0.0001988472199455558,8.583349860070703e-05,0.25470693649107623
SAMPLE_04105,0.9999500076498462,0.009211641135244876,0.006819898229868285,0.014173264998335522,0.012249864481652174,0.003627925491549655,0.0006543460031752978,0.011876255439720065
SAMPLE_04106,0.9999138282880706,0.0230710060667163,0.028617961291750604,0.05760101234505037,0.1410867837608171,0.007598258904558779,0.0006803802671220756,0.11046630909913024
SAMPLE_04107,0.9956508278533631,0.4900284298973546,0.06443086350317333,0.9987874569311378,0.04312645964055341,0.0001505542849826388,9.813190760087874e-05,0.05629311156238846
SAMPLE_04108,0.5360380783102398,0.05192256381460867,0.00834979075278309,0.9929221760801337,0.6584729395292014,0.00020661384589269142,1.0,0.6325266297634796
SAMPLE_04109,0.7485666796077832,0.010352332408141759,0.02307599120827115,0.43390408299197036,0.7110525750323788,0.004936750747389447,1.0,0.7716176464502091
SAMPLE_04110,0.9857066880835671,0.0022877973320950123,0.016112175893065135,0.016503661287984712,0.807279277945365,9.866389130133858e-05,1.0,0.6524578042036383
SAMPLE_04111,0.7485991586282912,0.016475276593938222,0.02382897850584608,0.9679646380192132,0.44451706513195577,0.000202652950203135,0.00028501716942534207,0.43213868543110534
SAMPLE_04112,0.9999294632179894,0.005241073048399634,0.02535211440624262,0.010090326607512018,0.028292208140851587,0.006476611033098126,0.0003539295108407767,0.019831781836099478
SAMPLE_04113,0.9999400619582548,0.6280150172373989,0.2084062272905854,0.9896381102795717,0.07931909679727175,0.014952646258383186,0.0012822773114416104,0.019651498514446843
SAMPLE_04114,0.9999283365654318,0.007650380030634153,0.009876135290229621,0.016133161456056887,0.00780086400059741,0.00229809495683613,0.0009825223808280765,0.006269944921110134
SAMPLE_04115,0.9715721213682166,0.03641324712639012,0.014340060502839638,0.018989059908397887,0.2999673375787072,0.00024238015659449564,0.00016349037892312543,0.35959170087304143
SAMPLE_04116,0.9999434549335062,0.3525687260377016,0.11777205957228058,0.9993561818093208,0.5987223868426547,0.016603815835633483,0.0008686439471260836,0.4180143578915697
SAMPLE_04117,0.9999166492361837,0.006750282120511254,0.009519432913246436,0.013913747284408303,0.023206159338635114,0.00038842002080373834,0.00017510162821556362,0.015887624907233826
SAMPLE_04118,0.999928325329215,0.7508263645678775,0.012986074659988944,0.9914596978269119,0.008254790570872696,0.017405468642580847,0.0013700679283395443,0.00978732714087518
SAMPLE_04119,0.9999385360598133,0.3233861640944936,0.00415283002914453,0.046966006764396606,0.010504699787967952,0.0020248903514821733,0.0002575002424372662,0.007589176771519816
SAMPLE_04120,0.9965489463292234,0.5920076016553102,0.01891368216542912,0.3700165803068888,0.030284616851327283,0.00677236291675979,0.00032682888330721376,0.03860571250881775
SAMPLE_04121,0.9999120689817784,0.2649428680121797,0.29090431241078135,0.6556637060534081,0.3640721948229353,0.02285401636728466,0.006931670030322623,0.044321452043104684
SAMPLE_04122,0.9792609323999365,0.011892889855340039,0.01786063137882325,0.9924333785857099,0.2666416695220132,0.00044585509539177314,0.00024235628986785172,0.2196205128267244
SAMPLE_04123,0.9999324380382613,0.1387239797418826,0.320095132884797,0.653231812342397,0.3560578195957943,0.028345463512549674,0.0021160439588525453,0.03052649052159222
SAMPLE_04124,0.9998943227506754,0.010665386061986758,0.01525835823945077,0.014665489187567942,0.011763348968526571,0.0045499739247619134,0.0001898819495820356,0.01279139993567938
SAMPLE_04125,0.9888095244041631,0.27018850274752604,0.013148888355785749,0.9994470512048084,0.5127574516994575,0.009744601948371312,0.00011844175982427704,0.15374358354407278
SAMPLE_04126,0.9999415993708052,0.3591193699322378,0.0028988472317904275,0.07847744105088728,0.01059927374596997,0.0005607546177251725,0.0006171666554409516,0.0048126883252479526
SAMPLE_04127,0.9999528574980019,0.014322242720702047,0.007959604316538967,0.011209121397290403,0.0246706123043098,0.0013414179232053112,0.0003217823487832488,0.019379820256250634
SAMPLE_04128,0.9979151549339379,0.9757970766701783,0.5998505114451634,0.9984256861592314,0.9873165483941522,0.01385852410914894,0.0002554178748313179,0.7561095465229464
SAMPLE_04129,0.9999437888608659,0.013778183165021681,0.02249134368338248,0.02857128783270745,0.33177709929074545,0.007502778974093137,0.0006453979435028003,0.030244309124317848
SAMPLE_04130,0.9999458646690658,0.3859312921143433,0.027363448442942417,0.5497240278895364,0.05890234131007088,0.08514536057061996,0.0007254589967544648,0.03877537277128268
SAMPLE_04131,0.9897742938001848,0.27821717544207647,0.01837922320846943,0.9984548071736935,0.5188008265886885,0.0018074713604314357,0.0005607433056298982,0.07058137064484313
SAMPLE_04132,0.9858260790702873,0.14331406447642356,0.0505136689349423,0.9970085498094304,0.4970720210389764,0.0006988452719135748,0.00015359757204537345,0.3290454737255542
SAMPLE_04133,0.1828283666948788,0.015301178987708016,0.0006784752143490867,0.99315858959877,0.012993816655096316,0.00013341874587025036,1.0,0.009423968083956239
SAMPLE_04134,0.999952516356369,0.3200175584706507,0.0059472266713869485,0.025886111941351014,0.007447471470320832,0.004678889296364966,0.0009075591692415865,0.005078323611921945
SAMPLE_04135,0.9999486409772572,0.025657704557335903,0.02805024004403949,0.14865504137785687,0.09270202268039922,0.0025682613168149003,0.00044164788270031576,0.02250773184865579
SAMPLE_04136,0.8624999032451797,0.00558455435940937,0.03753096141389438,0.8246535890595015,0.6119758927333458,0.00022764075135345226,1.0,0.5772657124006649
SAMPLE_04137,0.8031875889206201,0.019175474074595154,0.021561681080071275,0.10511860098334846,0.3302180718308265,0.00012223523476149895,0.00013033678276818333,0.16256362420527298
SAMPLE_04138,1.0,1.0,1.0,1.0,0.46728642539735643,1.0,0.9993966793455977,0.5548274577616286
SAMPLE_04139,0.9999506927061852,0.02424833953454622,0.004120208603893114,0.1276513654466895,0.012591744224226434,0.001132480739736329,0.0006664630441711172,0.004728791311372855
SAMPLE_04140,0.9839572543534987,0.038166796944966414,0.03138207150804386,0.9976552114900257,0.26410938501151654,0.0002322211134207967,0.00011319515262080894,0.053690760354257384
SAMPLE_04141,0.9998960556377089,0.015048641379541827,0.012011793038823274,0.07378009511172409,0.040632089934855245,0.0025033943269803646,0.00036337193568273076,0.023040454619000825
SAMPLE_04142,0.9999005065625491,0.4006841292478008,0.009457940670347706,0.9965668135412779,0.014472156370386272,0.00046574493844535054,0.0007874365718656344,0.006863675576274939
SAMPLE_04143,0.9999346228848204,0.11357051885008917,0.015453090434478001,0.38029362374379494,0.031065659996953387,0.013075844794796107,0.00048263492524801505,0.02358915179513472
SAMPLE_04144,0.9999548346637317,0.00791516141038726,0.008485223538304401,0.027052780998122094,0.005525096553871199,0.0013230063877659013,0.00021274124094310286,0.006755765573696927
SAMPLE_04145,0.9999509741872741,0.018815199185089455,0.02044967408659679,0.07593647708509038,0.13554476344486807,0.012441837139069139,0.0010229992288723496,0.027662236832113017
SAMPLE_04146,0.9999457085615144,0.5271570581329916,0.1524476585435662,0.7608611023742202,0.07731084272191928,0.003047966268060451,0.0008101439533635934,0.032291323745739293
SAMPLE_04147,0.39723759982142165,0.005162683148000986,0.0022563022934054206,0.005021053454847491,0.029133514174128322,0.00010318441598081935,1.0,0.024620587477046426
SAMPLE_04148,0.9999461082682677,0.03314435486816824,0.01104970872138058,0.03089442516798966,0.039119461812447374,0.011777780064388822,0.001811093651260456,0.016754063524017655
SAMPLE_04149,0.9905851565814479,0.21065743600521364,0.024377195435395124,0.9937852103946005,0.07859837721711067,0.00018874206198158427,7.703154804517505e-05,0.04495077700132167
SAMPLE_04150,0.4143515365542174,0.011199099372176191,0.02373197520017662,0.012751219854680047,0.5002925389622315,9.76416659987695e-05,1.0,0.6572316269684464
SAMPLE_04151,0.9999448692218827,0.2759189386786499,0.005654348707460623,0.023944943069778398,0.013576305689377188,0.0004020325206190988,0.0005975490277847146,0.005319570318607333
SAMPLE_04152,0.5022490028698777,0.005480844300442251,0.012685890361294213,0.47290601413279865,0.15752870635938362,0.0003809133298874493,1.0,0.1580475368074182
SAMPLE_04153,0.5867179980369688,0.01352390600751895,0.010325856137092592,0.05008494371140336,0.02239775703120437,0.0003700321856661496,1.0,0.022102649151027425
SAMPLE_04154,0.9999482455686077,0.00930463809755864,0.008032626715461674,0.016796563800573188,0.014110183317902323,0.0008035899364616803,0.0004689755277910647,0.008213492862836552
SAMPLE_04155,0.9915988235626031,0.4469410151997016,0.015388093400808035,0.9988088286580492,0.4926318337940015,0.00013390528686385794,0.00014719467146826352,0.16523838882707245
SAMPLE_04156,0.9998763707317595,0.021493173563589842,0.018564497570726892,0.3774970827323976,0.02035577884936271,0.0026815202008937194,0.000581805070197309,0.014372688322772864
SAMPLE_04157,0.8541529675174283,0.006240768247365626,0.005253875278687254,0.17387655253653742,0.04269823617340136,0.00021520742580163717,1.0,0.0393838973941809
SAMPLE_04158,0.99517839400469,0.5179956982876782,0.017141556434221994,0.9974747051831667,0.6478541196070419,0.00018075849171868917,7.371408088370206e-05,0.39982736132439517
SAMPLE_04159,0.7844673967701221,0.009170062558140905,0.23130795475337043,0.9961708533055843,0.8392203721302638,0.000396171169073597,1.0,0.8385142824082792
SAMPLE_04160,0.9999491601304198,0.03765875155924604,0.004884798603695859,0.02787890254452429,0.016394134469058436,0.00040215556942492785,0.0001809429157800106,0.004624014378230899
SAMPLE_04161,0.9949389602122984,0.3611181331736755,0.09797830371711178,0.9897664696814751,0.49080277734833383,0.000283001972780364,0.00019510460489223437,0.1340014526835659
SAMPLE_04162,0.7168761344463277,0.03800376321093603,0.01210595658791962,0.9739423311693983,0.2773803249421406,0.0001317272862428738,9.736474227447933e-05,0.15158517501740257
SAMPLE_04163,0.9998643682296272,0.972562788602589,0.38624959170335804,0.9974630366097639,0.6052819368819709,0.007887771888811275,0.0004417333391144943,0.539528674252274
SAMPLE_04164,0.2645013716892771,0.0023991586612852416,0.0016625873271510186,0.012631095891128041,0.1539117117417475,0.00013333150529533678,1.0,0.056947219408460203
SAMPLE_04165,0.9917464736060435,0.2533662824725469,0.20497654520135095,0.998035723042595,0.5848997373266189,0.00024292929342409358,9.722215494519811e-05,0.5409202148747527
SAMPLE_04166,0.992009614253438,0.054162547705282935,0.02034168928461443,0.15443430604558198,0.5196704495595983,0.0013897596472922144,0.00021176008921827984,0.40876921157532886
SAMPLE_04167,0.9931704132128163,0.03830241850064213,0.030445639389730838,0.9918187618267981,0.3298587759426163,0.0019130688864627842,0.0001187426686846527,0.044856762515194416
SAMPLE_04168,0.9663471541136293,0.04751917335385097,0.49193909304330485,0.9892239730142925,0.8435978266607981,0.000260060715835161,0.00013679071908834255,0.6033128599143337
SAMPLE_04169,0.9999476853635121,0.02043435239573916,0.023100509425484465,0.5670711122527765,0.03523006015731544,0.03584033992168275,0.0005508811638446156,0.12024495803740853
SAMPLE_04170,0.9761840944375587,0.014036199309126262,0.030943604143482455,0.036117266951963004,0.45361234273124174,0.0001007850658209726,1.0,0.5607434191436679
SAMPLE_04171,0.9999324719649995,0.014171631395777226,0.011321722869409016,0.9568669298051221,0.19366813347191977,0.0038959685437499974,0.0008886348304594459,0.04094408004964621
SAMPLE_04172,0.999909698230311,0.17531507257427897,0.01875816066890958,0.05027902378080519,0.07533551274538634,0.025209820410782374,0.0008713518468759972,0.027828065397653073
SAMPLE_04173,0.9999463987060133,0.3022735201910051,0.49904857487491194,0.6576829318468127,0.7464727534072573,0.44748760392031056,0.2786365237598808,0.4603823805943212
SAMPLE_04174,0.6790980710862917,0.009051839336892804,0.004217969450444644,0.022525336731500086,0.37813878601072526,0.00034002028806678805,1.0,0.3048411333610486
SAMPLE_04175,0.7273451297518851,0.2786908898253711,0.017884855140042517,0.9984007544970421,0.03559877667403758,0.0002625077663838333,0.00023364083805741347,0.0607416616297629
SAMPLE_04176,0.9999398823155339,0.0335897556191747,0.2651210610304078,0.24997751389882814,0.322759238645911,0.022991777298585866,0.000626601399342252,0.22000351437694352
SAMPLE_04177,0.7356885701083915,0.41118661055723027,0.024986257859387816,0.9988997836855882,0.038749102132301746,0.00010639990817571675,0.00011309513278008639,0.20330792795637262
SAMPLE_04178,0.999892242814966,0.541971506775038,0.12849128663289186,0.9967409389001572,0.4995507288226862,0.09351373547655549,0.0007322543317843887,0.3089428812030025
SAMPLE_04179,0.9998779387637132,0.9679939146257054,0.010287572257437115,0.995235144871758,0.020428964487476026,0.006020904713673227,0.0007098678968372091,0.008911362267004255
SAMPLE_04180,1.0,1.0,1.0,1.0,0.082813280963957,1.0,0.9993889939601075,0.24856399443127133
SAMPLE_04181,0.9918194906450148,0.03586552932663125,0.010468643380602525,0.972495199422134,0.04249360640829901,0.00030522389186788486,0.00015045159957650277,0.02553273566672772
SAMPLE_04182,0.9999464161636287,0.01416040285482897,0.012705772397325999,0.023604780669003643,0.01225352257009813,0.0065833047745352076,0.00043519881828020366,0.012444666883421874
SAMPLE_04183,0.8591894525588863,0.01851967723833326,0.001464718399256316,0.020348731537354812,0.33580347241161446,9.37449986408146e-05,1.0,0.2879264538935461
SAMPLE_04184,0.9999530668804318,0.011820879974132534,0.012724492346703295,0.010567205327941752,0.005805910855499452,0.0012068397764270406,0.0008817974887703054,0.005662378588253058
SAMPLE_04185,0.9999449949961494,0.01461172911755666,0.01005758392653382,0.016023814280807444,0.016402333772178073,0.004907156377731614,0.00040438256862318527,0.01155584287052135
SAMPLE_04186,0.08149228462671294,0.011113510241957282,0.017038837036408537,0.020864207960651353,0.43474164661017217,0.00019273362953717196,1.0,0.4535997034297298
SAMPLE_04187,0.7412760245976342,0.18756916708709304,0.025818147913937346,0.9984321013193872,0.027795784613841266,0.00020992779501643392,0.0001888212082571471,0.043954175165753104
SAMPLE_04188,0.9925738639534197,0.6371435891767474,0.023434514345586837,0.998730768291123,0.4657767454024674,0.00042537864465428467,0.00010686591626047873,0.3446307105178927
SAMPLE_04189,0.9853842368997924,0.3267760393095629,0.02315993748059518,0.9970268527380352,0.02904632876256183,0.001203564755576354,0.0001353808122294302,0.036308163160499216
SAMPLE_04190,0.9999505133802323,0.006280586794676269,0.017829577937471083,0.014818312805654665,0.02636367903251998,0.00610764067650856,0.0006259643463732235,0.01154549525572298
SAMPLE_04191,0.9999224088692984,0.01933694884909278,0.028040997169312236,0.4232334839085012,0.16395400391238507,0.02536502642190682,0.001287519724148292,0.02619742758437052
SAMPLE_04192,0.9998959723525459,0.03477187297658462,0.012787101447628884,0.018804183407130907,0.02483469607166642,0.002605633260474885,0.000299726846348288,0.011358874705460747
SAMPLE_04193,0.9812831521987697,0.03676871423208422,0.022443778049308756,0.4210550756875998,0.6705384568744892,0.0014479216028727468,0.0002542949615241922,0.4121529004174745
SAMPLE_04194,0.65777005403228,0.014465495525155022,0.011457810906400741,0.02013577607842381,0.013693674429103398,0.0001888713393228337,0.00010434453754548953,0.017540169748019245
SAMPLE_04195,0.999947084333845,0.017546817263682783,0.02400846036371137,0.6890965735063557,0.09959107706386323,0.0013631013866851273,0.0006929029552809025,0.02180524471384058
SAMPLE_04196,0.9997587248107479,0.0758854807145705,0.0892931590273321,0.9933842223784545,0.025529868347168784,0.004163459823868383,0.0004343346946937326,0.01683105933334094
SAMPLE_04197,0.9999480055773698,0.023100588187635974,0.0093382616960453,0.009589994655175547,0.01523331990940115,0.04581436830723118,0.00036919924896499485,0.016370774815114023
SAMPLE_04198,0.9999305820510644,0.021901988194065216,0.010637042832873362,0.3238854070163326,0.033483639603604995,0.008174658967617859,0.00028922740108785485,0.010330622645589583
SAMPLE_04199,0.9999136039868771,0.009064662529656445,0.09719064375592112,0.15326113689475637,0.23533763650873984,0.00756044294430525,0.0007994339668141823,0.1849078031922715
SAMPLE_04200,0.15176512712849144,0.0023903098118960866,0.030444302729417654,0.02072433887927398,0.4840312115452357,0.0002075564811143921,1.0,0.4918697314906873
SAMPLE_04201,0.9999166823328924,0.008562207172784605,0.003801087404652624,0.009498485789774863,0.005266346865754344,0.0004773468279194847,0.00012929737829104644,0.005016761763786623
SAMPLE_04202,0.9998699047137467,0.005491632088400813,0.05171779593514607,0.009635539391214747,0.2681691071493136,0.0017868487053017538,0.0018887914344212643,0.07475773499855054
SAMPLE_04203,0.9999464687218191,0.04765509269000204,0.028324861799557437,0.3672601689478302,0.06329334676524315,0.002205683375345809,0.0010399840331477544,0.02860369256661808
SAMPLE_04204,0.9999488648697523,0.009930746263064198,0.010326610998962055,0.025276659213444262,0.03879557993905193,0.00843957720847221,0.0008066194418615731,0.022561631494207084
SAMPLE_04205,0.9999426627843804,0.041708238690998024,0.020957075085641694,0.2629052314722808,0.32639974109165515,0.0022594832035163132,0.0002532463886845724,0.04250640864186438
SAMPLE_04206,0.99945014510253,0.6860370854151341,0.011258840613117984,0.9973728861682426,0.024068228767969456,0.002118523435861349,0.0010285959259452094,0.018601240033619515
SAMPLE_04207,0.9884078694638673,0.013791593548605383,0.13745718038943117,0.31878191463181865,0.7222454526915202,0.00010932995085218701,1.0,0.6171041926866176
SAMPLE_04208,0.9695602463268875,0.19504680667048163,0.012156778673290809,0.26837295275804096,0.0446243193022088,0.0003283438222257586,0.00012660747680279992,0.031931994051116804
SAMPLE_04209,0.9999384895796307,0.03613990234011506,0.007728945017465992,0.48294356478373696,0.017015869156199754,0.0020509329290193993,0.0005966779851273358,0.0067208791444934145
SAMPLE_04210,0.5467515640257007,0.03680342518095967,0.009607402733267028,0.9991636956349186,0.05509648049354652,0.000340759423269304,0.00024588603911010644,0.031215155130227247
SAMPLE_04211,0.999942857754928,0.010736059489456981,0.0050438103839373135,0.007151016953898091,0.1648802801686068,0.0004014304064483393,0.0002536571740798045,0.021566883970870688
SAMPLE_04212,0.9998356930613495,0.81298546573399,0.20686704010224846,0.9940728250385179,0.06783890211486773,0.00334971089186721,0.0008568620660683561,0.05970829723729707
SAMPLE_04213,0.9999516215020515,0.0054772213533900325,0.009893413887345714,0.007897172050114948,0.03145910840099046,0.006941457660850879,0.0004545160445085346,0.04348470817373134
SAMPLE_04214,0.8654778454333375,0.005163455257693056,0.00975338197933256,0.1926748580635329,0.47697366224491466,0.00024920050158756677,1.0,0.49876386997808125
SAMPLE_04215,0.9998065819848861,0.40655628932330573,0.009581520850885813,0.9980680003691503,0.15923630967135355,0.07019010670524442,0.004574394810546728,0.028954560795000788
SAMPLE_04216,0.9999089134147224,0.028084238580439846,0.07172903576018343,0.2131928990335477,0.1558684144374834,0.015394608391855618,0.003810288125636397,0.054010710829420626
SAMPLE_04217,0.2133826324376734,0.004075107897968004,0.207738609616404,0.019269313275370594,0.4361515584560878,0.00019348780124991857,1.0,0.28182554259835635
SAMPLE_04218,0.9998222184287842,0.21722084181001686,0.07582339066685764,0.9967162150191033,0.05725223669092917,0.001390234001754826,0.0005598526499941849,0.018975236363669414
SAMPLE_04219,0.07853115025102639,0.004566982072805608,0.0010445598542706022,0.9866349617636212,0.021716741741920932,0.000172462296159615,1.0,0.02014885229172261
SAMPLE_04220,0.9999345043359303,0.017762439920964518,0.12214000339661871,0.22485441181619842,0.4218256185775629,0.001281899018075598,0.0009703961220799594,0.2169603092145414
SAMPLE_04221,0.0535379645401277,0.006203931490628248,0.001689489935918322,0.016887987435028822,0.21423457699061604,0.0001624834089683135,1.0,0.06558254534812338
SAMPLE_04222,0.9999024194714229,0.26851015486014096,0.03603564092441925,0.98970716058061,0.05158401253590199,0.12076743177453106,0.002703986160654051,0.0063606743785408915
SAMPLE_04223,0.9294665257657904,0.012196711895293238,0.011663744898155092,0.9923530484880596,0.22984932106569467,0.0012539002033205824,0.0005865363645677368,0.2395758012451649
SAMPLE_04224,0.9997930047698531,0.22128952614041789,0.012637757080184367,0.7389177455507027,0.12404129745267041,0.00762640569963145,0.0008989017104212554,0.020018300186764003
SAMPLE_04225,0.9999257043101231,0.009095915612741028,0.004926518706057285,0.01711081706524847,0.025905173003136012,0.0005560362009592198,0.00032992754328660476,0.017214767133166324
SAMPLE_04226,0.9999173661083696,0.008968528741979393,0.00915194142128187,0.009515965016670845,0.022352248629481503,0.004177018116507723,0.0004141628570464264,0.012731768675433042
SAMPLE_04227,0.9999393227873972,0.008865845893172493,0.014332758073025581,0.04081432734894895,0.03328601048294061,0.00047727890987898897,0.0006478523631303762,0.00819230632351602
SAMPLE_04228,0.9468124890070471,0.012452219592951988,0.0014951254939537674,0.1985354270006489,0.02895152534888254,0.0003507686306597786,1.0,0.0236209450769702
SAMPLE_04229,0.999919061323369,0.014270339560110762,0.010647061340234788,0.8041320955418373,0.015807110752106102,0.009337192287842586,0.0009300746037165519,0.021955507059174637
SAMPLE_04230,0.9068444053108682,0.21491241979367084,0.15304589766560153,0.9810023043897189,0.4078727019119933,0.0006244955373975487,0.0001922921815950237,0.26817526110063084
SAMPLE_04231,0.5778239683928152,0.003584644475774183,0.007369598491461761,0.012273343131001667,0.23970809048708186,0.00026606586232839175,0.00013337802022207913,0.31260246294217164
SAMPLE_04232,0.8637032113529411,0.03650839106891936,0.019123985475295674,0.9979512211498965,0.503015967409626,0.0014033866948033357,0.00017934634929771728,0.2834514550960373
SAMPLE_04233,0.9999490457969147,0.04072510413569589,0.014305380365504975,0.04945723274070014,0.018763390967389285,0.029118882213370258,0.0012151762093231986,0.015820258741722652
SAMPLE_04234,0.9999185116490088,0.2026736335690443,0.020411781713584026,0.9702220017381377,0.2664853803827952,0.008875029366902381,0.0015090880083354912,0.29912988880345875
SAMPLE_04235,0.999941669017327,0.580907419311129,0.009641553517313701,0.567974314050932,0.02135775870817872,0.002498938627106025,0.0004036467413402048,0.006367077398173132
SAMPLE_04236,0.030781772871170204,0.009965060827670236,0.0013514336759413278,0.016524177356818288,0.1706442071191756,0.000247012307071415,1.0,0.06840101726081554
SAMPLE_04237,0.9998863438643294,0.027782069809704803,0.007902384273543797,0.011759250039308047,0.01283019761126623,0.003818021449197742,0.0011527265312337735,0.0065136839155837374
SAMPLE_04238,0.5782955001693031,0.015437340273306602,0.0065210251329156504,0.9719248724174017,0.2431327750307813,0.0007624103214153132,1.0,0.04624704264188082
SAMPLE_04239,0.99990138898741,0.4809676312004331,0.7446706519805232,0.9441551324519782,0.9670588093367274,0.08040858521664364,0.0007229194432037536,0.9390128199874678
SAMPLE_04240,0.013909483823137373,0.004169709411118705,0.18998653244138555,0.09255334132307103,0.6551393688902177,0.000136771472474164,1.0,0.5382219575403913
SAMPLE_04241,0.9998994637815766,0.014560651788594971,0.015790041547745777,0.011124645879505152,0.04493196710462849,0.0024756916975595365,0.0006285990810290935,0.030340849698460227
SAMPLE_04242,0.62770347967211,0.21320103617765515,0.08429390209330559,0.9981422396556324,0.4158394010568127,0.00014556262114231986,0.00014128772511490655,0.3364489414656947
SAMPLE_04243,0.999655510661652,0.20882481368107966,0.4516865807182793,0.9985529329717536,0.6678239414308476,0.029992400034455004,0.0022185699101816914,0.27358642945249956
SAMPLE_04244,0.9999349115588784,0.007030441346404315,0.008194991183693826,0.008048766007289264,0.07583193820925645,0.0009966315700361912,0.0004070442416210431,0.05273116127096662
SAMPLE_04245,0.9999481052583299,0.004527289908377222,0.011142383887589594,0.019556330482596872,0.005282012266315928,0.0014390212169999147,0.0001895523451249089,0.004524924356741229
SAMPLE_04246,0.4821465816102578,0.00683599182469187,0.0005832933496028719,0.007117412087292824,0.04530940406350622,0.0002805247819927443,1.0,0.03515800829451706
SAMPLE_04247,0.7543726840273123,0.03569041465089188,0.012853829657038154,0.9992600618269918,0.025530891122339354,0.0002795701779381308,0.0001661219540919214,0.021729711641161546
SAMPLE_04248,0.9931998044338572,0.04164637943989428,0.023082790817416838,0.9917838340974034,0.39460389328587564,0.0040341815068995505,0.0008591139726733977,0.37394968169587584
SAMPLE_04249,0.4340065483235119,0.006113828325355283,0.010668532143377488,0.009902304182750454,0.40294751812632823,0.00023290354111521206,0.00029906448559896955,0.4212057952775615
SAMPLE_04250,0.03252003779408488,0.0027458148313661856,0.0016778198211659968,0.0087316812310244,0.02043750523542121,0.00013040702685487854,1.0,0.023149487824324376
SAMPLE_04251,0.9725357994553324,0.016520300294418828,0.001616480791950171,0.03398774833434245,0.21867048776829207,0.00013241543786162555,1.0,0.20807895082939157
SAMPLE_04252,0.9997672684060295,0.0160905292845651,0.015016839277930603,0.009050038504618576,0.020250669043221713,0.001806740016856221,0.0005495486977073552,0.014238937029928863
SAMPLE_04253,0.4909704455319151,0.004625051540196908,0.0018053976080540316,0.022975376386267267,0.14653924188946293,0.0003819535137880071,1.0,0.06588260119189757
SAMPLE_04254,0.9999469694498859,0.15217592128631321,0.2319487518765057,0.5412187778784883,0.23900188808258638,0.15210390546906455,0.001680541791374533,0.040659696118095064
SAMPLE_04255,0.9820862014505941,0.03519299915045032,0.012541926375401432,0.997526546296403,0.57081445228943,0.00018875782629804063,0.00010497408078794322,0.5704295477943536
SAMPLE_04256,0.9999472464482398,0.16379785855199822,0.007847485013809018,0.2608239808522761,0.34490909396035746,0.0004924187746673315,0.000373177787498653,0.024708005255936076
SAMPLE_04257,0.9925025693695495,0.5693609936347948,0.034730278477435886,0.9919767747311645,0.17778304514551155,0.0001388841964257721,0.0001417541529943131,0.25674307841015576
SAMPLE_04258,0.9999260637144767,0.5314196558658858,0.015066902011629477,0.9866040623404118,0.2001174167777339,0.03549514219781371,0.001153865990118073,0.021464475384474026
SAMPLE_04259,0.9999136098490814,0.5919710336112638,0.02759104478353259,0.9991609401540712,0.0204218001887123,0.030889179812499067,0.0016332403567316273,0.024208642748269404
SAMPLE_04260,0.9999476259019213,0.006665722208263942,0.0033692095627741517,0.020548207131785082,0.007614317791082371,0.00022517057930888004,0.00019701515107626856,0.0020802646067475824
SAMPLE_04261,0.006692962972868852,0.00441685264511236,0.0012722889489857005,0.006449167280644657,0.03042968947342759,0.00020111234497748753,1.0,0.03019931010092975
SAMPLE_04262,0.9999013015896177,0.10508628076059381,0.01880932270738756,0.024402318465017395,0.4343602763063556,0.005352771589789163,0.000935583868838705,0.14554828013788948
SAMPLE_04263,0.9999505489097074,0.013953495548148625,0.01222762664931781,0.013614476376832541,0.029356332724264456,0.008774875913456602,0.00038311542939888614,0.017757979837203723
SAMPLE_04264,0.9757765392885785,0.03184787382580313,0.023099325674172843,0.9981420991594694,0.49914427561887187,0.0002716555211391493,0.00013880643219790122,0.5758660263172685
SAMPLE_04265,0.9999444377596254,0.2414133618418716,0.63079027573821,0.6042629063342941,0.6817262103869526,0.01443790787300426,0.0015421094477926264,0.568617780870621
SAMPLE_04266,0.9999321846812299,0.32603475903431484,0.005835477128438776,0.9778929382210076,0.02395206909011236,0.006248080543651773,0.00017521324273161326,0.03747552065597945
SAMPLE_04267,0.9934071137671842,0.12711067479820856,0.005242326481907039,0.9990870751608314,0.022670796335431405,0.00027074725655225394,0.00020238670517521524,0.013610067887406912
SAMPLE_04268,0.9858932719607468,0.020494103602419003,0.005670844658561742,0.9854652786363015,0.3971590193620665,0.00015406356960974483,0.0001955282698205163,0.2581071905205035
SAMPLE_04269,0.6528964721719378,0.015326377137749637,0.006777289821732273,0.014371896653198966,0.3510939554683737,0.0009224829053881098,0.00017807707534147862,0.230918118448946
SAMPLE_04270,0.999927088024001,0.014270015153294398,0.048449340374981345,0.027225224006030675,0.032008441548472946,0.004332484466233069,0.00046893309465174677,0.018548194913975337
SAMPLE_04271,0.9959033245522984,0.30469693261728215,0.02135236463165382,0.9975294817971794,0.9405423214687663,0.0019018332975883818,0.00011049684609948647,0.639863240181683
SAMPLE_04272,0.9998713512820874,0.04616145808777973,0.007990350809290666,0.2076335767090022,0.03666901212454291,0.0034519268467553764,0.0004378952034091799,0.01275582989846992
SAMPLE_04273,1.0,1.0,1.0,1.0,0.14676258273607407,1.0,0.9993202510206431,0.346080233783428
SAMPLE_04274,0.995485978560891,0.2911550928906753,0.02594860842329446,0.9969120359885764,0.34084762949567604,0.00043459203570148444,0.00012269946793997996,0.05795796514856606
SAMPLE_04275,0.9999467858057841,0.0046208942760802025,0.0037197424812166883,0.0028055795474300933,0.010483783716583208,0.003765706157590668,0.0006807332467031088,0.0075339063466688646
SAMPLE_04276,0.9999414900019215,0.0187654523498025,0.009127498117476743,0.01633013675245402,0.020394062161970074,0.008912349203158745,0.0005048343250014894,0.01780464189230084
SAMPLE_04277,0.9999252621122734,0.4897625492649351,0.09139007171547632,0.997903596860024,0.6207179176128136,0.12525426281435328,0.0015716899127201963,0.5769514336693491
SAMPLE_04278,0.9819945875422406,0.03808100826825146,0.0025260457239896093,0.5862140074217755,0.26457081734355026,9.117551418061873e-05,9.382267141942652e-05,0.05389582009637859
SAMPLE_04279,0.017701632020395645,0.00727468298582931,0.0026305120657421255,0.03910580565633627,0.05395137950320135,0.00023869099268396666,1.0,0.030249737133791244
SAMPLE_04280,0.9999425161946467,0.026794359611271235,0.03248835876888341,0.18943584737582309,0.19819851027814364,0.007889773952695096,0.003050290279645095,0.35356322065431434
SAMPLE_04281,0.9999495398122773,0.18796713726881317,0.020912236357154123,0.5213924882847896,0.20076209092400688,0.008178979196423228,0.0009825398152305588,0.03795041291815098
SAMPLE_04282,0.9776531710635602,0.13017071086190207,0.03551345023632575,0.9846299750511752,0.5892103707297837,0.0013105740513162964,0.00014796997028293258,0.5852595101713206
SAMPLE_04283,0.8473952642995373,0.3118850467738676,0.001166389249830248,0.9953334638003541,0.030833292112083393,0.00011087428229577161,1.0,0.01906447680576262
SAMPLE_04284,0.0351116097940804,0.008178573408082994,0.002529094294855166,0.9843496841880086,0.03110015846190945,0.00010345474270427391,1.0,0.04599292809306865
SAMPLE_04285,0.999948577019644,0.534353582710106,0.9352469400827147,0.9455384882628678,0.2560389483895629,0.07048320574114218,0.0023494132172825204,0.2826043239647761
SAMPLE_04286,0.9829313549143807,0.005499711922703912,0.005637028747364015,0.4358977018309913,0.45760820191023965,0.0001890333467747643,1.0,0.2944985980211549
SAMPLE_04287,0.9921731380331439,0.037318081567416776,0.1320795725597043,0.9909613574491077,0.3755563912883319,0.00023601847067800875,0.00017102859410081375,0.32506020082182074
SAMPLE_04288,0.9999503582575466,0.011076151922282567,0.010159403837904927,0.0323804206462034,0.025623923817686745,0.0010367997234610395,0.0009539799834558856,0.016497268984567943
SAMPLE_04289,0.3331311877124191,0.01126474773907131,0.0012928213705012124,0.9669706868475523,0.03712163799691444,0.00012228450502986535,1.0,0.03743901020897692
SAMPLE_04290,0.9826806801334232,0.016755392731772352,0.03481364976731567,0.03310728370684468,0.5993083374721563,0.0014064271169818715,1.0,0.7349365695118185
SAMPLE_04291,0.9910433637566737,0.4157323848820756,0.2862194246414905,0.9985502903747407,0.6568819270274548,0.000379614065561379,8.716248901387624e-05,0.5632349983268499
SAMPLE_04292,0.991356386795324,0.03589749739512919,0.015813147386946013,0.9966124035041277,0.42734958845186866,0.0005302524784127873,0.00043784995385126477,0.23440504876780038
SAMPLE_04293,0.9999254471977839,0.008311780526981248,0.010898447198158457,0.014950350702433942,0.1642538627340713,0.0020997618545270545,0.0005046773441569616,0.16808865167010018
SAMPLE_04294,0.9999255676732531,0.5469802440762217,0.007033348277313255,0.7905464799074867,0.01556102153909634,0.0017698121427240302,0.0003268901905657461,0.003868891163349396
SAMPLE_04295,0.999890960347335,0.009654411133830304,0.00804439571211631,0.032023204153992665,0.04219707366424004,0.0022083598365165136,0.00021692954658043714,0.016543572927441907
SAMPLE_04296,0.9998816108126667,0.022400553579413715,0.11517135360264837,0.9990390597885259,0.2234826653623921,0.003429509046788538,0.0009930722300991656,0.05637452991312819
SAMPLE_04297,0.031190677935789085,0.0031675749486310273,0.04789084979369189,0.010352770672142977,0.19591874197818296,0.0001858628706920662,1.0,0.16728487849489476
SAMPLE_04298,1.0,1.0,1.0,1.0,0.22941056769499188,1.0,0.9991368278366005,0.2741863807345093
SAMPLE_04299,0.9999499079543531,0.015863984370285945,0.022726063441359558,0.02235011430422105,0.0803694395513315,0.002580122474412292,0.0009846984288008646,0.04075026698496786
SAMPLE_04300,0.9999191162730835,0.017156548439018128,0.006662440479767949,0.9935436859826516,0.028798448400934984,0.005394514244596285,0.0002700156336059753,0.013630198985144568
SAMPLE_04301,0.9999320659636292,0.2683704868738247,0.010174882784538765,0.9982449381540105,0.04583159197090868,0.019999319645086052,0.000975146905321617,0.01720802216094961
SAMPLE_04302,0.9999515068126209,0.2285943366821815,0.00404613692495686,0.030520365765751255,0.013299924190611831,0.0038339762829938543,0.0002537657159556072,0.004077700739516055
SAMPLE_04303,0.999936831622161,0.01054418667767933,0.02210190506008808,0.27843450087367,0.11168009800439563,0.009794858560094719,0.00042952211662818156,0.028806442004446254
SAMPLE_04304,0.9905802007950211,0.048656028762276635,0.017321329145274216,0.9985750084271446,0.24981521730625394,0.00015222394430594648,0.00017657136280189726,0.2576471083428191
SAMPLE_04305,0.9999477966479796,0.20389302187412034,0.005776632685262066,0.17365813741947406,0.04034646156979706,0.0036090501478215934,0.0003446009540417188,0.02253674306001885
SAMPLE_04306,0.5755944722833035,0.010665254879186738,0.005120425367828384,0.7930084526271803,0.11611912868742522,0.00016849412650928893,1.0,0.04974822080802138
SAMPLE_04307,0.9999445195531287,0.017721872552036538,0.02124529952090352,0.02279603436861751,0.03699238543580552,0.1487944472537714,0.0011330978400607267,0.032430822485496905
SAMPLE_04308,0.9809586552693077,0.04769322619825943,0.009614822080667147,0.9949351566993843,0.04943729262191513,0.0003927562962674683,0.00012282812893763673,0.042000803356917714
SAMPLE_04309,0.43267344728832857,0.006227186397919313,0.0013346778047606635,0.015546707080819216,0.027399254113000187,9.363346818389209e-05,1.0,0.012358936460545696
SAMPLE_04310,1.0,1.0,1.0,1.0,0.37516603142883626,1.0,0.999545445586925,0.4901131051621236
SAMPLE_04311,0.9893413443397143,0.2596202542828015,0.023028751444596048,0.9986991000677389,0.5185479898166327,0.00020488195044598842,9.082385463361298e-05,0.37833628267422975
SAMPLE_04312,0.9999493092711031,0.4958224314949824,0.005671145415910779,0.278500419415059,0.013070152375624403,0.0008485805762062724,0.00026437171021382195,0.004653138044691151
SAMPLE_04313,0.9999450518950714,0.008844155957720617,0.007150011791440915,0.007383113626701433,0.010749267231864108,0.0009255489419019356,0.0009958657650614936,0.008138763148573595
SAMPLE_04314,0.9999383698788963,0.05116858067975953,0.11677471674124255,0.9685998286913302,0.39676093761681397,0.008436312437570174,0.0020002283148573916,0.10025548724667746
SAMPLE_04315,0.9850229411306988,0.005870609706290152,0.240301289361632,0.16007119558444025,0.7872596246567009,0.00017902125141710813,1.0,0.8409276491590971
SAMPLE_04316,0.9999418555268612,0.2433616466975297,0.01253078918964208,0.998683016247689,0.026642814882352667,0.007246335988037475,0.00032524142868581047,0.0303898617477603
SAMPLE_04317,0.9969835576989929,0.15052766147352364,0.012463422067971294,0.997812254554499,0.5727650547088863,0.0008498133012264285,0.0002138998346968409,0.13274645455525028
SAMPLE_04318,0.999952903501977,0.030779069309905392,0.01721825265138851,0.30186303846191737,0.13935233483877565,0.05399638464344242,0.0013569048465592636,0.03469951758768395
SAMPLE_04319,0.9816408363993862,0.5455720902795212,0.041052925768324686,0.9886441864454779,0.39558129326273994,0.00017835126819755822,0.00015142664581886217,0.37935489957216995
SAMPLE_04320,0.9999244050653904,0.028281023976258878,0.018416873301880684,0.9846064799715037,0.044801270784244694,0.002964870350482771,0.0011857434724208186,0.01617095245400397
SAMPLE_04321,0.2685008875028722,0.0049524729401655325,0.09617147828068782,0.010895895085146242,0.4098207673461749,0.0003987800846454644,1.0,0.3732091583693823
SAMPLE_04322,0.9934493567568099,0.3430878840592503,0.1379451268501159,0.9989930469983739,0.6831219081576059,0.00018729592987126116,0.00018845290088159044,0.29831176654205377
SAMPLE_04323,0.9997164067586833,0.030531526747534215,0.40825398243054306,0.05446310427873398,0.21767011942384779,0.0024293243922255394,0.00033686835668782277,0.20697778457829208
SAMPLE_04324,0.6028836871109895,0.09328397222149046,0.026031028497857704,0.9990071113043699,0.21863315483946494,0.0011676581650238535,0.0006522801037544747,0.21106743185715748
SAMPLE_04325,0.7562770640965097,0.03738196259282708,0.06210676475689588,0.029780158416365176,0.47309543413148997,9.299199326484413e-05,1.0,0.41923581562679235
SAMPLE_04326,0.8363940816751736,0.04650285502812621,0.03215540935643982,0.15579143991113947,0.657796543253611,0.00024626098634985074,0.0002028622163199547,0.44009444080589744
SAMPLE_04327,0.59453683343423,0.19289032010624357,0.002557878100865414,0.23915881776578135,0.17680416333079957,0.0004978760597309589,1.0,0.025087947380889764
SAMPLE_04328,0.9744052732074824,0.011339649101302694,0.013545470116834435,0.9480557962698855,0.5028494132039949,0.0001079290577881734,1.0,0.36231257721296456
SAMPLE_04329,0.9997575705892687,0.5066442866799512,0.4477706679009593,0.8068634997547675,0.31358452238172674,0.036138805251534775,0.011333203852143921,0.33690300337420465
SAMPLE_04330,0.9999107673186873,0.31697100730783434,0.022189175535636506,0.9746028751459758,0.03891979557882602,0.01063486590265662,0.0004619100829465152,0.038086362768069995
SAMPLE_04331,0.9999377637966285,0.19894502971596417,0.013766446784597833,0.6440430391299484,0.035222905312378164,0.011388382792912388,0.000718163511733989,0.02475138686823552
SAMPLE_04332,0.9987881711576538,0.5989041979546667,0.02180482014028482,0.9984916837963173,0.25150656954777334,0.0001316895033291141,9.937172547575551e-05,0.010819570327017766
SAMPLE_04333,0.017734241966764867,0.0023774703217318525,0.009307109499883174,0.014066999320590332,0.0275819515813945,0.00019869318422455077,1.0,0.028267996519055982
SAMPLE_04334,0.993643223422119,0.04162829237672921,0.015292304472986452,0.996850673872945,0.5416216062823062,0.0002959042646748211,0.00022771226854495724,0.26969495883778133
SAMPLE_04335,0.9999372190925373,0.00962106607350291,0.0036310178408273186,0.008825151673224455,0.012207810913377708,0.0013847710385246213,0.000595171222148176,0.010902850490266482
SAMPLE_04336,0.9768763068274477,0.029098371523583588,0.021167210602835895,0.9980095229374237,0.4310244995569927,0.00031256495458248536,0.00014032395917724173,0.048360469896898836
SAMPLE_04337,1.0,1.0,1.0,1.0,0.6977486361835687,1.0,0.9991667612214788,0.7671167178364835
SAMPLE_04338,0.9999488291073806,0.3932114352303314,0.018089482761402913,0.5743931969538226,0.19495563234474328,0.0007793750921485691,0.00012339466494161005,0.034299651584873324
SAMPLE_04339,0.9962077017036324,0.6527694190883405,0.009199771010283995,0.9976739293467792,0.9776946213183768,0.001891433834304599,0.00025284281497711913,0.24763341671095757
SAMPLE_04340,1.0,1.0,1.0,1.0,0.2313713063955632,1.0,0.9989382133936673,0.3753072511579817
SAMPLE_04341,0.9997289225302144,0.48966522428925785,0.11443738986399625,0.9928206820137776,0.2447832054061269,0.023014750619084694,0.0022005311458100116,0.17791423620854735
SAMPLE_04342,0.9999337860697002,0.06705187025095291,0.0017172417035917341,0.15750667811348978,0.00755887459635112,0.0010313329268314307,0.00019504466258639315,0.008942042723297983
SAMPLE_04343,0.4629084463889054,0.023875694570918777,0.41482327601432606,0.9724008300963201,0.7190406828240552,0.00020029923208288148,1.0,0.7291033188811842
SAMPLE_04344,0.8469084418111097,0.008815002378316379,0.026125087121549283,0.023507998902896572,0.6518672649609842,0.00033085837923908085,0.00030334381368315674,0.47695943578785027
SAMPLE_04345,0.12754886260086945,0.0019271183312186686,0.0010531729169893907,0.003196273234177567,0.03896645997440238,0.00014590205399998976,1.0,0.0353002010826853
SAMPLE_04346,0.9969045190367952,0.00944834611242557,0.020699936275896814,0.01297195711152217,0.1553633166949972,0.0020699371671851112,0.08658753927180618,0.34014413385749365
SAMPLE_04347,0.9999432318319361,0.40445079017074653,0.02165098176524301,0.9985535090541442,0.057813646172638136,0.014551897708661485,0.0012115742649881317,0.05317973899317925
SAMPLE_04348,0.8750748695833673,0.40952274905909974,0.21343733831865425,0.9948359718381756,0.4468088953234416,0.0004045801587779413,0.0003188217591551546,0.5929658541051417
SAMPLE_04349,0.9954780070583353,0.2647531994086721,0.27690076781550277,0.9933410659304833,0.40150199745811666,0.00028036234035432533,0.00023278805775255908,0.0750381798485907
SAMPLE_04350,0.966898229901432,0.010029182028425657,0.03709261599867204,0.03281365050647338,0.4644756671010574,0.00012190938049886043,1.0,0.3920817597542563
SAMPLE_04351,0.9999389217949242,0.018649000296806603,0.010780087391273395,0.03774539068569088,0.01868166490807763,0.0008034418844654939,0.0002862087310125056,0.009567606021023956
SAMPLE_04352,0.4635793669610561,0.0383021200561561,0.007002688114876604,0.9960384867775037,0.0482279287343544,0.0005287007602973138,0.00024169455491765656,0.03964242398012313
SAMPLE_04353,0.969081808207956,0.41923425511444934,0.03806714917618553,0.989829155040219,0.4082729711107603,0.00036228958467510706,0.0001225683176818742,0.3602385710155575
SAMPLE_04354,0.6443467579690366,0.3039323211969366,0.008416036773837773,0.9974458668402455,0.42157836255099285,0.00046918877666323724,9.538899927628714e-05,0.16308562838530083
SAMPLE_04355,0.2646421393498023,0.0037831638563901983,0.024651336914504916,0.011393540461717758,0.24058297619917904,0.0011721429005034708,1.0,0.26244910351018574
SAMPLE_04356,0.9998297966395635,0.2511978999860704,0.13997901018386097,0.9851186163915779,0.039788825756244664,0.003778588789056727,0.0016234554727765417,0.18369005725898774
SAMPLE_04357,0.7327592640367937,0.028922688837620503,0.0018587539646604506,0.009315922380884897,0.1954805611238101,0.00012256931149912646,1.0,0.2255664127849486
SAMPLE_04358,0.9999340325225392,0.018018867749774025,0.011414607201301451,0.009756741838333962,0.0596603342267798,0.0148676708653178,0.000579370680474849,0.026743627877544744
SAMPLE_04359,0.9905684979609795,0.4397129638269572,0.03803631733290608,0.9994523233112528,0.04305690583699727,0.00019609563670861205,0.00013156561788794902,0.057314822424196124
