sample_id,Ampicillin,Amoxicillin_Clavulanic_acid,Cefotaxime,Cefuroxime,Ciprofloxacin,Ertapenem,Imipenem,Levofloxacin
SAMPLE_03360,0.482,0.054,0.16875,0.21275,0.10675000000000001,0.587,0.443,0.10224999999999998
SAMPLE_03361,0.05249999999999999,0.11099999999999999,0.07150000000000001,0.30425,0.1515,0.09425,0.68675,0.2555
SAMPLE_03362,0.23400000000000004,0.56075,0.49624999999999997,0.364,0.7655,0.30025,0.1775,0.729
SAMPLE_03363,0.07475,0.10574999999999998,0.3615,0.26025000000000004,0.281,0.10175000000000001,0.7020000000000001,0.31124999999999997
SAMPLE_03364,0.161,0.6485000000000001,0.7927500000000001,0.59,0.78725,0.36150000000000004,0.1965,0.7255
SAMPLE_03365,0.3715,0.57,0.742,0.472,0.5105,0.27525,0.33375,0.51725
SAMPLE_03366,0.20525,0.41525,0.68325,0.753,0.66675,0.1785,0.82775,0.83925
SAMPLE_03367,0.3825,0.72425,0.6839999999999999,0.6375,0.79125,0.221,0.386375,0.8049999999999999
SAMPLE_03368,0.19774999999999998,0.46675,0.88175,0.758,0.74275,0.115,0.88725,0.91675
SAMPLE_03369,0.3225,0.81725,0.846,0.625,0.8872499999999999,0.5615,0.22775,0.94175
SAMPLE_03370,0.41924999999999996,0.5247499999999999,0.6635,0.84775,0.5025,0.4615,0.526,0.46125000000000005
SAMPLE_03371,0.22025,0.25075000000000003,0.11649999999999999,0.6712499999999999,0.28125,0.17875000000000002,0.12175,0.37925
SAMPLE_03372,0.35,0.75825,0.6675,0.6100000000000001,0.44075,0.3195,0.55575,0.479
SAMPLE_03373,0.40199999999999997,0.65975,0.509,0.6937500000000001,0.46725,0.39549999999999996,0.28674999999999995,0.347
SAMPLE_03374,0.05025,0.24075000000000002,0.10925,0.23550000000000001,0.321,0.16425,0.6945,0.4145
SAMPLE_03375,0.31475000000000003,0.70625,0.44475,0.55625,0.438,0.11525,0.151625,0.5185
SAMPLE_03376,0.1325,0.67275,0.633,0.63475,0.69625,0.35525000000000007,0.43574999999999997,0.68275
SAMPLE_03377,0.30725,0.66575,0.4675,0.45775,0.64175,0.18225000000000002,0.11275,0.617
SAMPLE_03378,0.8335,0.26849999999999996,0.13225,0.2875,0.19225,0.44849999999999995,0.153,0.1755
SAMPLE_03379,0.73675,0.754,0.71325,0.66725,0.35625,0.8760000000000001,0.5825,0.39425
SAMPLE_03380,0.423,0.8955000000000001,0.861,0.4425,0.949,0.371,0.32375000000000004,0.6677500000000001
SAMPLE_03381,0.20950000000000002,0.61175,0.32649999999999996,0.58575,0.431,0.381,0.28525,0.45375
SAMPLE_03382,0.632,0.22875,0.2765,0.36350000000000005,0.31775,0.59575,0.41400000000000003,0.20024999999999998
SAMPLE_03383,0.8255000000000001,0.1835,0.26075,0.20825,0.24274999999999997,0.38525,0.31875,0.27075000000000005
SAMPLE_03384,0.63925,0.52575,0.70975,0.48074999999999996,0.51125,0.8705,0.7402500000000001,0.605
SAMPLE_03385,0.33775000000000005,0.6612500000000001,0.58025,0.6084999999999999,0.65875,0.26575000000000004,0.22,0.5525
SAMPLE_03386,0.42775,0.63325,0.61175,0.5429999999999999,0.7155,0.49175,0.353,0.7585
SAMPLE_03387,0.023,0.1355,0.08074999999999999,0.3045,0.26325000000000004,0.23199999999999998,0.69075,0.2645
SAMPLE_03388,0.020250000000000004,0.23750000000000002,0.1355,0.722,0.49150000000000005,0.057999999999999996,0.68475,0.71125
SAMPLE_03389,0.91475,0.14525,0.23075,0.12525,0.38025,0.45399999999999996,0.22475,0.13225
SAMPLE_03390,0.9297500000000001,0.62575,0.05475,0.36050000000000004,0.22825,0.26325,0.0875,0.095
SAMPLE_03391,0.5417500000000001,0.27525,0.62275,0.38250000000000006,0.3715,0.6255,0.46675,0.31575
SAMPLE_03392,0.73425,0.104,0.10625000000000001,0.1895,0.102,0.54225,0.24125000000000002,0.1
SAMPLE_03393,0.6575,0.481,0.72075,0.32499999999999996,0.43475,0.8942500000000001,0.71,0.3175
SAMPLE_03394,0.9437500000000001,0.39075000000000004,0.47500000000000003,0.30074999999999996,0.3875,0.649,0.5435,0.2885
SAMPLE_03395,0.9075,0.1235,0.44625000000000004,0.2505,0.43474999999999997,0.40349999999999997,0.396,0.196
SAMPLE_03396,0.1245,0.20875,0.18525000000000003,0.3725,0.34725,0.121,0.6935,0.36575
SAMPLE_03397,0.26725000000000004,0.6839999999999999,0.83475,0.529,0.67825,0.30525,0.38525,0.7294999999999999
SAMPLE_03398,0.22075,0.72,0.8015000000000001,0.633,0.79125,0.38725,0.4475,0.83675
SAMPLE_03399,0.19774999999999998,0.7305,0.15000000000000002,0.35425,0.7369999999999999,0.2465,0.68325,0.6787500000000001
SAMPLE_03400,0.9012500000000001,0.3185,0.34225,0.39325000000000004,0.36525,0.44775000000000004,0.42300000000000004,0.19050000000000003
SAMPLE_03401,0.73125,0.37324999999999997,0.246,0.228,0.2055,0.65625,0.5932499999999999,0.16574999999999998
SAMPLE_03402,0.14075,0.5239999999999999,0.6459999999999999,0.39499999999999996,0.5745,0.09175,0.726,0.524
SAMPLE_03403,0.8532500000000001,0.48675,0.45975,0.45624999999999993,0.49325,0.753,0.32325000000000004,0.47875
SAMPLE_03404,0.38375,0.7625000000000001,0.7757499999999999,0.7875000000000001,0.7649999999999999,0.71075,0.581125,0.70275
SAMPLE_03405,0.40075,0.74025,0.64875,0.6625,0.8772500000000001,0.5205000000000001,0.57775,0.64325
SAMPLE_03406,0.77075,0.25825,0.32425,0.23800000000000002,0.21225,0.44975,0.43525,0.18075000000000002
SAMPLE_03407,0.9855,0.914625,0.845125,0.9361250000000001,0.562625,0.9855,0.8403750000000001,0.768625
SAMPLE_03408,0.513,0.8109999999999999,0.74575,0.7172499999999999,0.499,0.8727499999999999,0.6609999999999999,0.46599999999999997
SAMPLE_03409,0.024,0.43625,0.1905,0.72675,0.52925,0.07125000000000001,0.686,0.67375
SAMPLE_03410,0.9855,0.9403750000000001,0.9068750000000001,0.9401250000000001,0.687875,0.9855,0.840125,0.8106249999999999
SAMPLE_03411,0.64925,0.49675,0.634,0.474,0.30625,0.90825,0.71075,0.33249999999999996
SAMPLE_03412,0.5245,0.653,0.31000000000000005,0.30725,0.529,0.80675,0.58875,0.4355
SAMPLE_03413,0.68225,0.42799999999999994,0.16699999999999998,0.46975,0.1745,0.70075,0.36275,0.17074999999999999
SAMPLE_03414,0.015,0.24425000000000002,0.721,0.5740000000000001,0.581,0.10225000000000001,0.86075,0.652
SAMPLE_03415,0.711,0.14300000000000002,0.337,0.22375,0.115,0.692,0.44475000000000003,0.1235
SAMPLE_03416,0.645,0.7322500000000001,0.69375,0.7875000000000001,0.6877500000000001,0.86275,0.7065,0.60625
SAMPLE_03417,0.03875000000000001,0.05675,0.06025,0.23825000000000002,0.211,0.10625000000000001,0.6855,0.28825
SAMPLE_03418,0.606,0.43474999999999997,0.462,0.5367500000000001,0.27975,0.7484999999999999,0.6645,0.243
SAMPLE_03419,0.80375,0.71475,0.73225,0.392,0.59375,0.8455000000000001,0.63475,0.472
SAMPLE_03420,0.516,0.8185,0.8927499999999999,0.7882499999999999,0.7725,0.7765,0.7995,0.833
SAMPLE_03421,0.15699999999999997,0.30974999999999997,0.55,0.17225,0.61925,0.21075,0.21025,0.6799999999999999
SAMPLE_03422,0.638,0.6769999999999999,0.8305,0.36575,0.62075,0.70275,0.696,0.5385
SAMPLE_03423,0.14750000000000002,0.43125,0.55475,0.2775,0.57025,0.318,0.2025,0.59875
SAMPLE_03424,0.15225,0.48575,0.67775,0.66225,0.6034999999999999,0.5805,0.2545,0.6485000000000001
SAMPLE_03425,0.594,0.6832500000000001,0.47775,0.641,0.7155,0.96075,0.6415,0.5940000000000001
SAMPLE_03426,0.5465,0.5945,0.6709999999999999,0.6997500000000001,0.714,0.88075,0.6625000000000001,0.6672499999999999
SAMPLE_03427,0.73975,0.5245,0.3165,0.392,0.40825,0.5145,0.47575,0.167
SAMPLE_03428,0.191,0.6315,0.4075,0.716,0.49699999999999994,0.10275000000000001,0.0815,0.6032500000000001
SAMPLE_03429,0.03825,0.18175,0.72775,0.38125,0.3525,0.10775,0.8605,0.3745
SAMPLE_03430,0.6507499999999999,0.5455,0.52525,0.53675,0.482,0.555,0.56675,0.5065
SAMPLE_03431,0.5367500000000001,0.1545,0.485,0.463,0.15300000000000002,0.62375,0.569,0.248
SAMPLE_03432,0.4085,0.72,0.91475,0.69425,0.8965,0.66625,0.44675,0.8412499999999999
SAMPLE_03433,0.09275,0.267,0.189,0.50775,0.3585,0.5265,0.6950000000000001,0.44575
SAMPLE_03434,0.8995,0.62575,0.64925,0.51475,0.5417500000000001,0.88525,0.561,0.39975000000000005
SAMPLE_03435,0.92025,0.28125,0.38575000000000004,0.27775,0.0655,0.427,0.3925,0.08574999999999999
SAMPLE_03436,0.90375,0.30274999999999996,0.48050000000000004,0.38025,0.1315,0.55125,0.3035,0.19374999999999998
SAMPLE_03437,0.90675,0.08449999999999999,0.25925,0.20375,0.21875,0.36724999999999997,0.21425,0.13925
SAMPLE_03438,0.25575000000000003,0.482,0.66625,0.13974999999999999,0.8487499999999999,0.26525,0.405,0.7354999999999999
SAMPLE_03439,0.70525,0.24025000000000002,0.344,0.27925,0.11499999999999999,0.67675,0.47724999999999995,0.0965
SAMPLE_03440,0.4375,0.6787500000000001,0.8215,0.4945,0.92875,0.44299999999999995,0.38675000000000004,0.8234999999999999
SAMPLE_03441,0.40525,0.5265,0.484,0.56725,0.73275,0.26275000000000004,0.3385,0.71525
SAMPLE_03442,0.81975,0.4385,0.15125,0.422,0.126,0.5345,0.5145,0.10900000000000001
SAMPLE_03443,0.8407500000000001,0.77675,0.67925,0.409,0.863,0.7030000000000001,0.48725,0.68225
SAMPLE_03444,0.10099999999999999,0.266,0.09200000000000001,0.7667499999999999,0.33199999999999996,0.06175,0.68225,0.50925
SAMPLE_03445,0.621,0.41950000000000004,0.34625,0.5800000000000001,0.358,0.81375,0.653,0.4175
SAMPLE_03446,0.518,0.44500000000000006,0.41400000000000003,0.53225,0.7185,0.56225,0.39225,0.7595000000000001
SAMPLE_03447,0.42075,0.6825,0.66625,0.50925,0.83325,0.3315,0.3165,0.7152499999999999
SAMPLE_03448,0.633,0.7210000000000001,0.27475000000000005,0.5425,0.46025,0.8322499999999999,0.71375,0.27125
SAMPLE_03449,0.3385,0.425,0.337,0.5435,0.1945,0.64,0.28875,0.26475
SAMPLE_03450,0.16675,0.49224999999999997,0.274,0.39425,0.18975000000000003,0.329,0.197,0.28
SAMPLE_03451,0.08499999999999999,0.351,0.9245,0.687,0.76575,0.32025,0.8654999999999999,0.9065
SAMPLE_03452,0.3285,0.657,0.39199999999999996,0.57575,0.6325000000000001,0.28075,0.13125,0.39175
SAMPLE_03453,0.12899999999999998,0.22125,0.35825,0.42074999999999996,0.53825,0.095,0.71725,0.50175
SAMPLE_03454,0.5295,0.34675,0.38874999999999993,0.20900000000000002,0.589,0.329,0.2455,0.43525
SAMPLE_03455,0.72975,0.35725,0.44125000000000003,0.34275,0.362,0.773,0.63525,0.243
SAMPLE_03456,0.8735,0.24425000000000002,0.23525,0.20525,0.2765,0.5267499999999999,0.21475,0.221
SAMPLE_03457,0.31125,0.8847499999999999,0.8785,0.63475,0.982,0.78175,0.36075,0.905
SAMPLE_03458,0.448,0.82575,0.92775,0.7475,0.9644999999999999,0.60275,0.6525,0.54775
SAMPLE_03459,0.719,0.7902499999999999,0.45075000000000004,0.446,0.41425,0.847,0.7565,0.32325000000000004
SAMPLE_03460,0.9067500000000001,0.7154999999999999,0.64325,0.43025,0.58125,0.80525,0.62825,0.45875000000000005
SAMPLE_03461,0.3715,0.6822499999999999,0.6960000000000001,0.57675,0.85175,0.50075,0.280375,0.656
SAMPLE_03462,0.37424999999999997,0.6032500000000001,0.5259999999999999,0.74075,0.39425,0.41625000000000006,0.24975000000000003,0.5775
SAMPLE_03463,0.9855,0.937625,0.874125,0.938625,0.5943750000000001,0.9855,0.8410000000000001,0.754875
SAMPLE_03464,0.9257500000000001,0.5964999999999999,0.07,0.26275,0.21775,0.423,0.29874999999999996,0.1
SAMPLE_03465,0.55625,0.54425,0.409,0.3425,0.6155,0.62125,0.37975,0.68725
SAMPLE_03466,0.151,0.44525,0.55675,0.36175,0.5814999999999999,0.044,0.71825,0.5640000000000001
SAMPLE_03467,0.34025000000000005,0.6092500000000001,0.9622499999999999,0.80575,0.851,0.53575,0.6054999999999999,0.904
SAMPLE_03468,0.15725,0.5855,0.28325,0.33775,0.54975,0.193,0.09775,0.6335
SAMPLE_03469,0.79975,0.28475,0.243,0.34175,0.46974999999999995,0.63175,0.5417500000000001,0.1665
SAMPLE_03470,0.94675,0.3295,0.30474999999999997,0.21225000000000002,0.2925,0.7134999999999999,0.30975,0.24325
SAMPLE_03471,0.1425,0.47775,0.7479999999999999,0.405,0.6092500000000001,0.10300000000000001,0.77025,0.6202500000000001
SAMPLE_03472,0.7252500000000001,0.55625,0.265,0.39525,0.27249999999999996,0.48825,0.33675000000000005,0.15325
SAMPLE_03473,0.23725000000000002,0.6365,0.6105,0.758,0.75675,0.044,0.7955,0.9275
SAMPLE_03474,0.7665,0.70575,0.40900000000000003,0.38025,0.32075,0.831,0.59025,0.19725
SAMPLE_03475,0.303,0.61975,0.46325,0.54525,0.55675,0.29974999999999996,0.25425000000000003,0.535
SAMPLE_03476,0.8194999999999999,0.36624999999999996,0.18325,0.16399999999999998,0.25125000000000003,0.74825,0.34175,0.18725
SAMPLE_03477,0.43975000000000003,0.555,0.629,0.59675,0.7295,0.38,0.33775,0.74125
SAMPLE_03478,0.70775,0.43325,0.651,0.29975,0.46875,0.9275,0.5802499999999999,0.40575
SAMPLE_03479,0.8367500000000001,0.83525,0.6465000000000001,0.681,0.5830000000000001,0.718,0.29125,0.6475
SAMPLE_03480,0.8695,0.388,0.55425,0.39875,0.68425,0.54,0.33225,0.5569999999999999
SAMPLE_03481,0.7335,0.345,0.28525,0.468,0.244,0.59075,0.512,0.21100000000000002
SAMPLE_03482,0.23824999999999996,0.4225,0.5575,0.14150000000000001,0.62575,0.3245,0.245,0.64775
SAMPLE_03483,0.8212499999999999,0.47724999999999995,0.542,0.37000000000000005,0.5,0.8395,0.4435,0.49075
SAMPLE_03484,0.57875,0.853,0.8640000000000001,0.6222500000000001,0.74475,0.90825,0.7755000000000001,0.705
SAMPLE_03485,0.21375,0.44675,0.483,0.41374999999999995,0.7707499999999999,0.137,0.13775,0.69075
SAMPLE_03486,0.16875,0.50575,0.2455,0.30375,0.758,0.11074999999999999,0.6905,0.67
SAMPLE_03487,0.50075,0.34650000000000003,0.28350000000000003,0.24675,0.14175,0.7842500000000001,0.6859999999999999,0.18675
SAMPLE_03488,0.35175,0.3815,0.598,0.57025,0.6575,0.283,0.20800000000000002,0.532
SAMPLE_03489,0.257,0.5702499999999999,0.53825,0.6950000000000001,0.60325,0.26875,0.23925,0.56975
SAMPLE_03490,0.152,0.247,0.32125000000000004,0.28125,0.54325,0.215,0.80575,0.6535
SAMPLE_03491,0.65675,0.75025,0.6749999999999999,0.60275,0.6052500000000001,0.79075,0.4965,0.60475
SAMPLE_03492,0.50175,0.354,0.46299999999999997,0.5575000000000001,0.34975,0.5815,0.43499999999999994,0.376
SAMPLE_03493,0.861,0.478,0.8572500000000001,0.394,0.633,0.83775,0.5005000000000001,0.57625
SAMPLE_03494,0.1905,0.40475,0.20450000000000002,0.61375,0.587,0.24425000000000002,0.685,0.73475
SAMPLE_03495,0.822,0.57975,0.43325,0.36975,0.3065,0.62975,0.61025,0.38875000000000004
SAMPLE_03496,0.7294999999999999,0.5065,0.343,0.4585,0.34774999999999995,0.68425,0.245,0.36650000000000005
SAMPLE_03497,0.496,0.764,0.77875,0.53575,0.6327499999999999,0.9037499999999999,0.71275,0.5892499999999999
SAMPLE_03498,0.08124999999999999,0.33799999999999997,0.22025000000000003,0.496,0.62225,0.053,0.8674999999999999,0.71625
SAMPLE_03499,0.74725,0.59675,0.5895,0.75725,0.5725,0.6950000000000001,0.4855,0.55625
SAMPLE_03500,0.841,0.327,0.56225,0.38725,0.5075000000000001,0.4695,0.42650000000000005,0.23975
SAMPLE_03501,0.34874999999999995,0.6839999999999999,0.28075,0.68925,0.66325,0.0675,0.08637500000000001,0.6612499999999999
SAMPLE_03502,0.73575,0.5712499999999999,0.803,0.28575,0.6482500000000001,0.8747499999999999,0.8102499999999999,0.5605
SAMPLE_03503,0.9329999999999999,0.2085,0.53625,0.37925,0.2475,0.622,0.52575,0.16749999999999998
SAMPLE_03504,0.311,0.67125,0.57325,0.682,0.551,0.3555,0.21149999999999997,0.6582500000000001
SAMPLE_03505,0.5690000000000001,0.5882499999999999,0.802,0.52125,0.67625,0.77225,0.741,0.47625
SAMPLE_03506,0.181,0.0965,0.42425,0.46825000000000006,0.273,0.13075,0.72725,0.37725000000000003
SAMPLE_03507,0.0465,0.156,0.06325,0.26325,0.40275,0.15175,0.6875,0.4159999999999999
SAMPLE_03508,0.8945,0.21599999999999997,0.4285,0.39825000000000005,0.46675,0.6435,0.5037499999999999,0.35975
SAMPLE_03509,0.73275,0.304,0.38575,0.23650000000000002,0.38249999999999995,0.68325,0.44575000000000004,0.32825
SAMPLE_03510,0.12675,0.35375,0.346,0.63925,0.614,0.08474999999999999,0.75725,0.70675
SAMPLE_03511,0.7354999999999999,0.55625,0.0965,0.40875,0.2055,0.60575,0.255,0.1335
SAMPLE_03512,0.29724999999999996,0.7484999999999999,0.56525,0.7847500000000001,0.5982500000000001,0.24375000000000002,0.522,0.67925
SAMPLE_03513,0.48475,0.5670000000000001,0.8760000000000001,0.76125,0.69075,0.792,0.70825,0.6265
SAMPLE_03514,0.799,0.24425000000000002,0.37675,0.1875,0.3445,0.4365,0.48975,0.23475
SAMPLE_03515,0.31525,0.6275000000000001,0.7995,0.5635,0.64775,0.0895,0.23175,0.7735
SAMPLE_03516,0.8160000000000001,0.6559999999999999,0.83125,0.46825,0.7212500000000001,0.7945,0.633,0.7695
SAMPLE_03517,0.00625,0.09625,0.11449999999999999,0.3695,0.08825,0.18025,0.6990000000000001,0.164
SAMPLE_03518,0.05125,0.30700000000000005,0.02625,0.4935,0.20700000000000002,0.2015,0.68125,0.35375
SAMPLE_03519,0.5885,0.512,0.64825,0.6875,0.747,0.7175,0.614,0.7945
SAMPLE_03520,0.43025,0.88825,0.802,0.62975,0.7464999999999999,0.54575,0.5834999999999999,0.78825
SAMPLE_03521,0.8059999999999999,0.18475,0.51075,0.3195,0.153,0.61275,0.49775,0.22175
SAMPLE_03522,0.17675000000000002,0.17675,0.16125,0.334,0.217,0.116,0.77825,0.34325
SAMPLE_03523,0.6179999999999999,0.949,0.9515,0.8450000000000001,0.9145,0.9644999999999999,0.8019999999999999,0.9049999999999999
SAMPLE_03524,0.9175,0.70275,0.11649999999999999,0.529,0.34425000000000006,0.43475,0.375,0.167
SAMPLE_03525,0.57725,0.8435,0.83325,0.75475,0.79825,0.949,0.7855000000000001,0.625
SAMPLE_03526,0.11499999999999999,0.3065,0.11375,0.7915,0.249,0.14875,0.68625,0.48400000000000004
SAMPLE_03527,0.87725,0.70475,0.6995,0.44849999999999995,0.679,0.7175,0.45225,0.39925
SAMPLE_03528,0.505,0.595,0.53675,0.6287499999999999,0.44475,0.79975,0.4355,0.6407499999999999
SAMPLE_03529,0.18425000000000002,0.49549999999999994,0.6997500000000001,0.76475,0.722,0.42300000000000004,0.84425,0.835
SAMPLE_03530,0.68425,0.26925,0.4455,0.20249999999999999,0.401,0.4705,0.47125000000000006,0.5465
SAMPLE_03531,0.8634999999999999,0.657,0.6595,0.42125,0.5792499999999999,0.79125,0.58125,0.5237499999999999
SAMPLE_03532,0.5934999999999999,0.66675,0.6415,0.65475,0.553,0.789,0.51025,0.6759999999999999
SAMPLE_03533,0.5435000000000001,0.6240000000000001,0.7657499999999999,0.586,0.59975,0.9297500000000001,0.603,0.61425
SAMPLE_03534,0.11099999999999999,0.58175,0.7297499999999999,0.7442500000000001,0.7585000000000001,0.19875,0.84275,0.8167500000000001
SAMPLE_03535,0.049,0.1625,0.08775000000000001,0.22825,0.248,0.11674999999999999,0.68575,0.2805
SAMPLE_03536,0.29475,0.6032500000000001,0.369,0.696,0.72775,0.29125,0.26825,0.73675
SAMPLE_03537,0.5385,0.84,0.7975000000000001,0.792,0.6895,0.91725,0.7927500000000001,0.5972500000000001
SAMPLE_03538,0.14325,0.56525,0.37625000000000003,0.4537500000000001,0.6152500000000001,0.097625,0.1355,0.59825
SAMPLE_03539,0.22224999999999998,0.6905,0.53925,0.71125,0.4405,0.12725,0.1655,0.5325
SAMPLE_03540,0.9855,0.890125,0.825875,0.937125,0.535625,0.9855,0.839875,0.672125
SAMPLE_03541,0.756,0.7035,0.84975,0.5555,0.619,0.9027499999999999,0.76725,0.589
SAMPLE_03542,0.69725,0.9119999999999999,0.9305,0.644,0.8114999999999999,0.7807499999999999,0.7292500000000001,0.7264999999999999
SAMPLE_03543,0.791,0.53125,0.62075,0.4065,0.37525,0.6619999999999999,0.6282500000000001,0.371
SAMPLE_03544,0.06775,0.17975,0.17850000000000002,0.42274999999999996,0.29525,0.1205,0.69875,0.34049999999999997
SAMPLE_03545,0.89575,0.37275,0.5695,0.36300000000000004,0.58875,0.636,0.6624999999999999,0.55425
SAMPLE_03546,0.6875,0.2715,0.55375,0.248,0.2635,0.8547499999999999,0.594,0.27275
SAMPLE_03547,0.19224999999999998,0.7397499999999999,0.4285,0.7827500000000001,0.326,0.93175,0.8125,0.5615
SAMPLE_03548,0.5445,0.20450000000000002,0.10275,0.1145,0.266,0.39549999999999996,0.174,0.15975
SAMPLE_03549,0.491,0.6245,0.28275,0.16575,0.48975,0.8082499999999999,0.45475000000000004,0.355
SAMPLE_03550,0.74225,0.6114999999999999,0.24824999999999997,0.30724999999999997,0.3515,0.57425,0.36025,0.33775
SAMPLE_03551,0.05,0.14725000000000002,0.6505,0.387,0.5720000000000001,0.19874999999999998,0.868,0.66675
SAMPLE_03552,0.7545000000000001,0.19824999999999998,0.28800000000000003,0.29025,0.1775,0.68375,0.4225,0.16575
SAMPLE_03553,0.862,0.529,0.43325,0.2985,0.42125,0.87875,0.3845,0.27825
SAMPLE_03554,0.49074999999999996,0.254,0.157,0.1915,0.124,0.5549999999999999,0.41700000000000004,0.12225000000000001
SAMPLE_03555,0.20375000000000001,0.35675,0.11325000000000002,0.321,0.26525,0.22450000000000003,0.158,0.2895
SAMPLE_03556,0.6375,0.457,0.6072500000000001,0.4135,0.20800000000000002,0.9025000000000001,0.6555,0.24975
SAMPLE_03557,0.58125,0.86525,0.8435,0.7084999999999999,0.7337499999999999,0.9305,0.6997500000000001,0.7335
SAMPLE_03558,0.874,0.2525,0.388,0.3245,0.319,0.7947500000000001,0.52525,0.215
SAMPLE_03559,0.80175,0.314,0.6265000000000001,0.21425,0.314,0.60875,0.35400000000000004,0.4245
SAMPLE_03560,0.13175,0.28,0.388,0.60875,0.41475,0.4105,0.22675,0.59825
SAMPLE_03561,0.092,0.31,0.559,0.4645,0.2395,0.0615,0.7355,0.2505
SAMPLE_03562,0.6082500000000001,0.35850000000000004,0.27175,0.25475000000000003,0.42374999999999996,0.42675,0.37275,0.263
SAMPLE_03563,0.39849999999999997,0.82925,0.7545,0.6234999999999999,0.81775,0.16375,0.311125,0.612
SAMPLE_03564,0.348,0.60225,0.22675,0.622,0.48275,0.21350000000000002,0.17875000000000002,0.5435
SAMPLE_03565,0.90475,0.3675,0.513,0.30125,0.14475,0.8327500000000001,0.6525,0.16399999999999998
SAMPLE_03566,0.8265,0.6880000000000001,0.097,0.614,0.24425,0.7324999999999999,0.50675,0.1835
SAMPLE_03567,0.35125,0.80875,0.749,0.56975,0.75475,0.27325,0.393,0.8132499999999999
SAMPLE_03568,0.078,0.43200000000000005,0.43975,0.5982500000000001,0.46599999999999997,0.07825,0.718,0.48824999999999996
SAMPLE_03569,0.8899999999999999,0.13775,0.2585,0.23775000000000002,0.188,0.5874999999999999,0.38549999999999995,0.136
SAMPLE_03570,0.92175,0.5305000000000001,0.82475,0.4155,0.7897500000000001,0.6737500000000001,0.4655,0.7237499999999999
SAMPLE_03571,0.72925,0.6990000000000001,0.6985,0.559,0.585,0.51725,0.5067499999999999,0.381
SAMPLE_03572,0.8625,0.75975,0.6930000000000001,0.58575,0.5385,0.946,0.66025,0.52675
SAMPLE_03573,0.4745,0.48375,0.71425,0.8045,0.46374999999999994,0.9109999999999999,0.654,0.56625
SAMPLE_03574,0.008,0.20950000000000002,0.01675,0.24200000000000002,0.11725000000000001,0.13674999999999998,0.6835,0.167
SAMPLE_03575,0.1315,0.31300000000000006,0.36924999999999997,0.27875,0.5617500000000001,0.129,0.70025,0.5842499999999999
SAMPLE_03576,0.9855,0.9888750000000001,0.983125,0.939875,0.934875,0.9855,0.8458750000000002,0.9761249999999999
SAMPLE_03577,0.7422500000000001,0.3135,0.29575,0.328,0.399,0.6145,0.47850000000000004,0.49750000000000005
SAMPLE_03578,0.74675,0.3115,0.25725,0.4025,0.0635,0.80475,0.5954999999999999,0.18449999999999997
SAMPLE_03579,0.86625,0.21975,0.43025,0.29974999999999996,0.372,0.53175,0.49050000000000005,0.31475
SAMPLE_03580,0.10450000000000001,0.29525,0.11324999999999999,0.81225,0.3085,0.04375,0.6880000000000001,0.6032500000000001
SAMPLE_03581,0.15725,0.49024999999999996,0.30000000000000004,0.8344999999999999,0.665,0.0895,0.6985,0.8185
SAMPLE_03582,0.42025,0.74175,0.6312500000000001,0.66225,0.83575,0.65575,0.48974999999999996,0.867
SAMPLE_03583,0.659,0.494,0.7117500000000001,0.35874999999999996,0.63825,0.95675,0.655,0.5347500000000001
SAMPLE_03584,0.2795,0.4897499999999999,0.1925,0.386,0.3985,0.33075,0.135,0.38675000000000004
SAMPLE_03585,0.8112499999999999,0.37725,0.355,0.36124999999999996,0.34,0.5395,0.45075,0.203
SAMPLE_03586,0.8275,0.08374999999999999,0.40850000000000003,0.195,0.09925,0.37975000000000003,0.34574999999999995,0.05925
SAMPLE_03587,0.17149999999999999,0.44025000000000003,0.66,0.58775,0.65175,0.14100000000000001,0.87475,0.7685
SAMPLE_03588,0.21450000000000002,0.33075000000000004,0.9265,0.64775,0.7432500000000001,0.0965,0.90825,0.88825
SAMPLE_03589,0.42075,0.5085000000000001,0.6335,0.6847500000000001,0.72475,0.26,0.17425000000000002,0.59975
SAMPLE_03590,0.05725,0.464,0.17125,0.29625,0.6295,0.266,0.684,0.5405
SAMPLE_03591,0.33075,0.5,0.726,0.503,0.72375,0.14925000000000002,0.20950000000000002,0.72825
SAMPLE_03592,0.7100000000000001,0.449,0.49025,0.64925,0.33549999999999996,0.74225,0.6275,0.43274999999999997
SAMPLE_03593,0.6019999999999999,0.5435000000000001,0.47025000000000006,0.61525,0.48625,0.81525,0.35125,0.5595
SAMPLE_03594,0.9855,0.964375,0.9606250000000001,0.940875,0.9628749999999999,0.9855,0.847875,0.971125
SAMPLE_03595,0.15975,0.71225,0.43825000000000003,0.796,0.771,0.07525,0.73525,0.8612500000000001
SAMPLE_03596,0.883,0.49749999999999994,0.24774999999999997,0.35925,0.3265,0.5985,0.536,0.16125
SAMPLE_03597,0.27749999999999997,0.494,0.2965,0.62875,0.32625,0.10675000000000001,0.14350000000000002,0.4435
SAMPLE_03598,0.7509999999999999,0.46225000000000005,0.14825,0.283,0.29425,0.48275,0.40875000000000006,0.09275
SAMPLE_03599,0.1625,0.21225,0.76525,0.41575,0.66425,0.22225,0.874,0.70775
SAMPLE_03600,0.731,0.55225,0.7065,0.44549999999999995,0.569,0.90375,0.632,0.68425
SAMPLE_03601,0.3105,0.6347499999999999,0.785,0.67925,0.881,0.604,0.28225,0.7424999999999999
SAMPLE_03602,0.43625,0.5885,0.59275,0.52325,0.754,0.529,0.35575,0.8115000000000001
SAMPLE_03603,0.7147499999999999,0.42275,0.49,0.43574999999999997,0.32025000000000003,0.65825,0.50625,0.31775
SAMPLE_03604,0.9855,0.977125,0.973875,0.936625,0.928125,0.9855,0.8338750000000001,0.9543750000000001
SAMPLE_03605,0.39574999999999994,0.895,0.8675,0.6915,0.6797500000000001,0.3405,0.29475,0.8180000000000001
SAMPLE_03606,0.21225,0.41924999999999996,0.316,0.64425,0.6065,0.082,0.732,0.6405
SAMPLE_03607,0.9072499999999999,0.33125000000000004,0.09425,0.30325,0.181,0.42400000000000004,0.267,0.06975
SAMPLE_03608,0.2175,0.476,0.56525,0.7037499999999999,0.5900000000000001,0.4265,0.165625,0.70475
SAMPLE_03609,0.73025,0.23725000000000002,0.13674999999999998,0.39575,0.18975,0.60175,0.3285,0.1645
SAMPLE_03610,0.33099999999999996,0.5465,0.31025,0.79775,0.561,0.6625000000000001,0.480375,0.3585
SAMPLE_03611,0.94675,0.2905,0.47,0.25475000000000003,0.23299999999999998,0.63825,0.31525000000000003,0.19475000000000003
SAMPLE_03612,0.80725,0.13949999999999999,0.14825,0.20725,0.06875,0.558,0.33975,0.071
SAMPLE_03613,0.49374999999999997,0.6119999999999999,0.6745,0.4975,0.48399999999999993,0.7775,0.6592500000000001,0.5815
SAMPLE_03614,0.55225,0.673,0.86325,0.552,0.70675,0.9532499999999999,0.7815000000000001,0.726
SAMPLE_03615,0.52725,0.46574999999999994,0.57275,0.58375,0.29174999999999995,0.79175,0.6875,0.34600000000000003
SAMPLE_03616,0.6835,0.74875,0.74825,0.46699999999999997,0.586,0.944,0.7745,0.493
SAMPLE_03617,0.09825,0.47625,0.37849999999999995,0.56075,0.3135,0.25475000000000003,0.19475,0.38275
SAMPLE_03618,0.3,0.68625,0.4375,0.5885,0.64675,0.20925,0.09125,0.532
SAMPLE_03619,0.73425,0.871,0.9472499999999999,0.5872499999999999,0.92375,0.941,0.76725,0.8170000000000001
SAMPLE_03620,0.8805000000000001,0.328,0.235,0.32425,0.1735,0.79625,0.44775,0.15675
SAMPLE_03621,0.49774999999999997,0.6775000000000001,0.50375,0.566,0.56125,0.7985000000000001,0.47725,0.40425
SAMPLE_03622,0.06125,0.125,0.428,0.28400000000000003,0.31625000000000003,0.162,0.71975,0.35624999999999996
SAMPLE_03623,0.47875,0.7682500000000001,0.40175000000000005,0.67075,0.45399999999999996,0.8134999999999999,0.64625,0.3805
SAMPLE_03624,0.22300000000000003,0.6322500000000001,0.7587499999999999,0.565,0.8089999999999999,0.06875,0.241375,0.69975
SAMPLE_03625,0.29175,0.79975,0.9505,0.81275,0.815,0.46875,0.91125,0.94175
SAMPLE_03626,0.7925,0.5515,0.6417499999999999,0.57875,0.5235,0.85225,0.5735,0.432
SAMPLE_03627,0.7565,0.7885,0.57975,0.6957500000000001,0.577,0.47475,0.384,0.393
SAMPLE_03628,0.46725,0.95,0.92925,0.6762499999999999,0.85575,0.9497500000000001,0.81375,0.863
SAMPLE_03629,0.35724999999999996,0.8605,0.91075,0.58275,0.8405,0.251,0.33225,0.81825
SAMPLE_03630,0.2665,0.46525000000000005,0.17175,0.753,0.36025000000000007,0.5695,0.3795,0.33025
SAMPLE_03631,0.3355,0.45599999999999996,0.22325,0.57175,0.46175,0.0835,0.10275000000000001,0.602
SAMPLE_03632,0.19025000000000003,0.6194999999999999,0.33649999999999997,0.76375,0.192,0.06775,0.15775,0.5015
SAMPLE_03633,0.14725,0.25575,0.22499999999999998,0.6885,0.5549999999999999,0.06999999999999999,0.69475,0.77025
SAMPLE_03634,0.74625,0.29775,0.3405,0.261,0.26849999999999996,0.77225,0.232,0.32725000000000004
SAMPLE_03635,0.83325,0.3835,0.674,0.46425,0.3565,0.8525,0.7665,0.33675
SAMPLE_03636,0.8474999999999999,0.702,0.34075,0.50375,0.314,0.781,0.5247499999999999,0.22449999999999998
SAMPLE_03637,0.68325,0.7955,0.6975,0.7545000000000001,0.5855,0.824,0.58925,0.7077500000000001
SAMPLE_03638,0.8694999999999999,0.20900000000000002,0.1565,0.3055,0.109,0.42800000000000005,0.40575,0.07350000000000001
SAMPLE_03639,0.8392499999999999,0.37224999999999997,0.16949999999999998,0.15400000000000003,0.252,0.6032500000000001,0.42075,0.08900000000000001
SAMPLE_03640,0.60375,0.5305,0.38125000000000003,0.70425,0.3775,0.8425,0.6447499999999999,0.5119999999999999
SAMPLE_03641,0.33475,0.91375,0.86925,0.729,0.9057499999999999,0.5095,0.5827500000000001,0.9157500000000001
SAMPLE_03642,0.01775,0.293,0.06575,0.367,0.41625,0.25375000000000003,0.6805,0.38625
SAMPLE_03643,0.7795,0.449,0.56025,0.3345,0.5455000000000001,0.8999999999999999,0.761,0.47025000000000006
SAMPLE_03644,0.23075,0.4875,0.54625,0.518,0.46525,0.15050000000000002,0.885,0.54
SAMPLE_03645,0.5129999999999999,0.5845,0.47924999999999995,0.7082499999999999,0.46950000000000003,0.61025,0.49499999999999994,0.7302500000000001
SAMPLE_03646,0.5775,0.25625000000000003,0.17550000000000002,0.6135,0.12925,0.37925,0.266,0.21250000000000002
SAMPLE_03647,0.6910000000000001,0.299,0.45799999999999996,0.31775000000000003,0.49849999999999994,0.75875,0.49,0.20375000000000001
SAMPLE_03648,0.706,0.35825,0.42825,0.46075,0.35250000000000004,0.8512500000000001,0.42825,0.30125
SAMPLE_03649,0.11499999999999999,0.6692499999999999,0.31525,0.55175,0.5522499999999999,0.383,0.22774999999999998,0.514
SAMPLE_03650,0.9855,0.964125,0.937125,0.9403750000000001,0.856875,0.9855,0.845875,0.913125
SAMPLE_03651,0.82425,0.15575,0.19325,0.17049999999999998,0.15000000000000002,0.45775,0.43875,0.13249999999999998
SAMPLE_03652,0.35075,0.62975,0.60275,0.6080000000000001,0.4,0.81525,0.4545,0.394
SAMPLE_03653,0.79575,0.29874999999999996,0.532,0.34375,0.529,0.40025,0.32425000000000004,0.3395
SAMPLE_03654,0.2195,0.63525,0.47025,0.73625,0.37875,0.10475000000000001,0.15175,0.721
SAMPLE_03655,0.71425,0.2725,0.5135,0.2555,0.399,0.643,0.54325,0.31625000000000003
SAMPLE_03656,0.342,0.8150000000000001,0.8959999999999999,0.38275000000000003,0.9580000000000001,0.51525,0.3155,0.8495
SAMPLE_03657,0.9015,0.32375,0.2885,0.2495,0.23175,0.65525,0.3425,0.2505
SAMPLE_03658,0.8215,0.36024999999999996,0.5015000000000001,0.37675000000000003,0.38,0.6165,0.546,0.32675
SAMPLE_03659,0.88875,0.59025,0.673,0.5145,0.481,0.86475,0.5297499999999999,0.624
SAMPLE_03660,0.8982500000000001,0.393,0.61825,0.27999999999999997,0.556,0.737,0.42225,0.49025
SAMPLE_03661,0.8715,0.05975,0.08474999999999999,0.09825,0.048249999999999994,0.5687500000000001,0.1785,0.04975
SAMPLE_03662,0.07325000000000001,0.13675,0.49549999999999994,0.47000000000000003,0.2935,0.21200000000000002,0.8105,0.40499999999999997
SAMPLE_03663,0.33075,0.6895,0.906,0.5297499999999999,0.89575,0.4435,0.5865,0.8977499999999999
SAMPLE_03664,0.89175,0.111,0.17825,0.23399999999999999,0.167,0.4965,0.36725,0.15699999999999997
SAMPLE_03665,0.8042500000000001,0.962,0.9670000000000001,0.68,0.958,0.94475,0.7589999999999999,0.8959999999999999
SAMPLE_03666,0.26625,0.5542500000000001,0.3985,0.604,0.48450000000000004,0.54275,0.23525,0.50725
SAMPLE_03667,0.4075,0.773,0.62325,0.481,0.6367499999999999,0.129,0.225,0.6225
SAMPLE_03668,0.22175,0.6475,0.525,0.47800000000000004,0.7625,0.41525,0.7717499999999999,0.72575
SAMPLE_03669,0.89925,0.5499999999999999,0.47325000000000006,0.35825,0.31325,0.68975,0.38925,0.28525
SAMPLE_03670,0.7757499999999999,0.1325,0.13374999999999998,0.39225,0.03375,0.39425,0.5175,0.07250000000000001
SAMPLE_03671,0.21175,0.64425,0.736,0.6695,0.8225,0.11225,0.23324999999999999,0.7525
SAMPLE_03672,0.18324999999999997,0.33025,0.24975,0.20274999999999999,0.5619999999999999,0.15475,0.08525,0.65725
SAMPLE_03673,0.28099999999999997,0.38125,0.26225,0.617,0.3355,0.20325000000000001,0.14625,0.514
SAMPLE_03674,0.7415,0.47900000000000004,0.42825,0.3765,0.334,0.866,0.415,0.33425
SAMPLE_03675,0.8932500000000001,0.1375,0.14350000000000002,0.23124999999999998,0.11325,0.6527499999999999,0.44375,0.086
SAMPLE_03676,0.722,0.3712500000000001,0.615,0.40624999999999994,0.411,0.83175,0.6365,0.2935
SAMPLE_03677,0.6365000000000001,0.556,0.7607499999999999,0.29325,0.50075,0.86275,0.732,0.53
SAMPLE_03678,0.75875,0.7375,0.6955,0.70475,0.6815,0.86675,0.71075,0.7112499999999999
SAMPLE_03679,0.17625000000000002,0.39249999999999996,0.9012500000000001,0.6829999999999999,0.7665,0.02775,0.882,0.8797499999999999
SAMPLE_03680,0.74175,0.31725000000000003,0.43925000000000003,0.44600000000000006,0.19925,0.7195,0.526,0.24375000000000002
SAMPLE_03681,0.54025,0.453,0.4135,0.76475,0.476,0.8725,0.6102500000000001,0.5562499999999999
SAMPLE_03682,0.22025000000000003,0.46925,0.40725,0.28475,0.54075,0.39849999999999997,0.18975000000000003,0.5945
SAMPLE_03683,0.7302500000000001,0.6525,0.27025000000000005,0.53325,0.36999999999999994,0.696,0.48225,0.25425000000000003
SAMPLE_03684,0.7144999999999999,0.20699999999999996,0.16899999999999998,0.17125,0.175,0.6965,0.35550000000000004,0.10124999999999999
SAMPLE_03685,0.78075,0.66525,0.7717499999999999,0.854,0.719,0.931,0.7995000000000001,0.69825
SAMPLE_03686,0.4145,0.8215,0.709,0.7125000000000001,0.87225,0.64425,0.3725,0.69225
SAMPLE_03687,0.95075,0.31675,0.419,0.2145,0.38375,0.6819999999999999,0.38975000000000004,0.20975
SAMPLE_03688,0.872,0.36324999999999996,0.38125,0.24575000000000002,0.35375,0.7132499999999999,0.39225,0.35475
SAMPLE_03689,0.578,0.191,0.4725,0.24725000000000003,0.313,0.71,0.46975,0.29224999999999995
SAMPLE_03690,0.836,0.31725000000000003,0.27925,0.193,0.28800000000000003,0.7685,0.38,0.31575
SAMPLE_03691,0.12875,0.7245,0.81325,0.8265,0.80125,0.192,0.8714999999999999,0.9349999999999999
SAMPLE_03692,0.6912499999999999,0.44600000000000006,0.17375,0.34375,0.20175,0.598,0.3325,0.1465
SAMPLE_03693,0.46725,0.9035,0.9237500000000001,0.6315,0.8452500000000001,0.9564999999999999,0.8165,0.7565
SAMPLE_03694,0.7372500000000001,0.195,0.54825,0.22999999999999998,0.37124999999999997,0.792,0.6259999999999999,0.35824999999999996
SAMPLE_03695,0.852,0.2115,0.39999999999999997,0.24324999999999997,0.22225,0.44825000000000004,0.447,0.1125
SAMPLE_03696,0.254,0.5085,0.64425,0.6739999999999999,0.6525,0.44800000000000006,0.318875,0.7462500000000001
SAMPLE_03697,0.19525,0.3305,0.55125,0.32175,0.42674999999999996,0.692,0.31375,0.32000000000000006
SAMPLE_03698,0.17375,0.671,0.735,0.22575,0.67825,0.17125,0.12287499999999998,0.651
SAMPLE_03699,0.2945,0.76975,0.34275,0.6072500000000001,0.333,0.15100000000000002,0.12575,0.55875
SAMPLE_03700,0.769,0.11049999999999999,0.186,0.254,0.12975,0.515,0.57725,0.176
SAMPLE_03701,0.15625,0.739,0.67425,0.7687499999999999,0.59175,0.56575,0.619,0.6645
SAMPLE_03702,0.75375,0.7170000000000001,0.81325,0.43775000000000003,0.64975,0.9285000000000001,0.7605,0.5277499999999999
SAMPLE_03703,0.9855,0.989125,0.9886250000000001,0.9353750000000001,0.981625,0.9855,0.847875,0.9878750000000001
SAMPLE_03704,0.7282500000000001,0.628,0.7222500000000001,0.38025,0.7975000000000001,0.87725,0.7025,0.737
SAMPLE_03705,0.43675,0.8652500000000001,0.85025,0.6985,0.8140000000000001,0.49724999999999997,0.524,0.8125
SAMPLE_03706,0.26475,0.6865,0.5257499999999999,0.69175,0.48475,0.10275000000000001,0.22175,0.613
SAMPLE_03707,0.842,0.31525000000000003,0.30925,0.264,0.253,0.6067499999999999,0.37875,0.15025
SAMPLE_03708,0.33899999999999997,0.25425,0.29325,0.3675,0.34225,0.1945,0.7015,0.39275000000000004
SAMPLE_03709,0.88125,0.7764999999999999,0.40449999999999997,0.5165,0.337,0.77425,0.39825,0.247
SAMPLE_03710,0.91175,0.16974999999999998,0.21925,0.21100000000000002,0.242,0.58625,0.29175,0.20875
SAMPLE_03711,0.3725,0.8815,0.7839999999999999,0.62925,0.8965,0.16325,0.28575,0.802
SAMPLE_03712,0.503,0.5745,0.49150000000000005,0.634,0.34674999999999995,0.8295,0.42525,0.42500000000000004
SAMPLE_03713,0.913,0.11049999999999999,0.37975,0.228,0.14700000000000002,0.50625,0.35575,0.1235
SAMPLE_03714,0.8294999999999999,0.516,0.7175,0.43350000000000005,0.40875,0.915,0.74825,0.5595
SAMPLE_03715,0.8722500000000001,0.627,0.39625,0.40650000000000003,0.4635,0.44575,0.29425,0.29825
SAMPLE_03716,0.29625,0.5895,0.7424999999999999,0.72475,0.7357499999999999,0.22075,0.29075,0.8667499999999999
SAMPLE_03717,0.835,0.056499999999999995,0.1485,0.11800000000000001,0.010499999999999999,0.45899999999999996,0.2385,0.015250000000000001
SAMPLE_03718,0.8099999999999999,0.0895,0.3755,0.27725,0.1965,0.40549999999999997,0.4375,0.09025
SAMPLE_03719,0.55,0.63875,0.7697499999999999,0.65575,0.79825,0.8230000000000001,0.63025,0.78925
SAMPLE_03720,0.63525,0.61575,0.45225,0.36475,0.36,0.65425,0.45249999999999996,0.33799999999999997
SAMPLE_03721,0.08975000000000001,0.18025000000000002,0.11275,0.23900000000000002,0.3225,0.21100000000000002,0.68975,0.35250000000000004
SAMPLE_03722,0.9855,0.955125,0.909625,0.938875,0.8061250000000001,0.9855,0.846125,0.909375
SAMPLE_03723,0.034,0.14475,0.09000000000000001,0.24825,0.29,0.1305,0.68375,0.33175
SAMPLE_03724,0.28900000000000003,0.47224999999999995,0.65125,0.85225,0.75475,0.24475000000000002,0.79,0.9025
SAMPLE_03725,0.242,0.5149999999999999,0.5165000000000001,0.61425,0.65825,0.5915,0.15025,0.5627500000000001
SAMPLE_03726,0.47425,0.53925,0.83575,0.7239999999999999,0.61275,0.8305,0.71425,0.7304999999999999
SAMPLE_03727,0.5912499999999999,0.8415,0.47625,0.54525,0.6675000000000001,0.7569999999999999,0.4745,0.47275
SAMPLE_03728,0.33299999999999996,0.51225,0.56475,0.46675,0.57025,0.2935,0.23700000000000002,0.43424999999999997
SAMPLE_03729,0.35450000000000004,0.9644999999999999,0.9689999999999999,0.7177499999999999,0.97775,0.9684999999999999,0.37749999999999995,0.9652499999999999
SAMPLE_03730,0.48725,0.8087500000000001,0.7434999999999999,0.5625,0.833,0.5775,0.7085,0.69975
SAMPLE_03731,0.684,0.36600000000000005,0.46599999999999997,0.379,0.35024999999999995,0.65325,0.376,0.331
SAMPLE_03732,0.30025,0.35375,0.7905,0.594,0.7485,0.079,0.812,0.853
SAMPLE_03733,0.13824999999999998,0.6725,0.23950000000000002,0.24950000000000003,0.67475,0.21725,0.69225,0.6392500000000001
SAMPLE_03734,0.609,0.7690000000000001,0.7927500000000001,0.6815,0.5855,0.817,0.7222500000000001,0.5895
SAMPLE_03735,0.39475,0.85175,0.8532500000000001,0.53325,0.95975,0.5167499999999999,0.3285,0.665
SAMPLE_03736,0.6455,0.56725,0.506,0.5985,0.4830000000000001,0.8005,0.6365000000000001,0.561
SAMPLE_03737,0.9855,0.9363750000000001,0.912625,0.939625,0.706625,0.9855,0.834125,0.783875
SAMPLE_03738,0.7395,0.10325,0.24675000000000002,0.20275,0.19675,0.41474999999999995,0.4255,0.11975
SAMPLE_03739,0.843,0.201,0.3105,0.3185,0.2315,0.837,0.5599999999999999,0.366
SAMPLE_03740,0.488,0.60325,0.49625,0.48449999999999993,0.32675000000000004,0.7150000000000001,0.525,0.25025
SAMPLE_03741,0.59575,0.15775,0.20550000000000002,0.139,0.05550000000000001,0.51425,0.296,0.12275
SAMPLE_03742,0.7125,0.306,0.218,0.321,0.22375,0.659,0.25675000000000003,0.22149999999999997
SAMPLE_03743,0.15275,0.44175000000000003,0.72875,0.25350000000000006,0.734,0.1805,0.15700000000000003,0.5845
SAMPLE_03744,0.20325,0.6547499999999999,0.75525,0.606,0.77825,0.24075,0.34875,0.7770000000000001
SAMPLE_03745,0.26725,0.3115,0.26749999999999996,0.66525,0.47325000000000006,0.03475,0.68775,0.6605
SAMPLE_03746,0.87975,0.27825,0.56475,0.41800000000000004,0.261,0.713,0.46025,0.255
SAMPLE_03747,0.55,0.7204999999999999,0.69775,0.5407500000000001,0.574,0.89375,0.7422500000000001,0.49975
SAMPLE_03748,0.0955,0.14575000000000002,0.355,0.3205,0.32425000000000004,0.297,0.73275,0.44075
SAMPLE_03749,0.66075,0.14175,0.5435,0.312,0.34975,0.49375,0.33125000000000004,0.29175
SAMPLE_03750,0.263,0.806,0.85375,0.6505,0.814,0.44075000000000003,0.40199999999999997,0.8375
SAMPLE_03751,0.1755,0.2035,0.48025,0.24050000000000002,0.5995,0.041249999999999995,0.7105,0.62675
SAMPLE_03752,0.065,0.112,0.13725,0.24125000000000002,0.27849999999999997,0.20074999999999998,0.69725,0.35625
SAMPLE_03753,0.1105,0.08374999999999999,0.2465,0.5235,0.22099999999999997,0.08,0.72075,0.40675
SAMPLE_03754,0.007,0.31225,0.06575,0.7535,0.1615,0.1175,0.6785,0.3545
SAMPLE_03755,0.536,0.61375,0.752,0.5905,0.5802499999999999,0.94925,0.74175,0.6292500000000001
SAMPLE_03756,0.29774999999999996,0.6192500000000001,0.413,0.7335,0.32099999999999995,0.21200000000000002,0.1915,0.63575
SAMPLE_03757,0.89225,0.29100000000000004,0.4515,0.351,0.48325,0.44599999999999995,0.34875,0.307
SAMPLE_03758,0.56625,0.6835,0.5680000000000001,0.6847500000000001,0.6125,0.5995,0.61275,0.5955
SAMPLE_03759,0.9365,0.6164999999999999,0.16875,0.4405,0.22975,0.4245,0.225,0.13725
SAMPLE_03760,0.451,0.8895,0.92475,0.8095,0.8105,0.4825,0.52025,0.841
SAMPLE_03761,0.65075,0.47575,0.42,0.4385,0.4845,0.85275,0.5375000000000001,0.49774999999999997
SAMPLE_03762,0.28075,0.5295,0.307,0.5640000000000001,0.508,0.08825,0.75425,0.53925
SAMPLE_03763,0.6224999999999999,0.22025,0.324,0.1455,0.38350000000000006,0.4675,0.298,0.26525
SAMPLE_03764,0.64025,0.655,0.47675,0.7887500000000001,0.264,0.8172499999999999,0.6517499999999999,0.39825
SAMPLE_03765,0.74,0.308,0.47324999999999995,0.34925,0.2565,0.7090000000000001,0.6307499999999999,0.3085
SAMPLE_03766,0.79375,0.6779999999999999,0.516,0.35225,0.5955,0.70775,0.49750000000000005,0.42675
SAMPLE_03767,0.861,0.28225,0.20975,0.216,0.15425,0.5235,0.4065,0.161
SAMPLE_03768,0.09925,0.16849999999999998,0.03225,0.81575,0.12275,0.1855,0.68875,0.31425
SAMPLE_03769,0.80275,0.077,0.3525,0.14625,0.095,0.6435,0.5555000000000001,0.09025
SAMPLE_03770,0.07050000000000001,0.3875,0.06899999999999999,0.8797499999999999,0.35300000000000004,0.16525,0.6845,0.5707500000000001
SAMPLE_03771,0.7522500000000001,0.40974999999999995,0.499,0.33075,0.4285,0.7685,0.5075000000000001,0.359
SAMPLE_03772,0.7645000000000001,0.40175,0.7575000000000001,0.50275,0.34299999999999997,0.7115,0.5145,0.52875
SAMPLE_03773,0.27049999999999996,0.59425,0.499,0.64425,0.6335,0.39649999999999996,0.43975000000000003,0.71775
SAMPLE_03774,0.32675,0.8,0.9632499999999999,0.72025,0.864,0.44475000000000003,0.47775,0.92475
SAMPLE_03775,0.85475,0.5892499999999999,0.53375,0.516,0.43624999999999997,0.876,0.692,0.50925
SAMPLE_03776,0.6612499999999999,0.2985,0.27825,0.27625,0.44025000000000003,0.443,0.44475,0.277
SAMPLE_03777,0.27375,0.4185,0.04474999999999999,0.6087499999999999,0.2185,0.06875,0.67875,0.3525
SAMPLE_03778,0.5674999999999999,0.1205,0.27625,0.3165,0.13649999999999998,0.5182500000000001,0.42874999999999996,0.21800000000000003
SAMPLE_03779,0.82325,0.38,0.5125,0.27349999999999997,0.4487500000000001,0.56625,0.36875,0.35025000000000006
SAMPLE_03780,0.48075,0.49675,0.73875,0.8345,0.61675,0.8845,0.74575,0.56275
SAMPLE_03781,0.26275,0.29874999999999996,0.6859999999999999,0.783,0.70225,0.0725,0.7785,0.8765
SAMPLE_03782,0.372,0.78475,0.45999999999999996,0.6695,0.9165,0.39874999999999994,0.17937499999999998,0.8507500000000001
SAMPLE_03783,0.706,0.25825,0.33375,0.25725,0.21525,0.7915,0.3165,0.16575
SAMPLE_03784,0.84175,0.42325,0.7055,0.38975000000000004,0.503,0.76525,0.6032500000000001,0.47800000000000004
SAMPLE_03785,0.9055,0.7295,0.8674999999999999,0.5589999999999999,0.72775,0.53425,0.55375,0.66225
SAMPLE_03786,0.3975,0.8335,0.69225,0.65925,0.6332500000000001,0.14625,0.2815,0.73475
SAMPLE_03787,0.431,0.8202499999999999,0.66825,0.6965000000000001,0.7330000000000001,0.1465,0.2005,0.51475
SAMPLE_03788,0.82075,0.6015,0.20775000000000002,0.31975,0.2335,0.66625,0.225,0.17275000000000001
SAMPLE_03789,0.29050000000000004,0.54475,0.7657499999999999,0.696,0.8095,0.743,0.88225,0.713
SAMPLE_03790,0.21275,0.7164999999999999,0.61625,0.731,0.62375,0.25225,0.25,0.71875
SAMPLE_03791,0.772,0.33275,0.425,0.16625,0.28175,0.8742500000000001,0.33199999999999996,0.33049999999999996
SAMPLE_03792,0.5487500000000001,0.5065,0.24525,0.5509999999999999,0.33625,0.8240000000000001,0.45999999999999996,0.32799999999999996
SAMPLE_03793,0.38325,0.7545,0.86825,0.8112499999999999,0.8002499999999999,0.367,0.45225,0.924
SAMPLE_03794,0.386,0.34425,0.9560000000000001,0.62375,0.736,0.46799999999999997,0.91325,0.8534999999999999
SAMPLE_03795,0.43124999999999997,0.8402499999999999,0.94575,0.87625,0.82825,0.8247499999999999,0.66825,0.90675
SAMPLE_03796,0.7384999999999999,0.93525,0.9495,0.6595,0.877,0.9572499999999999,0.7995,0.796
SAMPLE_03797,0.2275,0.4605,0.3865,0.7195,0.62825,0.16974999999999998,0.38049999999999995,0.6890000000000001
SAMPLE_03798,0.515,0.4235000000000001,0.21975,0.1505,0.4475,0.5327500000000001,0.44875,0.35450000000000004
SAMPLE_03799,0.6097499999999999,0.48924999999999996,0.088,0.52,0.16725,0.6375,0.43999999999999995,0.14875
SAMPLE_03800,0.20950000000000002,0.78175,0.5925,0.43175,0.8327500000000001,0.41525,0.34575,0.7270000000000001
SAMPLE_03801,0.028249999999999997,0.20750000000000002,0.18674999999999997,0.2545,0.45225,0.1435,0.68925,0.5095000000000001
SAMPLE_03802,0.068,0.22,0.6134999999999999,0.3295,0.5645,0.072,0.747,0.629
SAMPLE_03803,0.58175,0.5425,0.5900000000000001,0.42424999999999996,0.6445,0.69875,0.41475000000000006,0.5295000000000001
SAMPLE_03804,0.30075,0.36975,0.25125,0.74075,0.49275,0.61225,0.17625000000000002,0.35775
SAMPLE_03805,0.22025,0.6012500000000001,0.65375,0.23025,0.83125,0.3125,0.22475,0.7482500000000001
SAMPLE_03806,0.425,0.69225,0.803,0.7735000000000001,0.69875,0.2555,0.4285,0.725
SAMPLE_03807,0.8590000000000001,0.33699999999999997,0.396,0.27949999999999997,0.33425,0.7695,0.345,0.24025
SAMPLE_03808,0.398,0.81225,0.9035,0.44575,0.7505000000000001,0.2285,0.289125,0.7427499999999999
SAMPLE_03809,0.3515,0.607,0.41474999999999995,0.73075,0.6145,0.5065000000000001,0.264,0.497
SAMPLE_03810,0.52775,0.21975,0.2315,0.1625,0.16875,0.40125,0.26925,0.12525
SAMPLE_03811,0.2395,0.2575,0.191,0.53025,0.35700000000000004,0.05374999999999999,0.68425,0.412
SAMPLE_03812,0.5237499999999999,0.3325,0.5902499999999999,0.80625,0.40399999999999997,0.862,0.651,0.42475
SAMPLE_03813,0.05925,0.18800000000000003,0.52725,0.29625,0.42500000000000004,0.21200000000000002,0.76725,0.46775
SAMPLE_03814,0.7210000000000001,0.49425,0.46449999999999997,0.4295,0.29275,0.6337499999999999,0.62925,0.28400000000000003
SAMPLE_03815,0.11249999999999999,0.30925,0.18325,0.316,0.4205,0.09675,0.69575,0.40349999999999997
SAMPLE_03816,0.59275,0.81,0.8452500000000001,0.766,0.738,0.848,0.67175,0.7030000000000001
SAMPLE_03817,0.9077500000000001,0.9532499999999999,0.93875,0.60725,0.87725,0.9227500000000001,0.7264999999999999,0.82875
SAMPLE_03818,0.6997500000000001,0.33375,0.6022500000000001,0.41074999999999995,0.21925000000000003,0.5215000000000001,0.5459999999999999,0.29025
SAMPLE_03819,0.61425,0.50275,0.55625,0.59875,0.516,0.64,0.5489999999999999,0.44125
SAMPLE_03820,0.68625,0.49925,0.41125,0.446,0.338,0.7115,0.664,0.27649999999999997
SAMPLE_03821,0.09425,0.47674999999999995,0.32325,0.43525,0.5687500000000001,0.14225,0.77875,0.63175
SAMPLE_03822,0.8505,0.18125000000000002,0.17099999999999999,0.2545,0.11275,0.35025,0.18974999999999997,0.10049999999999999
SAMPLE_03823,0.913,0.68825,0.14450000000000002,0.40175,0.33575,0.544,0.29475,0.1535
SAMPLE_03824,0.7415,0.84125,0.931,0.5640000000000001,0.8585,0.9395,0.794,0.80725
SAMPLE_03825,0.8554999999999999,0.18075,0.21975,0.14800000000000002,0.1395,0.52725,0.44425,0.17450000000000002
SAMPLE_03826,0.319,0.45775,0.58925,0.78725,0.49075,0.37675,0.41350000000000003,0.65125
SAMPLE_03827,0.11699999999999999,0.30974999999999997,0.3785,0.5369999999999999,0.4065,0.34575,0.39525000000000005,0.54225
SAMPLE_03828,0.834,0.3875,0.6565,0.37925,0.5012500000000001,0.67,0.35774999999999996,0.3825
SAMPLE_03829,0.9085000000000001,0.383,0.4315,0.2175,0.40625000000000006,0.67875,0.426,0.30024999999999996
SAMPLE_03830,0.31775,0.6220000000000001,0.47,0.36225,0.492,0.1845,0.14600000000000002,0.46775
SAMPLE_03831,0.82325,0.14175,0.32725000000000004,0.16475,0.3415,0.7575000000000001,0.46925000000000006,0.33875
SAMPLE_03832,0.49174999999999996,0.1215,0.15775,0.2385,0.13774999999999998,0.5047499999999999,0.46925000000000006,0.07100000000000001
SAMPLE_03833,0.035750000000000004,0.228,0.14125000000000001,0.6795,0.41125,0.12125,0.69125,0.5455
SAMPLE_03834,0.6055,0.649,0.6890000000000001,0.568,0.51825,0.931,0.60775,0.552
SAMPLE_03835,0.076,0.2545,0.114,0.72325,0.3155,0.035,0.683,0.4425
SAMPLE_03836,0.34375,0.4815,0.406,0.68725,0.4965,0.20575,0.14325000000000002,0.6365
SAMPLE_03837,0.86475,0.11225,0.20825,0.171,0.14300000000000002,0.39,0.30375,0.0785
SAMPLE_03838,0.78775,0.59325,0.25175000000000003,0.6114999999999999,0.34349999999999997,0.739,0.35550000000000004,0.471
SAMPLE_03839,0.33525,0.9335,0.9082499999999999,0.68275,0.8945000000000001,0.42624999999999996,0.42075000000000007,0.88575
SAMPLE_03840,0.04825000000000001,0.2515,0.14800000000000002,0.23550000000000001,0.4610000000000001,0.0885,0.69975,0.515
SAMPLE_03841,0.903,0.59325,0.7140000000000001,0.39749999999999996,0.398,0.8294999999999999,0.44475,0.36525
SAMPLE_03842,0.0315,0.11424999999999999,0.11425,0.24075000000000002,0.28125,0.16075,0.6925,0.34099999999999997
SAMPLE_03843,0.43100000000000005,0.8365,0.6562499999999999,0.6305000000000001,0.75175,0.3055,0.32600000000000007,0.7125
SAMPLE_03844,0.7262500000000001,0.50525,0.31425000000000003,0.488,0.257,0.4235,0.44025000000000003,0.17124999999999999
SAMPLE_03845,0.374,0.8895,0.74475,0.7435,0.9252500000000001,0.2415,0.249375,0.8835
SAMPLE_03846,0.8705,0.27049999999999996,0.36075,0.22675,0.2405,0.47275,0.54975,0.15425
SAMPLE_03847,0.22449999999999998,0.8512500000000001,0.58075,0.88725,0.7555,0.12475,0.724,0.87725
SAMPLE_03848,0.8572500000000001,0.25275000000000003,0.3325,0.32149999999999995,0.247,0.522,0.26549999999999996,0.12025
SAMPLE_03849,0.057,0.42775,0.56725,0.45000000000000007,0.76925,0.12575,0.10825000000000001,0.8325
SAMPLE_03850,0.25525,0.28600000000000003,0.7232500000000001,0.49175,0.6547499999999999,0.2115,0.83325,0.7225
SAMPLE_03851,0.5732499999999999,0.44275,0.57275,0.42574999999999996,0.499,0.603,0.5369999999999999,0.31525000000000003
SAMPLE_03852,0.7695,0.42050000000000004,0.39825,0.354,0.3845,0.631,0.49324999999999997,0.31725
SAMPLE_03853,0.38749999999999996,0.86875,0.9245,0.2725,0.916,0.5255,0.4425,0.81325
SAMPLE_03854,0.35325,0.7365,0.537,0.64925,0.8817499999999999,0.62775,0.32625,0.8180000000000001
SAMPLE_03855,0.02475,0.06949999999999999,0.33925,0.2765,0.20124999999999998,0.12,0.72675,0.24925
SAMPLE_03856,0.77075,0.19075,0.16775,0.20900000000000002,0.221,0.63875,0.33499999999999996,0.2275
SAMPLE_03857,0.6822499999999999,0.4645,0.6232500000000001,0.452,0.3735,0.4395,0.48300000000000004,0.338
SAMPLE_03858,0.35724999999999996,0.47225,0.599,0.65225,0.5505,0.5235000000000001,0.2655,0.70975
SAMPLE_03859,0.03975,0.22375,0.20350000000000001,0.528,0.3705,0.191,0.6960000000000001,0.54925
SAMPLE_03860,0.04975,0.33175,0.17250000000000001,0.3375,0.3355,0.1335,0.69375,0.44875000000000004
SAMPLE_03861,0.817,0.10725,0.51425,0.243,0.23825000000000002,0.434,0.4265,0.18575
SAMPLE_03862,0.744,0.6367499999999999,0.875,0.367,0.82425,0.53,0.552,0.70275
SAMPLE_03863,0.81275,0.2455,0.41925,0.28049999999999997,0.275,0.65375,0.40325,0.38975
SAMPLE_03864,0.253,0.22125,0.47125000000000006,0.57125,0.653,0.09525,0.7265,0.75675
SAMPLE_03865,0.4835,0.26275000000000004,0.16425,0.3,0.1465,0.52325,0.41200000000000003,0.2295
SAMPLE_03866,0.055749999999999994,0.35524999999999995,0.25475000000000003,0.7442500000000001,0.427,0.1565,0.69775,0.636
SAMPLE_03867,0.41025,0.7527499999999999,0.6417499999999999,0.6950000000000001,0.555,0.3345,0.28675,0.64125
SAMPLE_03868,0.096,0.1825,0.52025,0.506,0.659,0.10900000000000001,0.73925,0.7052499999999999
SAMPLE_03869,0.6184999999999999,0.37675000000000003,0.684,0.3665,0.53775,0.81175,0.45925,0.51875
SAMPLE_03870,0.14175000000000001,0.5105,0.6759999999999999,0.6205,0.733,0.1825,0.76025,0.8122499999999999
SAMPLE_03871,0.6437499999999999,0.1925,0.15549999999999997,0.25025000000000003,0.11624999999999999,0.406,0.2155,0.06974999999999999
SAMPLE_03872,0.8035,0.8029999999999999,0.8215,0.62975,0.7265,0.93925,0.6835,0.70025
SAMPLE_03873,0.14375,0.7112499999999999,0.5875,0.492,0.7812500000000001,0.31175,0.351,0.781
SAMPLE_03874,0.9555,0.22025000000000003,0.50075,0.29000000000000004,0.3445,0.45725000000000005,0.3225,0.3585
SAMPLE_03875,0.54775,0.928,0.9357500000000001,0.829,0.884,0.894,0.7324999999999999,0.8755000000000001
SAMPLE_03876,0.68575,0.36025,0.17625000000000002,0.412,0.14775,0.7095,0.372,0.13825
SAMPLE_03877,0.709,0.14350000000000002,0.19675,0.2395,0.20925,0.5685,0.325,0.14675
SAMPLE_03878,0.23875000000000002,0.55575,0.42725,0.75875,0.6827500000000001,0.45775000000000005,0.3025,0.5697500000000001
SAMPLE_03879,0.08875,0.18524999999999997,0.12575,0.7665,0.14225,0.12725,0.6920000000000001,0.37549999999999994
SAMPLE_03880,0.31525,0.9065,0.85425,0.4755,0.953,0.60475,0.3335,0.8875
SAMPLE_03881,0.31275000000000003,0.45675,0.67175,0.5607500000000001,0.67025,0.5,0.484,0.7035
SAMPLE_03882,0.3845,0.69425,0.9177500000000001,0.5249999999999999,0.83825,0.1685,0.3075,0.8805
SAMPLE_03883,0.84575,0.50525,0.22999999999999998,0.419,0.3245,0.45475,0.27325,0.14525000000000002
SAMPLE_03884,0.9855,0.936625,0.917625,0.9381250000000001,0.834375,0.9855,0.850125,0.9028750000000001
SAMPLE_03885,0.26575,0.493,0.19799999999999998,0.6985,0.496,0.356,0.266,0.5922499999999999
SAMPLE_03886,0.474,0.35375,0.47125,0.38275,0.38,0.72325,0.61325,0.30925
SAMPLE_03887,0.21175,0.603,0.47700000000000004,0.593,0.26225,0.21175,0.22875,0.47250000000000003
SAMPLE_03888,0.6275,0.45325000000000004,0.2395,0.472,0.22275000000000003,0.69225,0.4145,0.34675
SAMPLE_03889,0.9855,0.972375,0.9513750000000001,0.940625,0.935125,0.9855,0.846125,0.970125
SAMPLE_03890,0.79875,0.66775,0.782,0.43799999999999994,0.8302499999999999,0.81525,0.6595000000000001,0.742
SAMPLE_03891,0.24525,0.665,0.6755,0.59875,0.52325,0.26875000000000004,0.307375,0.651
SAMPLE_03892,0.59875,0.396,0.63025,0.417,0.54775,0.69275,0.45075,0.5525
SAMPLE_03893,0.05775,0.29100000000000004,0.2815,0.66175,0.5295,0.17550000000000002,0.889,0.53175
SAMPLE_03894,0.014249999999999999,0.093,0.3215,0.2455,0.3115,0.3085,0.7192500000000001,0.4175
SAMPLE_03895,0.18974999999999997,0.43125,0.556,0.64625,0.577,0.22225,0.21625,0.64175
SAMPLE_03896,0.2475,0.43375,0.6425,0.50925,0.5687500000000001,0.619,0.49624999999999997,0.7629999999999999
SAMPLE_03897,0.5505,0.5804999999999999,0.4277500000000001,0.6165,0.55925,0.77325,0.6467499999999999,0.48025000000000007
SAMPLE_03898,0.38699999999999996,0.93025,0.956,0.7357500000000001,0.9889999999999999,0.8630000000000001,0.7617499999999999,0.89675
SAMPLE_03899,0.862,0.36374999999999996,0.36225,0.23875,0.2505,0.8435000000000001,0.45575,0.2265
SAMPLE_03900,0.19175,0.812,0.647,0.88425,0.8440000000000001,0.06575,0.86575,0.9564999999999999
SAMPLE_03901,0.75225,0.3395,0.2225,0.25475,0.15675,0.449,0.3935,0.1605
SAMPLE_03902,0.26975000000000005,0.9007499999999999,0.90725,0.71725,0.9312499999999999,0.8065,0.37049999999999994,0.95425
SAMPLE_03903,0.0615,0.31074999999999997,0.827,0.5297499999999999,0.6052500000000001,0.21075,0.86425,0.7275
SAMPLE_03904,0.31224999999999997,0.82525,0.5755,0.506,0.549,0.125,0.128875,0.533
SAMPLE_03905,0.6885,0.424,0.36950000000000005,0.421,0.5740000000000001,0.89525,0.596,0.69525
SAMPLE_03906,0.5057499999999999,0.48725,0.726,0.6920000000000001,0.47325000000000006,0.9097500000000001,0.839,0.5065
SAMPLE_03907,0.8370000000000001,0.42275000000000007,0.61225,0.28875,0.5617500000000001,0.6892499999999999,0.43174999999999997,0.43875000000000003
SAMPLE_03908,0.10925000000000001,0.15425,0.234,0.36925,0.224,0.17575000000000002,0.72925,0.30375
SAMPLE_03909,0.24325,0.43600000000000005,0.28175,0.667,0.27825,0.1285,0.129125,0.44999999999999996
SAMPLE_03910,0.611,0.20274999999999999,0.24825,0.1815,0.35475,0.37374999999999997,0.27349999999999997,0.18675
SAMPLE_03911,0.7739999999999999,0.84775,0.73275,0.6775,0.73375,0.95425,0.40199999999999997,0.7735000000000001
SAMPLE_03912,0.48225,0.62875,0.8975,0.666,0.7,0.75925,0.7897500000000001,0.821
SAMPLE_03913,0.70975,0.38825,0.14500000000000002,0.40825,0.40074999999999994,0.45649999999999996,0.3725,0.109
SAMPLE_03914,0.19674999999999998,0.31175,0.6819999999999999,0.6122500000000001,0.5840000000000001,0.45925,0.82675,0.702
SAMPLE_03915,0.9855,0.981625,0.982875,0.9343750000000001,0.951625,0.9855,0.836875,0.962375
SAMPLE_03916,0.9855,0.9353750000000001,0.923875,0.933625,0.837625,0.9855,0.836125,0.8728750000000001
SAMPLE_03917,0.57775,0.69675,0.6465,0.7005,0.662,0.84375,0.7235,0.67325
SAMPLE_03918,0.31775,0.42699999999999994,0.45975,0.6174999999999999,0.22725,0.221,0.15725,0.44100000000000006
SAMPLE_03919,0.59125,0.79575,0.84975,0.7077499999999999,0.75475,0.7209999999999999,0.64475,0.67825
SAMPLE_03920,0.2795,0.77075,0.62025,0.5865,0.46149999999999997,0.47600000000000003,0.4395,0.5355000000000001
SAMPLE_03921,0.1275,0.6890000000000001,0.1395,0.8577499999999999,0.4475,0.0615,0.67925,0.5747500000000001
SAMPLE_03922,0.80175,0.36225,0.58675,0.47450000000000003,0.5525,0.44149999999999995,0.24525000000000002,0.39175
SAMPLE_03923,0.79325,0.78075,0.8690000000000001,0.551,0.79375,0.86575,0.7547499999999999,0.69025
SAMPLE_03924,0.20325,0.44,0.30899999999999994,0.4945,0.54225,0.17475,0.8907499999999999,0.50725
SAMPLE_03925,0.512,0.517,0.718,0.8045,0.42600000000000005,0.813,0.68075,0.57625
SAMPLE_03926,0.35050000000000003,0.59175,0.8499999999999999,0.6032500000000001,0.761,0.036250000000000004,0.88075,0.8405
SAMPLE_03927,0.7937500000000001,0.2065,0.47900000000000004,0.16275,0.36575,0.50225,0.30974999999999997,0.35275
SAMPLE_03928,0.748,0.4115,0.07475000000000001,0.37749999999999995,0.14900000000000002,0.57175,0.4475,0.0985
SAMPLE_03929,0.77225,0.35025,0.50625,0.45375,0.277,0.6275,0.3805,0.31225
SAMPLE_03930,0.7962499999999999,0.13924999999999998,0.09175,0.16775,0.06375,0.3575,0.33025,0.031
SAMPLE_03931,0.295,0.56875,0.2325,0.7805,0.43325,0.39675000000000005,0.21325,0.3455
SAMPLE_03932,0.00825,0.10325000000000001,0.09025,0.2605,0.20575000000000002,0.11275,0.6885,0.267
SAMPLE_03933,0.28725,0.6417499999999999,0.7705,0.6737500000000001,0.881,0.41774999999999995,0.21100000000000002,0.882
SAMPLE_03934,0.2555,0.5795,0.49149999999999994,0.5664999999999999,0.58725,0.13725,0.15125,0.66125
SAMPLE_03935,0.5589999999999999,0.753,0.76075,0.76875,0.42050000000000004,0.85325,0.7324999999999999,0.67625
SAMPLE_03936,0.28975,0.788,0.77425,0.6015,0.5725,0.301,0.41725,0.7072499999999999
SAMPLE_03937,0.7839999999999999,0.44675000000000004,0.4925,0.327,0.4317500000000001,0.7324999999999999,0.68275,0.2825
SAMPLE_03938,0.56275,0.8025,0.77375,0.6845,0.76975,0.8825,0.532,0.61975
SAMPLE_03939,0.36425,0.68275,0.9580000000000001,0.71475,0.9047499999999999,0.21700000000000003,0.349,0.89925
SAMPLE_03940,0.3534999999999999,0.5894999999999999,0.51725,0.63975,0.7317499999999999,0.28025,0.19025,0.784
SAMPLE_03941,0.73375,0.66475,0.29574999999999996,0.32975,0.291,0.6557499999999999,0.18274999999999997,0.19699999999999998
SAMPLE_03942,0.929,0.394,0.41125,0.2795,0.33325,0.59075,0.3345,0.19124999999999998
SAMPLE_03943,0.766,0.15975,0.14425,0.10225000000000001,0.12425,0.4065,0.322,0.07625
SAMPLE_03944,0.50225,0.44675,0.20174999999999998,0.17175,0.17425000000000002,0.52025,0.40299999999999997,0.06175
SAMPLE_03945,0.78375,0.6025,0.3215,0.74675,0.3135,0.65425,0.56825,0.49025
SAMPLE_03946,0.3575,0.8240000000000001,0.514,0.6995,0.795,0.268,0.15250000000000002,0.7999999999999999
SAMPLE_03947,0.5425,0.462,0.41100000000000003,0.3555,0.39749999999999996,0.9077500000000001,0.5415,0.33775
SAMPLE_03948,0.09125,0.1345,0.265,0.6052500000000001,0.20325000000000001,0.1345,0.7005,0.44325
SAMPLE_03949,0.3775,0.78025,0.633,0.66225,0.8784999999999998,0.41974999999999996,0.20275,0.85925
SAMPLE_03950,0.74675,0.42825,0.34825,0.7075,0.5542499999999999,0.67625,0.33575,0.4905
SAMPLE_03951,0.15525,0.33025000000000004,0.49524999999999997,0.4025,0.568,0.21325,0.165,0.6612499999999999
SAMPLE_03952,0.9855,0.927875,0.910625,0.9383750000000001,0.907375,0.9855,0.837125,0.896875
SAMPLE_03953,0.4425,0.82175,0.55775,0.74625,0.62625,0.5475,0.3285,0.51075
SAMPLE_03954,0.7585,0.6952499999999999,0.783,0.68625,0.7595,0.7345,0.62725,0.8127500000000001
SAMPLE_03955,0.2345,0.54,0.55675,0.4475,0.618,0.28,0.2825,0.79
SAMPLE_03956,0.104,0.37625,0.5112500000000001,0.39624999999999994,0.63625,0.07425000000000001,0.71775,0.7005
SAMPLE_03957,0.73525,0.14049999999999999,0.196,0.11725,0.06725,0.624,0.44475000000000003,0.0915
SAMPLE_03958,0.035,0.22349999999999998,0.5315,0.24225000000000002,0.557,0.14750000000000002,0.70875,0.59825
SAMPLE_03959,0.10425,0.21575,0.526,0.6695,0.349,0.58425,0.334625,0.50475
SAMPLE_03960,0.81075,0.56875,0.08575,0.24924999999999997,0.21924999999999997,0.47275,0.3095,0.07225000000000001
SAMPLE_03961,0.5422500000000001,0.38749999999999996,0.45325,0.29500000000000004,0.59175,0.8342499999999999,0.499,0.5615
SAMPLE_03962,0.2495,0.64625,0.6925,0.751,0.643,0.068125,0.2645,0.78975
SAMPLE_03963,0.309,0.7337499999999999,0.6665,0.6305,0.7494999999999999,0.5670000000000001,0.6084999999999999,0.8374999999999999
SAMPLE_03964,0.034499999999999996,0.21475,0.6797500000000001,0.41750000000000004,0.644,0.14475000000000002,0.76075,0.7202500000000001
SAMPLE_03965,0.6945,0.09425,0.13475,0.1605,0.073,0.5845,0.45925000000000005,0.05525
SAMPLE_03966,0.01625,0.21750000000000003,0.3325,0.45775000000000005,0.44799999999999995,0.4475,0.70775,0.484
SAMPLE_03967,0.26625,0.87325,0.545,0.6455,0.7212500000000001,0.28875,0.4155,0.68225
SAMPLE_03968,0.436,0.9215,0.8115000000000001,0.6775,0.8895,0.6865,0.3,0.817
SAMPLE_03969,0.224,0.34724999999999995,0.09874999999999999,0.4315,0.44075000000000003,0.15,0.68275,0.39775
SAMPLE_03970,0.177,0.8045,0.9315,0.6795,0.84625,0.77475,0.50525,0.8975
SAMPLE_03971,0.7264999999999999,0.06325,0.123,0.12575,0.00825,0.44425000000000003,0.262,0.026500000000000003
SAMPLE_03972,0.8445,0.4885,0.5055,0.41525,0.384,0.7705,0.5435,0.35750000000000004
SAMPLE_03973,0.07825,0.31975000000000003,0.24775,0.3785,0.58125,0.16525,0.6965,0.6417499999999999
SAMPLE_03974,0.64175,0.4655,0.262,0.27675,0.292,0.7250000000000001,0.43525,0.25075000000000003
SAMPLE_03975,0.20375,0.246,0.67675,0.77925,0.5655,0.15275,0.852,0.76575
SAMPLE_03976,0.039,0.297,0.1,0.80675,0.2945,0.14725,0.6815,0.60775
SAMPLE_03977,0.5242500000000001,0.6619999999999999,0.5307499999999999,0.7272500000000001,0.40525,0.7635000000000001,0.38549999999999995,0.3685
SAMPLE_03978,0.7907500000000001,0.62725,0.6717500000000001,0.631,0.6335,0.705,0.523,0.48224999999999996
SAMPLE_03979,0.3825,0.66625,0.572,0.5197499999999999,0.51375,0.30425,0.18975,0.49
SAMPLE_03980,0.7605,0.51975,0.12825,0.38075,0.29024999999999995,0.55475,0.42375000000000007,0.09150000000000001
SAMPLE_03981,0.9855,0.876625,0.795875,0.9363750000000001,0.48712500000000003,0.9855,0.8391250000000001,0.669625
SAMPLE_03982,0.16975,0.48624999999999996,0.48074999999999996,0.50725,0.7130000000000001,0.17725000000000002,0.131,0.66875
SAMPLE_03983,0.91125,0.70075,0.6847500000000001,0.44775000000000004,0.52825,0.9397500000000001,0.55775,0.46875
SAMPLE_03984,0.7905,0.163,0.54775,0.38875,0.46575,0.5255000000000001,0.49349999999999994,0.41925
SAMPLE_03985,0.8564999999999999,0.38849999999999996,0.199,0.38725,0.334,0.48575,0.22550000000000003,0.203
SAMPLE_03986,0.6300000000000001,0.06125,0.30425,0.22549999999999998,0.20525000000000002,0.5005000000000001,0.33099999999999996,0.09625
SAMPLE_03987,0.07725,0.3095,0.54425,0.6960000000000001,0.683,0.11125,0.7575,0.7717499999999999
SAMPLE_03988,0.8965,0.5875,0.432,0.26599999999999996,0.36,0.522,0.5525,0.188
SAMPLE_03989,0.38925,0.37625,0.7204999999999999,0.46125,0.6815,0.1775,0.8694999999999999,0.7735
SAMPLE_03990,0.79675,0.19875,0.436,0.1495,0.3605,0.5895,0.61775,0.23675000000000002
SAMPLE_03991,0.3775,0.78425,0.8965,0.75675,0.89175,0.78725,0.67175,0.95225
SAMPLE_03992,0.112,0.39425,0.038,0.79775,0.176,0.06375,0.6795,0.47075
SAMPLE_03993,0.2995,0.5607500000000001,0.5042500000000001,0.7035,0.3775,0.36175,0.49400000000000005,0.50025
SAMPLE_03994,0.839,0.43925000000000003,0.60275,0.4445,0.45825000000000005,0.888,0.6915,0.40425
SAMPLE_03995,0.14225,0.216,0.16125,0.5265000000000001,0.42075,0.08275,0.69675,0.472
SAMPLE_03996,0.018500000000000003,0.473,0.23925000000000002,0.252,0.702,0.1135,0.68075,0.65575
SAMPLE_03997,0.11474999999999999,0.23274999999999998,0.6567500000000001,0.53525,0.5569999999999999,0.14425,0.78825,0.65875
SAMPLE_03998,0.15,0.6092500000000001,0.025750000000000002,0.7899999999999999,0.22849999999999998,0.0675,0.68,0.32225
SAMPLE_03999,0.14875,0.32125,0.40149999999999997,0.423,0.6012500000000001,0.21675,0.71275,0.6025
SAMPLE_04000,0.3645,0.69425,0.46099999999999997,0.5389999999999999,0.7530000000000001,0.34175,0.33224999999999993,0.6535
SAMPLE_04001,0.42325,0.78625,0.73025,0.6214999999999999,0.893,0.16425,0.21475,0.638
SAMPLE_04002,0.581,0.08725,0.22674999999999998,0.10825,0.16499999999999998,0.48425,0.31275000000000003,0.227
SAMPLE_04003,0.63425,0.2925,0.1145,0.24375,0.22449999999999998,0.41625,0.46225000000000005,0.08650000000000001
SAMPLE_04004,0.17200000000000001,0.48125000000000007,0.22750000000000004,0.398,0.7252500000000001,0.15300000000000002,0.69175,0.771
SAMPLE_04005,0.16,0.435,0.40399999999999997,0.44225000000000003,0.6985,0.18925,0.09975,0.60675
SAMPLE_04006,0.7925,0.7539999999999999,0.77625,0.6732499999999999,0.72675,0.72875,0.7085000000000001,0.64775
SAMPLE_04007,0.8325,0.1265,0.305,0.214,0.13525,0.6845,0.30525,0.11449999999999999
SAMPLE_04008,0.19275,0.7092499999999999,0.8545,0.6970000000000001,0.81375,0.057249999999999995,0.7595,0.89825
SAMPLE_04009,0.77425,0.62175,0.78625,0.455,0.66225,0.7525,0.67425,0.6895
SAMPLE_04010,0.9079999999999999,0.40199999999999997,0.22199999999999998,0.28275,0.29424999999999996,0.41300000000000003,0.30850000000000005,0.276
SAMPLE_04011,0.3535,0.775,0.612,0.5165,0.5085000000000001,0.26399999999999996,0.27899999999999997,0.6627500000000001
SAMPLE_04012,0.90675,0.55525,0.28075,0.455,0.39,0.541,0.47724999999999995,0.1935
SAMPLE_04013,0.479,0.31399999999999995,0.522,0.6867500000000001,0.26725,0.68875,0.71425,0.36874999999999997
SAMPLE_04014,0.396,0.73875,0.66525,0.72625,0.84375,0.59225,0.27225,0.864
SAMPLE_04015,0.9209999999999999,0.39625,0.61025,0.448,0.46549999999999997,0.73125,0.5965,0.4095
SAMPLE_04016,0.38525,0.6685,0.696,0.6465000000000001,0.5792499999999999,0.32975,0.3435,0.664
SAMPLE_04017,0.5705,0.8312499999999999,0.5775,0.6095,0.55025,0.76275,0.472,0.49450000000000005
SAMPLE_04018,0.82925,0.7444999999999999,0.304,0.76525,0.28350000000000003,0.8705,0.63925,0.30674999999999997
SAMPLE_04019,0.9855,0.958125,0.931125,0.935125,0.853375,0.9855,0.836625,0.9598749999999999
SAMPLE_04020,0.52,0.5665,0.7052499999999999,0.61825,0.7035,0.579,0.4472499999999999,0.67875
SAMPLE_04021,0.10125,0.405,0.57975,0.6925,0.7222500000000001,0.07899999999999999,0.7444999999999999,0.8685
SAMPLE_04022,0.06275,0.43725,0.6910000000000001,0.46975000000000006,0.57925,0.36674999999999996,0.77425,0.64475
SAMPLE_04023,0.6515,0.37675000000000003,0.32775,0.71525,0.28400000000000003,0.6635,0.31925000000000003,0.49100000000000005
SAMPLE_04024,0.6467499999999999,0.5395,0.49674999999999997,0.6025,0.3885,0.768,0.696,0.4635
SAMPLE_04025,0.2595,0.424,0.34875,0.24050000000000002,0.7102499999999999,0.3175,0.108,0.7785
SAMPLE_04026,0.6115,0.7847500000000001,0.738,0.40225,0.6930000000000001,0.7545000000000001,0.602,0.5607500000000001
SAMPLE_04027,0.56075,0.135,0.33999999999999997,0.2125,0.20375,0.59225,0.529,0.132
SAMPLE_04028,0.8685,0.40975,0.22575,0.33225,0.29875,0.4815,0.37425,0.255
SAMPLE_04029,0.7064999999999999,0.16275,0.077,0.21824999999999997,0.05875,0.451,0.34225,0.02125
SAMPLE_04030,0.72,0.8265,0.93475,0.59825,0.8785,0.915,0.8025,0.80125
SAMPLE_04031,0.40325,0.90025,0.86775,0.70625,0.9632499999999999,0.5182500000000001,0.4595,0.9735
SAMPLE_04032,0.8035000000000001,0.7172499999999999,0.18724999999999997,0.35375,0.31325000000000003,0.68475,0.21875,0.159
SAMPLE_04033,0.36775,0.9497500000000001,0.96225,0.68525,0.97225,0.79525,0.46674999999999994,0.9582499999999999
SAMPLE_04034,0.21275000000000002,0.496,0.7252500000000001,0.6692499999999999,0.611,0.41100000000000003,0.4135,0.70325
SAMPLE_04035,0.71525,0.23224999999999998,0.2815,0.27575,0.22499999999999998,0.8194999999999999,0.6365000000000001,0.27325
SAMPLE_04036,0.95,0.17975000000000002,0.1605,0.21300000000000002,0.12175,0.5385,0.33675,0.1005
SAMPLE_04037,0.44225000000000003,0.9477500000000001,0.8867499999999999,0.70075,0.92425,0.4495,0.2915,0.96375
SAMPLE_04038,0.9855,0.986125,0.978375,0.935625,0.953125,0.9855,0.848125,0.977375
SAMPLE_04039,0.18225000000000002,0.246,0.46549999999999997,0.69475,0.6557499999999999,0.05775,0.7345,0.7585
SAMPLE_04040,0.9855,0.971125,0.9546250000000001,0.937625,0.851125,0.9855,0.840125,0.920375
SAMPLE_04041,0.39225,0.5972500000000001,0.667,0.756,0.6975,0.16,0.20175,0.78925
SAMPLE_04042,0.5282500000000001,0.40075,0.40825,0.39275000000000004,0.31625,0.7075,0.4535,0.21775
SAMPLE_04043,0.34800000000000003,0.73625,0.6944999999999999,0.5455,0.7477499999999999,0.10775,0.209,0.72675
SAMPLE_04044,0.861,0.27349999999999997,0.456,0.4525,0.45,0.51775,0.45799999999999996,0.4485
SAMPLE_04045,0.50675,0.83275,0.8635,0.8095,0.763,0.67625,0.657,0.6132500000000001
SAMPLE_04046,0.747,0.22499999999999998,0.24125000000000002,0.24250000000000002,0.22875,0.58375,0.47675,0.08925000000000001
SAMPLE_04047,0.5085,0.12725,0.12725,0.12675,0.048999999999999995,0.47050000000000003,0.44025000000000003,0.0335
SAMPLE_04048,0.8422499999999999,0.25025,0.18325000000000002,0.14175,0.18725000000000003,0.5755,0.43849999999999995,0.09899999999999999
SAMPLE_04049,0.66075,0.6062500000000001,0.72825,0.5967499999999999,0.26875,0.88625,0.7855000000000001,0.35975
SAMPLE_04050,0.8495,0.14625,0.31875,0.20825000000000002,0.172,0.46325,0.32799999999999996,0.17450000000000002
SAMPLE_04051,0.4335,0.8514999999999999,0.8414999999999999,0.54975,0.9455,0.6657500000000001,0.33375,0.7865
SAMPLE_04052,0.26775,0.40249999999999997,0.17950000000000002,0.733,0.49775,0.18125,0.71325,0.66475
SAMPLE_04053,0.45925,0.8525,0.6165,0.69975,0.8807499999999999,0.09649999999999999,0.20225,0.677
SAMPLE_04054,0.37224999999999997,0.451,0.3055,0.6955,0.37675000000000003,0.2305,0.14375,0.395
SAMPLE_04055,0.2865,0.46475,0.1425,0.4055,0.398,0.21475,0.69325,0.4965
SAMPLE_04056,0.37775,0.841,0.3295,0.62425,0.47175,0.608,0.297,0.5834999999999999
SAMPLE_04057,0.341,0.79675,0.7237500000000001,0.7104999999999999,0.923,0.5145,0.29025,0.95525
SAMPLE_04058,0.8647500000000001,0.43775,0.26625,0.4615,0.3715,0.44575000000000004,0.3805,0.18575
SAMPLE_04059,0.101,0.48924999999999996,0.845,0.6777500000000001,0.7585,0.08,0.76425,0.8745
SAMPLE_04060,0.17774999999999996,0.75125,0.61375,0.51875,0.7024999999999999,0.32775,0.49124999999999996,0.7505000000000001
SAMPLE_04061,0.03675,0.68325,0.7074999999999999,0.7377499999999999,0.879,0.637,0.3015,0.7655
SAMPLE_04062,0.52575,0.646,0.5820000000000001,0.68725,0.48775,0.76025,0.50275,0.5375
SAMPLE_04063,0.603,0.54025,0.37124999999999997,0.6789999999999999,0.36250000000000004,0.61975,0.391,0.34275
SAMPLE_04064,0.6882499999999999,0.3505,0.36175,0.26625,0.34199999999999997,0.438,0.37424999999999997,0.2625
SAMPLE_04065,0.138,0.33825,0.058750000000000004,0.615,0.1985,0.061,0.68025,0.27799999999999997
SAMPLE_04066,0.8912499999999999,0.2235,0.49150000000000005,0.35774999999999996,0.3885,0.6692499999999999,0.513,0.239
SAMPLE_04067,0.9855,0.924625,0.895375,0.933875,0.782625,0.9855,0.837875,0.8181250000000001
SAMPLE_04068,0.62775,0.50675,0.52125,0.3475,0.47575,0.70275,0.43200000000000005,0.5505000000000001
SAMPLE_04069,0.16749999999999998,0.30700000000000005,0.43224999999999997,0.38475,0.648,0.1255,0.74225,0.7262500000000001
SAMPLE_04070,0.7837500000000001,0.14150000000000001,0.35375,0.21875,0.195,0.42525,0.47825,0.07475
SAMPLE_04071,0.804,0.7405,0.65675,0.47425,0.64525,0.8699999999999999,0.70225,0.6857500000000001
SAMPLE_04072,0.554,0.4575,0.72025,0.384,0.499,0.88075,0.5780000000000001,0.4575
SAMPLE_04073,0.758,0.6467499999999999,0.124,0.36150000000000004,0.25475,0.40925,0.132,0.10775
SAMPLE_04074,0.276,0.6985,0.726,0.5085,0.5985,0.38125,0.33687500000000004,0.63
SAMPLE_04075,0.7359999999999999,0.3695,0.5705,0.30925,0.29575,0.8247500000000001,0.594,0.27699999999999997
SAMPLE_04076,0.15325,0.8147499999999999,0.4285,0.61375,0.4565,0.674,0.39425,0.41075
SAMPLE_04077,0.5874999999999999,0.8015,0.76825,0.6792499999999999,0.7045,0.9325,0.70875,0.7255
SAMPLE_04078,0.23099999999999998,0.4595,0.17,0.40425,0.51375,0.10125,0.68825,0.52275
SAMPLE_04079,0.12075,0.46924999999999994,0.3685,0.7265,0.515,0.4545,0.8385,0.62625
SAMPLE_04080,0.35824999999999996,0.719,0.495,0.48775,0.6335000000000001,0.28850000000000003,0.21325,0.64425
SAMPLE_04081,0.9855,0.980375,0.975625,0.9341250000000001,0.941875,0.9855,0.838875,0.978625
SAMPLE_04082,0.677,0.7135,0.73725,0.67675,0.58875,0.43499999999999994,0.51875,0.5165
SAMPLE_04083,0.8374999999999999,0.661,0.1835,0.39949999999999997,0.1955,0.45699999999999996,0.25725,0.10225
SAMPLE_04084,0.43575,0.9455,0.9397500000000001,0.70975,0.95675,0.19874999999999998,0.30250000000000005,0.84925
SAMPLE_04085,0.9855,0.950375,0.883875,0.934625,0.602375,0.9855,0.831875,0.8166249999999999
SAMPLE_04086,0.8605,0.34,0.08675000000000001,0.24425,0.16125,0.4035,0.42475,0.058499999999999996
SAMPLE_04087,0.56725,0.5655,0.791,0.6452500000000001,0.63,0.73475,0.6705000000000001,0.56175
SAMPLE_04088,0.28450000000000003,0.9305,0.89025,0.67175,0.956,0.754,0.30975,0.92475
SAMPLE_04089,0.42275,0.8240000000000001,0.75725,0.6452499999999999,0.9452499999999999,0.67775,0.306125,0.72625
SAMPLE_04090,0.48850000000000005,0.81125,0.8145,0.764,0.721,0.86625,0.5822499999999999,0.687
SAMPLE_04091,0.15875,0.34375,0.18775,0.5285000000000001,0.50125,0.3185,0.71625,0.6054999999999999
SAMPLE_04092,0.74675,0.5782499999999999,0.38625000000000004,0.39975000000000005,0.5365,0.7135,0.59825,0.34900000000000003
SAMPLE_04093,0.28075,0.479,0.31875,0.53925,0.3375,0.5075000000000001,0.24275,0.443
SAMPLE_04094,0.37125,0.79525,0.62075,0.6592499999999999,0.77425,0.11275000000000002,0.22025,0.6195
SAMPLE_04095,0.1925,0.252,0.74275,0.3735,0.6745,0.1895,0.7989999999999999,0.7190000000000001
SAMPLE_04096,0.8022499999999999,0.1475,0.29725,0.15800000000000003,0.23075,0.5519999999999999,0.4215,0.184
SAMPLE_04097,0.27025000000000005,0.6407499999999999,0.5800000000000001,0.5375,0.56775,0.28200000000000003,0.19425,0.61
SAMPLE_04098,0.36825,0.81475,0.884,0.53225,0.9022500000000001,0.5365,0.6202500000000001,0.8564999999999999
SAMPLE_04099,0.5760000000000001,0.7757499999999999,0.7112499999999999,0.624,0.61875,0.88875,0.7474999999999999,0.49875
SAMPLE_04100,0.76075,0.90625,0.957,0.7292500000000001,0.9332499999999999,0.92225,0.6972500000000001,0.8752500000000001
SAMPLE_04101,0.27175,0.5487500000000001,0.933,0.7002499999999999,0.7535000000000001,0.36550000000000005,0.90125,0.856
SAMPLE_04102,0.595,0.6245,0.35324999999999995,0.49725,0.45325,0.82175,0.42975,0.3455
SAMPLE_04103,0.14500000000000002,0.2905,0.15125,0.6112500000000001,0.276,0.04975,0.69525,0.4225
SAMPLE_04104,0.40875,0.8055,0.7929999999999999,0.622,0.8519999999999999,0.281,0.26725,0.72175
SAMPLE_04105,0.90975,0.10350000000000001,0.13874999999999998,0.191,0.125,0.6685,0.43624999999999997,0.1285
SAMPLE_04106,0.556,0.43325,0.40750000000000003,0.29175,0.39675000000000005,0.63475,0.34025,0.39449999999999996
SAMPLE_04107,0.43325,0.6819999999999999,0.7035,0.698,0.36349999999999993,0.162,0.18425000000000002,0.6075
SAMPLE_04108,0.13224999999999998,0.57125,0.42675,0.76425,0.72925,0.187,0.7155,0.86975
SAMPLE_04109,0.1145,0.319,0.6559999999999999,0.53325,0.5920000000000001,0.45175,0.7325,0.6777500000000001
SAMPLE_04110,0.33025,0.3035,0.73275,0.3855,0.7347499999999999,0.08875,0.8045,0.74325
SAMPLE_04111,0.16299999999999998,0.42075000000000007,0.5807500000000001,0.5215,0.642,0.20325000000000001,0.24624999999999997,0.74675
SAMPLE_04112,0.64025,0.0605,0.36975,0.159,0.16449999999999998,0.6134999999999999,0.26325,0.22974999999999998
SAMPLE_04113,0.6564999999999999,0.773,0.706,0.6777500000000001,0.5509999999999999,0.81325,0.6839999999999999,0.37375
SAMPLE_04114,0.66875,0.13674999999999998,0.3835,0.203,0.0585,0.511,0.493,0.07975
SAMPLE_04115,0.24425,0.5485,0.4655,0.21925,0.6082500000000001,0.186375,0.21075,0.66975
SAMPLE_04116,0.7675,0.7942499999999999,0.83925,0.76325,0.79925,0.78575,0.60575,0.8360000000000001
SAMPLE_04117,0.58575,0.18075,0.2975,0.16525,0.16625,0.346,0.18225,0.266
SAMPLE_04118,0.639,0.73875,0.37,0.72875,0.28425,0.8242499999999999,0.636,0.285
SAMPLE_04119,0.649,0.5770000000000001,0.1245,0.286,0.2335,0.497,0.20725,0.15875
SAMPLE_04120,0.4585,0.78375,0.5130000000000001,0.41225,0.5589999999999999,0.69225,0.37149999999999994,0.48275
SAMPLE_04121,0.58925,0.66625,0.778,0.59575,0.6712500000000001,0.879,0.7545,0.4935
SAMPLE_04122,0.2625,0.39425,0.663,0.5385000000000001,0.5820000000000001,0.334,0.36300000000000004,0.66075
SAMPLE_04123,0.7164999999999999,0.64675,0.7375,0.5135000000000001,0.6584999999999999,0.83875,0.70225,0.38525000000000004
SAMPLE_04124,0.5585,0.19474999999999998,0.32725,0.174,0.0945,0.5599999999999999,0.17124999999999999,0.13124999999999998
SAMPLE_04125,0.36825,0.6960000000000001,0.583,0.733,0.803,0.65575,0.268,0.7374999999999999
SAMPLE_04126,0.76575,0.64525,0.09975,0.31125,0.216,0.40275,0.4205,0.099
SAMPLE_04127,0.8967499999999999,0.35775,0.4119999999999999,0.18075000000000002,0.267,0.49899999999999994,0.39899999999999997,0.30225
SAMPLE_04128,0.41000000000000003,0.93425,0.93975,0.712,0.989,0.7605,0.43975000000000003,0.9289999999999999
SAMPLE_04129,0.81,0.32925,0.56725,0.26725,0.5702499999999999,0.6857500000000001,0.52075,0.371
SAMPLE_04130,0.74775,0.7004999999999999,0.5925,0.5609999999999999,0.39849999999999997,0.8959999999999999,0.6052500000000001,0.37475
SAMPLE_04131,0.33799999999999997,0.70425,0.64175,0.681,0.66625,0.40925000000000006,0.45625000000000004,0.6819999999999999
SAMPLE_04132,0.35050000000000003,0.70475,0.6525000000000001,0.66625,0.76225,0.41250000000000003,0.20275,0.78075
SAMPLE_04133,0.061,0.23474999999999996,0.0285,0.7695,0.09974999999999999,0.0755,0.679,0.29
SAMPLE_04134,0.9422499999999999,0.53575,0.15525,0.27075,0.17600000000000002,0.64825,0.48224999999999996,0.056749999999999995
SAMPLE_04135,0.851,0.4175,0.5575,0.37025,0.359,0.634,0.46725,0.28875
SAMPLE_04136,0.17,0.2175,0.646,0.6517499999999999,0.6655,0.22775,0.8069999999999999,0.7725000000000001
SAMPLE_04137,0.25725,0.6054999999999999,0.7024999999999999,0.31875,0.6485000000000001,0.096,0.21,0.6512500000000001
SAMPLE_04138,0.9855,0.948375,0.939625,0.9393750000000001,0.768125,0.9855,0.840625,0.884625
SAMPLE_04139,0.86275,0.37675000000000003,0.1345,0.34175,0.246,0.55375,0.51025,0.119
SAMPLE_04140,0.3795,0.47100000000000003,0.5855,0.67125,0.48050000000000004,0.182,0.221125,0.5265000000000001
SAMPLE_04141,0.56675,0.2815,0.24275,0.30275,0.22425,0.53425,0.33875,0.2545
SAMPLE_04142,0.555,0.563,0.3685,0.73925,0.25475,0.4365,0.55775,0.28300000000000003
SAMPLE_04143,0.77675,0.61775,0.44475,0.5409999999999999,0.40650000000000003,0.85775,0.47225000000000006,0.33325000000000005
SAMPLE_04144,0.89775,0.152,0.1925,0.2685,0.0605,0.50875,0.21400000000000002,0.08025000000000002
SAMPLE_04145,0.9125000000000001,0.33025000000000004,0.5660000000000001,0.33,0.48100000000000004,0.7562500000000001,0.586,0.39375000000000004
SAMPLE_04146,0.84775,0.807,0.81875,0.5542499999999999,0.68275,0.6585,0.6955,0.54425
SAMPLE_04147,0.0835,0.13825,0.09574999999999999,0.24425000000000002,0.21999999999999997,0.07375000000000001,0.68525,0.27575000000000005
SAMPLE_04148,0.85975,0.40974999999999995,0.42150000000000004,0.35425,0.45475000000000004,0.8095,0.7362500000000001,0.26125
SAMPLE_04149,0.30824999999999997,0.5327500000000001,0.41725,0.60075,0.39549999999999996,0.22225,0.066,0.53975
SAMPLE_04150,0.06975,0.35750000000000004,0.63225,0.33199999999999996,0.6495,0.04375,0.736,0.6659999999999999
SAMPLE_04151,0.8595,0.5780000000000001,0.17575000000000002,0.2995,0.29525,0.39149999999999996,0.47675,0.09874999999999999
SAMPLE_04152,0.1345,0.1935,0.40175,0.611,0.4744999999999999,0.27075,0.759,0.59575
SAMPLE_04153,0.13575,0.279,0.3805,0.451,0.16775,0.28475,0.7335,0.27925
SAMPLE_04154,0.7735,0.20725,0.32325,0.30275,0.26,0.45875000000000005,0.46675,0.16125
SAMPLE_04155,0.37324999999999997,0.7969999999999999,0.56675,0.698,0.8035,0.09225,0.20550000000000002,0.725
SAMPLE_04156,0.5369999999999999,0.33699999999999997,0.3875,0.45375,0.21,0.57575,0.42725,0.21449999999999997
SAMPLE_04157,0.17600000000000002,0.172,0.17625,0.5205,0.25125,0.156,0.69825,0.41074999999999995
SAMPLE_04158,0.39875,0.8065,0.53075,0.6564999999999999,0.74925,0.14625,0.1305,0.81875
SAMPLE_04159,0.22999999999999998,0.35924999999999996,0.87825,0.7565,0.7424999999999999,0.22975,0.86625,0.91275
SAMPLE_04160,0.90425,0.43750000000000006,0.14175,0.341,0.255,0.39925,0.18924999999999997,0.078
SAMPLE_04161,0.41974999999999996,0.76725,0.6545,0.5447500000000001,0.70075,0.2205,0.31325,0.5539999999999999
SAMPLE_04162,0.1915,0.485,0.27899999999999997,0.49624999999999997,0.50275,0.13225,0.06975,0.526
SAMPLE_04163,0.51025,0.8985,0.80875,0.8182499999999999,0.75475,0.83175,0.49774999999999997,0.7224999999999999
SAMPLE_04164,0.041749999999999995,0.12375,0.12925,0.31375,0.4605,0.10450000000000001,0.6910000000000001,0.5317500000000001
SAMPLE_04165,0.4185,0.768,0.873,0.697,0.78725,0.22574999999999998,0.22299999999999998,0.85775
SAMPLE_04166,0.28400000000000003,0.6545,0.573,0.36175,0.7365,0.43474999999999997,0.22799999999999998,0.7437499999999999
SAMPLE_04167,0.38250000000000006,0.526,0.58725,0.5807500000000001,0.68525,0.45899999999999996,0.271,0.54975
SAMPLE_04168,0.26325,0.60575,0.9045000000000001,0.5579999999999999,0.837,0.18675,0.27125,0.82675
SAMPLE_04169,0.851,0.4165,0.49824999999999997,0.55375,0.32425,0.8307500000000001,0.51875,0.4755
SAMPLE_04170,0.2525,0.42275,0.6519999999999999,0.45875,0.653,0.08175,0.74125,0.7145
SAMPLE_04171,0.67725,0.39975000000000005,0.42625,0.58525,0.5342500000000001,0.70275,0.47675,0.55125
SAMPLE_04172,0.5545,0.6487499999999999,0.5875,0.3765,0.47250000000000003,0.8227499999999999,0.60675,0.37375
SAMPLE_04173,0.80575,0.7355,0.8320000000000001,0.60575,0.79625,0.9544999999999999,0.79125,0.7655000000000001
SAMPLE_04174,0.11775,0.24750000000000003,0.18475000000000003,0.378,0.48124999999999996,0.1995,0.6930000000000001,0.5535
SAMPLE_04175,0.2755,0.76875,0.5972500000000001,0.69375,0.53575,0.25575,0.26725,0.67125
SAMPLE_04176,0.8232499999999999,0.44899999999999995,0.7477499999999999,0.39925,0.4065,0.81475,0.54125,0.4555
SAMPLE_04177,0.15649999999999997,0.589,0.405,0.722,0.302,0.07325,0.10024999999999999,0.64325
SAMPLE_04178,0.53475,0.8350000000000001,0.77325,0.73475,0.8395,0.94575,0.5985,0.7709999999999999
SAMPLE_04179,0.51725,0.755,0.31275,0.6257499999999999,0.3735,0.7317499999999999,0.47975,0.278
SAMPLE_04180,0.9855,0.959875,0.8971250000000001,0.9373750000000001,0.657375,0.9855,0.83875,0.8038749999999999
SAMPLE_04181,0.3685,0.556,0.37725,0.5065,0.47500000000000003,0.23224999999999998,0.17125,0.41875
SAMPLE_04182,0.784,0.2485,0.33299999999999996,0.389,0.1495,0.74775,0.4475,0.18425
SAMPLE_04183,0.245,0.36875,0.20925,0.356,0.6,0.06425,0.68725,0.57
SAMPLE_04184,0.838,0.22075,0.347,0.23550000000000001,0.112,0.5740000000000001,0.5505,0.11024999999999999
SAMPLE_04185,0.8137500000000001,0.2535,0.32275,0.31074999999999997,0.28300000000000003,0.73225,0.35325,0.16425
SAMPLE_04186,0.0315,0.27675,0.60625,0.37125,0.5569999999999999,0.14225,0.76,0.589
SAMPLE_04187,0.2195,0.5755,0.5927500000000001,0.694,0.43975,0.22925,0.31225,0.669
SAMPLE_04188,0.37325,0.7782500000000001,0.6204999999999999,0.68075,0.6807500000000001,0.2315,0.1895,0.7675000000000001
SAMPLE_04189,0.32725000000000004,0.7210000000000001,0.48,0.63325,0.45925000000000005,0.32675,0.27525,0.49000000000000005
SAMPLE_04190,0.8370000000000001,0.26875,0.51325,0.276,0.33775,0.77075,0.5862499999999999,0.32125
SAMPLE_04191,0.6034999999999999,0.32899999999999996,0.5615,0.48375,0.45825,0.79825,0.5975,0.36675
SAMPLE_04192,0.5722499999999999,0.35575,0.412,0.22825,0.2715,0.6365,0.38749999999999996,0.20875000000000002
SAMPLE_04193,0.36524999999999996,0.7342500000000001,0.5305,0.38825,0.9052500000000001,0.45975,0.33875,0.7982499999999999
SAMPLE_04194,0.12425,0.236,0.27325,0.148,0.22649999999999998,0.17225,0.05775,0.33099999999999996
SAMPLE_04195,0.7877500000000001,0.338,0.7037500000000001,0.5110000000000001,0.40950000000000003,0.50925,0.56825,0.3605
SAMPLE_04196,0.47025,0.48374999999999996,0.5377500000000001,0.7045,0.38775,0.6585000000000001,0.57525,0.35350000000000004
SAMPLE_04197,0.8655,0.30075,0.257,0.17250000000000001,0.20475,0.8785000000000001,0.391,0.21225
SAMPLE_04198,0.707,0.5495,0.37550000000000006,0.48475,0.32975,0.787,0.35175,0.25475000000000003
SAMPLE_04199,0.63725,0.42200000000000004,0.6765,0.4435,0.48274999999999996,0.7245,0.6164999999999999,0.52275
SAMPLE_04200,0.0645,0.22775,0.73775,0.41225,0.58875,0.17450000000000002,0.865,0.6699999999999999
SAMPLE_04201,0.571,0.07925,0.08325,0.11175,0.02425,0.35124999999999995,0.13025,0.021500000000000002
SAMPLE_04202,0.512,0.33325,0.6555,0.30175,0.5615,0.662,0.7312500000000001,0.37849999999999995
SAMPLE_04203,0.7657499999999999,0.47275,0.5367500000000001,0.473,0.38475000000000004,0.6485,0.5277499999999999,0.32475000000000004
SAMPLE_04204,0.8877499999999999,0.32275,0.41925,0.39825,0.379,0.7444999999999999,0.50425,0.3495
SAMPLE_04205,0.73625,0.5149999999999999,0.65,0.46775,0.6345,0.61625,0.452,0.5289999999999999
SAMPLE_04206,0.469,0.76725,0.6072500000000001,0.647,0.45625000000000004,0.53675,0.5680000000000001,0.3855
SAMPLE_04207,0.32025000000000003,0.41100000000000003,0.7424999999999999,0.5289999999999999,0.75925,0.0675,0.83775,0.72975
SAMPLE_04208,0.276,0.6127500000000001,0.4912500000000001,0.3395,0.48375,0.21900000000000003,0.12299999999999998,0.5125
SAMPLE_04209,0.7722499999999999,0.52725,0.267,0.5305,0.3135,0.604,0.46399999999999997,0.23675000000000002
SAMPLE_04210,0.139,0.42400000000000004,0.26075,0.69925,0.32749999999999996,0.34750000000000003,0.387,0.47475
SAMPLE_04211,0.7855,0.23275,0.2045,0.131,0.33949999999999997,0.34900000000000003,0.19999999999999998,0.184
SAMPLE_04212,0.50075,0.8205,0.7030000000000001,0.7427499999999999,0.54325,0.6819999999999999,0.53725,0.5342500000000001
SAMPLE_04213,0.9119999999999999,0.2445,0.37225,0.22624999999999998,0.346,0.7172499999999999,0.412,0.43999999999999995
SAMPLE_04214,0.25925,0.28450000000000003,0.412,0.52475,0.59425,0.30225,0.74725,0.6947500000000001
SAMPLE_04215,0.49224999999999997,0.8065,0.51075,0.81425,0.611,0.92725,0.7749999999999999,0.588
SAMPLE_04216,0.616,0.5525,0.758,0.49775,0.621,0.8825,0.737,0.51625
SAMPLE_04217,0.11725,0.351,0.8505,0.4425,0.65825,0.21100000000000002,0.90725,0.6507499999999999
SAMPLE_04218,0.48375,0.5974999999999999,0.58975,0.654,0.45275,0.48275,0.6172500000000001,0.376
SAMPLE_04219,0.019000000000000003,0.051000000000000004,0.026000000000000002,0.7064999999999999,0.15875,0.1785,0.6890000000000001,0.35750000000000004
SAMPLE_04220,0.64175,0.47050000000000003,0.742,0.47225,0.64025,0.51675,0.662,0.66475
SAMPLE_04221,0.036250000000000004,0.16874999999999998,0.12225,0.3305,0.35275,0.11424999999999999,0.6915,0.3895
SAMPLE_04222,0.5755,0.6655,0.6125,0.6880000000000001,0.3965,0.951,0.74925,0.33525
SAMPLE_04223,0.24675000000000002,0.4625,0.40375,0.6875,0.42299999999999993,0.40975,0.42174999999999996,0.51775
SAMPLE_04224,0.48275,0.551,0.32675,0.5667500000000001,0.33475,0.7472500000000001,0.5605,0.286
SAMPLE_04225,0.758,0.29025,0.24125000000000002,0.24175000000000002,0.255,0.508,0.306,0.2065
SAMPLE_04226,0.5865,0.21875,0.2795,0.0975,0.19999999999999996,0.5577500000000001,0.35524999999999995,0.181
SAMPLE_04227,0.7845,0.24374999999999997,0.42075,0.3825,0.30474999999999997,0.4345,0.50125,0.10124999999999999
SAMPLE_04228,0.183,0.24725000000000003,0.0555,0.5235,0.1955,0.21799999999999997,0.6865,0.213
SAMPLE_04229,0.632,0.43775,0.41925,0.54125,0.29325,0.8015000000000001,0.5175000000000001,0.4135
SAMPLE_04230,0.24875000000000003,0.7335,0.8325,0.481,0.68225,0.34425,0.32025,0.6964999999999999
SAMPLE_04231,0.16399999999999998,0.22875,0.3665,0.10725,0.49749999999999994,0.2415,0.1225,0.54975
SAMPLE_04232,0.302,0.516,0.5385,0.654,0.6315,0.361,0.240625,0.67975
SAMPLE_04233,0.8627499999999999,0.41899999999999993,0.332,0.39549999999999996,0.23375,0.85575,0.62175,0.22399999999999998
SAMPLE_04234,0.6,0.74125,0.6585000000000001,0.63,0.70075,0.7635,0.6792499999999999,0.7332500000000001
SAMPLE_04235,0.8415,0.7132499999999999,0.24625,0.4585,0.37825000000000003,0.56725,0.32049999999999995,0.15275000000000002
SAMPLE_04236,0.056,0.21,0.0965,0.345,0.361,0.20775000000000002,0.69275,0.372
SAMPLE_04237,0.53075,0.29975,0.21975,0.209,0.11225,0.5900000000000001,0.5049999999999999,0.054000000000000006
SAMPLE_04238,0.06875,0.39499999999999996,0.349,0.619,0.5922499999999999,0.49325,0.7695,0.5389999999999999
SAMPLE_04239,0.6625,0.9212500000000001,0.97225,0.62625,0.9684999999999999,0.94525,0.6445000000000001,0.8927499999999999
SAMPLE_04240,0.018750000000000003,0.17325000000000002,0.7815,0.4775,0.59625,0.11574999999999999,0.8202499999999999,0.6275
SAMPLE_04241,0.5382500000000001,0.288,0.45475000000000004,0.161,0.41774999999999995,0.5569999999999999,0.53775,0.33475
SAMPLE_04242,0.22225000000000003,0.5902499999999999,0.7329999999999999,0.67175,0.77825,0.1995,0.29674999999999996,0.7925000000000001
SAMPLE_04243,0.4745,0.7457499999999999,0.81225,0.80325,0.711,0.86325,0.69,0.6719999999999999
SAMPLE_04244,0.7565,0.20575,0.37099999999999994,0.12200000000000001,0.37224999999999997,0.466,0.4205,0.4115
SAMPLE_04245,0.8160000000000001,0.0685,0.22425,0.26,0.03675,0.53775,0.17550000000000002,0.04225
SAMPLE_04246,0.06475,0.18725,0.13175,0.25175000000000003,0.366,0.19975,0.67975,0.3435
SAMPLE_04247,0.20775,0.42850000000000005,0.3165,0.7195,0.24450000000000002,0.30974999999999997,0.238,0.36124999999999996
SAMPLE_04248,0.39175000000000004,0.66275,0.57,0.6375,0.5832499999999999,0.65,0.503,0.59875
SAMPLE_04249,0.13474999999999998,0.27949999999999997,0.4315,0.128,0.6275,0.238,0.265,0.70125
SAMPLE_04250,0.051250000000000004,0.07450000000000001,0.084,0.2495,0.168,0.079,0.68175,0.22049999999999997
SAMPLE_04251,0.28275,0.3555,0.1465,0.44475000000000003,0.5145,0.12375,0.681,0.515
SAMPLE_04252,0.49224999999999997,0.34825,0.497,0.16949999999999998,0.37424999999999997,0.5835,0.46975,0.231
SAMPLE_04253,0.07575000000000001,0.13775,0.13824999999999998,0.44325000000000003,0.3625,0.218,0.7025,0.46950000000000003
SAMPLE_04254,0.83475,0.71875,0.82325,0.55325,0.6692499999999999,0.95225,0.74175,0.55075
SAMPLE_04255,0.33375,0.53925,0.40900000000000003,0.6084999999999999,0.76775,0.25525,0.1175,0.849
SAMPLE_04256,0.876,0.63875,0.4585,0.44875,0.7197500000000001,0.42425,0.47124999999999995,0.39199999999999996
SAMPLE_04257,0.40950000000000003,0.74525,0.5762499999999999,0.5642499999999999,0.5615,0.12175000000000001,0.23175,0.6665
SAMPLE_04258,0.603,0.7252500000000001,0.461,0.6375,0.57575,0.8819999999999999,0.6775,0.36575
SAMPLE_04259,0.5725,0.76125,0.58425,0.83125,0.36850000000000005,0.8975,0.7302500000000001,0.43925
SAMPLE_04260,0.74075,0.08875,0.13974999999999999,0.21875,0.09675,0.31224999999999997,0.20174999999999998,0.0495
SAMPLE_04261,0.0035,0.08425,0.066,0.23950000000000002,0.1995,0.18,0.69025,0.24375000000000002
SAMPLE_04262,0.57425,0.51525,0.56475,0.22775,0.68675,0.57525,0.4175,0.53025
SAMPLE_04263,0.8592500000000001,0.33675,0.4745,0.3025,0.32899999999999996,0.80775,0.49224999999999997,0.26425
SAMPLE_04264,0.2055,0.543,0.478,0.6795,0.6495,0.19025,0.135625,0.76075
SAMPLE_04265,0.8102499999999999,0.7334999999999999,0.9277500000000001,0.5515,0.84925,0.8125,0.7032499999999999,0.7765000000000001
SAMPLE_04266,0.679,0.54925,0.121,0.5487500000000001,0.27675000000000005,0.66725,0.1475,0.44325000000000003
SAMPLE_04267,0.3905,0.619,0.23249999999999998,0.72525,0.41550000000000004,0.252,0.2385,0.369
SAMPLE_04268,0.1945,0.40275,0.3175,0.56575,0.64625,0.15500000000000003,0.17625000000000002,0.6529999999999999
SAMPLE_04269,0.12774999999999997,0.4,0.332,0.195,0.63425,0.45699999999999996,0.19599999999999998,0.6315000000000001
SAMPLE_04270,0.681,0.2415,0.49125,0.28550000000000003,0.24575,0.65375,0.39549999999999996,0.19100000000000003
SAMPLE_04271,0.41475,0.7742499999999999,0.7185,0.641,0.85025,0.51425,0.27175,0.8907499999999999
SAMPLE_04272,0.5355000000000001,0.47624999999999995,0.4095,0.44225,0.38875,0.694,0.48925,0.2695
SAMPLE_04273,0.9855,0.881375,0.8263750000000001,0.936875,0.597875,0.9855,0.8416250000000001,0.719375
SAMPLE_04274,0.346,0.6445000000000001,0.7622500000000001,0.62875,0.6267499999999999,0.48224999999999996,0.298,0.60475
SAMPLE_04275,0.7805,0.11825,0.11475000000000002,0.167,0.06425,0.6567500000000001,0.44925000000000004,0.0835
SAMPLE_04276,0.8115,0.28700000000000003,0.29875,0.26275,0.1835,0.7809999999999999,0.39575,0.22725
SAMPLE_04277,0.588,0.85275,0.7837500000000001,0.732,0.7635000000000001,0.9365,0.738,0.86825
SAMPLE_04278,0.23249999999999998,0.5569999999999999,0.2145,0.42475,0.5775,0.08225,0.055875,0.5425
SAMPLE_04279,0.03575,0.14225000000000002,0.1495,0.44399999999999995,0.30525,0.24625,0.69925,0.3355
SAMPLE_04280,0.70475,0.5562499999999999,0.7072499999999999,0.47850000000000004,0.55525,0.8365,0.7387499999999999,0.5575
SAMPLE_04281,0.863,0.6022500000000001,0.62225,0.4935,0.53025,0.7512500000000001,0.5445,0.42374999999999996
SAMPLE_04282,0.33175,0.71025,0.721,0.5295,0.8140000000000001,0.40850000000000003,0.24725,0.84175
SAMPLE_04283,0.18175,0.639,0.08500000000000002,0.7629999999999999,0.37575000000000003,0.06,0.67825,0.4235
SAMPLE_04284,0.025249999999999998,0.17075,0.0945,0.7077500000000001,0.16125,0.041499999999999995,0.682,0.453
SAMPLE_04285,0.8619999999999999,0.8262499999999999,0.8724999999999999,0.60175,0.67075,0.90725,0.7542500000000001,0.63975
SAMPLE_04286,0.261,0.22725,0.3245,0.63225,0.627,0.13699999999999998,0.72775,0.7222500000000001
SAMPLE_04287,0.37050000000000005,0.58975,0.77425,0.5765,0.6247499999999999,0.2495,0.32825,0.7497499999999999
SAMPLE_04288,0.8617499999999999,0.24825,0.47425,0.31825,0.3095,0.5,0.53025,0.22749999999999998
SAMPLE_04289,0.06275,0.1915,0.04,0.6735,0.344,0.09125,0.6900000000000001,0.5145
SAMPLE_04290,0.22199999999999998,0.42950000000000005,0.66325,0.40175,0.6055,0.3545,0.75675,0.6679999999999999
SAMPLE_04291,0.37175,0.839,0.9167500000000001,0.68025,0.83675,0.26749999999999996,0.27649999999999997,0.8825
SAMPLE_04292,0.378,0.62175,0.37525,0.69125,0.641,0.37825,0.324125,0.6205
SAMPLE_04293,0.59825,0.26025,0.38475,0.17175,0.45599999999999996,0.5329999999999999,0.39725000000000005,0.492
SAMPLE_04294,0.599,0.72675,0.21875,0.46799999999999997,0.30374999999999996,0.60975,0.33599999999999997,0.26075
SAMPLE_04295,0.5335,0.20500000000000002,0.31525,0.25525000000000003,0.30324999999999996,0.5685,0.2945,0.277
SAMPLE_04296,0.5740000000000001,0.479,0.6795,0.82325,0.47925,0.7124999999999999,0.6952499999999999,0.56725
SAMPLE_04297,0.027000000000000003,0.12,0.53325,0.28300000000000003,0.4265,0.14500000000000002,0.75775,0.46524999999999994
SAMPLE_04298,0.9855,0.893625,0.8383750000000001,0.937875,0.569875,0.9855,0.8383750000000001,0.675625
SAMPLE_04299,0.883,0.3615,0.54025,0.25725000000000003,0.44525000000000003,0.5335,0.51425,0.37150000000000005
SAMPLE_04300,0.6114999999999999,0.27875,0.271,0.576,0.20975,0.62275,0.29200000000000004,0.36175
SAMPLE_04301,0.5810000000000001,0.6194999999999999,0.47325000000000006,0.7725,0.46525000000000005,0.832,0.651,0.42725
SAMPLE_04302,0.9460000000000001,0.6040000000000001,0.14600000000000002,0.27,0.30974999999999997,0.714,0.22375,0.05675
SAMPLE_04303,0.72375,0.25175000000000003,0.522,0.46025,0.47724999999999995,0.8260000000000001,0.44775,0.32899999999999996
SAMPLE_04304,0.26775,0.4935,0.55825,0.6890000000000001,0.631,0.16999999999999998,0.31325000000000003,0.7695
SAMPLE_04305,0.85625,0.6557499999999999,0.29325,0.3225,0.47025000000000006,0.6659999999999999,0.42625,0.30124999999999996
SAMPLE_04306,0.10674999999999998,0.26975,0.1885,0.6495,0.38675000000000004,0.183,0.69425,0.51375
SAMPLE_04307,0.7435,0.32875,0.47924999999999995,0.29875,0.34375,0.8234999999999999,0.5995,0.26625
SAMPLE_04308,0.27175000000000005,0.5745,0.348,0.6035,0.41950000000000004,0.22724999999999998,0.13699999999999998,0.48275
SAMPLE_04309,0.05975,0.09975,0.03,0.3015,0.148,0.06925,0.6825,0.12825
SAMPLE_04310,0.9855,0.921625,0.901375,0.939125,0.730125,0.9855,0.8476250000000001,0.7921250000000001
SAMPLE_04311,0.338,0.74525,0.6815,0.677,0.79925,0.21325,0.24875000000000003,0.81275
SAMPLE_04312,0.91075,0.6377499999999999,0.172,0.4085,0.29175,0.4825,0.31799999999999995,0.14450000000000002
SAMPLE_04313,0.7625000000000001,0.16125,0.22525,0.20875,0.13724999999999998,0.446,0.46075000000000005,0.10825
SAMPLE_04314,0.66025,0.67525,0.79725,0.577,0.639,0.712,0.72025,0.6599999999999999
SAMPLE_04315,0.32475,0.30925,0.8795000000000001,0.522,0.7775,0.19525,0.88025,0.803
SAMPLE_04316,0.7225,0.565,0.316,0.7372500000000001,0.372,0.7155,0.3715,0.47274999999999995
SAMPLE_04317,0.4415,0.7390000000000001,0.61025,0.6475,0.84625,0.397,0.35575,0.6465000000000001
SAMPLE_04318,0.83325,0.46625000000000005,0.4315,0.41775,0.46699999999999997,0.8525,0.583,0.43925
SAMPLE_04319,0.22949999999999998,0.77075,0.5387500000000001,0.50525,0.606,0.16949999999999998,0.1405,0.69725
SAMPLE_04320,0.65575,0.5115,0.50625,0.644,0.417,0.658,0.567,0.397
SAMPLE_04321,0.0625,0.29225,0.7292500000000001,0.29225,0.5742499999999999,0.22699999999999998,0.758,0.5960000000000001
SAMPLE_04322,0.40599999999999997,0.80375,0.72675,0.716,0.76225,0.15500000000000003,0.2645,0.7329999999999999
SAMPLE_04323,0.5105,0.46275,0.8602500000000001,0.33975000000000005,0.5465,0.63025,0.47275,0.47875
SAMPLE_04324,0.18825,0.68,0.74875,0.6895,0.6415,0.45075,0.5954999999999999,0.74
SAMPLE_04325,0.20350000000000001,0.636,0.7455,0.42225,0.68925,0.037750000000000006,0.78725,0.68025
SAMPLE_04326,0.2375,0.68725,0.652,0.27025,0.7575000000000001,0.29000000000000004,0.35225,0.7415
SAMPLE_04327,0.14125000000000001,0.5725,0.17275000000000001,0.5097499999999999,0.4982500000000001,0.28450000000000003,0.76675,0.4295
SAMPLE_04328,0.23725000000000002,0.31775,0.399,0.6629999999999999,0.553,0.06925,0.6940000000000001,0.7182499999999999
SAMPLE_04329,0.4804999999999999,0.75325,0.76,0.581,0.5890000000000001,0.8580000000000001,0.709,0.6507499999999999
SAMPLE_04330,0.58025,0.77025,0.6084999999999999,0.54725,0.45975,0.7757499999999999,0.3805,0.512
SAMPLE_04331,0.66625,0.66525,0.48725,0.5337500000000001,0.5025,0.8150000000000001,0.5660000000000001,0.39275
SAMPLE_04332,0.46075000000000005,0.8062500000000001,0.67425,0.6825,0.7055,0.10675,0.22275,0.3155
SAMPLE_04333,0.025750000000000002,0.0935,0.267,0.36250000000000004,0.17950000000000002,0.174,0.70275,0.26725
SAMPLE_04334,0.41075,0.62575,0.526,0.62675,0.79275,0.20425,0.3355,0.7985
SAMPLE_04335,0.6904999999999999,0.16825,0.145,0.19,0.10650000000000001,0.55825,0.41100000000000003,0.12925
SAMPLE_04336,0.278,0.4245,0.54425,0.65525,0.6865,0.29025,0.22999999999999998,0.56375
SAMPLE_04337,0.9855,0.945875,0.914625,0.934875,0.745625,0.9855,0.841125,0.932375
SAMPLE_04338,0.90675,0.633,0.5680000000000001,0.4455,0.6385000000000001,0.4275,0.25499999999999995,0.38075000000000003
SAMPLE_04339,0.41425,0.90625,0.5700000000000001,0.6312499999999999,0.9345,0.6025,0.34375,0.7245
SAMPLE_04340,0.9855,0.899875,0.8403750000000001,0.935875,0.6628750000000001,0.9855,0.832375,0.786125
SAMPLE_04341,0.47924999999999995,0.7515000000000001,0.7565,0.7612499999999999,0.66725,0.88575,0.71975,0.6950000000000001
SAMPLE_04342,0.6440000000000001,0.56925,0.1445,0.2895,0.203,0.416,0.1385,0.11575
SAMPLE_04343,0.113,0.55125,0.89225,0.7375,0.7032499999999999,0.18575,0.875,0.8654999999999999
SAMPLE_04344,0.2725,0.3575,0.6645000000000001,0.16725,0.7224999999999999,0.25275000000000003,0.38775,0.7669999999999999
SAMPLE_04345,0.03175,0.10550000000000001,0.11699999999999999,0.22825,0.33275,0.10924999999999999,0.6895,0.36175
SAMPLE_04346,0.45125,0.37775,0.6945,0.36375,0.6315,0.7175,0.7585,0.65225
SAMPLE_04347,0.7012499999999999,0.804,0.69675,0.8382499999999999,0.52625,0.88025,0.6665,0.5905
SAMPLE_04348,0.21725,0.8167499999999999,0.857,0.58975,0.8334999999999999,0.37825,0.4255,0.85575
SAMPLE_04349,0.40075000000000005,0.7165,0.7044999999999999,0.5685,0.59825,0.21250000000000002,0.30025,0.599
SAMPLE_04350,0.21375,0.25825,0.58675,0.36324999999999996,0.5415000000000001,0.1005,0.73675,0.53
SAMPLE_04351,0.65725,0.334,0.25325000000000003,0.30950000000000005,0.24175000000000002,0.449,0.28450000000000003,0.13775
SAMPLE_04352,0.1635,0.54175,0.368,0.6585000000000001,0.4345,0.35000000000000003,0.34400000000000003,0.51575
SAMPLE_04353,0.26,0.78725,0.6432500000000001,0.4932500000000001,0.69975,0.224,0.24675,0.72275
SAMPLE_04354,0.14850000000000002,0.6735,0.41300000000000003,0.64725,0.75975,0.36050000000000004,0.16425,0.70225
SAMPLE_04355,0.03875,0.1925,0.5555,0.28600000000000003,0.412,0.35400000000000004,0.716,0.47150000000000003
SAMPLE_04356,0.51125,0.557,0.741,0.6799999999999999,0.37475,0.69025,0.7000000000000001,0.601
SAMPLE_04357,0.16775,0.44,0.09699999999999999,0.27899999999999997,0.4902500000000001,0.07025,0.687,0.52125
SAMPLE_04358,0.658,0.346,0.48250000000000004,0.168,0.409,0.7575000000000001,0.51625,0.37575000000000003
SAMPLE_04359,0.18775,0.7172499999999999,0.6612499999999999,0.7625,0.505,0.157875,0.281625,0.6415000000000001
