sample_id,Ampicillin,Amoxicillin_Clavulanic_acid,Cefotaxime,Cefuroxime,Ciprofloxacin,Ertapenem,Imipenem,Levofloxacin
SAMPLE_03360,0.9986047794617158,0.01071643089681298,0.014764816675117875,0.012077187848003455,0.028767194406609804,0.006829636789394435,0.01177402069577047,0.02711990064881112
SAMPLE_03361,0.3218024517691531,0.04942850680214759,0.04472369878652642,0.30773730037897773,0.029228566497572828,0.0005320529189897992,0.7059333788840113,0.059112816093293816
SAMPLE_03362,0.66036045535348,0.11918371401255987,0.1340894367098684,0.1255753738749155,0.4390231108797171,0.001532736925742832,0.04593857355608246,0.3816915897945635
SAMPLE_03363,0.40230617297497506,0.03351434211539277,0.06077466440502445,0.30718978060937774,0.09177781328219768,0.0008362763186829709,0.7128723077202581,0.03850879707256726
SAMPLE_03364,0.7039307031848805,0.24162988353600506,0.22531779349576211,0.695794755808794,0.44047905654879443,0.0019461792444642615,0.03999755922121224,0.43868547529336827
SAMPLE_03365,0.9475889587542168,0.10541170028198069,0.15829569719661235,0.6390774050634439,0.20035609796242793,0.001321546421025016,0.10229153465130987,0.29807098278262806
SAMPLE_03366,0.899953046189693,0.18783505891570626,0.19773875572970362,0.9930874728998997,0.3403733487548986,0.0006484729219978873,0.747923843460826,0.6686034051023776
SAMPLE_03367,0.9594332972228372,0.30381740251563927,0.227151877569623,0.696513387259214,0.4224116432445689,0.0015818737104716786,0.062180062830040884,0.5675504329373569
SAMPLE_03368,0.6673484089791051,0.24288644744888216,0.3521315885752462,0.9933161860501227,0.5532952947503454,0.0005541890856926656,0.7952662271088766,0.8345692448982913
SAMPLE_03369,0.9413139618790307,0.5040830388945905,0.2839765120021412,0.6983783805629379,0.7143614387194845,0.004998858013667361,0.06569504995722049,0.8670065081002417
SAMPLE_03370,0.9601722492836721,0.09268301586386203,0.3071717534204949,0.7064054837391975,0.24186527054790158,0.00479310314807716,0.04695007900815191,0.31429208557333344
SAMPLE_03371,0.7821464599504429,0.040544055072331484,0.039795150414813185,0.6995587511414865,0.06553971398903441,0.0014600795872365092,0.01824810270798784,0.31217252186953137
SAMPLE_03372,0.9409869949430996,0.24445221277627785,0.11150844807962462,0.6937101015908999,0.10298894283502144,0.0028154124997015234,0.04459408324489922,0.30544705442650755
SAMPLE_03373,0.9233119986290043,0.21508030595204214,0.04592188008255977,0.699869626209186,0.16570798748200644,0.001709870477209635,0.06292382791775061,0.2932882002294169
SAMPLE_03374,0.2721327740786874,0.046112755319895504,0.03337690432309877,0.3033062586762069,0.04293604400798172,0.0006325057705050697,0.709061668210356,0.06562160489273966
SAMPLE_03375,0.9455994235241997,0.3094808605790976,0.07943162987277738,0.6975437690715204,0.19230776801726734,0.001394448775462893,0.02751205718467723,0.3276516734761182
SAMPLE_03376,0.3850187225700349,0.2360954963318638,0.2422724595275625,0.6997143636184153,0.2787333823757507,0.002513918513691187,0.10353278196524657,0.31781047090144
SAMPLE_03377,0.931444625410834,0.2193861332425971,0.1082250479752649,0.4319517676442048,0.3250184841122482,0.0014263969187377798,0.03167670641213666,0.3769208745918458
SAMPLE_03378,0.9994359297060004,0.027975645781533456,0.032316276924666765,0.017642640132096262,0.08352866881744596,0.006516395978341569,0.019386944935221848,0.12281797251071333
SAMPLE_03379,0.9993011563804843,0.47958171281217443,0.15017714506781082,0.7007973380668792,0.14952473558948687,0.041050324249753134,0.0644671724806339,0.31115605939834423
SAMPLE_03380,0.9658096901449795,0.5581831850898182,0.3382487085939063,0.5292333483720212,0.7814164082439389,0.00218056435951765,0.08381605677563239,0.2935071235058218
SAMPLE_03381,0.6148424320681835,0.2063823764118432,0.06210258808396178,0.6949451380794631,0.1130312131975841,0.0018895251889768782,0.055137785991604626,0.3024449235408243
SAMPLE_03382,0.9994033610767927,0.04015648800151322,0.06122980777785002,0.11694905104794544,0.05269154733178645,0.007749501632986081,0.01900473876317029,0.07212403320078445
SAMPLE_03383,0.9994929800579528,0.042016636954067335,0.04579724027230943,0.01659512806276332,0.04720954018953685,0.0038458899789508096,0.023340122599538885,0.08735161053730925
SAMPLE_03384,0.9992343242808819,0.09467381403327302,0.13093205838884986,0.15033834653843664,0.19148376351796015,0.03838164024858312,0.09770972301065592,0.29557947836284004
SAMPLE_03385,0.8836346302451136,0.1826647261983224,0.11616943033937524,0.6971679374423986,0.3213137714962128,0.0016832668495532163,0.04992835119179343,0.30781564736289185
SAMPLE_03386,0.9635091669923286,0.1709538950879098,0.17956210192548167,0.6930212764339038,0.39283644730802303,0.002053355621167953,0.05218149849011589,0.5496429933969571
SAMPLE_03387,0.07827743660186545,0.034313935304013,0.04633246514357583,0.3049098394031392,0.03804194487814506,0.000931877914528677,0.7069778688352942,0.06559074401921217
SAMPLE_03388,0.08296776815579111,0.06702267090850926,0.06926220368125065,0.9917464179706987,0.36626579113578855,0.00042028849517344505,0.7055652493198539,0.5628766362411063
SAMPLE_03389,0.999545166879912,0.03487800636725209,0.05039967242291201,0.009412604603756298,0.15592821853864383,0.005757785938303574,0.025409534839624315,0.035753103632200696
SAMPLE_03390,0.9995711462053463,0.24190402085653234,0.02403684203623269,0.0828075269309477,0.14115732951927557,0.004690074360118823,0.013034602469810265,0.09058274256920465
SAMPLE_03391,0.9991696270341199,0.11881956225095126,0.1352304306370148,0.04215363405787126,0.12100331648984523,0.006051673220810939,0.06798884911086732,0.0926962431324511
SAMPLE_03392,0.9993641192341465,0.018818208140257416,0.021551432167423838,0.011814569975422136,0.03800875994389741,0.008229751106559696,0.017026187782327028,0.0388804975205363
SAMPLE_03393,0.9993632780349426,0.058043550202527244,0.14614260495589432,0.03231622527893894,0.10255984262674006,0.039643903209189355,0.06395389088021669,0.06522345576656272
SAMPLE_03394,0.9995381390377102,0.09363580494659533,0.14145746127996933,0.03716597609868074,0.09108933682736756,0.014887258459863856,0.05667200866497105,0.1088511276138091
SAMPLE_03395,0.9995117409501646,0.030532659131869727,0.05915162934171589,0.02422597419635455,0.18791635564434014,0.0048190794341585975,0.049550262730437465,0.07159312419030213
SAMPLE_03396,0.5292447211073392,0.08810946930538283,0.11637641664012568,0.3204651319927491,0.06555293390706844,0.0006618332153384294,0.7083721560480911,0.06425666897369349
SAMPLE_03397,0.9271016519745857,0.31526402413046273,0.22288492982840274,0.6940550792188048,0.25974815076541996,0.0018835143456641685,0.168695912341983,0.42303021984185163
SAMPLE_03398,0.6739586169935854,0.2194895677145839,0.2551083610146544,0.6987802901570499,0.4562065261024858,0.002576285345700895,0.10243279009369936,0.5784095688639334
SAMPLE_03399,0.6494111555408703,0.26377192991098053,0.0944007308997327,0.3203417467086171,0.3990757955474041,0.0007480311092185688,0.7053025210038162,0.42441982832141706
SAMPLE_03400,0.9994848418536644,0.041171282102160256,0.08655749767206082,0.03224934652427382,0.11917482805286278,0.007455078105857385,0.04995449885524007,0.1300085638385725
SAMPLE_03401,0.999467524310702,0.03834783983098383,0.03673558645699534,0.012742473158514709,0.0837160768790267,0.009602547928855433,0.05278269465168819,0.06459282383805191
SAMPLE_03402,0.43842885147720767,0.1643542848446107,0.18035541021783416,0.37395022278989337,0.3710169879504473,0.0005174923202627098,0.7188847531873458,0.2671926211076559
SAMPLE_03403,0.9995147439508231,0.06510332561525096,0.08847967085589949,0.15237830726704618,0.1201557055022299,0.015069321765995618,0.025794216059906148,0.14853441668727232
SAMPLE_03404,0.9576493263880298,0.4875986299486118,0.2753904728194473,0.7909817835016446,0.49092851818940786,0.10023244570998,0.15506425140713903,0.5415089953527681
SAMPLE_03405,0.958156680357773,0.35651071977002075,0.15997122526943802,0.6987098588726122,0.7382954221417068,0.005458115647376544,0.0921430081164239,0.4524893541100725
SAMPLE_03406,0.9994916111863228,0.03248526569748843,0.04747857783434319,0.010152997102977866,0.04909536550347451,0.004925564868422646,0.03393207270618085,0.04848704216886179
SAMPLE_03407,1.0,0.8105124136817967,0.7720782611615398,0.998684281562034,0.39519394718542455,1.0,0.9995853968361226,0.5478480624254963
SAMPLE_03408,0.9987686948601227,0.6272470543286579,0.11660314846793146,0.7005813353247055,0.1675920359813551,0.04404752093500052,0.0753568655158185,0.31867631443549016
SAMPLE_03409,0.10848989944930038,0.11131403831085103,0.09580119588435068,0.992696725487012,0.2511172539380443,0.00044595388848564445,0.7058030457329217,0.40244648093198776
SAMPLE_03410,1.0,0.8412125500673138,0.8226351545827375,0.9989890139334325,0.4740950660982302,1.0,0.9996462556644958,0.5391413806960329
SAMPLE_03411,0.9993352424576509,0.1933846065732057,0.16472804775061273,0.16364361118726217,0.10319287768512964,0.16920451665435235,0.050727064232610496,0.16705739657110882
SAMPLE_03412,0.9992239427636668,0.09511252314559529,0.0604401686447532,0.015911036996319253,0.19862230252816537,0.019717464437725662,0.033880686493098694,0.14459835618812042
SAMPLE_03413,0.9994736221215602,0.043395784346379265,0.03608329918919519,0.20520008621301056,0.057637907995868785,0.01327178412617605,0.02102475133711649,0.11474702384472997
SAMPLE_03414,0.07315269647971875,0.09858489462251897,0.13915429254357592,0.5360805292446027,0.400303148042232,0.000578696767002291,0.767282375118445,0.44339835455547394
SAMPLE_03415,0.9994397503736745,0.02529044443335301,0.04593966919572355,0.01181674228853402,0.04059710864469071,0.011005683905984092,0.02374613002251507,0.06260685733665364
SAMPLE_03416,0.9994401015794732,0.23458361269262393,0.14092029587951724,0.7120948293432615,0.2823920971634878,0.02927767930213861,0.06955293813512192,0.31256555959733384
SAMPLE_03417,0.2168352948660638,0.02745898767205529,0.03447755082745981,0.3029923972164495,0.03634555100393329,0.0005416096420892462,0.7057251617975996,0.03301859705346516
SAMPLE_03418,0.9993930654266467,0.10700207536190263,0.12462151757244941,0.41415456617704327,0.09339695813443794,0.02419083694038843,0.09015921720947694,0.19673167562630098
SAMPLE_03419,0.9995565598776988,0.24786749882293996,0.12542803126572474,0.034742350405428765,0.17550748357978363,0.02860712238477363,0.1328026906592052,0.10545501837223815
SAMPLE_03420,0.999166972688216,0.33621439762984495,0.5297195312613605,0.7084110926657882,0.462341113695083,0.012545720101256826,0.18846837985028125,0.6256716112625218
SAMPLE_03421,0.5533661096608269,0.11651621491896755,0.11465642719753916,0.030164784800425015,0.36922536655986615,0.0014653201178590712,0.04389357881569568,0.4120938183943572
SAMPLE_03422,0.9994247703394572,0.2853803778051208,0.3904522299182327,0.02245557952280202,0.26353216110290106,0.011362762489679927,0.1202432771784145,0.27912687163436595
SAMPLE_03423,0.4242359121534405,0.08774114610223895,0.12760760970947493,0.024267640624326493,0.22059145366751154,0.0015713578001855643,0.024164266029113996,0.20486872284229352
SAMPLE_03424,0.70973873328157,0.10752378561498627,0.16511045653136758,0.6999211995103131,0.3213368847260885,0.016108454889407906,0.034962542946499524,0.3865197356351371
SAMPLE_03425,0.999365148524979,0.29437019209448617,0.10938692718358095,0.697095119002996,0.36406340988964736,0.21893164030069615,0.02785209930835117,0.30297023700254944
SAMPLE_03426,0.999132610915535,0.2391667646063329,0.12558022213828676,0.7012893395109453,0.3864746824947651,0.04082430673523932,0.0583136849776385,0.47158650418166503
SAMPLE_03427,0.9994679862518568,0.2022907072213352,0.052771378831579056,0.09606885538822334,0.11974736436916569,0.007002329174643111,0.021277624989281298,0.0652052146335624
SAMPLE_03428,0.760710691149713,0.24889562733077278,0.0683131939884824,0.700059288617208,0.17981608017103118,0.0009742062854691357,0.01774579218786088,0.33686665394054804
SAMPLE_03429,0.20839917308397504,0.05963317085668375,0.22671729193690007,0.32288794237454727,0.1498515043528269,0.0006822665958397475,0.7672582483448371,0.15769751948879818
SAMPLE_03430,0.9994301826472791,0.1028649722237189,0.15332022420235564,0.6786058188753765,0.16443844717185518,0.006998106559356482,0.0630857951945857,0.2581743920933244
SAMPLE_03431,0.9991964042472172,0.017082697603885887,0.10090290612176853,0.2005545991929359,0.03238359223067457,0.006625505111481352,0.03364659875051074,0.08345238946890766
SAMPLE_03432,0.9667443891416538,0.24308352848839931,0.5093968612064192,0.7001430738452513,0.7654198241152419,0.008335428405440926,0.19069537456336658,0.6764726187237683
SAMPLE_03433,0.3238088747760739,0.08257794768978632,0.09661973731114207,0.3254156755494546,0.043405204375690815,0.0033776856995450777,0.7091871768254453,0.17087410565803324
SAMPLE_03434,0.9994722909454842,0.09938628174980028,0.16697154786682417,0.19487322766467105,0.16180217075633113,0.05428751813443758,0.07182191032860284,0.1767657289742055
SAMPLE_03435,0.9995316330505568,0.024729733485879028,0.02534809029958804,0.02379335314096773,0.028700708390350303,0.004341740852784293,0.019670572613395016,0.07120244166528424
SAMPLE_03436,0.9995712136520961,0.037640441998480156,0.042370049396039375,0.12489841027551525,0.03791022361213662,0.006863005790485032,0.031174067713635192,0.06583782784551104
SAMPLE_03437,0.9995100253896193,0.021213184355200025,0.0390221182068463,0.01590921032715205,0.0417395094719257,0.00431367976514754,0.02399972107437716,0.0542107003680892
SAMPLE_03438,0.7649623614722085,0.2582606348413229,0.26870297160526296,0.008374497367696937,0.5088802199135329,0.0013103751598816118,0.047800149029659615,0.41244788194132453
SAMPLE_03439,0.9994498792470576,0.039154177652623544,0.035262926516510196,0.020182973435060567,0.03989432726549987,0.010406985888258141,0.03269742984929297,0.043012588777227544
SAMPLE_03440,0.9707522817131802,0.2542243125810958,0.2711381856391881,0.688930137582725,0.7884585698591093,0.0023347461912220655,0.10052714570988475,0.5998935810144279
SAMPLE_03441,0.9593976380028157,0.11166532585486022,0.11389630482458138,0.6965464729070987,0.4016251310455479,0.0016841028964153708,0.04735350667811951,0.47160241820194715
SAMPLE_03442,0.9994348530078394,0.0366781031803535,0.015336924511284515,0.18613698337411,0.05444402531650294,0.005737067465896884,0.02095646933003313,0.10551865867203937
SAMPLE_03443,0.999474260683582,0.32850867174048937,0.2138024106791533,0.021894440309409055,0.49077999885016643,0.015694530074409574,0.10866912185681368,0.21221735579215037
SAMPLE_03444,0.5196026561692667,0.05674262880386319,0.05220076912521743,0.9916484464916617,0.05938033792340281,0.0004410108715719812,0.7051034609959388,0.31674355094074785
SAMPLE_03445,0.9993435164984008,0.09482838093630487,0.06426462821962427,0.6966159450990077,0.09672294589209313,0.03540790448641214,0.03996816588662461,0.28206291386024307
SAMPLE_03446,0.9991349658859299,0.12687651554325255,0.1341053781008872,0.42631696884645404,0.3598655525210508,0.007282979681370518,0.0337895220474905,0.5532015058163428
SAMPLE_03447,0.962311503450624,0.15235745264382394,0.2448577245043228,0.6800097716746372,0.5033815312280989,0.0021116147520338674,0.07943504039529764,0.4307893430274788
SAMPLE_03448,0.9992930264328934,0.401675776523745,0.04264209008230755,0.37983218137913477,0.22615204295346525,0.02520174154731264,0.057248509401223724,0.24030285259659923
SAMPLE_03449,0.9372309839901429,0.042597575206055595,0.035786442298323416,0.6937655907948566,0.07942872690108375,0.0054335203124788595,0.029946923383170305,0.2882755094033313
SAMPLE_03450,0.5842777241145578,0.0807825142076209,0.030010982698477538,0.28164925577853855,0.06925582126230809,0.0016257408167033955,0.018438448697725315,0.13522743365367557
SAMPLE_03451,0.2678352640291375,0.26537903992724915,0.48869346047054607,0.8245663936655594,0.6955540794045273,0.0012643728266280047,0.7714742891378888,0.9457246110703603
SAMPLE_03452,0.9242796207137443,0.21069531094482427,0.11494950118071509,0.6974771715088676,0.2775563380643105,0.0016327009083297484,0.021536094481753785,0.3027504001191694
SAMPLE_03453,0.6669342993204161,0.07181283939938618,0.08987706935397045,0.4089061862492556,0.26091431831162193,0.0004771600514289654,0.7168309267799957,0.15124881342255175
SAMPLE_03454,0.9988452687735552,0.044233931446540975,0.07058512122527005,0.014539458429311845,0.20058968196944807,0.0023310900821685225,0.01982420568898631,0.06438705660023743
SAMPLE_03455,0.9994151549305439,0.0440141314699953,0.10518264048204386,0.020168093748611803,0.07688782309093468,0.017058765840861394,0.054219637622877716,0.09867047762014902
SAMPLE_03456,0.999488088269112,0.04894456172525923,0.0799383843435013,0.012731820027627015,0.06808307893464144,0.010707135428338073,0.022105268871706815,0.061434353638552014
SAMPLE_03457,0.9034650687496041,0.8085669363347812,0.46567499113997723,0.6989888293776758,0.8762079314320115,0.02015390404559504,0.07536281272687094,0.823776514500038
SAMPLE_03458,0.9847903504452133,0.4568733169637823,0.49947421682348514,0.7012733030259549,0.8390344669716472,0.008818173264693599,0.11964603610565563,0.31776839191673195
SAMPLE_03459,0.9993994649239364,0.3521095603241602,0.15604409663585403,0.21811436594330594,0.2216434996952561,0.14246452271661272,0.16717929423643038,0.22840979715409
SAMPLE_03460,0.9995667473892264,0.3689151259953641,0.1938258298429535,0.22943812015974568,0.2631465163813967,0.019973171008779544,0.04824865756544321,0.1485064669927188
SAMPLE_03461,0.962234424841734,0.29100064192863717,0.1646828347719976,0.6947253232791704,0.5264089103519571,0.004288276969319267,0.06613842924790904,0.4085819355707078
SAMPLE_03462,0.9613366511643743,0.20154374177538836,0.06719742530362224,0.7003869011581743,0.11169321930854287,0.0025893876755292877,0.051673094708369664,0.32313239852610126
SAMPLE_03463,1.0,0.8382371479674405,0.7935852941923148,0.9988958398452665,0.43549267164505856,1.0,0.9996367297675661,0.5456163052290949
SAMPLE_03464,0.9995348014253582,0.14972006230474608,0.017170711965958763,0.013112850677957774,0.1298273183729872,0.005111341233810611,0.013616094884815773,0.07891768162989947
SAMPLE_03465,0.9992738090891059,0.15547357194351594,0.1105860918458779,0.03186084950104631,0.24829736558127996,0.00886837631350746,0.033850349182736175,0.3048009838261272
SAMPLE_03466,0.6230527277501471,0.11391937699483974,0.18084078401312004,0.3186038634311273,0.39822705643372264,0.000483621587203835,0.7168880870876673,0.2827339740022367
SAMPLE_03467,0.9544950732847097,0.2568437315020483,0.7700109210948127,0.7034169940297318,0.5285063187443528,0.004870282549021178,0.21672710156303016,0.5994994243892442
SAMPLE_03468,0.6883149808563804,0.21816743584907333,0.0845476240974797,0.15808376385244777,0.20886342709045494,0.001805340530220263,0.017965891826216832,0.21899385892427317
SAMPLE_03469,0.9994446643815261,0.027628778989480213,0.06915491561513926,0.02167148066220928,0.10973451283417042,0.008648398915436903,0.024310905341952578,0.08799267429140172
SAMPLE_03470,0.9995650556106137,0.05161562995507424,0.053726153192879454,0.016481805881031757,0.057117983611055606,0.013455544643520913,0.027122672352179925,0.04839899250502416
SAMPLE_03471,0.5729929457037533,0.15593077237539119,0.25279539420584474,0.33731112603207947,0.3948259240016312,0.0005299764405255839,0.7282600349025466,0.36406233959905004
SAMPLE_03472,0.9994020767454901,0.07382348013777387,0.08736236114551899,0.20678737323574037,0.1372261704913666,0.006337817706473905,0.03785988669569093,0.14443354071236134
SAMPLE_03473,0.7426719543532152,0.3067647065373256,0.27707855327908776,0.9952215536187772,0.7102324102954108,0.000407043083484011,0.7342492791250694,0.9720096127300119
SAMPLE_03474,0.9995371576236634,0.21928570132478178,0.12618995989098408,0.01956556642494128,0.212302355953142,0.053917262576410045,0.08261882591541862,0.15467169911529957
SAMPLE_03475,0.9321442985658908,0.19305586706374958,0.1203335310635934,0.685604791045127,0.15384780387917418,0.0018716401810092453,0.05847118356256564,0.2983878968420848
SAMPLE_03476,0.9995408768186669,0.06186327387550239,0.07385197018476335,0.011487151576594983,0.06393413572559849,0.017442497682829877,0.016153247932860815,0.055620684269633916
SAMPLE_03477,0.9702627268389232,0.1596305035592169,0.15829857118402618,0.697340216763435,0.4371551205817852,0.0028019418789122044,0.06791134465841446,0.5134253766713915
SAMPLE_03478,0.9993534552069664,0.07155361591478956,0.11500190233126073,0.02084695024186203,0.10824164087926219,0.08600895015555149,0.06741436902579383,0.0943499644166797
SAMPLE_03479,0.9994308610294745,0.5578816707333737,0.16778169475040394,0.7013946728075869,0.38842044756020555,0.0194258537735399,0.04322867329452168,0.4925345399845995
SAMPLE_03480,0.9995770003837026,0.09791829809478896,0.15542118388108087,0.12832637949705794,0.3360799245607639,0.006869751897208428,0.06584855052140552,0.1716235313031601
SAMPLE_03481,0.9993764589748508,0.03564027158766925,0.043267829012465446,0.19892615681734874,0.05396186217305871,0.008414334105852328,0.02266584227491746,0.11136414548146253
SAMPLE_03482,0.77370054553703,0.15449400279822342,0.1432338785757113,0.0160098880430517,0.3434383411163802,0.0016338707861551184,0.05862900842300412,0.30989707638087666
SAMPLE_03483,0.9994947510264014,0.10216112576801822,0.10293362058027362,0.03265111834383228,0.10452555172406049,0.03264044381047125,0.05033019135740011,0.13770761241848184
SAMPLE_03484,0.999345029921731,0.46341617962655113,0.3703600777435474,0.6945509524850263,0.4686615538351986,0.05855852793005098,0.16385190340709535,0.5645957507752517
SAMPLE_03485,0.6911463820619018,0.1699767454708171,0.19604846445706914,0.36313674474842195,0.354567049299146,0.002468150792823642,0.03533039051345264,0.3289977108971033
SAMPLE_03486,0.4982498588595282,0.19505303301880256,0.17260954604656897,0.3093510603063795,0.504612725164521,0.000564383100820622,0.7069102837804803,0.47332075017946845
SAMPLE_03487,0.9988620699884868,0.04683739502460535,0.05592282913024577,0.04435005843508463,0.045195205998530066,0.036214373035276914,0.055603063081040904,0.08104568949090987
SAMPLE_03488,0.9361820168610153,0.09653466963731938,0.15019470672902407,0.6948068928390887,0.4341055729229101,0.001867349286117929,0.03636893228602613,0.31426787739469303
SAMPLE_03489,0.8988837823260506,0.16126286312482827,0.15300532961257665,0.6995346068032247,0.1320094957444755,0.001983167053102115,0.043352077714773944,0.3089269388746691
SAMPLE_03490,0.6259922461883902,0.15609449049831003,0.19432619976950707,0.30636415945557327,0.2128549764396365,0.0007628270839330864,0.7374495890565118,0.26748935456396783
SAMPLE_03491,0.9993731753013744,0.2936190182931051,0.1162914140541967,0.6957706535253816,0.28902609303843063,0.01750843682570758,0.08195850915057441,0.39744961954991176
SAMPLE_03492,0.9988226769326045,0.032686192110662364,0.05552996673254848,0.4593560831441143,0.1199974660063334,0.007319929242590166,0.020031829649875023,0.1741780450441349
SAMPLE_03493,0.9995416215905808,0.13985359245313897,0.39806214975049903,0.08478612620118332,0.3789613858888203,0.028035530635060386,0.1436234683286861,0.3842278274019347
SAMPLE_03494,0.6611340344945238,0.12222627017496354,0.09223669733884975,0.8582230345498534,0.29168439103764937,0.0007340877668903203,0.7056253605872723,0.418660160869425
SAMPLE_03495,0.9995203494291478,0.07460177562529849,0.0419423710169127,0.017946865929164252,0.07830596092775532,0.009260762042559849,0.05743917983865741,0.12283540730431723
SAMPLE_03496,0.9993688873626865,0.05149700696967956,0.05208207966122561,0.16747973502476587,0.08664541970940424,0.01181514300500177,0.02053378406911466,0.13787486182599845
SAMPLE_03497,0.9989293728509723,0.30337199625219013,0.4255445654820773,0.6557051241044064,0.24703132956798698,0.08723246575425553,0.048599118702085845,0.26628952719738624
SAMPLE_03498,0.1799700182637279,0.167876460341308,0.15273186770606775,0.32251111741504535,0.21492159579529435,0.00047799382949467435,0.7722153534485645,0.4224683594800524
SAMPLE_03499,0.9994341785014501,0.21023764271585443,0.14869217209219923,0.7009395181736621,0.22906761289228042,0.0114843671647403,0.03810416499118473,0.3170343829515303
SAMPLE_03500,0.999541924857921,0.032795594315522966,0.08692464768782018,0.12734339198173897,0.18821554911069474,0.005309494191482883,0.03455492137717766,0.07059396510641856
SAMPLE_03501,0.9345244361924,0.1977343030239046,0.11379940977530076,0.6998532174240428,0.29260759009802956,0.0009990704275238023,0.015186488254420667,0.4086197966810904
SAMPLE_03502,0.9994599258836553,0.26904642378207433,0.27086957626820685,0.1054549084568227,0.22579667841274853,0.16698366988141308,0.2240665091907251,0.25537861649772925
SAMPLE_03503,0.9995232587446047,0.030622362626741062,0.09881820005840719,0.035104337119046515,0.04890365736801401,0.009601613095741555,0.03920827727737889,0.07932675608718585
SAMPLE_03504,0.8703415485226298,0.2509309446336606,0.09770185363128739,0.699667408909432,0.24982918841687501,0.0018187217905400262,0.04575139980492064,0.37399897914474245
SAMPLE_03505,0.9992334009383689,0.11690134152858474,0.17481117552076547,0.2596785627926473,0.28975500514112335,0.01798576778834493,0.12805432290242255,0.2196843525300261
SAMPLE_03506,0.6334766912119528,0.04543325743305651,0.07135289824867844,0.5411892804715911,0.042294451559508936,0.0006726482256458126,0.7192727553815544,0.07549367225069178
SAMPLE_03507,0.2923975114499871,0.0449434432547395,0.037471831296682766,0.30562176977389005,0.2609144907425127,0.0005580716633667407,0.7059880674339943,0.1650851241491707
SAMPLE_03508,0.9995632453910681,0.03129238255637078,0.057090584156198776,0.12406873918884762,0.09219184840065547,0.009527954404773041,0.026088745052746273,0.09165242104091038
SAMPLE_03509,0.9993141817254247,0.05819590636234603,0.0776237545420343,0.015091869803064699,0.06937157476236355,0.013180632456275099,0.03970772882758438,0.10649750270521949
SAMPLE_03510,0.6028281463142336,0.13334803499946526,0.169118076353903,0.6552190442911348,0.33616800397259283,0.0005065033531888522,0.7248606887042318,0.41034690589968736
SAMPLE_03511,0.9994628223494135,0.09257552357287674,0.019134648212999095,0.21438630596232483,0.0925883303641933,0.008650116811257946,0.013765822633847683,0.1144613718719852
SAMPLE_03512,0.8560543389867225,0.4582185463175567,0.14179695882398635,0.7028490057608534,0.1551404510610837,0.001821808693589547,0.04473121890577504,0.4262070290744028
SAMPLE_03513,0.9983484514304883,0.12638304853406185,0.4021464728587011,0.7035776331881058,0.4007712487876594,0.01775448226011882,0.09117512105650813,0.32509473416369694
SAMPLE_03514,0.9995301059551905,0.03376794583347606,0.05249201725612004,0.014389624602923402,0.12254825121303645,0.0054199565301219525,0.042978769610884614,0.049571096565718425
SAMPLE_03515,0.8990193336794703,0.1884093802968586,0.3392700083943593,0.697668095891998,0.3179337182939833,0.0010344485220930275,0.07510076361771774,0.5016786765707906
SAMPLE_03516,0.9994415032880347,0.2716109184560958,0.3345090112756274,0.24358065894995884,0.5553421704371471,0.019259458955101567,0.13303788004856698,0.5301535775218293
SAMPLE_03517,0.05220096720877453,0.03169315494778053,0.03384772494255689,0.3250843192839033,0.02707187180454849,0.0007423926050189065,0.711464959137106,0.06181518766041809
SAMPLE_03518,0.22820593859843175,0.05230933172706953,0.029530862856052532,0.44455069239805395,0.0427131439883249,0.0006094591689660484,0.7048403448459245,0.0939185034536836
SAMPLE_03519,0.9992955384097517,0.19961264668087667,0.22929960738820235,0.6994954347094712,0.377948566023695,0.012321370362271246,0.048876268833354795,0.5080223406040891
SAMPLE_03520,0.9704057705007665,0.5403749242738316,0.2036094158741558,0.6989505276219402,0.40480519134037596,0.007513553121090958,0.10997709876156303,0.5051895398034082
SAMPLE_03521,0.9994381065172129,0.0327441688522086,0.055309174385122284,0.0318150360649827,0.040464699261060944,0.008968445161442538,0.03954990897357192,0.09972041669739529
SAMPLE_03522,0.7228852395304513,0.08651332188577947,0.0824180135287105,0.31327885416084367,0.036272948078908164,0.0006030410579861148,0.730195958814891,0.08313224642644296
SAMPLE_03523,0.9992266601355801,0.7425876672285002,0.894730261715766,0.7133987159539925,0.8787593711588142,0.2548272799843808,0.26120834330536224,0.9663822996272086
SAMPLE_03524,0.9995727282065316,0.46864051856262856,0.030063264349244598,0.33963730936682035,0.1839021796638141,0.0049997290539253334,0.013149488353322246,0.13646932174634113
SAMPLE_03525,0.9993442736884348,0.511811935033066,0.3950203565152732,0.755166332345865,0.5474551309412429,0.16614389918407765,0.10028151126833106,0.31667589920787825
SAMPLE_03526,0.4823343581952214,0.05148163490027348,0.04614036349990024,0.9960448385497775,0.04441820111761667,0.0005533292103951974,0.7058054515365596,0.3091298820572279
SAMPLE_03527,0.9995093416289784,0.3246903082999622,0.14245238414582473,0.20111665747029395,0.3055937110874119,0.014679805623989309,0.059810866211509016,0.17634224046760577
SAMPLE_03528,0.9991549413564251,0.19644414776446367,0.06107437155660812,0.6969709337996026,0.10147391192509557,0.019836270350998726,0.028760743592019404,0.32795406067510985
SAMPLE_03529,0.8721786469857149,0.17505308258886823,0.20395901354933407,0.995731997787199,0.565881234988175,0.003116794497243302,0.7551235576475711,0.7427743346592339
SAMPLE_03530,0.9994761808755519,0.07631535997041468,0.07820030623546324,0.01133903580354445,0.10355829025605018,0.0075150724786045755,0.05389786524593847,0.18729720856248408
SAMPLE_03531,0.9994659652066356,0.1852658041900138,0.23031552184309861,0.027389078017790773,0.28685525994898964,0.016329865999386538,0.07709324280024646,0.3169308452510979
SAMPLE_03532,0.9993424456190377,0.2388677377441549,0.09100676145091492,0.6995777977078256,0.2286622790341623,0.04257644118975302,0.04686850961126888,0.35343286532319207
SAMPLE_03533,0.998997456344159,0.17984844479622852,0.35782089245317233,0.6864386458941777,0.276656659583658,0.075368987390955,0.047625229102807184,0.34180952174673485
SAMPLE_03534,0.4419606762881843,0.15887066591413904,0.15956063007800794,0.9897470378553801,0.3605544769140555,0.0007234018423775892,0.7545941545318078,0.5591115623858645
SAMPLE_03535,0.3279225416299386,0.0647731530097946,0.05878009998298482,0.30261465055681064,0.04509061087672463,0.0005808853714579621,0.7057663310866892,0.03425726747770065
SAMPLE_03536,0.8965530860399263,0.14431180788037937,0.14689420049407578,0.700568101221008,0.3335419418382808,0.0021303723229841045,0.026255784459243935,0.4994282601099949
SAMPLE_03537,0.9991037352290452,0.45877358480924363,0.21907165072516668,0.7061293916825199,0.3618697372690148,0.07658688396368603,0.13165515771395558,0.3206245297033484
SAMPLE_03538,0.623417507479455,0.08185554634033627,0.11376556602500605,0.4633869706106178,0.334304345145447,0.0014071351204479573,0.021724013621003013,0.3156139097467583
SAMPLE_03539,0.7995209293419273,0.33053837914250306,0.08756072554870806,0.700025415023344,0.0909326855774872,0.0012878073913345923,0.03731350537608516,0.3264158368930307
SAMPLE_03540,1.0,0.7845149101416149,0.7617618310327843,0.998820920396378,0.389303570504042,1.0,0.9995163674345573,0.4966288666417362
SAMPLE_03541,0.9994353135378808,0.40441763541613074,0.39449227245037755,0.4504818233613699,0.18406156525513234,0.17410888525474333,0.19876984671032455,0.3072572500632792
SAMPLE_03542,0.999452760626034,0.5835814841801334,0.5689410975177484,0.6976720944741274,0.43426148708802587,0.01661718027526657,0.20558276047460283,0.4630129490888075
SAMPLE_03543,0.9994896350394569,0.08258832387069001,0.0905549949386752,0.16181379088385348,0.09019045673290002,0.009106791847621218,0.06977310968155434,0.15251744571315617
SAMPLE_03544,0.3610987861720234,0.0559600428810113,0.05214758090116021,0.31332739590774994,0.10106029632700392,0.00058644256606644,0.7114192090204989,0.1079200542429018
SAMPLE_03545,0.9995042141163182,0.07496717436174859,0.10222051980404401,0.027819037353634578,0.23563685279481655,0.009294556823758585,0.11712840153726967,0.1284253779043328
SAMPLE_03546,0.9993820214557348,0.04866486808844515,0.12442611142630636,0.015668356987081716,0.04759843881756416,0.026405835150755497,0.06128491535978772,0.07502601485546272
SAMPLE_03547,0.698167245974672,0.33231602809155714,0.11995517305401422,0.9976176904398613,0.10335316163117965,0.1128946994974594,0.7410947010036251,0.32677387903458
SAMPLE_03548,0.9991626213376237,0.025110632949914228,0.03380302076774546,0.008081174525542236,0.05808800632539371,0.003775442760281327,0.011927210623818256,0.0431904665527372
SAMPLE_03549,0.9988250922104773,0.15703373173982976,0.05382876326964586,0.010200100744766119,0.12587783044012324,0.019232867408044117,0.024423745989425417,0.1277723960952759
SAMPLE_03550,0.9994678141698274,0.17627279983812497,0.06463141281015179,0.026338121220432525,0.09266780021145968,0.007184322680808514,0.022768961952128016,0.12330181866802076
SAMPLE_03551,0.307901452507029,0.06914942890877974,0.24391752091805713,0.31177185603486496,0.23324860907621203,0.0006509632980796873,0.7722873073346267,0.33620432600122147
SAMPLE_03552,0.9994486199761327,0.03215808481004689,0.04426830192074742,0.021198964317690396,0.05123060235993686,0.012158238215649854,0.022187014790108293,0.062481978149150415
SAMPLE_03553,0.9995319899673617,0.10999310050100117,0.10999757112656539,0.023710359285283398,0.1125073490668436,0.05195084716448872,0.05124125081639515,0.05782275813214979
SAMPLE_03554,0.9986994822540041,0.032831327257820175,0.026073162124211985,0.011246416667801525,0.03079366511829955,0.005031673057556101,0.013936457861611918,0.03385766078453298
SAMPLE_03555,0.8145930898739769,0.0433048740491417,0.02902274118724133,0.1626963689570409,0.10747066660147356,0.0019256352821695214,0.014048182993979008,0.11061743401735744
SAMPLE_03556,0.999428308816454,0.07208976800689855,0.1010167779083147,0.14431821488362775,0.05003161221630646,0.04254871313884623,0.04518037935739346,0.07167519427820213
SAMPLE_03557,0.9992450140930141,0.5313302320868661,0.2647977489394267,0.7011086094653075,0.36601863894881703,0.07941741373075879,0.12335465923706573,0.49763176327945263
SAMPLE_03558,0.9994953458707723,0.04279993344619594,0.06791137635063194,0.02305508398640203,0.049662477960092696,0.017509187959911528,0.035454714983399305,0.07041003542870268
SAMPLE_03559,0.9992895468308003,0.05543100663129012,0.10210421744158632,0.012390471060990716,0.06949404080384478,0.006156563048752286,0.04131249928016892,0.08347503500156418
SAMPLE_03560,0.5219044874032222,0.10833543997472805,0.1280800321307919,0.6950472293631069,0.07961973629387874,0.003895216009452718,0.035356669990868526,0.320112938549462
SAMPLE_03561,0.24337295125112415,0.04295934481967502,0.07176700594257898,0.31665765925319705,0.05642385415113087,0.0004938434467563893,0.7209198221920544,0.053519442266100004
SAMPLE_03562,0.9994456549345557,0.06620671134835714,0.07477332109138968,0.017563543022961328,0.09038361648207303,0.0054647405337560516,0.02367865098113742,0.06475791174410692
SAMPLE_03563,0.926953047219706,0.38152663629072336,0.21278869001925965,0.6995275378470088,0.5416150203016968,0.0012265800651870599,0.07242290601288336,0.4229408984110892
SAMPLE_03564,0.9401238609507157,0.21284874095900622,0.08368368531622172,0.6987006142284994,0.21940604672618108,0.0012763826885907668,0.039143446426581116,0.32544616877579535
SAMPLE_03565,0.9995373302010016,0.04021198347091116,0.04140365316443442,0.024255725821633933,0.037746546060874714,0.025487587102201066,0.031439236270825066,0.045045211865196694
SAMPLE_03566,0.9994462299964526,0.4475328168276024,0.017051194956254876,0.6904961974681779,0.20027287256858864,0.014064891261039245,0.023857057926421024,0.27316302427964245
SAMPLE_03567,0.9217163413909281,0.3260167306471573,0.2726801827302755,0.6971109540263118,0.42100698776062156,0.0023258402278317457,0.04173724837104575,0.6322397377397584
SAMPLE_03568,0.26626468574063267,0.0896129337151838,0.1074380702440184,0.5227658572400338,0.22021330706431605,0.00042340486374269526,0.7168576886907497,0.22621870332638333
SAMPLE_03569,0.9995667422090517,0.02281294085241776,0.03482321260777674,0.014348603423129,0.047151004248181,0.010295484629329664,0.024830451707818342,0.042919355238601284
SAMPLE_03570,0.9995723324964703,0.13982453253348306,0.3162199975523073,0.13266946621526218,0.5307571764265138,0.012897570688003034,0.12664815297903748,0.5246135469481816
SAMPLE_03571,0.999396971563813,0.1799109657046939,0.17379320848271948,0.6940836142411966,0.2475200215806605,0.004652571500578066,0.04914960926375572,0.2901931553839653
SAMPLE_03572,0.9995466728163264,0.382499863671631,0.21855848659040272,0.514679999726464,0.2140339022940288,0.1809566208705464,0.04935520242885775,0.22706788906176378
SAMPLE_03573,0.9957333700751877,0.10976697124201472,0.1346080061571524,0.7304599334529255,0.289185456898347,0.12819293833273368,0.03668043976168263,0.32302202222827714
SAMPLE_03574,0.055058547882917114,0.03794894183906005,0.025660269186763396,0.30438078929259105,0.02253578772998435,0.0006049553873866735,0.7053434353454365,0.029482945172910606
SAMPLE_03575,0.6751940647658089,0.10966733855010316,0.10745089114471827,0.3077034335768702,0.24578200694225127,0.0005969921988743376,0.7120478583836453,0.27373729364239824
SAMPLE_03576,1.0,0.9672121996784966,0.9418375608161933,0.9989715918580525,0.8784950882581171,1.0,0.9996954195273895,0.9056309361927073
SAMPLE_03577,0.9993900060350747,0.059430462906070194,0.045316747824953305,0.10787232328498733,0.14409134569540216,0.005793851526733713,0.02252123152523076,0.09455160691298417
SAMPLE_03578,0.9994307650794567,0.04132010426251071,0.021982153682324992,0.10219784635870029,0.027046775140270308,0.022720289911020708,0.027623358721091305,0.08739361653778073
SAMPLE_03579,0.9995106191186848,0.047946518338510546,0.07369707869271976,0.020375360690338948,0.06825404787359485,0.008423834732608918,0.03531754851715343,0.10700439543814898
SAMPLE_03580,0.32775731296862487,0.045827702020929055,0.04574307765663474,0.9969849387526906,0.05372935820955213,0.0004270376414410062,0.7061009962279141,0.324112683375417
SAMPLE_03581,0.5871744354209772,0.14388168541648105,0.1295725485951868,0.998340396953276,0.38612280826961987,0.00045704969310895874,0.7112490589836955,0.6280345992917749
SAMPLE_03582,0.9696055256039953,0.32510922132014897,0.172303480941757,0.6990078260303193,0.7354939589334546,0.011181575798803583,0.09522423399584878,0.7019595541812818
SAMPLE_03583,0.9993923951951165,0.11840993308797601,0.16252450424533776,0.08832965429509113,0.301228581400233,0.20192215310238984,0.039352852039252484,0.2468479191086944
SAMPLE_03584,0.802539487012433,0.06029228067978805,0.05625689862959243,0.27891718184597525,0.09067709569019497,0.001743353338147006,0.018360541369347897,0.17619362973100322
SAMPLE_03585,0.9994766645704818,0.030712887722965564,0.040243814490477356,0.10200424966736969,0.077456512863457,0.006381359850562869,0.02740843286672941,0.10437658416490421
SAMPLE_03586,0.9994381855686227,0.023551956463885446,0.04031152359110753,0.011232975079226994,0.036060906887603376,0.004225397595850613,0.03113996116080656,0.042814307685559085
SAMPLE_03587,0.5273326946520995,0.18754058505008062,0.18101874848782906,0.587508535599051,0.41879443018494344,0.0006035058223046094,0.7789450987119625,0.4747500654104727
SAMPLE_03588,0.7345782181892211,0.2546284177059557,0.6204077937471222,0.9299538833703906,0.6999510423349101,0.0005059321169978341,0.8464730426460573,0.9470574366024354
SAMPLE_03589,0.9755173499309072,0.10685717807636265,0.1899171348415789,0.7000338264539425,0.42141069054156377,0.0020979537019143488,0.028791725434963694,0.3284369409383661
SAMPLE_03590,0.3749700677725243,0.11075527658201906,0.11921523968942463,0.30872542260768976,0.29073249574453097,0.0008730658650079777,0.7054535223442554,0.1994357904644077
SAMPLE_03591,0.9295583073537769,0.11806517807552808,0.19090746598594951,0.69300660210428,0.4239837630351174,0.0014402670813353793,0.042499002660207105,0.5663898379202192
SAMPLE_03592,0.9994107758574523,0.1330536707707957,0.0701199099012855,0.6989095982895479,0.08868604576103478,0.020822557018627643,0.05063820578549385,0.30860603177996354
SAMPLE_03593,0.9992724204724033,0.10875744226228076,0.08074789022262845,0.6789080305813694,0.15431300070632814,0.036298392757977097,0.02612007881841553,0.238324726718267
SAMPLE_03594,1.0,0.8809845393516356,0.8875968369931828,0.9990622825476503,0.901767965172779,1.0,0.9997696594535761,0.8510896653296545
SAMPLE_03595,0.5790127185253525,0.28868187169315707,0.18738483406416329,0.9970904256302491,0.5483666197955579,0.00048203705992197514,0.7208945758429988,0.6810118925420541
SAMPLE_03596,0.9995270351389305,0.042812596871875844,0.04754075978485446,0.027251497978276727,0.1389377931939779,0.007306239163895849,0.03612550938928009,0.14079351408368085
SAMPLE_03597,0.851154044343289,0.1508987398410322,0.04968633027571,0.6984853890957907,0.06730775128128172,0.0012926243680945013,0.025903428126336194,0.3117902910554819
SAMPLE_03598,0.9994489108357048,0.039318708438196806,0.03858746761005083,0.016977250956801127,0.1078287731760883,0.004070396741698771,0.01312063182591203,0.05422052113933245
SAMPLE_03599,0.6755194131006714,0.15041056367095007,0.2005354953093727,0.3180293728185831,0.4231527974896981,0.0008719946321785283,0.7781688158210256,0.4054853141007743
SAMPLE_03600,0.9994642212147371,0.1406599008661001,0.1384019050793411,0.1554505783519876,0.25001009406782543,0.045996181489617545,0.040094657756754734,0.40519268876453896
SAMPLE_03601,0.9174185108081417,0.22331483130788374,0.31812306204088325,0.6997271920961564,0.7438821740847796,0.006864161056198066,0.04901667936696333,0.49921889963362215
SAMPLE_03602,0.962807940339284,0.18818037198542178,0.18305459196699875,0.690330642153889,0.4788064869774522,0.0027072148796045727,0.05253342839383756,0.6487962542408607
SAMPLE_03603,0.9994451046779631,0.05686046386969383,0.04998759229080314,0.08510950036830997,0.05647488929289497,0.009906256212554917,0.034424149277114915,0.08656130513021854
SAMPLE_03604,1.0,0.9096169819927082,0.915492249332541,0.9987938155052973,0.7458006191756005,1.0,0.9991581226426749,0.7476836983919894
SAMPLE_03605,0.9603095909673802,0.627740520058692,0.404829822838471,0.6997722999511372,0.37009129957543707,0.0016808451313762582,0.15586813643836292,0.6209034960853445
SAMPLE_03606,0.7324912614787069,0.11639657702581085,0.12977104831219302,0.7764984940573081,0.2928404899113633,0.0005152605101434203,0.7203040572590983,0.35895187621486646
SAMPLE_03607,0.9995034784114101,0.020866791949891345,0.031555819373506065,0.01741814739443317,0.07998510597585902,0.005775448144960718,0.015072532914575302,0.07026316968653197
SAMPLE_03608,0.7624251800955612,0.14759568842318493,0.14158783893749396,0.7119821251347239,0.17567279834795277,0.0053136659869059116,0.036487558265718,0.40624278326109725
SAMPLE_03609,0.9994872193039173,0.03664526379537895,0.04145907938062438,0.023910068354932063,0.048044498844020074,0.009831789746599318,0.01566660060088428,0.07546072008195899
SAMPLE_03610,0.9272768498463585,0.2559539955481658,0.16349598500364879,0.7387557291114569,0.37310243119949893,0.033872753636365806,0.06959565637736809,0.2886623042427844
SAMPLE_03611,0.9995453637005469,0.04764655425449158,0.07783279102568241,0.017335675609559495,0.05527335961373011,0.011472800094547712,0.03287647637625641,0.06400182394012326
SAMPLE_03612,0.99942590641686,0.01577667988619051,0.021318654682347574,0.014032459891496775,0.02619229928418576,0.0063788295824579325,0.01606981334625642,0.03241231514503066
SAMPLE_03613,0.9988629531833491,0.21602242490281215,0.3500481975148693,0.19130455462272838,0.23112764827204896,0.03641098387806652,0.059314213644231055,0.24121885076623295
SAMPLE_03614,0.9989964580964067,0.17046417824023075,0.3431373832530567,0.244085013914003,0.2735366878683383,0.1896009092906524,0.13790075959146553,0.40604316273570124
SAMPLE_03615,0.9990206912722371,0.06284247984357605,0.06154912876969011,0.4979277750824147,0.050934060107414914,0.022004307521198245,0.0654869389609509,0.15118000679028257
SAMPLE_03616,0.999364707892967,0.37312480568732986,0.19028786732925101,0.15414173703533962,0.20102446850516806,0.15324287823955368,0.09332156611619559,0.14212772385532843
SAMPLE_03617,0.4696808422640598,0.045991741621874055,0.048230059526431564,0.6954404828037256,0.060712777762601464,0.0012862164868513168,0.031764665650246826,0.2940777489839237
SAMPLE_03618,0.9271948882935853,0.21211518658693584,0.13802377322788742,0.6962760806141168,0.3978579930893711,0.0017886820652662984,0.027017165003533843,0.3934369252695499
SAMPLE_03619,0.999456128289718,0.48459867029016995,0.592722740890153,0.40406670650094817,0.6686793426708776,0.15852699403456522,0.19138395679643028,0.5750808959418146
SAMPLE_03620,0.9995560089597616,0.044594681486011714,0.04269514041261131,0.027953408361124768,0.04301650436342613,0.01926942804411247,0.02249282762974091,0.03647843029455852
SAMPLE_03621,0.9989731558600634,0.16980745458947408,0.09083804777411043,0.6876975033545735,0.12433361837968465,0.01891879596648645,0.03014452101944547,0.1854491704096066
SAMPLE_03622,0.3634346288380499,0.056986799660605866,0.07378007977736745,0.3083312654620683,0.042118261072854296,0.0007009127824586686,0.7174047559704365,0.04277127202084431
SAMPLE_03623,0.9981552793701427,0.3526729527747867,0.15970128946014495,0.7028241886810097,0.17817970050922816,0.02232325350936836,0.056851469178167906,0.29332642362653594
SAMPLE_03624,0.8692589804640752,0.24526922281914246,0.2362467455188491,0.6931657963539017,0.5256923100917942,0.0013999319933806409,0.0961131751770687,0.42769933256234627
SAMPLE_03625,0.9251668593046073,0.43235257964607543,0.6283674662224218,0.9985295202488427,0.5814674605970104,0.003603843236203435,0.8608050961455045,0.7850770046874138
SAMPLE_03626,0.999518934715216,0.08036689020231373,0.09150908138052768,0.4180102021620221,0.16378115842439356,0.03535488662446586,0.055020337392626566,0.1832549956730869
SAMPLE_03627,0.9994992368686979,0.45608158781051433,0.16158087806813326,0.7027646407304068,0.25331595070642393,0.007743553478687865,0.047403295091531475,0.3105906835202844
SAMPLE_03628,0.972430266304022,0.7529058947531276,0.5204609388761535,0.9190791339675402,0.5476177690467773,0.2096155574558955,0.7618946377290263,0.6973300407457925
SAMPLE_03629,0.9526540807507602,0.526545326305555,0.7859207420028785,0.6957084665898023,0.4988232883108158,0.0015378871535768476,0.153730605337021,0.6458813625867282
SAMPLE_03630,0.848301390653858,0.06258281750603735,0.04620657788385829,0.7023195717638387,0.1659702177954518,0.006956135101336527,0.014814895115458172,0.30731660398030974
SAMPLE_03631,0.9430192849023242,0.061958930111065916,0.04284573605201872,0.6969115149648953,0.1251590259644768,0.0009908044988623244,0.02290230614732808,0.324883704311219
SAMPLE_03632,0.7747640188628393,0.32508634849081947,0.044938264652073186,0.7006308750174939,0.07010163637296485,0.0010390673239277413,0.026005321280626655,0.32484251830224414
SAMPLE_03633,0.6139495979054672,0.1176483138207456,0.10671267549736793,0.9778907632741829,0.26906386926165643,0.0005046001401276154,0.709098315864074,0.5298885181583162
SAMPLE_03634,0.9994643668596136,0.057144915143234394,0.07584141886723628,0.0188358653500208,0.058407147174670146,0.01726516460372787,0.02936354200837929,0.08281168843679278
SAMPLE_03635,0.99949253306886,0.06953792305329104,0.09893924449089693,0.04124301998294636,0.07397802416311929,0.026668712185518115,0.10283693626732326,0.11464227242863995
SAMPLE_03636,0.9995224041338334,0.30121245591326284,0.055664991458345144,0.2655386221465067,0.20074306376358172,0.01814045209370243,0.02353880897186825,0.1682213867137472
SAMPLE_03637,0.9993792379934116,0.3573988472881134,0.12114564056487391,0.7013142567143937,0.25815964473730246,0.020835838662261828,0.05550010040826073,0.41805344946262457
SAMPLE_03638,0.9995396843309212,0.018471143810077497,0.027068623303169382,0.0208627031195708,0.03998591149273233,0.0058382698646047,0.021023849586785874,0.06998554637398133
SAMPLE_03639,0.9995715997634607,0.03525050094309751,0.03430168333240682,0.010848644361114228,0.08559384830946017,0.009862787567512118,0.021538666687229285,0.031779831169474984
SAMPLE_03640,0.999255826341239,0.15981099337330462,0.06786911645290729,0.7024162961281638,0.08750202053336763,0.02666020687095169,0.048664272136122774,0.3176950818626646
SAMPLE_03641,0.9463942179702403,0.6501239825146825,0.5311504981226354,0.7003636849808745,0.6608803205732992,0.005179193144200429,0.16713923075355264,0.7060643498520309
SAMPLE_03642,0.06908037628963903,0.06909481850276238,0.043572925209291104,0.31919311669987327,0.19198205256769843,0.0007678605750887293,0.7047200123973835,0.06463509348537055
SAMPLE_03643,0.9994212948324002,0.15313371528635442,0.1657422838701209,0.02294595912515828,0.1094617583752409,0.08994447754208058,0.0985838973826961,0.12128156824432187
SAMPLE_03644,0.7234744681638334,0.10571891658843381,0.10885056092517804,0.45872833337069785,0.1561298640551425,0.0005336599000297301,0.7936999882586617,0.1009878062485305
SAMPLE_03645,0.9991874578527231,0.10703099436443944,0.062710219928586,0.7019521187684691,0.174806013497546,0.00844328773534501,0.03645618706546954,0.5097357455158843
SAMPLE_03646,0.999249743165503,0.024608367335649823,0.025700066594379886,0.691357404530212,0.051546860844039956,0.008725753821097224,0.029941572477659387,0.2911420104280653
SAMPLE_03647,0.9993876933716316,0.0449079087235756,0.09908114624451142,0.01794481863221863,0.12652931978202336,0.017253854040750048,0.03609420265519672,0.0721883107875125
SAMPLE_03648,0.9994826239191998,0.056138447887661515,0.07038574284204306,0.2527357371605468,0.05438542136665974,0.02406761873551743,0.03129102637188484,0.11466650254029848
SAMPLE_03649,0.516904272001405,0.2889448358283742,0.16530206071512787,0.6926713062887686,0.18121355556062546,0.0023078670503912514,0.03568020083609254,0.2951358106815873
SAMPLE_03650,1.0,0.8808144945271188,0.8538306148332226,0.9989899929754005,0.6380625288263468,1.0,0.9996830510747381,0.6659473481166666
SAMPLE_03651,0.999476199646085,0.04539471059121857,0.04571189849889186,0.009612079652843398,0.04143748755425462,0.006852459656793909,0.029170789408940814,0.04489351195475451
SAMPLE_03652,0.9587781810419203,0.14259584329286376,0.05154108114813103,0.6990351397063863,0.13904004370111678,0.015488297647416716,0.09004728259445245,0.299890126770747
SAMPLE_03653,0.9995529252029417,0.04384290584424386,0.10535059092597283,0.024662128073160476,0.1777140762804515,0.004560568341841397,0.03059975384719998,0.10077094477289036
SAMPLE_03654,0.8221712517542825,0.3271036329756117,0.0576365510369717,0.7004341105507423,0.09235538953067603,0.0011300474270245057,0.024654685172776608,0.4719930576894953
SAMPLE_03655,0.9994843528536307,0.052453053911670273,0.10151140194845802,0.018533150832749284,0.12004832711619032,0.008767967139909367,0.035875755505464575,0.08002255557392637
SAMPLE_03656,0.9276844159910334,0.3644610974462218,0.6144451520940619,0.38028016183320734,0.8365573674523258,0.00566101521569564,0.07177947733152408,0.8448505654923129
SAMPLE_03657,0.9994647319806871,0.049600586350952644,0.053884120918413075,0.01322947227546303,0.05445893267920576,0.014389655308492035,0.02822774924304967,0.05589902255195049
SAMPLE_03658,0.9994951770155578,0.05083284289598752,0.06387648087192084,0.023308948200788014,0.08139612458330432,0.008824566532782085,0.044611415191465754,0.08104453791837772
SAMPLE_03659,0.9995418593723634,0.15556248876912576,0.11075422174220238,0.5244407630594299,0.21225547129993966,0.03195517327033563,0.0508245556130128,0.3033953195240455
SAMPLE_03660,0.9994962518316928,0.1055258520075237,0.13002982545004257,0.013825154423166485,0.16821130252551972,0.019235015571295873,0.07438700015065162,0.1248756669707337
SAMPLE_03661,0.9995036339746411,0.013803370931374622,0.017370966303315628,0.005652390895576474,0.024860520947565242,0.007304358921146662,0.014606819166819088,0.021865933602249754
SAMPLE_03662,0.2992457855455905,0.05892238712653444,0.08356894059353677,0.31358602362504756,0.062196735528281394,0.0009411745956868198,0.739594803770374,0.08893791719562394
SAMPLE_03663,0.9268904972986096,0.3878192869764643,0.4602291033833522,0.6818048843924162,0.6725801361633869,0.0036222159453817722,0.11254187896348662,0.7732394865520515
SAMPLE_03664,0.9995264169213516,0.01951012291391461,0.029955032725526992,0.017243093594508246,0.04202197464815331,0.007126791803754763,0.028823034194299636,0.08555206195768615
SAMPLE_03665,0.9995086279689355,0.8199786117126384,0.9207301476322717,0.7149845777730324,0.8429864302618143,0.2382285804419691,0.2692623159836228,0.9387145722118746
SAMPLE_03666,0.9119723255068104,0.1428389394580335,0.099156963685702,0.6963051976994836,0.19531194568048604,0.0032009058666597734,0.02732141181356611,0.320236554622748
SAMPLE_03667,0.9654273470939898,0.30208156509622797,0.16822162565795504,0.6861086092919724,0.36313522441850477,0.001399222500923792,0.07105828798133226,0.42504378166171414
SAMPLE_03668,0.685110038670131,0.32870303799799483,0.20918680516275015,0.4994549367503529,0.433570982017511,0.0073932253258528965,0.728541118051514,0.41429305493824764
SAMPLE_03669,0.9994827738991316,0.07914309201284886,0.07375158776013455,0.02588631198317848,0.07121205336134767,0.012858512687487828,0.04005177601259593,0.07539952380375668
SAMPLE_03670,0.999489183313575,0.015114956884724706,0.012772831828334611,0.043365951518451726,0.021839629037077417,0.0031446595925888094,0.013270157850592471,0.043284831380077965
SAMPLE_03671,0.8479468588807574,0.24913801930243465,0.17578631347772097,0.6997117782145943,0.534538999991564,0.0011968562388813447,0.0863342835062192,0.4840610903441047
SAMPLE_03672,0.6546990814259814,0.11524141590846489,0.09002030147681166,0.031986104721473084,0.1848776327366513,0.0015243717409006406,0.016154681332282646,0.31638993373444624
SAMPLE_03673,0.9315144315564743,0.0482238694643992,0.04842949788995288,0.6957520540315323,0.06527631360141564,0.0013271223294362433,0.021382242571916774,0.31508773783274735
SAMPLE_03674,0.9994816061960061,0.061226319447618006,0.057040177474044315,0.09175074859681955,0.09183277334046616,0.05213561680559862,0.03369379032331422,0.0944220258752139
SAMPLE_03675,0.9994945522240598,0.023941771768635135,0.03755065183123344,0.01234765959511074,0.03931477679580784,0.01579901854407721,0.01829949153277935,0.048853718521223236
SAMPLE_03676,0.9994982633578118,0.04100256009720721,0.06738315286576226,0.026524922013801782,0.08444094375140121,0.02882576588066705,0.06321221975557151,0.10376473637435998
SAMPLE_03677,0.9993953653691481,0.11554930313200536,0.1582687862362206,0.018300610546699195,0.08279792533827401,0.03004147224344305,0.09688777266666004,0.1224322271807707
SAMPLE_03678,0.9994678893681576,0.22324764102720907,0.1786718565677508,0.7018260165544268,0.4361500042883068,0.05105785746159763,0.051424893137905915,0.5193012028971133
SAMPLE_03679,0.631815200339875,0.2611751118180878,0.43869102471380617,0.9805606053230904,0.6137924237243358,0.00043077959949923834,0.7872169928462162,0.8093595669772765
SAMPLE_03680,0.999449365852294,0.038292639603338764,0.0684784478576752,0.052445957521400396,0.045056011158654014,0.012470179826909261,0.0340168091267788,0.0854680862272794
SAMPLE_03681,0.9990551616784504,0.06760269774570532,0.09328352874959447,0.7023992548108049,0.16099147946384051,0.03066313396636575,0.04051133914495461,0.3161844186681201
SAMPLE_03682,0.8438639251430293,0.10531128331880646,0.08201470464029594,0.1054023365098402,0.25587162153217935,0.002586268483223129,0.016603459030078427,0.25433726054439154
SAMPLE_03683,0.9994609709319409,0.2910475146119386,0.055385056937096375,0.4516509398728887,0.09080881708544132,0.01347081516458637,0.026303507110624107,0.11091486905262425
SAMPLE_03684,0.9994533088187192,0.02855094461052473,0.025522635956611073,0.00928480131011667,0.04934661115223939,0.013187735016904156,0.01731775438406646,0.02988918799503259
SAMPLE_03685,0.9994761463509412,0.15773230268478114,0.18896320874363579,0.7213448629057024,0.3568536856037059,0.10337120635861022,0.154518542191789,0.3902612594277512
SAMPLE_03686,0.9496434272296037,0.43340644025367137,0.18410238597395914,0.7004597431199905,0.7557965492471103,0.011061910563038459,0.04590389971431917,0.47651161919416674
SAMPLE_03687,0.9995611275337455,0.03788131271176459,0.10332706882193284,0.015229527742684955,0.07611758589539538,0.013568811195570785,0.03402522322551984,0.06845772084192976
SAMPLE_03688,0.9994937059154149,0.08466964968794825,0.06816606887811302,0.013128105481692241,0.09240893490547444,0.015024715295860476,0.04351698257256558,0.07314568256842899
SAMPLE_03689,0.9993518694006742,0.021905955765570848,0.04183102612895277,0.01425479384276025,0.07523790287070894,0.013890103265671954,0.03309368997190421,0.06245642660812423
SAMPLE_03690,0.9994498098668201,0.07231217295989859,0.0804350895476867,0.010754408251416074,0.050460789671083306,0.014748051480750998,0.02242649733487655,0.06599644493469689
SAMPLE_03691,0.449435114264033,0.38741525108922037,0.2968228124126685,0.9967813922975897,0.5900206496327525,0.0008999488155455673,0.7751952184629575,0.8072267907562407
SAMPLE_03692,0.9994957451341334,0.03623766883261045,0.038234181382109,0.14989521930987093,0.09434364585851132,0.009523343262433598,0.015592781762758154,0.11925228661606019
SAMPLE_03693,0.9944444219777692,0.6944960257416973,0.5164780425604951,0.8466661322790925,0.7743830683805264,0.2613249808899568,0.5204190667691054,0.6600836906184742
SAMPLE_03694,0.999426029449956,0.05067579502638084,0.06854822082856626,0.010971607854154474,0.07586605792461923,0.03302073460403205,0.06852601475386215,0.05175623170604423
SAMPLE_03695,0.9994743668165638,0.023004547026925795,0.05953622015574681,0.014644475079982336,0.05265953144063734,0.005949634982116618,0.03587428755900964,0.051106908519013075
SAMPLE_03696,0.8803180118400262,0.15308841539428159,0.1565669011439081,0.7008664450289099,0.3182359673505787,0.003446706280177049,0.04423931727739671,0.5101466086305222
SAMPLE_03697,0.7013780905921011,0.04149944046865142,0.047563518767108626,0.025896728834368693,0.1524659804752818,0.007148133098851333,0.033196648469919564,0.115445455316
SAMPLE_03698,0.6196836571765229,0.20386136115407089,0.2132112716464396,0.015559743347837307,0.3052617398058423,0.0015490168546696747,0.027614896330412832,0.2905430884640094
SAMPLE_03699,0.9049036127522019,0.4055628845649104,0.05913084659858818,0.6990460239295242,0.09167213459300741,0.0011590838593619399,0.017803652131293785,0.3168949586371466
SAMPLE_03700,0.9995764564358329,0.01919231894667643,0.024604936998681114,0.02143430029302499,0.04259179240385684,0.007115447534077482,0.03352336895207564,0.07213016166797402
SAMPLE_03701,0.5929013239779374,0.22104717868482987,0.19491878490217454,0.700904173835662,0.17356229408023205,0.008043627636921478,0.15817947223708967,0.33399337821697556
SAMPLE_03702,0.9994383797831603,0.295066399219676,0.23014521052636655,0.18415710877410296,0.2500048141775058,0.0688741443525431,0.09747346678432622,0.1554706757120845
SAMPLE_03703,1.0,0.9771020956989915,0.9763405905994906,0.9982368255792378,0.9713087080203111,1.0,0.9997213263146998,0.9707389119132674
SAMPLE_03704,0.9995395395707873,0.14088958815705846,0.19990171661202316,0.04594602057892404,0.497202099129595,0.03930554135771413,0.052906842112139224,0.5271975684243664
SAMPLE_03705,0.9744147258943543,0.4343673536060484,0.22857594030264278,0.7005404421889738,0.5085197799056294,0.004043046765502147,0.17709986901044153,0.4854723152522338
SAMPLE_03706,0.8979358766861303,0.254572999713503,0.05821533045811496,0.6997364130318958,0.17145747165964564,0.0010633445876665005,0.07410729579575061,0.3237178380949029
SAMPLE_03707,0.9994722158123301,0.03418712358669009,0.04388890238695725,0.02467379489929725,0.06784494879247699,0.008575553797554841,0.022636210305757364,0.05705712761197219
SAMPLE_03708,0.9342567955874881,0.08820154008986911,0.08605255332082497,0.31797469192874134,0.055823800633615944,0.0006516770369913606,0.7127873959767029,0.07047427038314345
SAMPLE_03709,0.999564335654098,0.59790073908446,0.06603312111576862,0.5110035136720634,0.16872044621911655,0.015474735716734862,0.025783023573229348,0.1707623658779413
SAMPLE_03710,0.9994720857240323,0.030958153288489564,0.04802444048720538,0.01211390686458009,0.0508678273968549,0.008933099285516137,0.028213428470894517,0.06664827727908879
SAMPLE_03711,0.9515173042430048,0.6520301419030877,0.2137227118084481,0.6987907749787895,0.6300441060330506,0.0011271035811999434,0.09186731919692386,0.49419162779953607
SAMPLE_03712,0.9989223454878796,0.17395591365181137,0.0929431549991495,0.6985600436868205,0.07122888058504985,0.020058475139100772,0.03399488627638667,0.31597250248439895
SAMPLE_03713,0.9995536128499148,0.020899239489178434,0.05487959521560025,0.012795914372065358,0.03601039614429894,0.007198660735676105,0.032225858551829675,0.06378205862125431
SAMPLE_03714,0.999588857397197,0.12869818269083869,0.496615980094451,0.18667691775763617,0.07241310307481681,0.06499950823179106,0.12176015133625165,0.2745155379316367
SAMPLE_03715,0.9995475675815166,0.2268081437970415,0.04468919827482842,0.29244022245961043,0.11421907161707748,0.005414074391011266,0.02099361735894044,0.09284611989627291
SAMPLE_03716,0.917194772824557,0.1581746467359695,0.2012577178808195,0.7003738156618514,0.5045682206797887,0.001231954917455899,0.06181040866221781,0.6775061178957869
SAMPLE_03717,0.999494656379593,0.012079421524988207,0.012189899889675006,0.006752073163717107,0.01586874243188359,0.004080671807124632,0.014730408026976961,0.018841502440523163
SAMPLE_03718,0.9994784633599112,0.02180833685386142,0.053292050703903554,0.017484486429117006,0.04791040095838776,0.0056382424045103045,0.0341314187174513,0.055227919696452576
SAMPLE_03719,0.999181160554728,0.19324099673759249,0.3176124920043569,0.7024733158783635,0.5905297867928514,0.025451149116044396,0.05465356797277438,0.6411836496157418
SAMPLE_03720,0.9994208511389144,0.15663424947797677,0.10923351969265964,0.026831638027676283,0.1538026099530447,0.012736138057238208,0.12905084431703798,0.18381965732976968
SAMPLE_03721,0.4476496864768747,0.057423834381844105,0.06516359864032793,0.3045732221246758,0.0663561980823485,0.0006284464938479605,0.7066076365616132,0.044486365253830554
SAMPLE_03722,1.0,0.8630214671487845,0.8252433132798209,0.9989246137631628,0.6205026278167656,1.0,0.9997177506106258,0.7340682410548153
SAMPLE_03723,0.21452185271270163,0.03902283213674397,0.04528853494091691,0.304407963047527,0.06388039860187938,0.0005831498261659879,0.7054246176833616,0.05035937870074321
SAMPLE_03724,0.9246342464917416,0.21109992127592977,0.21884638748378102,0.9987595210655704,0.47742973421196727,0.0007820066560102952,0.7333331931063922,0.724302163874186
SAMPLE_03725,0.862964553882797,0.21736129372843785,0.16104456845280274,0.6987823801516042,0.32198893353779423,0.004219996731756513,0.033049345708989486,0.31782861462276396
SAMPLE_03726,0.9978391967149027,0.07662966404646465,0.3094688464312453,0.7054190157974906,0.28720349090075187,0.02232669249648577,0.08354555287470938,0.5785941895832729
SAMPLE_03727,0.9993094104010041,0.3803771910140801,0.15311912440006475,0.3736627929380369,0.3432130182966402,0.03987932543395423,0.033864155667215526,0.1770164137784071
SAMPLE_03728,0.9475895978013062,0.11990156695294217,0.13366056117329425,0.6212289017315944,0.25232756984133053,0.001258950388846004,0.040890952286711135,0.28108074274610034
SAMPLE_03729,0.9391399134081209,0.9253459951177607,0.8382841555287108,0.7001268831950261,0.8696841296199098,0.4336624767678937,0.21461232272457129,0.9681623719461717
SAMPLE_03730,0.9982770166903819,0.3878886127596694,0.2917872316621141,0.4276197596722139,0.7159702760678984,0.007023591686645967,0.1199313517632639,0.635034487320172
SAMPLE_03731,0.9994949543078768,0.06017529092717555,0.09544081210319551,0.07229848274284097,0.07450320305484419,0.01327768412646899,0.02688385873323098,0.10644907751979964
SAMPLE_03732,0.9220792884817355,0.21586440828005396,0.25498066489729043,0.635800586269555,0.6959707594214887,0.0004847204048454327,0.7407611771365032,0.8211950951875917
SAMPLE_03733,0.3670785112253543,0.2039354442929872,0.18599098341765427,0.30306875895759783,0.3020228111620062,0.0006770651516185646,0.707698831718529,0.31776435033419215
SAMPLE_03734,0.9993781376114792,0.3885884509102172,0.40951326723923537,0.6991036360578391,0.24054548807744813,0.035423771136351166,0.15631915568128735,0.3198790666188776
SAMPLE_03735,0.9604216562643,0.4676920829792295,0.36373593406561233,0.6932576754346467,0.8246555765052221,0.0053566056585565534,0.04998687394428863,0.3822250464038132
SAMPLE_03736,0.9993553335638039,0.19988038244009068,0.08219495379341471,0.6969293572017037,0.15104307430611041,0.01759427534023151,0.07786260041371114,0.3826978059692502
SAMPLE_03737,1.0,0.8372349373660211,0.82896458646296,0.9989688935228478,0.5744707353120165,1.0,0.9993140112918486,0.5916725267713463
SAMPLE_03738,0.9994813224567957,0.02688820208665416,0.05153917357033608,0.013709094152513663,0.0406723981847419,0.007124510861654783,0.024940130045254708,0.03234230489235025
SAMPLE_03739,0.9995072825541462,0.029831147069737354,0.03841117508790982,0.0243223921702188,0.06517139200864411,0.030855601826930923,0.023405376115106936,0.11814269444021522
SAMPLE_03740,0.9988407196916781,0.1904135933764604,0.03374320473328777,0.18054833344219126,0.12722249870384625,0.01813786204337542,0.013597411572483176,0.10769442574533666
SAMPLE_03741,0.999358802388693,0.021508424164857966,0.018379745154235443,0.009441681442243053,0.022849709800670494,0.003339283059699244,0.013859177385255153,0.0259710320341954
SAMPLE_03742,0.9994728948445827,0.06642709083988317,0.07087001658891234,0.01682083183005966,0.06759899243486384,0.013319659954747154,0.021225849166433317,0.07650797172617702
SAMPLE_03743,0.5896662281428127,0.20030065969073826,0.24890690275994135,0.022737602076263047,0.38656883207789816,0.0013235357311033099,0.04145105013262223,0.19650579189214754
SAMPLE_03744,0.7625938626212383,0.2405642741218737,0.3283867415784203,0.697761655685783,0.43110879856212725,0.0018486267277449927,0.10216468566861094,0.5837007868729969
SAMPLE_03745,0.886148859661722,0.11235045004404419,0.11954882551034644,0.9807532134601629,0.25159757743137334,0.000392829732992112,0.7060351190290195,0.33868366718421195
SAMPLE_03746,0.9995422076442901,0.034036481918132945,0.0788421284230095,0.03978471286555134,0.047869453979465196,0.010837945253516477,0.04198384671765374,0.07010290901217227
SAMPLE_03747,0.999225925936247,0.32207987802257687,0.19120824834434783,0.2991142189028756,0.1845192710753599,0.038866852466003146,0.11110251557339024,0.2448165720762427
SAMPLE_03748,0.5161629806383201,0.0686897567866416,0.07367208840749666,0.31006125414754093,0.051093856440874816,0.0011423330804002237,0.7204421204481026,0.0860641483430862
SAMPLE_03749,0.9994486596334041,0.039227177168929324,0.09089434457718017,0.029601797787458455,0.061579661492145644,0.004614812313614256,0.053133980920319665,0.11029077219274917
SAMPLE_03750,0.8601748534587558,0.40883583782821137,0.33694786230001084,0.7007012377037954,0.4317652884667526,0.004538483306727539,0.10465128399324117,0.6000170396070073
SAMPLE_03751,0.7922033536321857,0.0913889643027448,0.10632234452399866,0.3034864416370722,0.3446741271059751,0.0004809292815708819,0.7154875762846278,0.3659172774080534
SAMPLE_03752,0.35237867565912373,0.056132174364376196,0.06263087683681125,0.30419037365397483,0.03855056323448951,0.0007128427420980529,0.710587665331685,0.04896691066709269
SAMPLE_03753,0.48825947151868326,0.033969688433375854,0.037608371932569176,0.47676735481179383,0.038522425192767856,0.0005924477681598545,0.717794400895835,0.13878561521245825
SAMPLE_03754,0.04040097073087984,0.05015787128687153,0.037743254593611435,0.9949990092789407,0.04083249726880275,0.0004740551091268804,0.7040435379331619,0.30028832545453843
SAMPLE_03755,0.9990689355910976,0.19636904827906423,0.37429723083339594,0.5141027401832259,0.22326441249497508,0.26613396470762646,0.15384800955167238,0.26424481375630837
SAMPLE_03756,0.8608214017504634,0.23263953029481238,0.09544566543474921,0.7002770052690176,0.07131991603077412,0.0013816754955668284,0.023340541019933738,0.3250903732791357
SAMPLE_03757,0.9995391533961817,0.03909004652972003,0.07823607343097236,0.1703841159495963,0.2917466230430961,0.0058348906649480885,0.021319297061817594,0.0903739814064617
SAMPLE_03758,0.9992104556586001,0.29558541144846684,0.08113392210750546,0.7012211881056671,0.16596505004183706,0.007337851581815477,0.06236015270749212,0.3244092451069497
SAMPLE_03759,0.999562862987684,0.27610864176250705,0.023262843833348576,0.28605378392463465,0.12428691478340424,0.005458271066330888,0.0189329782787637,0.1857627401027334
SAMPLE_03760,0.9867265857685257,0.6893752455646638,0.5629144369377619,0.7045138395629642,0.44889020786387934,0.0072401058814276446,0.14779125501686233,0.6081204338302388
SAMPLE_03761,0.9993672147723076,0.12939401795636374,0.061494439103562004,0.1819989091239953,0.20328159781330404,0.038065285451942946,0.027297175218973263,0.1981266905047966
SAMPLE_03762,0.8997341256506691,0.12190656179313922,0.08532188495625352,0.4806944922170001,0.15294711430796779,0.0004249704357801523,0.7243512099010195,0.11814941874175064
SAMPLE_03763,0.9994259365056564,0.02898613468135873,0.04665924486473692,0.01153206680853813,0.15419059288557802,0.003020375863228705,0.01471136648213182,0.04283537332131024
SAMPLE_03764,0.9993776100382801,0.362373427659742,0.0666293994272562,0.7050662707260503,0.10123386220388837,0.019602322039298188,0.03393811719419979,0.30726521604543305
SAMPLE_03765,0.9994925365081583,0.03362553999058665,0.04470063384634046,0.030258949058121036,0.05250135277109322,0.01150660777964809,0.055113772668670326,0.12162264529247091
SAMPLE_03766,0.999540838774762,0.344584783527714,0.08935486897414464,0.13343136136553876,0.2587173721427335,0.013481611452574238,0.0318513962486907,0.09208970209610888
SAMPLE_03767,0.9995377241189602,0.059737044172523054,0.06205771571024005,0.018472898327859446,0.03874875329902781,0.0071679696166754,0.0499418321965949,0.055137554465049796
SAMPLE_03768,0.5332106997066971,0.027412442232063062,0.027424959174178212,0.9967276598541088,0.043213296433898284,0.0006129906564225486,0.7063350121368428,0.3045588599153992
SAMPLE_03769,0.9994252244775528,0.024938762849734036,0.03827227966726438,0.008809296231669884,0.025934472675281064,0.009391203179072272,0.03439960355170183,0.03040752804823343
SAMPLE_03770,0.4093817827611148,0.043273726774993054,0.0415717123272619,0.9992011281381601,0.07353475958770893,0.0005453245412698273,0.7055600068659685,0.3278188640707619
SAMPLE_03771,0.999443514829738,0.068354612135687,0.1257990941557627,0.016298969428450258,0.12657510886706033,0.01707493140607321,0.0638067770749189,0.13503512095969128
SAMPLE_03772,0.9995048282752934,0.06940833550990012,0.20820400331252886,0.2078812174033502,0.056699811005754525,0.019263682830897175,0.08005831701625735,0.17458562706090353
SAMPLE_03773,0.8437217006191119,0.18417062135519685,0.1788400748284968,0.6996271350754707,0.24743223891481347,0.0029376589398579065,0.0592174357268362,0.3361038299251867
SAMPLE_03774,0.9130698131939758,0.511085440202901,0.9116544259085841,0.7015097245282422,0.7360037311903054,0.00710810145082493,0.16873471917924865,0.8895424933669198
SAMPLE_03775,0.999431006669035,0.08391344139555301,0.08226904075696542,0.15786885396686298,0.09534344893690554,0.03301926980888842,0.04919712666008597,0.21974051427949054
SAMPLE_03776,0.9992845041428073,0.0484866206585068,0.05723908640383929,0.016029634632892035,0.07696633891786142,0.005102862759339427,0.022580343342890132,0.0645343386447183
SAMPLE_03777,0.8933951181620463,0.05195013308107031,0.03621455249467801,0.6944205761518734,0.047732658418544745,0.00042638762735299726,0.7041722543131541,0.1782069974302119
SAMPLE_03778,0.9991808035225329,0.020599800741355603,0.028943072762379625,0.01851566156969594,0.028589866522529456,0.005638743492579156,0.02223180112369827,0.04545020057376262
SAMPLE_03779,0.9995317780651558,0.04901729949943495,0.06678294586286108,0.016039202164538593,0.21247252748840423,0.00738854950591786,0.02206081544445026,0.077210602828967
SAMPLE_03780,0.9981366452375304,0.15050999284419514,0.139903039823313,0.7069250298927595,0.24131258209058631,0.1507912799563189,0.07413995521719728,0.3180802221522802
SAMPLE_03781,0.8589569180235724,0.1663204004295064,0.17716840836210151,0.9957695804754787,0.5723113364127073,0.0005063344347393896,0.7302446792371645,0.7870578628866638
SAMPLE_03782,0.9676558862828892,0.3890014137605041,0.20291700812944263,0.6996901179477578,0.5833680264116712,0.003035186813720709,0.048296341446044964,0.5539215771052735
SAMPLE_03783,0.9995109092701084,0.04013175532781602,0.04416712631162063,0.01644357219411215,0.05621452579106419,0.02644131161994023,0.020895659396225386,0.04667253473976204
SAMPLE_03784,0.9994950367923018,0.0665052683934663,0.15088638033725385,0.15712902675211307,0.2210818941490518,0.016153246906856104,0.08277553543411913,0.14108368699928192
SAMPLE_03785,0.9995033761959733,0.276278581977374,0.4127707717945876,0.6803098196045239,0.5141461218891091,0.008093654504524313,0.15627737919572862,0.47131924638935463
SAMPLE_03786,0.9642004587732018,0.4073849457018157,0.18400762210989657,0.6997300019778848,0.31585829390657805,0.0015133440511123468,0.09360932355267952,0.4996730023254079
SAMPLE_03787,0.9750204029207543,0.5263125193187767,0.17689212073907704,0.6999072400545864,0.4654390984903699,0.0013161663842306281,0.07215871474537429,0.32770662319991356
SAMPLE_03788,0.999501495430865,0.08655266683696436,0.04057985205408914,0.05506373568552584,0.13046861097386256,0.011108026612931976,0.016835882040295826,0.098657363548288
SAMPLE_03789,0.944353222671543,0.229416644769549,0.2673728604306949,0.9880134377908161,0.4760960477503756,0.01695892897973199,0.7879089677591484,0.511090379165934
SAMPLE_03790,0.8353460717257862,0.38273033266031187,0.15037305312163804,0.7002633701082573,0.26498520764581796,0.0016931309425840852,0.08177557042530255,0.4337762138158969
SAMPLE_03791,0.9994710998169327,0.059261779729182014,0.06436796070837704,0.00989656307625777,0.05299586911112883,0.053812358578196225,0.03327967476172992,0.05163316603570001
SAMPLE_03792,0.9992635304951503,0.10635970579043313,0.08319156737498187,0.4367682791356422,0.12243767026929869,0.023810393264228038,0.01632318190873016,0.1465198037730087
SAMPLE_03793,0.9643885676162733,0.24137815273727586,0.3446258365853939,0.7028308404071816,0.41940421462558947,0.0036841032750784537,0.11315126259275181,0.6870688524795381
SAMPLE_03794,0.950443515890546,0.2717178338520557,0.5988506373771754,0.6504965087086514,0.6642140310722173,0.002349286765102965,0.8720794253446692,0.6887497418116991
SAMPLE_03795,0.967362349806892,0.5240806886743108,0.781672123225349,0.9667622492150144,0.7589993307297226,0.18244296767783083,0.9077465067363448,0.968008212064185
SAMPLE_03796,0.999464171126291,0.681630988155687,0.8785712337860445,0.7024987263124597,0.6965644538898014,0.18952004418558643,0.22008041747836882,0.6437373128586173
SAMPLE_03797,0.7873325434873832,0.07540737612327492,0.08328205550909366,0.7021737579325354,0.3615552794466857,0.0018059040222062719,0.018363872419634653,0.5480907380629726
SAMPLE_03798,0.9989128382574765,0.03781361591357914,0.04212096588818506,0.009476858081954614,0.1952282565817221,0.00471298770323271,0.018897788709143958,0.06241747811394549
SAMPLE_03799,0.9994173863034651,0.07372463220348889,0.019250294428375486,0.19982167448787955,0.07593682207761639,0.008696376552920623,0.01645654431711861,0.1584727183664887
SAMPLE_03800,0.8534878699288979,0.4050501728404979,0.1692576310048021,0.5222065664932667,0.602090949406168,0.0019398333013068288,0.022897835425372583,0.45035246352567443
SAMPLE_03801,0.07952034486628404,0.08958830862023225,0.10114953648227443,0.30526294425600764,0.17252705234634666,0.0006058537914576216,0.7064015760990963,0.14597375933211157
SAMPLE_03802,0.3132403073193647,0.16645267893797966,0.2049193703917626,0.3104710913338642,0.411330383330296,0.0004910817139249741,0.7226207549572661,0.535888182642008
SAMPLE_03803,0.999143568162594,0.0645914505365042,0.06627137490446322,0.17536112695851014,0.3920606983919084,0.02459310730207725,0.023975967948062775,0.2562509191143513
SAMPLE_03804,0.9594740718006136,0.06024414012411401,0.068858273965034,0.7006019809895009,0.22882891395731414,0.004815280858392095,0.029444272877095733,0.3070738210077898
SAMPLE_03805,0.6321191633334905,0.19454810719474308,0.19263207523725148,0.01333659642923973,0.44935132254262194,0.002054517218386161,0.03394540764410506,0.4552369221580416
SAMPLE_03806,0.9794731624401278,0.22547992880097514,0.2059660492276829,0.7015548232397264,0.46556042754106297,0.002640122933371664,0.10108771534137842,0.6333257276690938
SAMPLE_03807,0.9995490959058665,0.05708986633648687,0.09532382741459869,0.02335205432467738,0.056913523078466886,0.0186642292792112,0.04559377929126354,0.044603241547937315
SAMPLE_03808,0.9596435581107491,0.3937844051628133,0.43366766632710796,0.6693262717859719,0.3090542298330011,0.0013231397307888698,0.08972684780843208,0.4372428956952409
SAMPLE_03809,0.9613383508321476,0.20567678260194366,0.11684374939667079,0.7004030371153354,0.22010803735990794,0.003442460234349207,0.046604367230310965,0.3151268281202349
SAMPLE_03810,0.9990021538048062,0.01556254176667155,0.022526273014379372,0.009602559067692303,0.05663740234146919,0.002383998109346167,0.016941302098375053,0.04298430953375684
SAMPLE_03811,0.8628752937249977,0.06367733793406329,0.09715991689385156,0.5755726590006447,0.0854687441999498,0.00043513667175783613,0.7054718761458328,0.15300474700551706
SAMPLE_03812,0.996456768141599,0.07429273022374373,0.1130833493363307,0.7140689960115052,0.23783596234879278,0.027659808572810286,0.04431454344901541,0.310262376588433
SAMPLE_03813,0.3608991902780817,0.10613717119447519,0.12845065189080726,0.3073851155263337,0.2033876964119451,0.0006799319235426493,0.7274022047966354,0.23600672574802528
SAMPLE_03814,0.9994327549225606,0.1258050971041187,0.07184302711122081,0.1700032063667062,0.08305065782666704,0.010547636867366561,0.049181423220112874,0.13212912030536622
SAMPLE_03815,0.5249567588564056,0.06429182548974091,0.06959946500314053,0.3138479315365801,0.16604452648223894,0.0004999077167246123,0.7096374491989281,0.040739004371895336
SAMPLE_03816,0.9992251364384821,0.34991087690114997,0.4392778925803028,0.7057517482213245,0.49624625188623567,0.026118732926527586,0.0615750032052576,0.49073215208346693
SAMPLE_03817,0.9995464296692345,0.7171503800982252,0.6324222119828421,0.6937609033724188,0.5579174798616666,0.06913770716025619,0.17877890805880073,0.65001399740209
SAMPLE_03818,0.9993430521954321,0.0460681887426084,0.20098453721645052,0.14676056416083366,0.05854953271857134,0.006613956112666665,0.04607772603508396,0.10009931224413915
SAMPLE_03819,0.9994024830764866,0.0830778395092104,0.08469863360753843,0.6903746974114006,0.17484983741466786,0.009558770493317352,0.07132692034683864,0.25672073952389746
SAMPLE_03820,0.9994827888623747,0.07520763746229528,0.06418356061507498,0.15837970958469497,0.10941276595949406,0.027316581016562078,0.0772093714389533,0.1415604473985072
SAMPLE_03821,0.5087223718376732,0.14387722840202666,0.09637766857601231,0.33406926188394437,0.2567131110394175,0.000550417676536339,0.7302509371503811,0.29238026958572216
SAMPLE_03822,0.9994872519073266,0.014580838057080357,0.01681477153851289,0.021512237058062243,0.039914871925573525,0.0024292850420767173,0.024317799881491357,0.0540197719298175
SAMPLE_03823,0.9995614484696691,0.5469447696417821,0.03535454227192098,0.2510262963098924,0.16079125983781306,0.006676765366189549,0.013857708356803061,0.08926775740327791
SAMPLE_03824,0.9994901871253088,0.545412209944652,0.6349324898125029,0.4785522410031057,0.5726391875449711,0.12074132720697989,0.1864543674348204,0.5683517384741519
SAMPLE_03825,0.9994920122597792,0.04991004103810245,0.03890677379544395,0.0077936758572419995,0.03657438780833297,0.00784656446070163,0.025360314507277677,0.03176710437066151
SAMPLE_03826,0.9085447982258097,0.09118956195539049,0.09744889380461241,0.7093299134392105,0.23061644048255736,0.00565924710052119,0.051399821559157115,0.5548234232604297
SAMPLE_03827,0.37981716788972497,0.055551855010291695,0.07143813970896591,0.6952393464946391,0.08998357884346203,0.002175348424490052,0.03982145926825911,0.28631462748858627
SAMPLE_03828,0.9995438042031777,0.05969712727009499,0.2552631854966569,0.1731975720776426,0.1961011302096302,0.01629852102258352,0.05883918660404388,0.12009684569691631
SAMPLE_03829,0.9995510894957125,0.07261650582606868,0.09388045424194466,0.015198131009483607,0.20621456213140466,0.011229991107634221,0.05324843461579111,0.09260627347281747
SAMPLE_03830,0.9193246344555805,0.17968407272242762,0.06468470584835319,0.14302160571751169,0.1228269831412507,0.0013689854972318252,0.02605773161366719,0.1242184369500617
SAMPLE_03831,0.9995159739999424,0.04645742912932018,0.07002835813817106,0.009824837336367256,0.05634753612023444,0.0178764367086513,0.03641029952244876,0.05783275356144016
SAMPLE_03832,0.99880717968905,0.017459807138660886,0.020224887417773153,0.015927033453771625,0.031634629109272484,0.0035781238087445695,0.013039320921843974,0.020710646038278394
SAMPLE_03833,0.16934653780692255,0.09249317515922767,0.09203127525456821,0.8943743316506163,0.06989031412391315,0.0005935267776314584,0.707031436386959,0.2755656490834181
SAMPLE_03834,0.9991605279716709,0.18993917334094051,0.23574271073459097,0.3583763679038555,0.18238724969667897,0.08356318763965173,0.05452628785214892,0.26936924093126846
SAMPLE_03835,0.41218936039426435,0.056271264886262676,0.04805114756995678,0.9900974010919568,0.04314241377792937,0.00043729223364269497,0.7052937466396035,0.29541984748709693
SAMPLE_03836,0.9354619652583669,0.1605880529612897,0.06914995367436014,0.6997407651147881,0.20624154567850972,0.001269843879499692,0.035098637284226956,0.4120363359058761
SAMPLE_03837,0.999497861602614,0.02175446137229401,0.03062097673506222,0.00821507688485818,0.03951795176454986,0.005496442188528407,0.022729153668223256,0.03450842398003552
SAMPLE_03838,0.9994501203611423,0.14375827187219026,0.06994392573625588,0.6966911330013585,0.10809758520620555,0.01884117128121248,0.02928547330534793,0.3172762175948574
SAMPLE_03839,0.9428157592214905,0.6169237842067034,0.6827020290914851,0.7000149427169131,0.6733950249822013,0.00344009739820228,0.15711861633559002,0.8161459955927755
SAMPLE_03840,0.3165716486908425,0.06837790877770597,0.05974742473869908,0.30350147103552655,0.23690463162328962,0.0005103176439474205,0.7118179931041456,0.22545309758383536
SAMPLE_03841,0.9995562973266192,0.10416052397348971,0.12152974373008671,0.16867204770231398,0.08350717704370342,0.02342046869571953,0.10097886402953204,0.12705495436245529
SAMPLE_03842,0.1000482812230625,0.05524914306282478,0.06137806148203717,0.3036165346309894,0.047217135669445555,0.0006324026040843876,0.707721155388114,0.05860933484582759
SAMPLE_03843,0.9612584894348288,0.4008624157214803,0.1558702826869493,0.6990545736482546,0.3794544230788727,0.0017674914015338625,0.07760930836027168,0.32577789621860465
SAMPLE_03844,0.9994488302912311,0.1787356288574715,0.03984034569800414,0.5208848109199045,0.0881784981090078,0.00395155801553025,0.025064055818212277,0.1640859615548849
SAMPLE_03845,0.9589537304624894,0.5143083644465195,0.228398629146211,0.7003467835193139,0.6955617284916972,0.0014246349821657772,0.05570895335141457,0.6670846577974632
SAMPLE_03846,0.9995214007514646,0.02745512433136318,0.05259712661831986,0.019028261824569275,0.07656654838426738,0.0063694176777033375,0.04672311446703412,0.050639147169972455
SAMPLE_03847,0.6611903371462126,0.4264718826226052,0.20033887935653985,0.9987416557191413,0.36045052385946363,0.0005158422374155931,0.7185070861610018,0.5793114358520001
SAMPLE_03848,0.9995360115290691,0.0513510208396361,0.09455775686664751,0.10191792358572757,0.04779344725467552,0.0077464914842358765,0.024209536652568905,0.06380760617126958
SAMPLE_03849,0.4061996605042935,0.2028150428862767,0.21095096828181498,0.5216615298565469,0.5439674345013634,0.0011429874505408336,0.024741386433701346,0.6667702310247761
SAMPLE_03850,0.900302799158755,0.14941387420124388,0.1673048567699157,0.33875350637028706,0.3847947980120909,0.0007477020400775167,0.7498472940156192,0.44220422275576404
SAMPLE_03851,0.9993469878161729,0.04420556393239533,0.08553791900831835,0.21425038354342674,0.21414441112545127,0.006851636450281285,0.04631977181633087,0.11359408106631817
SAMPLE_03852,0.9994519584813663,0.08740517023256418,0.08740110295779369,0.029355455285726514,0.09272463760730965,0.010774169175476064,0.03421526639044467,0.09140906781057984
SAMPLE_03853,0.9495698133864572,0.4600624213658753,0.600871963245444,0.030237643711179697,0.7178968252056105,0.005166056641705332,0.13579603025787096,0.5588267189222821
SAMPLE_03854,0.9566839062989756,0.2944645301642042,0.16139580563925413,0.6990908618054971,0.7586899983071,0.006012063465969629,0.028290476790710027,0.5772836826627906
SAMPLE_03855,0.11228639877243435,0.03229746402962762,0.03814764974829701,0.30649834313020263,0.03687226075481647,0.0005508746558271818,0.7191198934420988,0.055736822805435626
SAMPLE_03856,0.9995117647403708,0.03391520119106728,0.04462830604349836,0.008576461806233747,0.04763308058162939,0.009937167684395464,0.029934877450363634,0.059695436676557655
SAMPLE_03857,0.9994648227994569,0.06081766905595142,0.11332543668191766,0.31152855441251964,0.07943959312970619,0.004053562545372183,0.05374395478814682,0.11468533617329456
SAMPLE_03858,0.8937636810095262,0.07854452866916797,0.09231906487634843,0.6994668413857618,0.16743462998882705,0.0026303680533498923,0.03657856941709729,0.5018647652819612
SAMPLE_03859,0.08436387442808074,0.07075852999980047,0.09726133429821322,0.5122950455633333,0.06803357453104511,0.0007938378340336577,0.7096694977963722,0.145334083145187
SAMPLE_03860,0.15556341156904543,0.12146560727148743,0.09672244829923617,0.309720594595315,0.06649422423433474,0.0006299981661077773,0.7084357362534618,0.11200252194173956
SAMPLE_03861,0.9995015466353174,0.025316479204143656,0.06884448508941371,0.02222722687101012,0.04834412258537279,0.00405103750036388,0.05096265661679531,0.09504350557330402
SAMPLE_03862,0.9995642189992121,0.23110599488410047,0.556613003693426,0.10012134234178922,0.6240650504795823,0.005355948117440882,0.11912745317197461,0.5175822029280108
SAMPLE_03863,0.9995285973720258,0.036672724635059814,0.07075685264057466,0.019375365572464505,0.0460792502571991,0.00872970791362704,0.02179329795246482,0.11329816583526463
SAMPLE_03864,0.8914389743432615,0.17332285687399304,0.2076203962512518,0.5370176921882535,0.5960589908716522,0.0005462880994690663,0.7190093690604586,0.6483231169743268
SAMPLE_03865,0.9973436382564502,0.03196956216779484,0.0284228777464664,0.01908805885477636,0.0491052693139457,0.005158444812116845,0.01999385106354312,0.12195820770431264
SAMPLE_03866,0.3337579641847221,0.12128769288892476,0.12677075059310453,0.992782390940985,0.1317415606162985,0.0005414353380192086,0.71102723799029,0.41667925928796157
SAMPLE_03867,0.9575783878462214,0.43861677435654634,0.12281524621381365,0.6997209282495879,0.1896318063958326,0.001642245329158833,0.12473804023074676,0.3317765766437749
SAMPLE_03868,0.4075066975516287,0.11159196677612648,0.11906102539364331,0.3331559553193641,0.40690395086000775,0.0005557387061995816,0.7216378886806367,0.3946372412746028
SAMPLE_03869,0.9993303047937365,0.09382756595596034,0.12147443568803926,0.039984363292173086,0.15544418103998683,0.018185975462640964,0.10713839487720465,0.11411136723794862
SAMPLE_03870,0.6197264311514357,0.22217687641473774,0.2114642427399396,0.7629291519201316,0.4772900541450663,0.0006383187543536825,0.725780108098133,0.6083668034410766
SAMPLE_03871,0.9993389620114015,0.01858674688452638,0.025051145605074147,0.013291057279269965,0.044208360950553666,0.003939537329572909,0.0164499870136361,0.04841351309931824
SAMPLE_03872,0.9994574799151121,0.3573184484452049,0.2779723711922346,0.6952064479726117,0.4116722150316279,0.09616114931113474,0.07587205961011932,0.5105845385147469
SAMPLE_03873,0.6199319972233728,0.2909049262447409,0.13107743819813936,0.6775253081137455,0.40734387603236705,0.0018086358094633473,0.06616977619519075,0.54395853512819
SAMPLE_03874,0.9995535240599278,0.03403671260431118,0.08002596479904941,0.015007643446107022,0.06919363888941243,0.006187148401890534,0.0801058845383497,0.13289367769075877
SAMPLE_03875,0.9991258735428024,0.6555150656014752,0.857390348981197,0.7060450726086034,0.6614882347686137,0.04906130051162056,0.2501408384220458,0.691963226954666
SAMPLE_03876,0.9995011436591893,0.028127812155881574,0.02797897057751809,0.15167220659951322,0.04725323811952288,0.014355872974409774,0.01610461453659353,0.09044029168301769
SAMPLE_03877,0.9994698012824212,0.027571305768428617,0.045221374192995815,0.018748315441581124,0.04211798706113796,0.008478554165440537,0.020256733680066176,0.06387626802274052
SAMPLE_03878,0.7756819664555985,0.10699026621579535,0.16881599546285458,0.7007197743238038,0.5926612490512734,0.0031946876169401026,0.023708155780200083,0.4498375659148837
SAMPLE_03879,0.4265791730251367,0.0451882832090176,0.050883433997143825,0.994206424415577,0.041699374379997003,0.000691912776657076,0.707453981384136,0.30319303540476256
SAMPLE_03880,0.9278310518829576,0.7427497304176924,0.3529121696622384,0.6844181302524718,0.8132504440562354,0.009468492871649048,0.08327774106320604,0.9222601875713407
SAMPLE_03881,0.9471121809363772,0.18252708271758422,0.18742837131457168,0.6927842573113322,0.2113133628962049,0.005563251818646702,0.09384042126461327,0.4301917091276157
SAMPLE_03882,0.9614119491427513,0.38142712873815454,0.5535696153205989,0.6961248397574572,0.6229036312930909,0.0015239876399499503,0.18235037452394376,0.777052203222711
SAMPLE_03883,0.9995677963334479,0.04234859485597641,0.048441368022127645,0.17793224212445882,0.143388863100549,0.006599470890707347,0.028872530541383255,0.13314313494756824
SAMPLE_03884,1.0,0.8372964848612523,0.834047679770445,0.9988905865427415,0.701891854535774,1.0,0.9997787939338127,0.6983948788297448
SAMPLE_03885,0.8124201077437292,0.07112905248673358,0.06800078268449575,0.7002051214362401,0.16856645110435842,0.003464123206568255,0.01840300555421893,0.3210317443186479
SAMPLE_03886,0.9980473062008752,0.05789740340998702,0.06986587212103491,0.02807411645408088,0.07138524081858401,0.016405787166494004,0.03189899794986956,0.09270616503847043
SAMPLE_03887,0.8425489703779783,0.27345935277519307,0.049051620221149214,0.6977235746998522,0.11302645686466913,0.0013098602757666221,0.021654427091883185,0.3034121443829511
SAMPLE_03888,0.9994049896819737,0.058986403183141335,0.042592397654398345,0.4462207027178869,0.07697616794617651,0.013867365847827455,0.021730056471252812,0.19025553341699933
SAMPLE_03889,1.0,0.8993053963606819,0.8737375525477764,0.9990059564536702,0.7928474403402377,1.0,0.9997549095561529,0.8578697716715451
SAMPLE_03890,0.9993964794713414,0.23030567667753354,0.19985470246622472,0.024485700585335186,0.5344496163652598,0.027347774640702444,0.17569163629512768,0.3414091687442956
SAMPLE_03891,0.8861958659138227,0.24378854415673706,0.2613062465410886,0.6971815717213314,0.23897116844060642,0.0017363293823346724,0.10518173168730195,0.4820859981069292
SAMPLE_03892,0.9993820877306525,0.07205042968113456,0.10938981559973321,0.03158561255322734,0.18142654249688245,0.015725817320223056,0.03695266046301512,0.14663392279743287
SAMPLE_03893,0.16945716843234904,0.1284082802273909,0.14571137171363344,0.6984515036207719,0.12382777329391562,0.0007759893170877613,0.7965898141645069,0.2915428204434976
SAMPLE_03894,0.05906823106891926,0.04419265916462883,0.05460501720137904,0.3055872896448155,0.06975471036583522,0.001208227797809933,0.7171568652885397,0.0732475896130447
SAMPLE_03895,0.705239392757503,0.0722259692501384,0.09342055826797324,0.6987653150115531,0.2725569438775325,0.0016944333348254883,0.030478639790207533,0.430523878299078
SAMPLE_03896,0.8853458384128015,0.08638477943482664,0.07502121168115386,0.6860598733445327,0.17655033342590176,0.008686444658947617,0.03266849929629579,0.5359235619371583
SAMPLE_03897,0.999260270769261,0.11526434291750047,0.11968809364960156,0.6769920538095681,0.16995894915521526,0.03970161074649638,0.07004410042043421,0.2673392032556566
SAMPLE_03898,0.9283210915294408,0.8375310949463628,0.7427379344050056,0.7008136283788113,0.9317627613372063,0.05074722532842363,0.14676970122999677,0.7186669430280408
SAMPLE_03899,0.99951118764832,0.0543825847497133,0.04257138842791889,0.016352279079152286,0.05315630026365976,0.037156510089756845,0.023889121596142638,0.04292053881318812
SAMPLE_03900,0.5773343115147271,0.43887888529603497,0.2544577080009424,0.9982012848593564,0.5910730553452117,0.00044794462891244326,0.7714999417293381,0.8151380855103403
SAMPLE_03901,0.999478475461687,0.04210668203124611,0.033891608427729425,0.016145000404403764,0.053996742264582294,0.0062534185538439925,0.040327588882413654,0.07463854743813857
SAMPLE_03902,0.8832985856140878,0.8057576856297279,0.4496136309843188,0.6999967965303082,0.7929504576525926,0.018816909298608634,0.14937449894695268,0.9521544315120722
SAMPLE_03903,0.10916499863996008,0.15772816237471143,0.39029914752920636,0.5071694480270553,0.5140396197217574,0.0008295693251656289,0.7703815384079897,0.6149012081552861
SAMPLE_03904,0.8931779283564786,0.45862904660207976,0.09808464180437297,0.6916903295682828,0.13374682093228055,0.0011816631816831198,0.02888067684467421,0.2876050384297413
SAMPLE_03905,0.9993456646164902,0.08530241748276343,0.08325344237975768,0.05241572623529536,0.23637399684975496,0.04557974072101559,0.025833537991815564,0.3582352894052727
SAMPLE_03906,0.9992596483449453,0.16393243708530225,0.1322144038837222,0.9839109052242605,0.11824912494400801,0.04523590587112586,0.7527021226971952,0.2757903842520836
SAMPLE_03907,0.9994224341560353,0.10569249004511262,0.16417014055626175,0.02182821346745535,0.18245433712970455,0.01595335234193091,0.05199396454448851,0.07916185111675327
SAMPLE_03908,0.5151473030752954,0.08024955503710868,0.06345615731857011,0.3286606358857641,0.038852246964945235,0.0006895722872172928,0.7194986309226263,0.04716935550413638
SAMPLE_03909,0.8992169568155453,0.08063744001772033,0.04970633289834928,0.699507024547272,0.08711742699865817,0.00120932082920496,0.023778086699639073,0.3106044478026121
SAMPLE_03910,0.9991819945999417,0.04419905943938056,0.05607009424362338,0.013535007852192837,0.15525546591487718,0.002683762384307117,0.019707607020588512,0.07809904564868071
SAMPLE_03911,0.9994144268269667,0.5117986313246179,0.17706697063808097,0.7008900752304758,0.4060906562595147,0.1659824025132166,0.045644621168524795,0.5657174860215518
SAMPLE_03912,0.9981939108733645,0.19484954370747037,0.5191286312961223,0.7156260298109377,0.3249431430017895,0.01634689247057392,0.15628479729018208,0.6632285710760943
SAMPLE_03913,0.9995035398433664,0.027599222803097283,0.029948946587408803,0.11071897694604597,0.13517257300676516,0.0049381903678035,0.016020142558038453,0.07729995449604142
SAMPLE_03914,0.8514415591914849,0.12823958525851095,0.1547074874101206,0.49230426238507236,0.31914006307467263,0.0025356606894925363,0.7475695003160846,0.41549942540692486
SAMPLE_03915,1.0,0.9251688117967853,0.9411742056797906,0.9976837932137723,0.8194654801802521,1.0,0.9993496100671435,0.7592266078388241
SAMPLE_03916,1.0,0.8357838679769103,0.8405600968468765,0.9934690113183132,0.7097106348501142,1.0,0.9967907626912735,0.6523417927793465
SAMPLE_03917,0.9992972444083976,0.2862605277051482,0.13460571737955832,0.706590868475914,0.27774517388056763,0.034419863941002354,0.09934449005712279,0.4240625719370338
SAMPLE_03918,0.9023829717588321,0.07214600562549667,0.05877012247501086,0.696924057576968,0.047279552911389966,0.0015442453672056004,0.03275486509896772,0.3112311571702912
SAMPLE_03919,0.9992944772629251,0.4638512223469484,0.4274401410453149,0.7049231565562024,0.4167654996569631,0.018198094563844695,0.12735428261342882,0.5103154811210145
SAMPLE_03920,0.6973866703017644,0.3179946992048377,0.14245878391072525,0.6902996415334199,0.13096684724028945,0.004894016609248961,0.052646434126413164,0.40522076990447764
SAMPLE_03921,0.6644887858434478,0.2830883244608654,0.08235800771912595,0.9982145000107139,0.1372933093897307,0.0004146539417253438,0.7043833113907633,0.3283520266795831
SAMPLE_03922,0.9994806632357414,0.052214608958751255,0.09191829203657559,0.24455971625614367,0.2228580624197139,0.0066427687913360855,0.038193540816788794,0.15401937023468548
SAMPLE_03923,0.999515882624987,0.4303907087683229,0.4071602032401693,0.2967172883370694,0.48678082275783086,0.13544764551684438,0.19620490500370846,0.543681313260628
SAMPLE_03924,0.7169794824358956,0.14587829131806865,0.16875292757627283,0.46171498170413716,0.23383796548503616,0.0005567120759823003,0.799230590942589,0.2782219372530276
SAMPLE_03925,0.9983688259603154,0.08998672719669198,0.10107917941605625,0.7194142931317957,0.12138082613203002,0.03605852707880764,0.0671933813853124,0.32201840805928017
SAMPLE_03926,0.9412329419951224,0.18547078274859322,0.3100387067800391,0.7801096906503109,0.5225972786773508,0.00043681092718707775,0.7854059661920303,0.6181827646995596
SAMPLE_03927,0.9995687875463811,0.08371621402302588,0.11174884687184711,0.012010694122199763,0.06204025867189833,0.009671309286094838,0.06176380744561048,0.060600783409724454
SAMPLE_03928,0.9994289136088232,0.03764208413247119,0.01989789398352693,0.036039053740566575,0.06313999873026621,0.00734168388137245,0.015304818671970968,0.08987395857711697
SAMPLE_03929,0.9995014548465184,0.04132632767887166,0.0718391198225253,0.243957508817252,0.07539996271837793,0.011217181555770313,0.032632777539612315,0.15339328698986057
SAMPLE_03930,0.9994645252755988,0.014972498454482716,0.026672796449631886,0.00872211609732432,0.03167347887845115,0.0043424085464004395,0.016764284094823813,0.03215559330977755
SAMPLE_03931,0.9583203960014917,0.11019006122302197,0.06324440721752027,0.7011221546002792,0.1271586552162765,0.002573749165666302,0.024737605537458435,0.30814825834921805
SAMPLE_03932,0.061711511044923395,0.03749209671003025,0.044249249399040715,0.30544540665362924,0.03458670833102152,0.0005935226240348603,0.7063261955111149,0.037650453437064385
SAMPLE_03933,0.9313570384817624,0.3658973274062391,0.24969202044616606,0.6996236998119798,0.7519532665215983,0.00400798397510756,0.059176827051581476,0.7040779370795847
SAMPLE_03934,0.8888331000635501,0.22615580706104926,0.11394417706424055,0.6955366984875736,0.26663952622797127,0.0013313413815923686,0.026280785137233094,0.40158523608587327
SAMPLE_03935,0.9990672741529497,0.3575244196252168,0.14066068917907903,0.710193304819406,0.10074359945041167,0.044809983852413394,0.07004452144102023,0.41821272896009776
SAMPLE_03936,0.8751660126164267,0.34259456165828084,0.21105776082758113,0.6991034675575536,0.2513287652180018,0.0019918525110225543,0.1374426579659554,0.4076906214212728
SAMPLE_03937,0.9995169730958309,0.06705481181042572,0.07509779846822703,0.055919491156074363,0.08208867214777842,0.010984046524303338,0.07113294168253888,0.08534825275044605
SAMPLE_03938,0.9991449741398784,0.48519484808893487,0.23165746662395903,0.7016928314395711,0.4246053326060439,0.03652489786988342,0.09418980988814035,0.4420278787608394
SAMPLE_03939,0.9580211317617435,0.44120080638505277,0.8168088865568374,0.7004972198255356,0.780710428414944,0.002502216679088536,0.24456095943144696,0.8402520454547749
SAMPLE_03940,0.94466279261987,0.2270084203734533,0.17729815795799028,0.6990432175836276,0.5055372340478304,0.0020099402329078336,0.039918106797631914,0.575842143497506
SAMPLE_03941,0.999524113109862,0.26393402942972405,0.05227656335796594,0.1278318740622482,0.16840415305734446,0.012249255880103848,0.023395939349926585,0.10152129730095563
SAMPLE_03942,0.9995528654298437,0.0443398076279989,0.06416990206041052,0.022622325992976224,0.07649004262205208,0.009133076314297656,0.03654481920329478,0.061254712004072634
SAMPLE_03943,0.9994265278981238,0.022947116672230317,0.03438291066149355,0.005340413845947254,0.051371150703104176,0.003931105962976945,0.0364080864976458,0.04853841184919207
SAMPLE_03944,0.9988180088109064,0.02512972264315174,0.024724378808930015,0.011118745319955188,0.052054310957775,0.003778848049862454,0.012925664143782174,0.027108494259287016
SAMPLE_03945,0.9993500820854497,0.16708668693000428,0.07735359090068211,0.705044627475834,0.11348457707180445,0.030683833044571077,0.052077582156827874,0.3133031738821341
SAMPLE_03946,0.9032112398271972,0.5484664392108058,0.17192022260185894,0.6997311844558607,0.50613912517078,0.0016356549343365158,0.03420153558756525,0.5610138937043636
SAMPLE_03947,0.9991130321083019,0.07452736364305514,0.07593077826058742,0.04154457322135378,0.09445090496039213,0.07800364402365664,0.044876384413828976,0.15179444558894542
SAMPLE_03948,0.35507873166524395,0.05011443912910081,0.056732518872290194,0.6085565768030742,0.030824983779748977,0.0005768719755451008,0.7120527332160508,0.0999999151277339
SAMPLE_03949,0.9466266431366464,0.5621162932075817,0.20440327606776532,0.6998430007438896,0.6756944642240651,0.0019192518418235552,0.05603026955498519,0.7018819693634887
SAMPLE_03950,0.9994260945277231,0.11966243234732815,0.08434144010499207,0.7003502520555861,0.3294767372312383,0.011524147186200186,0.0218774238478885,0.31658462073163146
SAMPLE_03951,0.6760932244335063,0.11409789791736308,0.10993655882221576,0.29532447304490045,0.35254680944186556,0.001795527876481257,0.03199932921065954,0.4141634339225966
SAMPLE_03952,1.0,0.8259868295912599,0.8267436879411719,0.9988929516606202,0.7390478631148515,1.0,0.9994667777631618,0.7443996493591072
SAMPLE_03953,0.9818606751110021,0.5216120166913979,0.09399805406267939,0.7007341608987077,0.25746072040833173,0.003746752499640787,0.03223417108660638,0.3123021295719265
SAMPLE_03954,0.999461945384096,0.1712688357407516,0.18052692206638296,0.7014929375583933,0.45721641566870086,0.014040365109185077,0.06680851220755227,0.5783267575831244
SAMPLE_03955,0.8731429392075314,0.2197421818077631,0.17518952638423926,0.5457910153269938,0.3167315414543156,0.0016134229737788312,0.03490007271957792,0.4692376531849198
SAMPLE_03956,0.5197356810306044,0.18383250665792428,0.17977220833799068,0.32373731414531115,0.4605002585147119,0.0004924821000746555,0.7168429461714618,0.38915300822966464
SAMPLE_03957,0.999425533522099,0.025752856005874257,0.04649366009757205,0.006731028839840928,0.02858320413694641,0.008460176170171751,0.03010477161115857,0.05281739224556375
SAMPLE_03958,0.07136819734687681,0.14755530054691504,0.15908756334031443,0.3033895550457349,0.34173091833377583,0.0006187239394693262,0.7150592967387015,0.3438494631590719
SAMPLE_03959,0.4833908195427161,0.061161297476933975,0.11472330277895085,0.7012352702532216,0.18366324144532672,0.012694676370367681,0.02664942236054467,0.32354317335169575
SAMPLE_03960,0.999486499729673,0.19690359324761209,0.040642433004228956,0.017698763663068596,0.10192916176346836,0.006400524423379953,0.013916340220617607,0.06628029723538682
SAMPLE_03961,0.9993009745181742,0.09334377041916016,0.09981312908534451,0.013015333270388316,0.17290966893436233,0.0362519364257273,0.04496352522454304,0.1545955798852397
SAMPLE_03962,0.8965271317330703,0.3003505045334124,0.16062133348138913,0.7005348064193769,0.3037526391330061,0.001120297585505888,0.09600335237413608,0.4832555413238126
SAMPLE_03963,0.9161247979564336,0.3567146156069284,0.2082416004223101,0.6829442176726326,0.4288437459039843,0.02058309452256772,0.07756681287060051,0.690453261574499
SAMPLE_03964,0.09564112031762108,0.1261774617471388,0.1367638754241624,0.32009247629816173,0.3802278771976678,0.00064447166180166,0.7258442848358407,0.47703784132169075
SAMPLE_03965,0.9994122916226631,0.027411836253248178,0.03097704574770572,0.00959274045341389,0.029710577772256816,0.008903254847953571,0.017888164372565508,0.01742272699791356
SAMPLE_03966,0.07281614814876489,0.06567182084645681,0.09217309492677696,0.3407784730749609,0.17662835613776215,0.0024956891316600823,0.7146840156265711,0.19721198773187643
SAMPLE_03967,0.8819459789164303,0.4991196167204766,0.18335321596053725,0.6991424620293921,0.33946960951499977,0.00117874743594046,0.06685715173287292,0.34181916806591706
SAMPLE_03968,0.9795487670500054,0.6500466746586977,0.376368032899961,0.6997371502366326,0.8024930453993415,0.012523081156979636,0.04620825219848829,0.7381064108995179
SAMPLE_03969,0.7986304316392413,0.051592667382925686,0.04663387536546041,0.41850588963471336,0.19618832632741673,0.0005542423891051708,0.7052120354078415,0.07743258297708028
SAMPLE_03970,0.6629343315850023,0.5317106892624625,0.46752085003454513,0.6996745068620744,0.4461678840680164,0.04407859753010558,0.17026566792513229,0.6062883163274253
SAMPLE_03971,0.9994599498055353,0.01097319941830345,0.013244256682567495,0.009113279747177206,0.01495414180666541,0.002995931862030716,0.01961069622384609,0.027179696547338858
SAMPLE_03972,0.9994613866426212,0.07599058629942915,0.07591885332751053,0.1044139572712968,0.07171739743917178,0.016771563113175098,0.051482014075462365,0.10754615111045768
SAMPLE_03973,0.1663784410496918,0.1467297849031708,0.13640658865469799,0.3167874662755259,0.273671327530978,0.0006488724205433693,0.7099940761867498,0.28987696273370744
SAMPLE_03974,0.9992066618981302,0.11375424289011302,0.11806765421868723,0.031231783613416345,0.10547991427021226,0.016808405529042794,0.0225014416365481,0.10864970528246694
SAMPLE_03975,0.7671935506097847,0.08572421249432866,0.10435785061422956,0.9955720084358575,0.19782035297235936,0.0006033923880563661,0.7610758833793695,0.5081373056555403
SAMPLE_03976,0.11888786857433292,0.055021982418248815,0.06114981462267853,0.9948310505406059,0.05702234429390369,0.000645799845051567,0.7048733933143424,0.3176218399431031
SAMPLE_03977,0.998983272514325,0.2430806712342842,0.07318937890658853,0.7011232189429046,0.14958636119404772,0.01796497551678707,0.061504124865156905,0.31085941553423846
SAMPLE_03978,0.9994223463205766,0.14822276956640162,0.1301494981665122,0.6974118967711349,0.2976654789029347,0.010230807816256635,0.07669188616745214,0.29752933232810597
SAMPLE_03979,0.9649315263545489,0.23052573336673976,0.08583937276312543,0.6961781626828951,0.16451652232473887,0.001517743895384388,0.03182876188559527,0.2995793160648794
SAMPLE_03980,0.9995016852841787,0.13019880268472145,0.039942937542066966,0.12224547892848214,0.11826119694835643,0.007870959235694997,0.020053435390883414,0.08756102268002137
SAMPLE_03981,1.0,0.7755836626023528,0.7442161664581229,0.9987192623168442,0.3373606093746232,1.0,0.9995592276771927,0.4529467923677024
SAMPLE_03982,0.6939547244042671,0.19305342358509814,0.19030264588672577,0.5236535706316252,0.34502002418749195,0.002753251468904645,0.030802640248662295,0.38322412699051217
SAMPLE_03983,0.999540588171231,0.20946220419714945,0.15259472871213198,0.1854351856865672,0.14754235299854887,0.13163145138350257,0.11329750036982644,0.13578492788036803
SAMPLE_03984,0.9995220392853552,0.03662847075015721,0.08990691241311453,0.06364321305116895,0.14455321292870282,0.006702982509802516,0.11776380757601584,0.16346594050923793
SAMPLE_03985,0.9995505449927418,0.030838522705432372,0.041672978992439214,0.02507199634063216,0.10237670721917581,0.0073443503288695006,0.026129611297731697,0.13316579042461507
SAMPLE_03986,0.9993610329503202,0.018608996968465057,0.04212529721860804,0.013309966793990703,0.04645604588950928,0.005928824179257078,0.0285690537409667,0.056187211701853444
SAMPLE_03987,0.3383608165792981,0.12420518184395285,0.13926870562931287,0.9860982324895915,0.3564367519920244,0.0005553228908053406,0.7249176910933647,0.5496204568682743
SAMPLE_03988,0.999490402166281,0.09667269737405576,0.098498123052465,0.020638206808963073,0.1175116167172638,0.006806777872874517,0.07767494139240737,0.07726638481381996
SAMPLE_03989,0.9609778851875981,0.2393728654419353,0.29859216608816597,0.4054407811516889,0.5777178163847707,0.0007600546216721257,0.7730313388447732,0.7503686729518217
SAMPLE_03990,0.999446066621785,0.04111976056561641,0.0890201675938119,0.0073831457431822855,0.04813192946653438,0.007620587784303355,0.041344340933310963,0.05403964693187937
SAMPLE_03991,0.9594983654552098,0.5521690174227216,0.4549282195726676,0.708156257701433,0.6176653195157352,0.029722794654169556,0.13796894346354335,0.8992892554666516
SAMPLE_03992,0.5879859926459945,0.07002570016280792,0.03124656362715365,0.9958399258846862,0.04181700805390906,0.000416933022944121,0.7044178502635223,0.3222069391939985
SAMPLE_03993,0.9093665322141092,0.0932912669513512,0.08740213178792804,0.700550472257069,0.08121433981323459,0.0028581590843203067,0.057657348785922165,0.3083445464835237
SAMPLE_03994,0.999525470413514,0.06581088952207872,0.09083163583966167,0.15705229867768772,0.07902998585784149,0.04120807452854815,0.06099408419393316,0.10417748677407129
SAMPLE_03995,0.560054088459945,0.0729878982420122,0.07098054056241702,0.5152184518373744,0.10873570028530247,0.0004729636382239531,0.7102272890984147,0.14783934037773008
SAMPLE_03996,0.09416517498344083,0.22012290124227127,0.20801530658860415,0.30429695835851467,0.42403372133613937,0.0005119865917826311,0.7047310314766979,0.46940913890278235
SAMPLE_03997,0.5308032355015624,0.07493859380709515,0.10132123764688915,0.45359114515239357,0.28458258134656234,0.0006099322799574501,0.7326912992109393,0.25837793730923875
SAMPLE_03998,0.6531519900946365,0.2309689704230794,0.02070005510311944,0.9971823074891006,0.08122458097289238,0.0004021430497725331,0.7044685989226318,0.30498395624541247
SAMPLE_03999,0.6926440661497352,0.0885349832331541,0.08123498622148492,0.34391061133993184,0.4038837882316783,0.0008400793660321343,0.7159002864258465,0.3827913328019172
SAMPLE_04000,0.9462996194135753,0.16140432884989694,0.15440250177719383,0.6922647264596019,0.35481728765507153,0.0028134242739637906,0.06442565190750608,0.38736689025911497
SAMPLE_04001,0.9811241893891222,0.3552227736627259,0.22606429540533954,0.6990926179009822,0.6286406893421372,0.001224671022958461,0.05278744514781054,0.4059347199260339
SAMPLE_04002,0.9992671713024062,0.022986715007716135,0.03699362868593821,0.007237399359251821,0.03643857851960707,0.004842496100631127,0.021078316687065536,0.0423976924486101
SAMPLE_04003,0.9993423768453371,0.024406705941517857,0.031670258592992336,0.019106216251507515,0.06154271754592265,0.004419054846441356,0.015299929790973452,0.050017789809942266
SAMPLE_04004,0.6042806257064819,0.173243292057354,0.15503591640322992,0.3188197236559394,0.5887403063835879,0.0006034816833513456,0.7073168034337085,0.7025535333727627
SAMPLE_04005,0.5997971230787397,0.10366833912129225,0.13700741429659805,0.4989120863476225,0.4102901660724992,0.0014109921957171751,0.019522616663806835,0.26139439610422754
SAMPLE_04006,0.9994065906067584,0.328664399056141,0.16171262648123472,0.700825892100301,0.28333061278042637,0.020255357195137852,0.10307126748376838,0.3259090578011774
SAMPLE_04007,0.999530841158224,0.029967530293325405,0.04757407367890433,0.012890176709568563,0.033001126892680636,0.013073151368951805,0.03861506926455028,0.04861606283629057
SAMPLE_04008,0.803743854301291,0.27991069145660413,0.2855782784557318,0.9867261245636083,0.7197905013711507,0.0004790836473975179,0.7255123335383058,0.942530912020507
SAMPLE_04009,0.9995601077812784,0.13207842349881774,0.2835785500594453,0.14897942186506674,0.26357422667723773,0.015061521773158778,0.12905443298750724,0.3482853467455354
SAMPLE_04010,0.999538493446093,0.047410103742738074,0.0577010154587767,0.07652588085572953,0.062123672891921014,0.004848624605546755,0.031145388452067033,0.07136001156006452
SAMPLE_04011,0.9519250147585698,0.3245990491690188,0.143153874034109,0.69218098694696,0.23274587871529104,0.001677015644928765,0.06874947229063719,0.551053387301434
SAMPLE_04012,0.9995460378648775,0.15757677084376384,0.049396884745618465,0.15950691044166931,0.15560188891421234,0.006755122850125311,0.03543920553478355,0.17938839550000585
SAMPLE_04013,0.9985975921109722,0.049941962844958984,0.054343580565777726,0.7017319781757008,0.06862834444233477,0.011338194301221141,0.07321141777847624,0.3044240433791876
SAMPLE_04014,0.966846981090697,0.26513514463089083,0.14921094330510792,0.7000981695853941,0.585891478234363,0.0036955713101224884,0.03614184383685239,0.6586172116587092
SAMPLE_04015,0.9995695092677122,0.057246384296637795,0.1183269192349619,0.12769499024952746,0.0754465398162527,0.014519909107555004,0.050164571801233515,0.11204359841612832
SAMPLE_04016,0.9701713314407181,0.19030071759409353,0.10567552428959132,0.6993885776364581,0.16858961972914085,0.0015366348478482047,0.08102945043352851,0.33526469096913186
SAMPLE_04017,0.9991314967146159,0.5422225181232629,0.16593351313916985,0.6969573934845609,0.20350166985698354,0.04642872271043228,0.09532335899745996,0.3236018369935527
SAMPLE_04018,0.999460259731048,0.688172568331781,0.03843207689042098,0.7207069622380669,0.24542890082874008,0.05611183997692458,0.03390159084209319,0.3029960995945318
SAMPLE_04019,1.0,0.8700947161480365,0.8469496309257847,0.9981001914032908,0.6884161744605946,1.0,0.9985982579960657,0.7672639021571328
SAMPLE_04020,0.9990850927118291,0.16228432727746028,0.16353739209197352,0.6894833832927232,0.3103287696004188,0.008879808653419096,0.04985129495452779,0.4103120305121257
SAMPLE_04021,0.3790604910877247,0.14850452902155695,0.1729827953528989,0.9861980728524948,0.5083305119097129,0.0004573419618505598,0.722355394475466,0.8073120992686078
SAMPLE_04022,0.14044563995714845,0.1347805735158568,0.1454780540863039,0.5195485094956935,0.4255148533577837,0.0017372411235715354,0.7291012381232476,0.5008879608693939
SAMPLE_04023,0.9992801445516113,0.08761637527526012,0.052927768366617015,0.7000579757999873,0.07150910782573228,0.010137076217027332,0.022742433937849124,0.3177836438402817
SAMPLE_04024,0.999425523105377,0.1270345507541504,0.12962622647493355,0.6945154890691211,0.11501402671076137,0.01874659794827607,0.07950401252753425,0.2829192108031708
SAMPLE_04025,0.8886244600664964,0.15768400157536466,0.14068700611353233,0.021970281084625606,0.30549677648979334,0.0017141298962296766,0.016626817693145213,0.5292163296686571
SAMPLE_04026,0.9993814854590519,0.3265836505806655,0.21599566372217982,0.1193205222837667,0.3203430355949042,0.016378669524616477,0.16064944715970755,0.22212472647477774
SAMPLE_04027,0.9992036959371036,0.026706379871785174,0.04530990385245892,0.015297332001202115,0.04518673160967705,0.0063374688532057055,0.029988398588187935,0.043830255035149805
SAMPLE_04028,0.9995240815980555,0.09121792450951714,0.039939179057307185,0.023767489255109946,0.08098403130909071,0.0073450742428265445,0.03112357042179864,0.10093821153297719
SAMPLE_04029,0.9994536585462896,0.02359066145397673,0.024694772973703247,0.014069206842139834,0.030692654677984633,0.006510756957834701,0.01637698063686287,0.024518643348450764
SAMPLE_04030,0.9994315683563118,0.5457408972745741,0.5807632323092509,0.49835926070734143,0.6342896490967064,0.18543798114378873,0.21447730277346097,0.6537396541325877
SAMPLE_04031,0.9734344349061412,0.7723310442969304,0.3711690036879346,0.6999714626584261,0.8272673896598396,0.007014800950283133,0.12569288352371538,0.9762987793570032
SAMPLE_04032,0.9994802375183203,0.3496525698438693,0.05569470444628997,0.1107549629247801,0.184741737015244,0.013962218484344554,0.014136711181712886,0.11915941660104194
SAMPLE_04033,0.9677456204699136,0.8767023264907521,0.629952694213977,0.6996967768462355,0.8781560782884191,0.018673534157037288,0.21654874843993313,0.9509092352603596
SAMPLE_04034,0.780515771090932,0.14052142329386538,0.2583597785585799,0.7008354897794701,0.43104657439659033,0.0035200441810757915,0.039395353709495325,0.5798487973050758
SAMPLE_04035,0.9995037146543273,0.046756149978656125,0.0567827519203436,0.016516990020374798,0.04529074201294164,0.024635715493001205,0.03593310839929464,0.06838257163827777
SAMPLE_04036,0.9995448214369584,0.026996639691657866,0.04553936395106077,0.01213510199047996,0.0393423222262012,0.009052899217636485,0.026226432723500028,0.05862221068284464
SAMPLE_04037,0.9851072346399845,0.7092994347585619,0.3628606297439266,0.6999317721063277,0.6546464070626912,0.004276219892808127,0.12159549482203241,0.8869803064573358
SAMPLE_04038,1.0,0.9482989568144361,0.9275628576073259,0.9984410472181405,0.8482986507082391,1.0,0.9997099620760765,0.9056426077308775
SAMPLE_04039,0.6377956068771709,0.13382817613408204,0.15633610615834084,0.9852772273702848,0.41230801687657276,0.0005077888944814173,0.7206872408167101,0.626208516746515
SAMPLE_04040,1.0,0.8964432871442324,0.8787912650859234,0.9988632304727629,0.6429495865170898,1.0,0.9994421831489935,0.6986584682339769
SAMPLE_04041,0.9577903014253472,0.16653662047753082,0.17447681396089662,0.7005144649134367,0.4175053876075507,0.0012666380189280142,0.029750920649794083,0.6045649982806851
SAMPLE_04042,0.9991383375391667,0.05098485341253376,0.06613056859696582,0.017471586033025947,0.06284608592754919,0.008788223164978628,0.020307666065527034,0.059167225367205145
SAMPLE_04043,0.9395781243773776,0.2581501535994153,0.19736963250180506,0.6932566946771785,0.5057815907493117,0.002242864929214341,0.06700211351992902,0.5326815754681584
SAMPLE_04044,0.9995140905289503,0.04542085168265057,0.07248191426000297,0.18196551122462168,0.0791806263003105,0.007785717919578974,0.028711730439653558,0.13371363266770958
SAMPLE_04045,0.99889086040585,0.44839666109219584,0.33231785330294983,0.7061594662618522,0.457130241080392,0.010218052907215587,0.1289799595514177,0.3321181883414212
SAMPLE_04046,0.9995218442193394,0.028979350174666907,0.04305317483123766,0.021584978996810826,0.059117785281977295,0.01051654981878913,0.030272065082869035,0.03740162049875253
SAMPLE_04047,0.9989735397048036,0.016618281543203335,0.014920713900106658,0.009644461739161187,0.02753823466767162,0.0029179838139060405,0.011586626682583754,0.022870097571684157
SAMPLE_04048,0.9995133372808198,0.032664243881982254,0.04156693953767052,0.009953883643298219,0.04510990571144498,0.0067569143498819075,0.0163835341664706,0.026265220421423794
SAMPLE_04049,0.9994846337875833,0.1520739254518485,0.32539993768095543,0.6976729581164486,0.1183111636694958,0.05863852127954455,0.1062291388917938,0.26994558973323224
SAMPLE_04050,0.9995219978267038,0.027013011363173852,0.05030089714086594,0.014763418027252558,0.044128597544853314,0.006373415652418921,0.02427798756881585,0.05745572009514439
SAMPLE_04051,0.9721921437392604,0.5122058996647095,0.3388128706194601,0.6960806329548078,0.824868829450055,0.010427382541148274,0.1209119838297263,0.596993230144006
SAMPLE_04052,0.8526567874840949,0.07550184089529753,0.06742727603350307,0.9938937302988768,0.23899898029992428,0.0005237401364564002,0.7160282653437618,0.4856542276669531
SAMPLE_04053,0.9869941936414477,0.3930907490992291,0.24023150818620728,0.699717378650109,0.581956438412021,0.001046381132395798,0.05662705668238829,0.34884501598883055
SAMPLE_04054,0.9616775756192601,0.05951120204940005,0.05989048378544668,0.7000485061952213,0.09435124036150598,0.0015417141013492272,0.02267680082706891,0.3056970104937413
SAMPLE_04055,0.9030274515102829,0.08454477985426365,0.07148074012844567,0.3152616687731521,0.13093072422233976,0.0007895639657687172,0.7082605110513183,0.19908151278690253
SAMPLE_04056,0.9352572324102355,0.5653759432691554,0.09189652822160559,0.6947039699722453,0.17460082769821555,0.007327370445732523,0.03375350193802898,0.39682625295394647
SAMPLE_04057,0.9332585934972951,0.3672035236825817,0.199577399287141,0.7001050596575754,0.7740273173504985,0.0034481563794795545,0.085743786503073,0.8579392810648915
SAMPLE_04058,0.9994788083259543,0.04015593502901585,0.04646690895061166,0.1915775975610427,0.12063254475529855,0.006553527418189403,0.022581212364614543,0.12141416390927204
SAMPLE_04059,0.5021660926398323,0.23024618036963265,0.2529331821286247,0.9892905422718483,0.6884517929547472,0.0005102373305065739,0.7263862582844959,0.8962953866248409
SAMPLE_04060,0.6578952598859744,0.3807721804924565,0.18022867386886532,0.693451036129162,0.3595278886062563,0.0020357795101506454,0.06036656592825817,0.4627346098143569
SAMPLE_04061,0.0772468019385656,0.40875929043685433,0.3092007008683493,0.7002084171689579,0.7407952060718781,0.009593039915111554,0.04623484709572579,0.45225946528579164
SAMPLE_04062,0.9991051709375067,0.27825553106434214,0.08847709621045803,0.7002208844738369,0.16524588272671142,0.01805653540311075,0.08164216935201188,0.3235709046424275
SAMPLE_04063,0.9993359872721175,0.206494986641378,0.07307898912039353,0.6998841824140317,0.14784280673537903,0.008799766432354032,0.025724439016440385,0.3057776358713988
SAMPLE_04064,0.9994129266221087,0.03537371196249027,0.0419977553416218,0.018819783916916945,0.09535363551243578,0.003829478443055749,0.044538790321103645,0.09812228647989694
SAMPLE_04065,0.5047235296074915,0.05282798691012287,0.041204839167845037,0.6032414714031417,0.030182855431946147,0.0003972703645589022,0.7045136218841764,0.15198510606617452
SAMPLE_04066,0.9995265779967002,0.026877109446850192,0.054781434591029625,0.02612019617103723,0.06864821876154167,0.014603334302382127,0.03205249460237897,0.06821150441566501
SAMPLE_04067,1.0,0.8215468075858285,0.8097043859924206,0.994592183834028,0.6901820747354206,1.0,0.9991698869493035,0.7357554506426212
SAMPLE_04068,0.9992544698737893,0.1003146819269719,0.048964890757161456,0.14743229683391568,0.17924348411415128,0.013677354733564004,0.02302949034804618,0.1770288397258901
SAMPLE_04069,0.6632806615163916,0.18518117564768996,0.19999920189364528,0.3163350293574872,0.5341414923808379,0.0005364983967150053,0.7219741466679165,0.6004473741217671
SAMPLE_04070,0.9994303721954982,0.019859643286219607,0.04723440170113096,0.014064417872858965,0.048104127410473284,0.004382249896762216,0.027251667704492766,0.04305153150842749
SAMPLE_04071,0.9995000782770512,0.25110149811336957,0.15488724161223802,0.14893346184691333,0.2631180506081533,0.03250847659742816,0.07324790503507037,0.36902955723649344
SAMPLE_04072,0.9991637721301887,0.08433152117418605,0.12498409728553234,0.02659243613286825,0.14799567389431686,0.034742169777804054,0.04395598697805293,0.11799848968663877
SAMPLE_04073,0.999519956384437,0.2395571739647779,0.02469145767770458,0.0285729951485173,0.15479742864007534,0.006669830343377452,0.015514309875621964,0.09965658149158371
SAMPLE_04074,0.9070299151486932,0.31980378755474925,0.2465154087844213,0.6851116857115348,0.2473356169813568,0.0035315763026848896,0.0642009840572733,0.4302609558582152
SAMPLE_04075,0.9995060005332239,0.03888671532661354,0.0820773522579621,0.03158443488313097,0.05095621526275602,0.022662001247745887,0.046858340066318456,0.06799857726234038
SAMPLE_04076,0.5686731218817842,0.4437114332274207,0.09822123529724988,0.6971245369196124,0.1763529158059336,0.01952648062373241,0.07547385324545212,0.3111658110048231
SAMPLE_04077,0.9990684732865223,0.3575644741421404,0.23222595639173166,0.7033290350184862,0.29516703853735543,0.1362290584103336,0.06757119590926487,0.4671673159571707
SAMPLE_04078,0.7692166788086584,0.11752325232598204,0.1018421921149108,0.312049294101858,0.2220419184454248,0.0005250516313814548,0.7061136117295015,0.16635729618867556
SAMPLE_04079,0.389886280613658,0.10844983748982237,0.10001434972822444,0.9823686499958189,0.21990543090045467,0.0024757015639655803,0.7524997637647742,0.33584997610296324
SAMPLE_04080,0.9451342402484296,0.2962554235567679,0.18303171884240277,0.6704345816225896,0.26466847947299643,0.0017950576282124407,0.03562807516269196,0.29943639811453787
SAMPLE_04081,1.0,0.9209741127700959,0.9200656693132321,0.9975242241648428,0.916248505193584,1.0,0.9993207972294897,0.9242455872404116
SAMPLE_04082,0.9994612566374477,0.21242734994868467,0.19512554440878607,0.702216957911654,0.2761001033721132,0.005716075445595342,0.10221293658022837,0.30421512596994654
SAMPLE_04083,0.9995593573092727,0.30286053467930885,0.025169933894182712,0.2815493136215759,0.10171340765431428,0.0036675784496108532,0.01867842429996318,0.09106128445944321
SAMPLE_04084,0.98459787288633,0.733387912671188,0.5585018326858072,0.6999191311926803,0.8007772105265193,0.0014062804561547392,0.1323292997310304,0.5974129891191673
SAMPLE_04085,1.0,0.8532465636665199,0.7996587119537805,0.9980086616492876,0.47563515478076,1.0,0.9989518846217607,0.6470939025597393
SAMPLE_04086,0.999506186899491,0.023493073074785542,0.030110510279897376,0.02010214060235835,0.05451975830384115,0.004464347477480631,0.017732350576322636,0.053406008161954684
SAMPLE_04087,0.9993798199285595,0.11802576299768648,0.29030287298508384,0.6969475737022163,0.23256420899053507,0.013375160703300831,0.07976387594904398,0.3322107554254177
SAMPLE_04088,0.9063454548011557,0.8721612984245595,0.38822533881236876,0.6991086554728253,0.8126656281894348,0.015748904777912832,0.07888426311769037,0.8576431480172888
SAMPLE_04089,0.9742761957337376,0.4836727000182044,0.21068344335065692,0.699667872127134,0.7601482358366211,0.007158659140338299,0.07197910562849057,0.5211916011278883
SAMPLE_04090,0.9985367078464873,0.4363075276713728,0.30436575610884087,0.706257473113434,0.36826423396122254,0.03581214097188662,0.050964284782439986,0.42591276037406145
SAMPLE_04091,0.7137468044228631,0.07314395380769417,0.07148430613454958,0.6164141722386942,0.3483969271271334,0.001385870661896088,0.7165978822291039,0.32055174658749336
SAMPLE_04092,0.9994177622041229,0.06819206950707832,0.0846121300038204,0.029208118410290695,0.17559796609690467,0.011990078748671074,0.033635138172121236,0.18420683144462593
SAMPLE_04093,0.8340700883491179,0.0514010169250812,0.043036488066531334,0.6883729887037691,0.16554025297479255,0.003824711365798052,0.028882795778581834,0.3112301291176256
SAMPLE_04094,0.9319081548448076,0.35400489537540686,0.14236313221552213,0.6993232900196183,0.45937095804689315,0.0011987939136303791,0.03614341623178489,0.32583040027448334
SAMPLE_04095,0.7284413536086825,0.20201357382740887,0.3042637633369127,0.31375305999451764,0.46260888922112253,0.0007702980851752245,0.7352666792790897,0.4880500983141789
SAMPLE_04096,0.9994660313321121,0.040358173896614086,0.056918621574608974,0.009026365840290543,0.0403084959010325,0.007293903852184815,0.028265822010726454,0.037568587232310435
SAMPLE_04097,0.93680326491337,0.15791896521440776,0.15133457474609902,0.6940432506902385,0.16526897995231538,0.0014649124152816626,0.035884495781860835,0.3241634744654512
SAMPLE_04098,0.9583321974095693,0.5159073745646532,0.5415658828653585,0.6904563494556526,0.6258773881968426,0.006756420619768014,0.11446473801378718,0.6991446911628441
SAMPLE_04099,0.9992579449779639,0.36120292702935886,0.11615028999824072,0.67847723761905,0.2651887135436962,0.04367336100316124,0.08809487838075239,0.2613155992598544
SAMPLE_04100,0.9995515257084496,0.4992875230721271,0.7304459100740288,0.7093586305295819,0.7903258307271904,0.07588022724251636,0.20028907771508375,0.9181396263687961
SAMPLE_04101,0.7516746341554303,0.1647655545744289,0.6854452873021462,0.9578288851771928,0.5635237078825907,0.0016758759166641249,0.8213289804781491,0.6496319821190486
SAMPLE_04102,0.9991879837952249,0.17144737027692514,0.08933475008947916,0.25150796114270874,0.14869383881709694,0.023490748832790027,0.022992294342531708,0.15907913876156266
SAMPLE_04103,0.5872445222258953,0.06075918472753786,0.05261574592297317,0.8150896516731714,0.1370257660097744,0.00043397134506522174,0.7092615752295302,0.18425649876758549
SAMPLE_04104,0.9646870410894246,0.38747020291654816,0.2509824977414505,0.6978973465777223,0.4964057506423193,0.0013453028386225187,0.10658421331281329,0.46539052676631654
SAMPLE_04105,0.9995159444188666,0.020410790001974214,0.030651545489496182,0.01385229431833769,0.03100709581288936,0.010404651202466024,0.01653815663748173,0.03627105621976943
SAMPLE_04106,0.9990250154623475,0.03745965618238695,0.04722387100772618,0.04318400366447686,0.13629097070934976,0.008595780657804118,0.015552626644263623,0.0994027751279755
SAMPLE_04107,0.9693693446463402,0.378545556679063,0.10975715962151786,0.6997632447548456,0.08733648504080264,0.0009226789950156084,0.05037745391257844,0.33475989419846663
SAMPLE_04108,0.5429197002686756,0.17187005001776612,0.15280611594294397,0.9950455232560935,0.5047822965828503,0.0005475713966165295,0.7165679394056801,0.7364806128407031
SAMPLE_04109,0.585126195073156,0.14295552484654672,0.16641682049561465,0.6037328580943793,0.5160715333497405,0.0039035103135149104,0.720406766796243,0.5929724469540487
SAMPLE_04110,0.9455188157292653,0.20729484164952316,0.21558133805705285,0.3115525629015893,0.5787843007359407,0.0005079512164030249,0.7366533081337906,0.500316563857593
SAMPLE_04111,0.6618231867603207,0.12968329998635622,0.16701660787563208,0.6808243361090928,0.3563314291406811,0.0025301155985327133,0.03155339947477785,0.5529420048563808
SAMPLE_04112,0.9993166440451773,0.019283957866574816,0.04246387073596995,0.010418075360960795,0.03423509021007594,0.009202845703882172,0.019189518668342957,0.041477960144426555
SAMPLE_04113,0.9993666023303623,0.4815987506492281,0.2208982420401342,0.7003476476108345,0.19629698457712555,0.021293960779224838,0.07373991972342457,0.2962764277386172
SAMPLE_04114,0.9994667580000698,0.025470441533371538,0.026634328541726014,0.013451940456287483,0.030389944693382697,0.0036550221756439516,0.024985975483372416,0.04404366878314078
SAMPLE_04115,0.8766846628396912,0.1593079240068362,0.1556852713306822,0.014355847499655546,0.252212309178008,0.001548027311260024,0.03244589622298998,0.3126556860513271
SAMPLE_04116,0.9993869659291859,0.35608674966014453,0.22198464176664445,0.7008973110623606,0.5225793854001326,0.01814745154474476,0.08603395033886539,0.5899739713649603
SAMPLE_04117,0.9992492314757749,0.03149511544563154,0.03149939354771209,0.012133440641494058,0.03969050579824791,0.0026592208262060713,0.016677728492834998,0.056747888857902065
SAMPLE_04118,0.9992541326698203,0.5414595804252614,0.023784715867163568,0.7044763792999676,0.22746802226721036,0.026155936491570272,0.036946596238975296,0.293956154983063
SAMPLE_04119,0.999353731372557,0.24207335178530262,0.02899392680787172,0.0346836468054113,0.08997553675204324,0.004329698516631242,0.01358008637885859,0.0918224451192293
SAMPLE_04120,0.9939643005331231,0.4613517630969917,0.07678244757135105,0.2600424391173788,0.17709553012440357,0.00829521298550408,0.024908770172403172,0.16444019273937874
SAMPLE_04121,0.9993342221036797,0.23701823185014412,0.27825876065722027,0.4839062145577215,0.35019978983283134,0.034713464909274266,0.07258059498397094,0.18169244284474537
SAMPLE_04122,0.945831188500974,0.18803023567804755,0.22057979562311225,0.6956487719075893,0.23548258412482703,0.0020258939524390044,0.056992025403687974,0.431173208805633
SAMPLE_04123,0.9994727080434125,0.13276297192075454,0.2884579914797063,0.4609037135730544,0.3757046620542732,0.029768309236773215,0.05584450991847857,0.2252077479928032
SAMPLE_04124,0.9992277492683865,0.018871492583438315,0.027243607931796768,0.01280799548239678,0.03928778629442578,0.0062781117704582175,0.014656608564237528,0.04142147787948602
SAMPLE_04125,0.9572340333612981,0.2519857613393938,0.1450116233409901,0.7003426505912437,0.4481285221410158,0.009362620029899465,0.09559491317896524,0.405304523397079
SAMPLE_04126,0.9995363845265295,0.2607963127532134,0.016481103562915853,0.05792042144102817,0.10930832002708477,0.004344063154261123,0.0153124183877096,0.0717166900757404
SAMPLE_04127,0.9994464291884011,0.09691476144609609,0.11460274962272804,0.011414091838228028,0.0666323881875111,0.0066744602135387285,0.032560463116723656,0.10118659659740431
SAMPLE_04128,0.940290861207491,0.8540585986103779,0.6558836161841679,0.7002180433208034,0.9096932884812878,0.023465192241406727,0.10599257379104367,0.8224570433535547
SAMPLE_04129,0.9995406338857726,0.04985705722835981,0.08123590709851705,0.023491029768095507,0.2831940364043907,0.010654608034830048,0.05007790596799317,0.10373610398003905
SAMPLE_04130,0.9993520682253992,0.329376400477748,0.10618126613823878,0.3988948726324445,0.10585159895246145,0.0752707158899533,0.05503203741293647,0.16940944457347099
SAMPLE_04131,0.9538189330672473,0.2992931486649178,0.1664757705133391,0.7006494376901534,0.42070686054634265,0.00369298070345053,0.0629853119972982,0.34674154053018785
SAMPLE_04132,0.9591347577939414,0.23505116994298145,0.17754850714999482,0.69887060554947,0.4244930704076956,0.0026296065734919974,0.04162216306429291,0.5196289638140407
SAMPLE_04133,0.25111826389505715,0.0373497057217391,0.02925733798730018,0.9952110127191389,0.03933693625162312,0.0004569163541483511,0.7042793469886046,0.2909451359573055
SAMPLE_04134,0.9995380148142674,0.23257185872050146,0.01773399719597694,0.021219061081325485,0.07050098270612114,0.00896333503550654,0.01746680674623914,0.040163683039103004
SAMPLE_04135,0.9995748916548204,0.04964829890380963,0.10443465542496486,0.10831606684056587,0.09908474706694745,0.008856633166454625,0.03503368475586741,0.07825027419748672
SAMPLE_04136,0.7441080263335594,0.10521850949547179,0.1721431731175667,0.8772575123416511,0.44770873168917674,0.0010580560001031102,0.7384067043556294,0.6168675177085493
SAMPLE_04137,0.7823845637450654,0.17655399880103298,0.18891510962591637,0.07438043655588973,0.2601728203417112,0.0010875248833998718,0.06047072822566628,0.2111886011177566
SAMPLE_04138,1.0,0.8515764593834896,0.8574417285742599,0.9989653354451518,0.6271004977781495,1.0,0.9995776755419183,0.68837922043314
SAMPLE_04139,0.9994554839672534,0.02785499992336444,0.02368026062515467,0.09219549978305132,0.12038065958065192,0.015888769203584882,0.03400813772800013,0.11422451274036453
SAMPLE_04140,0.9621867322332085,0.08419772710146625,0.10639867547486909,0.6992264249046217,0.26041499917299027,0.001235593840357581,0.046877719417985284,0.33226656618868616
SAMPLE_04141,0.9991202463636297,0.043138515560567546,0.04440974134559516,0.0545510988930923,0.059313222208845856,0.005736386223930234,0.023186295628457778,0.09891302201393466
SAMPLE_04142,0.9992189247753209,0.3016200878010077,0.03670645075169187,0.7047811471151953,0.11011081480102591,0.004130219019144114,0.027052411384750712,0.29565720751904984
SAMPLE_04143,0.999511923129758,0.11805340063018432,0.06487386715490961,0.27308027901700854,0.14214310770403946,0.034314954907176703,0.036359765619352655,0.15013198567249886
SAMPLE_04144,0.9994613875927554,0.014250975130708799,0.019010778074348558,0.02290201384828571,0.032201790592806166,0.007001608531308971,0.015724645427402706,0.05148480032132195
SAMPLE_04145,0.9995149640772057,0.048626250949083544,0.07198031617850491,0.05678415481233329,0.125582242819471,0.01584493438192986,0.05634145565916519,0.0738903544367364
SAMPLE_04146,0.9995502143274271,0.4276957642395623,0.22747514573362748,0.5372794547946551,0.23339141084705572,0.009464361320548616,0.12020260003960774,0.2521285166850904
SAMPLE_04147,0.36181311363050483,0.04580685807770515,0.04411628058895083,0.30351473741839324,0.036566500338005944,0.0005225846297272245,0.7056636317879841,0.029203447491367777
SAMPLE_04148,0.9994864393434498,0.08474709615642037,0.10251450836275425,0.03413691740991799,0.10957378195385954,0.02402281485930194,0.08354272301781766,0.10084588213137878
SAMPLE_04149,0.8866596669552851,0.17867370586081943,0.06445440716093224,0.6962846207688405,0.09509191730506616,0.0011972493536754653,0.020808283447362564,0.32373315361084937
SAMPLE_04150,0.376151993272882,0.1491575181055998,0.16709126802398722,0.30892585389827604,0.3708349242377369,0.00047579645946751575,0.7210598709127508,0.47640184929166296
SAMPLE_04151,0.9995605797640629,0.2017915795164114,0.03737293848629136,0.021535853511113617,0.1049313863745071,0.006112588607227803,0.015590788345017382,0.07892683023913141
SAMPLE_04152,0.5462516721252085,0.07414192880747594,0.09196565235231102,0.631034209892959,0.12794691590075166,0.0010095828065865239,0.7254705791422728,0.21532350444402015
SAMPLE_04153,0.5786015199662591,0.07875026003670559,0.10346076917880026,0.33505946059798236,0.0313301903291294,0.0010324789983258,0.7205992868826399,0.075416897915154
SAMPLE_04154,0.9994278421227274,0.03719459911285221,0.05923852350849967,0.0165159264828637,0.08170987080349498,0.0061791435574768015,0.055701635355477036,0.09944980958710124
SAMPLE_04155,0.9469489881738355,0.38875069168182796,0.11714896378503482,0.6998542010096707,0.46088398984878687,0.0009891361187169309,0.033353243959924006,0.41227353206812134
SAMPLE_04156,0.9990824596705534,0.0334800551364389,0.04907162741011706,0.26802272323893883,0.05177660779359133,0.007075111722805251,0.03385580810640389,0.15363625566004183
SAMPLE_04157,0.7480673949874997,0.06050159671520299,0.054463969771736835,0.4217135867755762,0.04978010276850418,0.0006122381256422871,0.7112407446310459,0.10130349816483022
SAMPLE_04158,0.9502502082737396,0.48921008739861166,0.16994801093369008,0.6987730994097279,0.5057579481173385,0.0009723518365691086,0.028866040484092127,0.5760389367496543
SAMPLE_04159,0.7235804670749284,0.20959542775778264,0.3546199454075297,0.9973195973139091,0.6123958318664702,0.0007849673622441142,0.7717535928245145,0.8757333365284168
SAMPLE_04160,0.999499243948264,0.039712345154291666,0.03829185844372465,0.023705156425858177,0.12371294579391295,0.006685103831635432,0.016699942997213602,0.06687630504273942
SAMPLE_04161,0.9704558123748626,0.3086535892156974,0.16099929433878574,0.6940886206787089,0.46037709962640777,0.0017100925259381013,0.059883355524330995,0.3779393785522356
SAMPLE_04162,0.7038141102801213,0.07238293291598312,0.06435861065430735,0.6827455400621614,0.23674545846027192,0.0016485378053667842,0.018692305329927675,0.3667482237336115
SAMPLE_04163,0.9988417091638133,0.8101623203366676,0.422638704740918,0.7461719865625118,0.6179714544532054,0.06425941340285762,0.11749573331885203,0.6709312740931926
SAMPLE_04164,0.23827757034958416,0.059191579419286315,0.05920634315062395,0.30884176712378963,0.11946854534885738,0.0005529859433786548,0.7070132175840044,0.09780659768231817
SAMPLE_04165,0.9779882884645283,0.37895087734947436,0.34611397138701727,0.7005016747932412,0.4934390621097717,0.0024165140661394067,0.06096572550243814,0.6678991540399175
SAMPLE_04166,0.8979236531299313,0.1624495400579835,0.14440289183180982,0.1097226844665728,0.45197023338062253,0.0032476775206785585,0.031240877180245895,0.46218687951130355
SAMPLE_04167,0.9385571721544597,0.15137904595840884,0.16596657609400856,0.6951709618657284,0.30942823778269946,0.0032984371814257386,0.07290082685237324,0.3033560251072569
SAMPLE_04168,0.9059697673813032,0.25907263189337665,0.5938693722157371,0.693693815152261,0.6536411336971609,0.0013922999454172129,0.13312231230698165,0.6863410252800421
SAMPLE_04169,0.9995087046168114,0.06228731280987137,0.06636791509431703,0.40395799278703776,0.07547011201718504,0.03654277854984762,0.03224779815309254,0.1823578101383963
SAMPLE_04170,0.8868940991072713,0.16269181422240303,0.17769728649287556,0.3252820868663741,0.3457788426360992,0.000506089164669069,0.7218664716373121,0.4373518679308772
SAMPLE_04171,0.9993631132153417,0.07508394306958915,0.08190270152886558,0.6746135314123742,0.20374149824370413,0.014139510546868203,0.028647495771735906,0.2787630103128289
SAMPLE_04172,0.9992119765737513,0.21703231390471864,0.15394586263732535,0.04000450742402942,0.10693379508375991,0.02626040185681911,0.04448816737125616,0.1057053560088763
SAMPLE_04173,0.9994242480076487,0.26878524352203015,0.43935529815195495,0.4961322878462414,0.5875962553277028,0.34905574702941394,0.2924844828718799,0.5691508808031411
SAMPLE_04174,0.5877239802821015,0.08039048403369665,0.062299602123301934,0.31576773571205,0.2785757879775563,0.0006571704803782951,0.7079524197942828,0.2845502651864411
SAMPLE_04175,0.7521575202174341,0.35046475609297323,0.1479976901472963,0.6998379896375634,0.12519277032190465,0.0010281511572254763,0.024619017573691816,0.33729986181673854
SAMPLE_04176,0.9995015481800352,0.11377240580519048,0.28333284600400255,0.18115864969419365,0.25163829810068844,0.032333991678630436,0.08292876066960636,0.22221478854536264
SAMPLE_04177,0.6308039464619839,0.32599416928771463,0.0607604903558068,0.700033592073573,0.07153943299209538,0.0009702705005385197,0.01866036239639494,0.43849092463053785
SAMPLE_04178,0.9989696843352427,0.4595650458999899,0.18433738186962811,0.7030922375969956,0.49505970258509546,0.13062026910390168,0.06919431871187949,0.5107065183993261
SAMPLE_04179,0.9990569517971586,0.6987027905244128,0.04344410434575969,0.6999677666528663,0.22407409158212993,0.013290484087518064,0.026535057315082673,0.29852137581079624
SAMPLE_04180,1.0,0.8729849718222482,0.8128342065028613,0.9988537424424941,0.3579692966747699,1.0,0.9995722957720752,0.4739947961018899
SAMPLE_04181,0.9448356535044113,0.06421202559829803,0.08184649393094498,0.6817922529487522,0.1257932478712677,0.0017707784889985938,0.03073780830336894,0.2546138304256386
SAMPLE_04182,0.9994736011626475,0.026192017839367726,0.027500845584245443,0.041683746292842896,0.043671284210668015,0.02709043622976585,0.026581562315219128,0.08567492852145828
SAMPLE_04183,0.810061931012995,0.15154038117587557,0.1431132714451364,0.31424411207614833,0.2767140911746,0.0005045871697648587,0.7059530261301289,0.245860078764892
SAMPLE_04184,0.9994234389398793,0.02080479422851425,0.07495797885265579,0.012113681523573113,0.035477737750144726,0.009200333035324974,0.030575978222765345,0.07636849971964886
SAMPLE_04185,0.9995143742784064,0.027730625629874828,0.04175808361105325,0.016042671608641274,0.046456394173581786,0.018837803548183724,0.028722511620996094,0.06337925179412747
SAMPLE_04186,0.12039676473752431,0.10801778149783355,0.1067328917628762,0.31460494557245594,0.32041794038736887,0.0006156552969874531,0.7256740633325869,0.36071742267801604
SAMPLE_04187,0.737209620653742,0.2137920474523038,0.10055613361521283,0.6999744218687789,0.09683458052734441,0.001095437983080379,0.058173236050497304,0.325005645874483
SAMPLE_04188,0.9540933893710457,0.6055960169525706,0.185775389659819,0.6998342322867521,0.407080173044539,0.001236941467743701,0.054319565531493696,0.5364478147286411
SAMPLE_04189,0.9567881819237612,0.3164196496187938,0.10179587242030827,0.6986678339718163,0.174018141719244,0.0026750671288594233,0.08098476838192203,0.3194276626509727
SAMPLE_04190,0.9994277202812408,0.05946810864719537,0.10391633183853663,0.017834698539609905,0.06243233455875345,0.017869160339350487,0.08013187060013756,0.09808518966410384
SAMPLE_04191,0.9992658127406175,0.041678598320333465,0.06787582491162829,0.30120971525882045,0.15427467330712932,0.02515803907820137,0.03148652815889132,0.14637461686790906
SAMPLE_04192,0.9992576106582356,0.04660767911180359,0.07013387708572816,0.016716550906969135,0.04545975904134273,0.00903057461293411,0.039280062570730453,0.113846800773565
SAMPLE_04193,0.9496475703327888,0.19717081466638295,0.20378585101116442,0.29558845933911887,0.604973586596591,0.0029272733270139396,0.05200496266740856,0.4901722114542876
SAMPLE_04194,0.5778377569279597,0.05382733419170911,0.052701903308873324,0.01501320041095015,0.03554045062453352,0.0012304709946155685,0.01363165009965486,0.06304691861526208
SAMPLE_04195,0.999423369405396,0.04947737368808955,0.14011723543401908,0.4862410615781887,0.11774608892394842,0.0042025128048822635,0.04964107555768451,0.21298750102518121
SAMPLE_04196,0.993545580449622,0.10562957893548261,0.130198045246237,0.7075462851732165,0.09142039079644228,0.007825668716857262,0.06213472770835108,0.2906353952784624
SAMPLE_04197,0.999545327329278,0.035477248413518514,0.039218867639805303,0.010557667979807586,0.05175449538529023,0.046581081263208014,0.02203274236876131,0.06628591036406847
SAMPLE_04198,0.9994543940211138,0.08182527311660324,0.06717040443190422,0.23120165385272617,0.10207714858315803,0.025371505049430438,0.02927667568407065,0.13001487369114675
SAMPLE_04199,0.9994703868533779,0.0922815239918596,0.13639733218012873,0.11413381870653033,0.20940082581646424,0.011925711501645779,0.06501856113418354,0.20377137322169847
SAMPLE_04200,0.21707756337923814,0.16837240601234355,0.18118401151995178,0.3145070372154918,0.34937267386753473,0.0006647714692331249,0.7713297213498145,0.41301198164167396
SAMPLE_04201,0.9990512632325332,0.015793257218760737,0.01415454855297001,0.008889684753815496,0.020778280969207055,0.0030236477673995163,0.009375388060534933,0.02024638307739919
SAMPLE_04202,0.998866215861723,0.14607593453659362,0.19913487890220785,0.06420093166817757,0.25992717368772983,0.0743492191796238,0.09766010159116749,0.11448482781201266
SAMPLE_04203,0.9993367671979794,0.11240473294719416,0.11384945939793102,0.26340433347633496,0.10375417955129619,0.011141579747369226,0.04355880071836784,0.12874668058394248
SAMPLE_04204,0.9995556507191153,0.06516523083242785,0.07886791025018634,0.022830957461066906,0.07277447458613091,0.017065753502942215,0.03539962859970955,0.09996341904507802
SAMPLE_04205,0.999431110751611,0.08680303297429875,0.11873866070265646,0.18816913403681973,0.27864167177843735,0.008445701023125956,0.06663341860041004,0.17667756348416291
SAMPLE_04206,0.9979018418294666,0.5943562114243366,0.14375652008479567,0.7009296646015205,0.12614244718536474,0.0041448510315906855,0.042906664014460395,0.2751644646275151
SAMPLE_04207,0.9119593199367735,0.14926548870707654,0.2457145195916104,0.523147340242273,0.5634400001827771,0.0005122973062611539,0.7523487654154712,0.4966612852567789
SAMPLE_04208,0.8966408548365905,0.21188791322283052,0.1012274747589439,0.188771941085372,0.07597584310869063,0.0016131598033477317,0.023519100468193596,0.11186993837803466
SAMPLE_04209,0.9995130646553951,0.05854699676819991,0.049832423171377614,0.344163121414887,0.12257840545896974,0.009942706401325465,0.028332481014716575,0.17590076341364103
SAMPLE_04210,0.5910693564029003,0.06599960918130644,0.03949072637918813,0.7002942727941598,0.09586400656231828,0.00228754671148379,0.07658186434067579,0.3167573165676217
SAMPLE_04211,0.999552057853192,0.04904309978213374,0.08468651536129575,0.008836650671402385,0.14534193761000824,0.005626113406376368,0.020424527756438503,0.04209716863013666
SAMPLE_04212,0.998718828964036,0.6197616792399826,0.20303585533879703,0.7056993379983963,0.20459495094975427,0.009670479607102347,0.04485471921259895,0.31700475366742265
SAMPLE_04213,0.9995749815900545,0.047450035804360344,0.0584890320315875,0.011378101038602307,0.0648095874915038,0.0155565726552324,0.02855365273275174,0.07748083650933921
SAMPLE_04214,0.8147889788977892,0.16719450597187974,0.1708358772684828,0.434872400644473,0.3632377115423778,0.0027242702373188464,0.7226468458882014,0.4224775995837622
SAMPLE_04215,0.99886298946174,0.39734109094671066,0.16162620450651505,0.7359637137267976,0.24534797745195824,0.08987079059305592,0.0943859106248891,0.31764152448828215
SAMPLE_04216,0.9993238413036528,0.07870002150017602,0.15402825428561778,0.1739560382487419,0.17834335316958885,0.03546929636989178,0.060038153412593345,0.1340873552807581
SAMPLE_04217,0.3494142236121156,0.10322248613464712,0.29049502147052353,0.3134885192927594,0.33568966765798425,0.000810549216183955,0.8380464309109535,0.2968154193238869
SAMPLE_04218,0.9980615899206415,0.21234189606104348,0.11967333363180445,0.7011252166566834,0.12055962222562963,0.004437659616051232,0.08396426918686971,0.3061523718364153
SAMPLE_04219,0.0964035059295402,0.022219243492624857,0.022450748383796605,0.9906444732345348,0.03056246811449538,0.0006918710023605177,0.7063859823733535,0.287460445485816
SAMPLE_04220,0.9992397214317847,0.09501151126729794,0.18834804630508312,0.16238562745268195,0.3531802661993828,0.0070746168419989494,0.13102751957302305,0.34049728033488963
SAMPLE_04221,0.12242380761635602,0.05911928773482392,0.05334758602814275,0.3118215912045202,0.16538166184040717,0.0005551786924592593,0.7070334124308968,0.07658353173884538
SAMPLE_04222,0.9993779289323554,0.23128003243623776,0.07981646214970131,0.7302218953458998,0.15878208400204002,0.14396660419457913,0.07428857016763946,0.28998742233086705
SAMPLE_04223,0.8483968447401111,0.09979114578732068,0.13012033984768884,0.6994558008959935,0.24226539956465304,0.0037811102776217588,0.024189521753484093,0.43894814578654723
SAMPLE_04224,0.9979669546922247,0.18464255009708744,0.083629340592521,0.5255187034055296,0.14173018389306016,0.013831267669744417,0.034865775366164246,0.254124721215834
SAMPLE_04225,0.9995481593628286,0.041463616638423066,0.05887147634480233,0.01661665731290401,0.05455175791551548,0.008252762293159369,0.021871020620773302,0.05670805728106876
SAMPLE_04226,0.9992432262551846,0.030917749115073254,0.028520303267059677,0.008176106262335265,0.0416384564486144,0.004669191165949904,0.023430666798060787,0.033305537669865576
SAMPLE_04227,0.9994738621410174,0.021905024226742502,0.05192122746026101,0.03413662661341454,0.0583181567965403,0.0060546332635528395,0.022360094434011425,0.06392946506117292
SAMPLE_04228,0.818866203424515,0.03124515453759056,0.031011665807054115,0.4389747989004542,0.05314331354731843,0.0007092786885886913,0.705835354671215,0.07496685912177153
SAMPLE_04229,0.9994053434199571,0.06459505203351104,0.06893442644533944,0.5675834208645133,0.08057068598433771,0.01979122290312242,0.02699948400383704,0.20384074660785606
SAMPLE_04230,0.8498318501022841,0.3035914794999861,0.28385985677758163,0.6877737936334299,0.3711004412703325,0.0021045173389186464,0.10501748041215661,0.4263516804311579
SAMPLE_04231,0.5940357784225456,0.11305911673190368,0.12033478713302134,0.009350070264291886,0.1966432060791926,0.0010910185428081537,0.01804050803467897,0.2439658577495137
SAMPLE_04232,0.8619453284725102,0.10612200330093488,0.1459632343210481,0.6996482647739811,0.38885568270606397,0.00402374519214769,0.042743860416857266,0.49381272538520815
SAMPLE_04233,0.9994987425694151,0.053132942385714296,0.042625464003777216,0.04048867566372175,0.07209491283951551,0.031935648205299455,0.03239523235933406,0.10098430322198566
SAMPLE_04234,0.9994023694602481,0.2869989018384078,0.15732680003972793,0.6895456266299307,0.31757765893321843,0.016031096799398206,0.05030234500274788,0.4776320721203896
SAMPLE_04235,0.9995792257399425,0.4210718573728958,0.043562742806226566,0.40075524835189347,0.19018153458959464,0.007109611483961805,0.019101464450634643,0.13715283080502827
SAMPLE_04236,0.10391479434254476,0.05215418515385966,0.051312903141060684,0.3115669241497728,0.13577031092882424,0.000653070661301077,0.7077450868079993,0.0736516089802697
SAMPLE_04237,0.9989762927917575,0.029043740565635315,0.01846439485169308,0.011987034994638152,0.04138014831458876,0.006210695117833299,0.015419244230938527,0.029511570088891263
SAMPLE_04238,0.49606161630436657,0.16249298442803847,0.19723654907409024,0.980347410692181,0.26034716508049255,0.0077958128680449944,0.7281987255854563,0.2847023177363758
SAMPLE_04239,0.9994541015788658,0.6032521968689801,0.7895212082018707,0.6770747733112134,0.8348298264168301,0.15884459446632107,0.239667811132266,0.909414082863217
SAMPLE_04240,0.07246392740935355,0.08786886746924691,0.27768268196021795,0.3647873389261497,0.4726074542881137,0.0006736981582278727,0.745235191313858,0.4351239164122238
SAMPLE_04241,0.9991463216442396,0.041654662867741596,0.06632816453473873,0.010481632712354028,0.05770490150200749,0.00435044613786375,0.03778522787031319,0.04768151450086733
SAMPLE_04242,0.6888063126290858,0.282733056805035,0.18863873683382928,0.6995571737020717,0.38495774320277615,0.0014607125009687947,0.11122336284476092,0.5271567009661794
SAMPLE_04243,0.9983652241832959,0.22896982491869727,0.41903284894068554,0.7133206727348529,0.5235516667862872,0.029768830039438674,0.04794460980471636,0.47837890405433164
SAMPLE_04244,0.999524154111872,0.08317715938417207,0.1025237143411128,0.008741014797172028,0.07457206803371234,0.00532427672073487,0.029410880469244328,0.0857337128559722
SAMPLE_04245,0.9994575475400066,0.009642542779014803,0.020699074074543928,0.016971235266845245,0.022102790655944612,0.006756731974961052,0.01706830783159055,0.04581337252432251
SAMPLE_04246,0.4358919367312069,0.07044809725471944,0.08539607100775633,0.304982188461105,0.05160133708421172,0.0007067616889429347,0.704451931501529,0.035402176136198685
SAMPLE_04247,0.733307514043753,0.04325464476340812,0.0361908061790732,0.7002684764814687,0.06173776444468117,0.0017628755998515585,0.037223474107570195,0.30964961942036034
SAMPLE_04248,0.9476725426336341,0.13309641209504444,0.14329408734464885,0.6975398695054252,0.4125116064040326,0.030698445934007498,0.046309405461920215,0.5437764682023427
SAMPLE_04249,0.49373263069666007,0.11340461163025439,0.12418438424547254,0.007792058403183734,0.30757921928884674,0.001516683255411688,0.028519859220342853,0.3810297007851985
SAMPLE_04250,0.09979723609028794,0.03910405726513964,0.04599270984602956,0.30611217686171704,0.02640690353425614,0.0005058605954877246,0.7049692053062946,0.02992018504613613
SAMPLE_04251,0.8832366025492568,0.09611045199991942,0.08727541869346563,0.3237914238340397,0.18483940791949383,0.0005643809188174148,0.7048352952817838,0.18419754839439337
SAMPLE_04252,0.9986904278400373,0.05278241829762925,0.10537552495894162,0.010092584874713897,0.1012695809541928,0.007933479531115142,0.03629367386734992,0.08764112453174466
SAMPLE_04253,0.4086130679174575,0.060865333368032126,0.067270762951977,0.31608276347038705,0.1183713469129658,0.0008873264854798195,0.7130869413432785,0.11130396926972487
SAMPLE_04254,0.9994673052808103,0.18060889467262914,0.28044723562099494,0.3954841038153469,0.26739424581921617,0.20338323496324573,0.11976086218291775,0.15512446688897655
SAMPLE_04255,0.9105544622261765,0.12678146034809507,0.1408365820586026,0.6989231486928298,0.45081672758822483,0.0017395231509870776,0.021779401234682992,0.6910312776717205
SAMPLE_04256,0.9995492311464156,0.16204780396244794,0.12373224201153996,0.18628647052286273,0.3323394130084067,0.005893603441213052,0.06967026279679345,0.20372203793515167
SAMPLE_04257,0.9640058555576272,0.4469189503127085,0.08777064519255129,0.6952291117957073,0.24087686664801533,0.0011798800360638343,0.055001129838828045,0.46239790862953345
SAMPLE_04258,0.9992437895626908,0.3961103728280939,0.0516655399971503,0.6991127272488887,0.2994810887247992,0.043433162615101446,0.06460452119044052,0.28745842503142943
SAMPLE_04259,0.999203243694616,0.49194618740295926,0.14604349838700537,0.7040597369701145,0.18230758339445738,0.07073046168787668,0.09978031779885133,0.314488614323987
SAMPLE_04260,0.9993755154436554,0.01720959822842257,0.03175936177843813,0.017690570328988367,0.04163295652307127,0.00420206548109821,0.01955194643223399,0.05213876618394333
SAMPLE_04261,0.048513963030686676,0.038468720690041175,0.03698349626989602,0.3045144170964513,0.03295024440216437,0.0006783466719707287,0.7068814533672757,0.04470119590979833
SAMPLE_04262,0.999210879360684,0.1490511855947853,0.11222093088703802,0.0190258887428445,0.34832206357807727,0.006311134473478622,0.01910864150697717,0.1275125347243319
SAMPLE_04263,0.9995006170196497,0.0808114376558261,0.11470014563724594,0.017993425907597137,0.11907539393543196,0.057308650002342594,0.09458183540158838,0.11532379359853843
SAMPLE_04264,0.8298103663002845,0.14824987662171174,0.15243444868558903,0.6998504621552828,0.38458868605605817,0.0014747364465201708,0.02122606689817271,0.6993413540240417
SAMPLE_04265,0.9995547510212797,0.327901615501636,0.6451963744259107,0.42830738608647767,0.6196739945874321,0.026513567304187892,0.2116433388914707,0.6343078865740233
SAMPLE_04266,0.9993392948704154,0.2536185011829618,0.033101712733952064,0.6863657568519015,0.08369642845246912,0.012891452727989307,0.014336262718036018,0.30197591171224086
SAMPLE_04267,0.9669491552194611,0.12155918045688663,0.05292356132498142,0.7005063953845373,0.13436088582780706,0.0013476363511563006,0.019798129583034157,0.3063838495848594
SAMPLE_04268,0.8087915108582484,0.10215248208715313,0.14970954952226828,0.6911867057025768,0.3212489605733635,0.0018341720866029885,0.018998489854320812,0.4549456014668515
SAMPLE_04269,0.5755302799912709,0.08708206593726284,0.0911142596887705,0.010869504034620215,0.28507235007342024,0.002726496623252104,0.021983333710751497,0.23213995578659313
SAMPLE_04270,0.9994156229538103,0.03856441047938174,0.07793741932587081,0.02399607732042234,0.04489904115758959,0.009273000340337132,0.023035978802758903,0.03821842770668227
SAMPLE_04271,0.9749456047605431,0.365998920071022,0.17269685193524217,0.6990010089624985,0.7519705761725867,0.004080154553253026,0.0967374033641099,0.7418754693895706
SAMPLE_04272,0.9992513249546165,0.061981849126040954,0.08454988503466321,0.15089180457646562,0.1233591015529924,0.012428274600490069,0.04330508830089481,0.1136895155710765
SAMPLE_04273,1.0,0.7787900348300079,0.7621972720406024,0.9988176282828132,0.4027338079152518,1.0,0.9995241757144502,0.5422561636483996
SAMPLE_04274,0.9470799449656924,0.2912064306631305,0.12357036584046416,0.6986598205860635,0.30752670420031736,0.003303430342472919,0.051292338353737366,0.33542819282150527
SAMPLE_04275,0.999456284811367,0.03177558167456951,0.032098290736210615,0.008828060308509873,0.02873180761703442,0.010355296297371218,0.018617016719387685,0.023285209551051178
SAMPLE_04276,0.9995247697583395,0.04013536407909343,0.04068690576910207,0.016603382137811186,0.04858458863827371,0.019772833139252904,0.02999204432180902,0.07204863726325669
SAMPLE_04277,0.9993476202377829,0.4669351759794333,0.1720158531165896,0.702726626461172,0.5145883874766718,0.11777363089920048,0.12966738956918913,0.6978905112681689
SAMPLE_04278,0.911817030371775,0.09407865286217237,0.09968223764425349,0.41163609921340893,0.2295355104198796,0.0016493379191773665,0.015654861229043106,0.15423439189362284
SAMPLE_04279,0.07131777256689482,0.04981240297908086,0.05566559677481536,0.32737406395943536,0.048777682725755056,0.0009064086824000485,0.7116559898571568,0.06515311385849629
SAMPLE_04280,0.9994343408642363,0.20837846985379432,0.19417464388593597,0.15764077754206704,0.2701354481162873,0.07190824357589413,0.10172283868185161,0.4290083391039358
SAMPLE_04281,0.9994775441158785,0.17009027438474433,0.08022015564226705,0.37004705636558427,0.20524392876951814,0.01727814253411082,0.043033322941647224,0.12288364633048779
SAMPLE_04282,0.9431335279606771,0.31388929692769907,0.2110738542822614,0.6900548385717732,0.5002492038454268,0.002728898277012209,0.04434422744504211,0.6830103360353861
SAMPLE_04283,0.7215814893013229,0.27384043702725974,0.051470294828861764,0.996733424660248,0.09020139530401469,0.00041340009271291435,0.7039347179977443,0.30445977750590464
SAMPLE_04284,0.07890629672615385,0.04550991259051068,0.04089600909146906,0.9890447789316059,0.03926224258938288,0.000429506097699868,0.7049872598965703,0.3114202522537574
SAMPLE_04285,0.9995650955255648,0.46304382511077663,0.7601885238494543,0.6730629617389313,0.31800150615749323,0.0770709802466763,0.20377262763453138,0.4209830162026269
SAMPLE_04286,0.8367658660218495,0.1009844516681048,0.11823854779227615,0.6051283912816938,0.3380353995722879,0.0006012809215928654,0.7192945176072786,0.34878808628717317
SAMPLE_04287,0.9632812543410004,0.17061796323604977,0.2252942664819771,0.694805394105991,0.3124092647632583,0.002032278214735958,0.09654143804795734,0.5126337825744702
SAMPLE_04288,0.9994586324001709,0.043438942097318904,0.06938917539950817,0.02791910285537946,0.053652130005694576,0.007347812452436733,0.04604582351537088,0.08066660756020069
SAMPLE_04289,0.33605485301604326,0.037643436267762447,0.028676977853204635,0.9768794807932866,0.04181396098878616,0.0005423392987845599,0.7066334229433495,0.28810844112240613
SAMPLE_04290,0.846361906011335,0.13763030726099748,0.1309526553766902,0.32317509859479127,0.4351690102569822,0.0014876892192839386,0.7248427662732121,0.5382346525475163
SAMPLE_04291,0.9546005701716929,0.518091673806013,0.4238805705886073,0.6996062266649711,0.6146620667215289,0.001507182865897808,0.1732617216425346,0.6897530836825374
SAMPLE_04292,0.9535988330108931,0.10616496545187382,0.08078876173646055,0.6988028412490053,0.39635612310668483,0.0020081445551075276,0.022847816105684992,0.45589862423230787
SAMPLE_04293,0.9993138831423132,0.061458977771245954,0.056419731460241346,0.01273380276488999,0.1414291653078113,0.004271364515697402,0.02639259453226181,0.15624376362835984
SAMPLE_04294,0.9993472584836129,0.41107016346054626,0.05870317290113856,0.555390549945684,0.15347217083315426,0.008439821221048582,0.018215496348164904,0.1924604181485176
SAMPLE_04295,0.999222898552574,0.038493206439542065,0.05036338163329713,0.02549720771421198,0.06067788855503364,0.007254550304397273,0.026947614649612085,0.07092468441206448
SAMPLE_04296,0.9992894321348045,0.1274876432169307,0.2127158343348356,0.7145448677623937,0.23557745021465892,0.017636099578913638,0.09583218732366873,0.33298174067032255
SAMPLE_04297,0.08903909547787166,0.0440611866691583,0.08111776006362265,0.3072469394705001,0.14828095223681534,0.0005971221178464009,0.7249430969689079,0.12832189739278424
SAMPLE_04298,1.0,0.7878632919307751,0.7681060382995901,0.9988858406427018,0.4605873973864943,1.0,0.9993957794856203,0.4919304665141565
SAMPLE_04299,0.9995084790315132,0.04714995724187815,0.0649886070363434,0.018564136193560923,0.09673328191565594,0.006431926243923664,0.03909628797131493,0.07175915513045043
SAMPLE_04300,0.9991147998756438,0.04020573999951454,0.04327391307400469,0.6987672051498504,0.050443691817142894,0.008737380587074283,0.02279480215311791,0.2959622884724255
SAMPLE_04301,0.9991053662000735,0.27109178525014926,0.0737866380041678,0.7107448851832784,0.173109254875025,0.027988569839255364,0.05529205011300053,0.30410294231195595
SAMPLE_04302,0.99954435938911,0.17329378331798337,0.0375345211417657,0.024454211505152253,0.15766810576014278,0.01086650454304129,0.014459740886592418,0.0462982395509482
SAMPLE_04303,0.9995139384350954,0.04710917877584862,0.07352800360184153,0.19948207768607085,0.12069469560579095,0.02346848591312035,0.03537078592959513,0.09661251268230178
SAMPLE_04304,0.87618493293939,0.13402734350750292,0.12683081164161547,0.7001496202292204,0.2399123883336132,0.0017758792176415076,0.048602657613476014,0.4739725871422886
SAMPLE_04305,0.999495930930535,0.2039485144280583,0.08347568176190012,0.12474246758594223,0.17683968694564509,0.015079547365165666,0.058237291319803444,0.10380145638943311
SAMPLE_04306,0.5291130313220865,0.058277443635049865,0.05139047936585775,0.8551059168390263,0.10619684468199671,0.0007127168731325417,0.7090382768248772,0.27440427201838674
SAMPLE_04307,0.9994926861717285,0.04422187863994058,0.05857734488831823,0.021559103632753145,0.06632287005171522,0.11239327048818148,0.03720794239998732,0.05197805668896778
SAMPLE_04308,0.9053216981551898,0.09749595731613253,0.1185052797181142,0.6973129440375283,0.09425943924150151,0.0017836995191987239,0.021669360664312,0.32212054320332156
SAMPLE_04309,0.35475903824619814,0.029489237504226135,0.027897590955417634,0.31088269495657345,0.03358570482916243,0.000503146492859456,0.7051779257099711,0.024782732148969186
SAMPLE_04310,1.0,0.8168027854221065,0.816073044040269,0.9989273470415421,0.5626162220001854,1.0,0.9996818119108475,0.6430791736134864
SAMPLE_04311,0.9389400536086046,0.3872698237087062,0.21595157763346232,0.6997119932989087,0.4918334910125607,0.0012051137208200827,0.13415851052991498,0.5580583574526781
SAMPLE_04312,0.9995312178241711,0.35693640608956073,0.030017885278775143,0.19740179274008557,0.16252998722371864,0.006265009114520317,0.034422684011090283,0.16316459623313348
SAMPLE_04313,0.9995101192557929,0.02462661916032122,0.03534674425927225,0.010293977626124825,0.033203614203706835,0.005561501842351982,0.020856007272037735,0.027463377249934612
SAMPLE_04314,0.999379566973007,0.1367570463032367,0.2054605964273326,0.682238783059769,0.3411816450033503,0.010841732581635628,0.10864414091292994,0.3360403330738231
SAMPLE_04315,0.9294626056659289,0.22749626460016764,0.37615286881073884,0.4120498369091081,0.591659999097589,0.0006437346872208631,0.7838698791762746,0.6723019409373533
SAMPLE_04316,0.999406802352209,0.2012833956818239,0.04070581543148592,0.7002879071865434,0.10501903871071946,0.01322008099128977,0.04412358860976241,0.3183615780629627
SAMPLE_04317,0.9774900025557216,0.2105407088072736,0.17211922736032323,0.6996911511249257,0.5289584008061872,0.002426214996636437,0.04984329642947493,0.36850856448024366
SAMPLE_04318,0.9994720244409101,0.04383610491684073,0.03821628104058374,0.21395014319753022,0.16753306926491046,0.04848152052846939,0.032501578210440564,0.14054976721239415
SAMPLE_04319,0.8146121668696917,0.452487301350626,0.10817141545242545,0.6929420808186548,0.3451366052043122,0.001598773140685566,0.023526862099507984,0.5060160547304338
SAMPLE_04320,0.9994228757008241,0.09264763155928804,0.07552346961684216,0.6963283289769892,0.08959701446408425,0.009201990469062508,0.030744398756335785,0.29011977061927513
SAMPLE_04321,0.2972937366350351,0.16808396257162456,0.22586779411532448,0.30762712655960234,0.3022897896393671,0.0007444565615012359,0.7251403533770842,0.27338829337243026
SAMPLE_04322,0.9563317494743713,0.3547015592273559,0.23257702542815273,0.7001918002929249,0.558096480420988,0.001352617475579625,0.06320022155190727,0.5023354269681064
SAMPLE_04323,0.9990556771159819,0.11451390025498917,0.4118687126152497,0.0428973763380806,0.19908154271878553,0.009532901202042357,0.1233339360903085,0.22921684909744597
SAMPLE_04324,0.6465469860146016,0.24557563687543368,0.19971670140102737,0.7007497102592215,0.23484086356959794,0.0033565551103479896,0.11791015552766124,0.439507686189894
SAMPLE_04325,0.7152224754671455,0.2060731946518013,0.20534950054457254,0.3208461108914556,0.3667078244769091,0.0004990346777631324,0.7326540813173202,0.33251328603194624
SAMPLE_04326,0.7990852120177402,0.2476256563255265,0.24298933207212603,0.10986931649393461,0.5047046347921471,0.0013320593930157057,0.07732053369497426,0.4127001096609263
SAMPLE_04327,0.5656905387123835,0.1893768585623319,0.07341507907915809,0.4674111724360469,0.19142928327352293,0.0008953149652440281,0.7270455601920058,0.16329472923083138
SAMPLE_04328,0.8850163114746264,0.12865004591243262,0.14944574864569385,0.9636390573889198,0.3684413324404559,0.0004761170395258154,0.7085843340568174,0.513199657999139
SAMPLE_04329,0.9970083949665429,0.4604071630954978,0.4381291337570255,0.6052473775058279,0.28240096518358204,0.04305489397681689,0.07469602093754575,0.47337310769153
SAMPLE_04330,0.9992968177017192,0.31562381928914174,0.10272388361135472,0.6865867237790106,0.12399393720568957,0.020252565197207452,0.028981948550290182,0.24519012066701448
SAMPLE_04331,0.9993661310880513,0.19748591526581694,0.09018727077945583,0.4561958433931079,0.09304987627061206,0.043771397635187725,0.03509149100377894,0.14729084896304367
SAMPLE_04332,0.9860313372928327,0.4724352297562053,0.15169895822730753,0.6995559146295074,0.37216634868408405,0.0009633365301224218,0.09095290662464478,0.30143292428825647
SAMPLE_04333,0.08469484095476368,0.04388443532926091,0.039584201627160254,0.30984689952441324,0.032354493707381575,0.000705597327975613,0.7132478607104267,0.051714092741128884
SAMPLE_04334,0.9717688676969609,0.14524081799354946,0.14098022547400452,0.6985506356279206,0.4551561461157474,0.0016728810743878427,0.08357739437472617,0.48451944312474365
SAMPLE_04335,0.9994427424302158,0.033773589959242956,0.04253938268369006,0.011046541932160847,0.03371893104874184,0.008640079763663001,0.019947275429020438,0.040899472791709794
SAMPLE_04336,0.9284751485271827,0.11031532522311698,0.13222751104930006,0.6994713046893314,0.3619479483835518,0.0019602690444129925,0.05475625806204963,0.32791371718489065
SAMPLE_04337,1.0,0.8484088797379594,0.831203977644877,0.9980753519807224,0.7884240453284981,1.0,0.9994167328550352,0.8369817024855384
SAMPLE_04338,0.9995646793786522,0.32750651128125113,0.16746721732463873,0.40482715395152075,0.26204899643946117,0.004085810279080641,0.1036067497779667,0.18881779718417427
SAMPLE_04339,0.9633095451777731,0.6076986406603422,0.23464350408911533,0.6992919255564776,0.8130215299955836,0.004115902032821844,0.03380830596871973,0.4579357063216639
SAMPLE_04340,1.0,0.7950145154720718,0.769072897277269,0.9985583319851934,0.4619599144768942,1.0,0.9992567493755671,0.5627150758105872
SAMPLE_04341,0.9987998340082728,0.40684371401315444,0.18162730186121967,0.7093637166550076,0.27827610705297967,0.03385441293266508,0.06399460084613744,0.41335793159089385
SAMPLE_04342,0.9993089634831385,0.08548184992195516,0.06982016561025918,0.11187843770303345,0.11094782582211049,0.0032916945448488904,0.009907522736581284,0.07418247613570991
SAMPLE_04343,0.47210017520047665,0.208542988142175,0.4966006397361278,0.980680581067424,0.5251237412875781,0.0007394234838880905,0.7790528603709629,0.788749860084263
SAMPLE_04344,0.8352023659128772,0.1844593207564648,0.21013592266936032,0.01751685865353464,0.4816330798080313,0.001813225588417221,0.10520318045955922,0.43847888859616924
SAMPLE_04345,0.14813239240714354,0.05096082432680927,0.07321247756691485,0.3022373912639243,0.039222861039890485,0.0006119553717754486,0.7064996798348934,0.03432072033357618
SAMPLE_04346,0.987538184806432,0.2291688077119075,0.23336696365307208,0.1270548909883014,0.22261178232443896,0.054404844812905584,0.2269450046077945,0.36551431588126493
SAMPLE_04347,0.9993173491734471,0.3595793757255038,0.12675802457515525,0.7231145512404847,0.17750785273216457,0.07457250927618324,0.08324248636031253,0.33201376416311834
SAMPLE_04348,0.7871320644915187,0.4554080311093006,0.32893002347122846,0.6978713192497907,0.41738947025883233,0.00519060703154975,0.09780827037945998,0.6811606843663458
SAMPLE_04349,0.9514710005276477,0.23356487674563087,0.2698806982479807,0.6965969083258656,0.3585275743034766,0.0016394484643831213,0.05683638993424727,0.3391233292515342
SAMPLE_04350,0.8378311896230872,0.08882926514025256,0.11474259148313107,0.32296955535453137,0.3404877356009085,0.0005804245688572125,0.721143358721375,0.3078331953612288
SAMPLE_04351,0.9992853214995181,0.025357397092589218,0.031045403864505283,0.03066059364554817,0.06455039033768355,0.005968736080093774,0.01880269170404963,0.07200989626331081
SAMPLE_04352,0.5270639098281296,0.08878273230714775,0.07843116403757877,0.6985279030069526,0.14343966290349974,0.0016787051520903682,0.07315245432275606,0.32028536200274293
SAMPLE_04353,0.8863997914601456,0.4858619805397115,0.2299863978577442,0.6935576302766187,0.370101136560007,0.0011737989997551725,0.05184088774860578,0.49030867597156425
SAMPLE_04354,0.6101361395835261,0.3739920920604225,0.19467409818621073,0.6988078529865285,0.4191925217324326,0.0022940523467250484,0.048024895136437915,0.40394763049600496
SAMPLE_04355,0.24191276156695266,0.10281169658094384,0.10776704720210953,0.30797547832320243,0.17934224308785104,0.0014567811085279688,0.7165913158264614,0.19912142864958723
SAMPLE_04356,0.9990824116073875,0.2492856905917295,0.18252926559513888,0.7082807265015352,0.0734215316085189,0.010486364587271441,0.05504121422161636,0.39611582367461506
SAMPLE_04357,0.6801337295381827,0.09647817288311952,0.04902415292159239,0.3065211456666194,0.17562744016993878,0.0004993397877254201,0.7059406715779853,0.17410098359607584
SAMPLE_04358,0.9993561777087012,0.08035704883509291,0.12128322225521143,0.009893269543392225,0.06879725009952958,0.01876946960026877,0.04804381052421058,0.06660858252847288
SAMPLE_04359,0.8178152614477537,0.43147569954006154,0.1603290518412011,0.7006171193605117,0.1405704274923484,0.0013920464679964602,0.09386733401070269,0.33743372188769505
