sample_id,Ampicillin,Amoxicillin_Clavulanic_acid,Cefotaxime,Cefuroxime,Ciprofloxacin,Ertapenem,Imipenem,Levofloxacin
SAMPLE_03360,0.9988206478952335,0.014822684864912061,0.01578410746640379,0.024956787988555405,0.02454171407732784,0.005736566762049045,0.010198452913261883,0.023916831525333186
SAMPLE_03361,0.23269078539772647,0.04232565016214116,0.037374047428648485,0.2649144972439663,0.043309160504924546,0.000490457827677837,0.7543753549641081,0.07886422231216501
SAMPLE_03362,0.7623414206998207,0.14755042470291088,0.12222750753290582,0.29543210135862075,0.5344994823302072,0.002342876315129607,0.038417672861439205,0.4689811129769304
SAMPLE_03363,0.3602168220592148,0.0312388298852816,0.052793614114574616,0.2599286023207034,0.06359629642235744,0.0007349963819420546,0.7601712250491395,0.04522481393604521
SAMPLE_03364,0.6269021105315684,0.19839512071604853,0.23271171516118144,0.7452687280780657,0.5229421797171084,0.001992496834930482,0.03346671254808369,0.4439702545760854
SAMPLE_03365,0.9210413422159369,0.13107086792310682,0.22030242758176682,0.7058197826971293,0.1609253225905981,0.0011976364866887763,0.08565489028640953,0.279874929388053
SAMPLE_03366,0.7204368225281056,0.17824536500617538,0.19257114446827006,0.9917991110722869,0.41441132604673536,0.0005766734808938618,0.7894486758239556,0.6556994994133019
SAMPLE_03367,0.9451263383610727,0.2664767768130992,0.20919199810714495,0.7470837145300345,0.44771405737606756,0.0013371177458562076,0.052113505821310295,0.5710745448607251
SAMPLE_03368,0.6929758506350218,0.2086304428101248,0.35355184157255204,0.9921175693375353,0.6664006410431782,0.000498596978316517,0.828992287181733,0.8739969888341345
SAMPLE_03369,0.906488944478472,0.41841923828437205,0.29608262294646553,0.7477924148715595,0.7090535311427528,0.004467036537487332,0.05493072531183943,0.8954800241415185
SAMPLE_03370,0.9545124037712283,0.1457016656803854,0.18160139765011218,0.7534547147466806,0.16010931512131932,0.0037530525782920707,0.03916965540296442,0.27348285782210796
SAMPLE_03371,0.7527469549889814,0.041442082171901,0.0353513139015049,0.7483627019446919,0.06138211791351828,0.0012751758494415016,0.015272017910432008,0.2605386255419494
SAMPLE_03372,0.9264200858686474,0.3543702696934936,0.15242954147545396,0.744555382128872,0.12943858528495475,0.0024209710930670858,0.03786985761688414,0.2807242470853298
SAMPLE_03373,0.9301018130255702,0.29870492057211123,0.1287432932547607,0.7489415104644123,0.1534280432715055,0.00198905268321258,0.05259349653052662,0.2520240609696364
SAMPLE_03374,0.2358614345076898,0.044467305306494294,0.027279031585922053,0.2558744705848886,0.07685661264768262,0.0005546228916032442,0.7569883171304257,0.08870572934228424
SAMPLE_03375,0.8636449465222692,0.2980365737172735,0.08100687502871552,0.7347985793160646,0.1384181985560288,0.0011914755721074695,0.023027198969633837,0.2786546779437778
SAMPLE_03376,0.40719174637531075,0.24895256166701754,0.31166954746905323,0.7331178658927504,0.3764805934016644,0.0022661808168531416,0.0865114976709879,0.4065336656754551
SAMPLE_03377,0.8773813167221811,0.21932315593290633,0.09330904485169444,0.6040632750287174,0.2822676406712755,0.0012065240175199506,0.0264970735720463,0.33439123472482357
SAMPLE_03378,0.9995170184030033,0.07379472705436535,0.028086172435623252,0.055151424884332806,0.07164808100072265,0.005809638205161097,0.016243528947498014,0.10545975589595082
SAMPLE_03379,0.9993906285081245,0.4788311143691635,0.15092444469954377,0.7475383455583846,0.1519429909165525,0.039797748220908855,0.055664456553029665,0.265768475447107
SAMPLE_03380,0.9447579985335034,0.5421349672177408,0.3065988258228043,0.5814637024027842,0.815529576001265,0.0020322454243603028,0.07011397684886951,0.3730243652132574
SAMPLE_03381,0.6872354475353781,0.17803992313249367,0.06318370009006499,0.7456498449326736,0.16853315900998728,0.001766376137014507,0.04615742860904404,0.31194846585637165
SAMPLE_03382,0.9994826413918921,0.04786296506478718,0.06041338667001259,0.11809709718715741,0.09050507567372248,0.007582993404311466,0.016255195763635908,0.08437162354537603
SAMPLE_03383,0.999560883260681,0.046255365356959934,0.053507863993066854,0.029741874596496624,0.08634209208171095,0.0032398971273709183,0.01957629154859293,0.11604214926362358
SAMPLE_03384,0.9993433025917675,0.11176623522898381,0.1413141350476781,0.18257025330601087,0.17108773265089403,0.037561592369614476,0.07289333735196837,0.27585034700932193
SAMPLE_03385,0.8563994952011246,0.221670037357183,0.10884660329400876,0.7455213546304658,0.2643592881916764,0.0014407416153041795,0.04175599710937949,0.3146380492101339
SAMPLE_03386,0.9521008161875004,0.24998217825861196,0.24288556298898445,0.738311358187318,0.37389688150778827,0.009117649141452574,0.04378202541538038,0.5043996687668125
SAMPLE_03387,0.09701330877210193,0.037182524022010326,0.03879620807881045,0.29066097098565447,0.07611385813943294,0.0008588905946917495,0.755247784730376,0.07387983488209653
SAMPLE_03388,0.08768069882056316,0.05845056958195899,0.058238633459695655,0.9858368676944465,0.20663244779372714,0.00039565234719793026,0.7540678678607426,0.4725306108392965
SAMPLE_03389,0.9996082854025099,0.03543360441482508,0.056602993153778605,0.013837673527047165,0.11958283625772348,0.00492120545145692,0.02125154870613185,0.04476219630597478
SAMPLE_03390,0.999630588138968,0.2801463341949394,0.02031107736496683,0.11625203356113623,0.11919702517605081,0.0039619114928091375,0.010935649402864941,0.07568513132036365
SAMPLE_03391,0.9992783263743564,0.10681260656089157,0.1384785713986899,0.07391208779694726,0.11658144066306952,0.007233434758847114,0.05734608406517113,0.11595570142611272
SAMPLE_03392,0.9994535058426206,0.024793398923660642,0.02023830608029944,0.01563314846916143,0.03468766853314709,0.007291226658973304,0.01435675304194454,0.03291770137652238
SAMPLE_03393,0.99945221895164,0.08389033835899264,0.1637766910607215,0.042653275003994504,0.14398677068259888,0.05236438355053886,0.05588853702882838,0.10742819382891318
SAMPLE_03394,0.9996045824641302,0.09212408089978892,0.13424355619652434,0.04246165631267017,0.12612962178574033,0.014374802488012435,0.048507484682063756,0.10827140785779785
SAMPLE_03395,0.9995800984306347,0.03334708838252564,0.09787209960409096,0.055521417121724446,0.15318011076234644,0.004091320002758247,0.04141154254772502,0.06960222539673316
SAMPLE_03396,0.5161459738638277,0.07795615968726642,0.09752998519753531,0.2749411450423375,0.11245944144373134,0.0006099157073121016,0.7564123892013683,0.09213228855224709
SAMPLE_03397,0.8293814631828831,0.26757101666142913,0.30872968605647344,0.7042141954759965,0.36470037555289125,0.001681820548312359,0.1409489530189036,0.4945600493174055
SAMPLE_03398,0.6958425826423111,0.27854578889063886,0.2401991792610297,0.7453082328772997,0.4949859271588842,0.002167425785730751,0.08588470519532111,0.6305647879162283
SAMPLE_03399,0.7028120606459676,0.27947252824798585,0.07915264217369898,0.2781222135587911,0.43480011544254404,0.0006678795605221627,0.7538484191211248,0.4218427932217508
SAMPLE_03400,0.999558192211436,0.07689438430447268,0.07851550140655089,0.13019321304702094,0.10608681735234811,0.0064251753856778455,0.041913238152477175,0.11048478230912297
SAMPLE_03401,0.9995215566432043,0.05016714766554654,0.03912638161189051,0.02894052530505288,0.07453119553181355,0.008927794328116623,0.044873835445280355,0.06350096338555428
SAMPLE_03402,0.5295393278214108,0.16106027065152181,0.15203765602488437,0.28752910404805504,0.3342261201766442,0.000461127529950413,0.765193232572627,0.24534927078532026
SAMPLE_03403,0.99958403873021,0.129249450967847,0.0953212018427526,0.22639626696307996,0.1900946466679116,0.016814285794436633,0.02176548814490363,0.17921548965676803
SAMPLE_03404,0.8838491895618931,0.3928610806511007,0.21287091194465219,0.824498037603087,0.45162830951466315,0.08204631338311441,0.1290783643000408,0.46532226056946363
SAMPLE_03405,0.9552746626712851,0.3240000290584325,0.15981573286124368,0.7478719991227415,0.6809064605982289,0.0049879240947562084,0.07738369122136142,0.3563122506752068
SAMPLE_03406,0.9995553234520262,0.07160566503245303,0.06029081657539462,0.08013380312655236,0.07849331450020156,0.004253788440166514,0.028372843676840495,0.06612910013851567
SAMPLE_03407,0.9999999999999998,0.8417269496568984,0.8096241049538275,0.9989010215676088,0.3275700400763251,0.9999999999999998,0.9503085621820718,0.4738557346262038
SAMPLE_03408,0.9989298554276167,0.6176671039293453,0.19574086095568094,0.7496194944846433,0.1902839032417672,0.04202266060678673,0.06348787882703946,0.2784865830843004
SAMPLE_03409,0.09856538707373871,0.10108050991136626,0.08136123415938305,0.9856294965897705,0.22226394581037198,0.0004215473895319948,0.7542664917621189,0.3999827141586333
SAMPLE_03410,0.9999999999999998,0.8673698127388387,0.8518526957186427,0.9991555549800433,0.41983153341165097,0.9999999999999998,0.9503451200116902,0.5094374927256476
SAMPLE_03411,0.9994190423207961,0.14371211850282217,0.15251175033928538,0.17140851132798485,0.094536545807336,0.135126174442935,0.06927514914657182,0.14997845537374213
SAMPLE_03412,0.9992961567467353,0.23734605736155467,0.08252135940218394,0.0938427487792832,0.25344905410515606,0.02197268019763953,0.030957292098024003,0.20746904513551195
SAMPLE_03413,0.9995388844633676,0.08199743053142217,0.03726291326168777,0.28745078092738807,0.05912277158557588,0.01521581048342998,0.017857444375260614,0.10123356961054175
SAMPLE_03414,0.0794201425115476,0.08288082237770093,0.15167160589825124,0.50790741166003,0.366042582834437,0.0005282955918538391,0.8056182514417993,0.3597117104360408
SAMPLE_03415,0.9995057009732519,0.0336678202887713,0.0409255660996345,0.0389538495310482,0.03658257934048552,0.010587078532341913,0.020513858687396875,0.05488555987292338
SAMPLE_03416,0.9995128480098383,0.2841028070819991,0.19566676155375126,0.7463244854866332,0.33674726459187343,0.03491158568463618,0.06040335598044996,0.3646044323193645
SAMPLE_03417,0.15941916882669666,0.023857599539735434,0.029188774671472163,0.25803387719260457,0.040599823526177956,0.0004822294124557009,0.7542014377485253,0.0391560649488865
SAMPLE_03418,0.9994352615682862,0.11979079783629785,0.1076252106719239,0.4546223435377471,0.09255188718844029,0.02298380748864616,0.07886966597019143,0.17517988426377723
SAMPLE_03419,0.9996121282289396,0.2503422582130772,0.18485028399631742,0.1037459974704756,0.22796589498542086,0.0362687744778588,0.113775143331205,0.15431008386090894
SAMPLE_03420,0.9992328606305442,0.3949863902062632,0.5434968013604182,0.751804772942712,0.4644701288716425,0.045411005132340025,0.17090571433040452,0.6505784736116608
SAMPLE_03421,0.5757562817006578,0.09974819884060102,0.11277836400793165,0.02949523743247312,0.35748733430612856,0.0012806156049716862,0.036721582635571945,0.3833704502601507
SAMPLE_03422,0.9994990936341086,0.2303367558274934,0.31493646698910993,0.06495675141412369,0.25171013223190136,0.023618442070853465,0.10399123027168788,0.21509381845147113
SAMPLE_03423,0.533841745932077,0.09836045859373638,0.09800503529902031,0.07735736865110628,0.23323525837482756,0.0013912822833266952,0.02021170308181915,0.2760217885692219
SAMPLE_03424,0.6043909139280133,0.10345684586262527,0.14506302299327573,0.747634279552563,0.2893010996109532,0.012736641374601823,0.0292227652834559,0.3651111903302102
SAMPLE_03425,0.9994443253196489,0.2504852843847608,0.11750104818025009,0.7378797655803421,0.319208584562016,0.2515875162683244,0.06156697474336947,0.3561166205282569
SAMPLE_03426,0.9992528365068482,0.1827889905498771,0.14073077705760564,0.7483482315965434,0.3876146339394989,0.041489273118696435,0.049881578675209044,0.394651703894431
SAMPLE_03427,0.9995314643277959,0.15902241350638555,0.054229503048443775,0.1014654877599776,0.1158493400769666,0.006536481637541705,0.018403405878699198,0.053282458751967784
SAMPLE_03428,0.680939787837544,0.20949767096400546,0.06331507868437813,0.7493262834458941,0.153708004723758,0.0008360532793933759,0.014878232181507758,0.29962928456906757
SAMPLE_03429,0.16860793096353613,0.0510213017361155,0.22942158286601222,0.270059721436377,0.10021427809560364,0.0006078229275148352,0.805598099102915,0.09356022018019201
SAMPLE_03430,0.9995009396259587,0.12865270189079453,0.14913465502334422,0.7037183830404586,0.18304721708208277,0.0058885621609285075,0.053340834070942846,0.2937001942251455
SAMPLE_03431,0.9992910567421887,0.02515400133436454,0.06184390234810001,0.17768529800597194,0.037085762203358914,0.006857558107477696,0.0289856702552818,0.07889396327750738
SAMPLE_03432,0.9572752964221126,0.2615895530182063,0.5547996733448749,0.7480094817207131,0.746896911904112,0.008896955100291714,0.15940027760667708,0.6251536786419293
SAMPLE_03433,0.3652798612096082,0.07376610786336199,0.0809782826057904,0.44133005055890695,0.12418329779293037,0.0037331374953024203,0.7570931505484901,0.20337545597344936
SAMPLE_03434,0.9995496194047337,0.18821425912446677,0.17902715362080668,0.2642320569300301,0.22905276096721466,0.05167884749951629,0.06106366858437032,0.1961175700109294
SAMPLE_03435,0.9995973663113686,0.03184861953474863,0.04488933183607081,0.07625916144911556,0.030824272483463484,0.003934867574693073,0.016547365943439977,0.06099268412165646
SAMPLE_03436,0.9996280048792612,0.04069254595376856,0.04957262759497687,0.12562472037600997,0.03910851412725796,0.006282687757511011,0.026170681594030788,0.05707739152737108
SAMPLE_03437,0.9995779544103025,0.020518527175413647,0.04009210633219133,0.038158491228338566,0.06086933071175311,0.0036692493492411515,0.020117622580887794,0.05024789315518128
SAMPLE_03438,0.8098822251393973,0.23623067412070264,0.2703501639806393,0.03924929932085233,0.5987483404139518,0.001120766482694538,0.04007953497804703,0.49134938480972556
SAMPLE_03439,0.9995177632249486,0.03769485219704366,0.05984218798093163,0.03989076375454026,0.04402218590480662,0.009947219357081106,0.028288694847914655,0.04537935672428678
SAMPLE_03440,0.9650585952034461,0.2486734095217862,0.32664831529157257,0.7112921914810517,0.8043330859995993,0.004734364331657607,0.0841300035029553,0.6681104038765779
SAMPLE_03441,0.947280304261494,0.13880423385776114,0.10965497802538915,0.7350916551391491,0.3822144064876035,0.0015434921746768514,0.03956098682425121,0.463115357971853
SAMPLE_03442,0.9995139496257976,0.0798082143749275,0.017451299876941176,0.2405780116451624,0.04805097216633866,0.007056210867833747,0.018100369492860723,0.08915506114521908
SAMPLE_03443,0.9995496993715391,0.3793080717186281,0.23366327305639556,0.1676909228280532,0.5757559542474866,0.014661265789437815,0.09153687740668941,0.40239385229755886
SAMPLE_03444,0.4494947536327015,0.0527791753763541,0.04371417721549777,0.9931479021592218,0.06960505723295843,0.00040896394441703083,0.7536821505266471,0.27873757004480343
SAMPLE_03445,0.9993895548622637,0.08505107953600595,0.07069282128615813,0.640224088188355,0.11430941020745072,0.029496810246171203,0.04836524154079318,0.30961471889808373
SAMPLE_03446,0.9992351422016693,0.13639841607560343,0.12916667838022147,0.3769261357346747,0.35956258415265807,0.006439427392161741,0.02848002676709611,0.5076471460452644
SAMPLE_03447,0.9473573449066907,0.2120991087119235,0.19644799935350682,0.7318749236906478,0.6145797369566406,0.001840453318113129,0.06648609670436824,0.47395567645627823
SAMPLE_03448,0.9993858050726532,0.39561577498783634,0.04561332016402604,0.34060008225913463,0.22049038610679483,0.025848304068664125,0.06452976316499665,0.21129507923570956
SAMPLE_03449,0.8992397507194984,0.09771567164950955,0.08683322672617438,0.7415534431824422,0.07714751778051489,0.021980751810272113,0.02561709180591736,0.24955389337524758
SAMPLE_03450,0.6149989838272357,0.09439887584110619,0.03357885397730617,0.32461695931408363,0.0756785023275318,0.0014821317231078113,0.015458502302726424,0.14077018237513547
SAMPLE_03451,0.31890348736469676,0.22515369254606354,0.46783220090094435,0.9133961178054615,0.7415886500082941,0.0012249045475906301,0.8091196260253524,0.942840948057855
SAMPLE_03452,0.8590837351644248,0.2065318465875874,0.09618528119390504,0.7440025892903464,0.2686539704850946,0.001389936887122942,0.018039423046053563,0.2716174247720158
SAMPLE_03453,0.542719691559084,0.06527105953641156,0.07662781019949935,0.31434704381956274,0.19333749700113934,0.0004452418532465232,0.7634777356544247,0.173674658876348
SAMPLE_03454,0.9990114245592311,0.08053278316006957,0.07648490729009379,0.04886648176157202,0.22943581916895397,0.0021157460357529145,0.016595398738463385,0.1187199108131685
SAMPLE_03455,0.999497738690413,0.07825531679381834,0.10105324070115133,0.11801448234659018,0.11936819381971644,0.017486934313350688,0.04844488908353201,0.10162657230380095
SAMPLE_03456,0.9995595000285533,0.05973183584924735,0.06733066086621249,0.021908542871255342,0.06723868506077017,0.009424759385064275,0.018570498178162503,0.05607044020496738
SAMPLE_03457,0.8678504256874606,0.7077260051898104,0.4156963976235768,0.7453099054173673,0.8891106162326795,0.018377944250244114,0.06303252229712944,0.8216676000105028
SAMPLE_03458,0.9809016833086022,0.5111467851891199,0.5512886577306279,0.7496033003969537,0.848982306028201,0.007728448771717849,0.10943461023979205,0.30848736022644035
SAMPLE_03459,0.9994828598252501,0.3358178758480771,0.1430536182130794,0.18184081130030444,0.19425184362693362,0.12558575775923309,0.14088208080768805,0.18794547124061764
SAMPLE_03460,0.9996283067539078,0.34442119278361155,0.13308539753631812,0.21153163233891634,0.23780244447375626,0.022062956169685045,0.04301481444703199,0.15554812005787966
SAMPLE_03461,0.9351197450568114,0.28442241316874484,0.1589796064309196,0.7448471112664654,0.6378258970304489,0.004496422862257467,0.05531482831006129,0.3844280395483022
SAMPLE_03462,0.9465486011907049,0.193956414115599,0.08077448469049055,0.749568002108862,0.12880374058714644,0.002088750652277076,0.043210528185048246,0.29949498490592974
SAMPLE_03463,0.9999999999999998,0.864884552487788,0.8275882565257111,0.9990777295803246,0.35500918330756903,0.9999999999999998,0.9503660494133066,0.4649119636580054
SAMPLE_03464,0.9995993184859608,0.2558444362755304,0.01642228568357437,0.06438283834543367,0.10967887135260067,0.004667456849951857,0.011576079128626045,0.0669701960362753
SAMPLE_03465,0.9993593998417705,0.18024724888738342,0.10926159274086861,0.06297957963162792,0.24873936635809207,0.008382456551874378,0.028545384029127666,0.37939694684342473
SAMPLE_03466,0.5967590977260433,0.1099878079670257,0.12057585151134272,0.26839700834647345,0.320552821009258,0.0004377940274652774,0.7635254798704416,0.2727395974387291
SAMPLE_03467,0.9326771906472191,0.2493226895830279,0.790560420163073,0.7514225433728714,0.5816466935858488,0.015619036855799935,0.1809489044982762,0.6964554517477307
SAMPLE_03468,0.6054669482556877,0.15905176311706581,0.07238701908283598,0.1412557568955022,0.23507890350187866,0.0015319858905645412,0.015070463660557594,0.3127186591868997
SAMPLE_03469,0.9995246302706411,0.04746676468519286,0.06228949359556431,0.06605987078389403,0.13732542974650178,0.01023671193693518,0.02080765158953209,0.07680285011890862
SAMPLE_03470,0.9996253210833579,0.0522297841612797,0.054003579228731474,0.019157734029664975,0.07390999419305966,0.013057867565624878,0.02276299597046109,0.043054394266635716
SAMPLE_03471,0.5651106789165342,0.1349576122713429,0.1980617012143723,0.2792807604405101,0.3684181413288402,0.0004891559509560651,0.7730241119654278,0.3429463474192387
SAMPLE_03472,0.9994813243927521,0.1271284688636946,0.0772061738599534,0.19690385755139744,0.1228529654035084,0.005566936407071531,0.0316836275620491,0.12236267518897395
SAMPLE_03473,0.7800404983036533,0.26241987785631066,0.2307281891330733,0.9874862816444273,0.6704374265184984,0.00038122527545274564,0.7780267402154737,0.9069019235957271
SAMPLE_03474,0.9995943282137235,0.26493600048186683,0.11020591393533626,0.12495805270538149,0.18751133456352864,0.07661705805556931,0.07001697750233117,0.13393761356295503
SAMPLE_03475,0.8811128580713163,0.1707077306866629,0.10200473742783757,0.7402304387377479,0.1837877669656378,0.0016025050382400471,0.048945260579117154,0.2988600587406931
SAMPLE_03476,0.999604607595217,0.07551096629178322,0.064665127686653,0.018977833343252627,0.09714963675152907,0.01859746732496994,0.01373903624122753,0.07109062973354414
SAMPLE_03477,0.9696707199326294,0.19561604269214183,0.19973170023816833,0.7436617832033259,0.40412357199528187,0.0031520813943413193,0.05674911979893286,0.49622251985155086
SAMPLE_03478,0.9994489091767225,0.09204925186572328,0.12035568147357242,0.04347197252845472,0.13298301894091277,0.08708691700577774,0.05823683756540071,0.10656726611028353
SAMPLE_03479,0.9995078169309968,0.46650298011144786,0.14759263847167467,0.7467904195150167,0.2387257571138278,0.01698521686389453,0.03615406203143836,0.406371951298813
SAMPLE_03480,0.9996343391449337,0.09443156408544844,0.14291755305452267,0.13856234443744406,0.42945289865314534,0.006586283199807219,0.05511415715303636,0.2217738641575411
SAMPLE_03481,0.9994603478515671,0.05510358759698682,0.050493954859190074,0.18894474501469594,0.0624361582306828,0.007483955127853234,0.020332376385446573,0.10571765769068012
SAMPLE_03482,0.7962146194915778,0.1436493839424176,0.12983086652944265,0.02664443947899415,0.3055757728664036,0.0013786841975617925,0.04901036685602591,0.3337939863887745
SAMPLE_03483,0.9995622613866496,0.1505465170940587,0.12026171825574235,0.0584084880243141,0.15668876257704298,0.030578351141447864,0.04253662305421836,0.15435390208128913
SAMPLE_03484,0.9993940452191086,0.47659449881633686,0.42169218141795595,0.7018261295216235,0.42336175014148325,0.05790482629088477,0.14214039698512956,0.45676116488990387
SAMPLE_03485,0.6966078108106202,0.14970343800575542,0.17376593646265517,0.4371140626530482,0.450669234266063,0.0020874363139549382,0.029555156137457825,0.4125585546182853
SAMPLE_03486,0.5966817168494948,0.18303212229709925,0.14447743843100053,0.2653997397229213,0.44704958978436926,0.0005170602725341036,0.7551913330493405,0.43113478988691184
SAMPLE_03487,0.9989760661509423,0.07389716015694855,0.052265146350977676,0.04905433521486171,0.047113693328002214,0.03165914855535906,0.04374444058647298,0.07273882194493486
SAMPLE_03488,0.9027807826609577,0.08926304931232613,0.15265780890619088,0.7417239183709224,0.42049708556371085,0.0016128983844452662,0.030436653061865437,0.2962285019995319
SAMPLE_03489,0.7764863746031625,0.14765741197777998,0.13504973821598323,0.7485127440941117,0.2507985334682456,0.001641977786557721,0.0362550034891415,0.38903057139330605
SAMPLE_03490,0.5767307305962486,0.13155668665290451,0.16400662940790794,0.2704628184669813,0.26614803836177625,0.0006891819027194134,0.7806998589391567,0.32997867890563126
SAMPLE_03491,0.9994453248089173,0.31689719302643005,0.14095234881599225,0.7229359210474036,0.23535764047155616,0.02018906825961704,0.06851954725836946,0.3356505766936519
SAMPLE_03492,0.9989725943648395,0.0759731758399747,0.05955385833109966,0.45092763190154583,0.09163301029637687,0.00672917495315806,0.016938100665787114,0.15273655427064653
SAMPLE_03493,0.9996068227237471,0.13261536607761457,0.3839217668656516,0.10217047121117973,0.3372518529943643,0.028539662247786365,0.1201038338212721,0.28989881136320583
SAMPLE_03494,0.6946031363804467,0.10425699257408137,0.07770814982064853,0.7518175728670815,0.32220621647948844,0.0006825344491603174,0.7541180769210785,0.4466582457815147
SAMPLE_03495,0.9995762164875331,0.15496095252107217,0.0730151851609832,0.1299786860349758,0.09635665445637114,0.008921220726831014,0.04899815466294614,0.15168175310071236
SAMPLE_03496,0.9994600933608797,0.13670830811095164,0.057498290780426106,0.20103824343754814,0.10624308913648448,0.013221059456470277,0.017224371822273796,0.16258122754198434
SAMPLE_03497,0.9990566482627896,0.3458086791942637,0.36466611939986826,0.6638742383852627,0.2589610292308306,0.11341033619471591,0.07430194200780758,0.2718059434929524
SAMPLE_03498,0.24154523195172695,0.14160312819880122,0.1279575162683344,0.4182524696421397,0.22633922626291103,0.00043370641339396593,0.8097386138505183,0.41295654851442176
SAMPLE_03499,0.9995102865990477,0.16334611295781226,0.16047625750775524,0.7498430331134911,0.22216761088101417,0.01119947350131232,0.03196993130699418,0.31780675539504755
SAMPLE_03500,0.9996026628085632,0.06192737953487752,0.1372883324019809,0.1388653718116119,0.18353121154573768,0.0045438387052887,0.028978095671549586,0.08448359928806137
SAMPLE_03501,0.9284199980459106,0.23677256157803922,0.09847643853186172,0.7489588812011732,0.28172015381303706,0.0008571611185106605,0.01273941985427986,0.3488806335354159
SAMPLE_03502,0.999529809381293,0.2231227060806566,0.25548064107453755,0.09941503475010599,0.26093628938586233,0.14918572495339516,0.19448390041951757,0.2262827504267767
SAMPLE_03503,0.9995924625536307,0.04617321916209572,0.10354539683537795,0.07825295761436873,0.08870641278951504,0.009733696328767413,0.03337401478818449,0.07371688880904254
SAMPLE_03504,0.8614830383253295,0.21325604317293181,0.09215973639917904,0.7488573512316327,0.1953142228898396,0.0015332237439677169,0.03828048130550671,0.33734606921727817
SAMPLE_03505,0.9992904025597408,0.14644319754309032,0.22135622471961608,0.2718194140170244,0.27696291916624644,0.01727906054351254,0.10839587460175164,0.21136672059040512
SAMPLE_03506,0.6431984554268853,0.037884552765048846,0.06566208753425065,0.3707917879003956,0.05613693482467265,0.0005971752063755558,0.7655173186619084,0.09753669526320718
SAMPLE_03507,0.24928887609396652,0.04042631996796093,0.031455890540408725,0.25925839695501407,0.1468213279542378,0.0005030303845580301,0.754421034598288,0.11038182547692975
SAMPLE_03508,0.9996239552033421,0.04081474424862723,0.06840272592608274,0.12467823443984112,0.1578564740195532,0.008472448995225023,0.02204800459189564,0.11947174683975767
SAMPLE_03509,0.9994131840872421,0.0647630419449465,0.06980305940776502,0.03440811608791444,0.09789172116373343,0.012383100087013668,0.033478857452643535,0.11054132212133985
SAMPLE_03510,0.5295644213890658,0.12623993579979914,0.1453134256570845,0.738880569827612,0.35750320423465715,0.0004611109090238044,0.7701847444773853,0.44751180579668065
SAMPLE_03511,0.9995408059362041,0.17463504061380994,0.018086207317689562,0.22306382325403218,0.08287026999830215,0.007972080110645256,0.011692297938190942,0.09751693729335416
SAMPLE_03512,0.7482127943081825,0.3608706292393382,0.11995048377622378,0.7512473224002791,0.23111065189432484,0.0015211266226773726,0.037437293846322196,0.38981592482349237
SAMPLE_03513,0.9985890048669855,0.15116554014358183,0.40262958655869646,0.7458567753109806,0.3360889476583413,0.019385256650911564,0.0777443548587127,0.33071324886139125
SAMPLE_03514,0.9995894643738401,0.04128522156205708,0.05108430403037654,0.016365066222827303,0.08803040782852056,0.0045691590419501245,0.03611142975120548,0.04390197975714521
SAMPLE_03515,0.8555316627957137,0.1938963356505617,0.27151222366251354,0.7433428969387402,0.32579467939323253,0.000885957321009113,0.06278061616000781,0.5188666534149038
SAMPLE_03516,0.9995184881863222,0.20314320124849752,0.34883874836535117,0.25703393791644474,0.5519838055234734,0.019829327491189964,0.11153024399371134,0.5755713010485817
SAMPLE_03517,0.06545670763399428,0.02702445337773367,0.03187201688743745,0.28606370046754886,0.02705716836970507,0.0006612511265914798,0.7589957108242791,0.0579256030366575
SAMPLE_03518,0.25580389496173256,0.0464781630393672,0.02466479857390222,0.3659874794626665,0.056923181766496286,0.0005490777768844685,0.7534623778414467,0.10057314782653415
SAMPLE_03519,0.999391320132094,0.19397357596261766,0.2684294147810492,0.747666442303917,0.41749405335074485,0.012459489685551427,0.04236633842071244,0.5780943665750331
SAMPLE_03520,0.9532167206295536,0.5302253281113549,0.25687038083196795,0.7439616993909308,0.411011762902286,0.006139917768507457,0.09589874877662388,0.5495050398575868
SAMPLE_03521,0.9995156036495387,0.030392233280442216,0.07865514362253162,0.049960658668370087,0.047982629404679046,0.007819649208151131,0.03344117754208464,0.09040192817379335
SAMPLE_03522,0.6674542045282874,0.0732984940408322,0.06901460836142782,0.2702504881845813,0.04888145424019555,0.0005395415599389612,0.7746411286196182,0.08243184442080911
SAMPLE_03523,0.9993416641627454,0.7924198880086312,0.8245501900305081,0.7584663380813114,0.7666021615689345,0.3272795027582817,0.23272009420134662,0.8217740851709923
SAMPLE_03524,0.9996340085841107,0.4852168246373017,0.02955364603718331,0.31335168041500716,0.16558876788472837,0.005799784997398053,0.011553466410418236,0.11879354338770523
SAMPLE_03525,0.9994192374383919,0.6619892797080411,0.3737447625032004,0.7919778276910456,0.5092196405041569,0.172828754802401,0.13110944099452432,0.378998855027862
SAMPLE_03526,0.4815842257405399,0.06883404549183618,0.0388367663731606,0.9953931426115807,0.0672809087363605,0.000523045599211824,0.7542685012546018,0.2913465205252867
SAMPLE_03527,0.999579534633251,0.32961190877626384,0.1428819600256517,0.23358517226605963,0.30663151017841245,0.01773509433732587,0.05032744870030213,0.15746748161106855
SAMPLE_03528,0.9992030758301633,0.18007469389831543,0.07854505617691317,0.7463458782484571,0.14046546856266695,0.020746671733484687,0.024327693631929284,0.34289525021596307
SAMPLE_03529,0.6753233884821778,0.13536808365876102,0.18040308107367523,0.9880038936894655,0.5699719461525571,0.0031466995220061173,0.7954623717503002,0.6671301338732579
SAMPLE_03530,0.9995363225001108,0.06547759222497064,0.08801309127371552,0.04328767392940361,0.11637699209601315,0.006440401329084748,0.04525996735425611,0.2275905290756643
SAMPLE_03531,0.9995396522660046,0.21900857872642837,0.15922909735311971,0.11742600816877176,0.23537743737836375,0.020579553378670002,0.06668257899751741,0.24943870844566707
SAMPLE_03532,0.9994141363544343,0.25174897850092404,0.11848882747923319,0.7473591786900453,0.2083930014477626,0.037650671779994954,0.03920746754545964,0.37366923857631673
SAMPLE_03533,0.9991464169553349,0.18036358007023112,0.3485816214579892,0.6960419727333875,0.2665248519159836,0.11735438061532368,0.041480552542895094,0.31253709090113396
SAMPLE_03534,0.47241049143406655,0.17886796173839098,0.17846225121444179,0.9896830920991908,0.4856186135764735,0.0006585353025537475,0.7950201778967552,0.6278519361404031
SAMPLE_03535,0.27217376247770736,0.05475855065748203,0.04933688692400306,0.25368253930433615,0.0480334439206772,0.0005228387585648305,0.7542358251672017,0.04362170179702895
SAMPLE_03536,0.8587387931379518,0.17066525544863048,0.12477682422112064,0.7493525440549855,0.4063051025675789,0.0018137367543430627,0.02196621463777054,0.4811108080834473
SAMPLE_03537,0.999199563979481,0.443418816321839,0.2184593144420482,0.7534533017797678,0.3361780998320604,0.07364871421446616,0.12463616154371707,0.33412620313162666
SAMPLE_03538,0.5653493355671054,0.12881161537945424,0.09596495317559561,0.47765500897356633,0.2664158505748924,0.0011986924180293367,0.018177401641797132,0.263418073166535
SAMPLE_03539,0.6828908435745629,0.2740944333550483,0.08658706511354186,0.7491428800516389,0.13387848710360278,0.0010958648442902588,0.03121920625507233,0.30524910528829097
SAMPLE_03540,0.9999999999999998,0.8200120486094999,0.8010071137468802,0.9990151517094676,0.31175379168124373,0.9999999999999998,0.9503035043589452,0.3966389460702889
SAMPLE_03541,0.9995152742907687,0.2900665088170862,0.3057406207521876,0.41898054154569353,0.23042336293432486,0.14828330693257358,0.16549520414423943,0.26840068233543574
SAMPLE_03542,0.9995322747624027,0.5838874585836891,0.5310813642702503,0.720226398574422,0.5176252933717835,0.02245396109077754,0.1747896400087574,0.4789636939536492
SAMPLE_03543,0.9995597316364877,0.0994232111952901,0.14722655740774704,0.2146581336616278,0.11313181680622758,0.010327946198151954,0.05875032894353577,0.14599741381159256
SAMPLE_03544,0.26814125798542954,0.05356319557397547,0.043713399484676216,0.3064985755043682,0.0874592597332936,0.0005438804328098679,0.7589574971837463,0.10956454348939458
SAMPLE_03545,0.9995729925508621,0.07900105620595665,0.158401057876988,0.11360983992027568,0.29278104498676827,0.009857338500378824,0.09885405885180967,0.19865657894200198
SAMPLE_03546,0.9994668779146846,0.05169647572212952,0.13378971815333882,0.032711608549714055,0.09519448431742139,0.046525167012885026,0.055723573374122815,0.09285437068449943
SAMPLE_03547,0.6820486642485482,0.3431359604502121,0.07777919089138817,0.9908339010391445,0.09820322425204907,0.13212689011198517,0.78374450686529,0.28618915941750955
SAMPLE_03548,0.9992688741817893,0.030160890458009786,0.029920032904579133,0.014562009097008423,0.05645140635000195,0.0032632192217946273,0.009989044906575277,0.042791630624690005
SAMPLE_03549,0.9989911296833587,0.19091565601505456,0.05386592932396436,0.030037847014910156,0.18162660964044391,0.027783079004593404,0.020642996273120797,0.14752771363038475
SAMPLE_03550,0.9995351782342536,0.1757594846523759,0.06535385358838344,0.089506876525213,0.11823010642258608,0.007185626571359356,0.019390701253996268,0.14351999813118702
SAMPLE_03551,0.28770613874126894,0.059563794575588136,0.1924950727857678,0.3143461652725425,0.3277724429100717,0.0005815873675584111,0.8097987146795613,0.3600983948978741
SAMPLE_03552,0.9995218916169908,0.040132325266000794,0.04383533573139417,0.0628447511980357,0.0505122197216996,0.012791155207594038,0.018808810160776027,0.05786186709486052
SAMPLE_03553,0.999597778966311,0.11142780890424045,0.09676207044008522,0.03467915063779138,0.1330822698717461,0.05141741249757996,0.042881757238064935,0.06058698308370294
SAMPLE_03554,0.9988853282862875,0.03364963734103485,0.02842298568626255,0.03048527581830091,0.04584666391241743,0.004906345718508483,0.011888540136880597,0.03634884484137955
SAMPLE_03555,0.709674543836528,0.07638257093834405,0.027032453908212014,0.12553927542401835,0.1151791698098592,0.0016132873835472787,0.011792985937409699,0.140168430804333
SAMPLE_03556,0.9994966114904006,0.08207980945109693,0.12264770726459462,0.11799436928014612,0.06230489919323206,0.06843038734419038,0.04634014704247465,0.09563332376018924
SAMPLE_03557,0.999306995789385,0.5090526299258872,0.3020018401557352,0.7494624728723495,0.39613510694884,0.10412628353586174,0.10385615890077955,0.4482418301682167
SAMPLE_03558,0.9995666080329816,0.0630072401668787,0.09928291149274882,0.049701611394737194,0.1256386621721328,0.021428887304615375,0.039795756129825006,0.086768977185785
SAMPLE_03559,0.9993924089464419,0.0726144277063217,0.1303722091912922,0.0712044859085241,0.0890113200975145,0.0072790638630030715,0.03461021153150996,0.12371083421930358
SAMPLE_03560,0.4987553835204105,0.09133950187260736,0.10805156071501403,0.7446175178713172,0.10811863704983166,0.00318455103664674,0.029586196084325958,0.3223601062871684
SAMPLE_03561,0.32696844677511866,0.06002240316660121,0.07711773322450302,0.33695943892835756,0.04824302263968061,0.0004458012037547172,0.7668930620194649,0.047824390561137554
SAMPLE_03562,0.9995021726088489,0.08189136460765689,0.06572141865159253,0.04148238059063407,0.1192164614728677,0.004741774882736341,0.0206803982851144,0.07315534478876683
SAMPLE_03563,0.9299264583903845,0.5206720289692215,0.18680250156218964,0.7422472988358361,0.5015552560020051,0.0010415022790301056,0.06053938213096474,0.3549559253922627
SAMPLE_03564,0.9166283977278897,0.16297324104513122,0.07241612450440141,0.7475552404030454,0.14900559741802996,0.0010698992456917719,0.032749553667792364,0.2922148456768505
SAMPLE_03565,0.99959870162881,0.051159854222625464,0.06813350707461802,0.047457125858849994,0.05027335035359359,0.03140602524043319,0.032021416894301956,0.049406581409301445
SAMPLE_03566,0.9995234512650542,0.44678245167024055,0.0168220441527442,0.7223566465224804,0.17029343812037098,0.01355613864159126,0.02252316096122904,0.22876583366749573
SAMPLE_03567,0.923182177924882,0.3882221219337956,0.2076433274172218,0.7348162516312144,0.40464362615067634,0.0019493286693985953,0.03505429183379692,0.634259750644334
SAMPLE_03568,0.2696717108766591,0.09408651257162173,0.10139766230852511,0.577315877070223,0.19323480922736333,0.0004068271614070221,0.7635000890408936,0.2089809795193524
SAMPLE_03569,0.9996267676749276,0.02493071679326379,0.03224751543234568,0.021199372709142312,0.04935284676751105,0.0103753779091381,0.02103335308456543,0.03441806563083573
SAMPLE_03570,0.9996299480663071,0.11281872846101845,0.3900145505084581,0.1513870724181044,0.5711513055831569,0.01068124121558209,0.10603134602214069,0.4558964681273745
SAMPLE_03571,0.9994812216898619,0.23808120768034358,0.18642165629274107,0.7358540908911054,0.2417807866723881,0.0041958140111968195,0.0411895592855885,0.28251368576533725
SAMPLE_03572,0.9996105365402389,0.4110951675746055,0.17813642807498292,0.49423545274262815,0.20808611082392595,0.16221250807149692,0.04921606092358371,0.1845794399478882
SAMPLE_03573,0.9963722079008672,0.11863497294316057,0.20243526041661886,0.7526978186231592,0.17774774417871597,0.12916655443349198,0.032802372377914425,0.2972192115022579
SAMPLE_03574,0.06050475864798034,0.030815397927026547,0.021510075031207315,0.25481169037454615,0.03580510687975187,0.0005467641553062311,0.753882593590159,0.03260045373782568
SAMPLE_03575,0.5627179159378313,0.10055639947180361,0.09174340721650212,0.26276854090811663,0.25607516561336535,0.0005517613444140084,0.7594825883215601,0.2883483701943383
SAMPLE_03576,0.9999999999999998,0.972613376571221,0.9514187348950791,0.9991410028657477,0.8482337532412625,0.9999999999999998,0.9504061862533382,0.9175044661779285
SAMPLE_03577,0.9994774337848681,0.06865488620923672,0.04842644927591112,0.09978987113825633,0.13784397079772914,0.0067237618899094135,0.023053722087878974,0.16227630437165785
SAMPLE_03578,0.9995070283285692,0.03738882719954172,0.02622232262562211,0.08666647825231345,0.02762347236152308,0.02242269608662786,0.05800423715105194,0.07517938098421002
SAMPLE_03579,0.9995779048821716,0.04459571998939552,0.07698623103226042,0.08876070435141575,0.10484659722603815,0.007200905085905437,0.029649873699383652,0.11743932056937162
SAMPLE_03580,0.3962858281184636,0.059462220028156584,0.03936492719427154,0.9963313534527012,0.11601914962849635,0.0003957684262486722,0.7545153604854478,0.3522135846269573
SAMPLE_03581,0.5954429712749894,0.1401430161308536,0.10941043405670903,0.9971353197171225,0.40573130672549595,0.000415044813754177,0.7588153761832939,0.5874321734668558
SAMPLE_03582,0.9549837843271216,0.284288059822076,0.1793138752461527,0.7477455133032471,0.6419305548624207,0.009855345075600524,0.07978128848543531,0.6727877665301882
SAMPLE_03583,0.9994707086602156,0.12754510726141888,0.15364462623868816,0.06492053285292586,0.28963066158084155,0.2096625948681402,0.03756357144424759,0.21712275177124957
SAMPLE_03584,0.8507220036199226,0.09870122049621634,0.047825594969514516,0.33199733502348605,0.10350391411904836,0.0015196540748900111,0.015373616790708474,0.18210445993693253
SAMPLE_03585,0.9995476555739505,0.08674679399619908,0.055336302634974036,0.09064352472463205,0.10889330105543273,0.006182885104144133,0.023211077024858626,0.09490518869667981
SAMPLE_03586,0.9995164148352729,0.027057205080725722,0.05154744621004529,0.03556140925819502,0.030201787236518115,0.0035863240055084506,0.026138677186049314,0.0368553113211822
SAMPLE_03587,0.5915149585952901,0.16438625573224291,0.16335807741799308,0.5668822638556764,0.42326451716808444,0.0005635259602027078,0.8153597594440949,0.502304895388919
SAMPLE_03588,0.7253353793226841,0.21387414341018393,0.5206812207091948,0.8759874040399112,0.6811064918607019,0.0004802801765071879,0.8717637375490204,0.8941017321857634
SAMPLE_03589,0.9683821813380189,0.11279050797959594,0.19624205187776925,0.7479185913954634,0.4869149880149075,0.0017510361886168208,0.02409850480151985,0.3127304060146061
SAMPLE_03590,0.2731403807879371,0.11115667799039584,0.09982301340797835,0.2640111293955065,0.27905656791813244,0.0007450086067518391,0.7539745458148126,0.21214106581174752
SAMPLE_03591,0.9053009722245519,0.12185181763451428,0.17841453733396948,0.6841449425935218,0.4244916163978672,0.0012221880416528991,0.035546315264604715,0.4777700304072423
SAMPLE_03592,0.9994878272556731,0.09625900066553487,0.10463062298966945,0.7473324944189402,0.11729217953117929,0.017242756586407178,0.04311524929581943,0.27801240532140287
SAMPLE_03593,0.9993604153557173,0.12544849851469683,0.0754854701510611,0.7004351376535274,0.14565354175662773,0.029419922557507562,0.02218686900060455,0.27047540765174527
SAMPLE_03594,0.9999999999999998,0.9005901106198404,0.906113155890715,0.9992167539603669,0.9247950375995866,0.9999999999999998,0.9504663904407507,0.8876721557480729
SAMPLE_03595,0.5547441308605336,0.264022897148747,0.16485684414564522,0.9951446782799525,0.5889054895064785,0.00044482270722111467,0.7668719745342492,0.6958006608085453
SAMPLE_03596,0.9995895369306734,0.14399303879068454,0.047064437275221305,0.12423099923233641,0.13184739384953512,0.007245921115213532,0.03074644213027413,0.12007448880969826
SAMPLE_03597,0.7531327369632971,0.1208994487872863,0.0445525524277253,0.7469482213033929,0.09771593139433064,0.0011029336295200831,0.02169093880909752,0.2828786657200849
SAMPLE_03598,0.9995265387704552,0.11484791342687194,0.03482427084410691,0.06356444872873783,0.09858234196327263,0.004417352377673484,0.011266238107551287,0.04909679063740962
SAMPLE_03599,0.6264245821725375,0.12575637344560764,0.1970962100609417,0.3169007504970207,0.48655481759201435,0.0007733025664246961,0.814711354641094,0.4369824834611461
SAMPLE_03600,0.9995367864101673,0.14967129393248377,0.1425768262377602,0.19615931743173126,0.21227745069843124,0.06532313701534949,0.035110769032691495,0.3753019430358249
SAMPLE_03601,0.883357567695046,0.18732440604442796,0.24751598970520874,0.7485081136095793,0.7383129359324547,0.006421232096024939,0.04100626627679628,0.4734875017713108
SAMPLE_03602,0.9596135934087797,0.25896752359808856,0.2618306708278221,0.7322663515085537,0.4514909447769828,0.00644236981433654,0.04407987217166719,0.5940229928586486
SAMPLE_03603,0.9995118259330094,0.09054921594097708,0.0642014339266471,0.1467729736497856,0.08268614412797982,0.009552746840537953,0.029878587080002066,0.09742371037986604
SAMPLE_03604,0.9999999999999998,0.9245058938309179,0.929413320758057,0.998992511842266,0.7932133629596608,0.9999999999999998,0.9501152917920015,0.7883237261402787
SAMPLE_03605,0.9437583114015019,0.5579448900954823,0.3732555653326176,0.7488747317910425,0.29715983765489523,0.0015138254472497204,0.13024626912443266,0.5342350596502898
SAMPLE_03606,0.7054829114511358,0.12262881466904046,0.1080677610367745,0.8444964533770215,0.3006009056055322,0.00047265953553524744,0.7663787328429372,0.40128182499304826
SAMPLE_03607,0.9995743597667242,0.0653941871308708,0.02901624397805517,0.08637384707126737,0.06896010008078472,0.005025074881299024,0.013021683480952818,0.058849842321631235
SAMPLE_03608,0.7241339853772024,0.1303918808965571,0.1296539042985627,0.7541640679604393,0.27205762731022304,0.004555188581171179,0.030521308980593402,0.454306563095245
SAMPLE_03609,0.9995577401968865,0.04960179228765226,0.03835142339999471,0.10244730264354794,0.05863143012800366,0.011546441131845785,0.013641409342214373,0.07200046228313353
SAMPLE_03610,0.9247474233030442,0.16511311623152364,0.13866735228564947,0.7796199815023234,0.26965910266445065,0.02768639035479596,0.05817769436923948,0.24433409298310002
SAMPLE_03611,0.9996105001923162,0.04804846191652651,0.08509905516078678,0.052934554391463495,0.0750741735816608,0.009503583219063269,0.027532535892884794,0.059142322001347655
SAMPLE_03612,0.9995070268472317,0.022433851617959737,0.02467546777030968,0.04076646356134436,0.031670670938983174,0.006449279496935553,0.013550909490694247,0.032291408742987755
SAMPLE_03613,0.9989603673750056,0.21669867800209158,0.2377050996587203,0.21005025680696549,0.15627248413378286,0.02852069569167945,0.04966596337131743,0.24803919172251543
SAMPLE_03614,0.9991510649598074,0.20709947056130074,0.3735469497827704,0.3439549253640992,0.3134106119270079,0.20364269536152604,0.14671695420979308,0.46224389961369783
SAMPLE_03615,0.9991613368289307,0.08003885872634289,0.07888041734620949,0.5724565844323288,0.07868109281431433,0.019776367366060303,0.05923578412530558,0.15229140042165332
SAMPLE_03616,0.999456928784704,0.341649102913059,0.21118842235685106,0.18014092396497522,0.25841675218863636,0.16621788169376503,0.12150783312121456,0.24213729622746247
SAMPLE_03617,0.43080608475638976,0.09373673267868288,0.10636670593758685,0.7443559524280656,0.12331515079753527,0.0012746723021166634,0.02659103485587809,0.2907311056238474
SAMPLE_03618,0.8903800873324497,0.21871384037777597,0.11979261282804597,0.7458759766660958,0.34273552228591975,0.001513426753624447,0.02260481794817811,0.3024088955230503
SAMPLE_03619,0.999525367549098,0.4757253796691522,0.6131741844607276,0.47485959024616786,0.7406001699507105,0.14095842996020747,0.16521575104050515,0.637594586911869
SAMPLE_03620,0.9996154528292411,0.050891306779849994,0.0502883721292104,0.050045794374080174,0.055187362880337425,0.02341612256573211,0.01985221643527764,0.043595138569779736
SAMPLE_03621,0.9990902852612954,0.26615930625360285,0.09735910127259748,0.5893158294033848,0.18545498217182288,0.020766713772689967,0.0259904313614013,0.19470511901307894
SAMPLE_03622,0.3055350584378227,0.048448032262355695,0.06871964141217546,0.2597911882070331,0.08571071937118123,0.0006212201187767833,0.7639570372177178,0.08857281343129206
SAMPLE_03623,0.9983567549568166,0.3413124326191244,0.13926688207661955,0.7047162055264093,0.18691829234934185,0.02212570660143304,0.05260655152477213,0.2662707866959442
SAMPLE_03624,0.7628814320092199,0.19759909524839234,0.22420353866056592,0.7423762278944812,0.57528120973752,0.0011946700313965805,0.08032875683362764,0.4406607055789254
SAMPLE_03625,0.8709441839531094,0.3684641590282156,0.6834835635239751,0.9920011901560492,0.6843963949909995,0.0034684306090497314,0.883734853278094,0.8691021419237216
SAMPLE_03626,0.9995923203867314,0.15016336690900503,0.13314043269490317,0.5247675245788803,0.18544266189959718,0.035728279503626344,0.04708319836910645,0.18066811631477042
SAMPLE_03627,0.9995669573165029,0.39012767760589406,0.1545841501395543,0.740601041021801,0.24016552524838514,0.006942090311675553,0.03999276440968036,0.2682467919893663
SAMPLE_03628,0.9769258611210475,0.7755962694319681,0.5425165560072465,0.9317450175418752,0.568455013587243,0.18450627292757596,0.6240639802234859,0.62420123590033
SAMPLE_03629,0.9281670191547171,0.5328230326961287,0.7343912481145491,0.7429625925594145,0.5569084637476357,0.0013204842074123907,0.12845384142609836,0.6150821211128482
SAMPLE_03630,0.7834026646710632,0.13522753161289336,0.038079507804036176,0.7503252976802272,0.098939924866228,0.005462600231184395,0.012290055674837076,0.2566814729010574
SAMPLE_03631,0.905374497873891,0.08717578078823976,0.039544677103145146,0.7454388938690557,0.14178780595846355,0.0008546650467424578,0.019180876989174023,0.3117771980193678
SAMPLE_03632,0.700911580440108,0.24517080533505395,0.039480574512400925,0.7498051582863102,0.06592497554785863,0.0008943651813990379,0.02177085273424786,0.27431478401900483
SAMPLE_03633,0.5907988047989461,0.09913474400746057,0.09013622687588768,0.9746090348414344,0.28854511053401993,0.00045361632163901344,0.7570189277685926,0.5452153662552529
SAMPLE_03634,0.9995394551620789,0.07043677894097344,0.06876137350945222,0.039771726347086644,0.07436677361233412,0.01938771430606517,0.02461619668834145,0.0792828150902674
SAMPLE_03635,0.9995613396591216,0.06956569601570131,0.1850543392685283,0.16405419878246952,0.1053494169682422,0.030870540333207616,0.08914496662543289,0.12640322915341104
SAMPLE_03636,0.9995882746118633,0.4005218286806671,0.06028623574850772,0.3688644281107253,0.17654292856762058,0.02335042939510284,0.021026541794749463,0.1501387297376608
SAMPLE_03637,0.9994568927542615,0.3713855948681366,0.18609192956009646,0.749725683363286,0.24283618494370146,0.028025734224459375,0.04768638773688881,0.39419849214033664
SAMPLE_03638,0.9995999596453546,0.02879240184650103,0.0299127217121253,0.0759188255318892,0.0421352381828357,0.00512398788734704,0.017878841125481805,0.05940931079242321
SAMPLE_03639,0.9996301006248162,0.07806580374707814,0.033062502333763975,0.013676652962864622,0.07847160294801442,0.008606039295103705,0.01834447008764917,0.03222556902921738
SAMPLE_03640,0.9993481935619203,0.13292999171558517,0.07716708465736544,0.7468047297927924,0.10329825553568714,0.038708478589652096,0.04668457149034367,0.2842805898085907
SAMPLE_03641,0.8871946334946017,0.6130271020884516,0.43129627280395,0.7492212817465407,0.6614418412929347,0.005468740153556171,0.14248296457722356,0.712327059313939
SAMPLE_03642,0.0869642643221484,0.06258376260290753,0.036506713685963005,0.26928210305254646,0.14100876918053745,0.0007266808612267715,0.7533618679132983,0.09077014455810459
SAMPLE_03643,0.9995016108775121,0.1490614125487224,0.15587883917061118,0.06719954117427501,0.1702782069932826,0.0887140025751962,0.09347673332950991,0.1550203561759876
SAMPLE_03644,0.7136749352463362,0.10135831336848616,0.1341854230457169,0.389041523729448,0.20119447471421875,0.0005022416437235606,0.8276840568896806,0.2123270074702366
SAMPLE_03645,0.9992214916766388,0.13516939997146432,0.0822805034160442,0.7491374500594546,0.16838796960694813,0.008154661676471362,0.03066093863259933,0.4568454505082823
SAMPLE_03646,0.9993439550172153,0.04560583429992911,0.02398784928675273,0.7347367949866213,0.04635833310791915,0.007346153303117965,0.02513091854299349,0.24546506941744012
SAMPLE_03647,0.9994755844083454,0.0655802901991123,0.10418233602001906,0.07304856803324464,0.14831260967655843,0.01799918328024716,0.03169234962394484,0.07497866898846453
SAMPLE_03648,0.9995507543449387,0.05959367603323801,0.06435681959895284,0.21759058081697502,0.08921031809940394,0.043167171266701394,0.026788170444915816,0.10486960707402361
SAMPLE_03649,0.4699593177458131,0.22011054863756654,0.139650379097011,0.7404762076456681,0.1794383493251125,0.002069318895561992,0.02983688851940825,0.2913696535313191
SAMPLE_03650,0.9999999999999998,0.9004480774999182,0.877909287322538,0.9991563727431574,0.6374966811571692,0.9999999999999998,0.9503987004448332,0.6816876385146733
SAMPLE_03651,0.9995493420217965,0.0427204041729895,0.04073630406772766,0.017460646880201113,0.0376587347819952,0.0058183958245146775,0.02460925171387089,0.04107060140887902
SAMPLE_03652,0.9365143477349582,0.21821000498665488,0.194757351901506,0.7394595656681768,0.16127648985450865,0.08196227298420629,0.07562428952550088,0.28325862201301033
SAMPLE_03653,0.9996062712895745,0.048047767188130454,0.09639462071799464,0.08856682956478631,0.19010904527017453,0.004103467341460211,0.025635597643154363,0.11310412367325316
SAMPLE_03654,0.695929197188015,0.26395888114156363,0.053543878427552566,0.7493276576569212,0.09472302225878941,0.0009668972174913839,0.020640869790352054,0.42389658274723807
SAMPLE_03655,0.9995422848384539,0.06290216356072191,0.0969374296064164,0.028577177788029696,0.11370863759615576,0.01348083038716789,0.03104522140789859,0.07111465455290433
SAMPLE_03656,0.8928547499527631,0.38656017799373305,0.5227635764131846,0.32942953023621424,0.8329613985013105,0.004608736992231096,0.060031807252861356,0.7872373678825956
SAMPLE_03657,0.9995411813982183,0.08784059405167471,0.06018578369198717,0.041897019914931305,0.060724005287360966,0.015034022532158351,0.024512162372669104,0.068309275629289
SAMPLE_03658,0.9995649907521782,0.08101962515123354,0.09334990485759113,0.10733758695428358,0.11300132680176433,0.00785701503443599,0.0379992539458139,0.0960115785620781
SAMPLE_03659,0.9996036076447583,0.15610597642696283,0.12311827624471636,0.5373418741582696,0.16318197024297054,0.034433672058600165,0.04297582649933911,0.298136460331645
SAMPLE_03660,0.999567769896045,0.12571418816359392,0.1603320169293064,0.06073099326008931,0.2156438593900541,0.022630924046169235,0.06252928119068309,0.20139901489330592
SAMPLE_03661,0.9995715041818612,0.017518756416806266,0.01764286294618604,0.013109388402800785,0.024235399093616827,0.007056865279893343,0.01228453339713011,0.01908605229791645
SAMPLE_03662,0.3304119016172415,0.050689343421534645,0.07570134727752165,0.38552119210523494,0.061876342869779014,0.000859696059116747,0.7824916896495533,0.09491011224265866
SAMPLE_03663,0.8791604363272411,0.29057367373827636,0.45335987271898454,0.7238716667134539,0.7585989223958928,0.0031946581106560793,0.09402540342222378,0.8216056626604566
SAMPLE_03664,0.9995920290086602,0.0253007505821526,0.028846860772087396,0.026707203833347286,0.050302409812003866,0.006429672060513534,0.024185298091782402,0.07265883180135252
SAMPLE_03665,0.9995749496860012,0.827834843724566,0.9114668299697619,0.7255084345909464,0.8222365316702986,0.1918183213923432,0.2258116630503154,0.9128804984527041
SAMPLE_03666,0.8502664329147076,0.12675236155271824,0.09840081118252891,0.7457448396200418,0.15826319543695538,0.013353225325144033,0.022919134404267426,0.3059117630513819
SAMPLE_03667,0.9615877227707681,0.3151736765289689,0.15317718913900213,0.704809327246502,0.25652070640130303,0.0011958986653464922,0.0593942510059602,0.35048286200664974
SAMPLE_03668,0.7534373232109618,0.2370641240774163,0.17641027469747383,0.39270044629710094,0.45417487148245406,0.006272824470207629,0.7732588919225294,0.43027135930900995
SAMPLE_03669,0.9995572695244741,0.12012519035989794,0.0915790338709298,0.07591942173593877,0.10642183008468922,0.011945261809792173,0.0341361638963423,0.10286946781498776
SAMPLE_03670,0.9995573766989856,0.01738725413143569,0.017532017456606628,0.06462938546388636,0.02170587841882093,0.0029422927373810998,0.011286907279043554,0.038931157637898756
SAMPLE_03671,0.7467954283198531,0.18881478203701305,0.2092250958085827,0.7480937135973849,0.5993417103445751,0.0010208671432218046,0.07216529677266642,0.47200219430606716
SAMPLE_03672,0.6476306509294008,0.10936484180459748,0.07660458390845211,0.048487633217439804,0.1944442883598418,0.0012980169883915426,0.013546201815912332,0.341095499077256
SAMPLE_03673,0.8544537857525979,0.07595918160166144,0.04464562776623893,0.746171444574429,0.09633810919865773,0.0011605503241699441,0.017902283199836815,0.29589945097137105
SAMPLE_03674,0.9995581743485181,0.11582062374733892,0.05667792026007566,0.12363546012601206,0.094089190767629,0.048668839381542435,0.028492291424021,0.09005604205962423
SAMPLE_03675,0.9995675056292102,0.038275819014104734,0.038570556266243665,0.04587175386207866,0.04183704425692905,0.018107994772454943,0.016107677790926173,0.043912779594285176
SAMPLE_03676,0.9995642983470778,0.07606666774010343,0.09463301270076302,0.1065812274715162,0.10001417619272901,0.027884832466209795,0.057517784134683905,0.09367514815392408
SAMPLE_03677,0.9994654072610346,0.17696894429852894,0.21902924870628018,0.051094524511450634,0.17464530484707633,0.04225934164444839,0.09926674134391267,0.1864658254999389
SAMPLE_03678,0.9995323732817214,0.29998524433669277,0.15602274586150855,0.7489259552586175,0.3290248027521868,0.042588875979121026,0.049203221475978276,0.45943143135721387
SAMPLE_03679,0.6249198015281567,0.21858420995605565,0.40847585162950206,0.9637485492158091,0.667172333979904,0.00039480905732895065,0.8222690137239239,0.8486649886726402
SAMPLE_03680,0.9995213083922179,0.06838487278291686,0.0987236029107009,0.1349830001408258,0.06425160590628377,0.018057761347392037,0.03527633915801667,0.09063901532455437
SAMPLE_03681,0.9991610280270968,0.10707748441934331,0.10470148298726387,0.7509378363229826,0.14666136498395607,0.04028141065632743,0.0345325838357664,0.30469741020964425
SAMPLE_03682,0.7370092412218272,0.10459871419269662,0.07507354688551082,0.07934742331923844,0.21028263571141853,0.002298137832170828,0.013863144739118457,0.2529124327877553
SAMPLE_03683,0.9995311870881712,0.25172404605498633,0.049730048795082964,0.4817683968472768,0.10272758888290018,0.013187965738002998,0.022937611657806434,0.10026267294643981
SAMPLE_03684,0.9995353322204197,0.03553262206564966,0.025530851931940057,0.012043174051915025,0.043346220020237046,0.012749135707354031,0.015020041100474373,0.027606042914904247
SAMPLE_03685,0.9995530229009806,0.24455069611655128,0.23637303879011012,0.7647750510345837,0.332810355232506,0.09935446465229206,0.13862032304719032,0.38859880357940874
SAMPLE_03686,0.9356984972688687,0.5557557779818072,0.17230995409080269,0.7485348937252959,0.7090991970729336,0.008999551784224319,0.038530486837773714,0.4241576015613234
SAMPLE_03687,0.9996234897217245,0.07527987434401626,0.09851913397874446,0.030564431344101108,0.11579373989809869,0.012318028682842392,0.028886223974180853,0.05905361223083924
SAMPLE_03688,0.9995665457180252,0.11382170107313366,0.07005140084876348,0.03711198586488062,0.11905542873966088,0.014776933124031156,0.0365360413876723,0.10232876022722842
SAMPLE_03689,0.9994476195203235,0.029548368294221836,0.054918094676495055,0.03208577245041381,0.06536959726310883,0.012928761002691658,0.027965176977181226,0.06369664539667379
SAMPLE_03690,0.9995276495378393,0.08439242589516051,0.0828326379200712,0.04990356949322122,0.10177719499796811,0.016858290887274273,0.019586764324172102,0.11989828331644198
SAMPLE_03691,0.49381047522169685,0.2979857504930122,0.2549696778951151,0.9970170424661473,0.6388783624364869,0.0008128406625827962,0.812227601834389,0.8428708438664163
SAMPLE_03692,0.9995563617620945,0.09754000376543284,0.04197445282551673,0.10613743035010652,0.0845915008726121,0.010904783896030022,0.013776607989508029,0.10273189355954634
SAMPLE_03693,0.9953007617113631,0.5832181996478197,0.49560766794485,0.8304722960310544,0.6671615984416943,0.24041247730459042,0.3147344562268517,0.5513467696908082
SAMPLE_03694,0.9995003465178117,0.05174780031248325,0.12347757239765066,0.03885024259144765,0.10204811274362151,0.026813439182657366,0.05763291588170721,0.09833200705766083
SAMPLE_03695,0.9995487580584189,0.051143446632217156,0.07113584353670492,0.04363144159271015,0.05515615623023722,0.00499431366104933,0.030054251346419023,0.04622124701126054
SAMPLE_03696,0.8229053068784372,0.15945297562010918,0.17910131913600066,0.7480809289543899,0.3282073881856645,0.002947433380589788,0.036986705360651066,0.47784141400604935
SAMPLE_03697,0.7098030897972054,0.05257797093640032,0.1101233111933389,0.16940680041207581,0.133977107927584,0.01709920385184932,0.02811913574150172,0.10906904904337403
SAMPLE_03698,0.6382252224603858,0.2271547817076321,0.19660615898888825,0.06308854218304162,0.34118537664143284,0.0013178854433622002,0.023105192366307113,0.397424677439718
SAMPLE_03699,0.8421293928918797,0.4517245206243683,0.057034441132045394,0.7414577656078115,0.11064788702189668,0.0009920290714664581,0.014919491387211442,0.30341502139628823
SAMPLE_03700,0.9996218644636536,0.021188698047751746,0.02562468194007823,0.020150210901620565,0.038304680496753986,0.006572815329994237,0.028717973806579936,0.06281079544200027
SAMPLE_03701,0.5456431253002756,0.2725356941872883,0.24082841146553813,0.7498746549865809,0.2794340284100363,0.007155744747542416,0.13306490087246148,0.3505256679922921
SAMPLE_03702,0.999516760683462,0.2634219757310251,0.26667915870733844,0.13263817115277535,0.2607224224149214,0.09394541665552875,0.08707644325908417,0.19687802980683897
SAMPLE_03703,0.9999999999999998,0.9808740971870362,0.9802380358107123,0.9985272755894818,0.9762849592048566,0.9999999999999998,0.95040992734785,0.9737435884598655
SAMPLE_03704,0.9995833892814071,0.1767905317650718,0.17581621504927739,0.05315812744701438,0.606357391376324,0.04643663709620467,0.047834938927566545,0.5397979310479465
SAMPLE_03705,0.9677329326683797,0.49693208698565366,0.371192125394314,0.7481333474631608,0.4716135534391277,0.0034900988355491182,0.14811217476894506,0.5670585014446545
SAMPLE_03706,0.8434709043039205,0.2881354471451849,0.07988397564162852,0.749070890866956,0.16881070047735888,0.0009280522500108208,0.0619528811839973,0.32842886436928326
SAMPLE_03707,0.9995454069735459,0.04912552124908248,0.08064873517069396,0.046770773511589925,0.08248080439553887,0.008437281798648092,0.019264609673731396,0.05727899679719023
SAMPLE_03708,0.8609415225300203,0.07979696001147343,0.07460435396876876,0.27320780024830715,0.11172227031488642,0.0005892029585728963,0.7601003009272824,0.11484728101050573
SAMPLE_03709,0.9996232651198876,0.6552436568852795,0.07520596454181405,0.5935309096199628,0.15931355818005166,0.019466964065946765,0.021774045171735385,0.153657789611009
SAMPLE_03710,0.999549108406445,0.03489085458601337,0.05175616993843733,0.03508485366208078,0.07277773237655097,0.008323209064301984,0.023622957210089925,0.060823317877918275
SAMPLE_03711,0.9095328796104907,0.620331017157972,0.24990360636762018,0.7476981983169906,0.6396545084004952,0.000993632171644353,0.07680842972724551,0.5597577656964159
SAMPLE_03712,0.9990498946082342,0.17284651007484875,0.08848616260816791,0.746647566893089,0.07620681309369182,0.03113460629895551,0.02867049737837752,0.26392747096865615
SAMPLE_03713,0.9996125552282146,0.02245041544145561,0.05946464903191065,0.04662102147756303,0.043932775186801096,0.006606531557798615,0.027174075601135907,0.05901177072382614
SAMPLE_03714,0.99964352846642,0.11690793580232607,0.40234796399098727,0.1732275559218428,0.09506606258138467,0.06589855684653023,0.10380813985891471,0.24089558248126705
SAMPLE_03715,0.9996051628706673,0.28362312541508405,0.04941883139691597,0.23291558505886575,0.13130634054665374,0.004875953006799741,0.017559634885796458,0.10785054294173563
SAMPLE_03716,0.8977492327660896,0.15834837171963026,0.20807603330152993,0.748851886004839,0.4909914102444226,0.00108018279259905,0.05166154093118452,0.6129037585133025
SAMPLE_03717,0.999563523392762,0.010804048574470456,0.017096084441892912,0.02306124263038065,0.013873490595381774,0.0036426262438465614,0.012451051408243166,0.016977584383213392
SAMPLE_03718,0.9995479117247976,0.021962209725517108,0.05112949948323647,0.0434427370370921,0.046268637923874145,0.0048231153169898365,0.028713050366917837,0.04651097148560285
SAMPLE_03719,0.9992819979411701,0.24595310244366259,0.24771987385174105,0.7065825703228805,0.5326276814979747,0.025633482841360834,0.04789109364074947,0.5668051134026858
SAMPLE_03720,0.9994940498936423,0.1751451270212942,0.09687220319800591,0.0825596118643935,0.15609841865119717,0.011434693842136315,0.10799817051002222,0.16801863191650773
SAMPLE_03721,0.4215047606233463,0.05620752509635071,0.05454885554060189,0.2552575045878141,0.08751855990349829,0.0005900568765829523,0.7549385412995553,0.0690936390671929
SAMPLE_03722,0.9999999999999998,0.8855861186100193,0.854031209049184,0.9991017635333883,0.5758896432219942,0.9999999999999998,0.9504352525786826,0.6702012366196344
SAMPLE_03723,0.1614860977982632,0.03485409260815314,0.038049400541591345,0.2569351243328466,0.058011315657796755,0.0005179540356043341,0.7539504026562147,0.04767433416184209
SAMPLE_03724,0.873414994728642,0.19677195834261696,0.20141517589141042,0.9975666043271476,0.5793622164376561,0.0007241227019632511,0.7772615622353751,0.7623572600090335
SAMPLE_03725,0.8098159012995299,0.13349245113141575,0.16026338936984025,0.7472681733245727,0.30996413352518515,0.01112221046430439,0.02765671336372955,0.3158445654049959
SAMPLE_03726,0.9981950349650995,0.12185681217273961,0.3941628864651424,0.7480293103494458,0.28769332588816177,0.026775659850552833,0.07701832499615216,0.48942337627633653
SAMPLE_03727,0.9994002124167706,0.4628517426270883,0.1397350161008672,0.3225230343133655,0.27401851433446284,0.03554015318746408,0.02865362885191834,0.19814817091922782
SAMPLE_03728,0.8895214402386792,0.1289420476835948,0.1249401727186635,0.6332125969447429,0.20831806521389795,0.0011410311579972553,0.03421357037129591,0.24412410557243988
SAMPLE_03729,0.9308678563726736,0.8614110808691462,0.8455816815901123,0.7492960540257116,0.8851441578334222,0.4663377605643778,0.17937508349444556,0.9465202728279409
SAMPLE_03730,0.9985176951005358,0.3753762801865036,0.20407697871617192,0.3995041872085588,0.6164135543012528,0.0065515474675534174,0.10088627532573582,0.595527344525225
SAMPLE_03731,0.9995612732439483,0.07457169512945738,0.10260915504645016,0.1712514706163319,0.10802141823332123,0.011116815537132608,0.022706187405408536,0.11531201655935723
SAMPLE_03732,0.8716112028273902,0.18737266802221678,0.22905255858855872,0.6027033395194079,0.6869002564802171,0.00045820677450796076,0.7834659248175828,0.7948231018996246
SAMPLE_03733,0.4924187921995822,0.24531706732410408,0.15581364940503142,0.2587281680528674,0.40280587534959167,0.0006238926195807632,0.755849982462327,0.3772141069909274
SAMPLE_03734,0.9994589848009969,0.3744441903583506,0.3666492278050662,0.7425848392423005,0.2190710370604353,0.029064041613355247,0.1330096909989032,0.31728785337229076
SAMPLE_03735,0.961996849772097,0.46084591409521547,0.3220004232708209,0.7281737090193509,0.8413512884118668,0.004708931546115539,0.0419065344777034,0.4015685327658363
SAMPLE_03736,0.9994408214769532,0.15428580225951005,0.08484544819594807,0.74280660950765,0.1526149846739527,0.02240794801248178,0.07084886666231041,0.3088377813781592
SAMPLE_03737,0.9999999999999998,0.8640474373392182,0.8571394720721048,0.9991387490308026,0.4881506067967337,0.9999999999999998,0.9501261958304593,0.4965658394518126
SAMPLE_03738,0.9995484265431785,0.02362055863894173,0.048137651448091186,0.014744555194578639,0.054077176979482514,0.006022814068418515,0.021590737572009622,0.03312906401174051
SAMPLE_03739,0.9995729954651476,0.04376816841171038,0.05213552331719326,0.0991802924515171,0.0646695616647508,0.030777796092175666,0.020520434006592665,0.11392729761910976
SAMPLE_03740,0.9989725940623271,0.2764646612075966,0.041803220775498834,0.2347948608894611,0.10960438067219709,0.015403193656282052,0.012323725564296378,0.08748156581653901
SAMPLE_03741,0.9994448812932493,0.02121453545791799,0.02442653757551527,0.026688853154741052,0.02652892371796705,0.004114345049104151,0.011877964560302165,0.0350272252529422
SAMPLE_03742,0.9995404225079566,0.07341455905536393,0.06125469706526279,0.06958588121757454,0.08105652096831409,0.013840540818117484,0.01791877529291526,0.08314030670205177
SAMPLE_03743,0.5855615569195642,0.17469439341900722,0.2193187182624166,0.07578216183609603,0.37853491268263917,0.0011371970935564646,0.03466186710091754,0.26399021720148474
SAMPLE_03744,0.6731730358671377,0.26835302015739265,0.2491131047610877,0.7428358431763932,0.4361968213531814,0.0015862226690579843,0.08539788835438088,0.5463938205469584
SAMPLE_03745,0.7777378006599167,0.09615097089354671,0.0998117055996458,0.9107409881242696,0.20208137000936194,0.00036795126453425376,0.7544603353230099,0.3808869677441433
SAMPLE_03746,0.9996050046968438,0.05362863212464601,0.0985896513956185,0.15282990110913025,0.08232464369481748,0.012415810337715126,0.03551091807675605,0.0879860880640484
SAMPLE_03747,0.999344142226295,0.30160805137030067,0.16086060123285056,0.35104070079282923,0.23625771163147952,0.07421944722906458,0.1138704648835553,0.23452857154413947
SAMPLE_03748,0.4408742287347546,0.05776035250022763,0.08455682384231247,0.2802734096945589,0.07282190717700143,0.0010019110325844196,0.7664940527036648,0.10440000515413517
SAMPLE_03749,0.999518046888783,0.04014785737262974,0.12301341743412558,0.09683620126228566,0.100745542952271,0.004098204535867171,0.044447680668306566,0.11672610917745156
SAMPLE_03750,0.8386118088294161,0.38959901482811166,0.3578398870936314,0.7312222643215632,0.5361955304657926,0.0038533517138896493,0.08744127901571676,0.665651675293408
SAMPLE_03751,0.669168376170299,0.07850723493634855,0.1033284097873032,0.2572829387056289,0.3732340606130868,0.00043471285878664056,0.762355677029303,0.3580301483460585
SAMPLE_03752,0.26924901976436194,0.047382937529493935,0.05356499524152053,0.25714757973589136,0.07281633120665978,0.0006259205520400736,0.7582629347658099,0.07857643358104646
SAMPLE_03753,0.46370218286602377,0.029239757396089104,0.03589333139823447,0.4003490993335893,0.04816100955640411,0.0005297138407567456,0.7642824954289484,0.13640462745642468
SAMPLE_03754,0.04404332011052621,0.05031164459249922,0.03158705071428154,0.990716151745681,0.04427063725735898,0.0004428963052074351,0.7527968299653678,0.2618842614770833
SAMPLE_03755,0.9991770387623654,0.23143436629365194,0.40838403208427254,0.5174612579603435,0.24938730658575464,0.26934743680103496,0.15712671561962394,0.2988539759211683
SAMPLE_03756,0.762189189088656,0.17550179711624037,0.08272930564922418,0.7493258669804179,0.10953207839043683,0.001167447423343254,0.019552358395135656,0.3468319021612033
SAMPLE_03757,0.9996038897689593,0.04097596753673438,0.07648926341248498,0.11818735176657433,0.17275964921586417,0.005435755809828305,0.018541477524703302,0.07406351665036309
SAMPLE_03758,0.9993176738086434,0.26759604903364986,0.11823179738466512,0.7487202295054146,0.24202372907424682,0.007011267283654571,0.05313779855724216,0.3497978178576131
SAMPLE_03759,0.9996223994538381,0.2919333493801182,0.026840414652063348,0.3299359063665861,0.10840517685050474,0.004771901088062434,0.01593840962688431,0.15523684510196606
SAMPLE_03760,0.9849888014732802,0.597625896321262,0.5091420331755896,0.7529816721035768,0.47754197429049294,0.005918751277390335,0.12354582316899668,0.5707192002178852
SAMPLE_03761,0.9994531176658764,0.09975892355883571,0.057350761767374386,0.16747475912288612,0.14922021559836374,0.035465498772663896,0.023239024174467476,0.1773669604760112
SAMPLE_03762,0.8343680395364128,0.11255288464980111,0.0732295299180137,0.48701291810572156,0.19257854507970687,0.0004014119762820685,0.7697591927785308,0.21521896649085095
SAMPLE_03763,0.9994986144874792,0.03938405158419786,0.045089742992688,0.022413178022313025,0.11795179001474747,0.003188262289781801,0.012437028184030143,0.039640279614832366
SAMPLE_03764,0.9994624379676124,0.2932338179622426,0.07425491626695623,0.7526513081937615,0.08771508152501968,0.025038145552279407,0.03261282456342132,0.26881832242221243
SAMPLE_03765,0.9995570323340011,0.05093408036679405,0.05929280254919791,0.06747034233588974,0.06061378796072872,0.014185867852390765,0.04770652928942295,0.11279924548992443
SAMPLE_03766,0.9996061256903745,0.32726335549541014,0.09392218847621603,0.09671014941751646,0.21200297203186474,0.01326449829312095,0.027036521606035882,0.09993170315777725
SAMPLE_03767,0.9996004330100481,0.06121867419906117,0.0564681209846456,0.029228272203731767,0.04857579792961074,0.006380626706444209,0.04214163458127078,0.049779826834897095
SAMPLE_03768,0.442574755925605,0.04436073611011246,0.02272280980095785,0.9965582097368687,0.03544517681251653,0.0005540652408138596,0.7547108266500375,0.25639059901295413
SAMPLE_03769,0.9995067890449861,0.02319671652320534,0.046997474626470706,0.02012390143429056,0.035383611078917715,0.0083670936482423,0.029340999264225155,0.030204349747345358
SAMPLE_03770,0.36777553877722396,0.06791374325637366,0.035056448510069844,0.9977262512935329,0.08513118438200405,0.000503327998354191,0.7540634890030886,0.2942770420401743
SAMPLE_03771,0.9995228201748303,0.08683934732667131,0.11895987337712975,0.09627849437180246,0.15345247514289598,0.019086354277403905,0.05351878445237511,0.1512016823054096
SAMPLE_03772,0.9995795994160265,0.0857751322305749,0.20399989154024867,0.2642423552933768,0.13097265025270852,0.028617695895411896,0.06733307617968648,0.18370270308169756
SAMPLE_03773,0.8478805111720074,0.17270095955346254,0.19532965213335193,0.7405438332869154,0.31869217774155073,0.0026961394593378787,0.04985065064991079,0.40854498135574857
SAMPLE_03774,0.913531001453203,0.4079494773675146,0.8576634229753846,0.7450819457395862,0.6701905075077329,0.0057322105354258805,0.14095244972736484,0.8223448506782196
SAMPLE_03775,0.9995130719459526,0.15630809966689052,0.12540489965008367,0.26248196552633196,0.1147411211235635,0.04310402110201846,0.05420579886404396,0.21407520561699533
SAMPLE_03776,0.9993829271642866,0.06984483227627869,0.05376008504816879,0.053877950908762656,0.13893623821416312,0.004411938435346017,0.018923809559080726,0.06954238750964041
SAMPLE_03777,0.8686339944521796,0.06999569221347109,0.030450918962724175,0.6959129741864618,0.058358773359796945,0.00039652086958957985,0.7529043427290603,0.1670132400531602
SAMPLE_03778,0.9992869190431636,0.025382645263901146,0.031981086434288486,0.08261420320998877,0.03657657959832036,0.005086238796259911,0.019709395938211114,0.06051764396277777
SAMPLE_03779,0.9995910541581494,0.053015326587886526,0.06566838950757062,0.03335234918983386,0.1488744184272987,0.007817407415179315,0.0188583331992892,0.06849348369270736
SAMPLE_03780,0.9982903616339518,0.12351508442652659,0.26031177861611315,0.7525845082581637,0.23685288667282278,0.13372544942510162,0.07194261978123459,0.33819622073097644
SAMPLE_03781,0.7909721325201029,0.14246982947816444,0.1800258699935504,0.9947553278146136,0.6021240137118737,0.00045500469549811056,0.7746818232635104,0.8206155794507616
SAMPLE_03782,0.9463364040347422,0.36695202354756873,0.17982492400861577,0.7484362562579099,0.7293699696080171,0.0025787912725211393,0.04038431966712627,0.6177013557240887
SAMPLE_03783,0.9995687990941954,0.05502105685224197,0.051806417037075864,0.055735587990980065,0.05722418835440377,0.032425064783873185,0.017610836166583002,0.04998805196328514
SAMPLE_03784,0.9995678793675837,0.06971891847335329,0.1897436259122693,0.21742456752942024,0.19409665326608777,0.0167802191429701,0.0692564567547805,0.1514914597354495
SAMPLE_03785,0.9995717913364733,0.26558581604240555,0.37971911188504315,0.7096767428941536,0.38310338345912986,0.007078939115143953,0.1306907044623525,0.40727624932689077
SAMPLE_03786,0.9687940637422466,0.40920524816146386,0.20158991751486072,0.7463677199292588,0.24286918162423712,0.0012839485618313855,0.0782505067125019,0.45942105643067377
SAMPLE_03787,0.9653145531090528,0.4660190061379853,0.16505930742228817,0.7489249754861801,0.3516856863991136,0.0011233395513821293,0.06031154820636401,0.2796493029797594
SAMPLE_03788,0.999568993070783,0.18365877504281553,0.044021674957458845,0.06522521141931717,0.11256668765404314,0.01087038935093794,0.014272580374529364,0.08755783712543143
SAMPLE_03789,0.8182219108914026,0.17255236012514846,0.2205660931539103,0.9574104046930401,0.4979248417734454,0.015990020858581585,0.8228469987115357,0.464036629457918
SAMPLE_03790,0.7451673692317818,0.2708772557094442,0.14025455857690505,0.7496012026701686,0.25085137491656495,0.0014038034591109055,0.06835229795580296,0.38875360105471074
SAMPLE_03791,0.9995442511843715,0.05572251697364253,0.06691250564653012,0.011351230404363854,0.07078861835391356,0.04538063328282191,0.027935018660391168,0.05468932009877779
SAMPLE_03792,0.9993538657012492,0.1485626781081291,0.0767027446280438,0.47645388480748346,0.15117319151896536,0.029432502777724977,0.014091888212316378,0.16348653977713948
SAMPLE_03793,0.9533511796399561,0.32210909270711147,0.3175799084640528,0.7516199530781612,0.4957904323709332,0.0030662927077772235,0.09467456811694581,0.7452345581867668
SAMPLE_03794,0.9496034000466281,0.22833344959623006,0.6413300096584666,0.6920272656039702,0.6913503882010344,0.004116646535489847,0.893151947598603,0.7713573346624801
SAMPLE_03795,0.9583378934411112,0.46172561087161706,0.7313273498096752,0.9711836569389012,0.6542365839752039,0.1410648404538772,0.6820343732735396,0.808500628086634
SAMPLE_03796,0.9995323888285665,0.753679652865068,0.8137139783586373,0.7150623803190982,0.6795101311278864,0.24284429387307133,0.19053427281513696,0.5964223030770466
SAMPLE_03797,0.7426622693989527,0.0873967593575398,0.07005461100056803,0.749931226946758,0.34282587513622004,0.0015378628961430797,0.015280425606849607,0.44916151005752303
SAMPLE_03798,0.9990438083228511,0.07294464985913782,0.03717055872689568,0.018197414128964272,0.14479369315263618,0.004559262334827577,0.01589260904080199,0.062143733017044095
SAMPLE_03799,0.99948066181231,0.10317659902348503,0.01943299033504043,0.26851756217947625,0.06731527082089332,0.008411914424861023,0.015303656128583833,0.1330527036181399
SAMPLE_03800,0.7041330106983006,0.36270204356649605,0.1518162990328341,0.48656468872381387,0.5860212016355906,0.0028412504037796577,0.019165434611830783,0.44163648540955663
SAMPLE_03801,0.11393431784512006,0.0749089372633386,0.08536184721260665,0.25896577523677505,0.16222898908348013,0.0005321732936921871,0.7547664254444149,0.17371682845365555
SAMPLE_03802,0.27653902244335155,0.13919451818001102,0.18022915287162103,0.2731088654106703,0.4283030154898666,0.00044948870928212875,0.7683137979231167,0.4362536441007055
SAMPLE_03803,0.9992638735678914,0.1299687413206735,0.09829022553162742,0.18301695531923226,0.3119795176751966,0.018770256417086125,0.020053309188214,0.24137965801741362
SAMPLE_03804,0.8482462054619985,0.08667414905701072,0.06447974122868987,0.7494850943200214,0.16330081443429922,0.013792279389350952,0.024638993982418308,0.2618321719713299
SAMPLE_03805,0.7107740759920771,0.25414623456571916,0.2104398244248435,0.15509049897139518,0.5316978701021622,0.0017557768708171214,0.028408732025893797,0.4790764656298173
SAMPLE_03806,0.9831829098289225,0.22250850795287302,0.24238910706516748,0.750295836608836,0.3783981909202662,0.0022396005704739853,0.08452386623441126,0.4777522342439851
SAMPLE_03807,0.9996126515755811,0.06973507719920741,0.10093918972834429,0.03302973824332632,0.08976697048932387,0.0234413596396824,0.038403066397923846,0.061062069747102266
SAMPLE_03808,0.9259032205280557,0.3846634306677956,0.4233747335988859,0.6827797474234732,0.41233576248860776,0.0011285074248794287,0.07499857407835965,0.5351899673272107
SAMPLE_03809,0.9340476390601686,0.17024921654795694,0.13840436095055186,0.7490076111608367,0.3114602999579231,0.003466437881784427,0.03896622022354159,0.29704666229222343
SAMPLE_03810,0.9991397681116018,0.04063957283626023,0.02869484268845481,0.027159071390001652,0.05551672363663608,0.002188583774543436,0.014286006660011077,0.039161937472348654
SAMPLE_03811,0.8108351149034817,0.06150555348974604,0.08150971675512846,0.5010941661211944,0.08288718494842763,0.00040710845489987807,0.7539898761708401,0.14215444204984973
SAMPLE_03812,0.9970017121616616,0.09129648814461168,0.15471121002659977,0.7480544875986717,0.15266048402174853,0.03746762948317743,0.03838092788170873,0.27832802169579174
SAMPLE_03813,0.31473119086493556,0.08909525006818864,0.1162230178061166,0.2673231334752112,0.14558293757604723,0.000634895668170876,0.7723075933259917,0.15592968581025607
SAMPLE_03814,0.9995117453423675,0.114854336098937,0.0643250524878315,0.2026023088116654,0.0741764674161852,0.008877121067390054,0.04124510069467063,0.10904308637712201
SAMPLE_03815,0.4690395388285377,0.06695373894068331,0.05862117255652406,0.2662225271741635,0.13344076698590812,0.0004524589354445415,0.7574692489696115,0.11203513781380921
SAMPLE_03816,0.999334286732338,0.4083446375576708,0.39505014621621215,0.7468364908171211,0.40677318035404125,0.04114007252833965,0.0528427202063482,0.4321645896726229
SAMPLE_03817,0.9996094447021167,0.7880517058189177,0.737276994015009,0.6950011432959643,0.6049694394303538,0.07794415341766227,0.15183584522931337,0.6699656873343993
SAMPLE_03818,0.999430098135491,0.0461796777604699,0.12294779678777086,0.16521951053045786,0.05003176853265942,0.006285508802365832,0.03875371801490449,0.08352934906538358
SAMPLE_03819,0.999480148535264,0.15904329862320393,0.13394836676778482,0.708137024794807,0.2113171012204944,0.008416906463678675,0.05976809761645621,0.2718957292682565
SAMPLE_03820,0.9995458895855338,0.09329596397044489,0.07431020152376624,0.1909366630323594,0.09954262134674452,0.023892861185900678,0.0676094584463102,0.13004275293465292
SAMPLE_03821,0.41001119150539495,0.1174098413312411,0.08352285204453262,0.30178499308476653,0.2541739696627432,0.000511742061525413,0.7746870503025625,0.32924395103716764
SAMPLE_03822,0.9995567509072796,0.02750674336686692,0.02063186911851744,0.0629861691619083,0.03799204290228834,0.002140852521300445,0.020369054730835886,0.047443240273844806
SAMPLE_03823,0.999619145039719,0.4656046960107191,0.03329637850654256,0.2174341474044339,0.14118666222400247,0.006105194117870863,0.011708145080117995,0.07912317870953184
SAMPLE_03824,0.9995531309492209,0.448620772707614,0.669107981181509,0.5658356066929418,0.582101226546685,0.12272285646538461,0.15931326155413505,0.5994658808185153
SAMPLE_03825,0.9995635275443764,0.044088051146149845,0.03651975624349635,0.01007986609270728,0.03968934843487992,0.006802084545564276,0.02131106384788423,0.03340043550073932
SAMPLE_03826,0.81689065189426,0.08441910403067932,0.09167214951969967,0.7563492874292992,0.2084632572590075,0.004652600151476255,0.04296413043717884,0.39010516568902015
SAMPLE_03827,0.3665597097866681,0.0657113842693107,0.06493367055987816,0.7394783737654582,0.1426787020306865,0.0018364313029708133,0.03337856882408087,0.30020162072796436
SAMPLE_03828,0.9996101164046483,0.06789434087122173,0.1688711263091206,0.13822406864405434,0.16451695291297375,0.01326676820773007,0.04926243710139552,0.09692860727384237
SAMPLE_03829,0.9996115630887626,0.06303542351092453,0.08341092652724673,0.033173320155583774,0.12369221075054827,0.010744654827462228,0.04458868875079519,0.06754165191306738
SAMPLE_03830,0.8711770312272669,0.2516861064943209,0.061408289513573376,0.24922285306370784,0.16457046639048636,0.0011643772777146816,0.02180951610144972,0.1730892285811549
SAMPLE_03831,0.9995847166985976,0.04338696964343475,0.07560071908063498,0.011422803000418614,0.08378128448102597,0.01649878309832168,0.030937659239091884,0.0636885865761747
SAMPLE_03832,0.9989787671898843,0.02016424165648815,0.02141853207254352,0.020659195247751207,0.04454530407269723,0.0034412536958721685,0.011046510167443764,0.023650275132323692
SAMPLE_03833,0.15228253915791357,0.0792865183873693,0.07704649374984644,0.9111151268152636,0.12836069232225583,0.0005498871893131857,0.7552925280297451,0.28283229432928597
SAMPLE_03834,0.9992906580165453,0.20223892865502616,0.1607453457005939,0.4411509732001442,0.16265226510931113,0.10067440110413672,0.049089788668660345,0.24906045311378902
SAMPLE_03835,0.3585399767248368,0.049450193372579505,0.04046667334966911,0.9868509279495324,0.08049811877823804,0.0004034698062780901,0.7538410901693144,0.275296288252625
SAMPLE_03836,0.9187452755908169,0.11091392209634154,0.06375667404250941,0.7488934946786503,0.16710009655164496,0.0012417018787766257,0.029353174916069348,0.33331708482307465
SAMPLE_03837,0.999569264251682,0.03074491058282028,0.04096414238295017,0.039073138347521526,0.04571051139866676,0.004624860361467824,0.018997923401575224,0.031164958768771515
SAMPLE_03838,0.999523483317336,0.15839345094159354,0.06880241696786607,0.7448875330293581,0.12155982415304298,0.015890262720534575,0.024671575466947288,0.2776283709194651
SAMPLE_03839,0.926891205224027,0.6436028631142806,0.5796303113333172,0.7479870056338809,0.6377304742587999,0.002878049924707149,0.13123155714253945,0.8207153667768221
SAMPLE_03840,0.27433295268326385,0.07012389338139943,0.050391732798020006,0.2565718965172933,0.17112489645744344,0.00046058633190630314,0.7592905890478279,0.19427652241921733
SAMPLE_03841,0.9996158666667312,0.1371793869422072,0.15129342790252812,0.1700699182290936,0.1036553922517412,0.025923740267454518,0.08456503834452639,0.12749116453620915
SAMPLE_03842,0.13657865460544236,0.046153455091760276,0.051593187199375085,0.25538477275789373,0.05184113136377509,0.0005667490479893954,0.7558686287248539,0.053881433759288694
SAMPLE_03843,0.9519705387035706,0.41043160882833885,0.14434419653398092,0.7470433456294571,0.36722645536659754,0.0015258481764501026,0.06489860062402555,0.4565554604882965
SAMPLE_03844,0.9995256257696803,0.14716117973061976,0.04963181064544745,0.5524654951259432,0.09200403364461421,0.0034795248844167507,0.02109857832820453,0.1394365307107101
SAMPLE_03845,0.9081415806277641,0.5920230099809919,0.22594673818634506,0.7495215905800213,0.7423541300261338,0.001228695543497929,0.04657590020622409,0.6335908450925481
SAMPLE_03846,0.9995853276764319,0.04499287268080644,0.05831866546113702,0.028959142798123002,0.07935576084971976,0.00587898176275458,0.04000690515904022,0.050258531982089086
SAMPLE_03847,0.7185438683885067,0.442207037823267,0.1806956559882078,0.9986036076869242,0.4209328151184346,0.0004787630688453908,0.7648777791255972,0.6169304558845864
SAMPLE_03848,0.9996019486232444,0.0475937132179578,0.08842236479076428,0.09090872019564772,0.08423134486856595,0.006533882456899125,0.02029400380480905,0.05831921501501019
SAMPLE_03849,0.27617246597389317,0.17138575830235167,0.1764020302081446,0.6033275055979913,0.486753420848712,0.000982327831660234,0.02069836263388434,0.6722893736669128
SAMPLE_03850,0.8317007809178845,0.12628071837200963,0.16742882526715086,0.34042178503900233,0.4622567271878356,0.0006414995609436542,0.7910552738729699,0.4922663691717443
SAMPLE_03851,0.999376246903509,0.11336346250816823,0.09992321756504809,0.22679761213205807,0.1692066886165992,0.00666106003147206,0.03873742779086715,0.13006711963980772
SAMPLE_03852,0.9995280454398215,0.09328463484406961,0.08921910869614937,0.05812685672833408,0.09768090235456667,0.010280957577986537,0.02968053960488707,0.08651819195060152
SAMPLE_03853,0.9303779974832932,0.4771709773936139,0.5195015265135976,0.07006344326061179,0.7759943234372292,0.004440259012850903,0.11348013024224067,0.6551407994724505
SAMPLE_03854,0.9204980695539561,0.3166297323644668,0.15066903135818205,0.7476870907862652,0.7212080577544271,0.008070527930672351,0.024117374712486338,0.5476376834444353
SAMPLE_03855,0.11408463439369276,0.028028700785704106,0.04655836710184759,0.2648139940200758,0.045135520106919895,0.0004965507731675706,0.7653896378680944,0.058415191395874394
SAMPLE_03856,0.9995699954138597,0.059110918014228714,0.04434413445642917,0.05393412235374395,0.05848768261644178,0.009349300809367373,0.02528354223417362,0.0791272945654053
SAMPLE_03857,0.9994990439660236,0.08996183194815596,0.14266598371770267,0.3433549208277006,0.10767918183272038,0.0038025664824326492,0.04493285398104905,0.12368745596945696
SAMPLE_03858,0.8764726349686679,0.1474274710541218,0.13966608920346102,0.7478828739992981,0.18528539513936226,0.005668931113329703,0.03057740706197657,0.44805003589746284
SAMPLE_03859,0.14853514531437856,0.06093827153539612,0.08167744485840746,0.41370689185794524,0.10377780070232254,0.0007191567110428993,0.7574960181600121,0.19933558063374332
SAMPLE_03860,0.18489637053500005,0.10311164938332991,0.08172619137661782,0.28672624386161066,0.07616817324650493,0.0005597381162597414,0.7564654957570061,0.12559708119404403
SAMPLE_03861,0.999565082664835,0.024756505905244162,0.07456860265556514,0.035493743085347765,0.06712866561078712,0.003587804702935809,0.042792599648954495,0.08101410621069563
SAMPLE_03862,0.9996177806797355,0.2317695138022839,0.4739524655553584,0.10168773600833891,0.6104499089415781,0.007259656303284396,0.10060233414505301,0.44126472390466054
SAMPLE_03863,0.9995898512660051,0.045659968522731215,0.10034263448165975,0.0766514552122626,0.06668285842468864,0.009156535725768146,0.018559537815338832,0.12430032410689348
SAMPLE_03864,0.8275684908198964,0.1448691593156954,0.17343417746934628,0.5118665878941326,0.5515619941474532,0.0004895428351683029,0.7652973203112592,0.5976316456640272
SAMPLE_03865,0.9976039784949373,0.04917215170708946,0.03205935271922687,0.08695826942416264,0.04907186416493448,0.0052955519548287784,0.017199154199735882,0.10498608196962893
SAMPLE_03866,0.24532855091516664,0.10424866750071084,0.10526270449618941,0.9906807686170448,0.17408019320499024,0.0005057404143697443,0.7586300960499692,0.3599078171726785
SAMPLE_03867,0.9526682596331915,0.3429403067367238,0.14249276887232015,0.7489772992685326,0.19740464381490813,0.0013844741790621342,0.10427247290754388,0.34384008746533123
SAMPLE_03868,0.4138483058448013,0.09335791569712215,0.1113147190388138,0.38697240957568085,0.4723731428222139,0.0004945519124979484,0.7674928404836132,0.4427679754200472
SAMPLE_03869,0.9993837895040396,0.11991441187915224,0.17225242315521527,0.10421185196950439,0.20164843168222873,0.024167077055530187,0.08981112232719746,0.17681177256683422
SAMPLE_03870,0.5401897708630481,0.1929645341685025,0.18215032283829627,0.6989704116812503,0.611057898921328,0.00056039940043528,0.7709527067214819,0.6566708233409706
SAMPLE_03871,0.9994305130153389,0.03889846290788832,0.02619949059237856,0.06076049823571625,0.03989530214056191,0.003369307590179074,0.01374958682375483,0.04298299481241044
SAMPLE_03872,0.9995237051221593,0.357686460912167,0.2557661596337255,0.7393804966528466,0.3354951043684474,0.1435336893001155,0.06533794444254643,0.4486957910867253
SAMPLE_03873,0.5522617790313806,0.2805723749707017,0.11618255621607484,0.6902217767915477,0.48424137681398316,0.0015623715346538545,0.05528750699815475,0.560427957361872
SAMPLE_03874,0.999617414409339,0.032887982281765184,0.09392310353568792,0.07363369558010656,0.08798674323188857,0.005303847657076444,0.06693141896203798,0.12304906559048764
SAMPLE_03875,0.9992386524776877,0.6660595727536004,0.7945850919247908,0.7524947804499287,0.664838858089277,0.048736938489510426,0.20923168059681316,0.6765245672885982
SAMPLE_03876,0.999554754847491,0.04561055789054079,0.029592089837290517,0.1931102188537221,0.04499000671221152,0.01279666576251812,0.01392786248585272,0.07629399636342826
SAMPLE_03877,0.9995352110893427,0.03587159717883524,0.0452563807124061,0.04308097086816704,0.07557353165163677,0.008030296984190017,0.017138030057660233,0.0633500363094062
SAMPLE_03878,0.7921298353216565,0.16071369974932592,0.14597483443878545,0.7497110698370802,0.49886157190456754,0.002713303251523088,0.019810729307543407,0.3200234551593044
SAMPLE_03879,0.4076829807843664,0.04049845784456365,0.04358712994478206,0.990589839798998,0.037301424915127404,0.0006202296518873212,0.7556454666412387,0.2567904752911085
SAMPLE_03880,0.8781544464107173,0.6552508956888526,0.2935171493154364,0.7136396827957637,0.8354373479665197,0.008420816952808358,0.0697024282728803,0.904394291032156
SAMPLE_03881,0.896016858314891,0.16314954072979881,0.20145187037607692,0.7357540590924689,0.3144481081268107,0.004845182051498986,0.07857799302330451,0.4397083152208858
SAMPLE_03882,0.9577139471622242,0.3203813231556677,0.5567902198225694,0.7102334635048548,0.6753683146968313,0.0012921045653878367,0.1523700246917703,0.8070837304629309
SAMPLE_03883,0.9996290472534551,0.11739660699642085,0.044511937522002575,0.22047000058553212,0.13920210852556966,0.006217988425711264,0.024209968000748386,0.11298950755920269
SAMPLE_03884,0.9999999999999998,0.8640988460356955,0.8613852208231774,0.9990733416611413,0.6254579189127526,0.9999999999999998,0.9504676013120666,0.6586384250879546
SAMPLE_03885,0.8341303734545633,0.12243920580949634,0.058092848679467166,0.7491132329736236,0.15969340152640116,0.002868887431969141,0.01555749537474455,0.3252254410513319
SAMPLE_03886,0.9983287808516933,0.08207142512877223,0.07483450985819527,0.07798913574516175,0.10758430142641828,0.013940931272084527,0.027647189964904666,0.09887004046135357
SAMPLE_03887,0.7323892220873136,0.22783465585537482,0.05070385921117293,0.7443610426563894,0.11685883936889205,0.0011032324236581945,0.018119276132501493,0.3022369013615372
SAMPLE_03888,0.9994746261168066,0.08434426248647242,0.043842531960316636,0.4234424446940188,0.07626643678364016,0.012360766727732377,0.01892421097239757,0.1730409827218095
SAMPLE_03889,0.9999999999999998,0.9158929490804673,0.8945369293559404,0.9991697065369374,0.8160755665482868,0.9999999999999998,0.950460777661214,0.8780234505076512
SAMPLE_03890,0.9994818376734524,0.2565170058737078,0.25801737801088376,0.20288889409471997,0.5643754300524892,0.035826630030750706,0.14847550112677854,0.5023454870850965
SAMPLE_03891,0.782992340770593,0.24833075917294123,0.172304669984641,0.7456047715573043,0.18347028395932657,0.0014547241575013242,0.0879075367772807,0.3762201119841225
SAMPLE_03892,0.9994458713559561,0.09636020017451669,0.11785860042530928,0.11188211318486714,0.20415268696977473,0.01386404080753971,0.03125688324904958,0.203805215177581
SAMPLE_03893,0.20362896842775496,0.10769302042149893,0.12271230427494804,0.7867554295517034,0.17060784826009434,0.0007047393271105357,0.8300978380241901,0.30178089537625663
SAMPLE_03894,0.0816807914361191,0.037606490180943544,0.048844973359953976,0.2553041933967301,0.07194532017173069,0.0009858571858270774,0.763749981889515,0.09011353245581266
SAMPLE_03895,0.6636201367727669,0.08186378553708767,0.0973730700824778,0.7473482322783453,0.27973602188342533,0.001429949907950532,0.025486849601534627,0.35023656289602234
SAMPLE_03896,0.7992612991199557,0.08674209457839896,0.11497301534791435,0.7144317368862013,0.22622488658846146,0.011074802908056524,0.027427445723605517,0.5334870232808702
SAMPLE_03897,0.9993630438311856,0.14372396118900332,0.13476470252277134,0.6910383606220082,0.300321174290914,0.041019533329808476,0.06148950908786172,0.3320360542477565
SAMPLE_03898,0.9234353689021562,0.8375761666606849,0.7552731579821903,0.7496475090718039,0.9342732823872819,0.04220873799813111,0.13547348208573057,0.762075249193783
SAMPLE_03899,0.9995769453620534,0.049201125801178934,0.03961372031942011,0.023106131781265242,0.05157558424389317,0.0318487854906095,0.020089966584965164,0.039205692719191346
SAMPLE_03900,0.6529958304792115,0.39459089701358396,0.21718906212800645,0.9986075373394614,0.691649889492316,0.00041433076045128167,0.809141052832125,0.8650959469613292
SAMPLE_03901,0.9995433645261035,0.05930885689129157,0.04709195653803471,0.039633961684179264,0.053822174817094136,0.0054220954143125505,0.033916210171651494,0.07332888168824453
SAMPLE_03902,0.852223578298488,0.6627076931494842,0.4260059620838529,0.7493072649572736,0.8151812156626304,0.04980497258237972,0.12485477417338386,0.9032187340651531
SAMPLE_03903,0.19937755714457095,0.13217910353265636,0.3457236898652309,0.44201526287245746,0.48575969523180407,0.0007223323339958209,0.8082068855411533,0.5534154772353674
SAMPLE_03904,0.853535872160735,0.5711275642358903,0.13602166118573802,0.7378798754749079,0.21118911148664335,0.0010138399836730658,0.024167023915723847,0.3336159246556832
SAMPLE_03905,0.9994270589787698,0.09516261414676722,0.08979142079240375,0.15713146868725283,0.22578686780519158,0.04726514655030112,0.022893657889224962,0.3850860414985846
SAMPLE_03906,0.8402587005174545,0.11918768880090609,0.16642503006391204,0.9691839131377896,0.15203152841805445,0.09099683744807219,0.7934398229213768,0.27631458564068845
SAMPLE_03907,0.9995036310382146,0.1251796462581078,0.1766852068366488,0.04027425521174119,0.20978331307457376,0.015944957102198835,0.04404303248574627,0.1461496281687082
SAMPLE_03908,0.46547996636455297,0.06721279411610315,0.05481530824608793,0.2700426843875193,0.046689413668896354,0.000609394900251931,0.7657059854320012,0.06768314417274089
SAMPLE_03909,0.8078286124369972,0.06918587696010353,0.04803996159111762,0.7485291406424863,0.10798712278305676,0.0010327995352873126,0.019920610011963748,0.29034985645606454
SAMPLE_03910,0.9993040316788306,0.05497665120992673,0.05511919805488596,0.035400814955643393,0.1083330324918503,0.0025216420448547624,0.01652282657903447,0.07457964128613971
SAMPLE_03911,0.9994918796476562,0.5254945584518675,0.18010781191860822,0.7464974902169103,0.3869100291044131,0.21067799115671884,0.03824711309917888,0.5180059649706213
SAMPLE_03912,0.9981916860122049,0.23370745140660198,0.5519656211024603,0.7516914944039704,0.3796691914356305,0.016954815441028576,0.13035096683472414,0.6436050427823474
SAMPLE_03913,0.9995532990951173,0.08433463642537498,0.03281314333283896,0.13553775005852156,0.14379041332787498,0.004937716847886492,0.013648888278854614,0.06729226752161797
SAMPLE_03914,0.7188262582353953,0.10820852817300008,0.1466671028234091,0.643790938127135,0.3440627333023383,0.0025627310434173517,0.7891527040852464,0.4130958307779648
SAMPLE_03915,0.9999999999999998,0.9374958505311661,0.950864655111072,0.9980653449631995,0.8593298975110675,0.9999999999999998,0.9501928535874903,0.8171318624967795
SAMPLE_03916,0.9999999999999998,0.8628354044934972,0.8668248389840336,0.9945448695585208,0.625797583604909,0.9999999999999998,0.947710202408041,0.6156355781861744
SAMPLE_03917,0.9993812125564043,0.2434613545608575,0.1690827151776613,0.7324230214839081,0.27713150763393435,0.030276885136365124,0.08690276826322074,0.4130403411818514
SAMPLE_03918,0.9123559105766489,0.06945224701253706,0.04909321272268117,0.7461523775376141,0.05241480013048016,0.0012995605419634333,0.02739145867230079,0.26703585031623717
SAMPLE_03919,0.9993992987958743,0.39048286079937516,0.42693595644232935,0.748581239390977,0.40289405445173976,0.016514152056033495,0.1077266451955276,0.4352637315648542
SAMPLE_03920,0.826516248795232,0.3159771000083945,0.14163279808414125,0.7420170305503737,0.1383004499711606,0.004207037935421991,0.04466465481737564,0.3079540428954281
SAMPLE_03921,0.5506602985371511,0.28433265206649155,0.06894167785625548,0.9979429085988469,0.13628881955977243,0.00039225438347815253,0.7530806321004051,0.2943788760067366
SAMPLE_03922,0.999558615898242,0.07034995021507372,0.09183323927872464,0.3285984523855257,0.18340768359755547,0.005543334852866805,0.031925460144405775,0.13866293752278833
SAMPLE_03923,0.9995751581563677,0.3499002840400004,0.3326536936948258,0.3563360490728741,0.4753983246293063,0.11613361862076785,0.16524656893935502,0.4205325800144949
SAMPLE_03924,0.6673458502304073,0.14301807733856003,0.14393400050189276,0.3957768002545203,0.19168033304557852,0.0005220652671934224,0.8323035962169214,0.22635494323818603
SAMPLE_03925,0.9986074007625249,0.11549444762057977,0.15936610095928094,0.7625817270878047,0.11912371870019853,0.02945750945521316,0.05666579871317361,0.3074036630914095
SAMPLE_03926,0.9457154582163557,0.20137755045659336,0.2878289600403606,0.7302138427497891,0.579945692187282,0.00040424627774554063,0.8207563198404877,0.6936763255334178
SAMPLE_03927,0.999621161701905,0.07317353795410733,0.10107303035649677,0.016734605775195907,0.0903838781235333,0.008701355981308867,0.051677221835365265,0.07250975336968621
SAMPLE_03928,0.9995011263018843,0.057281417400087194,0.019338158004665474,0.07465621782347712,0.0601153481623997,0.006893880172208674,0.014973737642837628,0.07643949280806092
SAMPLE_03929,0.9995720858128044,0.05868012424437211,0.08087665890904851,0.26641465506651724,0.06778063859852451,0.010420058224919784,0.02764498697983916,0.126151345055419
SAMPLE_03930,0.9995348834542515,0.025854424283990828,0.026418990944763243,0.017768743894479702,0.03018882789084164,0.003706276057944856,0.014089921934241299,0.02852176083656816
SAMPLE_03931,0.8661114136251539,0.15150503356465683,0.0572960518800804,0.7501263630910279,0.12360808583436406,0.0021710474376702284,0.02068394400005603,0.2592452734378811
SAMPLE_03932,0.0746237596759155,0.031788387289570876,0.03747077253862739,0.26356785259111953,0.04882526045995906,0.0005301580518396788,0.7547034623985063,0.06027925386166182
SAMPLE_03933,0.8844842929779015,0.22247875007092857,0.24040254946556985,0.7485939928173502,0.7434115955268561,0.003804194271943572,0.049479766081070645,0.6577747971928888
SAMPLE_03934,0.8037504912272884,0.15682405359341892,0.0911177521732362,0.7396995582340069,0.22027534758186793,0.0011333571846087872,0.02199251157023709,0.3937089948099127
SAMPLE_03935,0.9991494098048499,0.33604202818142287,0.2099502293001731,0.7242536676467684,0.14359636782577156,0.04076558203886415,0.0634941816058019,0.3819339331081532
SAMPLE_03936,0.8601034589482184,0.337435110839568,0.22369783150346834,0.733704348705839,0.24776843131686457,0.0016834599054348426,0.11496265656371012,0.445562952041136
SAMPLE_03937,0.9995823160810606,0.07803173381876799,0.1062083654626025,0.05432657210730331,0.1482739222695297,0.01598332438449044,0.06190199618042152,0.10929875565942483
SAMPLE_03938,0.9992553889188553,0.5009546644356121,0.2683948085221125,0.7478634836480649,0.42678168005541256,0.04231270898840289,0.08017095412002756,0.3478363931794086
SAMPLE_03939,0.9660311358766853,0.33162601969532274,0.7944146560514351,0.7485906058487004,0.7201446577003691,0.002103767537984373,0.2043147545336165,0.7645678553780874
SAMPLE_03940,0.9194983762226333,0.1794393998415115,0.15832785769487742,0.7476699090461383,0.47524647770459394,0.0017357774522686496,0.03337687199837059,0.49175279943208194
SAMPLE_03941,0.9995836037969952,0.28833051166547874,0.05181702540165244,0.09770322378668889,0.1493104050701229,0.011981171756990351,0.019588569959876536,0.0983977396184835
SAMPLE_03942,0.9996147915331747,0.07556132279481509,0.06282410111243035,0.04429932769948501,0.07310777453058628,0.007907371153920607,0.030606180031042304,0.05140988345540592
SAMPLE_03943,0.9995041072312838,0.041467651966561436,0.035186241882107755,0.01691273527495987,0.04654709307400665,0.003328228477137743,0.030410668602215408,0.04374373975914662
SAMPLE_03944,0.9989768089877482,0.10207869951114162,0.026019255827854144,0.03400242417475154,0.05777409647501373,0.0036935294034734106,0.010885423534006622,0.02779498665112936
SAMPLE_03945,0.9994404425888489,0.15112980254517963,0.07089704469707765,0.7485590160672833,0.09824208766747904,0.026215037041495387,0.04339309387991837,0.2744966640640253
SAMPLE_03946,0.8963199641760091,0.45562926545207577,0.1568138021982797,0.7490933528779375,0.5097363864985256,0.001364661107036859,0.028607079749772193,0.5083120772034705
SAMPLE_03947,0.9992338335965127,0.0837623379007359,0.06971942368588555,0.060535922462818345,0.09165070388986626,0.0683853436634977,0.038734036536454075,0.1281379088556748
SAMPLE_03948,0.40554770282711683,0.04357315547313784,0.047411228585779765,0.6094798682931977,0.05406364155361815,0.0005148385774826109,0.7594866601164978,0.14061644915840826
SAMPLE_03949,0.9290735235577947,0.46155768405265446,0.1650690572224054,0.7474823326142066,0.7180402575060045,0.0026884085466633762,0.04684261309402684,0.6315861075905064
SAMPLE_03950,0.9995022476082949,0.08698358007525937,0.08759911476305954,0.7487213330908761,0.2147347461007736,0.011687836296471908,0.018406054648066706,0.2978466505346381
SAMPLE_03951,0.5808060089074338,0.09556894662325083,0.10630411730966383,0.39799561133945316,0.2935881657439334,0.0015217884974081134,0.026771056336022517,0.38503478716148043
SAMPLE_03952,0.9999999999999998,0.8546522449538458,0.8552844250456701,0.9990753171700826,0.7353361684695288,0.9999999999999998,0.9502526498818249,0.6568580033661925
SAMPLE_03953,0.9813293740329153,0.5573413345756175,0.12141812193319965,0.7492056045759082,0.29257070014365255,0.00433498238393527,0.02708593626367183,0.3118814029587692
SAMPLE_03954,0.9995284849046274,0.2410519832104979,0.2462526083101027,0.7476475890295398,0.40031403566064455,0.013673243924173569,0.05710553311129202,0.5911270336142562
SAMPLE_03955,0.7988242361619242,0.19389815550576378,0.16430743084794633,0.5757439253326152,0.2737923394029695,0.0014010163256779893,0.029226951970479812,0.561829636277568
SAMPLE_03956,0.44843323002870267,0.15845303052628554,0.15539611293594233,0.2869304214278307,0.41683129634556937,0.0004501234864321258,0.7634877750759379,0.4558271081230657
SAMPLE_03957,0.9995027627240725,0.025396256504874176,0.045934700724127545,0.014852150813329145,0.02786528779817119,0.0073806731781255654,0.02543010779105712,0.046757645186427506
SAMPLE_03958,0.1393463258861546,0.1238762055853242,0.14488510636258964,0.25848438491202913,0.3278693033471029,0.0005591723083379661,0.7619979485287167,0.31696543073664346
SAMPLE_03959,0.4348616250974886,0.053222019949455385,0.11506378639425988,0.7441630065501359,0.11458907081662861,0.009878238702736386,0.022233605301616947,0.28757978331995615
SAMPLE_03960,0.9995514060568061,0.19177080853476297,0.035039155852169955,0.04719061358422268,0.09333729875821212,0.005934892935023056,0.011856134674043025,0.056660902413914305
SAMPLE_03961,0.9993762383546148,0.12263134466485558,0.1377024100845684,0.08365590703865027,0.2453079544937841,0.03464981516030343,0.03819888687046946,0.23611957247319354
SAMPLE_03962,0.8034683341277615,0.2130101924357503,0.15469178687697113,0.7497570181917647,0.25083696911273584,0.0009594133605878224,0.08023865373704964,0.48134909569285766
SAMPLE_03963,0.8758008339058904,0.2986691236079905,0.1890907520925606,0.7205561368569351,0.4336400006577452,0.017161257269277322,0.06421060406863648,0.6548053023242274
SAMPLE_03964,0.13466744394833374,0.10614085921228851,0.1686853122749732,0.3046897567427381,0.4449385312396539,0.0005685756647330665,0.7710063115419106,0.49001533050014223
SAMPLE_03965,0.9994796696782532,0.02655855566266459,0.031346020596115895,0.009826247606620193,0.03263211973641357,0.007627540115506974,0.015115770551699171,0.018982563954131906
SAMPLE_03966,0.08863728569225733,0.05468609661100775,0.07772730133321241,0.31100918996217547,0.1580998417461938,0.0025360575794204066,0.7616844879611562,0.2003138128300418
SAMPLE_03967,0.8431696466049993,0.5041386135756014,0.15760713876273352,0.7470618288188553,0.34370704757095355,0.001497293095053534,0.05593925378967022,0.41780486964357966
SAMPLE_03968,0.9721213998818279,0.7062539916079086,0.26660576874342035,0.748517927082109,0.7267911465879904,0.01069006985804475,0.03866443113199239,0.6051787108565774
SAMPLE_03969,0.7637706197805412,0.052144408478620945,0.03941105455890915,0.31804173949302106,0.1389420683544378,0.0005100327494802175,0.7537728393347898,0.09054243799109839
SAMPLE_03970,0.6461912025271052,0.38929884643580887,0.5081033084259262,0.7482789723727845,0.5684080949780919,0.03828238561767795,0.14706291093392523,0.6927450659746268
SAMPLE_03971,0.9995288164666014,0.01004993436529397,0.013967631615371349,0.021695527183752256,0.01336431016901118,0.0029866278894575445,0.016621319515992806,0.023830248969091174
SAMPLE_03972,0.9995367286937761,0.11315184410136425,0.10446605199192324,0.1273484743938757,0.14370977033049925,0.017684358821934594,0.044628113576690255,0.1604371712807528
SAMPLE_03973,0.23701889193488662,0.12322416389546637,0.11574847863938771,0.28459664273243834,0.3271286391769331,0.0005963253890327034,0.7577671283309668,0.33623778968250645
SAMPLE_03974,0.9993245242887325,0.11126546988642778,0.10148808321169796,0.0793140735904326,0.11874081140917486,0.017316092060279925,0.019755876190163314,0.10889703202817513
SAMPLE_03975,0.7101430238716708,0.07325234605573695,0.1442864880209104,0.9932301989541406,0.30230412428077225,0.000544184979253299,0.8004341631405045,0.5262439077413077
SAMPLE_03976,0.14134206326303841,0.05431009478195306,0.05158946123717814,0.9959605432948883,0.06791585022686977,0.0005964783115733855,0.7534899821927781,0.32691298283012804
SAMPLE_03977,0.9991106844851034,0.28856911295783116,0.07044396911445581,0.7493010531390405,0.12573227576171442,0.01630597250350343,0.05144034990623131,0.26053437517029987
SAMPLE_03978,0.9994993755112669,0.1908571694404652,0.17266573436363142,0.7435558610055181,0.24351774058498526,0.012073158862153197,0.06429880810713115,0.2723888340453189
SAMPLE_03979,0.9506478528278074,0.2313710519312568,0.08792519972343667,0.7268617642331636,0.16338800267668796,0.0013636607005018022,0.026625381323500938,0.26941506853718195
SAMPLE_03980,0.9995630823377497,0.13806371672728684,0.035190054908775005,0.10782180286330054,0.10606132002410466,0.00753765777728301,0.017247172344279915,0.07401916295195812
SAMPLE_03981,0.9999999999999998,0.8125520570666529,0.786351769265025,0.9989302398972879,0.2821366715744285,0.9999999999999998,0.9502600622227192,0.3746817259772916
SAMPLE_03982,0.617753631796083,0.16868032179153214,0.16132754006790703,0.661654752280101,0.3900815264471249,0.0023197805080429103,0.025778359497276856,0.39622719317950494
SAMPLE_03983,0.9996048014585425,0.25298666097069544,0.15314005428275973,0.2069900744075642,0.2035703932855158,0.1445261220844313,0.09506496720051014,0.1754851029898679
SAMPLE_03984,0.9995895229004487,0.043546324613945905,0.1124442816785843,0.16990291122729945,0.15998257189518758,0.005816130019130268,0.09848522028777805,0.18138842733870122
SAMPLE_03985,0.9996066911082393,0.10484751816454334,0.043871010542235044,0.15902765636992452,0.12494025176089593,0.00628141565625667,0.02195287455162979,0.11856386730418238
SAMPLE_03986,0.9994255464303716,0.017665844246082217,0.04554353300920376,0.039812197971665866,0.04668608730732986,0.005078609758599267,0.023902867271335896,0.04908828456795579
SAMPLE_03987,0.3358226168541677,0.10471504093303659,0.12506827045178687,0.9775936083568575,0.37762638448400465,0.0005045817696008343,0.7702323567889895,0.5487242374218881
SAMPLE_03988,0.999564453338217,0.1512058959018913,0.10311682367156676,0.037279426857299375,0.12162024866361448,0.006839950152687461,0.06584983313096876,0.07628565011472643
SAMPLE_03989,0.9336228705657799,0.20241237134524206,0.2546703906278693,0.3339807740119249,0.5200204227912197,0.0006868028753405533,0.8104201809135789,0.6523809229671987
SAMPLE_03990,0.9995250187115379,0.05842323290180359,0.1281640708244209,0.03197215595297895,0.0983515346149029,0.006516012382806715,0.035256080428464696,0.0715716115026727
SAMPLE_03991,0.9550434780893651,0.37159071723246484,0.43597291925597376,0.7544391830256788,0.7257773051093885,0.028966323432874426,0.11525763643384762,0.8981806903267232
SAMPLE_03992,0.49922533014649084,0.06850792929321117,0.026249844337468558,0.9953648930798334,0.048970136150000745,0.00038679997342723016,0.7531094813398367,0.27549797278481036
SAMPLE_03993,0.8864711110528427,0.2290349629021306,0.16907142576556022,0.7496048325435869,0.1379721343236133,0.0023901085070703256,0.04805376180456854,0.3187488625938571
SAMPLE_03994,0.9995849487992123,0.09683685317998217,0.15565961564967234,0.1334936963834855,0.17673313415212896,0.044908296445738946,0.05396500560705605,0.1339323548898735
SAMPLE_03995,0.5505119099704482,0.06722024432599255,0.059810853550578164,0.455810915009582,0.1435272803909905,0.0004444122352471335,0.7579619237770738,0.1874146056625288
SAMPLE_03996,0.09599974925805288,0.1965872159206378,0.17396814167236097,0.2596302013432062,0.3695340165870023,0.00047063837777923276,0.753371071805379,0.4026369283647713
SAMPLE_03997,0.4888449143371407,0.06600701791799884,0.14052915028363872,0.4322551741046574,0.31553030394155557,0.0005537314378327743,0.7767254083542479,0.343531774486478
SAMPLE_03998,0.5984684146072411,0.2419105014345964,0.017471437268709308,0.9932960663890571,0.07691994987225312,0.0003778776339467201,0.753151870106479,0.25843695569831093
SAMPLE_03999,0.6083105999603577,0.07672566656576926,0.0644562278209021,0.2906908843380552,0.3805749717530801,0.0006934317090813481,0.7627004008934222,0.32701403032325177
SAMPLE_04000,0.9388301956931309,0.22433677413770745,0.1423429139956649,0.7394065308916073,0.39774719007859805,0.0023949848431339374,0.05384214643581545,0.3820201598852456
SAMPLE_04001,0.9703721014912365,0.4532631190966673,0.2250661701476775,0.7447487308422158,0.6405308918631483,0.0010737985422893523,0.04412920237980512,0.3615494897386495
SAMPLE_04002,0.9993603203023975,0.02587155789225566,0.03463953519712312,0.0133676880661293,0.04627426282414081,0.00414857012538055,0.01759287437710867,0.04085070127536163
SAMPLE_04003,0.9994330046421492,0.046305729049712446,0.030158593282129356,0.03103885993159901,0.06606445052102328,0.003835602444101184,0.012637162567414185,0.04474830127670952
SAMPLE_04004,0.6383115733304433,0.15608160725564418,0.13026107121289193,0.29862516742940187,0.6259575540266695,0.0005623160589693304,0.7555308861925887,0.7020170056575926
SAMPLE_04005,0.5897103154041906,0.09244782189536131,0.12113092546737052,0.581278767446334,0.4546953255136585,0.0012214953347808955,0.016343352937659355,0.28319356022712433
SAMPLE_04006,0.9994927433492762,0.3033525678326865,0.2801964107993611,0.7477725116581178,0.3372569348569204,0.016647671883077385,0.08860725037454464,0.36765509350398284
SAMPLE_04007,0.9995971810599196,0.0339334942428545,0.050850913357993334,0.023783015314301263,0.05190185530741419,0.01356456751724212,0.03241182964988626,0.04388883981050703
SAMPLE_04008,0.7053435394349782,0.28719966562364063,0.34999830910449686,0.9764016946404113,0.7465616923998046,0.0004403250982284334,0.7707290430123617,0.9336920318140843
SAMPLE_04009,0.9996017541132822,0.1738939808352285,0.25726603002335297,0.15144599821676025,0.3339705344090226,0.015672985239565992,0.10978627642571269,0.37289899810680993
SAMPLE_04010,0.9996022245466534,0.08164045153339285,0.05238021492131217,0.05907446809277748,0.07711651885348532,0.004170191279566497,0.026050045763799247,0.0885358917462553
SAMPLE_04011,0.9150408874027569,0.33163495741058413,0.12677673611050846,0.7225130229039909,0.18113483842225325,0.0014246573736927132,0.057474726679154244,0.4251619179391974
SAMPLE_04012,0.9996091584219071,0.17069140409405334,0.046425204175387466,0.31915640794404476,0.15115401707819484,0.0071367813714901095,0.029899959022845358,0.15533517168240102
SAMPLE_04013,0.9986169666506999,0.06560933715335668,0.07169163906328303,0.7463017028849157,0.07966304565139895,0.01044021875222722,0.06379659545155615,0.27113175777934095
SAMPLE_04014,0.9570073741944058,0.28046193712788664,0.20106053922981118,0.7493082387327292,0.5942320662954063,0.01952282298438522,0.03027269483730978,0.6337614086098967
SAMPLE_04015,0.9996274037570427,0.07986716400087636,0.10906063863865817,0.16460087938530624,0.14941931621829274,0.016413439298613566,0.04515720908492469,0.12284173553606657
SAMPLE_04016,0.9587885170203916,0.25505025032945544,0.16081033689650448,0.7480508353466893,0.22829605661109564,0.001469027745779286,0.0680725637874479,0.3451969163973871
SAMPLE_04017,0.9992445986309652,0.4937789946962261,0.16060817844492112,0.7425406322735082,0.22494240655649392,0.04738878247423987,0.08030869618885221,0.2948339496707134
SAMPLE_04018,0.999536869348484,0.6590087311064656,0.05286380074274158,0.7649430966751115,0.21187723490164143,0.04630703004958192,0.034319080533516615,0.2569148411243554
SAMPLE_04019,0.9999999999999998,0.8914941821233091,0.8721618168230028,0.9984131493386363,0.6404611599388527,0.9999999999999998,0.9495377320037087,0.8043890084596934
SAMPLE_04020,0.9991682908060804,0.1690898196126185,0.17624531453730818,0.7299115152422598,0.32132588918974003,0.00838490225664424,0.042175917583866726,0.41891856167279645
SAMPLE_04021,0.4076417135891522,0.1265544448710794,0.15606359812983414,0.969041855041703,0.5931114380891118,0.00042006545488845455,0.768092150617818,0.7936624057531088
SAMPLE_04022,0.21068776131436015,0.1124620375813447,0.15567971374211054,0.3628956754070939,0.3714766993750552,0.0013854915883268163,0.7737267426880292,0.39038104226129267
SAMPLE_04023,0.9993761606073511,0.061607324051188204,0.04613648593860065,0.749035203617524,0.07689363966391556,0.010242119922865153,0.0192117728461329,0.2774957053491079
SAMPLE_04024,0.9995011338347988,0.14268417342046072,0.13343582000588952,0.6820640345281445,0.12937529875817,0.01763672434629969,0.06971142660375025,0.2806926500446828
SAMPLE_04025,0.8355310579062221,0.17203505289841542,0.12668814997871033,0.07880600556748998,0.4540050462286546,0.0015144133068624962,0.013931588541093467,0.5761762080083828
SAMPLE_04026,0.9994424176550186,0.33647509532420755,0.2712333013237117,0.1768772459996832,0.3486605116110256,0.015833000142798825,0.13513524830022083,0.3363595554909925
SAMPLE_04027,0.9992997497896469,0.03830423613487054,0.04657683028307587,0.023271269970069862,0.05476181135325324,0.006187905636391203,0.02519530990127772,0.044520876004495086
SAMPLE_04028,0.9995895820389227,0.06761774021568678,0.037369618822570914,0.055841963360695364,0.0685839289835258,0.006426391638095913,0.026275957870550645,0.0840523144889408
SAMPLE_04029,0.9995184168733551,0.028009140334684282,0.022705842191478847,0.024767173262090096,0.02865536338402497,0.005711768961708263,0.01419486381542479,0.020687915574959533
SAMPLE_04030,0.9995115099284931,0.41508407110944257,0.520179535883041,0.5432411221449948,0.6041502279652078,0.15544309629818046,0.18390842415363634,0.6078496902737719
SAMPLE_04031,0.9489147672977349,0.6346176738541877,0.34003138169548364,0.7490719956709504,0.8490783490083884,0.006570203430110749,0.10575187413732641,0.9726965945013035
SAMPLE_04032,0.9995485427583812,0.3334430608498874,0.048102382729430584,0.10619593254859466,0.1624125622628043,0.01267649290061737,0.011919451705635643,0.10097742670219638
SAMPLE_04033,0.9185948632164493,0.8068725344718126,0.6833126274129767,0.7485459255235409,0.8738241400211157,0.04645477773361237,0.18117991060165559,0.9138392905105536
SAMPLE_04034,0.6679569203309471,0.1260582351970132,0.22969866272400677,0.7475805748534474,0.3725310692663242,0.0028711328358705687,0.03288086095158717,0.4754196236734555
SAMPLE_04035,0.9995654467304155,0.051140026078701474,0.058135005543914736,0.05628180707362922,0.07943993266169977,0.02446901715661465,0.032544875919445514,0.0783244050894128
SAMPLE_04036,0.9996101290714642,0.031160337989757873,0.03985676952533492,0.0246392438783541,0.04235566793065228,0.009087558090897492,0.02199090562024998,0.050168066008536606
SAMPLE_04037,0.983893250653233,0.7025172906221342,0.4147971520132064,0.7489753282660796,0.7150197087133626,0.0035982691859215163,0.1016182828266899,0.9292665631409069
SAMPLE_04038,0.9999999999999998,0.956815736746162,0.9394955220687997,0.9986978555328081,0.8771093798947835,0.9999999999999998,0.9504191982498943,0.923817923899393
SAMPLE_04039,0.6486948389860631,0.11375125620285281,0.1330409938594004,0.9766393499405941,0.45185781745896425,0.0004585341296201599,0.7666987940758809,0.5411131472038067
SAMPLE_04040,0.9999999999999998,0.9135023188291438,0.8987581372699327,0.9990504919920675,0.6298318901144722,0.9999999999999998,0.9502756413016481,0.6951118692044338
SAMPLE_04041,0.9080037738782223,0.16045129047409168,0.15752759960538637,0.7496505810300838,0.42629716096998604,0.0010772770293764893,0.02488825428279784,0.5071542640606059
SAMPLE_04042,0.9992506745240897,0.07499760860182975,0.07377766915466223,0.1198603089811443,0.08062474148654414,0.01583965462370171,0.019799114716857594,0.07309698196618153
SAMPLE_04043,0.9465936579232823,0.27027986242525315,0.18409055025981194,0.7161424562450953,0.39434171656026074,0.0018969701885894782,0.056008672297480785,0.4756471655058741
SAMPLE_04044,0.9995790792534945,0.08140256523913597,0.08042656048496058,0.1637856740263388,0.1450553246262722,0.006881606311010349,0.0244270630901725,0.15590967878579035
SAMPLE_04045,0.999030803003273,0.41660558156555494,0.3216084960598262,0.7492346742442508,0.3947779953269831,0.010189502075428975,0.10871104055862736,0.3310790974717849
SAMPLE_04046,0.9995847034621885,0.03320851040995165,0.04326167462255816,0.0229037219478221,0.06505741731261766,0.009061533758668758,0.02583011381806318,0.0334094785594224
SAMPLE_04047,0.9990634423428597,0.018838984059664554,0.020903535991242096,0.017329785755066975,0.02602175930822734,0.0028441740321222837,0.01113970201633794,0.021645306371573247
SAMPLE_04048,0.9995796656069283,0.0386046060018461,0.037958740791391124,0.01788569075630772,0.06055420611189492,0.008687451698672936,0.0139002532960757,0.029679944496010698
SAMPLE_04049,0.9995452686695189,0.15677896481777037,0.22262047731757945,0.6224985866543076,0.10663539066013884,0.05192562614324862,0.10829702624984924,0.2349746566521682
SAMPLE_04050,0.9995841932730628,0.027960687003585113,0.04590027075961538,0.03028632469773603,0.04679532679408634,0.005380024398371956,0.020359044227863346,0.049516231744320856
SAMPLE_04051,0.9500564462006487,0.4781089792553639,0.3085343277091832,0.7409644438302507,0.7968352027694403,0.009153973137747374,0.10105426476657765,0.5825366838192054
SAMPLE_04052,0.7617510010800042,0.071175270809146,0.0565978859531816,0.9629049439617073,0.18431114173611657,0.00047883599057688803,0.7628072976781226,0.4201183597363529
SAMPLE_04053,0.9859758174388515,0.4927743948635691,0.24832454985615032,0.7490419022264759,0.6285382534101114,0.0008983958220047845,0.047334718944188246,0.3662383810819375
SAMPLE_04054,0.9376461206329341,0.0981388300950196,0.06003755230466943,0.7483412544629747,0.13314185841259718,0.0013177138189303177,0.018980649385052346,0.27801515562304974
SAMPLE_04055,0.8473187595149748,0.0932969762720828,0.06079083788717104,0.3070456630198024,0.12306958602419818,0.0007158400579949442,0.7563191356297856,0.1673018833226236
SAMPLE_04056,0.9491614216792833,0.5378748682425265,0.0850443127474434,0.7452308069200441,0.19182669339173433,0.008477914531160306,0.02820907565779584,0.3404259480526678
SAMPLE_04057,0.9224433784811847,0.3498674770407989,0.1833813018839169,0.7490265878306832,0.7860830751358359,0.008831839460008945,0.07166757436179899,0.8930875821867692
SAMPLE_04058,0.9995498650994843,0.08975168460383617,0.04849970090200678,0.28024540294478584,0.12150625080781952,0.005766325138040582,0.018954115197246296,0.1087331658213712
SAMPLE_04059,0.4574470423593317,0.22049797255558024,0.3013537488255031,0.9252546913558367,0.7106053547886808,0.0004632749131974088,0.771459005001099,0.864464752148219
SAMPLE_04060,0.6473404903173005,0.3207571215717321,0.1761483989988201,0.6695187042310584,0.33065960240809406,0.001735301058913347,0.05089235909305236,0.5156747382104517
SAMPLE_04061,0.1373036215200497,0.26262681378650976,0.25996307453631196,0.7493718274103608,0.7645894925438077,0.008374069510548279,0.038621439960264715,0.4513857122860292
SAMPLE_04062,0.9991542600476047,0.2420475368078079,0.08559568410341231,0.7486228361003806,0.14975738792835236,0.016271257090357802,0.06846034085991182,0.28249921963106167
SAMPLE_04063,0.9994119885496753,0.15907792102970209,0.06117636277644202,0.7477670882697925,0.12308936848063654,0.008184646938001076,0.021911479218852937,0.25765397363073284
SAMPLE_04064,0.9994911655894015,0.05965304168990108,0.04161018342151378,0.045721158663039066,0.10329483884791837,0.003396895335060618,0.0371467826958595,0.09729576741376418
SAMPLE_04065,0.5401034161837944,0.06034065895509378,0.034567178602246694,0.6795983251355212,0.09003565779201454,0.00038100536363977185,0.7531894763771463,0.1562325781665467
SAMPLE_04066,0.9995956451639915,0.05218717032065505,0.08294135757101453,0.07359084779471059,0.11164041333965272,0.014828236973236372,0.027501546548334022,0.0719961545437664
SAMPLE_04067,0.9999999999999998,0.850943633534784,0.8410520294172978,0.9954830204082825,0.5866303463645114,0.9999999999999998,0.9499330624373663,0.5927640293949306
SAMPLE_04068,0.9993512221986675,0.11072176186483723,0.1031917141446469,0.12673960334262235,0.17770500761203623,0.012539546348741357,0.01925725987266576,0.2312553095764318
SAMPLE_04069,0.6295286885981416,0.15786148932960145,0.16600212919939977,0.2912568854206751,0.5059593471593421,0.00048501171474281645,0.7677737062563168,0.5211687634658364
SAMPLE_04070,0.9995084408624535,0.03143994924210581,0.054234043484048505,0.03427768151629091,0.05252783502993116,0.003975523399284589,0.02323953756954175,0.04016372189650962
SAMPLE_04071,0.9995694895570458,0.30180219038531997,0.17279542157516536,0.19648179004906102,0.2714249571582249,0.03573187036104236,0.06315073317246665,0.38793805388785796
SAMPLE_04072,0.9992862501657247,0.11424727933626126,0.17577941526579724,0.0912463024975406,0.16186044604558705,0.05745710261767347,0.043207322535950374,0.12765518250537533
SAMPLE_04073,0.9995867735805609,0.3288250903792328,0.022076957549588827,0.1459653702902613,0.13429750610308258,0.005875814985113677,0.01302536925842088,0.08359748321710574
SAMPLE_04074,0.8271806748988437,0.254684743782553,0.18195280694047286,0.6729307393188929,0.2145142652594438,0.002880896387909145,0.05362737301382542,0.3815984503412613
SAMPLE_04075,0.9995637644717299,0.05668287531839167,0.10115027858224251,0.04254309507337323,0.0864975507111812,0.024394037945225714,0.03957721325533208,0.06283255311097735
SAMPLE_04076,0.5731313152700923,0.474646153295107,0.08554163738396993,0.7446265688869796,0.1842717042445142,0.015389238453797282,0.06304703436142335,0.27708677316494557
SAMPLE_04077,0.9991961356452658,0.4049820676797592,0.23630955280753252,0.7378135784555337,0.3130926599687533,0.11642987224393933,0.05813871284143281,0.4738847735851928
SAMPLE_04078,0.7798172669173898,0.1157297021147102,0.0853704040727927,0.3141199894980803,0.20805034254483926,0.00048854167733834,0.7545258978190887,0.17971680281915145
SAMPLE_04079,0.4510890296962905,0.10059175177134305,0.0917967251949268,0.9854824289842298,0.19376544131251627,0.0025225158730726163,0.7932707988384764,0.3269631408953299
SAMPLE_04080,0.9228031399409453,0.26791866450970536,0.15281529940949956,0.7133488723500065,0.2513441761400593,0.001552932816516379,0.02976887617183884,0.3519673880122857
SAMPLE_04081,0.9999999999999998,0.9339921497182249,0.9332333553308152,0.9979320619307586,0.8707072244386989,0.9999999999999998,0.9500834861593798,0.928794569544064
SAMPLE_04082,0.9995272245477086,0.29727441308034835,0.2189844518983302,0.7439126999262303,0.2925599863033169,0.004880126148557106,0.08594887290631381,0.33328084265719105
SAMPLE_04083,0.9996174482014708,0.3651718990820997,0.028149645793670096,0.23878797221362705,0.08899923069275362,0.0034337750301635488,0.0156823486187081,0.07779577770048145
SAMPLE_04084,0.9647748366848061,0.7804691620354324,0.5423901524248526,0.7491398889124029,0.8447023327445964,0.0011961096466665316,0.11057920745448811,0.6200866496093758
SAMPLE_04085,0.9999999999999998,0.8774214476623965,0.8326611922984055,0.99833669739978,0.38362678891678587,0.9999999999999998,0.9497930966885406,0.5428995959407956
SAMPLE_04086,0.9995737053912503,0.06258446262831364,0.02568310078788432,0.03156168501122592,0.04888571037107176,0.0038513671901789946,0.015391166737131649,0.04559987597265362
SAMPLE_04087,0.9994210695332679,0.14760915139398004,0.28296423043052155,0.733904413126276,0.24741611941070146,0.013961310639936959,0.067680757414683,0.2866950892057495
SAMPLE_04088,0.844157729026831,0.7507376055242708,0.3718426895544381,0.74866285035245,0.8355081431844118,0.014770667207381757,0.06596595546664598,0.862463608046274
SAMPLE_04089,0.9643008596386674,0.5205107162464702,0.2003301366712722,0.7477223894701519,0.7814524898626827,0.04487932998261654,0.06019561874698549,0.4679767625081601
SAMPLE_04090,0.9987178362571867,0.4408268657245762,0.27709697593038574,0.7531615814169208,0.38134612224410624,0.036983335514280874,0.042824406978284595,0.39583698919772065
SAMPLE_04091,0.6054479061222493,0.06301865982630335,0.06139843709919504,0.5034371885864803,0.20854122481144294,0.0012665759717549099,0.7632830808348019,0.28022746409521326
SAMPLE_04092,0.9994969123804198,0.20294000611001947,0.09066005692476431,0.15256099030473697,0.2357401615576214,0.020167251866026616,0.03488364652452009,0.17938424767541036
SAMPLE_04093,0.8615075056254827,0.11711978167936626,0.04645223592742469,0.739994873916147,0.14537200070249406,0.004126063615629181,0.02415133960839293,0.2694371056130511
SAMPLE_04094,0.9026346641312624,0.44695054519848937,0.1372076478774496,0.7477947272839853,0.44451918738452845,0.0010245823323572034,0.030237424010399257,0.3499527152585835
SAMPLE_04095,0.6911225130534033,0.16912137767567176,0.2324374846564491,0.2931795252303496,0.5553559338678735,0.0006778914271321226,0.778876542721934,0.5620084533867044
SAMPLE_04096,0.9995386493931977,0.04647531391656231,0.060521378969887955,0.01609833535162592,0.06854426964056728,0.00635393364832613,0.023528700588736247,0.04183173219916194
SAMPLE_04097,0.8322358553030251,0.19008859699256714,0.14386080494791414,0.7278993953823161,0.2384399595048539,0.0013380083854044281,0.030011870404613707,0.3674734714467731
SAMPLE_04098,0.8507449705753529,0.42925408199698867,0.48854986142744494,0.6726387480453265,0.7132019497892313,0.00560444218366349,0.09468168774587074,0.7306850082099694
SAMPLE_04099,0.9993505479308542,0.4986809000815122,0.17153804168630965,0.7141323306146333,0.2664771714606185,0.04432371116642459,0.07978095155954198,0.27381621616695995
SAMPLE_04100,0.9996080155564129,0.5665960438429196,0.7779178209013042,0.7497270469152444,0.7955354274140541,0.07612703011583095,0.16812976234926663,0.8624696305990732
SAMPLE_04101,0.8246659308361555,0.16498956283177696,0.6772904758271043,0.9728799563471892,0.656077613681643,0.0021405833775227125,0.8507616893692072,0.7427268182893833
SAMPLE_04102,0.999299710481464,0.1903512101784485,0.08022487222987393,0.2711308287412807,0.13631032228318096,0.0285434116337074,0.020573736481249452,0.14316881040888024
SAMPLE_04103,0.5541562411049064,0.05397924288332138,0.04502013223384078,0.7456242560924385,0.0779013370620471,0.00040615448142023987,0.7571552932069301,0.15897494511046747
SAMPLE_04104,0.9632136146381081,0.3689319644165414,0.23176756139343582,0.7476317559823941,0.5636562355518813,0.0016525264862088229,0.08908633712356732,0.4416163267452704
SAMPLE_04105,0.999584619702879,0.018867868323484006,0.02695622821352823,0.023670397321255948,0.04439465349644707,0.010802710260746607,0.014277234374446578,0.036120709130913815
SAMPLE_04106,0.9991515993744104,0.09181287974605509,0.041015386642775695,0.05645737285762828,0.11042870035587724,0.00748771600582688,0.012984957922094406,0.0910800503347998
SAMPLE_04107,0.9637839273452656,0.33393182642392727,0.15086924063131335,0.7490703129150609,0.09657853913773559,0.0008179498658256673,0.04212173361126259,0.30904090508306314
SAMPLE_04108,0.5137669088652416,0.15945944949517393,0.1323570660639357,0.9927584834052063,0.48225342134317084,0.0005294558382335667,0.7632580705315348,0.6722813695833044
SAMPLE_04109,0.5137654206414991,0.12269913031845754,0.15557568424566678,0.512680481859145,0.4580820851695742,0.0029391330543280456,0.7664645229047513,0.49112500147546406
SAMPLE_04110,0.9246801897069773,0.18563908165783843,0.2796741939731575,0.31890410424255444,0.6853299061971914,0.00048030319266504425,0.7800347504060972,0.6067902396509144
SAMPLE_04111,0.614489349193543,0.11963795135261072,0.14325283222946592,0.6700918572323562,0.3240326532467849,0.0021321510929333608,0.026373104883028277,0.5209713365402218
SAMPLE_04112,0.9994090325863295,0.0177777789986636,0.037537374543472224,0.024956053737497222,0.040928278558597146,0.007580655139462739,0.016094765036205792,0.04664427107013288
SAMPLE_04113,0.9994396393420752,0.49377742489252685,0.16902035018142883,0.7453391311208387,0.1938311535700279,0.022154310705236508,0.0634106303090988,0.27034183756381064
SAMPLE_04114,0.9995288273948558,0.02957115468990618,0.04544127794045441,0.05254807349013946,0.02800781761011198,0.0034292118485847165,0.021096499062768514,0.039969201382266964
SAMPLE_04115,0.806069572111116,0.15202121880988723,0.13316187762218865,0.08922889778115238,0.2546822847190663,0.0013060540203367276,0.027147914375230002,0.38200370967755887
SAMPLE_04116,0.999472212878869,0.36909180770489264,0.32112456802902845,0.7497509171599673,0.46966039691463,0.021101543421541497,0.07210757600756307,0.5408826152433349
SAMPLE_04117,0.9993438470028526,0.048186175691040396,0.04213412582965554,0.03166622186858767,0.0509052271403745,0.0024315246713200586,0.014014689616464295,0.08070587387377035
SAMPLE_04118,0.9993593192463776,0.660123229238582,0.05503585365912272,0.7526450557516835,0.19900512024819889,0.024322001446659927,0.03408829923351041,0.25386798673032374
SAMPLE_04119,0.999434341785065,0.19866369147700869,0.027884866205432308,0.07399605605381362,0.089049085969583,0.0038446505691496547,0.011405959912096971,0.08417391288804314
SAMPLE_04120,0.9929886251141662,0.490903447082057,0.08794207830887969,0.3380709268396667,0.2405465414503971,0.012700955116089749,0.02126215404035332,0.19567564543044985
SAMPLE_04121,0.9994154039459004,0.25049043086661094,0.3039941007919279,0.5717386024346671,0.3125798633618413,0.0415642736297416,0.09130592200162865,0.18578901482616958
SAMPLE_04122,0.7903277325778904,0.17600553375605651,0.21732111739170334,0.7344726995770565,0.22815607222440992,0.00181311120044744,0.04769021203356799,0.39276052522614885
SAMPLE_04123,0.9995445908346797,0.2740739704240483,0.24213354296998502,0.5737708593116156,0.27194829682229177,0.03029821271711406,0.051002380819271095,0.19833079994433836
SAMPLE_04124,0.9993286382883638,0.03838832711862977,0.032389384397743824,0.0407739169339479,0.034356491848692904,0.0051566423295733126,0.012309780898382347,0.03770763147281902
SAMPLE_04125,0.9326902333211193,0.2583837710443627,0.17514246198807404,0.7495447184359432,0.5014891801744094,0.008464041267237404,0.0798960133227262,0.41713845305206054
SAMPLE_04126,0.9995948345714327,0.3210433850009259,0.018431415429713063,0.07151924168728369,0.09440189484135392,0.0038937001221971204,0.01353126929076678,0.06282739808172208
SAMPLE_04127,0.9995272913723923,0.090741235763309,0.11198374113809306,0.03201419638869379,0.07883890866609142,0.005843317280647569,0.027517944039354685,0.11029347873636244
SAMPLE_04128,0.9295985269980989,0.7927028241466354,0.5701137504843741,0.7488271549815393,0.9156004252811814,0.01939770421894791,0.08865713569786139,0.863302745735298
SAMPLE_04129,0.9996005796111072,0.0656224039219742,0.09781778050440539,0.05164410657208531,0.21783768473349732,0.010246134386629593,0.04206293334860266,0.11774406241325544
SAMPLE_04130,0.9994383504974166,0.2837142075817555,0.10541410779647738,0.40090432675755955,0.09843430936940893,0.06517752464926338,0.04806711471169617,0.14544050113916207
SAMPLE_04131,0.8999379139023176,0.2827403821329898,0.16955038533362488,0.7463800937238121,0.35093511688001483,0.002989042920740075,0.05261154363951462,0.34023251154979556
SAMPLE_04132,0.9274615905988451,0.24490539966318534,0.14945430617580038,0.7483430286140569,0.4514385590682394,0.0027651275720515503,0.03479775581740588,0.5322185218169593
SAMPLE_04133,0.2690960430896255,0.04026009200061138,0.02463118904964745,0.9922058045057126,0.03807328533637493,0.00041592216239766063,0.7529937938891191,0.25777762598070275
SAMPLE_04134,0.9996037408396066,0.19522421023571745,0.020880069689409142,0.045091204325221484,0.06854792088406646,0.008654981087510753,0.015155983305201275,0.03552266115516211
SAMPLE_04135,0.9996292939509961,0.07911900014707654,0.1030524839164547,0.09851044708294501,0.10722177749047826,0.00950872636393874,0.03146183195032862,0.08231881536418653
SAMPLE_04136,0.6524859728201317,0.08849377775080744,0.14861903738529372,0.8834266445703365,0.5126602130919272,0.0009439848167168176,0.7814993073930887,0.5670960430180003
SAMPLE_04137,0.8146338324715854,0.22649014073900037,0.20562152645260434,0.21451362498939416,0.40477398019176514,0.0009376563614474657,0.05053753529764769,0.3504653456807849
SAMPLE_04138,0.9999999999999998,0.8760264618250531,0.8809255376111984,0.9991357770798623,0.5524254578138713,0.9999999999999998,0.9503237164880061,0.6313485267923689
SAMPLE_04139,0.9995320820496909,0.05882192212520619,0.02394818585859145,0.12448177117777837,0.1082378151462397,0.013607878409970032,0.028891874593952704,0.09593242711977383
SAMPLE_04140,0.9542077531955249,0.09285127361911277,0.10407251280430488,0.7485965511051174,0.1668119970508281,0.0010553803358222071,0.03921373105872,0.2797158040882651
SAMPLE_04141,0.9992475293557329,0.043324261817980464,0.03705284969975155,0.06057812625239505,0.046243814348562104,0.004997327604703457,0.019572307950662608,0.0835452635538232
SAMPLE_04142,0.9992824124837939,0.21261727863596203,0.06373670399318578,0.74611566881374,0.10036448740469023,0.004903181153461675,0.027062504571427008,0.25921451733305195
SAMPLE_04143,0.9995814844626484,0.20494281092906727,0.06441125725497063,0.3730411699802671,0.130131312120326,0.03976505186431267,0.03101485673522184,0.13742875472867483
SAMPLE_04144,0.9995380927821356,0.023637553958448493,0.019043307177756895,0.03566500720309115,0.028004293243597315,0.006208330653244839,0.013299038334394867,0.04412831460289136
SAMPLE_04145,0.9995833583059888,0.05194063442579877,0.0882090985866581,0.07684733892906453,0.16373366648277365,0.015469614656955752,0.047257882136117216,0.11160707644650164
SAMPLE_04146,0.9996100513749628,0.5099942610338469,0.28562661053653243,0.6295734395375023,0.3211472155790735,0.010680587524075429,0.10249064253873806,0.3053482286891316
SAMPLE_04147,0.3770787762705141,0.04221499680547255,0.037320098971485444,0.26046859545368506,0.06415613581882908,0.0004783023262631673,0.7541500436572357,0.06524853669838354
SAMPLE_04148,0.9995599698816375,0.08023561772678055,0.10141561750561615,0.04743208507333625,0.14727980281526099,0.02323624720623436,0.07620918151594627,0.09624617841627406
SAMPLE_04149,0.8507864582483319,0.14037824991534006,0.056321295570819975,0.7466279781034191,0.10145751849866687,0.001095387478646683,0.01742100386584613,0.29639301350587544
SAMPLE_04150,0.36280255372743736,0.13387394084702428,0.1593924848465354,0.2945150727640591,0.4177490213074002,0.000434935616720267,0.7670100403326725,0.4349667172059131
SAMPLE_04151,0.9996215080268583,0.22101083724699327,0.03499157023462149,0.05027377598874926,0.11947691039190317,0.005270284380820146,0.014518223813678326,0.06721047294251575
SAMPLE_04152,0.5006629592766945,0.06461067715754298,0.08380116006303694,0.6422891016848249,0.18351869232753465,0.0009219975684446944,0.7706941668721683,0.24634818468733516
SAMPLE_04153,0.5385465691821889,0.06610833883636763,0.08962075218551807,0.3178523025412224,0.0413041963491768,0.001032176699833613,0.7666253289075,0.0773212377943545
SAMPLE_04154,0.9995003453804097,0.04758619424673696,0.0642564172951186,0.069410968535659,0.08929513563491935,0.005528044664339493,0.04674545229803771,0.08799847977990351
SAMPLE_04155,0.9273726864622809,0.41662373812687586,0.12042589812378893,0.7491086721521442,0.49761286244854586,0.0008471131963162244,0.02791018365615927,0.3951807185144959
SAMPLE_04156,0.999208776600256,0.05055542489270367,0.044949947819327075,0.27198844484379947,0.05679458316531083,0.006527943587978712,0.028432036399797935,0.12922537163350517
SAMPLE_04157,0.6635859834150213,0.052339923481760545,0.046327808143883244,0.3979987636289875,0.04871772626064494,0.0005403096147436951,0.758808431464745,0.10545911388562319
SAMPLE_04158,0.929223201423213,0.41932701919968346,0.14665756858839296,0.7485344601636228,0.49285973187906007,0.0008404511000124096,0.024167603629139948,0.5366889067287277
SAMPLE_04159,0.7750925571046597,0.18206370580934061,0.3663515706526128,0.9602243266626377,0.6436011151885848,0.0006782994892655935,0.809352919653253,0.8778099956455184
SAMPLE_04160,0.999572263999305,0.08841036264257571,0.03366753012425596,0.0783039030957777,0.1070355349976658,0.005739131445025364,0.014076266078093128,0.056742720093297526
SAMPLE_04161,0.953456756834218,0.4167235311232786,0.13230082324817546,0.7342118512114398,0.36391603798033995,0.0014467819845659015,0.050073557722540456,0.30800018082051944
SAMPLE_04162,0.6790129350115021,0.08824674077482075,0.05312650822885257,0.7186020977449491,0.16730985096752282,0.0014043208008428698,0.01565212331689097,0.2915487285985645
SAMPLE_04163,0.9989918397085884,0.7341779437931828,0.3243813981412948,0.7870812983258807,0.48239085806116194,0.060746945640739465,0.09822045651707405,0.5164135171874501
SAMPLE_04164,0.2149609487279062,0.050209011474582205,0.051098603449085074,0.2652709362909102,0.18329262072956903,0.0005000192242017497,0.7552773104338422,0.19408330092182774
SAMPLE_04165,0.9753733998164195,0.32787105543424316,0.33045437098111596,0.7481577056004078,0.47838762101816446,0.0020400607430039763,0.050978905058209525,0.6769762507953392
SAMPLE_04166,0.7929422597878314,0.18231895161650863,0.12951225865370436,0.16240614749521404,0.4035309348148774,0.002764718148136837,0.026134570274534072,0.46628289517549604
SAMPLE_04167,0.9202113565098823,0.13625439762626945,0.14132338337954248,0.7442302757647735,0.3282495194193056,0.0028062848907856363,0.0609500088081596,0.3044553136602516
SAMPLE_04168,0.8398875431650892,0.22415645115679436,0.5093804999388308,0.7382671131532861,0.6853255449151865,0.0011751892792072306,0.11122098879553799,0.6566866293036432
SAMPLE_04169,0.9995758701684988,0.07788667162917887,0.07223422469407723,0.4881950502779478,0.08610074859274508,0.03057345137793989,0.02814307420615087,0.15525228561442495
SAMPLE_04170,0.8264287102174493,0.14692598989364417,0.15632322312129918,0.32638727314451565,0.40110306221442044,0.00047380077958758163,0.7676837686732241,0.4903080279206312
SAMPLE_04171,0.9994532733262027,0.12299014243980338,0.08398418117965885,0.6907738534171426,0.18748249953623025,0.014070561475255093,0.024077350648602436,0.2846363371828566
SAMPLE_04172,0.9993051349056292,0.18768874362809218,0.14859710898759063,0.07759546365089728,0.12845721030220641,0.02627760069061479,0.04046271705131998,0.11291362751005621
SAMPLE_04173,0.9995064254511713,0.33565718640787956,0.44856236027250795,0.582715275981381,0.5849683828949506,0.30605509139192977,0.20189502765334855,0.5342604195872872
SAMPLE_04174,0.4928154105078733,0.07241327810534383,0.055526729615754264,0.2790030436940612,0.2403629982026843,0.0005741660019697657,0.7560617966453036,0.24759377119241854
SAMPLE_04175,0.8396810788575592,0.32774858082778036,0.15346432655418285,0.7488366149105776,0.174743092142149,0.0009689905031039976,0.02070802187079824,0.35452428475158515
SAMPLE_04176,0.9995746245366514,0.10200087898437715,0.21941373413489954,0.11563771210974051,0.13926470303827762,0.026957155023462156,0.06937614461742594,0.16347966440767805
SAMPLE_04177,0.5999774447067467,0.24531545210204292,0.0501240598378486,0.7493583105260342,0.06978312283772353,0.0008377984049355802,0.0156350460610841,0.3453904083768068
SAMPLE_04178,0.999108317785715,0.5239574152069306,0.21686915888150515,0.7505359785372614,0.5229144780239916,0.15312289250884858,0.058227763902652586,0.483930230645331
SAMPLE_04179,0.9991502524258702,0.7233430747669817,0.05172241119930039,0.7438593191365472,0.1959850729919095,0.013976408061420259,0.02243762786174218,0.2535133774800258
SAMPLE_04180,0.9999999999999998,0.8939083222298845,0.8436662705337685,0.9990425669373366,0.36718182562864077,0.9999999999999998,0.9503065176447416,0.4931389967829292
SAMPLE_04181,0.93482084508545,0.17130923358620584,0.078614749079186,0.7260499346815832,0.13686796644475074,0.0014983088822575349,0.025708890721463866,0.24664253937631164
SAMPLE_04182,0.9995444755316273,0.0464382326318344,0.039919683887298524,0.09539162405766696,0.051605273513563234,0.023412454983811923,0.023182122176501552,0.07823158938945536
SAMPLE_04183,0.7773737234616236,0.12733597917971756,0.11967343405104745,0.2716932420391808,0.2748351863900743,0.0004640863614827182,0.7543917656938783,0.25396337608818276
SAMPLE_04184,0.9995016550748012,0.03726182031088031,0.06760800835954346,0.05270420916357152,0.04289904962870611,0.009531272307098443,0.03321422861974378,0.0666317421247572
SAMPLE_04185,0.9995789936233663,0.0463368609730016,0.05435326195398614,0.08728680706500311,0.08519779632249301,0.017319074899044294,0.024163969054202723,0.061397946420387844
SAMPLE_04186,0.12473482811929253,0.0901232694139077,0.1402700177661743,0.2719104865430628,0.3214078815158684,0.0005427485455048795,0.7708641308477688,0.2721050495139267
SAMPLE_04187,0.7229142726991116,0.15422949642869344,0.11122385032655889,0.7485722403322097,0.15614850993496548,0.0009913955361209122,0.048657822567847,0.3994230050872126
SAMPLE_04188,0.9113588883773863,0.46024024934109853,0.1626039363412886,0.7488008646169424,0.35547413847262843,0.0010447427896145135,0.0454066722562111,0.48830904141291864
SAMPLE_04189,0.9067546375867064,0.2851860041972259,0.08594498782091407,0.747689058386289,0.18825946251195239,0.0021697814636707654,0.0676928471258325,0.2808185194726744
SAMPLE_04190,0.9995081868818501,0.07669793379047979,0.11248413849572445,0.045035658170343745,0.11291870938951007,0.019725524944599525,0.06743979188687418,0.1424597342917781
SAMPLE_04191,0.9993634696781464,0.059548417063050044,0.07750763916291602,0.27232672763032373,0.1526861338072926,0.022622302184998326,0.02762249420436952,0.14396797646322104
SAMPLE_04192,0.999356623834315,0.058649973429143826,0.07511304934945646,0.04680813789799835,0.08399686190984043,0.009582689235256256,0.033285527944379244,0.10209162970785242
SAMPLE_04193,0.9359136184634158,0.2716016213591264,0.1735143137827898,0.3290570814394072,0.687025028236545,0.002770799416014553,0.0435076558203403,0.5928860465433382
SAMPLE_04194,0.5151845901488193,0.04749592092644033,0.044655010568040054,0.025791563630865134,0.08537178082908947,0.0010593392078615952,0.011426555906975108,0.13998502802670065
SAMPLE_04195,0.9995022398250345,0.06896112075928773,0.16949685707984677,0.49253611593483804,0.10886179585905718,0.004771545850165889,0.04246038064572019,0.1942806810415951
SAMPLE_04196,0.9935544618403299,0.09906446657808034,0.09416711981687226,0.7340291077466933,0.12207542962089174,0.01060133494412265,0.05386451549646652,0.26693566636917754
SAMPLE_04197,0.9996075417913092,0.03815413613630704,0.040683843609769225,0.026740660439858673,0.05648893797371299,0.043208646398971505,0.019041127319707026,0.06878045693043576
SAMPLE_04198,0.9995303954354762,0.14205549232504644,0.0707559184228859,0.30075110040517794,0.09494956199694006,0.02330501448515611,0.02482533882019708,0.12387974953708399
SAMPLE_04199,0.9995278728129395,0.12924214057678865,0.1520610453256746,0.1277723701535969,0.1561187171963753,0.012556419449914247,0.05510170576767807,0.18985188587959415
SAMPLE_04200,0.25922631217935377,0.1413167409110533,0.19648714794759792,0.31104238407766516,0.3741381940635504,0.0005879974463031357,0.8089988730766,0.3790603564929125
SAMPLE_04201,0.9991794740862128,0.014539012036386696,0.012708488998341769,0.011946004872267074,0.01741208238578954,0.002603096733376627,0.007939480175966088,0.016963590920887225
SAMPLE_04202,0.9990108645901206,0.13679299061689867,0.1715318418896855,0.06924336563715838,0.1938439109500293,0.06351772550633145,0.08326446954152107,0.09361605236019754
SAMPLE_04203,0.999429196090833,0.09651172947294755,0.09807659439568847,0.24396796010319566,0.09396337905653647,0.011717307103401332,0.03654251545686008,0.11577938421551562
SAMPLE_04204,0.9996164351832524,0.08755824457693559,0.08801399768636925,0.1067055079993722,0.13241027183303633,0.015124411832717444,0.02984204890356523,0.10953159988467268
SAMPLE_04205,0.99950517526957,0.10405193817630828,0.15043466248984386,0.2778844607956834,0.30390160067538674,0.008869114781781446,0.05657050223642869,0.20026041875556727
SAMPLE_04206,0.9981691188538964,0.5276540044729203,0.17052472717325104,0.7399629133881591,0.18843242366991145,0.0044949441803252815,0.03614857454722598,0.26467547507941286
SAMPLE_04207,0.8635596941366569,0.13700978830485724,0.1945846451283047,0.46901165176569,0.5062622752227416,0.00046713160365568194,0.7931446746431912,0.48783793433666056
SAMPLE_04208,0.8606747405729185,0.17518220911887417,0.09749239547987998,0.16442523091668798,0.2020810001380844,0.0013588846606629387,0.019682528688812016,0.2526300910185778
SAMPLE_04209,0.9995754645636685,0.13001994262435312,0.05204822061581309,0.3889301079127452,0.12913224106500767,0.009359478031875888,0.024463909218357345,0.16549151444801274
SAMPLE_04210,0.516495496927666,0.07304887125397855,0.03869806751278039,0.7482814315478846,0.08295033475822897,0.0023041442733938507,0.06404108488340157,0.27279413194409824
SAMPLE_04211,0.9996067986812996,0.0473987684414943,0.07145591433231381,0.012354403291344629,0.09488244305829181,0.004730848186496817,0.017090867985585092,0.040442123920849775
SAMPLE_04212,0.9988903274758123,0.7020126663131753,0.17277212190218696,0.7529557474111173,0.1890027747550161,0.013662338882940932,0.03808686918083107,0.2816949562201199
SAMPLE_04213,0.9996317317479904,0.07241569894254737,0.0766397948221185,0.04045750154854992,0.11738098480599404,0.013588753411676438,0.02423487003164967,0.1394371776209012
SAMPLE_04214,0.8157838800806918,0.14276127104882116,0.1436954163327818,0.40707419021191327,0.3439862629212063,0.00236719022553947,0.7683355908611433,0.4288403854535542
SAMPLE_04215,0.998986052004435,0.38968500285589897,0.17239477180634508,0.7781664303705409,0.24962088892545692,0.08752998200739094,0.09945225344360353,0.3340597069448349
SAMPLE_04216,0.9994202038927242,0.13075256680391328,0.216186169909447,0.1941072267866754,0.2678165937471504,0.07106307894465852,0.10498509564970132,0.20859312896965285
SAMPLE_04217,0.3753962671797154,0.11361408405307108,0.3378437557490893,0.40564403075702105,0.4155090798060844,0.0007491109212942356,0.8647252524994922,0.32753181710400125
SAMPLE_04218,0.9981421362941412,0.1678328184144421,0.09979761145893773,0.7387915643606783,0.13589864432640222,0.004091007042509597,0.07137143503107747,0.2668019735020125
SAMPLE_04219,0.08293918066238755,0.019423034732006808,0.018970199896694562,0.9669646346965035,0.04337585814019794,0.0006294805745439405,0.7547534004933483,0.25335806780424147
SAMPLE_04220,0.9993444743740718,0.12228791875201254,0.17423954120605023,0.23760842426552775,0.3089885639042079,0.006416524078185915,0.1098494374521027,0.3684926813502209
SAMPLE_04221,0.13640183310758092,0.05307690845570345,0.04606663736788975,0.2674651162698868,0.10392357379742222,0.0004940150477188249,0.755294178557401,0.07956546811032413
SAMPLE_04222,0.9994374438872289,0.24607044236158415,0.09992402104890297,0.7662861481666587,0.14064446795730665,0.19822740668272415,0.12538430558739322,0.28283762506834076
SAMPLE_04223,0.8166824611962147,0.14451447309739607,0.11439667131861447,0.7481809389702865,0.14780332449741085,0.0031264473702075487,0.020429447117786687,0.3132238614505867
SAMPLE_04224,0.9982450338660365,0.15584772656889312,0.07087269017008539,0.5125289412041012,0.09019093418665414,0.014456969593879893,0.032497644784646375,0.21334551153408926
SAMPLE_04225,0.9996118260364634,0.06305729953948616,0.05751917212210529,0.040436469775714586,0.06900126926903186,0.008641344850728509,0.018648603887225387,0.05938309847135863
SAMPLE_04226,0.9993424367028569,0.045748372248681085,0.04186836480955672,0.01528813753453458,0.06128476673180899,0.004363210834836321,0.01976637741476873,0.05436806208026311
SAMPLE_04227,0.9995484204247693,0.0482672982476713,0.05677477270801838,0.09918437857166194,0.07032457048054068,0.005639869393509656,0.020550737685789557,0.05451068059338434
SAMPLE_04228,0.6863995272213476,0.039731374118691654,0.026351366504183602,0.41393191817923924,0.04495334681538783,0.0006205911748533921,0.7542934784070829,0.06258621715455244
SAMPLE_04229,0.9994826478079688,0.1305332083148504,0.10833322340369045,0.5507993782850351,0.11092020576991174,0.021481292934433547,0.023248748982172933,0.22178040820213907
SAMPLE_04230,0.8173031404085369,0.282624650185643,0.2568689843882597,0.6596855235449341,0.33565973335495375,0.0018025992029270736,0.08775307593377094,0.4276413402233946
SAMPLE_04231,0.579419374168281,0.10082124097856848,0.11206462168826897,0.016075458673019346,0.17870124301443951,0.0009658734383553597,0.015117995946441844,0.23741336229177779
SAMPLE_04232,0.886387402306716,0.10865775377588471,0.12737793804366504,0.7464312275600631,0.3542611467134767,0.0032798715524630785,0.035745360156214774,0.3817004805410893
SAMPLE_04233,0.9995680294371196,0.07481090811994379,0.04593387999626539,0.07757579984130825,0.07568872204151371,0.03303939980195439,0.030116413921380935,0.09121542492942833
SAMPLE_04234,0.9994649964068525,0.33595604978161414,0.18526849078956276,0.7254633606439209,0.3292249721319126,0.015897279699476213,0.046604234358521526,0.49509117792169827
SAMPLE_04235,0.9996352667845227,0.5059613607102637,0.04018473012690746,0.35661229352405033,0.1846549250852832,0.006394829784170616,0.016182970914804563,0.11622929503753988
SAMPLE_04236,0.21914638798536445,0.04723345781182754,0.043316950841319764,0.27564944893959265,0.09881251560173497,0.0005902118852726857,0.7558886178908879,0.0724960212858064
SAMPLE_04237,0.9991037679208212,0.04555369306295089,0.02509623101481629,0.04400086526367014,0.040642304821045916,0.005997101365527642,0.01515617465501476,0.02623826344407859
SAMPLE_04238,0.3565182390063337,0.13639470186864025,0.16725042882993435,0.8088052822852049,0.23723276401920512,0.007107780569606034,0.7729729022116971,0.29907187205596536
SAMPLE_04239,0.9995319889440241,0.6190067245388802,0.8747192237147494,0.7118876590288136,0.8550965525959766,0.16614672712705617,0.2006693114909511,0.9243991718696288
SAMPLE_04240,0.09776714752794241,0.07362962301321417,0.23585892249232898,0.33573372863268997,0.46615474637812077,0.0005987998228073105,0.7872029288339784,0.38743558349314355
SAMPLE_04241,0.9992475196631148,0.054882219500744164,0.06993620971604685,0.029183525939823523,0.13580362445173447,0.00490519243716531,0.032386213510084444,0.0845013014346833
SAMPLE_04242,0.7084509643773408,0.18974919295834,0.1697763670086187,0.7482253444678939,0.45835410988373904,0.0012940393444907012,0.09294692269610759,0.5552800501691104
SAMPLE_04243,0.9985603832383068,0.33175150472655535,0.34697323792859025,0.7558935791335398,0.46036278571428824,0.07997769102809738,0.04832277182921475,0.38861859426317374
SAMPLE_04244,0.9995864113301758,0.07201631768491527,0.09439239501627808,0.01683643254125238,0.09589988302603587,0.004875564459472494,0.024984824757003254,0.09288472772665925
SAMPLE_04245,0.9995332704029958,0.014776572519087997,0.02294847456397269,0.05725677782867651,0.022063487708747057,0.006524580004934031,0.014326112915100624,0.03806382531381307
SAMPLE_04246,0.3177096694080187,0.05927137549636863,0.07161075504494138,0.25612857083455637,0.1065283936329969,0.0006178438015963581,0.7531379483312823,0.06499544053752482
SAMPLE_04247,0.703948747499735,0.06572188584609982,0.043555966861641905,0.7491581258986995,0.05598259478747782,0.0017454549423426544,0.031143502169535518,0.2587880907688791
SAMPLE_04248,0.9432438873742646,0.1998192297015996,0.12969535592820938,0.7463044902882531,0.2460997904854296,0.025452835019971674,0.03870307925893357,0.417791303275926
SAMPLE_04249,0.48416363726926304,0.1069882048215725,0.11376591090910043,0.03960602170394121,0.3696967588086955,0.0013110447347325985,0.02385736099768296,0.4028888369547988
SAMPLE_04250,0.19304375272655983,0.032906720926680434,0.03852086745728656,0.25658097139182134,0.055523197613240295,0.0004572372097953238,0.7535700109509695,0.04397867974118218
SAMPLE_04251,0.8588633599708253,0.08928105608817222,0.0728455848894319,0.304044040030089,0.19248936972947212,0.0005193755059835768,0.7534581600985593,0.17402620624107892
SAMPLE_04252,0.9988781198116948,0.0702693744910017,0.10943103966393106,0.02346655415594484,0.1254865641256597,0.00813037517166961,0.030564200989046327,0.0870218723288853
SAMPLE_04253,0.3832820047994668,0.05098344457334364,0.05705487438852769,0.3355271822285595,0.10148461284118858,0.0007571661680214201,0.7603505017969292,0.1261681681168713
SAMPLE_04254,0.9995441583104125,0.29879138805717254,0.2951618768570576,0.36095996706616373,0.3134934488272517,0.19211443077302398,0.1036252140746356,0.2426220363928907
SAMPLE_04255,0.9089686436438702,0.13585616520263025,0.12237493702493728,0.7468729155057025,0.5283427955729282,0.0015788209872118902,0.01824664687260555,0.6522852569545443
SAMPLE_04256,0.9996107912608797,0.20664276324375094,0.1210596930514662,0.2565656852274829,0.3684097748644544,0.005366102419025597,0.058382733176285256,0.20291794631370666
SAMPLE_04257,0.9527618177284923,0.3876835538355862,0.08991301064758753,0.7425450010956824,0.1986715060644018,0.0010157529120195315,0.04597923554705105,0.3868153162031671
SAMPLE_04258,0.9993401146712113,0.47021517874120555,0.08671045780928209,0.699124229651569,0.23319136152581618,0.041753028613261314,0.05652003174636066,0.24763186244158314
SAMPLE_04259,0.9993049229392368,0.4081010385492032,0.1355373272466601,0.7524766086839503,0.16672510645667665,0.06533579558111405,0.08619975235976482,0.267941044903183
SAMPLE_04260,0.9994535646544751,0.019508246206511093,0.031805782309566266,0.04059844386084628,0.03610219197258519,0.003609394025494092,0.016401601368355653,0.04399856631372307
SAMPLE_04261,0.05468593367924781,0.03224093545254169,0.031405579342472165,0.25665174886661285,0.0381824558970385,0.0006043074517873027,0.7551672519075139,0.04177573763262999
SAMPLE_04262,0.9993208667127744,0.12270453262921924,0.11790531921386314,0.037473996770475956,0.3892837118341515,0.00524898630635357,0.01600004168434162,0.21120385648789827
SAMPLE_04263,0.9995691673729029,0.08340788335607535,0.10680278957451703,0.041237951968547785,0.10880337321816033,0.0498377087038574,0.07914216578405187,0.10307436196963983
SAMPLE_04264,0.6947594135359779,0.14073123743840205,0.12508878600658416,0.7469108567940225,0.38797924464967243,0.0012421551069551264,0.01777684359432587,0.5314642721580533
SAMPLE_04265,0.9996111497491074,0.27674415458002866,0.5552684325791142,0.49965468326379847,0.6119336162268599,0.023955081185857336,0.17742774922774363,0.6433156963552835
SAMPLE_04266,0.9994338046627219,0.19916411057492986,0.02868997741270357,0.7352911059631677,0.07947358763884753,0.010783608523664067,0.012025394674228024,0.25832484854652726
SAMPLE_04267,0.9417826062969299,0.22800673272848765,0.05363981110292669,0.7486469300408779,0.1763799436396057,0.0011787250482819783,0.016735581868189263,0.2691630592451612
SAMPLE_04268,0.6658097072590249,0.09346038127689944,0.128119663712931,0.7408481865266328,0.33432451479988556,0.0015534185828848177,0.0159132626995391,0.40360393668690875
SAMPLE_04269,0.5374962023121022,0.10301375797358786,0.08320756650492012,0.14974356881157552,0.2929204819686093,0.00348069451345102,0.018427640400980487,0.31116932887740567
SAMPLE_04270,0.9994978225451546,0.03868626192506026,0.06274904839633655,0.03189743572459069,0.05497907957116274,0.009052624228249564,0.019784968546862357,0.03764861004852518
SAMPLE_04271,0.9452482727938583,0.3101786963474361,0.1917718232670353,0.748092485998523,0.6696060431618789,0.004168568792707244,0.08085415267095113,0.751228169428659
SAMPLE_04272,0.9993336677607108,0.09519824778308976,0.09882019900736969,0.1687294615976141,0.13361518777135045,0.0136495355005966,0.03692012593267717,0.11068485571746878
SAMPLE_04273,0.9999999999999998,0.8152302394366271,0.801370823992448,0.9990124019100421,0.3498061676031297,0.9999999999999998,0.9502958727905337,0.44770811278442696
SAMPLE_04274,0.881989753766885,0.2093321463394951,0.25062079911960106,0.7470451698126199,0.24901249871137082,0.013930476079488234,0.04312611887048061,0.30822116481611367
SAMPLE_04275,0.9995277433821715,0.03121799222421219,0.029865228500294157,0.010079255281490274,0.027705179885273153,0.010015086872912944,0.015952828844678014,0.02365333295223585
SAMPLE_04276,0.9995916854541722,0.04154329268598094,0.043914913490230204,0.03434480332344295,0.05072141139005064,0.018764881388473403,0.02520817061596668,0.07112953467584342
SAMPLE_04277,0.9994111636260677,0.4783847747197223,0.2125636634296601,0.7493505365991646,0.4378979959107284,0.12163335531162575,0.11026977014737616,0.6530676020462955
SAMPLE_04278,0.763726823531941,0.12591728863305954,0.08618559175204045,0.394770258432363,0.2178326741258928,0.001402301293202567,0.013118187135364346,0.18991210179981735
SAMPLE_04279,0.1415481682202374,0.04167698329445625,0.04861136886126827,0.3048112007724454,0.07258587220221134,0.0008859287813893104,0.7591552728059325,0.08990539023511901
SAMPLE_04280,0.9994951553838424,0.18748238328759967,0.18363768683926882,0.17567604576035942,0.19893709967760764,0.06776029257458646,0.0859276965382009,0.2800667394059428
SAMPLE_04281,0.9995505708510092,0.1865307003169159,0.12083296152556969,0.3112248398398859,0.17299864867425852,0.01570449963893559,0.03632048055192582,0.1257415533856952
SAMPLE_04282,0.9069478968319682,0.28101308786092827,0.19094297043785205,0.740078324330846,0.5714238847703572,0.0022714838297786207,0.03711033957983672,0.6811961043769375
SAMPLE_04283,0.6541861302671289,0.24405795876642022,0.04320774525749162,0.9641714693506451,0.12316285253485593,0.000385932692959942,0.7527059360791173,0.2797227684784923
SAMPLE_04284,0.10994297895761765,0.04238802282409787,0.03483469797247076,0.9831169405181683,0.03980476438258036,0.00039518128662118944,0.7535850913851612,0.26583787437474404
SAMPLE_04285,0.9996225202325217,0.47626336442181366,0.7372007017181614,0.658409891959901,0.27728860367510805,0.06737850201531255,0.17123956317999625,0.3466998013995919
SAMPLE_04286,0.7916271289697767,0.08847514928967005,0.10667388548066024,0.7021001414517364,0.3980526054658725,0.0005309847317776889,0.7655354959679501,0.4384489773277347
SAMPLE_04287,0.9395975994502326,0.16210128711330374,0.20253269629392773,0.7419685642967613,0.2973482922553778,0.001733251918358079,0.08069396483862375,0.49570369204547093
SAMPLE_04288,0.999534782833426,0.04775482537472023,0.08932383374081923,0.05834032704613848,0.08822141389354884,0.006567639154970293,0.03872707292578224,0.07570105771332446
SAMPLE_04289,0.31901374183031295,0.03504844055299602,0.02420129933610749,0.9571008990547729,0.08962636925484871,0.0004920102105271371,0.7549600798571676,0.27832700979089864
SAMPLE_04290,0.6957603113278177,0.12192391491959036,0.13038849271326222,0.2804683614942221,0.4591187147604214,0.0012106395630034432,0.7701697744316838,0.5156935771461727
SAMPLE_04291,0.9312935497978736,0.4449275387511348,0.4501750097469305,0.7487906163161523,0.5331759504981725,0.0012905376325208079,0.14477410151492198,0.655848394031772
SAMPLE_04292,0.9276218874663704,0.17912362299605966,0.06812906440193844,0.7487090416088352,0.3283065011702393,0.0021875360045936583,0.019189292509540705,0.34761811175910967
SAMPLE_04293,0.9993944692996857,0.07081706391289741,0.06816503340004791,0.032038891952071116,0.15544652947904103,0.004429265042477682,0.02218742394813718,0.15742553791800726
SAMPLE_04294,0.9994226895971005,0.4336584078690215,0.05125809356726487,0.5548846756111186,0.14086194915563383,0.010001199292721839,0.01568758084859243,0.19577818980874573
SAMPLE_04295,0.9992983943158184,0.045770440291467415,0.05785000748189452,0.045328836841079787,0.08887662501006569,0.006695377207367683,0.02267067880188168,0.09511689815108604
SAMPLE_04296,0.9993885785849719,0.12826296727242217,0.16890397579251337,0.7531854822890879,0.16554955505267505,0.017613447956256592,0.0856445256884589,0.30029934134626984
SAMPLE_04297,0.09868510362502592,0.041764182683235056,0.07755552383435851,0.26480539301418027,0.14991644237405038,0.0005325329057028241,0.7702535775216877,0.13569275493215316
SAMPLE_04298,0.9999999999999998,0.8228088471216397,0.8063062315183211,0.9990693775593733,0.3643067260849798,0.9999999999999998,0.950189038675902,0.41720683041615814
SAMPLE_04299,0.9995761059310222,0.07124866602331895,0.08992371893999604,0.06746389707322713,0.13480899861404522,0.005449903192954443,0.03270261554398843,0.10125059892625263
SAMPLE_04300,0.9992440148971642,0.050220798618149126,0.04688649543486803,0.6720226005869419,0.05633487566354459,0.0075134935481999355,0.0193583332663654,0.2757680384930665
SAMPLE_04301,0.9991870921016235,0.20729118601399305,0.12924282206696203,0.7452585739833972,0.17569812730235873,0.026193086283408835,0.04967057888908374,0.29426103644078405
SAMPLE_04302,0.9996102196898156,0.25232302439139637,0.03548852614024874,0.05671827730368456,0.14760393878538425,0.017244279464443932,0.01220018413637041,0.04059281584371214
SAMPLE_04303,0.9995671797821748,0.05190136379355699,0.08005240277166129,0.23064855224972572,0.13638403210357447,0.027082194075576542,0.02993958005238033,0.09858859429636536
SAMPLE_04304,0.7875233026456661,0.11258199988889289,0.12844073465778813,0.7478335636784788,0.249988743965464,0.001516201965512363,0.04076579921832765,0.49313291103885326
SAMPLE_04305,0.9995665909398697,0.21146517422660732,0.07508481259885817,0.1019978594036239,0.17043203202411053,0.013260838577903698,0.0488234073438993,0.10120268936635364
SAMPLE_04306,0.45753082053934585,0.05705044896302473,0.046627628782489924,0.8681160291053621,0.10294194194671016,0.000652435324141225,0.7569687790382298,0.2539907800492229
SAMPLE_04307,0.9995520805940902,0.05390875796081708,0.06588811161875148,0.049258028057684124,0.07489286204315694,0.08399750079457757,0.03199137496342614,0.05281383757972061
SAMPLE_04308,0.8473413804909912,0.1270584943386251,0.10027784385741037,0.7461965837844908,0.10939879771618602,0.0014908399209156075,0.018153800464361904,0.2826926759472935
SAMPLE_04309,0.32823529948464436,0.027155807768487236,0.02326030570351386,0.2594335740584335,0.038232455324868006,0.0004657790743361659,0.7537443485717108,0.029951492282285372
SAMPLE_04310,0.9999999999999998,0.8469811002979806,0.8463715701608925,0.9991040465552734,0.508892635806647,0.9999999999999998,0.9504160085619756,0.5464094718211969
SAMPLE_04311,0.9025499351779649,0.3211128296225978,0.19489864157190578,0.7482369574123204,0.4420935715685652,0.0010537375441184518,0.11210126173785331,0.5650357147183938
SAMPLE_04312,0.9995971538607734,0.31941372236845983,0.032271628767542596,0.22827065008934264,0.14349080100484304,0.005961617654753442,0.028835977889815997,0.13708815020838652
SAMPLE_04313,0.9995676517180883,0.03173165039920975,0.03582842657615571,0.036550704121531,0.053649598722931735,0.004814053884625528,0.017649914951862782,0.033051171018530244
SAMPLE_04314,0.9994491843360207,0.20226770869570643,0.23307260694058315,0.7237479501084503,0.2762860899936631,0.012071895115842078,0.09155488072615493,0.37810703692305875
SAMPLE_04315,0.9062693093865665,0.19297724319331594,0.37274940025316816,0.404556275971541,0.6175873209215852,0.0006326035200615588,0.8194732744320785,0.6943269767117624
SAMPLE_04316,0.9994859258072796,0.16994510498993803,0.044861566903653304,0.7494249392569732,0.11079196554889921,0.01220952468101059,0.03696294951108432,0.27068176835885094
SAMPLE_04317,0.9634898933598264,0.2949571368227778,0.2050325083191865,0.7440611375334673,0.5462635332906421,0.0022045901855661217,0.0419328708429657,0.36971992579145946
SAMPLE_04318,0.9995431678306326,0.09310038293760634,0.04799573626025766,0.2637806398697367,0.13381680485210576,0.04122530832374784,0.02777795953642774,0.14941735533716877
SAMPLE_04319,0.7519347204224012,0.4052811237780607,0.08904544084039673,0.7070231798019542,0.24089607103803035,0.0013606460968168367,0.01968446829811353,0.4438807047128279
SAMPLE_04320,0.99949859406369,0.14814410176557868,0.09376440819451018,0.7336263416425919,0.13083366716876949,0.010806814896799606,0.026793435930762027,0.279211199457618
SAMPLE_04321,0.24650636410336058,0.14755778839224248,0.18567177293474088,0.2661440008755509,0.3328534694415157,0.000646498394044891,0.7704183396257833,0.3015739318965093
SAMPLE_04322,0.9506329993618723,0.3812754755123904,0.18099705127845422,0.7489047239679191,0.466697515321985,0.0011489760027904718,0.052814059257093635,0.4346580107853749
SAMPLE_04323,0.9992137419744628,0.10357144406586662,0.41703464813781366,0.0676874680947065,0.19488717415410334,0.009603382314679845,0.10319932269497062,0.160353590587249
SAMPLE_04324,0.6068915491153352,0.2447250025101538,0.21323740459605894,0.7434469075619858,0.2751516542014948,0.003195440512323645,0.0992266666143574,0.465342432067546
SAMPLE_04325,0.7231553951154422,0.20418917591028685,0.18862756812464043,0.2932254632466278,0.42631245307697974,0.00045041179474812723,0.7766943214125388,0.4292651688343063
SAMPLE_04326,0.7684886282305364,0.24428138639764468,0.20493411382941332,0.09980928963019274,0.5220850140815613,0.0014981946322989495,0.06467462861970841,0.4650584703969127
SAMPLE_04327,0.5516524939476387,0.16123348091180478,0.06395405348618355,0.4164406221113277,0.18341580569940522,0.0008126037126861764,0.7720096992498682,0.1982147068699272
SAMPLE_04328,0.7956464021515409,0.10910175313683095,0.12387445304481261,0.9199170805212563,0.26024435022909564,0.00044061332385931563,0.7565896148513931,0.47960552281264246
SAMPLE_04329,0.9974600208228993,0.3110849157954103,0.30356839060073265,0.557636790569334,0.25732805771205347,0.03650053424260678,0.06295579248122929,0.3992401842488573
SAMPLE_04330,0.9993834589434669,0.33933355703708556,0.12638086711317129,0.6543271170878187,0.13773902863316811,0.01816892321719147,0.02440108048590525,0.2629956121846741
SAMPLE_04331,0.9994411042284532,0.22432817173972402,0.09571960413206995,0.5108588488965358,0.1672093644087202,0.038272981167315055,0.030870089328211996,0.16392758409108188
SAMPLE_04332,0.9848965298369781,0.5457472715413483,0.17805545053453728,0.7488948339469671,0.35216934963541474,0.0008356716088560375,0.07600445917544947,0.25741093235474893
SAMPLE_04333,0.11703372009452315,0.037604835198527996,0.03710409260191661,0.3018504811026816,0.038252680060031644,0.0006245752260880764,0.7604849127079165,0.054373667442112555
SAMPLE_04334,0.94832869127352,0.19001339197538225,0.1277692872260433,0.7473704331626797,0.5057206676270494,0.001405254719245993,0.06984904034544488,0.5100414986770919
SAMPLE_04335,0.9995128848617003,0.03495876416377229,0.03852962775305331,0.02180651891207129,0.03854757847399837,0.008093031872042,0.017258747118431193,0.04043716997196179
SAMPLE_04336,0.8621999347806533,0.1007315204443979,0.1167366979808856,0.7477286063017987,0.3850474023111917,0.0016912982505960278,0.0457747843615947,0.29495866373167634
SAMPLE_04337,0.9999999999999998,0.8733806816848126,0.8590099654387693,0.9983924017463797,0.6091692409451185,0.9999999999999998,0.9502206241156791,0.7682021213492386
SAMPLE_04338,0.9996239596963263,0.2795702185799848,0.15111909426227643,0.35775027182696617,0.2693784089899177,0.003753423708555271,0.08657134687310777,0.16687336101724762
SAMPLE_04339,0.9501421477079046,0.6114036681792182,0.22336158301179276,0.7444766357639592,0.7858025128605959,0.022158951506258996,0.02850648415691328,0.46787892642254636
SAMPLE_04340,0.9999999999999998,0.8287820403294825,0.8071138185620015,0.9987958198279945,0.3992927622182751,0.9999999999999998,0.9500372957836101,0.48559648923122617
SAMPLE_04341,0.9989101934035067,0.4077412190161556,0.25763629064752386,0.7573067383152683,0.29688118503321387,0.05617779361853584,0.060230868049749184,0.41452956977362587
SAMPLE_04342,0.9993995744580619,0.14768419932220644,0.05934503988531977,0.09296543604356622,0.09318214261213985,0.0028533705115242136,0.00831557581105255,0.062057574666664846
SAMPLE_04343,0.46222415347351387,0.1907516764344397,0.41373433205713517,0.9872775885630498,0.5690877513968688,0.0006563592501260252,0.8154497693851757,0.7870179399168116
SAMPLE_04344,0.8467017913279187,0.1656320519831058,0.1866635824448343,0.025603113975564955,0.5551531690209837,0.0015368049764335418,0.08789868545133664,0.5339994325725401
SAMPLE_04345,0.1606900890488064,0.04318376646273291,0.06119851848708119,0.25353318960990906,0.12651376775863377,0.0005433925452914628,0.7548483684245137,0.09709137714591001
SAMPLE_04346,0.9814065862304447,0.20192280271667049,0.2309271340009227,0.14530080113767746,0.2376773655136341,0.05129188059552102,0.16396171696207318,0.31329531449258824
SAMPLE_04347,0.9994053370983275,0.44669600696282497,0.19892240743376374,0.7677084774182544,0.18977609281560742,0.07678369820504016,0.07014047080166312,0.31560809353405705
SAMPLE_04348,0.719455438781433,0.39637449935605235,0.30910824250985786,0.7243247146061211,0.561275715400523,0.004498689828439203,0.081774631386255,0.7401867164209311
SAMPLE_04349,0.9296013781427258,0.33523486575674166,0.1775469712775664,0.736330337168964,0.2366368166794523,0.0013852508612270458,0.0475089999389195,0.3297780480427221
SAMPLE_04350,0.7479220603178331,0.07462894052445422,0.10139269170609208,0.26854830390643314,0.3150210754718299,0.0005253104248570825,0.7670797750862475,0.24431605940584902
SAMPLE_04351,0.9993811687081569,0.06583982505600657,0.03358756419588142,0.04866312329765743,0.06173957495823286,0.005260401017822049,0.015854430626933015,0.06210937709001183
SAMPLE_04352,0.5755922148477475,0.10700949353053713,0.08214794038857959,0.7477420516590617,0.13597251146112072,0.0017266130956901478,0.06114781602055437,0.2905014039752259
SAMPLE_04353,0.8143762872274997,0.3798997808137793,0.19097353403042241,0.7131722116464942,0.37232663441409525,0.0009990387749047784,0.0433789574894736,0.47398802089671094
SAMPLE_04354,0.5650142291106857,0.2752490891304102,0.16832378445969862,0.7481653172567392,0.3712506063604489,0.0022086542883350555,0.04014887769326911,0.41569828944317755
SAMPLE_04355,0.19732752675296247,0.08753626064791731,0.09818537692570213,0.2618204838844952,0.14538910982309944,0.0012310091831611296,0.7632775961241873,0.14584026349620205
SAMPLE_04356,0.9991912999775595,0.15362695829120712,0.19108443469960235,0.7488625465058927,0.11359638745281711,0.012844275451546181,0.0591698030119398,0.3502435160090276
SAMPLE_04357,0.6242204874773989,0.08917299175275985,0.04124144464359583,0.26206347280004827,0.16277828917390755,0.00045145354839089394,0.7543814463231406,0.20806299309655424
SAMPLE_04358,0.9994422468937091,0.07293506629604296,0.11941535743532258,0.04035995745327152,0.10373497157960881,0.01629068134829695,0.04038958943894544,0.10647662981405442
SAMPLE_04359,0.64183823590915,0.30434362577628393,0.14552222821487998,0.7498272317740298,0.1634673760159405,0.0011789308950049468,0.07845252402881628,0.3199240804882071
