sample_id,Ampicillin,Amoxicillin_Clavulanic_acid,Cefotaxime,Cefuroxime,Ciprofloxacin,Ertapenem,Imipenem,Levofloxacin
SAMPLE_03360,0.998531754170449,0.01132373068353874,0.015132599037601262,0.012786969745503508,0.028209220030167143,0.006986216452868319,0.013299629577501299,0.02923222295692117
SAMPLE_03361,0.21163624332336997,0.05442443112271255,0.049270157918629036,0.34127212578129446,0.026779698861794377,0.0005776330886896775,0.673901747450087,0.06526583943647468
SAMPLE_03362,0.7549179574514682,0.12532511392126242,0.14573609025577575,0.07373349311475579,0.42317561659746245,0.0016795291904705585,0.050933454426712724,0.35550410984423997
SAMPLE_03363,0.39388289826640915,0.03675865269184688,0.06473337819568922,0.3383608854925616,0.0704643878079344,0.000914223788535874,0.6815965091319163,0.04536647719315779
SAMPLE_03364,0.6890084544788101,0.22270583352650566,0.2419493747320653,0.6643057196492818,0.4577416637281957,0.00210350039017548,0.0443510729023823,0.42450652038371894
SAMPLE_03365,0.9421881614961434,0.09951625217922402,0.1412389732606698,0.6231478858199643,0.16205089337539014,0.0014313632164184482,0.1134133050089476,0.3349931089776976
SAMPLE_03366,0.874191786508185,0.20758592468735856,0.2179013991065691,0.9935841891951731,0.350188566014733,0.000695424405958957,0.720466084028965,0.691527337414972
SAMPLE_03367,0.9555554475842579,0.2789897635343152,0.24682176287762042,0.6652081891978744,0.39390951247086037,0.001719667951704933,0.06894468660216428,0.5719307538139038
SAMPLE_03368,0.6952203936733921,0.26705999759135596,0.3246907168921123,0.9942492853511531,0.5921486861570505,0.0005981392211369435,0.7729653051938438,0.8950837049515459
SAMPLE_03369,0.9332365748156897,0.4778413856626067,0.31022280782742445,0.6658727288371817,0.7204694874690106,0.005077722468539195,0.07284103745800456,0.9145667597572789
SAMPLE_03370,0.9558306864409186,0.09633875914717646,0.22962848034848515,0.6744759780830282,0.18381219957058637,0.004913986331796234,0.05191481122813653,0.34539318672515373
SAMPLE_03371,0.7635115343292422,0.03850232582403971,0.04409314779228716,0.6669363162072639,0.06728038682434348,0.0016046656992411924,0.02020733617640281,0.34060995305283237
SAMPLE_03372,0.9374216253390479,0.2554062314030022,0.12127606392177562,0.6619096920117894,0.11499488046168713,0.0030850611408632577,0.049372545332153794,0.34055361161503367
SAMPLE_03373,0.9152008306530308,0.22763744934625038,0.04580946745525065,0.667243095273297,0.178878932425066,0.001801173950661721,0.06974182659420451,0.32232986234034383
SAMPLE_03374,0.23669010624776282,0.04996044253774243,0.035294361458666795,0.3359091790473293,0.047423041460492046,0.0006756169439824748,0.6773707902095819,0.05208061773019864
SAMPLE_03375,0.941561543730983,0.3128459247803792,0.08398604565204985,0.6647201332404203,0.1454284025151387,0.0015325285305500696,0.03049259711837065,0.34779157050596043
SAMPLE_03376,0.3007911671167201,0.2584955417821918,0.2667330438684102,0.6673616825512162,0.2049817489742357,0.002735076978733923,0.11474109932840174,0.3644439578122659
SAMPLE_03377,0.9284121009589165,0.1691540494608478,0.1190771959728795,0.4864607760887853,0.26311332881175453,0.0015562718477426783,0.03511874512832472,0.3782347386656713
SAMPLE_03378,0.9993816034583956,0.028769378419057128,0.03497448845836365,0.020565051846481042,0.0906053199551328,0.007155455567096031,0.02147915157171723,0.13570103894743266
SAMPLE_03379,0.9992297109197826,0.4631622439161188,0.14231629241633403,0.6685597840575249,0.16175865472374018,0.041863672795988946,0.07134053894092038,0.3369869744983432
SAMPLE_03380,0.9621145721755562,0.5627563908499164,0.32544611130406353,0.565211588497529,0.7831091095160914,0.0023520518484401775,0.09294309724970795,0.2821414692269264
SAMPLE_03381,0.6511851546423099,0.14654895656224873,0.06775597751765353,0.662961380016252,0.12392128188591307,0.001986938404266717,0.061133521895723,0.3322388865884861
SAMPLE_03382,0.9993505141573058,0.04138797952675858,0.06647984311391249,0.10198844450432089,0.054658527006030244,0.008327521887649311,0.02096613576905166,0.07861081563709758
SAMPLE_03383,0.9994436782787788,0.04611871866608888,0.050291556246073454,0.01562588733228119,0.05014898977385629,0.004182380063053456,0.025851158414505488,0.09539946895249733
SAMPLE_03384,0.9991600288583273,0.09901145257846053,0.14502416552739283,0.1398888823228705,0.1442942685313282,0.03963238368572658,0.08867259680926894,0.29263083226768605
SAMPLE_03385,0.872293887814607,0.14641362552036433,0.12685732737359165,0.6648148959218053,0.24929476707310702,0.0018320877634403561,0.05535426349739787,0.3328551198622641
SAMPLE_03386,0.9598192566370413,0.18587423016798524,0.19608038112145415,0.6621538049368164,0.33846288690079807,0.0021783822056971602,0.05783733131298965,0.5464248529982851
SAMPLE_03387,0.0801113488078609,0.03694714650224379,0.05100590128144823,0.337364155135066,0.03788489526617036,0.0010086112484763298,0.6750600099779003,0.0711711795300175
SAMPLE_03388,0.08785677106720403,0.07202491718660299,0.07675053703135754,0.992098515409083,0.23563177172151833,0.0004551365951426887,0.6734935188414537,0.5761383546205199
SAMPLE_03389,0.9995001896376832,0.03780943387736143,0.056020559331775625,0.008327941898911647,0.10733919455067428,0.006265594654956806,0.028137618265922572,0.03899310284371711
SAMPLE_03390,0.9995301565863807,0.227960307021449,0.026362562745333485,0.05851771578328772,0.155229307157806,0.005180809392361134,0.014440889509039085,0.09954020733865782
SAMPLE_03391,0.9990954181600369,0.13051481872501697,0.14294666161966274,0.032277557629395284,0.08581311410787114,0.006238586601968083,0.07532566665862717,0.10093876957193786
SAMPLE_03392,0.9993006901776582,0.019776445808104046,0.023363326158028084,0.013075138132406936,0.039583301542538425,0.008966090827641706,0.018829815518093335,0.04104393550788556
SAMPLE_03393,0.9993050363681729,0.07176774439647574,0.13749787157962456,0.0256510336270189,0.10228749900509417,0.040564059411567044,0.07035165163632694,0.06859659585428976
SAMPLE_03394,0.9994938757731333,0.10365794509953634,0.1572012073420473,0.02557157414255016,0.09344370788803791,0.016293433832722342,0.06278885086330482,0.11850358880176874
SAMPLE_03395,0.9994642104396803,0.033030576014889415,0.06432712201299363,0.017838774341104698,0.12271306111337002,0.005263601906057889,0.05488631756931059,0.07915132103676259
SAMPLE_03396,0.544048467991286,0.09646915268521966,0.128915702279583,0.3491326425711286,0.06704461172978833,0.0007219540443088319,0.6766061719391602,0.06218637148651908
SAMPLE_03397,0.9144780322113504,0.3204020364441648,0.24861177836231452,0.6625706757619232,0.21402134544121848,0.00205284375141604,0.18703528983730547,0.40366357146676485
SAMPLE_03398,0.6424080981540282,0.24319724664108572,0.27478721046666094,0.6666510164215096,0.4403322328008597,0.002745878922364951,0.11357168534962382,0.6329378105856434
SAMPLE_03399,0.738338475170318,0.25888203580397995,0.10458108959230972,0.3466868858235945,0.4022182604583314,0.0007857489353012226,0.6732021724641255,0.3832516768040734
SAMPLE_03400,0.9994342004645105,0.04389887440451038,0.09529217907817962,0.029751796706832843,0.12320944558748187,0.008197619565056744,0.05536508204960798,0.14366292266594397
SAMPLE_03401,0.9994160350660433,0.04359352460158686,0.03952806646220534,0.014407711939483928,0.0884455925057778,0.010113789333881844,0.05845676421739962,0.07022638703602217
SAMPLE_03402,0.5076996044776713,0.17795904256818107,0.18872681399559404,0.37867035968996465,0.38671319934223686,0.0005571852504826112,0.688263868905454,0.27704467747425093
SAMPLE_03403,0.9994693836578504,0.06718326103703288,0.09645967614159745,0.13143664189301874,0.12782940985775704,0.01608808747409752,0.02855381924688248,0.16215046375885905
SAMPLE_03404,0.9532560062267608,0.48207506309799764,0.23713601505914703,0.7693707140303494,0.5067687149382949,0.1088617528668108,0.17130584515553893,0.5652786210225345
SAMPLE_03405,0.9549779554897171,0.3591718943179256,0.17200503705717965,0.6660399205983886,0.7731181162684504,0.005843819625498424,0.10204288473085875,0.42254366663968923
SAMPLE_03406,0.999442670853272,0.03553410396948055,0.050041682842098985,0.01146514795186421,0.04967916118733767,0.005338274127862152,0.037509567724944,0.051493941397595985
SAMPLE_03407,1.0,0.7898722046597243,0.7472515565646483,0.9985409650308488,0.4207941613639884,1.0,0.9995703220134631,0.568088115681948
SAMPLE_03408,0.9986564092005576,0.6492042252844429,0.14374457153666875,0.6690224628917176,0.1767353102178299,0.046244153719239275,0.08307671119559482,0.3433333902247748
SAMPLE_03409,0.10125553635084333,0.12372829496690498,0.10585546914603493,0.9930686865243064,0.15640121568566231,0.0004833434619665352,0.6737572175722711,0.39013101133313255
SAMPLE_03410,1.0,0.8239163977421223,0.8033154326225228,0.9988788908159355,0.48849749167826856,1.0,0.9996597136218466,0.5745911446138413
SAMPLE_03411,0.9992701762816307,0.11152862221765492,0.12690129288310875,0.13154399762248173,0.11207391612443252,0.1633970140045624,0.05655500565455981,0.18142817002229064
SAMPLE_03412,0.9991600042183358,0.097212952624355,0.0664252046446748,0.015211729238363813,0.21782624639412743,0.0207242863459564,0.0372661383611246,0.15777609873759507
SAMPLE_03413,0.9994257412577505,0.04464892886309042,0.03945161670950057,0.18841867176139288,0.061910063200860406,0.014355953376669759,0.023262710919475224,0.12708033058130003
SAMPLE_03414,0.0745558089216086,0.1088368728635903,0.1585751211589586,0.49494053407096833,0.3864203949505329,0.0006292534798867476,0.7419332717074734,0.4220019550654641
SAMPLE_03415,0.9993841464916281,0.02758925973519709,0.0458027313644516,0.012524315078000767,0.04255366503772299,0.011448964089743264,0.026317022724310208,0.06914512024678242
SAMPLE_03416,0.9993903993174464,0.20550876877771454,0.1530639934121668,0.6810166174456885,0.24766380429644988,0.029966318714083437,0.0768220448950921,0.34653007010218045
SAMPLE_03417,0.17803987880287864,0.029882709440941634,0.03807541937491104,0.3355814198810452,0.036065758380946375,0.0005834020580656668,0.6736708500168039,0.03782051269620112
SAMPLE_03418,0.9993326259402469,0.11638497999951604,0.129369384805571,0.3564575199974061,0.1034131259704035,0.026339532122688965,0.09983758043547619,0.21702683174118217
SAMPLE_03419,0.9995134066400091,0.21209262380278865,0.1357061063852716,0.02682775595275482,0.1801591940999822,0.03062919437632198,0.14716057741199712,0.11529270134342513
SAMPLE_03420,0.9991189349330953,0.3476438419153499,0.46391865675913274,0.6769655714813206,0.4308496702015137,0.013176784515424556,0.20723049889627615,0.6218135208444122
SAMPLE_03421,0.5908608965833941,0.12674100939470667,0.1253779995035472,0.022220033052436673,0.3760040065618283,0.0016067311889373694,0.048663375794733094,0.41081405045006375
SAMPLE_03422,0.9993764344205982,0.2212840130553515,0.2840606950490451,0.026008167503667204,0.2749558881413135,0.01234680674926041,0.13328566012522208,0.23984735808315727
SAMPLE_03423,0.46698752904717455,0.09327012879161448,0.12434939746590917,0.02363901642088065,0.150580208410298,0.001685403459057844,0.02676122981595692,0.16509542294264484
SAMPLE_03424,0.6905517714906935,0.12186192123362072,0.17211702692934736,0.6675079407029951,0.26906400731344343,0.016866141887872374,0.038713128271862955,0.3846370751630127
SAMPLE_03425,0.999313168357232,0.2728581667681681,0.11797281858066569,0.6852055685872894,0.28989598596653365,0.22359842891887505,0.029759559968715214,0.3253318465266261
SAMPLE_03426,0.9990557356430714,0.20143251697609646,0.13777903550969622,0.668863961078319,0.41353012742836065,0.0424033679525536,0.06443928896806139,0.48936991488754955
SAMPLE_03427,0.9994179329200901,0.16265512167261853,0.05667309487262074,0.05892089157108637,0.09451955349216834,0.007641250666013022,0.02341025393074356,0.06832403220676181
SAMPLE_03428,0.7050529701842603,0.21128875160862126,0.07180836384489506,0.6674306503461916,0.14708404793793423,0.001064964073449693,0.01966935055873697,0.36735420272133945
SAMPLE_03429,0.17053775237239166,0.06592804628768253,0.24983041319645866,0.3547829741918255,0.10539796657754748,0.0007429315827813484,0.7419065168902034,0.11100931524360186
SAMPLE_03430,0.9993765895399408,0.1107323981499796,0.1685464274593422,0.6354270834027447,0.13100548832475706,0.007376197475542538,0.06987040991840231,0.2804365392494315
SAMPLE_03431,0.9991201364004363,0.017414078117577815,0.06995093343809022,0.16912672242686774,0.03353848796794989,0.006827785418512497,0.03717633828820053,0.0934491152083651
SAMPLE_03432,0.965499962611599,0.214450824957984,0.4982212965701589,0.6675561855264186,0.7416559506848883,0.008504952254228749,0.2114349219005573,0.6981367069196149
SAMPLE_03433,0.3711933052004787,0.08973187311761875,0.10599582739312648,0.35422831655508297,0.04438251863611291,0.003494254046514588,0.6775099700318455,0.18416173965839389
SAMPLE_03434,0.9994215323835433,0.10647245846788435,0.17902836797045635,0.1597188274440416,0.13173019971537106,0.05752299145553703,0.07955524446852344,0.1941178734359278
SAMPLE_03435,0.9994867571272829,0.02406990928702384,0.02849474892557386,0.018422727705110643,0.03176279836169764,0.004730204193149273,0.02181795887414835,0.07816091629378359
SAMPLE_03436,0.999529588380845,0.03353136311004346,0.05085139893330705,0.09911804867396545,0.04210307056619263,0.007384802112129421,0.034538354475327,0.07127114887704769
SAMPLE_03437,0.9994619659769388,0.022902684070442433,0.041936277899951406,0.014028593079425646,0.04033735134322312,0.00472957361686823,0.026625122046656173,0.05916444018358392
SAMPLE_03438,0.8298224603878875,0.2823854409950629,0.2990355297353671,0.007975970360873106,0.5082434296525187,0.0014062773279180242,0.052980949777203294,0.3803815575727465
SAMPLE_03439,0.9994007978253181,0.04063414801140662,0.03737525337173371,0.01791760110354442,0.04331082899233079,0.01099534563988238,0.0361426724605707,0.04698668356008452
SAMPLE_03440,0.9680258217823032,0.2724493867416453,0.3034928888169833,0.6586713374362291,0.7661469960782965,0.002530164363511239,0.1114451569161807,0.6020926272773652
SAMPLE_03441,0.955055256983202,0.12149071867010518,0.12550298169057186,0.664622296945136,0.3635371491978563,0.0018458580956680947,0.05243472218778503,0.5037566533914757
SAMPLE_03442,0.9993789557280067,0.03245277383366352,0.01628252172514337,0.12408288325932491,0.06041281294872403,0.0062329918261699955,0.0231396834841601,0.11695981102792002
SAMPLE_03443,0.9994251756440609,0.2792037981585948,0.23557124074134803,0.02481792705450699,0.5289609627187706,0.016949924838448482,0.12046298705386847,0.28814922673759186
SAMPLE_03444,0.5221029978767351,0.06372214828240491,0.0576243444134054,0.9925072903008886,0.06341806720935064,0.00047706484392760474,0.672981429557382,0.3429535717741565
SAMPLE_03445,0.9992810073912721,0.10126515446354895,0.07236797346053787,0.6652287507680611,0.10212286208190739,0.03506983046222656,0.044197155548441086,0.3115098939063931
SAMPLE_03446,0.9990494243483099,0.13761716846006344,0.14754302950006729,0.39141411751801697,0.3051833622387689,0.007809615010215577,0.03744147624213279,0.5237809157351832
SAMPLE_03447,0.9592128135148756,0.16928823455539152,0.25040546801126606,0.6478042507900907,0.5217584171792718,0.002291255715341348,0.0880752316468623,0.4193695057199063
SAMPLE_03448,0.9992230873859862,0.3608879942926177,0.04587745370995945,0.2895310954324918,0.24675907404908312,0.026308617130883248,0.06290271895230612,0.2644468211361885
SAMPLE_03449,0.9370772858374035,0.04537096313966666,0.03880819223066899,0.6622825416507359,0.08562341195386824,0.005763875446582494,0.033195582727237556,0.3179916266510065
SAMPLE_03450,0.6071316655453209,0.07163587291143533,0.03188980582950823,0.2808274671594245,0.07629052914685422,0.0017451343994054251,0.020416847773170824,0.14736587722847677
SAMPLE_03451,0.2533196955649165,0.29314226552828926,0.4391652463882436,0.8913551261213026,0.6688421964185713,0.0013406682176595349,0.746581796015987,0.9482821008716393
SAMPLE_03452,0.9154491324340663,0.2017619726052488,0.1251171033349343,0.6648682314456429,0.2643455771983294,0.0017639026089607925,0.023865633948467135,0.3312431620560837
SAMPLE_03453,0.6259960520209019,0.07837494210867087,0.0970707923677727,0.3935627736497382,0.17846269669885986,0.0005155603003813512,0.685986326490283,0.17071250567558688
SAMPLE_03454,0.9987391817435785,0.046263955109793725,0.07788104004982069,0.012787871331809576,0.155892931229973,0.0025477545601281094,0.021912944473757072,0.07054109819649881
SAMPLE_03455,0.9993591192767867,0.047333783823965005,0.11549182379291037,0.018560292235091196,0.06999840910614755,0.018082216880609958,0.060211513802189295,0.10650061606345074
SAMPLE_03456,0.9994363960079674,0.053446847405947503,0.08698603570050473,0.012505924313871456,0.06597510264559406,0.011767849715518612,0.024502586219348244,0.06578461106204457
SAMPLE_03457,0.8949605648985067,0.7839401673906086,0.4922998595151107,0.6666577504817139,0.8669369959172282,0.02078817049209869,0.08357420361533373,0.8960661240418193
SAMPLE_03458,0.9839045214536688,0.4442756008811599,0.48307802377373066,0.6688522956658014,0.8265423430556976,0.009402718111724441,0.13261113264779537,0.3470726678968822
SAMPLE_03459,0.9993414127224003,0.2989090283938953,0.17112420305626472,0.17884324885912778,0.24817197787453235,0.15695822173593046,0.1849724916039361,0.24601300147761276
SAMPLE_03460,0.9995268384334826,0.31470348437426504,0.15416939008314384,0.12555755671681335,0.21159984144295838,0.02063305933801601,0.05346144464544808,0.16079512747022262
SAMPLE_03461,0.9623332223007859,0.2830379387815235,0.18367388547846,0.6620874438844221,0.6121765603741006,0.004608929927924765,0.07332212585278591,0.442088093292765
SAMPLE_03462,0.9510640423303564,0.13433379541366447,0.07228613352569374,0.6677686818209576,0.11770880001976017,0.002645799399214799,0.057272531859387556,0.3562954778556487
SAMPLE_03463,1.0,0.8206168956710618,0.7711012742315259,0.9987755676056421,0.4506872260760141,1.0,0.999650456146905,0.5647917184319359
SAMPLE_03464,0.9994900930249246,0.19964989166137254,0.018949071046159446,0.015394337262920346,0.1424821186476352,0.00560541739014829,0.015085116945309682,0.0871509862852678
SAMPLE_03465,0.999210144633715,0.17280534689387048,0.1224018360092838,0.028451607433522402,0.18458684710071294,0.00946840936665369,0.03750513256938405,0.31169624801848694
SAMPLE_03466,0.6322910413516503,0.12398142673180398,0.15865343524495606,0.34957260542609453,0.32770236416384924,0.0005250011666705278,0.6860497130670259,0.2812494719204811
SAMPLE_03467,0.9549169066771632,0.28190475071596655,0.8432932384503304,0.6711559803555173,0.4776102273559268,0.005322085499059422,0.2401253149084692,0.652118398657633
SAMPLE_03468,0.6857042564221215,0.16575750926913035,0.09160887446312356,0.09139952581181891,0.146027214865468,0.0019802986854985613,0.01991449258472427,0.18412012517451157
SAMPLE_03469,0.9993924259792841,0.03156617838290605,0.07500433651104159,0.02181488506938906,0.10958624005998938,0.009362496686047755,0.026721159832093767,0.09671827592970461
SAMPLE_03470,0.9995218202772516,0.055564424402137456,0.05828364013200146,0.015141338657027475,0.058548153620904306,0.014350935998293771,0.030012466857685202,0.047779936145380245
SAMPLE_03471,0.5925547438461747,0.17050103598751543,0.2358908295983299,0.36395689505064255,0.3700323241169614,0.000574389984936304,0.6986603667224718,0.3497304978957887
SAMPLE_03472,0.9993401541608866,0.07566023214847353,0.0961439193518706,0.17937975880812668,0.1521632011735094,0.006888855902822302,0.04190337486094962,0.15999167499367087
SAMPLE_03473,0.7771074641831692,0.3191209819558656,0.299951513368312,0.9961394361563445,0.6799525757940897,0.000441122944441058,0.7053019980223703,0.9745812331471579
SAMPLE_03474,0.999496144400295,0.1748543769538403,0.13560900127738926,0.022386611334684964,0.23938729830458977,0.05917016609356828,0.09157917144704646,0.16883347075829316
SAMPLE_03475,0.9281295146167842,0.15542990257269662,0.13077453574649126,0.6562011493355983,0.15963014630315037,0.0020316950459634813,0.0648274123167148,0.32763513864090155
SAMPLE_03476,0.9994979334449078,0.06479602582523124,0.08192271600558856,0.010132473831652234,0.06886281218008578,0.018838545206673277,0.017812944184080255,0.05872073434240197
SAMPLE_03477,0.9671979829915058,0.1751960305840406,0.16799073008424711,0.6647896197078669,0.4240470949462083,0.0030691485680935616,0.07524742587251765,0.513723748501973
SAMPLE_03478,0.9992923451469881,0.07925073010318652,0.12345447825920959,0.0193355908042519,0.10840307926188913,0.08634384163156285,0.07472904707433167,0.09768190515935232
SAMPLE_03479,0.9993723066723429,0.51259807878349,0.1791018007770662,0.6692358063434616,0.2891375968491741,0.020985507223968275,0.04788523819647833,0.5019128849228957
SAMPLE_03480,0.99953708269293,0.10664049165125514,0.17089303173087939,0.08568307114484934,0.32539870492770634,0.0074591350278354835,0.07300078734751489,0.14069018939395733
SAMPLE_03481,0.9993161332357112,0.03730464779347191,0.04647807947331579,0.1558666720944336,0.06045092282180486,0.009036641464998722,0.025120194688840063,0.12295627537306088
SAMPLE_03482,0.8067916339790576,0.1710518283232217,0.1570908472947664,0.013723621043621254,0.3102787526904925,0.0017271776705623497,0.06498502465801738,0.2761046280621279
SAMPLE_03483,0.9994445613375844,0.11266271116720367,0.11421153278528405,0.032593740971834304,0.1040271145378538,0.034453053822636734,0.05581156386148167,0.13745422459899748
SAMPLE_03484,0.9992926595137197,0.4538866828991679,0.4004938757298523,0.6620897979956646,0.4822726540384233,0.06002495817382068,0.1821342531566515,0.53489944374802
SAMPLE_03485,0.6946706944941827,0.18623617185936686,0.21570965415780746,0.2978042997312644,0.3758580038353203,0.002723727206078252,0.03916857448016408,0.3195773298376679
SAMPLE_03486,0.6038244028531372,0.21473187908126998,0.19117761241726533,0.34160438662633114,0.4246410232546433,0.000612525211479842,0.6749850631233758,0.4322273533881396
SAMPLE_03487,0.998747823233588,0.05108716324558878,0.0583804206052087,0.04706346517143416,0.049559010430240566,0.03931237222819182,0.05198263459510954,0.08797570020492596
SAMPLE_03488,0.9307595115258611,0.10357518094198831,0.16214637607212667,0.6629575051329913,0.42871354155293306,0.002038423145837831,0.0403169245744271,0.337486724689661
SAMPLE_03489,0.8817443734223791,0.1729944883227888,0.16902324181207984,0.667298118765464,0.14115541481976673,0.0021324416324338875,0.04805481034913417,0.33650119517069726
SAMPLE_03490,0.6386921189992378,0.17280996830328976,0.21615859067399243,0.3384854952718598,0.13660443676855374,0.0008212823908541373,0.7088509063353945,0.2620646786824009
SAMPLE_03491,0.9993107209523049,0.3121901426092293,0.12941444557708848,0.6648381211755181,0.2336460093332462,0.018068962644175478,0.09070352890702565,0.37737111351523533
SAMPLE_03492,0.9987220997731334,0.03492439284620448,0.05867197226044181,0.41419953665055786,0.09141473024979394,0.007803607388291384,0.02209942505123725,0.18817474353704425
SAMPLE_03493,0.9994979760177598,0.1543313683676384,0.3876286329532448,0.05421799679494981,0.3524569502135766,0.029480864727400833,0.15920533026350553,0.356068275013381
SAMPLE_03494,0.7019637375771347,0.13158574083383312,0.10192862451801087,0.8590582729218152,0.26005713535621905,0.0007816663187869325,0.6735601778154962,0.3881418595327215
SAMPLE_03495,0.9994733861015863,0.08527272761231272,0.04442112271058745,0.019278339130605403,0.08033317192412577,0.009915540425655994,0.0635831948445701,0.1405270215243138
SAMPLE_03496,0.999307064675836,0.05073143601360404,0.05619866906339954,0.12775187401281654,0.09637615093932228,0.012751043900829581,0.022711067003963088,0.1484266244113817
SAMPLE_03497,0.9988501306785373,0.27714254539630295,0.36717964497773525,0.6326956679849196,0.1853192097099692,0.08490034918796914,0.05398357095818331,0.2340905257162026
SAMPLE_03498,0.19988064236045708,0.1852951724706325,0.1693587440589775,0.35234159423178124,0.19473380155771214,0.0005176353849630195,0.7474035818270434,0.39521081806010994
SAMPLE_03499,0.9993813603168913,0.1581071111411037,0.1603748813318602,0.668394356642218,0.1785339905739335,0.012191327537586224,0.0421110326254955,0.3466619844774313
SAMPLE_03500,0.9994999935892234,0.03814509590904058,0.09391753946830025,0.08306285471101162,0.13033817905955197,0.005738528598504419,0.0382806217211783,0.07592046410290537
SAMPLE_03501,0.9245942357997636,0.18996535832163502,0.12551084938807983,0.66711485250103,0.2148938510065976,0.0010956704095194908,0.0168292394077132,0.39856955230821584
SAMPLE_03502,0.9994080680339682,0.2878453996366347,0.29047953265406473,0.11692765685183992,0.25395760536426515,0.18368588425832602,0.24186722948736183,0.23906829759816275
SAMPLE_03503,0.9994784354716163,0.03226117724028581,0.10338621100427392,0.03601199541640712,0.050246671528205444,0.010412798864451244,0.04340284974967955,0.0861935758939898
SAMPLE_03504,0.8603427218956712,0.18791335240314888,0.09925976101444663,0.6670512976283666,0.17939725374404472,0.0019039905761394505,0.050725490902703126,0.3852812246498646
SAMPLE_03505,0.9991512547310611,0.13098214478074438,0.19203865623750072,0.20112906850823198,0.2570605834496927,0.018242815867198114,0.141563576356882,0.2454954144534754
SAMPLE_03506,0.6346457219471988,0.049838860499130715,0.07713758442061443,0.47621799051754654,0.04295747997256852,0.0007293721687055408,0.6886941347990696,0.0799194872772927
SAMPLE_03507,0.28286810392681255,0.04926453394432591,0.04139506043941526,0.3383698101447702,0.16762147591037957,0.0005976733539340983,0.6739623930293652,0.11427328795800308
SAMPLE_03508,0.9995233181139265,0.03330541696018348,0.058270658017693704,0.07469809179075523,0.07961546539347228,0.010029930741502843,0.028713290253764467,0.09796015899129891
SAMPLE_03509,0.9992437453744312,0.06280512150913799,0.08268146511745031,0.01383228088335016,0.07000797845412579,0.014174619215074284,0.044018221818253905,0.11305412437194978
SAMPLE_03510,0.579869700641085,0.14722768808948178,0.18667245890604395,0.6822491848354305,0.31610879837501055,0.0005479815568654287,0.6948907418297322,0.4500336751927338
SAMPLE_03511,0.9994153923740083,0.11670429012452793,0.021034720852042808,0.17810126546750427,0.09924836506122775,0.009281379353335978,0.015221787798605533,0.12613882923146316
SAMPLE_03512,0.8408275553170548,0.4342673218673391,0.15120766077435102,0.6704713423650386,0.14607502305967124,0.0019718289667035277,0.049594088929100826,0.4026446251378104
SAMPLE_03513,0.9982135562401129,0.1337292038814471,0.4213768269436545,0.6713723895384749,0.3595711116327702,0.018540995252360026,0.10082888652731375,0.3552766702236062
SAMPLE_03514,0.9994846791213683,0.03392533999587167,0.05537148962457043,0.014706154294894774,0.09298978565240903,0.005896048358572687,0.04749814882783399,0.049834246138797327
SAMPLE_03515,0.8899195557922461,0.20373348015363452,0.3273953356814193,0.6647939276034954,0.26761119941970807,0.0011329728390272941,0.08326919293147228,0.5255875175873861
SAMPLE_03516,0.999387366464937,0.2211927465073133,0.3322858962138938,0.21727773737566097,0.5913730473330334,0.020055261699291064,0.14735009057644416,0.6158716503435597
SAMPLE_03517,0.055004466806500014,0.03490317322996042,0.03733105066715879,0.3486196038289622,0.028171607914067726,0.0008025973606408726,0.6800358630716703,0.06640982767717953
SAMPLE_03518,0.24087665276454362,0.054345301056694884,0.032535181630518294,0.41493492668262955,0.04052978190765696,0.000643550337257503,0.6726896531007012,0.10205137051365479
SAMPLE_03519,0.9992311492224659,0.21929164615252458,0.25356220584544714,0.6684825484297653,0.30170254143141656,0.012547508272892166,0.054146900103199294,0.4939238843217937
SAMPLE_03520,0.9677813624218143,0.5495128801657942,0.21610277833154382,0.6667959456235747,0.29651602734418236,0.00794227965108742,0.12186503161050342,0.5147252821987639
SAMPLE_03521,0.999383874216008,0.03492610842159141,0.059735269065122464,0.028045904873490506,0.043451382340906036,0.009491962612187092,0.043835208721827286,0.10911947935513044
SAMPLE_03522,0.7492343916920606,0.09529373332542723,0.0911072354528441,0.3442671021392868,0.03445861795124049,0.0006528356649341145,0.7008071639430787,0.08743185192546762
SAMPLE_03523,0.9991582106752046,0.7862023247225807,0.8842099889199495,0.6822682783805283,0.8679362507337509,0.25927671978119005,0.28920231173789185,0.9708961568643525
SAMPLE_03524,0.9995342901117601,0.46091051448485654,0.03262031404952538,0.2741950759331715,0.20309167234769523,0.005502836204280578,0.01455735817116819,0.1504206032974351
SAMPLE_03525,0.9992854653219305,0.6030730024555456,0.3639783498385332,0.7281663523725127,0.5425950196901833,0.17214768431751098,0.11967180184255698,0.34575703143485165
SAMPLE_03526,0.47370394802308474,0.054314160813892676,0.05076017890259081,0.9960061879680616,0.04553283161964188,0.0005975511151065784,0.6737598854315451,0.34117994165738413
SAMPLE_03527,0.9994636715619172,0.29891924887194965,0.15585118094938097,0.22299995380280146,0.2661839095640155,0.01591133997138259,0.06632362055203775,0.18475297395486723
SAMPLE_03528,0.999090300051376,0.15322562608437257,0.07933362974069158,0.6648193100129044,0.0971752706298224,0.02047105749307311,0.03182673862676173,0.3574249571947183
SAMPLE_03529,0.8277823963943158,0.1786984674051562,0.2156908720744099,0.9964585272645797,0.591651660245724,0.0033767261949452336,0.7284500374822553,0.7575854995195335
SAMPLE_03530,0.9994279917567851,0.08165049025518314,0.08627415338680657,0.010446836656749434,0.08169347115234188,0.008236136044109502,0.05972256154303587,0.20136127286400485
SAMPLE_03531,0.9994131781123321,0.198541149603608,0.16226933984751704,0.041881787023750776,0.28612909208548254,0.01693666749865967,0.08539348474006267,0.31390026648335234
SAMPLE_03532,0.9992801053851141,0.23560005979553042,0.09682229102573825,0.6675849123129154,0.17590235153010156,0.04645684512154029,0.051811834748555524,0.3881660237432971
SAMPLE_03533,0.998909493961839,0.13904182078419025,0.4065642964847208,0.6516481605337042,0.2734213778760583,0.07567373675380674,0.052693885610067964,0.3208466499437202
SAMPLE_03534,0.4703655261573574,0.17286045657838078,0.1678671011528407,0.9882594017794781,0.4082859215718816,0.0007809547782233095,0.7278629683674753,0.6038111451234143
SAMPLE_03535,0.3173206064869871,0.07080516368285257,0.06515192168456152,0.33487069261798863,0.0454894994025491,0.0006285561846669208,0.6737165037301697,0.032713146849938424
SAMPLE_03536,0.8828142613217609,0.1567743802251823,0.1617641559263437,0.6686502272438747,0.3395138187986356,0.0023236113219125163,0.02908463222597331,0.48810769567320283
SAMPLE_03537,0.9990148925120836,0.43217569125910005,0.23675486591111705,0.6743330108889772,0.28048216193861736,0.08014870428899504,0.1445078711697268,0.35013074486645723
SAMPLE_03538,0.6160311635969127,0.09617236198823403,0.12482597166552976,0.43751374815407895,0.21897185354173598,0.001547710501920664,0.024073312460742142,0.27551845886622195
SAMPLE_03539,0.7799398186673695,0.29508343642529467,0.09331968101264336,0.6673797587379185,0.09628596150907129,0.0014112189815490837,0.04136736904687371,0.34807259042996064
SAMPLE_03540,1.0,0.7610428854974872,0.7358113943838017,0.9986924874475751,0.4081321638268882,1.0,0.9995672332511173,0.5070280974313921
SAMPLE_03541,0.999379358676334,0.34779122603321705,0.3312403749204107,0.44688025277053556,0.21660039822822058,0.1886203962981208,0.21847150310771507,0.2849985692035012
SAMPLE_03542,0.9994081298230191,0.5683389662398158,0.4743259732859723,0.6673834850188559,0.4737952983736069,0.017756550587054956,0.22764189569424795,0.4634756322144975
SAMPLE_03543,0.9994424964943567,0.09101589454845316,0.10220705311310799,0.19071348618061387,0.08446570805585006,0.009692402758689947,0.07729128407007005,0.1622437216135085
SAMPLE_03544,0.23719775705245635,0.061917861576520655,0.05730722438908902,0.3510375803138246,0.06796428169669848,0.0006374943726734219,0.6799851295575335,0.11446813284146737
SAMPLE_03545,0.9994565974264813,0.08265123550978021,0.11268136541637601,0.02292007788783513,0.2220311820016704,0.010048735993420385,0.12979995626754948,0.14780458078867542
SAMPLE_03546,0.9993231365611943,0.05254664989413083,0.13600370284898636,0.015150493158633196,0.05033775527013977,0.02791550589960453,0.06788674430349968,0.08059488903525466
SAMPLE_03547,0.7096622499504942,0.3264638263317686,0.10296387483269331,0.9974645285558477,0.1119413492133963,0.11090529387859699,0.7128930673660869,0.3615022457034469
SAMPLE_03548,0.9990801477977953,0.02739818123834041,0.03680662508195097,0.007769085667730305,0.062041386137111756,0.004107661093423325,0.013161244271983586,0.04887901831605379
SAMPLE_03549,0.9987416490963298,0.12583737908826537,0.06023539286197312,0.010471490834808158,0.14023126992950727,0.019377681371527084,0.027025934140179418,0.14037341364255854
SAMPLE_03550,0.9994138687643351,0.13437091591011918,0.07133970706500507,0.022133906669300787,0.09667551108671726,0.007745838927769285,0.02521771336730081,0.1356293343154279
SAMPLE_03551,0.327786687008565,0.07669697539485709,0.24468606363160264,0.3430311846046304,0.254474300475143,0.0006947539885727885,0.74748337339407,0.33950315904690753
SAMPLE_03552,0.9993962501074989,0.03388602858287419,0.049396222778932,0.017828936094983545,0.05445541520094107,0.013107457377399219,0.024536410135054382,0.06777929752735105
SAMPLE_03553,0.9994868218852362,0.11421740568229069,0.12025475425381049,0.02407815327662676,0.11566051805555946,0.055603487313826236,0.05674418677393094,0.060408292803434974
SAMPLE_03554,0.9986023205229875,0.029477839535865108,0.0287840720950509,0.012072018650956232,0.030640148699644033,0.005270921036864005,0.015406222540170069,0.034220948240126045
SAMPLE_03555,0.7802139328748998,0.04582701890650287,0.03116632687520669,0.08841258371852657,0.1183330850561312,0.002098218114052756,0.01557289570214612,0.1204307050448342
SAMPLE_03556,0.9993753317402783,0.0880238752814048,0.11419209503286291,0.08360360752630114,0.053399831237023555,0.04375166988621637,0.04998103759198246,0.0759790552048877
SAMPLE_03557,0.9991633756280958,0.5126238398101477,0.244205243065663,0.6687335192120942,0.33142249370489885,0.0799405218456527,0.1364676284967329,0.4970221093266671
SAMPLE_03558,0.9994462661113308,0.0459315101440896,0.0746703965686078,0.021269466372149895,0.052602594963978636,0.01851899629922385,0.039227365924192105,0.07770537165681678
SAMPLE_03559,0.9992180885837872,0.06125252016199613,0.10353942515122178,0.010737477342835072,0.06975605520979929,0.006459374278202508,0.04577086020066942,0.09789900179132321
SAMPLE_03560,0.503519577120385,0.11762811758101288,0.14099614783529868,0.6638407811669833,0.0788325295466775,0.00415491316993343,0.03921339122507321,0.3529888645698454
SAMPLE_03561,0.27042898211108374,0.04505475499763305,0.06191273731793688,0.3556373190653448,0.05326952718673797,0.0005346043905329646,0.6905206107408092,0.0556675578733246
SAMPLE_03562,0.9993954641357679,0.07130388151996368,0.08094550174626522,0.016388813940494212,0.08127798632790734,0.00597936869197766,0.026226595717126,0.0686644363344201
SAMPLE_03563,0.9205303936316911,0.4330049522804472,0.19175956993201293,0.6670089748815758,0.49359889841414495,0.0013369122468372744,0.08029483653312801,0.37971198777708093
SAMPLE_03564,0.9371291382109441,0.16825426327226703,0.09176194073815871,0.6662890283158925,0.17590314151386538,0.0013714895325473747,0.043395474828696566,0.3526973921115644
SAMPLE_03565,0.9994912949542056,0.03909495713604534,0.03798239519251699,0.020298724094428455,0.03946398186472902,0.025523906587932296,0.034807475254289726,0.046756816577794236
SAMPLE_03566,0.9993917496811269,0.4251413133737427,0.018158708156249512,0.6616817062244724,0.2216004911052303,0.014818959925470752,0.02628870696760702,0.3019573388884542
SAMPLE_03567,0.9235233302302559,0.2944211051573772,0.2511500807478614,0.6634131131558386,0.3939069578446064,0.002529571056425495,0.046250091413562046,0.6268845502159242
SAMPLE_03568,0.21573662395260274,0.09779543346742413,0.11595012460307075,0.46048510736687676,0.1953942020634523,0.0004579764500040936,0.6860160034808188,0.23572286599544545
SAMPLE_03569,0.9995253651732464,0.023758167048100493,0.03775044931051659,0.01579230142038112,0.049531396497331556,0.011273540749319105,0.02745708374278854,0.04359714823288921
SAMPLE_03570,0.9995309533211286,0.12371088616367674,0.2972919841139494,0.08188758924341184,0.5770940207528185,0.013479315040850036,0.14039009570760683,0.4993996402134197
SAMPLE_03571,0.9993395156894631,0.17108524973492095,0.17209488810857065,0.6603673119702236,0.20519156654148454,0.004920645730874723,0.054449397986448114,0.3188345773652666
SAMPLE_03572,0.9995051927290663,0.38649418295374216,0.1577482104245233,0.45895991207939557,0.19552093547030608,0.18466117925348358,0.05453702592539135,0.1957550521995977
SAMPLE_03573,0.9952978978676928,0.11545911452043749,0.15526680352379923,0.7012288660400059,0.17558808708360826,0.12405964510932632,0.040755040589612684,0.35491313473941705
SAMPLE_03574,0.056699293247272006,0.03865111018209581,0.028397387247620025,0.33710600848143,0.02454323354486224,0.0006545194447381714,0.6732475434595007,0.029308986118342387
SAMPLE_03575,0.7003403057675621,0.12096846071846389,0.11597696282522961,0.33934967810147554,0.17790615275598276,0.0006482379708085202,0.680682255460537,0.25807380643698474
SAMPLE_03576,1.0,0.9636407411721153,0.935502133122416,0.9988595710158314,0.8925020152248311,1.0,0.9996995189660427,0.9155835739762297
SAMPLE_03577,0.9993322449128956,0.06544318780056617,0.049315487178282096,0.07375194274861442,0.0977969432875985,0.00596217932918487,0.024901808081736827,0.11971201715360508
SAMPLE_03578,0.9993754587533952,0.03921286443140311,0.022099366465005925,0.07425984714578089,0.028883193724957363,0.022978171670921733,0.030566389459350148,0.09548189964836175
SAMPLE_03579,0.999463764732053,0.05129149711954785,0.079258837246994,0.01684952398681625,0.061315163819164895,0.00916371610816698,0.039055366012851825,0.11676621884891278
SAMPLE_03580,0.3316147808791329,0.05055390857979154,0.05035675855544931,0.9974306344242716,0.04569943828592807,0.00046263058013147547,0.674087622755269,0.3473969136799411
SAMPLE_03581,0.6090578940022826,0.15699974558697505,0.1430064322209057,0.9980853432478569,0.4307094783624491,0.0004905708873093556,0.6797964456822188,0.6793292906516419
SAMPLE_03582,0.965812826621933,0.2966920153917558,0.1891262548728453,0.6667936238345209,0.7403116631152454,0.011915228772370424,0.10551020741370364,0.7572052379981883
SAMPLE_03583,0.9993354774123449,0.12715114147821915,0.16259841790823354,0.05503473237402965,0.2757948979893589,0.20605524055567787,0.04330337746681689,0.2079374172105074
SAMPLE_03584,0.8531822534548965,0.06970286112825883,0.061268769228185395,0.21589504757906136,0.09631664774225997,0.00186799595932671,0.020338824425925186,0.19106622885895375
SAMPLE_03585,0.9994248502772063,0.031242809347974576,0.04066120305432617,0.06509980710130714,0.08225857284941067,0.006886910920549039,0.030307883603104022,0.11737066757328339
SAMPLE_03586,0.9993840872601307,0.025549822703490543,0.04407442406497533,0.01128037447365066,0.03559521582320695,0.004619638313440166,0.03451342948176494,0.047411518575874
SAMPLE_03587,0.5353287007704379,0.20536730243053436,0.20276669385028945,0.595358832667018,0.3878057792347197,0.0006550285531266747,0.7548663743132213,0.48115520693375236
SAMPLE_03588,0.803858769459132,0.27956693006953387,0.5861347211132774,0.9573528009190875,0.6730859420064852,0.0005495381822621975,0.8297498970728859,0.9403857567031252
SAMPLE_03589,0.9734210070567869,0.11101408067546586,0.21204810229948123,0.667453613120668,0.431577266671944,0.0022750971127520904,0.03192057686118507,0.3554469740835427
SAMPLE_03590,0.30055023224557437,0.129647939083148,0.13220204950093867,0.34082230822835363,0.20765075922498688,0.0008964314273817271,0.6733696218436677,0.13697505136017724
SAMPLE_03591,0.925196071358993,0.1282531338839576,0.2055575470538779,0.6615305015977914,0.40234293877127525,0.0015780205687698935,0.04711048235181913,0.5514837700440612
SAMPLE_03592,0.9993554958710058,0.09527463123751995,0.07664736350727472,0.6666621115064991,0.09188264397921123,0.020801465628998005,0.055899249466026195,0.3391443960001571
SAMPLE_03593,0.9992035298438592,0.11956421968094533,0.08714378668447786,0.6537434961232708,0.12543105687072736,0.03649091043889163,0.028918360473252334,0.25783148894321645
SAMPLE_03594,1.0,0.868020608403065,0.8753531601155492,0.9989601403197808,0.9198624111367903,1.0,0.999779571777537,0.8818050532560929
SAMPLE_03595,0.5556410425672241,0.2927495357422518,0.20724306509175247,0.9970774143857282,0.5948453015466206,0.0005221072684324393,0.6904926143967186,0.7439123194389542
SAMPLE_03596,0.9994819646241155,0.046977069258458695,0.052299867265356785,0.02314148407706538,0.15220420879221871,0.007780241693859908,0.04011627744012517,0.155539001702386
SAMPLE_03597,0.8344498254401551,0.12890106002519788,0.05301240549596521,0.666077020740256,0.07461063991624534,0.0014191241891095899,0.028717370658045197,0.33945979224726175
SAMPLE_03598,0.9993970402353787,0.037070828178775536,0.042171545654848396,0.01708645101817074,0.11385458435722463,0.004395072246855035,0.014398327140549705,0.05997044383994073
SAMPLE_03599,0.6828067299828703,0.16653728066000495,0.21618884197230695,0.3469650142721679,0.422672696218688,0.000940183117852131,0.7540055336871815,0.41358501768826594
SAMPLE_03600,0.9994131307711434,0.14535102818354767,0.13984796050792192,0.14679999373181143,0.17663561764643704,0.046480985587553175,0.04453749521703124,0.3945617583165717
SAMPLE_03601,0.9140227961582623,0.17891410162226273,0.2747526316193136,0.667210450776315,0.728333814696459,0.007143642511096083,0.0543451704705774,0.559380237891412
SAMPLE_03602,0.9589436060298315,0.20733872604310366,0.20076911287282273,0.6599246726056492,0.4264887436844209,0.0028427030520206684,0.05822487760456175,0.6409629766889752
SAMPLE_03603,0.9993862138447289,0.05599303553331654,0.05671280645177478,0.06753886664607367,0.062390303912457715,0.010528751555729634,0.038085957789174334,0.09337098229298246
SAMPLE_03604,1.0,0.8997718812134756,0.9062871205341172,0.998662430117085,0.7597933477474557,1.0,0.999353230341457,0.7599438509809159
SAMPLE_03605,0.9554791278033077,0.5838980067181665,0.4167833211334868,0.6672114674700338,0.3136811335558706,0.0017924465702777747,0.172828678239833,0.6074477717708798
SAMPLE_03606,0.7456318408978696,0.1278996886956981,0.14196095417751467,0.8617949358909971,0.18452892392961337,0.0005590309654947371,0.6898377727231639,0.3516034929943519
SAMPLE_03607,0.99945564848292,0.02211453262800537,0.03482154878166462,0.01779851123803933,0.08646158252820237,0.006334538380475799,0.016671650621085363,0.07781667477035185
SAMPLE_03608,0.7452280017072864,0.1614839205612501,0.1570519154122028,0.6809144422848906,0.13448235688733437,0.005803976503799301,0.04045870027135781,0.39218423987226664
SAMPLE_03609,0.9994398444185278,0.03945313517743752,0.04547535767646437,0.03909321426901509,0.049965147676574916,0.010765101655720418,0.017391792757698084,0.08281965011001172
SAMPLE_03610,0.9332940871776172,0.19729601088551008,0.18001828012684207,0.7104648757323924,0.33537227350631565,0.036686712980192,0.07717610273627161,0.32185505205280635
SAMPLE_03611,0.9995014998051008,0.04866499217367785,0.08337596684723986,0.014440503217919645,0.057534998272511975,0.01216108404130618,0.03638408135012259,0.0664957662740465
SAMPLE_03612,0.999371391016045,0.01659802727654107,0.02390901290345306,0.013135164738064111,0.027962774309494086,0.006861367213220775,0.01778220970821694,0.035683919006716566
SAMPLE_03613,0.9987600838106083,0.2255308251758198,0.27884421862915204,0.1868435668287322,0.1650543962341477,0.03580534124075389,0.06511358494364915,0.24800945849012682
SAMPLE_03614,0.9989064034331068,0.17918610394446932,0.32847554557225694,0.26669882786888566,0.26743262799452394,0.18628604972489857,0.1521251172182679,0.4156992386845171
SAMPLE_03615,0.9989367945275781,0.06645051647557766,0.06826138364086395,0.4871406857890954,0.05450459184987977,0.022538902177760757,0.07190519620712249,0.16350580538696102
SAMPLE_03616,0.9993077496480054,0.3007515273488762,0.18902490618828313,0.09279680845423377,0.19146602270704227,0.1499999316558426,0.0994402467573553,0.15037366119161757
SAMPLE_03617,0.4656080222857867,0.058590335745979966,0.05238825272467494,0.6637481371185898,0.06239403394906086,0.0014040263995938732,0.03521611687351951,0.3234351952315857
SAMPLE_03618,0.9249704157396093,0.18092857731642437,0.150904674783684,0.664271863505656,0.42537946825716616,0.001956937679532246,0.02995127605275408,0.38479021936611135
SAMPLE_03619,0.9994025529076518,0.4668997053449761,0.5643250564723861,0.3654988436938024,0.7201997879024402,0.1612198798534495,0.2119100028130077,0.5888368381432194
SAMPLE_03620,0.999513270477348,0.04485068554850654,0.0465492851760831,0.027330758123056083,0.04421463730058077,0.020584238406288733,0.0249268924401474,0.03867799776453355
SAMPLE_03621,0.9989006998823786,0.1732807850679201,0.0986291462501464,0.6565943862093018,0.1484105587739364,0.019962336242107748,0.03332958112617327,0.20243501374638584
SAMPLE_03622,0.33568167065970117,0.06319177904182215,0.07988984399592586,0.34028886681192605,0.03996065217691808,0.00075704379784687,0.6866226608540905,0.04184711715478998
SAMPLE_03623,0.9979851496248007,0.3724822228258976,0.17537651759740636,0.67074830831731,0.19043394261192043,0.02298548507263357,0.06297701750356358,0.32727928316714766
SAMPLE_03624,0.8345000193589719,0.2317888146105022,0.25774034263555406,0.6600368729042162,0.5103140869818121,0.0015434058513785084,0.10657222468407002,0.3952734704766681
SAMPLE_03625,0.9186088095267115,0.39275964890389314,0.7296569842014189,0.9984624214808451,0.6196740339174752,0.0038550945046975445,0.8456430901999569,0.8551276130319905
SAMPLE_03626,0.9994810620213814,0.07797490118608254,0.09544554323349091,0.4359252357827511,0.13204069068107532,0.03758475160033234,0.06088407729152102,0.1978428497546848
SAMPLE_03627,0.9994543581622106,0.3614971760426538,0.17820256023690736,0.6706700332684526,0.27109654612376505,0.008515539210107625,0.05253986223243727,0.33677463130542173
SAMPLE_03628,0.9694901185370548,0.7684580383857784,0.554363886800531,0.9194894523821946,0.5634058711930386,0.20723655645084907,0.8143819738054058,0.6593485673959731
SAMPLE_03629,0.9445326802178955,0.5247935661786334,0.7835329122315092,0.662950521224636,0.5325335999454258,0.001674129897289672,0.17045366821776736,0.6605504617386496
SAMPLE_03630,0.8318961280920839,0.05486527948292522,0.04932311576580206,0.6698500027582317,0.11884130876000537,0.006897108193877668,0.016210617146106075,0.33791903074036894
SAMPLE_03631,0.9402919999062996,0.061270046103628295,0.047410053256996626,0.6642293830301462,0.13220728521772074,0.0010861872479071316,0.02538494131998061,0.3570987516647707
SAMPLE_03632,0.7542199927331745,0.2576075157923924,0.049161516828683686,0.6680572930019852,0.07569528010935954,0.0011412066189072972,0.028823466653999194,0.3543075212895675
SAMPLE_03633,0.679555614723207,0.1302244987652506,0.11779202412282441,0.9798030816925073,0.23963822939350227,0.0005458998187656675,0.6774114297619125,0.5498655327203417
SAMPLE_03634,0.9994127808294508,0.06259249468454163,0.0822289270637652,0.01614726648530355,0.06071827317176791,0.018437378960006048,0.03254638850462473,0.08942664285689897
SAMPLE_03635,0.9994411214606871,0.07156703732748834,0.10485680901819552,0.040117453409946095,0.07619313175527462,0.027493704291176563,0.11353088241571228,0.12398929270240738
SAMPLE_03636,0.9994763137132976,0.2663230405573352,0.061204844453393414,0.25906806050450615,0.22095032191594552,0.019525065670613052,0.0260523276998836,0.18589522989101068
SAMPLE_03637,0.9993197763186814,0.30164780870269847,0.12525782923262413,0.6688879708621811,0.19070236772590238,0.02118977600607684,0.06148376176185816,0.4026985179736311
SAMPLE_03638,0.9994941077571671,0.018993283241672022,0.03032165575912943,0.018099123208253298,0.04397206474922978,0.006404989318524647,0.023195387260457414,0.07738916833401574
SAMPLE_03639,0.999533698185898,0.03604493880619995,0.037088143406439185,0.01106795433644971,0.09122225401653701,0.01064023096246648,0.02388831674462341,0.03462376746337517
SAMPLE_03640,0.9991822458751866,0.11579907178315954,0.07444584585848196,0.6704014976520863,0.09633355169067803,0.026667843290672802,0.05377820567680709,0.3498029017809773
SAMPLE_03641,0.9428535367890494,0.6273127219953988,0.5113720238826233,0.6676818923742902,0.643563011977999,0.0056054521234914535,0.18521970891175366,0.7406158672125672
SAMPLE_03642,0.07752320293105609,0.07421645407427195,0.048221187828287326,0.3499376624274614,0.1462048060114241,0.0008163990339156638,0.6725562132664032,0.06732806247926654
SAMPLE_03643,0.9993633470469421,0.166702476326051,0.17885663836387977,0.02267835371805859,0.12282111648013634,0.09736175320435438,0.10992451707164255,0.12808271401684895
SAMPLE_03644,0.7111790400548381,0.11234939201740192,0.11871123135903015,0.43426663051658543,0.0999343909842023,0.000574692938211595,0.7712284615147055,0.10310506879505905
SAMPLE_03645,0.9991265689620304,0.10844346776456498,0.07003841242278594,0.6698744417644699,0.13329655211724997,0.009075793357592777,0.04023664591522037,0.5003684933843053
SAMPLE_03646,0.9991822558835972,0.02479507844927129,0.028762907266356618,0.663024269510429,0.056979172999461807,0.009644533202787927,0.033171689397512985,0.32259423365084905
SAMPLE_03647,0.9993319622822858,0.04783502000049875,0.1095732280285065,0.01726159409522826,0.11697519464226255,0.018514576240892536,0.040012959001208034,0.0792141215007366
SAMPLE_03648,0.9994385354143596,0.06012303979960558,0.07503826246029577,0.19483172459027737,0.06279140689842935,0.025134390042127693,0.034689306465273885,0.12264574618468113
SAMPLE_03649,0.5059257084647875,0.2505783129597068,0.18359313178522804,0.6617913307218645,0.1620322564270289,0.0024731616607885356,0.039537800591633775,0.327837875461139
SAMPLE_03650,1.0,0.8678320412004372,0.8379089034372912,0.9988799765014638,0.6304774044399856,1.0,0.9996895187176199,0.6953325954497711
SAMPLE_03651,0.9994260332823516,0.05034284575208442,0.04985685380666724,0.010177393395767929,0.04273820261783276,0.007496388012942817,0.03232249116415155,0.04886061551310916
SAMPLE_03652,0.9549718278754011,0.1295210533242104,0.060689073508592095,0.6666497691094261,0.14873460344535822,0.016191099613544313,0.09980155305675453,0.32937631599310513
SAMPLE_03653,0.9995075900590209,0.04678322416622485,0.11234565784443223,0.050141059068446715,0.1316345969303957,0.00500175915730224,0.03389713250804518,0.1072820943037463
SAMPLE_03654,0.7934468030160865,0.2734239502738408,0.06138691328054489,0.6677847336971344,0.10195877469884812,0.001238350157204793,0.027323269215090797,0.5021310717131178
SAMPLE_03655,0.9994331084579822,0.05509699494494859,0.1129163055134137,0.017376523112243383,0.09384055120777801,0.009509027597116365,0.039699380498964244,0.08115452756628846
SAMPLE_03656,0.9232009331610191,0.39841170492913314,0.6039681848680187,0.34268816008027486,0.8189673652099676,0.005928912025400529,0.07958776938301532,0.8148588897715103
SAMPLE_03657,0.999411307301419,0.05314378694161336,0.058699532211789314,0.013737161911155604,0.05537587373056006,0.015759256931814253,0.03127229153243563,0.06025081435623926
SAMPLE_03658,0.9994460750659211,0.05375583037608794,0.06867020190563972,0.023677476950719558,0.0872912912141442,0.009358673954598225,0.04935457697686386,0.08859778633366126
SAMPLE_03659,0.9994962637649809,0.12431748858317024,0.11093514516920423,0.5164272062881572,0.15222820114836558,0.03296730912125187,0.05630808903105506,0.3009910764774026
SAMPLE_03660,0.9994470353363525,0.11586607672509752,0.14584825153926198,0.014224036161222899,0.12841291874070743,0.0209572389365838,0.08247116331047503,0.13675572278902506
SAMPLE_03661,0.9994551905209248,0.014975621271614064,0.01870586737011143,0.005495462591752669,0.026911035162474645,0.007881898597283069,0.01618082115581443,0.02240561720014174
SAMPLE_03662,0.33350960571270527,0.06511927832881001,0.0925769618644003,0.34997256149303335,0.05766346672357828,0.0010227779298025918,0.7112297916603594,0.10139202280082277
SAMPLE_03663,0.9197621068765667,0.3253195930052359,0.48079522382567513,0.6445795922451549,0.6916936408762867,0.0038812670796370546,0.1247405875862356,0.7775063937429227
SAMPLE_03664,0.9994825943457658,0.021116813667939084,0.03209503808373665,0.017408795809678808,0.04266446955723538,0.0077942994680064714,0.03189572383742819,0.09262550373632046
SAMPLE_03665,0.9994619208047268,0.8539662420040992,0.9144405768378864,0.6850153910312291,0.8271477073387025,0.23747780983115846,0.29798388257483405,0.9409555508318439
SAMPLE_03666,0.8841600310923592,0.11692452913379253,0.10939341612295558,0.6638797997786204,0.13996629921335033,0.0034293339916253007,0.030263990632285714,0.3434603028175709
SAMPLE_03667,0.9641347396464319,0.27343524866418456,0.1838038602070396,0.6553197529840543,0.2789347120017164,0.001536398662935137,0.07879188021919262,0.40856178274954996
SAMPLE_03668,0.7482124326078121,0.2888543686673652,0.23084290972013,0.5017256509595558,0.42522667840668416,0.00814468717052583,0.6989720672594169,0.4187045215078695
SAMPLE_03669,0.9994312677966117,0.08929228824907476,0.07903953438680515,0.023049550613310918,0.07580490175789485,0.013752282163393999,0.04439719022702921,0.08261374907012364
SAMPLE_03670,0.9994423559533605,0.015510443748892513,0.01339293415572719,0.03831369940846473,0.023436298312403122,0.0034221550815958578,0.014346429466908983,0.04756315246806451
SAMPLE_03671,0.7995287012744101,0.19147655481748654,0.19410181044441918,0.6671881750870602,0.5239462494472635,0.0013113381852844837,0.09572856136365802,0.4897826373112767
SAMPLE_03672,0.6812072618732945,0.12673764984486952,0.09924624373638383,0.02123101549561258,0.158651321646321,0.001673043930775984,0.017907040579153707,0.2977206892456314
SAMPLE_03673,0.8907561032710147,0.051746988334583494,0.053182445815286014,0.6646755445540987,0.06977856342153489,0.0014526615908781097,0.02368905078310375,0.3394428260801836
SAMPLE_03674,0.9994373646120482,0.06685435062774116,0.05992553404617691,0.09276444731474429,0.09724674316328819,0.05589637477903675,0.03729267324285748,0.09701619745145973
SAMPLE_03675,0.9994461381051155,0.026210910506791342,0.04146437588328522,0.011662248769262463,0.04358989980110588,0.017370292647855973,0.020194051224110113,0.05343688399392821
SAMPLE_03676,0.9994558300554692,0.0443521855203036,0.07445261635914585,0.026727502066153996,0.08575776956439257,0.03039759774732046,0.07004148317699548,0.11371221400692277
SAMPLE_03677,0.9993345995454027,0.12724695565596283,0.16922515876123517,0.01712642657756921,0.0819245375381821,0.03175580718753418,0.10765271176375264,0.12473175693273435
SAMPLE_03678,0.9994165476943273,0.22844153291141361,0.16029759176965416,0.6691542109891369,0.36029249632837584,0.052059036442131126,0.05679986614804612,0.5245909108350626
SAMPLE_03679,0.6143622023369362,0.2878876626171479,0.4405908139898401,0.9842155180886395,0.6270395130566747,0.0004679671581904276,0.7640392964633829,0.8650611101285253
SAMPLE_03680,0.9993962692437772,0.03831034513006886,0.07351753051284245,0.048843447136327656,0.04820337309391956,0.013423112116599929,0.03764588080187921,0.09157002422029333
SAMPLE_03681,0.9989582456532999,0.06734447170578146,0.10221292976659568,0.6699864520411496,0.1314191716427473,0.031725941894528716,0.044668057853604656,0.3502496831687546
SAMPLE_03682,0.8412739556788733,0.12849817922642465,0.08891404559882278,0.06459349293474431,0.1689219211132032,0.002772335823771655,0.018339936839074714,0.2295963493207414
SAMPLE_03683,0.9994121093237947,0.2358494352144503,0.059345476426778745,0.4889724744706056,0.09761540365217353,0.014491731993902586,0.029081411922912435,0.1205956877278338
SAMPLE_03684,0.9994075476882969,0.02796358133392721,0.027831286997144846,0.010841353472617145,0.054489969003947133,0.014156664351789767,0.019138672785402402,0.033090708123441157
SAMPLE_03685,0.9994263670158442,0.16907373864865038,0.2031715934442323,0.691107351558103,0.28029084267248305,0.10335340403517099,0.17053648978862232,0.39096064053982726
SAMPLE_03686,0.9445561704963208,0.5516084029429426,0.1887980839597402,0.6679498664366686,0.7393117079550565,0.011334268331389862,0.050871012157847194,0.5006166592821011
SAMPLE_03687,0.9995198587927148,0.04167141383749975,0.1136371082073833,0.014349771664703208,0.07718936057284181,0.01459105023193414,0.03766656551032295,0.07004908096711898
SAMPLE_03688,0.9994448298315455,0.09217315832886046,0.07369630935428438,0.01443759200895426,0.10084007538938408,0.016205056859803176,0.04819561268902244,0.07612704982253474
SAMPLE_03689,0.9993504037136187,0.02322304379791483,0.046227042498032486,0.017646940977160578,0.07369030808379631,0.014796562891671005,0.036564670357643374,0.0747450391203544
SAMPLE_03690,0.9993944900406735,0.080398953761805,0.08902090106443769,0.010541811916560766,0.055764939705773474,0.01534522040085104,0.024866309297801353,0.07002742593806945
SAMPLE_03691,0.43152595234635716,0.3551414415279148,0.29265488346453405,0.9967728840300893,0.6146258717970121,0.0009791906974110154,0.7507080329420338,0.8790381492628392
SAMPLE_03692,0.9994493803311244,0.040284562777478855,0.04219208982567896,0.08443492143377138,0.10441382759904189,0.010421107218429017,0.01727057761975909,0.1314076941502442
SAMPLE_03693,0.9939364506879421,0.6208186832370602,0.5398043721555033,0.8544059584603244,0.7872630649253676,0.2712814819161843,0.4013062878049952,0.6574862719126289
SAMPLE_03694,0.999371059534722,0.05510770114613139,0.07326678260501093,0.013557983164127535,0.0663946536905274,0.032662688527721806,0.07580222143378772,0.06101057323536689
SAMPLE_03695,0.9994238480512476,0.025410122035302244,0.06475462466814877,0.015263765029409623,0.05657105019297031,0.006473412930648438,0.03973127847670585,0.05701866275211528
SAMPLE_03696,0.8486915401702178,0.16646152427853103,0.1698054396221426,0.668214007185171,0.2883920991303272,0.0036602773643967263,0.049023534769401876,0.4981838404022658
SAMPLE_03697,0.7351652755958713,0.040892500196334475,0.04882145988679193,0.04701063716434993,0.11558618243011445,0.00735386842716196,0.03677480533788158,0.12546362903297445
SAMPLE_03698,0.6424867485236776,0.21526574706899762,0.2329439066008218,0.014747066568156903,0.21421928008903915,0.0016974652710338171,0.03060912850748231,0.2586134999378894
SAMPLE_03699,0.8958883872210448,0.3850590560628413,0.06419480438525119,0.6665097442970356,0.10094465017937801,0.001264855070288307,0.019727404805115426,0.3511315197946721
SAMPLE_03700,0.9995376881517564,0.02016472552340879,0.026755664538676782,0.01923476164196424,0.04487980973757395,0.007764724128872519,0.03694415024232693,0.07732672149272816
SAMPLE_03701,0.5553238484671401,0.24120975293712257,0.2187672213478573,0.6683983594584558,0.1614526711610421,0.008692484248507134,0.17532370345220719,0.3604502314525977
SAMPLE_03702,0.999384448108644,0.2714204197519796,0.2519665946759766,0.11964855845100125,0.19915647288715577,0.07038310050987728,0.10742107555414422,0.1840881789919916
SAMPLE_03703,1.0,0.9746079084009035,0.9737634552585759,0.9980447692588528,0.9691113732392926,1.0,0.9997043455461204,0.9661674239015756
SAMPLE_03704,0.9994952088265608,0.16025861719958556,0.1654496610745484,0.04246692439563762,0.5793432920372455,0.041836675988248175,0.0586693656628393,0.4894514671568611
SAMPLE_03705,0.9724654113968565,0.38934176561441836,0.250410430676945,0.6680360143351919,0.38017138953896484,0.0042371096652647,0.19629374465318206,0.5160852395583045
SAMPLE_03706,0.9032867372402862,0.2291941373345788,0.0616608693540351,0.6670741173788053,0.17941883836026754,0.0011672404091973702,0.08217026847618387,0.3538151213656324
SAMPLE_03707,0.9994212848497301,0.03464000516233363,0.04801215069214775,0.018469404903480778,0.07078188232399171,0.009263652227375654,0.025040030249163785,0.061952547474011806
SAMPLE_03708,0.9304712372004438,0.09623232125775597,0.09304991002603746,0.3483081313694936,0.05403776178426915,0.0006986330259014411,0.6815023482540539,0.07514444372622775
SAMPLE_03709,0.9995226172803371,0.6221189543178808,0.07090985585643053,0.5591804539476793,0.1844829224151097,0.01637431606376887,0.028511364375745012,0.1881233444228001
SAMPLE_03710,0.9994204148039931,0.031996319210369,0.052594882540921345,0.01234822835746381,0.053623667690084684,0.009690076718392724,0.031251999906037546,0.07183321018086236
SAMPLE_03711,0.9467326421147136,0.703126365522133,0.2315603361470974,0.6663974854061607,0.5817370062311554,0.0012346292173703861,0.1018592243283982,0.5124701138774458
SAMPLE_03712,0.9988289697327457,0.17234563034702238,0.10092627854825309,0.6660068259955507,0.07982435907837866,0.02085039747613837,0.03772686083019537,0.3442106213368252
SAMPLE_03713,0.9995097855413997,0.021799447552473858,0.06087076738056817,0.014181216455283809,0.03918691851510925,0.007870603260780604,0.03570923519763698,0.07013201699895305
SAMPLE_03714,0.9995542560371627,0.10134483207809626,0.4433737012792459,0.1934913032743261,0.08638173824291309,0.06585629645950865,0.13459797029440462,0.26564032800321824
SAMPLE_03715,0.9995040984379014,0.2634121622659835,0.044011612077369554,0.24077204803825392,0.12619944735934824,0.005916574996822754,0.023161875041627665,0.10068662058000659
SAMPLE_03716,0.9010238136332724,0.168894532074358,0.22006973298904076,0.6677981854463906,0.46533472482303084,0.0013436177604895336,0.06850391561030479,0.6768789961022068
SAMPLE_03717,0.9994475210816384,0.012230200616688988,0.012038491264282896,0.007046622154113158,0.017315830356491892,0.004383408090269246,0.016325956891818146,0.02065286955926479
SAMPLE_03718,0.9994277556651049,0.023640604445601187,0.05563204163373342,0.018018035583649773,0.04926695122180216,0.006188795081990764,0.03783500198586509,0.060673164002643026
SAMPLE_03719,0.9991050794479874,0.2058622569637637,0.25673675635655124,0.6703769199751672,0.5368164167435845,0.026840520930109243,0.06038049857098652,0.5829635264581221
SAMPLE_03720,0.9993703208067373,0.16909257664822597,0.11834360639936298,0.025953475383343545,0.16702701536857556,0.01374080063131966,0.14307675911951181,0.20280957201784894
SAMPLE_03721,0.46579208171570413,0.06391517231946024,0.07198017429434699,0.3364891554350684,0.05955224129563337,0.000671449446024474,0.6746494496190715,0.035410803653775295
SAMPLE_03722,1.0,0.8481008826159374,0.8062076887727246,0.9988074757641041,0.642411887050778,1.0,0.9997384414543102,0.7318429769739707
SAMPLE_03723,0.15252707854076386,0.04254673134361642,0.05002194355676,0.3372490335347129,0.05729915602473318,0.0006267260555178468,0.6733375687008383,0.05238546224638004
SAMPLE_03724,0.8936075187020636,0.23399939003614628,0.24284109648740573,0.9985828289465981,0.5517962251356558,0.0008362301024327015,0.7042861260109793,0.7594103361730704
SAMPLE_03725,0.8252690137838855,0.14637595849086543,0.17538618929147853,0.6661755091619402,0.21347114102232817,0.004456190057011256,0.036645418754320674,0.3474865432182617
SAMPLE_03726,0.9977100853910104,0.07455315391686812,0.3668517263729844,0.6738557627271147,0.26221164990440887,0.02292413355562949,0.09267117763750164,0.5992609467201205
SAMPLE_03727,0.9992407090121321,0.39365487353345874,0.16959637867424285,0.25741838351216445,0.282688365746261,0.043718096732039885,0.03741928310896484,0.1945354471919019
SAMPLE_03728,0.9414218764722557,0.12746716283672188,0.14067358326637375,0.6213988003998373,0.21740633441728413,0.0013484711904444017,0.045338716431179725,0.30231363247333704
SAMPLE_03729,0.9507178549676295,0.920617516758762,0.8872719312244428,0.6675265935610634,0.8624156593707888,0.4300183473184056,0.23798653584427767,0.9599721641078534
SAMPLE_03730,0.9981236720470161,0.3945791416128604,0.24216541595830943,0.36508502310309116,0.7162250964615444,0.007491787443520071,0.13348712367545928,0.7567254288882115
SAMPLE_03731,0.9994548670234957,0.061886409081482165,0.10270897305513266,0.04589319850347542,0.07293566684414944,0.014201555159472516,0.029766856184111803,0.11610015030459243
SAMPLE_03732,0.9211034504252923,0.2386550315696585,0.2702868371211258,0.6502956380355321,0.6637816265458776,0.0005268978137883749,0.7125232139300208,0.8026268084099762
SAMPLE_03733,0.4486116038616845,0.22373882602808234,0.20625784587902699,0.33676221580076626,0.29152624060753646,0.0007249242718888897,0.6758595047844987,0.2815748337760196
SAMPLE_03734,0.9993257826345795,0.37912888007317336,0.3489647214624288,0.6715210134611416,0.18434582861529142,0.03539514054689409,0.17304896907645556,0.3476117936088566
SAMPLE_03735,0.9586509960088243,0.4214840169579597,0.3440877765590291,0.6605302099035743,0.8114688728797316,0.005712485289968277,0.055398408951887204,0.4070883130336454
SAMPLE_03736,0.9992957035719467,0.137632233033693,0.08849234930360936,0.664348692194802,0.16665876260865792,0.018102910771776795,0.08612131847163072,0.3825582431731361
SAMPLE_03737,1.0,0.819505517832361,0.8103343070120788,0.9988565787605673,0.595141169283915,1.0,0.999337866263477,0.602300225469358
SAMPLE_03738,0.9994341352435211,0.028586263533293216,0.05867186060356885,0.014533450415379894,0.04359189874062022,0.007842812665811742,0.0275854232929163,0.034797396492948406
SAMPLE_03739,0.999460632494036,0.032417890663505575,0.04038364380419483,0.0190280098049495,0.06519257313022779,0.03088368281830982,0.02516019570024442,0.11704965205843987
SAMPLE_03740,0.9987315981081658,0.12718754866121806,0.03599354603952484,0.12199220808009047,0.14236630098880773,0.0178445226260404,0.014735095070353662,0.1113702003444931
SAMPLE_03741,0.9993085947720359,0.023067991128520343,0.020902482596101637,0.008742997750755158,0.023399363403194255,0.0035083608821440838,0.015403826079096974,0.0276923569740494
SAMPLE_03742,0.9994247483217407,0.07201510628817095,0.07763812486791956,0.025210141311922292,0.07388261336837557,0.01454443963784578,0.02349558171866191,0.08271658261289896
SAMPLE_03743,0.5936085728571167,0.21895936466584084,0.2701181285965621,0.02312008320316007,0.3439324461560931,0.0014467405988192775,0.04595211373311872,0.21891592899499207
SAMPLE_03744,0.6859894675540523,0.26175371094494954,0.316331369366769,0.6654265808340207,0.4206665450365886,0.0020269450767976894,0.11328997768764586,0.5722819720828594
SAMPLE_03745,0.87510641080715,0.12211139912742569,0.131774357901955,0.9854644556449914,0.14623481694906618,0.00042574960187172505,0.6740145697873364,0.3946482332820366
SAMPLE_03746,0.9994988872589468,0.036209254714787725,0.08826652488902063,0.034040667460652346,0.04744188414198251,0.01133722335029965,0.046493610914228135,0.07622897315548759
SAMPLE_03747,0.9991715382395243,0.30381993880446156,0.14766429780445056,0.316788067781175,0.1991521410858974,0.040827734567025056,0.12304290142264827,0.2635386095039032
SAMPLE_03748,0.49781404792891426,0.07578582857351761,0.08103603546801093,0.3408062211928734,0.052406157391230876,0.0012061927444548648,0.6899908746444391,0.09102888544007573
SAMPLE_03749,0.9993955115935509,0.04206601746118508,0.09988373436146587,0.02306473043081577,0.0543519599774805,0.004913374364092439,0.05888175876306135,0.12008503889061689
SAMPLE_03750,0.8177954674559227,0.38878633663073503,0.33409036610625586,0.6682303335339016,0.4297553255431986,0.004903528991145175,0.11598383660733946,0.6238000700292254
SAMPLE_03751,0.782403244251218,0.10036817421669975,0.11662464903041249,0.3362152026305147,0.3238493418185723,0.0005219572630639736,0.6844966496019674,0.3291356249158623
SAMPLE_03752,0.280535561592389,0.06194983843425849,0.06931345570968458,0.3363852331662051,0.036677624065192434,0.000761897030094397,0.6790630087713933,0.049177191831393643
SAMPLE_03753,0.5279940236785418,0.03705902245880137,0.04066734507498128,0.45430053991850317,0.03956479826340076,0.0006445439826615805,0.6870547484157633,0.15210267902147273
SAMPLE_03754,0.04323529553806006,0.05377861071414021,0.0412373512701845,0.9947304852425798,0.03370601722142344,0.0005096606876142799,0.6718060528441148,0.3311114869710399
SAMPLE_03755,0.9989845314058536,0.19404063116056028,0.3450455798480747,0.46238628966612794,0.19506083795220014,0.25758408248231107,0.11622830977580217,0.28314144333386626
SAMPLE_03756,0.8453090063772375,0.18270202236083297,0.10434634751939176,0.6676427698030578,0.07379766453259966,0.001495989459095369,0.025853573666512468,0.3546722276457731
SAMPLE_03757,0.9994950415694628,0.04347003334711538,0.08702663665711417,0.10103941646713972,0.1875684673757591,0.006406151012754909,0.02361993920733313,0.09185897237174208
SAMPLE_03758,0.9991380034988413,0.22915338232386287,0.08592409035902493,0.6687218962714616,0.1599605963565207,0.007752093459855315,0.0689834744557124,0.3463044118807096
SAMPLE_03759,0.9995206568547707,0.28106853359989264,0.024369522633797186,0.29130860085891064,0.13697420567559893,0.00597721509629545,0.020986058869851953,0.20531077949316656
SAMPLE_03760,0.9853831685244119,0.6954252777850135,0.5484571581371256,0.6726151508162451,0.4482913051675762,0.007782565072120972,0.16380828573607004,0.5805616729717216
SAMPLE_03761,0.9993073694595831,0.0998789316358569,0.0652407645072277,0.1756760305087857,0.15314697407389644,0.04028597213271024,0.030000908499358908,0.19883492477825437
SAMPLE_03762,0.8864663444872318,0.12399119323308125,0.09425945838989591,0.49554838967790804,0.11577281568907194,0.0004578576253734936,0.6943257673120251,0.11515798008418744
SAMPLE_03763,0.999377491910509,0.03251761539098315,0.05142238285528961,0.010415429283592615,0.10444588219686463,0.003208738177281719,0.016247933908062683,0.045949555322191915
SAMPLE_03764,0.9993221273743985,0.3218613049438799,0.07049243866638252,0.6729406462631168,0.10583002206072037,0.02034900013692297,0.03722115083445725,0.338523038716986
SAMPLE_03765,0.9994449469364026,0.0346058814902096,0.0476384697369316,0.030503942825898227,0.05915090947220315,0.01230621134828986,0.061037518168115125,0.13291450762448495
SAMPLE_03766,0.9995021954556609,0.33940644776094936,0.09404600917621962,0.09803783510413663,0.21483278779330578,0.01446139729931047,0.03524918323880741,0.09518835375372124
SAMPLE_03767,0.9994933564073838,0.06526041970051605,0.06830169306089313,0.014625901833796737,0.03817817416031367,0.007791942951138576,0.05533861295896571,0.05938332664081964
SAMPLE_03768,0.49072383204623776,0.02952756114004372,0.029923723486297224,0.9968271846033399,0.04151367752758974,0.000656057837602878,0.6743471291850737,0.3340059409594008
SAMPLE_03769,0.9993694781926805,0.027411357587482595,0.040649606721737445,0.00896330359349818,0.029258654843888267,0.009785699071480247,0.03798987951937679,0.0331002460206829
SAMPLE_03770,0.4297688190130916,0.0518679731358431,0.045887820380732136,0.999062734652881,0.06799347097477072,0.00058344230202157,0.6734877053457071,0.3585352081891082
SAMPLE_03771,0.9993901705554626,0.07242654815081555,0.13789922423709344,0.017133824759713666,0.10105536261532266,0.01825761478032574,0.07056949411501158,0.14705506365622248
SAMPLE_03772,0.999464558158814,0.07647323156458892,0.17558900464435312,0.23588910686721457,0.060753648057069426,0.021150196540457265,0.08874003794244595,0.17744056531796612
SAMPLE_03773,0.8648747872352902,0.18942902604395717,0.19686130044758984,0.6673624032199311,0.18362288456926396,0.00318007751301632,0.06563061417277605,0.36466010326429626
SAMPLE_03774,0.9068287168601765,0.4841677435416992,0.9055177473460274,0.6691516396154035,0.7430134537993806,0.007565516980284872,0.18706248858396407,0.9248759789738114
SAMPLE_03775,0.9993767453709017,0.09003673805767012,0.09068960998305406,0.10283638982449049,0.1007619022251188,0.03462379088793437,0.05437871944195197,0.24327741390727337
SAMPLE_03776,0.9992095873214932,0.05243778287627684,0.06328358982428056,0.015274779109134825,0.08114300694376822,0.005549152971270025,0.024905105478487326,0.06595240009895516
SAMPLE_03777,0.8836571583986934,0.05631106265783525,0.04004651633693325,0.7586588478791494,0.05121338139255757,0.0004602342650768106,0.6719487898417065,0.19763761853735426
SAMPLE_03778,0.9990983278713965,0.021017655629812667,0.029059942651188816,0.020701968038495517,0.031411318456304696,0.006045028892950491,0.024564441104190544,0.050219995260057645
SAMPLE_03779,0.9994847088681852,0.05217236452473017,0.07304633895766091,0.020816735635295663,0.14065245234382728,0.008037247618902406,0.024401742439699413,0.07343837553034095
SAMPLE_03780,0.9979732671576873,0.10849804484502432,0.14996548097140183,0.6750046140998822,0.1877532296350074,0.14501858120755562,0.08218325489766612,0.3450380215397066
SAMPLE_03781,0.8448170451386867,0.18388460945380367,0.1903133173102286,0.9953410681109864,0.5885592754717709,0.00054760228327096,0.7008611913077167,0.8530105993411579
SAMPLE_03782,0.9690040920182723,0.41204438088755957,0.22414209727825968,0.6670063118843848,0.6781146249476591,0.003259412706317132,0.05355311329041584,0.6214512602113264
SAMPLE_03783,0.9994640575473702,0.04318306134787914,0.05029270743838265,0.01515216966415409,0.06135515846306773,0.028811394197455282,0.023074333958699678,0.05289475753853101
SAMPLE_03784,0.9994496548900644,0.06838200615698582,0.17119910937027988,0.08827043273875843,0.14168210407849857,0.016488018417657336,0.09158332263156695,0.1332864891561042
SAMPLE_03785,0.9994544205128653,0.2377741021524305,0.3503525955839684,0.6426259654020796,0.4361030811499471,0.008814882828702433,0.17323454126767485,0.46854567837701505
SAMPLE_03786,0.9668969901991941,0.3794428482301528,0.19989931530047567,0.6672166917329049,0.2484470719982272,0.0016607914652960968,0.10379473387332176,0.4958820234374113
SAMPLE_03787,0.9721073049724006,0.48383571325785596,0.19287829068459805,0.667281771249243,0.3530084882859337,0.0014412268235543904,0.08000849467524966,0.3530462221554492
SAMPLE_03788,0.999454555312738,0.08288341082109807,0.04473033893021433,0.04069895663838871,0.14280411562316453,0.011911276132840529,0.018646963130706844,0.10756650245634347
SAMPLE_03789,0.9446491704031961,0.22673969025844753,0.25701634655581884,0.9904811042006402,0.49587506938411724,0.018104672665622275,0.7648066457431455,0.5200678122764826
SAMPLE_03790,0.8251221479462116,0.30796058492167444,0.16801242853800996,0.6676638876257475,0.19542016824018188,0.0018155058782255548,0.0906663158753343,0.41490960500768465
SAMPLE_03791,0.999418632636711,0.0692969513154913,0.06974009568328535,0.010167943799992474,0.05489352917461234,0.05414997836427035,0.036866589171391066,0.057922086982380785
SAMPLE_03792,0.9991974294396756,0.11504138801532399,0.09240651159233323,0.42446602854806875,0.13483719095501645,0.025508323040195156,0.018068137016380378,0.16092956995948704
SAMPLE_03793,0.9635930063374902,0.2649359866199343,0.31983568547457997,0.6705086234084408,0.42640164839443917,0.003993783925784905,0.12546457479944959,0.6976656784126867
SAMPLE_03794,0.9449367033794829,0.2994214823699518,0.592934236789673,0.6710734335335788,0.6291762204117143,0.002498882244347224,0.858145491990978,0.74066368698179
SAMPLE_03795,0.9632143483101288,0.5345461495901627,0.8451483999776779,0.9633933289696358,0.7406326653585102,0.18683816533546835,0.9054030434549649,0.9630988268522782
SAMPLE_03796,0.9994135078753162,0.747908707270625,0.8618675470407899,0.6694548226144059,0.7601313916552517,0.18820329989787593,0.24242193886696475,0.6233352470650468
SAMPLE_03797,0.7742385597865284,0.08024172320477899,0.08884914738806664,0.6710896304008211,0.34523956767663677,0.001985530911150076,0.02020274259361181,0.5391156227805156
SAMPLE_03798,0.9988111842778793,0.04919557697825299,0.044835424776146965,0.00941189106651364,0.13333795849360633,0.004987825117541452,0.020663127181755215,0.06378850881834999
SAMPLE_03799,0.9993625505498849,0.06859614218027012,0.02106013991992141,0.17420339728129725,0.08382684530470336,0.00918796568367946,0.018065460644350027,0.17518514312326858
SAMPLE_03800,0.8352658156405663,0.38591597176802045,0.18284099246082897,0.5500444956172216,0.5441677234261363,0.0020740900160642096,0.025295929384675647,0.44851206975192603
SAMPLE_03801,0.08524522368382988,0.09813105068574798,0.11221590413624428,0.3376338360570828,0.12157161605674002,0.0006495167310612145,0.6744209437230558,0.1056455514600548
SAMPLE_03802,0.30124827958418654,0.18433782950252275,0.23190709048588476,0.3428445398389957,0.49565518134151904,0.0005320186843730173,0.6924068200641775,0.5107967849384122
SAMPLE_03803,0.9990630829530672,0.10955280993390322,0.07037357144158538,0.17910079738190962,0.3048385076292045,0.024133309094751296,0.02645421710011204,0.2905894815216166
SAMPLE_03804,0.9349451670801534,0.06095302292802032,0.07536972167332365,0.6679907882672901,0.17576260362185037,0.005112222165299592,0.03264432874708872,0.33925994422833405
SAMPLE_03805,0.7071118610325271,0.21425353360974592,0.21115649898635416,0.012411318960395677,0.46940291154368163,0.002230958922042411,0.03762754402544156,0.4206564881756448
SAMPLE_03806,0.9802914550405746,0.19568907498373803,0.19173161045363735,0.6691636180500813,0.44264766077000983,0.002902263381985858,0.1120907802027126,0.6043118205382145
SAMPLE_03807,0.9995068381238748,0.06188926760549388,0.1055562031194639,0.019783134719492446,0.05921324322745353,0.020188148862953014,0.050543655678249734,0.048450448939590704
SAMPLE_03808,0.9558991715213542,0.4054211324757031,0.44132723831103754,0.636380516886967,0.30293328087754356,0.0014322782674514418,0.09948753105443436,0.4422091928618193
SAMPLE_03809,0.9542001230006969,0.1636005919689688,0.1286045701189399,0.667849568533135,0.18095165408432212,0.003590519892928145,0.05166090884958313,0.34383017012625233
SAMPLE_03810,0.9989125266625691,0.016753064226122202,0.023729829431482323,0.010792412355421263,0.05891736104767269,0.002545646000752878,0.01875114870598386,0.04548652063040634
SAMPLE_03811,0.8335183726494433,0.06907665124972404,0.10698698595731175,0.6213793538787044,0.07619244032596825,0.00047232313762292735,0.6733899748595908,0.1689342834956347
SAMPLE_03812,0.9960833973593712,0.08176340548915045,0.12726488642966577,0.6831937351841663,0.15893866519929226,0.028296058482385075,0.049249318552403845,0.34002748099681585
SAMPLE_03813,0.3495788575749169,0.11737468048593155,0.14053104839114797,0.3400150660408348,0.1366762917738561,0.0007314130512305955,0.6977090962332855,0.1708543366371687
SAMPLE_03814,0.999379342586597,0.08823543636189742,0.07222500604742997,0.09575447862150123,0.08961781112464536,0.011177410093505931,0.054147759369320286,0.1416650529453003
SAMPLE_03815,0.506871497407081,0.06804152884229023,0.07599835429402638,0.3431285758126463,0.1200421801321904,0.000538156831228744,0.6780092889739513,0.042178178977448445
SAMPLE_03816,0.9991592319627789,0.36353984796869077,0.38222704251457473,0.6736867544352746,0.42047051002984276,0.026296805011484133,0.06820825605999341,0.4961078017293364
SAMPLE_03817,0.9995023308902673,0.7676746129432572,0.7031775532724209,0.6510506643492615,0.513321725009177,0.07123581894712505,0.1980409635737751,0.6112420488529364
SAMPLE_03818,0.999280303431594,0.045450415250910634,0.13302017196300475,0.1390565011024777,0.061759159877808056,0.007191238093275338,0.05104483671568579,0.10805528672366906
SAMPLE_03819,0.9993511420093709,0.0899605909171545,0.09349650980946568,0.6520281379894672,0.15739496008741252,0.010071809356866177,0.07895080656096354,0.27866138625274195
SAMPLE_03820,0.9994310202858769,0.07788120932163509,0.07119399742633814,0.13536594982831596,0.11097066633263328,0.029852760424193665,0.08525714604332213,0.15534538643498455
SAMPLE_03821,0.44789608226274324,0.1485166029957584,0.1041568079447673,0.35887001702696714,0.17037719473769483,0.0005941017128183823,0.7008681308731689,0.2810306724168942
SAMPLE_03822,0.9994372508363337,0.01537033545959712,0.017480715545971887,0.017384791532557686,0.040095874022323896,0.0026392006347372627,0.026950936669642947,0.058985541976366046
SAMPLE_03823,0.9995191318591525,0.48318903607352454,0.03899236811607154,0.19915014360668545,0.17242204445122608,0.007185975241903736,0.015309414362997875,0.09777835362899272
SAMPLE_03824,0.9994428896892129,0.4879177545187134,0.6401292928193244,0.5478891621893063,0.5416760947430401,0.12157706818131137,0.20545133756235007,0.593777637274856
SAMPLE_03825,0.9994433564442998,0.0546126219099255,0.04188377969020437,0.008933867224387713,0.038233260451664544,0.00853485703950318,0.02803787654550791,0.034281934296382724
SAMPLE_03826,0.8996236924823411,0.10065455633938572,0.09611965459258466,0.6780334325121067,0.22895228804752984,0.0061314752786696645,0.05696304307060435,0.49262336712470384
SAMPLE_03827,0.336220778111585,0.0601810593169063,0.07648472038970529,0.6618175050130353,0.09475756877418803,0.0023340479685044426,0.044164398958916926,0.3184345585512438
SAMPLE_03828,0.9995018441429097,0.06394007940660724,0.16924432889883925,0.09385654016238376,0.15017937848359936,0.017326844359200524,0.06522060869852057,0.11572366605626383
SAMPLE_03829,0.9995062791934637,0.07210434016515649,0.10166000037255603,0.01287532549847344,0.13927322921295093,0.011977710577335803,0.05900498282942935,0.07740556413244762
SAMPLE_03830,0.9106086202962467,0.1215395512975471,0.06657973122794446,0.08554044932111379,0.1256636527924857,0.0014933022728328478,0.028872664882920035,0.13128339386989707
SAMPLE_03831,0.9994691335618895,0.05096720203696819,0.0774510890414176,0.010064993338338489,0.05730666118605101,0.018940969899416592,0.040326496131547214,0.06902309049126854
SAMPLE_03832,0.9987324552371742,0.017369631850328863,0.020895259067368388,0.016462286023435427,0.029817972198813745,0.0037404471491747776,0.014181197565526483,0.022247117398751
SAMPLE_03833,0.13232432051072812,0.10333778629519763,0.10197953605731137,0.8908017717975251,0.06320603721890786,0.0006454839919257339,0.6751194124524993,0.29369193208102207
SAMPLE_03834,0.9990858065899788,0.14625093107961767,0.1767605634030524,0.3275907013283623,0.15966658572612435,0.08397979593440107,0.06023123564035133,0.28647936540421715
SAMPLE_03835,0.39191289086269854,0.05999603776141449,0.05291263826615365,0.9909995953039212,0.04569095297431554,0.0004753184387521087,0.673192442339618,0.32804758111374477
SAMPLE_03836,0.9321450702328116,0.1342558404007863,0.07723681968515522,0.6671608910963177,0.1440878021462384,0.0013928713143710617,0.03890727932172604,0.4059060867093013
SAMPLE_03837,0.9994498585514071,0.023287376056213834,0.03287538491161169,0.00821675278414802,0.03994216182634568,0.006029090622923179,0.02512917645391678,0.03807390968669842
SAMPLE_03838,0.9993952443889396,0.13318192195401302,0.07627645999223803,0.6646407864200617,0.11354259160381583,0.01986204481453227,0.03242243937849947,0.34315003711139314
SAMPLE_03839,0.9297498113447332,0.6219566768259728,0.7053596846040524,0.6673545291628911,0.6532350566741016,0.0036700829694020875,0.17415210238743697,0.87884521619589
SAMPLE_03840,0.33907312943549905,0.07566147986035057,0.06608168269522968,0.3355721873930067,0.16523448037894703,0.0005509259129805807,0.6804273517734668,0.17181104293442911
SAMPLE_03841,0.9995116990637195,0.10834922657631182,0.1309552578791503,0.15656835055780285,0.08900164495400431,0.024372730374751732,0.1119472394546812,0.13879228278506697
SAMPLE_03842,0.10934465700687898,0.06091541722245249,0.06788437597420051,0.3367384266155614,0.0534806944848199,0.000681049347035188,0.6758842600920361,0.059066922209450534
SAMPLE_03843,0.9573973175629988,0.4055903221162863,0.17524057548887734,0.6664939671914679,0.3009553116117909,0.001913759653240236,0.08604964534392892,0.36223280380831063
SAMPLE_03844,0.9993965537779029,0.10555539084279586,0.042947984770524764,0.48964038365253043,0.09361015802896461,0.004287431364448132,0.02768368917527165,0.18046258742768334
SAMPLE_03845,0.9565010541199982,0.5440103279859735,0.2531524987798152,0.6677701918724107,0.7297098701726586,0.0015516734724676795,0.06176097391094142,0.6837838448551441
SAMPLE_03846,0.9994751927917402,0.03141550452667462,0.05506323012940192,0.01571945788546378,0.08316594047063028,0.006978301403727422,0.051666488856327915,0.055340951331336
SAMPLE_03847,0.683870562939982,0.4076201464411233,0.21966215018528776,0.9988177045868534,0.3971211205344207,0.000556134488892247,0.6878450639527903,0.6611506631503519
SAMPLE_03848,0.9994937180276933,0.05655531356478558,0.10416146846920366,0.057109762913012015,0.047273002368664434,0.008385074223706754,0.02679215943108858,0.06891118065345768
SAMPLE_03849,0.3097420398213056,0.22261967334917857,0.22931225406505415,0.5369979916038422,0.5100340900019001,0.0012513983007271367,0.027416904807573993,0.672189457822818
SAMPLE_03850,0.8892091591371936,0.16358606968940678,0.17469561077435392,0.3721897662796202,0.4128072526125804,0.000786263590459976,0.722599049213534,0.47547710939679705
SAMPLE_03851,0.9992912281311723,0.04449712924115137,0.09277261633477711,0.14014119121695529,0.1485382465467482,0.007178380362727944,0.05114579551532874,0.12782096915559873
SAMPLE_03852,0.9993985778885695,0.0979156168356246,0.09600798664183317,0.02664968670759065,0.10104211266977228,0.011696724617083562,0.03792421923128673,0.09679961188223707
SAMPLE_03853,0.9444180033479641,0.44845825602052236,0.5934001001906549,0.025227284105349884,0.7271132634446635,0.005428337256449232,0.1505453401532689,0.5926959069212526
SAMPLE_03854,0.9507649105727268,0.2906011347888631,0.17567078058436628,0.6658912251885393,0.7376987846837779,0.006242324458989226,0.031342603414318465,0.601070193692405
SAMPLE_03855,0.12058670301814735,0.03522552153070541,0.04037677992385903,0.3388369047912345,0.03607860618256063,0.0005941072525699797,0.6885246221520759,0.05930816755066208
SAMPLE_03856,0.9994620406617383,0.03685161298189811,0.04885430421615845,0.008712651704616658,0.05142667031406521,0.010644967670658975,0.033169847622876385,0.06541100219837791
SAMPLE_03857,0.9994127310362015,0.06194915518420909,0.1247390200649932,0.32641337361171735,0.07889130612644582,0.00440454096990369,0.05942201134959086,0.12555954151410104
SAMPLE_03858,0.882455546310134,0.08543179029658989,0.09877670466063446,0.6667947094355052,0.14615858522763508,0.0027236339338138184,0.040508456038542515,0.5023728096108904
SAMPLE_03859,0.09463750553360122,0.0776384978066597,0.10770498456546555,0.4759018188474958,0.05968046587303828,0.0008604927777881148,0.6780448285111607,0.14985998892312904
SAMPLE_03860,0.16941262150956324,0.13370350935357478,0.10705517713297463,0.3417841180865055,0.06471339733918136,0.0006812320816371659,0.6766766777102315,0.11661030009411799
SAMPLE_03861,0.9994536761574833,0.027417270424311514,0.0747951315783326,0.01857375930735318,0.04722307154707732,0.0043867007794062335,0.056439083144301114,0.10297968212882133
SAMPLE_03862,0.9995295022073226,0.2502042248497361,0.5878342005686505,0.07930169145934476,0.655897233729766,0.005821522193642844,0.13203117658646624,0.5152240726924073
SAMPLE_03863,0.9994828003913641,0.03842106044530019,0.07853447580491943,0.016661537054486607,0.0497856673241125,0.009206054611191897,0.02408515348482856,0.12312884821802975
SAMPLE_03864,0.8827693577110189,0.19197638132935882,0.22695789660720875,0.5506111889918295,0.6085771708229127,0.0005907296105003395,0.688402058742532,0.6525015918696336
SAMPLE_03865,0.9970606619829776,0.03396305371893738,0.031075315865555533,0.023021320607939127,0.05236306870229526,0.005559398021434214,0.022118711163584253,0.13156998188225463
SAMPLE_03866,0.23063303942299745,0.13543271822639616,0.13909881161560433,0.9930835669690417,0.08639563271664807,0.000581927459426044,0.6795504625167241,0.3976105768778176
SAMPLE_03867,0.9536647209316405,0.39139225443796144,0.13353563040632468,0.6672151848958163,0.1788863333306131,0.001728337446289384,0.13831457976593614,0.35769217627250827
SAMPLE_03868,0.4420245065134183,0.12343871586431554,0.12921545217905953,0.36037232457657,0.3898658965323743,0.000599200769500594,0.6913168936587843,0.394996944727462
SAMPLE_03869,0.9992642465805017,0.10167312401659309,0.1300820833402641,0.029568897272045626,0.11962232053875309,0.019042633244643267,0.11877070737718629,0.12667852977789829
SAMPLE_03870,0.5695302799930553,0.24045590226848298,0.2279296180700897,0.7135325636038773,0.5525485379243448,0.0006781400586634295,0.6959103103090578,0.6874770995922558
SAMPLE_03871,0.9992755015800666,0.01861505017801955,0.026686767855802943,0.015988865827440826,0.046468784886907505,0.0042802759702846105,0.018194873797447202,0.05286907159249744
SAMPLE_03872,0.9994033426301139,0.3432990503067196,0.270158565980585,0.663009158148833,0.30854498615820003,0.096027417242762,0.08403214649309687,0.48554093532274495
SAMPLE_03873,0.5972707674879432,0.3129246536593984,0.1425409668899315,0.6451760732355427,0.4168527350306921,0.0019562024280136174,0.07332686712600094,0.5389331194785283
SAMPLE_03874,0.9995101527354007,0.03661199088227782,0.08827268650051266,0.019632436441578978,0.07329074413631195,0.0067491422679935645,0.08878272816258732,0.14187848852419466
SAMPLE_03875,0.9990480289986077,0.616931232730974,0.8496434519443511,0.673982388268295,0.7198341405616102,0.04934584805654329,0.2770259357768448,0.7454462247124238
SAMPLE_03876,0.9994555673138741,0.034875024259029525,0.030280479850103646,0.1422896830792595,0.049591581180841116,0.01519232290195497,0.017778898254593757,0.09935941955594517
SAMPLE_03877,0.9994158745077051,0.029639203359951332,0.049469067642914394,0.016910211956522366,0.04462383119698042,0.009232172225873853,0.022430888908807796,0.06981865501134221
SAMPLE_03878,0.7773907785045878,0.09003934760062594,0.18673125571495394,0.6680573353646233,0.6412999181097643,0.0033325496577400943,0.026204346222671624,0.41862925888407426
SAMPLE_03879,0.4231905108581541,0.049054135354876204,0.05600096335436098,0.9959943588256301,0.03940301793009643,0.0007529791429810695,0.6755879837737876,0.3315669350521092
SAMPLE_03880,0.9203857954176533,0.7134064239447545,0.30374830900731065,0.6516434832411732,0.7978471044485962,0.010210448817401139,0.09233974301298868,0.9205943282203379
SAMPLE_03881,0.9273521563152561,0.2011481147108706,0.2065663610016601,0.6622997027213015,0.218085687526958,0.005973186479600958,0.10400301671880906,0.44683553169974904
SAMPLE_03882,0.96361906807652,0.4072715215669249,0.5684414478092144,0.6637644823034168,0.6441432086056023,0.0016690947027644442,0.20220299462751024,0.8440200209643665
SAMPLE_03883,0.9995287978130304,0.05333471864102173,0.05227731355632673,0.16141876468818722,0.15522013239520233,0.007262631161915751,0.03195097639577638,0.1465189812750343
SAMPLE_03884,1.0,0.8195737694774052,0.8159710835997392,0.998769742079552,0.7123678112242157,1.0,0.9997809151384995,0.7123072979266674
SAMPLE_03885,0.8446680682336807,0.07533217416781468,0.07408793745702898,0.6674086401346799,0.12844695645912518,0.003742735699465492,0.020373925040445832,0.3505799731686322
SAMPLE_03886,0.997887723682755,0.06102995633783568,0.07702024448887689,0.04020238875283115,0.06304959930206162,0.017273451319987018,0.03491417434126669,0.10293865636443957
SAMPLE_03887,0.7670500886128753,0.2489915523917877,0.055188783659057356,0.6642737970523827,0.12391509318917633,0.0014121646464208084,0.02396325718739836,0.33727341956462326
SAMPLE_03888,0.9993497224112737,0.06261992412419154,0.045664640634547414,0.40941703699690596,0.08354891297348194,0.014846069698129379,0.02399786611684774,0.2089705101097908
SAMPLE_03889,1.0,0.8883370912231616,0.8599842330945644,0.9988976788246606,0.8135271670826902,1.0,0.999776033752529,0.8755324021015805
SAMPLE_03890,0.9993368496928785,0.2588503769752507,0.21555759608041322,0.027102259897150604,0.5132486677793466,0.029642685896610524,0.19467506067282692,0.40753104367946924
SAMPLE_03891,0.8773155837970334,0.2535846276788715,0.18384436572801144,0.664246726553513,0.22281445712804182,0.0018691748113281049,0.1166258364461227,0.43981207511158943
SAMPLE_03892,0.9993255350074162,0.07897544466830275,0.11475052826814425,0.06197052765743065,0.13380655828320084,0.016951200432352362,0.04094612754401965,0.1333498537127204
SAMPLE_03893,0.18628127557520066,0.1393875981434943,0.16135367427892067,0.7263747300766563,0.12929635679159998,0.0008435450515948307,0.7744330658812034,0.3168999331678828
SAMPLE_03894,0.07909296577608485,0.04903023621514773,0.061445425934885375,0.33736128791884995,0.057402216071656874,0.0012243278690232979,0.6863477683216324,0.058908611502944866
SAMPLE_03895,0.67497390179565,0.079852801235587,0.09974282584894845,0.6658716688117406,0.24618768751424955,0.001845720840619397,0.03375365224652493,0.41900896822057954
SAMPLE_03896,0.8807782597675351,0.09297846646637029,0.08517078534308913,0.644475942114733,0.13576223106004273,0.009444882036679234,0.03626654389832412,0.5351704196002562
SAMPLE_03897,0.9992075358169067,0.1153917405100188,0.1318173091109236,0.6536025122674963,0.18842364566904432,0.04360451782865526,0.07754352677187419,0.29331317266893947
SAMPLE_03898,0.9218487425273927,0.8202700408693455,0.8239076328097833,0.6685180687090758,0.9278860528576964,0.051860601870913,0.1625621400732417,0.7962404776888852
SAMPLE_03899,0.9994629395141599,0.051941720667800804,0.043865754952194705,0.015939241417420247,0.06032069189124033,0.037404406914254,0.02643266363364417,0.04724900557871823
SAMPLE_03900,0.6113153132178326,0.3791802995569681,0.2822956105723241,0.998619897833434,0.6338954824580761,0.00048430657127257443,0.7466102428530106,0.876533919375794
SAMPLE_03901,0.999426604754908,0.040395739490140956,0.03665543941900639,0.016518563327006158,0.0577462937586644,0.006843846956218138,0.04469105460349294,0.08175706366729975
SAMPLE_03902,0.8884761869341488,0.7590516123010681,0.43560102801078676,0.6674451278943092,0.762513056907284,0.02021030041240667,0.1656299345936602,0.959316830993689
SAMPLE_03903,0.14092337919809234,0.17413663900689663,0.42151087314263747,0.5240575167307435,0.563573159484239,0.0008893929276571831,0.7453700158345423,0.6638933767201044
SAMPLE_03904,0.8773302004987755,0.5508255154599984,0.10290965871289305,0.6587102154146431,0.14102378643893346,0.001294325997975025,0.032010313512545734,0.31535722395308136
SAMPLE_03905,0.9992797723373413,0.08767543891391888,0.09154248686609803,0.03535587809547637,0.16482385380675474,0.04649528613955097,0.02817887364963338,0.33800405635136943
SAMPLE_03906,0.9991839791490869,0.15023949717897267,0.13681339724219063,0.9870291345424674,0.11762979655990513,0.04644191378533859,0.7257648442325616,0.2962148882642442
SAMPLE_03907,0.9993657681978458,0.11545872838771198,0.1802588160639374,0.01916257667408751,0.140090282553683,0.017401944448841255,0.05759609428717562,0.08446885561429986
SAMPLE_03908,0.5092091419686935,0.08865422336146984,0.06995579555480265,0.3531183690906831,0.03563240639913889,0.0007422996286053731,0.6889446141596913,0.05030645437246058
SAMPLE_03909,0.8699334836440787,0.07861693230305053,0.05319122156474532,0.6667848397915863,0.09431336806590074,0.0013244123922466807,0.026358599722896184,0.3392271365209597
SAMPLE_03910,0.9991054682277876,0.04863315912465536,0.06061051903190281,0.01218737234815115,0.10044998179991617,0.0029196952621776385,0.02179239775852626,0.08493627870437849
SAMPLE_03911,0.9993594913484142,0.516688311514149,0.15010038421955343,0.6683170353192797,0.4101749673587982,0.16903502743830479,0.05053959898043533,0.5654474039299433
SAMPLE_03912,0.9979755879666303,0.2136823838645544,0.4973063699290978,0.6864198637335586,0.32950121068649096,0.01741200497903287,0.1679132811870535,0.6391879653675848
SAMPLE_03913,0.999458498592865,0.027916221782207713,0.03277013185138654,0.09335439052294778,0.1422261205304426,0.005397150261459337,0.017747330118531426,0.08510471520794965
SAMPLE_03914,0.8430433547679235,0.14059280611083372,0.16469361140970892,0.5794344319116314,0.33561690513066567,0.0026401748987527622,0.7200731435453948,0.42964822131040403
SAMPLE_03915,1.0,0.9170177165409162,0.9347665210696778,0.9974314970442185,0.8194561990610737,1.0,0.9994169899766909,0.7702744538695658
SAMPLE_03916,1.0,0.8178963886142203,0.823192875112292,0.9927576139432661,0.7084019360551599,1.0,0.9961201140651611,0.6944035259578881
SAMPLE_03917,0.9992313837014428,0.21590052408198218,0.14569583191923602,0.6752339466666075,0.21567099475327872,0.0351304324899407,0.10998783721063407,0.39386973341619885
SAMPLE_03918,0.9062000982972085,0.061063928493451616,0.059585957958394234,0.6649914196739523,0.052025745459241074,0.0016732765071241188,0.036306156180896616,0.3467648067725504
SAMPLE_03919,0.9992426651030113,0.4215247395011546,0.4126429652473276,0.6741943080415619,0.3864830006318225,0.019668075415720784,0.14121401283659868,0.5079350752759444
SAMPLE_03920,0.8047631096983835,0.3095248144397649,0.1551393785017937,0.6600609700744958,0.14775697256403236,0.005262996206332348,0.058323142694518396,0.38925217327441114
SAMPLE_03921,0.6927695386632414,0.2917502224278375,0.09109224072493897,0.9983985490951739,0.11727793931155324,0.00044866433366114926,0.67218283661633,0.35979022505376035
SAMPLE_03922,0.9994335211544976,0.05508756077052783,0.09679675279159962,0.2080005054262675,0.1771151334358998,0.0072517884158395775,0.042314011674994406,0.16616594371721116
SAMPLE_03923,0.9994705342752945,0.3878784091568299,0.3738874753693583,0.28472750397878166,0.4997499798575808,0.14824758958833248,0.21820066907586028,0.4539131340899767
SAMPLE_03924,0.6710931581789878,0.16117791429087935,0.1871293524762686,0.48569213285288454,0.20319178950427738,0.0005963807425536352,0.7773614930839877,0.2538993482130568
SAMPLE_03925,0.9982195348486237,0.08828818576007885,0.11866593320311217,0.6891248975463826,0.09910850371715117,0.035860042780572865,0.07438102788499372,0.35281803249522836
SAMPLE_03926,0.9399481473259079,0.2033001192184607,0.27955399360066246,0.8577144945361577,0.4943220340381588,0.0004751907480301407,0.762031001115172,0.631342479839564
SAMPLE_03927,0.9995278631164007,0.09253747858930093,0.12085129821795669,0.010989757969026823,0.0642680124157052,0.010650486865267544,0.06845205594894553,0.05544729944382064
SAMPLE_03928,0.9993728142810181,0.04640057685050282,0.022031477602843432,0.028753244089259333,0.06952669644705103,0.007904544825665216,0.016913789282150204,0.09979611973384728
SAMPLE_03929,0.9994563347699578,0.04045368727334905,0.07915839978233417,0.21616918738613006,0.07479431473043541,0.012185908526453683,0.03614634216747932,0.16382701761532528
SAMPLE_03930,0.9994124279854881,0.015453650698553234,0.029436269251828327,0.009343157856727968,0.03477153113139622,0.004769812697268681,0.018483240883488617,0.035643465945311134
SAMPLE_03931,0.9296122649797054,0.09088764327638628,0.06877511892378171,0.6686090326721449,0.12953566769653982,0.0027314804509907817,0.027394688911321182,0.3398824583839354
SAMPLE_03932,0.06790511568164627,0.041327920202455716,0.04894969337084411,0.33726601834539616,0.035391755025876784,0.0006421752425703823,0.6743373521956542,0.04111033248234538
SAMPLE_03933,0.9236049066775776,0.27169679543487796,0.264593212322866,0.6670661876686341,0.7256738822708366,0.004379377649231916,0.06561962603251852,0.7367218482873756
SAMPLE_03934,0.8687603342603512,0.17324585972641593,0.11668821318781339,0.6639791871164484,0.19574093296387446,0.0014591618912654408,0.02913836072073372,0.38276092082659385
SAMPLE_03935,0.9989726460547332,0.36509156912087565,0.17093665755098048,0.6786176177917672,0.10739346915807066,0.04781771293498835,0.07721734514701703,0.40459326972031834
SAMPLE_03936,0.8531712879488734,0.30226808710228803,0.22721222863025825,0.6665204347779399,0.2083871792137296,0.002155837778089314,0.15239584369625633,0.4580369345737204
SAMPLE_03937,0.9994710882779572,0.06736073376887347,0.08250160565504203,0.03708462683358442,0.09270009694556522,0.01143270147307332,0.07867896590240549,0.09430934485038944
SAMPLE_03938,0.999063987355123,0.4784157346756452,0.22962455708406646,0.6691897771732425,0.39030628534938755,0.037372053889296465,0.10440285860165016,0.41428573637467747
SAMPLE_03939,0.9609096667490942,0.4293924841445463,0.8575989915754108,0.6679690277151185,0.7776557033047597,0.0027479727939782274,0.2711799789611854,0.8897836879951988
SAMPLE_03940,0.9406567657512039,0.2221475333512286,0.19391686833625907,0.6663577297928148,0.4567147998475396,0.002201233991262072,0.04424925380941186,0.5522679052194058
SAMPLE_03941,0.9994822137178192,0.18771477716565332,0.05555823842304656,0.07553349180539654,0.18616239200056445,0.013303872747989533,0.02591665034933863,0.11201478027627025
SAMPLE_03942,0.9995093066776309,0.045390308178854546,0.06880898740921414,0.019358331229696407,0.07416030199393563,0.009819627770109888,0.040456115743560124,0.06389196066105036
SAMPLE_03943,0.9993712112271034,0.024841180932462084,0.038100938363547936,0.0058230994567147944,0.056195399537407015,0.004264262473821182,0.040272889052521334,0.05406444607800235
SAMPLE_03944,0.9987117026105367,0.034775034258595905,0.023702412557677174,0.00943155995854563,0.05637955642992859,0.0039403325241690185,0.014147581236015054,0.02928662781985923
SAMPLE_03945,0.9992847164472385,0.16350319774805983,0.08354041005894618,0.6734184922325825,0.1226251868351813,0.033784601134650614,0.05738304015515392,0.35422311854897615
SAMPLE_03946,0.8920596991555028,0.5128124070012118,0.19021061210435555,0.6671866013579573,0.44907448794279514,0.0017507884294361438,0.03791290166227263,0.5520466945449714
SAMPLE_03947,0.9990317612081423,0.08021010016739306,0.08472713803080895,0.04045539571136212,0.10392188211956031,0.07796139124687176,0.04976605100443994,0.16333810262307608
SAMPLE_03948,0.39635722274376145,0.055262577972643584,0.06058363762631806,0.5771963197170709,0.03439942114119961,0.0006197296465349487,0.680687661291103,0.10878570670167989
SAMPLE_03949,0.9419504433755246,0.5479976823411272,0.2107479588520166,0.6672230964637216,0.6936874598110176,0.0020405275282838597,0.062126754008715535,0.7304996595618676
SAMPLE_03950,0.9993716282781313,0.08314397006294799,0.09403468805973463,0.6677421469175874,0.22380853211829238,0.012378509529903981,0.024170659559138396,0.3435922563815631
SAMPLE_03951,0.6572730275480687,0.12251797085164759,0.11991632143621991,0.3055615501518414,0.3267154303858464,0.0019646017456366833,0.035461210823232406,0.4471920503349185
SAMPLE_03952,1.0,0.8070321936722691,0.8078714939110974,0.9987723648213116,0.741384322039178,1.0,0.9995241665955994,0.7339680352583313
SAMPLE_03953,0.9817142633134586,0.4649453460426999,0.10322720155693821,0.6681719838007164,0.2944023911310315,0.00383700042842983,0.0356924284231631,0.342855625067924
SAMPLE_03954,0.9994098031853077,0.17989779511878662,0.1921022723474875,0.6692269601997384,0.35444425487301745,0.0147914048590085,0.07400302865704225,0.5756946578992492
SAMPLE_03955,0.8651253956815266,0.24293086834821667,0.1944773455778136,0.5374223683516984,0.21417124496628975,0.0017538942227551487,0.038670677375557405,0.49827927530071137
SAMPLE_03956,0.5105937850031896,0.20069292029480995,0.1994075592994661,0.350887358096449,0.41800618968999564,0.0005330057612521575,0.6859996551113244,0.41649498693511455
SAMPLE_03957,0.9993702478739319,0.029008362670909203,0.051049974662229505,0.008071633161238123,0.03151743229171671,0.008736395050430827,0.033317097798603756,0.057062810551134525
SAMPLE_03958,0.08367905887150845,0.16379176304000254,0.17550526297440008,0.33599952733177046,0.31602696977557637,0.0006692416554607455,0.6840217190879246,0.3113960987336198
SAMPLE_03959,0.4575664039469077,0.06759581237835163,0.12532905160125493,0.6688465851365291,0.11180514061840148,0.013048716514250231,0.02943690025948922,0.3472007156321681
SAMPLE_03960,0.9994358010401185,0.1203307724659164,0.04479557584275134,0.01658409252590356,0.11182182751149185,0.00701475839873852,0.01534611062111409,0.07318965814393015
SAMPLE_03961,0.9992468225278572,0.10182755789690649,0.1081856642139335,0.014466166437585528,0.1385841351219101,0.03886873892612227,0.04978217193593285,0.12806320064407256
SAMPLE_03962,0.8158623841621124,0.24636066771418072,0.17652022547604274,0.667910215883049,0.23534525329268954,0.0012308794283839581,0.10644697928915704,0.5180309748627456
SAMPLE_03963,0.9059976569448405,0.3123732674684886,0.23036871568853456,0.6567011258533593,0.3886484151852984,0.02263127434052456,0.08515314972277278,0.6565164203878974
SAMPLE_03964,0.10610509290687076,0.13906579186455928,0.1461080613260892,0.34915591170420995,0.3821511270818029,0.0006943276577265525,0.6959814775906128,0.4305304566399803
SAMPLE_03965,0.9993549013972867,0.02994198680626275,0.03340089927181154,0.009816876741043978,0.03194110368298174,0.009550837325701778,0.019750434425811952,0.019703338530040707
SAMPLE_03966,0.07732012225525985,0.07066174377191788,0.10074156856895758,0.3668458107305826,0.11837181130406126,0.0026195736922525513,0.6836055599386263,0.210436595438243
SAMPLE_03967,0.8852956415068176,0.4396786290606669,0.1975365780133325,0.6662791177201547,0.2968004610983145,0.0012807033939937948,0.07411072978536773,0.3603283530598226
SAMPLE_03968,0.9784080305261933,0.7145957514092678,0.31643490511463596,0.66714510330012,0.8293776800905721,0.01305275695024227,0.05120750106611792,0.7154891884714059
SAMPLE_03969,0.7954276052773587,0.05712851316993295,0.051506504302467705,0.40082622599871165,0.13892018431140676,0.0005967890137788137,0.6731018305939184,0.07566810932643873
SAMPLE_03970,0.6614552041774824,0.41498983565407943,0.4811616902130612,0.667073634777825,0.4657937497522835,0.048145465011171826,0.18879462659699106,0.647096602315326
SAMPLE_03971,0.9994090615576856,0.011084602338771841,0.013142152207187546,0.008178210593638522,0.016254308723799158,0.003206953469415305,0.021698150778969943,0.029844424100751717
SAMPLE_03972,0.9994092601036664,0.07733439511922675,0.08296796185335623,0.07013049091408229,0.07270366875412537,0.01778703782547799,0.0570190451732597,0.11725323424461352
SAMPLE_03973,0.1690444377139243,0.1610338813338738,0.15093579356878817,0.3472445257968049,0.2734977067636344,0.000702814448896536,0.6784047620715081,0.2977427971176391
SAMPLE_03974,0.9991329470731194,0.119579338364728,0.1305893531505636,0.02153961462317381,0.11616166510918617,0.018219795216653505,0.02498514314270806,0.12000432672900635
SAMPLE_03975,0.7578265229215773,0.09456185758610265,0.10984697568751678,0.9962658522849888,0.23797672912065232,0.0006503404911490964,0.7350507288915048,0.5252634297850305
SAMPLE_03976,0.1303618745736342,0.057522414182780174,0.06774096110264667,0.9956995723746026,0.05364802708458884,0.0007016260538913828,0.6727263014212743,0.35482028975411584
SAMPLE_03977,0.9988880338435027,0.23856932746336085,0.07613515658459653,0.6687103900051222,0.15292482341568533,0.0187489530714248,0.06815635258761403,0.3387217824392057
SAMPLE_03978,0.9993646180870867,0.13119812400521993,0.1408062912698948,0.6650503458387079,0.22940526993807459,0.010728999516875339,0.08499645058010358,0.3261316324483544
SAMPLE_03979,0.9572152141340582,0.2118701304588532,0.1034478343655705,0.6625511626600354,0.1807310715412442,0.0016372520851732483,0.03526614519837695,0.326272658760145
SAMPLE_03980,0.9994550715282682,0.10351905327241288,0.04407904446538191,0.07466558674937533,0.13101144479188814,0.008572503841320266,0.022098044673450983,0.09696698664534088
SAMPLE_03981,1.0,0.7511387889203537,0.7163545429536382,0.9985797561149004,0.37124507347888147,1.0,0.9995058537637106,0.46569183619499765
SAMPLE_03982,0.6362583687067286,0.21082071285583726,0.20822827109297692,0.562773528643783,0.33964408909644783,0.0030357415346842446,0.034146725630608894,0.3988649647532885
SAMPLE_03983,0.9994959444632875,0.2070987500171183,0.13506459201828008,0.14202876132657957,0.13667177155938534,0.1383522621850115,0.12552684807350956,0.14816905668695798
SAMPLE_03984,0.9994764861636046,0.03975250665940028,0.0972898289122826,0.06651640239922199,0.10664867364209615,0.007214549281209329,0.1305054598333823,0.1769731911517018
SAMPLE_03985,0.9995076099936897,0.03213411111498873,0.04609096486509124,0.04060415058361043,0.11085176892639285,0.008019040928163003,0.02894303673093828,0.14533427668674082
SAMPLE_03986,0.9992943765662923,0.02016315131290001,0.04624208400463813,0.014937485367174139,0.04774450268392469,0.006376223245277481,0.03164975681641993,0.061741259574577434
SAMPLE_03987,0.3322741741026866,0.1361620233995628,0.14991116647391864,0.9821848563302555,0.32181372938476727,0.0006013245264282891,0.6949539532864316,0.5411672432092642
SAMPLE_03988,0.9994418283225187,0.10751183766439842,0.10677819192843761,0.02018280417798677,0.1272580428399511,0.007429194699956421,0.08606271467449716,0.08428352809643705
SAMPLE_03989,0.9575874469559573,0.26379651730764303,0.3297631528112502,0.40636912515431856,0.6029790601614847,0.0008254208895256516,0.7483084496110852,0.7333597812079726
SAMPLE_03990,0.9993918321980186,0.0445411779728534,0.09780049897307624,0.008281905557353558,0.060008941436758945,0.007981380341731993,0.045631117036955604,0.05833836161611372
SAMPLE_03991,0.9571454236311343,0.4301507543579153,0.48549612276092297,0.6769653429157201,0.6648120030300214,0.03230385054512099,0.15272485188937657,0.931801900971186
SAMPLE_03992,0.5658139604207528,0.062318656761130235,0.034446860246436464,0.9968187746578929,0.0419803020450827,0.00044948735354667353,0.6722211376856898,0.3467813752617553
SAMPLE_03993,0.8777127825780888,0.09215120414292291,0.09662883079022438,0.6685061187499689,0.07890391612134752,0.0030825234280737607,0.06372304955649043,0.33760153038046326
SAMPLE_03994,0.9994806923882285,0.07158522283339389,0.09475838034973828,0.09282090393323306,0.08036230407304752,0.04258066124100242,0.06731775881370641,0.10891977423614015
SAMPLE_03995,0.5526428938734391,0.08018965193954447,0.07841087951817431,0.551701127820661,0.0801578466264864,0.0005122324171242214,0.6786633780364122,0.1554221813819651
SAMPLE_03996,0.10358984495570936,0.23958325037820394,0.23064919384603091,0.33708501547885855,0.36559279051461474,0.0005520681056018976,0.6725684326148472,0.3876441598421643
SAMPLE_03997,0.5449553062436807,0.08195723062986894,0.10755865792404562,0.42202400492590997,0.28581231550455266,0.0006599036336978907,0.7035743128958584,0.3084452829146257
SAMPLE_03998,0.676784340287086,0.21521191323811298,0.022920694674216927,0.9973224493734552,0.08878494426576747,0.0004334761253070588,0.6722774142157905,0.3345595542542726
SAMPLE_03999,0.7134995935549764,0.09659067738043456,0.08277968412057443,0.3737283960406038,0.39282925121746953,0.0008615388845838977,0.6849543147914073,0.3511956867338507
SAMPLE_04000,0.9405951072411187,0.17548521889428326,0.1686660326279255,0.6598527836035586,0.3678413414718835,0.0030658366424761558,0.07139566158553073,0.4044458887749298
SAMPLE_04001,0.9796430608358545,0.34927932375076703,0.24935708557497846,0.6667058235062014,0.56395083841685,0.0013431063583896528,0.0585240048176045,0.43233517900898
SAMPLE_04002,0.9991915420644243,0.0250407807883338,0.03968781757507054,0.007352961730337737,0.036805206945820665,0.005174406013815583,0.0232806406706814,0.04468682708316084
SAMPLE_04003,0.9992809345345252,0.024816495251880805,0.034890617534940625,0.018507570563508748,0.06550968542926086,0.004814449773933571,0.016490219419897076,0.054870441638486755
SAMPLE_04004,0.6938432077026009,0.19079518302413026,0.1718066384715979,0.3474400953760004,0.5984014715574039,0.0006532538866944224,0.6754358635169798,0.6816254199807259
SAMPLE_04005,0.5880482068989937,0.10641152817984321,0.14888357328655796,0.5065207808401249,0.35510069112488657,0.0015471669707765247,0.021634668270694057,0.24065120600811488
SAMPLE_04006,0.999351498342096,0.30271087535160013,0.18051454597846012,0.668275389587362,0.25891725116379527,0.02019435237220451,0.11413218098565338,0.35394328190126534
SAMPLE_04007,0.9994881611509516,0.032821964692607605,0.05091234954138673,0.013159940070804042,0.03535258301960534,0.014171393796350806,0.042779166070263545,0.05193438419128087
SAMPLE_04008,0.7810617645668833,0.3231953539901727,0.30802539205924406,0.9878276040503384,0.6905752246946636,0.0005199642898365429,0.695613368018547,0.9397544878057478
SAMPLE_04009,0.9995203841090221,0.14889011035117558,0.2102493781352012,0.10063423933108398,0.28888600714716145,0.015963499816447037,0.14289815120511115,0.33272364812466093
SAMPLE_04010,0.9994951421699287,0.05029370278907987,0.06371333218071455,0.04660963768226648,0.06353108897032228,0.0052952336692554045,0.03450550037416187,0.07790077730782699
SAMPLE_04011,0.9484593845547247,0.3088377571018247,0.14913072137526479,0.6587364703897264,0.18920258371410092,0.0018198435766666181,0.07621862850551968,0.5091788162527517
SAMPLE_04012,0.9995014766900241,0.11049841168776349,0.052081525791874445,0.18472817557463356,0.17116984265220114,0.007352293611704843,0.03917853667431831,0.19901931804509507
SAMPLE_04013,0.9984895877883465,0.051154423989779846,0.05983823720553809,0.668752268403842,0.0755879309566202,0.011552562668146445,0.08139205877044015,0.33300514113951274
SAMPLE_04014,0.9664368562542203,0.21481517800165478,0.1575345171155269,0.6675256378038148,0.5687978265161897,0.003892319708713856,0.040059808213702454,0.6413522857077831
SAMPLE_04015,0.9995288294371996,0.0596123189619444,0.11961845367547433,0.10924339610690106,0.07856532274354242,0.01563768165451506,0.055516778527498166,0.12067263165499628
SAMPLE_04016,0.9603693747556992,0.17345395137080427,0.1124405627523947,0.6666667706284951,0.16416372648702954,0.0016472211026257282,0.08983825226512371,0.3661102164472316
SAMPLE_04017,0.999047712197322,0.5176738394582995,0.18256151596203474,0.663523279386478,0.1740946375979605,0.051130211120196785,0.10566454681100916,0.3416246682352616
SAMPLE_04018,0.9994090934837738,0.6639860651357375,0.04137958482495902,0.6898459708722066,0.2728417081732575,0.056914831150896364,0.0369880878260281,0.33098136970818504
SAMPLE_04019,1.0,0.8559445954785296,0.8302783984193328,0.9978932520079462,0.6979566213342908,1.0,0.9985463942437782,0.7756704511539225
SAMPLE_04020,0.9990060528213318,0.17740043717709444,0.17104966256738882,0.6603838397214178,0.2826031094423612,0.009653282644917712,0.05521634498466191,0.42510990512537017
SAMPLE_04021,0.41278610951237515,0.16050501896140038,0.19794444726435845,0.9879646293883442,0.5710264952591853,0.0004930347061420811,0.6921125548086298,0.8765177841576434
SAMPLE_04022,0.18158002058711264,0.1463697254136879,0.15715703989221028,0.4553975540036779,0.4368963903436701,0.0017380253385947636,0.6995931992189616,0.44174139577541116
SAMPLE_04023,0.999210074331222,0.06557343051414742,0.052860323424618064,0.6676165265366129,0.07719773112615318,0.010824930737387307,0.02518919155380226,0.3481908517385524
SAMPLE_04024,0.9993711906121607,0.1420406875945725,0.14107549526158458,0.6583684885336281,0.11856056759248879,0.019936021399110337,0.08821222792921314,0.3088160147050056
SAMPLE_04025,0.8832812491752274,0.17471137680674373,0.15497682680326771,0.020598372884637253,0.3448052374072652,0.0018513689715509828,0.018426888836162048,0.5134705622444588
SAMPLE_04026,0.999319704858485,0.2753817324188925,0.23910720245192887,0.07096935165234847,0.30089438955849934,0.017365205734608653,0.17805671430078818,0.2450480872863579
SAMPLE_04027,0.9991213968317638,0.028882338720974413,0.04720776989446766,0.013564434604180676,0.04699691225163763,0.00661906598866189,0.033034829184160175,0.04800945061104525
SAMPLE_04028,0.9994761604596747,0.07619343917013806,0.04307125710621073,0.03272863176594249,0.07863753224303283,0.008045865206499773,0.034413465714425884,0.1063396804185963
SAMPLE_04029,0.999401695968798,0.025363349796952508,0.027325883743276855,0.013340868431753083,0.03343647425393119,0.007137387397830332,0.018109844103664712,0.02647626131652657
SAMPLE_04030,0.9993781665819881,0.4453769897152843,0.5447148912911466,0.441776093873146,0.6238105998120543,0.19732624460722387,0.2372760111195189,0.5976556721425113
SAMPLE_04031,0.9709825598878591,0.7413893406871856,0.3607853163291047,0.6673598528226994,0.8109871278005903,0.007650635086815055,0.13935820332483115,0.978379991840709
SAMPLE_04032,0.9994307284203022,0.2896000603917502,0.0617918727654788,0.0670035444774068,0.2043739412122516,0.015027503198410584,0.01564934716653235,0.13098841201730715
SAMPLE_04033,0.9665570346638023,0.8978404146732437,0.6630451285937203,0.6672126199342246,0.8624156471154529,0.02018396109953371,0.24011376774368193,0.9603826403684949
SAMPLE_04034,0.7598947530868265,0.15266617341400068,0.28082062998763513,0.6681791431069815,0.4147992928929757,0.003732684018999307,0.04357620821630532,0.5713602528710799
SAMPLE_04035,0.999457782000807,0.04947210633643072,0.061236709443626136,0.017348625690939277,0.043535816196060395,0.025851588782526608,0.039635894909751584,0.07244917832765291
SAMPLE_04036,0.9995007672509051,0.029092606026805128,0.04901299484652851,0.013263331289369615,0.04288941170355088,0.009949571830170418,0.02902592506234521,0.06507608933355324
SAMPLE_04037,0.9839453491595895,0.7106769365961871,0.3439209572459998,0.6672326110516896,0.6367592276193966,0.00458778508582028,0.13483166016444323,0.9219895068606894
SAMPLE_04038,1.0,0.9426673460121473,0.9196725372491591,0.9982712360347363,0.8536477166694809,1.0,0.9997166538588947,0.9095635729699221
SAMPLE_04039,0.6757098428851755,0.1476284613108896,0.1749583221238503,0.9840535421188954,0.4340537365183325,0.0005508857719778683,0.6902626951032315,0.6067735328334958
SAMPLE_04040,1.0,0.8851632226264838,0.8655884285701512,0.9987394062101398,0.6634142337174913,1.0,0.9995265369912196,0.7159053374051414
SAMPLE_04041,0.9539680125263271,0.17983595634014599,0.18623528258938182,0.6679967895836485,0.4124310704075778,0.0013830568108678797,0.03296221745944053,0.6055949438344148
SAMPLE_04042,0.9990594939422437,0.05600045110982,0.07134492691109653,0.03011070159688891,0.0562039814569721,0.00901476481416242,0.02239190339853191,0.06426192017578114
SAMPLE_04043,0.9430016977122011,0.2537925313317975,0.21697091201149615,0.6616534921002668,0.39416522602304216,0.002475799479846319,0.07429544641945687,0.5103582408805677
SAMPLE_04044,0.999466795932269,0.049232347081089506,0.08015192930631881,0.1125758605682261,0.08112751777311314,0.008493738219083318,0.03169459368735233,0.1446636381235103
SAMPLE_04045,0.9987959055197139,0.41947180160947917,0.2898215468969221,0.6743025263765114,0.35761138702699935,0.010821852775638484,0.14293623210282744,0.35507129298328766
SAMPLE_04046,0.9994784729637685,0.028752027937887198,0.04714402132969492,0.020876067478092248,0.06409875802049256,0.011425712846809048,0.03345495824773355,0.04035543024697982
SAMPLE_04047,0.9988823285828458,0.015885188156110307,0.016509767126191777,0.008918991091796499,0.029321957001265855,0.0030631496447701013,0.01272050988382174,0.024609466860197132
SAMPLE_04048,0.9994683917221887,0.03354990218742185,0.04525354695361303,0.009463876838800563,0.047947514594286,0.007340622849103774,0.018053942141785795,0.028132387948847523
SAMPLE_04049,0.9994411903342921,0.12772780810109477,0.2118748957278243,0.6579347781337328,0.1310603351890833,0.058388224800406584,0.12741004289174454,0.29437310934074956
SAMPLE_04050,0.9994762623604077,0.029013155776261814,0.05337904636036883,0.01275143772874772,0.04879610228388796,0.006936274898586986,0.026826160952941203,0.06250944518499804
SAMPLE_04051,0.9692145664075776,0.4615797973356491,0.34443494274886227,0.663872350212129,0.8052931336870249,0.010585544247515635,0.13406287613929158,0.6771073775460646
SAMPLE_04052,0.8383449204757178,0.0871642793507802,0.07445590549854454,0.9954616065734285,0.17526271207357952,0.000553578281956939,0.6850962339978003,0.5060175343887361
SAMPLE_04053,0.9859877930602055,0.4191102424567681,0.2655781152300637,0.6672486785673242,0.5291620406341132,0.0011463269156164065,0.0627833947489576,0.36782306436518897
SAMPLE_04054,0.9559095606894119,0.06217744300784583,0.0642290353592044,0.6674950474016971,0.10617868953472058,0.0016823803569196085,0.025121892684332812,0.33631933413123677
SAMPLE_04055,0.8855243969909261,0.09517395003563334,0.0792554232568097,0.3464654753592725,0.0944164292239205,0.0008522921163437186,0.6764823658498617,0.14978638092995006
SAMPLE_04056,0.9382942297019325,0.48894509595770586,0.10001184186107438,0.6626342196331478,0.18795023668879426,0.007886277750140556,0.03738162059582113,0.38169776994602467
SAMPLE_04057,0.9283303123831242,0.3391741176758472,0.20634511927968363,0.66755192037301,0.7610867130025407,0.003731285072001155,0.09508182701818975,0.8992161511263927
SAMPLE_04058,0.9994288124166318,0.03891849660156202,0.050282302420802984,0.15163114002282688,0.12923988582032267,0.007193469394083792,0.0249136107542362,0.13314257326546752
SAMPLE_04059,0.5051777925985724,0.25468288921031135,0.27604200336781975,0.9884715656898375,0.6617327274736607,0.0005524343130826737,0.6965824862799505,0.8931474641912026
SAMPLE_04060,0.6865250313706753,0.36782601587244457,0.19555232469150954,0.6620289806745723,0.24975198920565017,0.0021984559978724663,0.06683966752513572,0.5090963645108143
SAMPLE_04061,0.08951074629310513,0.30887818700232317,0.3318184837496139,0.6677264536001949,0.7116130648267174,0.010116221404881819,0.05120494544130841,0.4235911050147454
SAMPLE_04062,0.9990219097353081,0.26109093375523434,0.09071948126139301,0.667569699443707,0.17969562960227714,0.018466737640103294,0.09045228534134205,0.36077098026810944
SAMPLE_04063,0.9992697507628099,0.12716940957777154,0.07667766669886444,0.6676024941347739,0.15851877018274255,0.009378347061519738,0.028524923770920713,0.33800317260154794
SAMPLE_04064,0.999355438089047,0.035289440075982045,0.04218415773549665,0.026710930288739644,0.10748211978978411,0.004128556601958579,0.04923365650093865,0.10754022763931732
SAMPLE_04065,0.5393707182619311,0.05430578990647077,0.0456098909819071,0.6824490624399018,0.029575662146580858,0.0004301168227166893,0.6723273413684494,0.16767948503683505
SAMPLE_04066,0.9994830078449375,0.02914733653642344,0.05792311647851589,0.02360360501728917,0.06662505770597152,0.015956780236796555,0.03543721210411592,0.07202909402383413
SAMPLE_04067,1.0,0.8021085358570447,0.7889761613872253,0.9940031296474854,0.7140724367371762,1.0,0.9990712461517646,0.7381437390082467
SAMPLE_04068,0.9991811653967645,0.08063670059884923,0.047669435033743074,0.10610476024469223,0.1254881488057675,0.01355192380934307,0.02536229499151072,0.2085023131804759
SAMPLE_04069,0.6629490395613433,0.2030151024281843,0.21844550227442458,0.3466171742911173,0.5621107533317291,0.0005776490013503154,0.6916897790329956,0.5647697769182649
SAMPLE_04070,0.9993742581102516,0.021160587098356935,0.049848204818446776,0.013843679929604624,0.04995428457918989,0.0047790991914939945,0.03011281770168691,0.04738189417277045
SAMPLE_04071,0.9994534862388637,0.22680439537076008,0.16910549378585757,0.09357748047980115,0.24162275302709557,0.03354074931961602,0.08114926199516756,0.3831245957006604
SAMPLE_04072,0.9990981928838988,0.09476040140317385,0.1384978380133544,0.024205093902658067,0.12118594129964888,0.035029160666177075,0.048729548387221336,0.1298029879483318
SAMPLE_04073,0.9994782240087959,0.22337780623742517,0.027179070006581655,0.024670302911314126,0.17119675149464536,0.007354657294836485,0.01719074765651001,0.10984545454418194
SAMPLE_04074,0.9026627181625501,0.2854312809409697,0.21553678226259787,0.6560198824420862,0.20015662487477312,0.0037611466430318412,0.07113496691163051,0.45030721082342373
SAMPLE_04075,0.9994609662830523,0.0397192589575094,0.06994082119322166,0.028292574486091,0.060017389728246925,0.02346014611137303,0.05155586267992823,0.07311251406410282
SAMPLE_04076,0.5850686397393856,0.4628119322423602,0.10600063566606199,0.6655897865020023,0.1851716499156551,0.020323432162170384,0.08364020376091158,0.3377392821470641
SAMPLE_04077,0.9989799057607008,0.341344796101613,0.18391630415132443,0.673266333113259,0.2541740867603627,0.13526950800688364,0.07444095884135923,0.4748171592672598
SAMPLE_04078,0.7774080002272079,0.12877360602555954,0.11284208939202992,0.3446565820345099,0.174652563285231,0.0005696403522849632,0.6741016124185877,0.14555769084990083
SAMPLE_04079,0.44266164350109183,0.11783887904568256,0.11202984091271483,0.9832451481377396,0.14492951020107708,0.0025569178287117677,0.725540443061154,0.36326236883076235
SAMPLE_04080,0.9417515129868668,0.29145640664497974,0.19850678792217358,0.629159923944789,0.19898819195891845,0.0019547512916008093,0.039441698000037696,0.3379022104976838
SAMPLE_04081,1.0,0.9123661038642205,0.9113587068917268,0.9972545467061642,0.9208815368358465,1.0,0.9992709529559554,0.9304121541296233
SAMPLE_04082,0.9994110522804638,0.18647506371291808,0.1619392565951187,0.6688389396307886,0.26325167031379687,0.006244433094834841,0.11331967166937071,0.3305253938573398
SAMPLE_04083,0.9995201799229154,0.3056676702902374,0.02681653497107618,0.1719765564258305,0.11208112872510588,0.003938042802763279,0.02067405693240637,0.1005261052734154
SAMPLE_04084,0.983225134304464,0.7661676651266098,0.5411783482300384,0.6673726122471164,0.8338606136168867,0.0015325076844804992,0.14672956671637374,0.6246970913835564
SAMPLE_04085,1.0,0.8372612336536933,0.7778362477946708,0.9977917522432891,0.49481814007268926,1.0,0.9988967543471874,0.6508474556587827
SAMPLE_04086,0.9994595128650186,0.025702390509174777,0.03265773798669545,0.020591228596896737,0.06102222712584204,0.004873187587333875,0.019636202084420445,0.058891440803827945
SAMPLE_04087,0.9993287784110296,0.12491816632054142,0.2649075052437612,0.6655525344177259,0.18901596328933273,0.014121517200304058,0.08837120164381411,0.3086816902534619
SAMPLE_04088,0.9026567569439505,0.8277794538457235,0.3699561586361301,0.6667386409626654,0.8023611949043061,0.016418683936046015,0.08747848456244292,0.8904627701394994
SAMPLE_04089,0.9730499073595023,0.4893167064276336,0.2337903905845775,0.666859492271274,0.7871930054783307,0.007589568712309966,0.0798020018127521,0.5567220543167687
SAMPLE_04090,0.9984008573885843,0.43492335198817045,0.296211128968826,0.6744534922811735,0.41464197029828176,0.03753034856271575,0.056428264789723445,0.46587879084851347
SAMPLE_04091,0.7285479193458799,0.0738667991895187,0.07839073088755816,0.6269604513542123,0.2057288818014547,0.001474014523012623,0.6857278972250923,0.30447428746885485
SAMPLE_04092,0.9993617194157571,0.06620419598351393,0.09380437579774312,0.026474708296837943,0.1839931921259983,0.012960418585079365,0.03690020911189104,0.20262760797417437
SAMPLE_04093,0.8635906707600493,0.05634957908703482,0.046489180188048006,0.6582904475492741,0.17894070110605098,0.004067504307463532,0.03198276170647397,0.3410983639168553
SAMPLE_04094,0.9247002639605486,0.3786935160651949,0.14346748546735477,0.6668789640158262,0.40260261687725446,0.0013143968838572756,0.04006883729715077,0.33215047979806145
SAMPLE_04095,0.7646439394287815,0.22353634774452721,0.2896777344661864,0.34450882429411245,0.5152889833744493,0.0008305007027586376,0.7064302199576274,0.5454330218419464
SAMPLE_04096,0.9994146837669288,0.044254341099561306,0.06125459868912156,0.009284381780139347,0.04282397352955508,0.007841526708808139,0.031105976517319736,0.04070110531130579
SAMPLE_04097,0.8986675785485869,0.15828611051363475,0.16362327014327877,0.6607024863415952,0.17228665075023245,0.0015925347381223441,0.03976608257281482,0.33578659206813866
SAMPLE_04098,0.9538924830108167,0.5040780924229509,0.5921542867299293,0.6549908413548409,0.6817348264202643,0.007152181852115842,0.12562395054195363,0.7209198777199173
SAMPLE_04099,0.9991826483969938,0.5034775148483966,0.12737777406860865,0.6560612626642714,0.24238523910919305,0.04460135120038631,0.0972448247787277,0.2893371179804518
SAMPLE_04100,0.9995115822448546,0.5519012302084391,0.8096176959575248,0.6785937117843253,0.7795552430486509,0.07773591396142521,0.22213694986674085,0.9113611468136366
SAMPLE_04101,0.8096335772275953,0.18638728321957476,0.6753958806870299,0.969861009252468,0.5915744784390566,0.001807342048879596,0.8018669816170474,0.7099467097439278
SAMPLE_04102,0.9991094231124615,0.12913541841073548,0.09633386176893992,0.2466173983815685,0.17114434196215286,0.025134313544920524,0.02532313790468945,0.17498420337773535
SAMPLE_04103,0.60881500038372,0.06616873270946956,0.057283007921477516,0.8521321576451129,0.08960751623780405,0.0004717226811022862,0.6775924723895511,0.1865265878685572
SAMPLE_04104,0.9613729190666525,0.3886411363532988,0.2738988575745471,0.6653285365253284,0.48477419833119695,0.0014701821727456782,0.11818457544261479,0.42985319385641363
SAMPLE_04105,0.9994697210937824,0.020889899207983884,0.03258307403402225,0.012664064129729428,0.03373276567344298,0.011142815838347132,0.01830894129158345,0.038986178262066136
SAMPLE_04106,0.9989292092855335,0.041278797573711876,0.0468913428221472,0.03200972609569414,0.103733276813824,0.008704437155525678,0.017103849588079353,0.09728825668902978
SAMPLE_04107,0.9670175127003988,0.348821691048258,0.10988131090097449,0.6671624641728224,0.08787523509724614,0.0010067837942578405,0.05584972495005519,0.3621744323085865
SAMPLE_04108,0.5607199601953367,0.17567380885998501,0.1707190828654431,0.9948437605473843,0.48582140410360614,0.0005847106902839049,0.6856946928363797,0.7449879960883303
SAMPLE_04109,0.6143734866710868,0.1571501484453241,0.18658070821039288,0.6370237484995747,0.5405137031588123,0.003790963106916298,0.6899516700449884,0.57166025296768
SAMPLE_04110,0.92958056346731,0.22956481285726987,0.2387281795301531,0.3426510391722093,0.6044021422879751,0.0005525334294351628,0.7079678893630745,0.5579200960174873
SAMPLE_04111,0.6318947103861926,0.1421224693180933,0.18311156616488067,0.6445433434944576,0.306232396947666,0.0027836378291231506,0.03495416077705258,0.5811991278859439
SAMPLE_04112,0.9992523350557958,0.02074861820997407,0.040644603294910014,0.00997938483801287,0.03252125070572378,0.009499804752976345,0.021196833106162615,0.0456909843226091
SAMPLE_04113,0.9993043421147443,0.4215857515019816,0.16690884622342095,0.6672287257870233,0.19898403648142526,0.021984697622350176,0.0815456662568152,0.3244233397949366
SAMPLE_04114,0.9994183714826219,0.02727501460033329,0.03214323966311592,0.011554097374744013,0.031826999824266504,0.003802827432801541,0.027555167691225332,0.04794456522732779
SAMPLE_04115,0.8647048106315846,0.16830256707835775,0.17046216803045158,0.011656193582550777,0.17543406198320094,0.0016902468133656449,0.03595892900120533,0.28264620085038816
SAMPLE_04116,0.9993290935776147,0.320541483675943,0.23792091731831405,0.6683422052862703,0.43258348078775777,0.01831559429387709,0.09526124101087029,0.5705468060510827
SAMPLE_04117,0.9991782333109669,0.03390308316868414,0.03397319992366877,0.010662089142921525,0.03833758913119488,0.002906571083717332,0.01848003683119868,0.06230873743462033
SAMPLE_04118,0.9991815202306149,0.5868385180587546,0.02393323274972523,0.6734265505608952,0.251570883038118,0.027109093840573435,0.04079743290618646,0.3249670021214426
SAMPLE_04119,0.999285678044946,0.14289279109827305,0.03171233590769228,0.02464535316382644,0.0994703131964817,0.004580753074920722,0.015031094006084737,0.10042746359701722
SAMPLE_04120,0.9945904751347828,0.42692393691532593,0.08210127516649074,0.2323672854542374,0.1953578310065129,0.008461091628738135,0.027593867970382248,0.1744404394291837
SAMPLE_04121,0.9992736330319987,0.24577238434008541,0.2922624487069036,0.5251999264837948,0.3202080478273862,0.03600527247065256,0.07889039609865892,0.19668699213077473
SAMPLE_04122,0.8524879298676662,0.2053306154367845,0.24168383429471052,0.6623539728839221,0.16388840504431929,0.0021980019670383676,0.06319167561694376,0.39891374769807686
SAMPLE_04123,0.9994244201029578,0.14506335614210622,0.24333054434021395,0.5274040550599828,0.28970463022744675,0.0299232947623412,0.061831922331105876,0.24472723816521452
SAMPLE_04124,0.9991584371035791,0.01896856977058441,0.027207487444533166,0.010118191091348053,0.04230779959533977,0.006466351681299803,0.016228798912493382,0.04479819172471991
SAMPLE_04125,0.9543783021389797,0.23357852058374234,0.15878600717878635,0.6677614113021653,0.42220064402756957,0.009321012097722466,0.10600095978052806,0.39943601526967754
SAMPLE_04126,0.9994905543647887,0.25571157531978234,0.017949716728574976,0.03968734356224433,0.11915130572192956,0.004756165500944461,0.016885218256635033,0.07887302274328269
SAMPLE_04127,0.9993919499708932,0.10595303664138223,0.12632318586680266,0.010486458944091979,0.06926651779484741,0.0072553695476794185,0.03610360561947116,0.10915286997451529
SAMPLE_04128,0.934239468559339,0.8432379613891128,0.6260956110043238,0.6677417826162336,0.9024657314720691,0.024511612442899552,0.11754788351833484,0.894450892188467
SAMPLE_04129,0.9994978473664404,0.05445802245534684,0.08708529743683564,0.018679136924297218,0.19044701351556734,0.010997925567548038,0.05546477707240587,0.10988654451968977
SAMPLE_04130,0.9992889672251826,0.2849961605751429,0.1129826276702292,0.34720007332277125,0.10508549798461148,0.07419510595587883,0.06091145080281681,0.1795516967252267
SAMPLE_04131,0.9477500775696257,0.32728352655399967,0.18274202781417914,0.6680576425118834,0.3555854040882771,0.003898362531934173,0.06975869587375819,0.3837676638052073
SAMPLE_04132,0.9560480381978274,0.21262371680225184,0.18840175446042,0.6663548256395437,0.367934533803024,0.0028399175369204187,0.04613896655109079,0.5167484260231869
SAMPLE_04133,0.3037985842146085,0.038446732165932807,0.032316612660251674,0.9960643403402554,0.040389111385264145,0.0004921537983669283,0.6720675477415073,0.3207929886638695
SAMPLE_04134,0.9994937993900874,0.2093884657458291,0.01878337554335463,0.022877145170441024,0.07768577851944053,0.009430024475790548,0.019296018105648596,0.0439306289338215
SAMPLE_04135,0.9995330561903092,0.05095253406425075,0.10812174734775418,0.06904261683616282,0.07809814149127162,0.00954160315265267,0.038753565212322996,0.08441491440964309
SAMPLE_04136,0.715702613517791,0.11640702798203104,0.18326810395553592,0.9056334782366398,0.5204976121507989,0.0011485101804657566,0.7099122768008577,0.6400814753325248
SAMPLE_04137,0.7993283908624575,0.19433894783628908,0.20665514516382302,0.04594329609737382,0.2702281155342164,0.0011926704525733653,0.06703554467450269,0.21509588991125572
SAMPLE_04138,1.0,0.8354092108494544,0.8419133629582062,0.9988526331141192,0.6555750555510672,1.0,0.9995940674475233,0.7010775112140444
SAMPLE_04139,0.9994019722374436,0.029715281886925432,0.026360223188622342,0.055028006704376235,0.13165984239142647,0.017496119237440752,0.03763236014538988,0.12612078233482724
SAMPLE_04140,0.9619645321289156,0.0828835385439795,0.1106818118497185,0.6666588411490117,0.18503783055324446,0.0013448876638392122,0.05197269499685302,0.3590612999986515
SAMPLE_04141,0.9990406739368984,0.04805852502385118,0.04719862614914754,0.04960514535543536,0.05756575313732372,0.0060885445358085325,0.025658972249838107,0.10741784621100116
SAMPLE_04142,0.9991539579622304,0.23466555683248277,0.04037291089217629,0.6734087014632657,0.12074216904413573,0.00452937715108937,0.029927243045553477,0.3269570507172163
SAMPLE_04143,0.9994683089028775,0.15170851570222915,0.0723017542141176,0.2816633050617274,0.15708485956554352,0.03662845565242439,0.040239382940736,0.16306938823561873
SAMPLE_04144,0.9994082872145216,0.016053834396183814,0.0204959406963553,0.020452318802841894,0.03519184363780249,0.007620158471562541,0.017405608490736916,0.05652074531279181
SAMPLE_04145,0.9994679822533117,0.05285915077719046,0.08164906514452493,0.037701001239723496,0.10018089991708286,0.016215621664299535,0.06236330007830258,0.08237633538875833
SAMPLE_04146,0.9995083602285401,0.44029664274738495,0.20418947671817553,0.5768838772227509,0.24327623439130702,0.010163276419024517,0.13329451538857395,0.27764822099093917
SAMPLE_04147,0.36160487604630964,0.05025594977612141,0.048554125866840894,0.3359549559297022,0.03534711727182123,0.0005682684037613238,0.6736026177620216,0.02770153535151182
SAMPLE_04148,0.9994384956352601,0.08424920649684227,0.11147636201117712,0.03229791750504596,0.11452967203141534,0.025356622960193233,0.0923892339525489,0.11011332919218403
SAMPLE_04149,0.8747779754303442,0.1433975563179251,0.06584018770936922,0.6645642934341996,0.08434106289485638,0.0013071024670392628,0.023065790256018195,0.34996574213012377
SAMPLE_04150,0.4363507781850995,0.1637359640632722,0.17994628247518998,0.3397131931154442,0.3759290986435576,0.0005169875165259262,0.6906759144706839,0.4335635500468932
SAMPLE_04151,0.9995196056782856,0.19192277271589675,0.04125560051393175,0.01925679978573136,0.11443674201631354,0.006734619176881795,0.017383321138742767,0.08638711553365266
SAMPLE_04152,0.5216548304330775,0.08192732166065891,0.09998906755179582,0.6201592306891794,0.09425940348099011,0.0010780615373413487,0.6955670654646191,0.1906957321102186
SAMPLE_04153,0.6131101430275172,0.08564549619811283,0.11487717207495843,0.3583040860555013,0.03364229756327481,0.0011046369741857067,0.6901651606598582,0.08129738065305624
SAMPLE_04154,0.999371729517015,0.03974573787481218,0.06495135752236575,0.01663758705853448,0.09000819084508062,0.006764683499712331,0.061678144910460635,0.10909556739852949
SAMPLE_04155,0.9423906759666284,0.3737649357976321,0.129613904005961,0.6671880889370321,0.5162131668514871,0.001082293372310976,0.03697421669444571,0.4101319273114885
SAMPLE_04156,0.9989982136533155,0.03504900958898585,0.05352143884626155,0.15337001168923597,0.05567957409745609,0.0075536900251198654,0.037410898395018766,0.16779908163136514
SAMPLE_04157,0.7253919653392971,0.06642883239519097,0.06012094789153861,0.40825334771828986,0.04928582855382317,0.0006554852680652709,0.6797872256766981,0.11479470287321185
SAMPLE_04158,0.9461464779609611,0.4712555278705369,0.18684803422425908,0.6663509317358514,0.4947772470718489,0.0010585772849779397,0.032002183837405995,0.5882688099141546
SAMPLE_04159,0.7723358382762756,0.23122812574188548,0.3948513430277381,0.9973270796145826,0.613415774005579,0.0008273175491347192,0.7468915232600846,0.9165823580296476
SAMPLE_04160,0.9994514695751439,0.035567358571619204,0.04212896473883614,0.02380355360618981,0.1342856549236201,0.007369483045739306,0.018492341719084645,0.07370398046309598
SAMPLE_04161,0.9681838137686241,0.30576179924259134,0.14360857446478556,0.661079259007682,0.4150438830102035,0.0018655404256286737,0.06639254505143478,0.37925135167617696
SAMPLE_04162,0.7216922723316304,0.07471015262430544,0.06941333587203342,0.6516769258874767,0.1729257528071284,0.0018137585819353453,0.020720681258633987,0.3685394578361182
SAMPLE_04163,0.9987352989622824,0.7918699746752176,0.3931690350333967,0.7189305363934267,0.582521388767092,0.07039977587395573,0.13024351801718623,0.6548526010357218
SAMPLE_04164,0.21360576575267268,0.06522800992329618,0.0655456539674442,0.34244074492083953,0.08674310753968764,0.0005986974091658358,0.675099209140119,0.09872766931472476
SAMPLE_04165,0.9769722654665582,0.3559447610278519,0.33798912872804765,0.6682554282177575,0.46276141232109347,0.002653274926878326,0.06760680037008639,0.6569529908724003
SAMPLE_04166,0.8866492010702354,0.1724165844193667,0.1584418883393905,0.11029471127394173,0.41240512631996873,0.003450053908481302,0.03462502613408748,0.45514505723475507
SAMPLE_04167,0.9338298948525415,0.15946374304917527,0.1771109230690393,0.6618233446935801,0.2881705803265803,0.0034493404238817886,0.08083000715880881,0.32834820718485336
SAMPLE_04168,0.8988005621427335,0.2828294707239522,0.6105985179830541,0.6618361907990306,0.6611057755587663,0.0015156307388250701,0.14760062046917427,0.6823453869420428
SAMPLE_04169,0.9994618952413308,0.06805614769696809,0.06924328037318296,0.467657104784365,0.07717415657857173,0.036619292691972755,0.03574336533479416,0.16336099138423832
SAMPLE_04170,0.869214946130546,0.1793525334221084,0.19524723887574832,0.3924406408572034,0.36198684941541037,0.0005502374990284465,0.6915703753441644,0.43660467977563067
SAMPLE_04171,0.9993021792391108,0.07966596467752565,0.08981714397130891,0.6006109587384038,0.15600309111313157,0.01525530315459972,0.0315750030111634,0.3103509782870947
SAMPLE_04172,0.9991334875894711,0.18186346154986757,0.16689106243486884,0.033678239729531975,0.104881832104794,0.026374837958213618,0.049188885245715505,0.11696626476023889
SAMPLE_04173,0.9993685471347353,0.26407341617823904,0.4250465033158734,0.5001281316526918,0.5997960069816605,0.3383339148496156,0.20689432825816184,0.5499798386683321
SAMPLE_04174,0.5397993213396827,0.08786811860107817,0.0683348210580784,0.34853744813191484,0.2543404618782509,0.0006917165231449561,0.6761407153076686,0.28723265575355145
SAMPLE_04175,0.8259997875141197,0.3550644308630788,0.16065804783246462,0.6672054711862964,0.14410449715765591,0.0011115499694136376,0.027270930030722094,0.36518771648478254
SAMPLE_04176,0.9994566557321906,0.11690375095840105,0.24967023791078047,0.10014058653958538,0.16843895300173456,0.03335160587320529,0.09195441733330334,0.20235186342685302
SAMPLE_04177,0.6060153145740097,0.29559883864199055,0.06332837867870822,0.667440458023224,0.07249774073301585,0.0010643688525247413,0.02067739550625089,0.41518622381938003
SAMPLE_04178,0.9988736270201213,0.47302898300128554,0.1712307847071226,0.6709344610132335,0.4762021403280266,0.13466215187329245,0.07669341273020368,0.5308671721357542
SAMPLE_04179,0.9989733068725224,0.6710769412684626,0.04638454350680142,0.6655524241950972,0.249441061769583,0.014082333520476355,0.029453757056406352,0.3299859156926852
SAMPLE_04180,1.0,0.8591496764265342,0.7924469021172553,0.9987288846824701,0.38889126855828077,1.0,0.999571420080726,0.5000426401000969
SAMPLE_04181,0.9387502625403938,0.06548460936327838,0.089444576717424,0.6491771089397701,0.1384923163102687,0.0019304161402336453,0.03407233119772267,0.27865940770887065
SAMPLE_04182,0.9994216332621768,0.02643888905385547,0.028303387722588315,0.04212593784226072,0.04692141296202955,0.029324205142565687,0.02944240899373977,0.09291208501915663
SAMPLE_04183,0.8459967686851305,0.1631643641429936,0.1585698461556326,0.34639639301564196,0.2510405976196294,0.0005493387466456906,0.6739235348008651,0.23664347042166167
SAMPLE_04184,0.9993657676492134,0.021944331504187023,0.08061557497006872,0.011663478257102785,0.040218095649484524,0.010071035833782284,0.033676227547898105,0.08360510005894474
SAMPLE_04185,0.9994687363879344,0.0281173537301546,0.04461282027462485,0.015850816556805716,0.0552343567307526,0.02035521941165896,0.03176270845616858,0.06861107451590828
SAMPLE_04186,0.1088310337636354,0.11817728901693368,0.1173454078454645,0.35065070595223735,0.31893179987413545,0.0006617226504523838,0.6957927144642612,0.24793538615042068
SAMPLE_04187,0.718257017748487,0.1671263791956659,0.10644399107489583,0.6672592702138737,0.10527651739222868,0.001191893459283037,0.06448789314241826,0.3532155275574128
SAMPLE_04188,0.9503587722450216,0.5772750476983338,0.2035928189209999,0.6670812795082344,0.3865252930048493,0.0013253421204122056,0.06022035818305096,0.5682019270992631
SAMPLE_04189,0.9497275289165196,0.2994787003347995,0.10988088202602027,0.6664073572120071,0.18947287715731104,0.0028353526502024147,0.08979081023026951,0.3470046094708881
SAMPLE_04190,0.9993708802366317,0.06568559689901309,0.11065779317576327,0.01644916201951599,0.0652601774122785,0.019150300856126134,0.08878442347545763,0.10835436497727123
SAMPLE_04191,0.9991918199987248,0.04263014174124131,0.07291813561576804,0.23524267137713348,0.1123388005505988,0.02513549268283049,0.03479256031164155,0.15863798597987155
SAMPLE_04192,0.9991955395636052,0.04143203893942908,0.07566369897033397,0.013658203446488498,0.0478163837981805,0.009730420629478024,0.04350284092871817,0.12485660851939645
SAMPLE_04193,0.9498904863569686,0.22339667725508913,0.21892109395673554,0.2722965618023159,0.6210006620711221,0.0030884138502361956,0.057635665228639575,0.528427178880115
SAMPLE_04194,0.5683210785855196,0.05652730415943674,0.05705417747195103,0.012586037560576871,0.03984114261836667,0.0013439287414806222,0.015107390950836134,0.06692936864112169
SAMPLE_04195,0.999367331175707,0.05129299291107196,0.15453284384194532,0.4222059895953864,0.10035732045165477,0.004511799794652834,0.05493599082930794,0.23413892280309168
SAMPLE_04196,0.9928677285475045,0.09068344590929131,0.11132325953030449,0.6772661109536078,0.10025270576996653,0.008224580109959544,0.0689193487638776,0.31887333555748887
SAMPLE_04197,0.9995010827083897,0.036457990416153885,0.04208149091533815,0.010353348946901665,0.05877024041846659,0.046664596579323335,0.024405569100840154,0.07042145790726224
SAMPLE_04198,0.9994038237424414,0.09282487447369192,0.07321468638680981,0.20823989656056055,0.1068149188765332,0.02724469634679049,0.03242850817339706,0.14451586221925164
SAMPLE_04199,0.9994240831560055,0.1030639195511789,0.11683545271281837,0.0839437746827353,0.14702683232848507,0.012401204684136826,0.07202912685083893,0.19822796400476483
SAMPLE_04200,0.24880631258351676,0.18661454865799282,0.19632218037944382,0.3464747621795943,0.35963422649928456,0.0007145742721826946,0.7464214809727933,0.39340400231374645
SAMPLE_04201,0.9989573749897319,0.015718466035034215,0.015527453282004175,0.008607595995203197,0.022093841824939092,0.0033010072749279445,0.010384157748138381,0.021655233878341146
SAMPLE_04202,0.9987600721261837,0.1625426974944997,0.20287460151333717,0.0764693266868705,0.20095682069944937,0.08225318018745469,0.10821606913674225,0.10550888777957887
SAMPLE_04203,0.999271800579904,0.11196629492492163,0.12139879432837507,0.2593977987783215,0.10007379214260653,0.012114935166063608,0.04801028435834644,0.13745559732121485
SAMPLE_04204,0.9995127018981773,0.07065381552355283,0.0860927144977576,0.04374311199857379,0.07024046515692675,0.018005372214851493,0.039078902322660744,0.11150104431737162
SAMPLE_04205,0.9993771674486369,0.08717386704754249,0.12961641371431573,0.12172735361345054,0.268513247991209,0.009119543734058976,0.07386264111407462,0.19575320187191106
SAMPLE_04206,0.9977737451959319,0.6616033723775784,0.16096426114714965,0.6685827329056969,0.13705972202527478,0.004365571691638637,0.047460726885716904,0.3024908593141851
SAMPLE_04207,0.9047811124808307,0.1641384220914628,0.22328126893302963,0.5716360094034566,0.5163775264139199,0.0005561911074663986,0.7253729969985618,0.4822905504154611
SAMPLE_04208,0.8880188210165415,0.18912220838835603,0.11391110135388725,0.11937022556166821,0.0747300797818205,0.0017531102397880588,0.026064515585509138,0.11931438460709551
SAMPLE_04209,0.9994700634338427,0.06107827372812898,0.053767023233185635,0.34617733640787357,0.13264342353303024,0.010802329225111448,0.03129329213162634,0.19440886982193384
SAMPLE_04210,0.574775557914791,0.06411197274918298,0.04297831644798243,0.6675905535144124,0.09127018339954837,0.002499603328653337,0.08492181885039059,0.3484218672306582
SAMPLE_04211,0.9995094730247783,0.05366685474022838,0.09280675795044221,0.008298756683119485,0.10151631804423758,0.006195219548303216,0.02261017611590212,0.04242858929709604
SAMPLE_04212,0.9986004316811427,0.6422991694279063,0.15951833463893872,0.6737301379776683,0.2252744905951831,0.010358978468677097,0.05041606250308823,0.3486543131351699
SAMPLE_04213,0.9995331842167188,0.052167341171900874,0.06299682740017329,0.011697341933851402,0.0646255254697794,0.016494986499053385,0.03158797420013005,0.07686400353159159
SAMPLE_04214,0.8467493322880002,0.18569159799181223,0.18945328887740184,0.416517622380133,0.3704913421757305,0.002993870783097669,0.6924357529874489,0.45553481266538304
SAMPLE_04215,0.998746834126308,0.374174232412667,0.17746256895001128,0.7071902671025163,0.2160975174601415,0.09201453751091268,0.10448902353891439,0.3487319716607828
SAMPLE_04216,0.9992641017575052,0.08749851844449992,0.14922480010986008,0.12273312363309415,0.1496675632540327,0.037655960752347686,0.0660425684463738,0.13343154000724883
SAMPLE_04217,0.34590469337662805,0.11733979680481288,0.2485056436910073,0.3443805398851178,0.3985949892643684,0.0008777635220451659,0.8204054044837388,0.3323210686802393
SAMPLE_04218,0.9978866242085536,0.18209414265081014,0.10640726932799119,0.6690401927277969,0.11913372605027224,0.004769604852572792,0.09309360163716565,0.3359563806014946
SAMPLE_04219,0.0831560622708093,0.023775716056643706,0.02476366166076681,0.9921353027253499,0.0315341483600855,0.0007484483458803607,0.674403651428214,0.3154789973543704
SAMPLE_04220,0.9991642353650696,0.10300530515154258,0.17024127792616905,0.1585509285645263,0.2999330952421091,0.007705596997558496,0.14518902201176578,0.3692294749474485
SAMPLE_04221,0.1222149655485647,0.064285678910442,0.059142877745066276,0.34401381992293695,0.10787112205406238,0.000597953593394585,0.6751216037398771,0.07184085764229683
SAMPLE_04222,0.9993223074071861,0.18896331140578818,0.08239886241139521,0.7012541884267,0.15973558185324957,0.14649360755766377,0.08185960250733933,0.321307122800706
SAMPLE_04223,0.8112648728227485,0.1100228673706106,0.14183139184395316,0.6679297776952269,0.17710755544536708,0.004056390285087095,0.026741712539959658,0.4100644781345514
SAMPLE_04224,0.9977698021112086,0.15085299527252843,0.0902356692465645,0.49269102243474605,0.11355445011373248,0.014507141221699294,0.0384306429106838,0.2782695572233225
SAMPLE_04225,0.9995112224793634,0.04691152523999815,0.06499489051967228,0.014322960098020405,0.05674085366517454,0.009091139299354782,0.024167114707149145,0.060555928838161445
SAMPLE_04226,0.999168523592451,0.03397188784141237,0.030125793268995203,0.006607514432251325,0.042271420569681625,0.0047228018262200615,0.025918794362253177,0.03476689752476941
SAMPLE_04227,0.9994264893673004,0.025100619228201913,0.057828343708792015,0.026617838491841014,0.06183664917712276,0.006662154642059814,0.024755792412780288,0.06961217142829569
SAMPLE_04228,0.8089085619264567,0.03421610570211159,0.034585010323658696,0.4128268688296839,0.054031274757629255,0.0007483299144549698,0.6737930458083328,0.07837912585569803
SAMPLE_04229,0.9993482035820634,0.07010990223547678,0.07392030887234335,0.4893312453227157,0.08688171816773867,0.020929943286948388,0.029743309634227017,0.2222238618383405
SAMPLE_04230,0.832921110926881,0.3071350752320334,0.2684882733300823,0.6520117546436466,0.24707185276375807,0.00226573085128732,0.11643043942940143,0.41038203797806677
SAMPLE_04231,0.5580978846277175,0.12516155089732345,0.1319444483333786,0.010909024987990335,0.13594507823994498,0.0011808777050322573,0.019981932371976156,0.2287864918270777
SAMPLE_04232,0.8962960281806429,0.11300922783618805,0.16042621215892958,0.6670763590768737,0.36795167777508975,0.0043091715261299466,0.0473905741463117,0.460673607725654
SAMPLE_04233,0.99945019308709,0.04777939412877345,0.04407814428025105,0.03945048236192474,0.07701440995813283,0.03224246850930635,0.03613160281118321,0.10935983174616869
SAMPLE_04234,0.9993452102056363,0.23930559221400638,0.17054234281191755,0.6580562342734703,0.2514383017180849,0.016810581780196496,0.055665456221176995,0.45935418109818804
SAMPLE_04235,0.999542481480289,0.44879328035310706,0.04712008896686881,0.284998689472673,0.20715283712860405,0.007611835684222027,0.021100016485947427,0.15104510203073465
SAMPLE_04236,0.1858374408107751,0.05667401717074344,0.05673763749333035,0.34400958465512443,0.10216023468223437,0.0006973011540172843,0.6759107982763972,0.06574682995436623
SAMPLE_04237,0.9988844914521924,0.024169810364212868,0.019431498139144323,0.01119562605928202,0.04364875058155818,0.0064713205529967135,0.0168315686413302,0.0317963448170427
SAMPLE_04238,0.4316115356328959,0.17972699518263097,0.21718770614585134,0.9591030767032798,0.19391486028605937,0.008561936398981902,0.6985923791994666,0.3053311380523758
SAMPLE_04239,0.9994170629569812,0.62765193257619,0.8691982265018507,0.6446982388104003,0.821652567532655,0.1673883500612227,0.26565631018131014,0.9169056088748282
SAMPLE_04240,0.08135711654675656,0.0970612287407073,0.2747899418849708,0.3907780962291415,0.5297391214068143,0.0007321836729722259,0.7174845665635909,0.4591143713991884
SAMPLE_04241,0.9990622428663302,0.044209350018365116,0.07277239375734658,0.010079505500146482,0.058733426986659204,0.00455465647303556,0.04184454081734634,0.047721049977896814
SAMPLE_04242,0.7013845547994644,0.23259279953487474,0.18507467183410453,0.6670669208070643,0.37253849593691896,0.0016039671011376304,0.1233284667639615,0.5045656310729474
SAMPLE_04243,0.998223555807809,0.24062097589349069,0.37626971730548503,0.6821692464182739,0.5125259752531056,0.029744477354822958,0.052819176985252396,0.4371702907862459
SAMPLE_04244,0.9994827101208095,0.09073935132313295,0.11320695459886589,0.007989726290693938,0.06707148369530534,0.005795671719316887,0.03258115389120408,0.09757472528723418
SAMPLE_04245,0.9994040833356517,0.010677888799192658,0.02034186849461075,0.01622240818335056,0.02390772080818191,0.00733597129979432,0.018896009065860944,0.04994845086134811
SAMPLE_04246,0.3581941414744602,0.07732590881265847,0.094646820477808,0.33785723442339693,0.051063194956844124,0.0007531901596586885,0.6722589312717708,0.036384010158803735
SAMPLE_04247,0.725708288075968,0.04684793079793473,0.03747394914389956,0.6676636028737831,0.06753774673603181,0.001924446785314094,0.04125003598066845,0.3393254948214991
SAMPLE_04248,0.9425946674260468,0.14294798144477008,0.15427819423373326,0.6653153175625388,0.3073762108469641,0.033602889448693024,0.051185624798895185,0.5463933994750224
SAMPLE_04249,0.4705842963695447,0.12499655308925993,0.1362201272832196,0.008268010244602272,0.28020154965706023,0.0016565208149913375,0.031604512418469816,0.3937921262181117
SAMPLE_04250,0.15803006798737687,0.0430091049753304,0.0508549011353678,0.33790714687662426,0.026739602939239538,0.0005467574177294279,0.6728325498728339,0.028580618434573747
SAMPLE_04251,0.8763602356290549,0.103387405665315,0.09653383035024726,0.35806304615141565,0.12829805666909794,0.0006114333827306726,0.6726840535054932,0.14392512686553596
SAMPLE_04252,0.9985988904074865,0.05642542166016727,0.11366516294213795,0.010701600737345678,0.11345954698353586,0.00860084348173161,0.04018341972313596,0.09534035441750269
SAMPLE_04253,0.41584442144497225,0.06698951314999481,0.07447604439636307,0.3483818642532506,0.08881661252165139,0.0009423749663460452,0.6818345220323258,0.11237724648859111
SAMPLE_04254,0.9994154497969694,0.21193209121142292,0.2697366282634728,0.3111610443777908,0.20642879809475284,0.2089689099926075,0.1325054751068726,0.16641474633233544
SAMPLE_04255,0.9051529237080207,0.13194455769693944,0.15312034209516096,0.6660415003751604,0.4890019873137113,0.001908442503793721,0.024144728082808216,0.7222080726509126
SAMPLE_04256,0.9995068008634093,0.1276702319275297,0.13787007261821493,0.14624767695734397,0.3380918668699884,0.0064819352821026575,0.07724183446874086,0.22128883113463668
SAMPLE_04257,0.9618037953374188,0.3905177795949566,0.08932360816649537,0.6639197934544421,0.21039655634076207,0.0012932720114365946,0.06096320300317912,0.42890987561047866
SAMPLE_04258,0.9991705162996327,0.41122650515283976,0.0548505630390705,0.6683108771162549,0.25978701068582044,0.044297822954165345,0.0715502630893446,0.31833403384161696
SAMPLE_04259,0.9991282205552097,0.46480834986433284,0.15400472046457261,0.6718440339088662,0.20118155966015333,0.07507023086005968,0.11040025695703164,0.3456712119509711
SAMPLE_04260,0.9993137719387047,0.018087825166181876,0.03526348362899015,0.014189762733136217,0.04571342726799456,0.004635254502219119,0.021660188148600944,0.057747360110500454
SAMPLE_04261,0.05507052574245156,0.04205803605713548,0.04094005033119368,0.33632932863733606,0.03548696655754506,0.00073033011032171,0.6749530923157723,0.04619892245353461
SAMPLE_04262,0.9991386420261734,0.12623534276472442,0.1211410338993302,0.01744927671041931,0.32817230374297685,0.0064155255347755295,0.021112196779753952,0.1544241243303429
SAMPLE_04263,0.9994505781333876,0.0869665191099343,0.12650706425733269,0.020758109541823774,0.1258529185074257,0.0625952614436981,0.10488610604534612,0.12626341682770956
SAMPLE_04264,0.8161421479429678,0.16322575170162895,0.16306022887978863,0.6675346590969828,0.40271374620700423,0.0016057837739616265,0.023526528687198813,0.6700320776295892
SAMPLE_04265,0.9995130268992709,0.2991574183216603,0.6071803357258465,0.3975254028611459,0.6747328577969914,0.02782892594895125,0.23425709957805113,0.7511352901664734
SAMPLE_04266,0.9992778004215688,0.22804030409446807,0.03531590618088783,0.6552585469243848,0.09050632510140261,0.01361509163838149,0.01587303596887306,0.33158216209407293
SAMPLE_04267,0.9634400998992976,0.10695382052184205,0.057928742591743534,0.6679642252907914,0.14466810816495715,0.0014649380511678892,0.02193277816287089,0.33644197424337396
SAMPLE_04268,0.783541358771007,0.11001680907985276,0.16528966653832144,0.6598972194852224,0.2960730648402902,0.0020171803334454543,0.021043018611772962,0.47227104104431394
SAMPLE_04269,0.6115240183174058,0.09385607338707898,0.10126751353252716,0.008624152445076172,0.1970389096475181,0.002923001423059256,0.02435662504017311,0.20058868780946562
SAMPLE_04270,0.9993603572031219,0.04135528212564879,0.07346490764227644,0.021328287002327452,0.046679898931571484,0.009811153167652865,0.025448290527598182,0.0418106955527061
SAMPLE_04271,0.9726140419108112,0.2979978699685531,0.19201831023503702,0.6660788486439573,0.736404839790492,0.0043174313422382395,0.10725811557756634,0.8306652013170791
SAMPLE_04272,0.9991832810792446,0.05710981253028072,0.09313536798717664,0.14905502423482772,0.12704901650923234,0.013406036244362443,0.047979629813396416,0.12630923341412242
SAMPLE_04273,1.0,0.7546944198739617,0.7362942664323164,0.9986888367357851,0.43645453715877597,1.0,0.9995530636807921,0.5641402657628571
SAMPLE_04274,0.940089699135545,0.20568541766843068,0.14685059951450952,0.6664591860475201,0.2210815249094653,0.003615922698583545,0.05686553825995721,0.36288672599561506
SAMPLE_04275,0.9994034300340631,0.03557085568834607,0.03504409590127622,0.009625643499253371,0.03029508797309568,0.011073076920881077,0.020662751521680775,0.026069362621089442
SAMPLE_04276,0.9994793762190846,0.04235604890086565,0.04517272897611115,0.016719359786282497,0.05145361707145843,0.02095582703810078,0.033155046274493616,0.07734480289634119
SAMPLE_04277,0.9992819761417499,0.43348780263017483,0.17313102852471135,0.6706039641364165,0.4006210820024792,0.11695879226335099,0.14359926208878035,0.6378328082073104
SAMPLE_04278,0.8677613661154987,0.09820823646014225,0.11013344302429336,0.3949967757256813,0.16436980756590763,0.0018190630096403427,0.017353821598400807,0.16509780001531688
SAMPLE_04279,0.07599174136563022,0.05402843247519032,0.0618101709515597,0.37290607000008824,0.04478384533821139,0.000979140796156206,0.6802477020888139,0.06721195855977134
SAMPLE_04280,0.9993807216003187,0.2319333251268752,0.2086924745573021,0.15856002739316008,0.23745575794685472,0.07888154784331511,0.11236032955998655,0.3367044345299214
SAMPLE_04281,0.9994267984137766,0.15508640174946348,0.09156927816180743,0.2874418356712837,0.1611275096580157,0.01826928204285134,0.04745970674524139,0.13452595498822292
SAMPLE_04282,0.9435095507118431,0.305560374526453,0.23090147704249786,0.6587883709140862,0.5862538943892408,0.002883391291822544,0.04914930559816303,0.6772127164933082
SAMPLE_04283,0.7503011707354749,0.28140873418285023,0.05682446607280586,0.9974076641381507,0.09352882900736342,0.00044635315355931693,0.67168537954006,0.33578513848839026
SAMPLE_04284,0.0788059781395816,0.04914299226012467,0.04498298407001582,0.9876794486806042,0.03582404311175531,0.00046502171246809795,0.6728525710854322,0.33338605626344064
SAMPLE_04285,0.9995216044534984,0.47307685053678616,0.7475360379325152,0.6458017938142635,0.26565517214973705,0.0777885630996035,0.2255763525226104,0.37641339860267187
SAMPLE_04286,0.8225237932230063,0.11137949898709629,0.1304220923913723,0.6397172379818716,0.3126332260839841,0.0006461855841009374,0.6887182675066625,0.35133759874349046
SAMPLE_04287,0.9559637088725794,0.1921128114821651,0.20913492154828314,0.6633397167068477,0.2813404409554543,0.0022279384017469994,0.10703122671889553,0.5195675497707806
SAMPLE_04288,0.9994056502048756,0.04775894056613715,0.07890170535768673,0.02145569847611665,0.05829985378747289,0.00803524862911732,0.05079321946246163,0.08799128660787381
SAMPLE_04289,0.3684010375912191,0.04038044719368838,0.031598067149789306,0.9787026336490818,0.048268937649575516,0.0005880943738914908,0.6746780448196824,0.31842232497249456
SAMPLE_04290,0.834087767572767,0.15323451717454223,0.15271359952927388,0.35477422099005507,0.5077523170372257,0.001496540811146379,0.6948708671720277,0.5751249052938958
SAMPLE_04291,0.950594864405155,0.49770654676722537,0.45754153699073485,0.667049108347024,0.5646238497845861,0.001630004926054451,0.19212244516306592,0.6983829779015902
SAMPLE_04292,0.9503253525376287,0.11369129790300482,0.08706308059637972,0.6668145530834393,0.3924336307429998,0.0021691260841234673,0.02523356622179784,0.42355828327537476
SAMPLE_04293,0.9992464305194717,0.0668793633292124,0.061118706198742906,0.011201217414591187,0.10338798449871148,0.004507909472073465,0.02920472314562416,0.13889493175373863
SAMPLE_04294,0.9992808118203529,0.34605668424960623,0.06417775388623631,0.5588934664006914,0.16773167777982684,0.00916636159359073,0.020165723435286116,0.21356203231170537
SAMPLE_04295,0.9991448367253873,0.04096080455188053,0.05515107926426601,0.019979147790875246,0.055578760705828456,0.007804213889468982,0.02988466033844024,0.07669074513818704
SAMPLE_04296,0.9992259220144393,0.13762271133413517,0.19155091592007795,0.6835936144297557,0.17449042704571907,0.019183572971612023,0.10609301898316068,0.3569601712615058
SAMPLE_04297,0.10428977841764678,0.04846198974157617,0.09431834024172098,0.33937316625931546,0.10086893033142841,0.0006419191253362271,0.6949821265336626,0.0874022377368475
SAMPLE_04298,1.0,0.7647559946091957,0.7428466535902651,0.9987644792254957,0.479136615885821,1.0,0.9994112276769618,0.5390975684018202
SAMPLE_04299,0.9994616757564423,0.051212205374761524,0.06853725594903134,0.015548669961672888,0.08477831898191632,0.006851489532788483,0.0432392741426074,0.06923593123250565
SAMPLE_04300,0.9990293209157731,0.04089653265767901,0.048210134031830984,0.6658728412000928,0.049216420029268355,0.009101507131626552,0.02522212841441929,0.3260661764703342
SAMPLE_04301,0.999016048309431,0.24638365615165403,0.08064072994776224,0.679416200711149,0.18048394696498019,0.028858810455758728,0.06118860075839022,0.3344330030436988
SAMPLE_04302,0.9995013586129392,0.17022001180961627,0.04125144885169311,0.019574850033628757,0.1737800968615373,0.011632532841049467,0.01600159766052793,0.05119792432590623
SAMPLE_04303,0.9994701366365152,0.051506738241433786,0.07849454770232314,0.18023105593469133,0.10834145241933688,0.024957905521761307,0.0391823445759358,0.1023200522119968
SAMPLE_04304,0.8611904765064654,0.13703494044224163,0.1374179259046758,0.6675676338381702,0.19462159435832482,0.0019527382133815196,0.05387537578417007,0.48468060102560356
SAMPLE_04305,0.9994474640635609,0.18572585905484568,0.09316890596825175,0.0688837237139902,0.19019930807303254,0.016328987841733384,0.06453367683329143,0.11150153082313775
SAMPLE_04306,0.5048388932071504,0.0645481722115406,0.05645245106034426,0.8870230149046194,0.10537632421991806,0.0007719971218450204,0.677344850883655,0.30105449114063837
SAMPLE_04307,0.9994431001583445,0.04757221479071736,0.06176717482377327,0.018673278508412054,0.07331637928019535,0.10842821973372471,0.04110723829896306,0.05082179231715071
SAMPLE_04308,0.8896607293126313,0.10073542439749164,0.1304668736346293,0.6651321229345333,0.0970671972867137,0.0019352100187357496,0.024017738471691485,0.34589362474811514
SAMPLE_04309,0.3637475634166087,0.031729515556308915,0.030673080731400956,0.3426849411609106,0.031639758890612504,0.0005477532905436628,0.6730640054479418,0.025833042374099873
SAMPLE_04310,1.0,0.7968477642272118,0.7960385347113713,0.9988105067687787,0.6116132670922891,1.0,0.999712419138652,0.6797524631111946
SAMPLE_04311,0.9326257437958081,0.3737734891298666,0.24120630702633666,0.6672679161009949,0.392239847908908,0.0013140654110715495,0.14876035776045693,0.5410578446122198
SAMPLE_04312,0.999487063686956,0.31122590010551715,0.03238603469896185,0.17283279811252802,0.18001984276829167,0.006855001416159448,0.03815300310017222,0.1806352903604937
SAMPLE_04313,0.9994627319457748,0.026296268735378884,0.03910825174853767,0.010717247132816007,0.035542129914417464,0.006066479707873404,0.022897134003294094,0.02997205557666553
SAMPLE_04314,0.9993206005001314,0.1452371342059774,0.193066168421467,0.6549459417504376,0.22637201816299712,0.011103746445045345,0.12010978321348748,0.3553814938350692
SAMPLE_04315,0.923467259358324,0.25188465044275965,0.4128940790722465,0.4033190476071886,0.6213570267187113,0.0006943542694147471,0.7603275936026105,0.6928442844131171
SAMPLE_04316,0.9993502152659405,0.1286829272903588,0.04264461680098506,0.6678046063760307,0.1151527155845579,0.013870779793820474,0.04888731717430782,0.3499342000880237
SAMPLE_04317,0.9757611527520313,0.20260844367439423,0.18923887051847077,0.6672250001715327,0.5190989585983947,0.002597926828151208,0.05523866836899815,0.37305475094713314
SAMPLE_04318,0.9994173432248921,0.07820128438129577,0.04270153551927067,0.23141274073117019,0.1444691015129285,0.04788080598946936,0.03595370499547094,0.15309996982101787
SAMPLE_04319,0.794040625997602,0.43275900904645753,0.11183190419258318,0.6610084561631189,0.2335747865374167,0.0017534946447024212,0.02607413694245978,0.49918143227362355
SAMPLE_04320,0.9993711739028948,0.09478157266688805,0.0799631295720625,0.665471723316112,0.08912221376542731,0.009881377786430497,0.033824518932350334,0.32037516158059465
SAMPLE_04321,0.23417100809491354,0.1862317661096959,0.2255682058475295,0.33983637278307105,0.2996421768154055,0.0007821098710132129,0.6952008693810028,0.269238024777049
SAMPLE_04322,0.9525326325298584,0.36998514099599256,0.2086502039798493,0.6676131108964977,0.4847423920194484,0.00147955180805328,0.07005373615506273,0.4686578436229636
SAMPLE_04323,0.9990198063248528,0.12091550068212886,0.4043832728072849,0.029738135056876586,0.1461609260669835,0.010306668565951626,0.1367148966405569,0.18789469193737907
SAMPLE_04324,0.573682037955036,0.2412946776397784,0.2195502813540561,0.6681149836605549,0.18224850815728236,0.0035949838716041347,0.1305968072613961,0.47339672708174096
SAMPLE_04325,0.7676897044334978,0.22515256952947663,0.21052008681082873,0.36627848366500576,0.3322920573497277,0.0005432634636312176,0.7035330409894219,0.32838627336864396
SAMPLE_04326,0.8426907777309944,0.2753152063778386,0.2649791317997582,0.06324132644020175,0.4815942936011613,0.0014503315527116024,0.08571476469654647,0.39128421916582534
SAMPLE_04327,0.5755866093257489,0.17606159211878675,0.08094787941352238,0.504702538548921,0.1447325741118633,0.0009386065720594631,0.6973136035999846,0.17654380092840555
SAMPLE_04328,0.8687621898994224,0.14148877974747492,0.16309275495592188,0.9758420463300947,0.2248815051326091,0.0005162224472210629,0.6768414617439418,0.5351311955135084
SAMPLE_04329,0.9967302266935805,0.30929575298947637,0.37657423408198876,0.6391384493551989,0.27611636179530274,0.043808238930323797,0.08241133298011685,0.4686742924834315
SAMPLE_04330,0.9992315461190726,0.3157478954722879,0.1107327386197141,0.6377956203199219,0.13477606868098857,0.021300186983985673,0.03204084538393158,0.26578279373638586
SAMPLE_04331,0.9993065298525363,0.18375786128408206,0.09848490991111469,0.5212264568725913,0.10380196419374046,0.047298764298600804,0.038864724265169695,0.15922440288361459
SAMPLE_04332,0.984620043585057,0.47262750208424376,0.16509286596984243,0.6669984689286814,0.31961998010283305,0.001053924883687565,0.1008461558742025,0.3339632074579673
SAMPLE_04333,0.09123257231708075,0.04856484808803568,0.04435677508579997,0.34204317695667796,0.033828021679004804,0.0007608125939699084,0.6820129697739609,0.05413555546994822
SAMPLE_04334,0.9698225608190494,0.15062221306116244,0.15516878567621412,0.6663470667563542,0.4557104083090257,0.0018228702621929807,0.09265621278395418,0.5260030554704738
SAMPLE_04335,0.9993897748617748,0.03587358839582206,0.04712797070752682,0.011401221761648744,0.03618783837028332,0.009430374745599435,0.021987185493157712,0.044534219640052004
SAMPLE_04336,0.916346768813896,0.1138429137604753,0.14411692824194103,0.6668962166872634,0.39463281057609134,0.0021397475922241126,0.06070064811920979,0.3572291253213121
SAMPLE_04337,1.0,0.8318965980160086,0.8128176271129031,0.9978657069153983,0.7835265156480138,1.0,0.9994530212003734,0.85188920329011
SAMPLE_04338,0.9995238094862613,0.33817378888027616,0.1825454987632604,0.3342719186981244,0.21990268655590015,0.004445968507396505,0.1148781472714167,0.20180676032915695
SAMPLE_04339,0.9592227318338888,0.6075714322109228,0.26003136756251655,0.6668454904436295,0.7936962939439315,0.00435820544420863,0.03746732572038327,0.4898464763599408
SAMPLE_04340,1.0,0.7726861755034456,0.7439188290785499,0.9984012962144381,0.47233661244639374,1.0,0.9992639928453897,0.5706796999458339
SAMPLE_04341,0.9987002153861355,0.4539977377341962,0.15951375108109148,0.6787700494320379,0.21617183168936444,0.03503513880620737,0.07073184991821016,0.4292709309141343
SAMPLE_04342,0.9992428880676869,0.07853560573075863,0.07727816381324606,0.061718769361083746,0.12201708289047851,0.003537907698796635,0.010951904933733145,0.08085637612204995
SAMPLE_04343,0.48786949755834386,0.23103516071758692,0.4595519998778291,0.9849783848052904,0.571836630180375,0.0007981483716886111,0.7549858740665716,0.8683266669387888
SAMPLE_04344,0.8727592575356187,0.20328905006472203,0.2290088385661059,0.014250215130624763,0.4444150316085236,0.001974694577702478,0.11661665487745518,0.4222270208926153
SAMPLE_04345,0.17196853712019952,0.05629596216286128,0.08108256002485643,0.3350122299520302,0.035951394223969896,0.0006627209025483303,0.6745297335499687,0.03080216156602986
SAMPLE_04346,0.9867165571467862,0.2526232769266864,0.2555108029582231,0.1470438411065413,0.2082040667877285,0.06010550021702563,0.2166547061364848,0.28055452513006607
SAMPLE_04347,0.9992508723078783,0.34901383194970037,0.13935899552782316,0.6929198951129744,0.18252838740329644,0.08111034108066838,0.09212500253184287,0.3553276064220309
SAMPLE_04348,0.688439141755898,0.4284460603107684,0.3207650400353343,0.665898986202382,0.4416122708286523,0.005711931921262466,0.10840841681279977,0.6754992670956089
SAMPLE_04349,0.9473923932747025,0.24134769445164983,0.19344972350038253,0.6637471361271852,0.2577600744851366,0.0017874888834100739,0.06301067616291672,0.35566965854780497
SAMPLE_04350,0.823124305497095,0.0979097112971575,0.12422576520135503,0.3504255814844544,0.33297754285673314,0.0006303689979957991,0.6907684963094464,0.2785238478798015
SAMPLE_04351,0.9992135042820827,0.02511219277692716,0.032323199854477964,0.025575907794893663,0.07363651006751121,0.006531373210735317,0.020842893752574275,0.07956608086700653
SAMPLE_04352,0.5629135893217725,0.09623218666962753,0.08705447426984658,0.6660149388908855,0.14795114978217072,0.0018039710414507932,0.08107385999375728,0.3472264826455309
SAMPLE_04353,0.8821509081561871,0.44572604246591097,0.24745236859177214,0.6613584744695641,0.3857145191377258,0.00126219383487912,0.05747071743961145,0.51072185281298
SAMPLE_04354,0.5844196252883048,0.34709996136331067,0.21448806718304933,0.6665467679384882,0.3196786276882524,0.002492828246796888,0.053243267883091194,0.39980605952814774
SAMPLE_04355,0.19960966649152667,0.11348920331352369,0.12090551465051236,0.3399612320479638,0.1403250814883845,0.0014877857364481747,0.6857206155675579,0.12942888169801606
SAMPLE_04356,0.9990189443230126,0.1803146994493883,0.15437438716882002,0.6799297548576626,0.07286730339619535,0.011217018754325184,0.060852757154437276,0.3710425402752992
SAMPLE_04357,0.6667734217380262,0.10155615163171527,0.053984009501424755,0.33953853532001155,0.15843472898568708,0.0005403800560287871,0.6739098345112853,0.17911462119656105
SAMPLE_04358,0.9992906781142512,0.08622816344233677,0.13316830451363335,0.00910937034102792,0.07325205503579313,0.01919447866295326,0.05330578415507905,0.07351738815189238
SAMPLE_04359,0.7742519659970645,0.36318144743694947,0.16905718486814852,0.6680391849189045,0.1502914535018807,0.0015223171396406172,0.10407182224306111,0.3649781808294511
