sample_id,Ampicillin,Levofloxacin,Ciprofloxacin,Imipenem,Amoxicillin_Clavulanic_acid,Ertapenem,Cefotaxime,Cefuroxime
SAMPLE_03360,0.5942647058823529,0.01847058823529412,0.013294117647058826,0.5979411764705882,0.0411764705882353,0.42711764705882366,0.11947058823529412,0.04264705882352941
SAMPLE_03361,0.03688235294117647,0.41494117647058826,0.30135294117647055,1.0,0.03364705882352942,0.1428235294117647,0.05294117647058823,0.21894117647058822
SAMPLE_03362,0.20447058823529418,0.662941176470588,0.684705882352941,0.06658823529411764,0.44300000000000006,0.3786470588235294,0.4791764705882353,0.4735294117647058
SAMPLE_03363,0.09676470588235295,0.26941176470588235,0.26635294117647057,1.0,0.060352941176470574,0.21511764705882352,0.16600000000000004,0.03164705882352942
SAMPLE_03364,0.13352941176470587,0.7658235294117645,0.8572941176470588,0.1638235294117647,0.5427058823529411,0.3106470588235294,0.5776470588235294,0.7555882352941177
SAMPLE_03365,0.3445294117647059,0.48252941176470576,0.54,0.07988235294117646,0.5843529411764705,0.27599999999999997,0.8261176470588235,0.6786470588235296
SAMPLE_03366,0.2617058823529411,0.8491176470588235,0.8184117647058823,1.0,0.30070588235294116,0.11917647058823529,0.6137058823529412,0.7243529411764706
SAMPLE_03367,0.365,0.8544117647058823,0.8921764705882352,0.21541176470588233,0.7548235294117646,0.2970588235294118,0.5939411764705883,0.7599411764705881
SAMPLE_03368,0.1862941176470588,0.9505882352941176,0.9181176470588237,1.0,0.1491764705882353,0.14311764705882354,0.7778823529411765,0.7355882352941175
SAMPLE_03369,0.32817647058823535,0.9536470588235294,0.9668823529411765,0.055,0.727235294117647,0.4564117647058823,0.7388823529411765,0.8395882352941177
SAMPLE_03370,0.3734117647058824,0.5584705882352942,0.5964705882352941,0.5963529411764705,0.5890000000000001,0.43117647058823527,0.5877058823529412,0.8656176470588236
SAMPLE_03371,0.234,0.19788235294117645,0.2228235294117647,0.18647058823529414,0.39905882352941174,0.25470588235294117,0.21888235294117656,0.8158823529411765
SAMPLE_03372,0.31776470588235295,0.5439411764705883,0.455,0.3359411764705882,0.6141176470588237,0.414529411764706,0.5554117647058824,0.7431764705882353
SAMPLE_03373,0.3432352941176471,0.2155294117647058,0.17011764705882357,0.1658235294117647,0.8173529411764708,0.3728823529411765,0.6247058823529412,0.7240000000000001
SAMPLE_03374,0.03641176470588236,0.31735294117647056,0.13917647058823526,1.0,0.11070588235294118,0.12170588235294118,0.08488235294117649,0.019058823529411767
SAMPLE_03375,0.3531764705882353,0.4940000000000001,0.4725882352941177,0.09964705882352941,0.5664705882352943,0.21976470588235295,0.39576470588235296,0.655470588235294
SAMPLE_03376,0.16670588235294118,0.9200588235294118,0.9467058823529411,0.3061176470588235,0.6734117647058824,0.48905882352941177,0.8390588235294119,0.7117647058823531
SAMPLE_03377,0.3264705882352941,0.5959411764705882,0.5586470588235295,0.06529411764705884,0.5641176470588235,0.2251176470588236,0.4304117647058824,0.5474117647058824
SAMPLE_03378,0.7587352941176471,0.18794117647058822,0.11688235294117647,0.2796470588235294,0.6091176470588234,0.47958823529411765,0.2588235294117647,0.3948235294117647
SAMPLE_03379,0.6529705882352941,0.3472352941176471,0.4868235294117646,0.47329411764705887,0.7962941176470588,0.8438235294117648,0.728764705882353,0.7730588235294118
SAMPLE_03380,0.37847058823529417,0.8510588235294118,0.9312352941176472,0.181,0.8474117647058824,0.36582352941176466,0.6391764705882353,0.5031764705882353
SAMPLE_03381,0.23882352941176468,0.401,0.3669411764705882,0.1251764705882353,0.7129411764705881,0.24476470588235297,0.5202941176470589,0.7638823529411765
SAMPLE_03382,0.688970588235294,0.24141176470588235,0.3729411764705883,0.45505882352941174,0.2831764705882353,0.5788823529411763,0.2512941176470588,0.27282352941176463
SAMPLE_03383,0.7982058823529411,0.3334117647058823,0.23305882352941176,0.20888235294117646,0.3486470588235295,0.3871764705882353,0.35058823529411764,0.2776470588235294
SAMPLE_03384,0.6200588235294118,0.4933529411764705,0.5334705882352941,0.6941176470588236,0.5152352941176471,0.8105294117647058,0.6538235294117646,0.4147058823529412
SAMPLE_03385,0.23482352941176474,0.5625294117647058,0.5819999999999999,0.20458823529411763,0.6994117647058823,0.34835294117647064,0.6261764705882353,0.6909411764705882
SAMPLE_03386,0.3724705882352941,0.8221764705882353,0.8087058823529414,0.23576470588235293,0.6275882352941176,0.36600000000000005,0.6551176470588236,0.7423529411764705
SAMPLE_03387,0.023647058823529413,0.25441176470588234,0.2915294117647059,1.0,0.11564705882352941,0.23435294117647054,0.09964705882352942,0.2278235294117647
SAMPLE_03388,0.048647058823529425,0.4949411764705882,0.44611764705882356,1.0,0.23276470588235293,0.09141176470588236,0.07776470588235294,0.786
SAMPLE_03389,0.846029411764706,0.2712941176470589,0.31905882352941173,0.21911764705882353,0.337235294117647,0.4076470588235295,0.32517647058823534,0.11864705882352938
SAMPLE_03390,0.8645,0.07194117647058823,0.07764705882352942,0.18223529411764705,0.8293529411764704,0.3415882352941177,0.1398235294117647,0.332
SAMPLE_03391,0.5761764705882351,0.6279411764705882,0.589764705882353,0.36976470588235294,0.18941176470588236,0.5569999999999999,0.6931176470588235,0.3038235294117647
SAMPLE_03392,0.7946470588235295,0.07405882352941175,0.04882352941176471,0.32847058823529407,0.19658823529411762,0.491764705882353,0.17570588235294118,0.11735294117647059
SAMPLE_03393,0.7143823529411764,0.323235294117647,0.4601176470588236,0.5391764705882353,0.5195294117647058,0.7741176470588236,0.6865882352941175,0.2191176470588235
SAMPLE_03394,0.8515588235294117,0.44294117647058817,0.5918235294117647,0.581,0.5158235294117647,0.7694705882352942,0.5901764705882354,0.34652941176470586
SAMPLE_03395,0.7831764705882353,0.24923529411764705,0.3381176470588236,0.19494117647058823,0.3069411764705883,0.35876470588235293,0.5854117647058823,0.2812941176470588
SAMPLE_03396,0.11341176470588235,0.5546470588235294,0.6126470588235293,1.0,0.2666470588235294,0.155,0.1013529411764706,0.16499999999999998
SAMPLE_03397,0.31558823529411756,0.9126470588235296,0.874,0.2417647058823529,0.6868235294117647,0.40529411764705886,0.916764705882353,0.7171176470588235
SAMPLE_03398,0.2663529411764706,0.8813529411764706,0.9013529411764707,0.25741176470588234,0.6284705882352941,0.4167647058823529,0.815764705882353,0.7555882352941178
SAMPLE_03399,0.20729411764705882,0.6631176470588235,0.5752941176470587,1.0,0.5025882352941177,0.16658823529411765,0.05517647058823529,0.145
SAMPLE_03400,0.8252058823529412,0.24347058823529408,0.4134705882352941,0.3995882352941176,0.6095294117647059,0.5324117647058823,0.4982352941176471,0.43382352941176466
SAMPLE_03401,0.7330588235294118,0.14888235294117647,0.16105882352941175,0.5995294117647059,0.6206470588235294,0.6490588235294118,0.5531764705882353,0.22405882352941178
SAMPLE_03402,0.14170588235294115,0.7497058823529412,0.6898235294117647,1.0,0.3126470588235294,0.04947058823529411,0.2339411764705883,0.08058823529411765
SAMPLE_03403,0.8373529411764706,0.4279411764705882,0.46164705882352935,0.3976470588235294,0.6111176470588235,0.7402352941176471,0.3466470588235294,0.4217058823529411
SAMPLE_03404,0.4500294117647059,0.7637941176470587,0.7098823529411765,0.7338235294117647,0.7995294117647059,0.8225294117647058,0.8778529411764706,0.8004705882352939
SAMPLE_03405,0.37435294117647056,0.6427058823529412,0.732470588235294,0.33141176470588235,0.8854117647058823,0.6064117647058823,0.7868823529411765,0.8340588235294119
SAMPLE_03406,0.8329411764705883,0.26435294117647057,0.2538235294117647,0.31176470588235294,0.3471176470588236,0.376,0.4750588235294118,0.1766470588235294
SAMPLE_03407,1.0,0.7147058823529412,0.4651764705882353,0.7928823529411765,1.0,1.0,1.0,1.0
SAMPLE_03408,0.4831764705882352,0.4244117647058824,0.493,0.5912352941176471,0.8208235294117648,0.8615882352941177,0.7622352941176471,0.7587647058823529
SAMPLE_03409,0.03952941176470588,0.6490588235294118,0.5558823529411763,1.0,0.3125294117647059,0.11482352941176469,0.08976470588235295,0.6942941176470588
SAMPLE_03410,1.0,0.7819411764705881,0.6670588235294117,0.8118823529411765,1.0,1.0,1.0,1.0
SAMPLE_03411,0.6997352941176471,0.10164705882352942,0.04064705882352942,0.6482352941176471,0.4786470588235294,0.7909411764705883,0.6068235294117647,0.44805882352941184
SAMPLE_03412,0.6264117647058823,0.4053529411764706,0.3539411764705883,0.5892352941176471,0.8994705882352942,0.774,0.4013529411764706,0.4094117647058823
SAMPLE_03413,0.7323235294117646,0.19458823529411767,0.1691176470588236,0.40711764705882353,0.44594117647058823,0.6365882352941176,0.2817058823529412,0.3759411764705882
SAMPLE_03414,0.03152941176470588,0.6605882352941177,0.6081764705882352,1.0,0.09876470588235295,0.1480588235294118,0.7036470588235294,0.42782352941176477
SAMPLE_03415,0.6855588235294118,0.16976470588235296,0.14705882352941177,0.5092941176470588,0.26294117647058823,0.6157058823529411,0.3485882352941176,0.24635294117647058
SAMPLE_03416,0.7771470588235294,0.6804117647058823,0.663764705882353,0.693294117647059,0.8518823529411765,0.7872352941176469,0.7422352941176472,0.8642352941176471
SAMPLE_03417,0.08205882352941177,0.21929411764705886,0.18994117647058828,1.0,0.022176470588235294,0.08376470588235295,0.041941176470588225,0.03329411764705883
SAMPLE_03418,0.6500882352941177,0.5442941176470588,0.4933529411764706,0.5122941176470589,0.5644117647058824,0.7939411764705882,0.5824117647058823,0.5324117647058823
SAMPLE_03419,0.7915588235294118,0.6715882352941175,0.5771176470588235,0.6075882352941178,0.7707058823529412,0.8742941176470587,0.8772941176470587,0.3235294117647059
SAMPLE_03420,0.6051764705882353,0.7914117647058823,0.7198823529411765,0.6738823529411765,0.6522941176470587,0.6837058823529413,0.928235294117647,0.7113529411764705
SAMPLE_03421,0.2167058823529412,0.6929411764705883,0.5966470588235293,0.10535294117647061,0.33952941176470597,0.28700000000000003,0.5898823529411765,0.31429411764705883
SAMPLE_03422,0.7377941176470588,0.5727058823529411,0.5574705882352942,0.5724117647058824,0.8706470588235293,0.6575882352941176,0.8383529411764706,0.41117647058823537
SAMPLE_03423,0.13364705882352942,0.5414117647058823,0.5114117647058823,0.19823529411764707,0.3529411764705883,0.3148823529411764,0.35976470588235304,0.22941176470588234
SAMPLE_03424,0.12858823529411764,0.6284117647058823,0.6784117647058823,0.37323529411764705,0.3646470588235294,0.6384117647058825,0.5148235294117648,0.8008823529411765
SAMPLE_03425,0.6608823529411766,0.5650588235294115,0.5928235294117645,0.7370588235294118,0.8257058823529412,0.9421764705882353,0.37205882352941183,0.6398823529411765
SAMPLE_03426,0.5898529411764706,0.4284117647058824,0.6334705882352941,0.4766470588235293,0.7301764705882354,0.8795294117647061,0.6955882352941176,0.8970588235294119
SAMPLE_03427,0.6974117647058824,0.09935294117647056,0.2807058823529412,0.5673529411764706,0.3225294117647058,0.5055882352941177,0.25729411764705884,0.23500000000000004
SAMPLE_03428,0.18176470588235294,0.4104117647058823,0.3825294117647059,0.0571764705882353,0.5401176470588236,0.18852941176470586,0.25476470588235295,0.9328823529411764
SAMPLE_03429,0.071,0.4877058823529411,0.48147058823529415,1.0,0.04970588235294119,0.11735294117647059,0.6844705882352943,0.07258823529411765
SAMPLE_03430,0.7511764705882352,0.543235294117647,0.6467647058823529,0.39470588235294113,0.5604117647058823,0.4153529411764706,0.6275882352941176,0.5678235294117647
SAMPLE_03431,0.6330588235294118,0.043058823529411774,0.05664705882352942,0.6280000000000001,0.09382352941176472,0.4461764705882353,0.46505882352941164,0.3119411764705883
SAMPLE_03432,0.40611764705882347,0.7635882352941177,0.7908823529411766,0.21152941176470588,0.717470588235294,0.5514117647058824,0.9231764705882354,0.796764705882353
SAMPLE_03433,0.16729411764705882,0.5301176470588236,0.514,1.0,0.14647058823529413,0.41552941176470587,0.1011764705882353,0.4660588235294118
SAMPLE_03434,0.7536470588235293,0.5422941176470589,0.7132941176470589,0.6354117647058823,0.6018235294117646,0.8842941176470589,0.7287058823529412,0.4900588235294117
SAMPLE_03435,0.8182941176470586,0.05164705882352941,0.07247058823529412,0.31376470588235295,0.20682352941176474,0.42411764705882354,0.29358823529411765,0.2831764705882353
SAMPLE_03436,0.8791470588235294,0.13447058823529412,0.11976470588235294,0.3695882352941177,0.2147647058823529,0.4461176470588235,0.4455294117647059,0.22735294117647062
SAMPLE_03437,0.8527647058823529,0.12117647058823527,0.15835294117647059,0.19999999999999998,0.14247058823529413,0.3212941176470588,0.3353529411764706,0.1807058823529412
SAMPLE_03438,0.3184705882352941,0.9714117647058823,0.9761176470588234,0.26688235294117646,0.5352352941176471,0.33235294117647063,0.5524117647058823,0.22370588235294117
SAMPLE_03439,0.6591176470588236,0.24341176470588236,0.11770588235294117,0.5036470588235293,0.3325294117647059,0.5901764705882353,0.4703529411764706,0.16117647058823528
SAMPLE_03440,0.43776470588235294,0.923529411764706,0.9722941176470589,0.20794117647058824,0.6851176470588235,0.4641764705882353,0.8161176470588235,0.5974705882352941
SAMPLE_03441,0.37058823529411766,0.6626470588235295,0.6244117647058822,0.25976470588235295,0.5910588235294117,0.36276470588235293,0.618764705882353,0.6656470588235296
SAMPLE_03442,0.7761470588235294,0.01988235294117647,0.022411764705882357,0.4542941176470588,0.48464705882352943,0.578058823529412,0.3101176470588235,0.38711764705882357
SAMPLE_03443,0.781558823529412,0.8353529411764706,0.8592941176470591,0.5544705882352942,0.8925294117647059,0.7375882352941177,0.8265294117647058,0.5269411764705882
SAMPLE_03444,0.12258823529411768,0.4281176470588235,0.3352941176470588,1.0,0.08835294117647058,0.03494117647058823,0.04058823529411765,0.6900000000000001
SAMPLE_03445,0.6547647058823529,0.5526470588235294,0.4048235294117647,0.5239411764705884,0.6056470588235294,0.7285294117647058,0.5645294117647058,0.6564117647058823
SAMPLE_03446,0.5653529411764705,0.7333529411764705,0.7151176470588235,0.5609411764705883,0.5950588235294116,0.5022941176470589,0.5009411764705882,0.5442352941176472
SAMPLE_03447,0.3735882352941177,0.7597058823529411,0.8705882352941176,0.13170588235294117,0.6262941176470589,0.3140588235294117,0.7065294117647059,0.6143529411764705
SAMPLE_03448,0.7026764705882352,0.32735294117647057,0.21741176470588233,0.672470588235294,0.9425294117647061,0.8261764705882354,0.693,0.5947058823529412
SAMPLE_03449,0.3352352941176471,0.21711764705882358,0.14805882352941174,0.13852941176470587,0.6415882352941177,0.5697058823529411,0.41500000000000004,0.6599999999999999
SAMPLE_03450,0.1534117647058824,0.19276470588235298,0.08958823529411762,0.185,0.5901176470588234,0.32111764705882356,0.2636470588235294,0.4232941176470589
SAMPLE_03451,0.09423529411764706,0.9611764705882355,0.9597647058823529,1.0,0.10117647058823527,0.26317647058823523,0.6782352941176472,0.6243529411764707
SAMPLE_03452,0.2788235294117647,0.5844117647058823,0.629235294117647,0.1332941176470588,0.634,0.25470588235294117,0.30047058823529416,0.7162352941176471
SAMPLE_03453,0.10452941176470588,0.5373529411764705,0.5095294117647058,1.0,0.28423529411764703,0.134,0.2645882352941176,0.24776470588235291
SAMPLE_03454,0.6003823529411764,0.24535294117647066,0.34058823529411764,0.3173529411764706,0.3858235294117648,0.33023529411764707,0.25241176470588234,0.17023529411764707
SAMPLE_03455,0.7148529411764707,0.31670588235294117,0.49376470588235283,0.4627058823529411,0.4265294117647058,0.7544705882352939,0.5304117647058824,0.34594117647058825
SAMPLE_03456,0.7645294117647058,0.333,0.4488823529411765,0.4015882352941176,0.39229411764705885,0.6782941176470588,0.33205882352941174,0.2021764705882353
SAMPLE_03457,0.268235294117647,0.7661764705882353,0.8978823529411765,0.3165294117647059,0.9185294117647059,0.7589999999999999,0.7178235294117645,0.7471764705882352
SAMPLE_03458,0.4467058823529411,0.5647058823529412,0.8645882352941177,0.39258823529411774,0.8668235294117647,0.6405882352941177,0.8501176470588235,0.8140588235294117
SAMPLE_03459,0.6852941176470588,0.7082352941176472,0.6925882352941176,0.7404117647058824,0.914529411764706,0.9238235294117646,0.8073529411764705,0.548235294117647
SAMPLE_03460,0.8327941176470587,0.3635294117647059,0.41147058823529414,0.49294117647058816,0.7696470588235292,0.7340588235294118,0.6315882352941176,0.3810588235294117
SAMPLE_03461,0.3905294117647058,0.4202352941176471,0.7572941176470589,0.09376470588235296,0.7201764705882354,0.42000000000000004,0.7422941176470587,0.7613529411764706
SAMPLE_03462,0.3730588235294118,0.35205882352941176,0.35411764705882354,0.13105882352941178,0.6808235294117647,0.31888235294117656,0.6718235294117646,0.9252058823529412
SAMPLE_03463,1.0,0.7848235294117647,0.5714117647058823,0.7957647058823529,1.0,1.0,1.0,1.0
SAMPLE_03464,0.8320882352941177,0.035705882352941185,0.046,0.2926470588235294,0.7779411764705884,0.3533529411764705,0.13247058823529412,0.29047058823529415
SAMPLE_03465,0.6603235294117646,0.8015294117647057,0.6057058823529413,0.41011764705882353,0.45264705882352946,0.533,0.4719411764705883,0.38517647058823523
SAMPLE_03466,0.09376470588235293,0.6691764705882354,0.566,1.0,0.22494117647058823,0.06905882352941176,0.2177058823529412,0.061529411764705874
SAMPLE_03467,0.429,0.9560588235294115,0.9536470588235292,0.5344117647058823,0.6835294117647058,0.5588235294117647,0.9463529411764704,0.9105882352941175
SAMPLE_03468,0.16852941176470587,0.5371764705882351,0.5112941176470588,0.14364705882352943,0.5065294117647058,0.2812941176470588,0.2378235294117647,0.3628235294117647
SAMPLE_03469,0.7346470588235293,0.13205882352941178,0.3996470588235294,0.5861764705882352,0.44382352941176473,0.6920000000000001,0.3389411764705882,0.33129411764705885
SAMPLE_03470,0.869264705882353,0.34652941176470586,0.2744117647058824,0.3571764705882353,0.2816470588235294,0.714764705882353,0.338,0.08523529411764703
SAMPLE_03471,0.11870588235294119,0.7854117647058824,0.7269411764705883,1.0,0.23505882352941182,0.0661764705882353,0.42947058823529405,0.11782352941176472
SAMPLE_03472,0.724764705882353,0.24588235294117644,0.3424117647058824,0.3671176470588235,0.7784117647058824,0.5481764705882354,0.37464705882352944,0.43623529411764705
SAMPLE_03473,0.23270588235294115,0.9562352941176471,0.9527058823529411,1.0,0.2647058823529412,0.07652941176470589,0.4792941176470588,0.77
SAMPLE_03474,0.7709117647058823,0.3769411764705883,0.4348823529411765,0.5497058823529413,0.9442941176470586,0.8824117647058823,0.6064117647058824,0.4461764705882354
SAMPLE_03475,0.3138823529411765,0.5720588235294118,0.5687058823529412,0.08088235294117649,0.6328235294117648,0.33070588235294124,0.5250588235294119,0.6663529411764707
SAMPLE_03476,0.7638823529411765,0.3778235294117647,0.39652941176470585,0.4689411764705882,0.5183529411764706,0.7851176470588236,0.17323529411764704,0.1833529411764706
SAMPLE_03477,0.3981176470588235,0.818,0.719470588235294,0.2801764705882353,0.6555294117647059,0.5149999999999999,0.72,0.6836470588235292
SAMPLE_03478,0.64,0.46670588235294114,0.5352352941176471,0.5971176470588235,0.47411764705882353,0.8887058823529412,0.6679411764705884,0.24688235294117647
SAMPLE_03479,0.7932058823529412,0.7235294117647058,0.7052941176470587,0.20694117647058824,0.8065882352941176,0.7295294117647059,0.5617647058823528,0.7639411764705882
SAMPLE_03480,0.8616764705882354,0.5991764705882353,0.7294117647058823,0.3080588235294117,0.3192941176470589,0.5047058823529412,0.6544705882352941,0.28694117647058826
SAMPLE_03481,0.7060882352941176,0.1728235294117647,0.21964705882352945,0.5783529411764706,0.39229411764705885,0.5844117647058823,0.3407647058823529,0.3915294117647058
SAMPLE_03482,0.23276470588235296,0.789470588235294,0.7096470588235294,0.18535294117647058,0.4581176470588235,0.31300000000000006,0.5851176470588236,0.252
SAMPLE_03483,0.7073235294117647,0.6220588235294118,0.5549411764705883,0.5432941176470588,0.564235294117647,0.8777058823529412,0.6481176470588236,0.3678823529411764
SAMPLE_03484,0.6404117647058825,0.7077647058823531,0.6131176470588234,0.6712941176470588,0.8207058823529413,0.8767647058823529,0.9072352941176471,0.5425294117647058
SAMPLE_03485,0.28594117647058825,0.7935294117647059,0.8354117647058823,0.07094117647058823,0.5458823529411765,0.2614705882352941,0.459235294117647,0.5254705882352941
SAMPLE_03486,0.21405882352941172,0.862470588235294,0.796,1.0,0.4759411764705882,0.15376470588235297,0.11494117647058823,0.10388235294117647
SAMPLE_03487,0.5639117647058823,0.24005882352941174,0.2474705882352941,0.666,0.2158235294117647,0.6111764705882352,0.31258823529411767,0.2221764705882353
SAMPLE_03488,0.328,0.6071764705882353,0.7152941176470589,0.18241176470588236,0.250764705882353,0.3630588235294118,0.468,0.6549411764705882
SAMPLE_03489,0.22811764705882354,0.7725882352941175,0.7255294117647059,0.2731176470588235,0.7050000000000001,0.3235882352941176,0.6012352941176473,0.7979999999999998
SAMPLE_03490,0.18494117647058825,0.8009411764705883,0.8259411764705884,1.0,0.12429411764705882,0.21776470588235294,0.4551764705882353,0.3345294117647059
SAMPLE_03491,0.6985882352941177,0.6344117647058823,0.5790588235294118,0.32705882352941174,0.7494117647058823,0.7305294117647059,0.7519411764705882,0.6744705882352942
SAMPLE_03492,0.5706176470588235,0.19594117647058826,0.2595882352941177,0.595764705882353,0.33076470588235296,0.5141764705882352,0.24852941176470592,0.47623529411764715
SAMPLE_03493,0.8289705882352941,0.6323529411764706,0.6444117647058824,0.35617647058823526,0.4305294117647059,0.8117058823529412,0.8780588235294118,0.3665882352941176
SAMPLE_03494,0.11500000000000002,0.7074117647058824,0.5624705882352943,1.0,0.12605882352941178,0.15852941176470592,0.053,0.4384117647058823
SAMPLE_03495,0.7777058823529411,0.322,0.17452941176470585,0.6262352941176471,0.4922352941176471,0.6967058823529412,0.6979999999999998,0.4021176470588235
SAMPLE_03496,0.624764705882353,0.23005882352941173,0.251,0.4117647058823529,0.5968823529411765,0.6895882352941174,0.3040588235294117,0.4088235294117647
SAMPLE_03497,0.5718235294117647,0.4985294117647059,0.4084705882352941,0.45264705882352935,0.5225294117647059,0.6711176470588237,0.601235294117647,0.4442941176470588
SAMPLE_03498,0.18882352941176472,0.761,0.688529411764706,1.0,0.3971764705882353,0.10688235294117646,0.37229411764705883,0.4625294117647059
SAMPLE_03499,0.7567058823529411,0.4817058823529411,0.6374705882352941,0.3302352941176471,0.7077058823529413,0.6828823529411766,0.5475294117647058,0.8999411764705881
SAMPLE_03500,0.8222941176470587,0.20311764705882354,0.45076470588235285,0.321,0.38976470588235285,0.34788235294117653,0.4887647058823529,0.26123529411764707
SAMPLE_03501,0.30058823529411766,0.5419999999999999,0.6322352941176469,0.108,0.6115882352941177,0.21358823529411766,0.1773529411764706,0.91
SAMPLE_03502,0.7645000000000002,0.9167058823529413,0.9126470588235294,0.7674117647058823,0.8284117647058824,0.9461176470588235,0.9326470588235295,0.41652941176470587
SAMPLE_03503,0.8679411764705881,0.22176470588235292,0.3763529411764706,0.4855882352941177,0.34611764705882353,0.5578823529411764,0.5275294117647059,0.3211176470588235
SAMPLE_03504,0.22435294117647062,0.49782352941176466,0.4582941176470588,0.066,0.5542941176470589,0.3681764705882353,0.5447058823529412,0.8920588235294118
SAMPLE_03505,0.578,0.47705882352941176,0.6316470588235295,0.5981176470588236,0.7818235294117647,0.6768823529411765,0.8150588235294116,0.5848823529411764
SAMPLE_03506,0.1701764705882353,0.38823529411764707,0.37105882352941183,1.0,0.07623529411764705,0.14700000000000002,0.282764705882353,0.2455882352941177
SAMPLE_03507,0.055941176470588244,0.3432352941176471,0.22170588235294117,1.0,0.09588235294117647,0.17794117647058827,0.11170588235294118,0.06447058823529414
SAMPLE_03508,0.8819411764705882,0.17058823529411765,0.23670588235294124,0.3430588235294117,0.2675882352941177,0.46641176470588236,0.3537058823529412,0.3160588235294118
SAMPLE_03509,0.6932941176470588,0.42417647058823527,0.39423529411764713,0.42694117647058816,0.3644117647058824,0.6687058823529411,0.45064705882352946,0.29217647058823526
SAMPLE_03510,0.08488235294117648,0.7127647058823529,0.7704117647058825,1.0,0.24617647058823533,0.09317647058823529,0.36023529411764704,0.5630588235294117
SAMPLE_03511,0.7841470588235294,0.12441176470588236,0.04964705882352942,0.25435294117647056,0.6520588235294118,0.5580588235294117,0.14370588235294116,0.3867058823529413
SAMPLE_03512,0.16570588235294115,0.6741764705882353,0.5957647058823531,0.5143529411764705,0.6573529411764706,0.3935882352941177,0.5389411764705881,0.8897647058823529
SAMPLE_03513,0.49517647058823533,0.6848235294117647,0.7900588235294116,0.599,0.737235294117647,0.7855294117647056,0.7201176470588235,0.909029411764706
SAMPLE_03514,0.817529411764706,0.21011764705882352,0.2590588235294118,0.343,0.2522941176470588,0.4304117647058824,0.5152941176470588,0.11582352941176471
SAMPLE_03515,0.2325882352941177,0.7765882352941178,0.7623529411764706,0.11800000000000001,0.4307058823529411,0.2551764705882353,0.7146470588235294,0.7738823529411765
SAMPLE_03516,0.721764705882353,0.6845294117647059,0.600470588235294,0.5211764705882352,0.32441176470588234,0.7458823529411764,0.8604117647058824,0.37623529411764695
SAMPLE_03517,0.012764705882352942,0.22658823529411767,0.1732941176470588,1.0,0.12570588235294117,0.14382352941176468,0.1161764705882353,0.24405882352941177
SAMPLE_03518,0.028941176470588244,0.3185882352941176,0.14129411764705882,1.0,0.19511764705882353,0.12611764705882353,0.06252941176470588,0.31199999999999994
SAMPLE_03519,0.6492058823529412,0.8786470588235293,0.9029999999999999,0.5441176470588235,0.580058823529412,0.6125294117647058,0.589235294117647,0.7411764705882353
SAMPLE_03520,0.38858823529411773,0.873705882352941,0.8127058823529412,0.3349411764705882,0.8146470588235295,0.6457647058823528,0.8114705882352942,0.7383529411764705
SAMPLE_03521,0.7535,0.1871176470588235,0.24123529411764705,0.3707058823529411,0.2710588235294118,0.5094117647058822,0.5329411764705883,0.32894117647058824
SAMPLE_03522,0.1561764705882353,0.49641176470588233,0.4109411764705882,1.0,0.06870588235294117,0.12041176470588236,0.2630588235294118,0.20823529411764707
SAMPLE_03523,0.7037352941176471,0.8634705882352941,0.8519411764705883,0.6921764705882354,0.9355294117647057,0.9451176470588233,0.9649411764705882,0.9059411764705881
SAMPLE_03524,0.8725882352941177,0.06511764705882353,0.15605882352941178,0.5215882352941176,0.9012352941176471,0.5627647058823528,0.16594117647058826,0.44852941176470584
SAMPLE_03525,0.6642941176470588,0.5418235294117647,0.6191764705882354,0.7321764705882352,0.9442941176470586,0.9095882352941176,0.7244117647058823,0.7629999999999999
SAMPLE_03526,0.09617647058823531,0.35711764705882354,0.2719411764705883,1.0,0.22458823529411764,0.19229411764705884,0.07152941176470588,0.7827647058823528
SAMPLE_03527,0.8027647058823529,0.31999999999999995,0.5742941176470588,0.5141764705882351,0.8717647058823531,0.7912941176470586,0.6871764705882353,0.4717058823529412
SAMPLE_03528,0.6001764705882353,0.3252941176470588,0.334,0.31741176470588234,0.5744117647058824,0.7315882352941178,0.45694117647058824,0.8123529411764707
SAMPLE_03529,0.22282352941176473,0.749470588235294,0.7974117647058824,1.0,0.28094117647058825,0.5389411764705881,0.6920588235294118,0.7495882352941176
SAMPLE_03530,0.7410588235294118,0.5041176470588236,0.4377058823529411,0.4714117647058823,0.23605882352941177,0.5640000000000002,0.5333529411764706,0.14641176470588235
SAMPLE_03531,0.7793529411764705,0.4546470588235294,0.3800588235294118,0.5884705882352942,0.718235294117647,0.7378823529411764,0.764764705882353,0.4562941176470588
SAMPLE_03532,0.6809705882352942,0.3976470588235294,0.4531176470588235,0.47729411764705887,0.6724705882352943,0.776705882352941,0.6419999999999999,0.7434705882352941
SAMPLE_03533,0.5459117647058823,0.4684705882352941,0.4984705882352941,0.5717058823529412,0.5175294117647059,0.8673529411764705,0.6348823529411766,0.540764705882353
SAMPLE_03534,0.08382352941176471,0.769,0.7037647058823526,1.0,0.38088235294117645,0.24658823529411766,0.5735882352941177,0.6983529411764705
SAMPLE_03535,0.05194117647058824,0.45758823529411763,0.35141176470588237,1.0,0.13147058823529412,0.17052941176470587,0.043764705882352935,0.04147058823529412
SAMPLE_03536,0.25735294117647056,0.687235294117647,0.6928823529411765,0.5080588235294118,0.574294117647059,0.38541176470588234,0.3931176470588235,0.7037647058823531
SAMPLE_03537,0.6257647058823529,0.6719411764705883,0.7592941176470589,0.6492352941176472,0.8193529411764707,0.868,0.827235294117647,0.786470588235294
SAMPLE_03538,0.16447058823529412,0.5149999999999999,0.6311176470588237,0.21605882352941178,0.3664117647058823,0.2181764705882353,0.26694117647058824,0.4836470588235294
SAMPLE_03539,0.10488235294117647,0.48711764705882343,0.4315294117647058,0.06441176470588235,0.5290000000000001,0.2357058823529412,0.5645882352941177,0.8942941176470588
SAMPLE_03540,1.0,0.5968823529411764,0.3879411764705883,0.795,1.0,1.0,1.0,1.0
SAMPLE_03541,0.8078235294117645,0.8787058823529412,0.8174117647058823,0.738529411764706,0.8055294117647059,0.9493529411764705,0.9171764705882353,0.5147647058823528
SAMPLE_03542,0.7734999999999999,0.8605882352941177,0.9024117647058822,0.6422941176470588,0.9565294117647061,0.7456470588235293,0.9419411764705882,0.6882941176470588
SAMPLE_03543,0.741735294117647,0.4417058823529411,0.43782352941176456,0.3206470588235294,0.4993529411764706,0.5869411764705881,0.7241764705882353,0.4285882352941176
SAMPLE_03544,0.05647058823529412,0.43847058823529417,0.31988235294117645,1.0,0.09629411764705882,0.22758823529411765,0.16205882352941178,0.331235294117647
SAMPLE_03545,0.7963823529411763,0.5035882352941177,0.5363529411764705,0.4764705882352942,0.27194117647058824,0.6458235294117648,0.794764705882353,0.3425294117647059
SAMPLE_03546,0.7259705882352939,0.32311764705882356,0.5388823529411764,0.5771176470588235,0.33794117647058824,0.8600588235294118,0.5961176470588234,0.2369411764705882
SAMPLE_03547,0.20582352941176468,0.503,0.4134117647058824,1.0,0.6594411764705881,0.7017647058823528,0.5199411764705882,0.897
SAMPLE_03548,0.6077352941176473,0.1252941176470588,0.15229411764705889,0.334235294117647,0.3175294117647059,0.43299999999999994,0.1328235294117647,0.1378235294117647
SAMPLE_03549,0.5202352941176471,0.38317647058823523,0.3181176470588235,0.41282352941176464,0.7008823529411764,0.6574117647058825,0.34564705882352936,0.34547058823529414
SAMPLE_03550,0.6968235294117647,0.42052941176470593,0.32423529411764707,0.2798235294117647,0.6381176470588233,0.5705294117647058,0.32617647058823535,0.37723529411764706
SAMPLE_03551,0.0451764705882353,0.5332941176470589,0.5323529411764705,1.0,0.11670588235294117,0.13582352941176468,0.5841764705882353,0.1678235294117647
SAMPLE_03552,0.7222352941176469,0.1854117647058824,0.2071176470588235,0.42841176470588244,0.35911764705882354,0.7011176470588234,0.27541176470588236,0.24905882352941178
SAMPLE_03553,0.8016764705882354,0.4187058823529412,0.49441176470588233,0.4002352941176471,0.574294117647059,0.8267058823529412,0.4924117647058824,0.16288235294117648
SAMPLE_03554,0.5781470588235296,0.09011764705882352,0.09823529411764705,0.5288823529411765,0.17905882352941177,0.5033529411764706,0.16770588235294115,0.0794705882352941
SAMPLE_03555,0.2616470588235295,0.2732352941176471,0.1198235294117647,0.20164705882352943,0.6369411764705883,0.33888235294117647,0.16982352941176468,0.39
SAMPLE_03556,0.6793235294117649,0.4175882352941177,0.4541764705882353,0.5595294117647059,0.3743529411764706,0.8611764705882352,0.6122352941176471,0.2834705882352941
SAMPLE_03557,0.6200882352941177,0.707,0.7639411764705882,0.4401764705882353,0.6387647058823529,0.8774705882352941,0.8415882352941176,0.8442941176470588
SAMPLE_03558,0.7645000000000001,0.31917647058823523,0.4218823529411765,0.5661764705882354,0.34411764705882353,0.7914117647058821,0.4915882352941177,0.2817647058823529
SAMPLE_03559,0.6208235294117648,0.3863529411764706,0.4489411764705883,0.3936470588235294,0.35111764705882353,0.6168823529411764,0.528235294117647,0.25805882352941173
SAMPLE_03560,0.2021176470588235,0.5434705882352941,0.5792941176470587,0.3631764705882354,0.25499999999999995,0.4255294117647059,0.3632352941176471,0.8234117647058824
SAMPLE_03561,0.11229411764705882,0.2835294117647059,0.15305882352941175,1.0,0.24988235294117644,0.08117647058823531,0.2914705882352942,0.13076470588235295
SAMPLE_03562,0.6658529411764706,0.38899999999999996,0.3982941176470588,0.3726470588235295,0.37299999999999994,0.4106470588235294,0.3532941176470588,0.20652941176470588
SAMPLE_03563,0.3247647058823529,0.5385294117647058,0.6353529411764707,0.13411764705882354,0.7714705882352944,0.25182352941176467,0.6568235294117646,0.6094705882352942
SAMPLE_03564,0.3258235294117648,0.47335294117647075,0.5161764705882353,0.08676470588235295,0.587470588235294,0.34717647058823525,0.31976470588235295,0.8347058823529412
SAMPLE_03565,0.8417941176470587,0.13170588235294117,0.07458823529411766,0.520470588235294,0.23829411764705877,0.7154705882352941,0.45247058823529407,0.1434705882352941
SAMPLE_03566,0.807029411764706,0.07817647058823529,0.05205882352941177,0.5577058823529413,0.9201176470588234,0.7150588235294119,0.32847058823529407,0.6338235294117647
SAMPLE_03567,0.31382352941176483,0.8435294117647056,0.8124117647058823,0.2939411764705882,0.7782352941176471,0.41664705882352937,0.5778823529411765,0.6245882352941178
SAMPLE_03568,0.10576470588235294,0.5940000000000001,0.5820588235294119,1.0,0.19758823529411768,0.15505882352941178,0.24723529411764703,0.5118235294117648
SAMPLE_03569,0.8944117647058824,0.11764705882352941,0.12511764705882356,0.521470588235294,0.30841176470588233,0.6403529411764708,0.2995294117647058,0.11476470588235295
SAMPLE_03570,0.8497058823529412,0.4843529411764706,0.5131764705882353,0.44794117647058823,0.5395294117647058,0.6111176470588234,0.831470588235294,0.33247058823529413
SAMPLE_03571,0.7330294117647058,0.4840000000000001,0.634235294117647,0.3668823529411765,0.7517058823529412,0.5157058823529411,0.6568823529411765,0.7144117647058823
SAMPLE_03572,0.8410588235294115,0.44770588235294123,0.3008823529411765,0.7070588235294119,0.7871176470588235,0.9377058823529412,0.6334705882352941,0.33417647058823524
SAMPLE_03573,0.47552941176470587,0.5642941176470587,0.6633529411764706,0.7403529411764707,0.39082352941176474,0.7957058823529413,0.5331764705882351,0.8509705882352941
SAMPLE_03574,0.011176470588235296,0.1971176470588235,0.09700000000000002,1.0,0.03670588235294118,0.15335294117647058,0.03705882352941177,0.041411764705882356
SAMPLE_03575,0.09329411764705883,0.6770588235294117,0.602,1.0,0.19223529411764706,0.1164705882352941,0.16364705882352945,0.05311764705882353
SAMPLE_03576,1.0,0.9848235294117645,0.9417058823529412,0.8125294117647058,1.0,1.0,1.0,1.0
SAMPLE_03577,0.7715882352941177,0.40282352941176475,0.2334705882352941,0.4264117647058824,0.2965294117647059,0.4593529411764706,0.3004705882352941,0.2751176470588236
SAMPLE_03578,0.7641176470588235,0.1658235294117647,0.07264705882352941,0.629,0.17064705882352937,0.7233529411764706,0.4365882352941176,0.30170588235294116
SAMPLE_03579,0.781264705882353,0.36558823529411766,0.4011764705882353,0.3171764705882353,0.21582352941176475,0.5161764705882353,0.5302352941176471,0.35035294117647053
SAMPLE_03580,0.09629411764705882,0.31376470588235295,0.2595294117647059,1.0,0.2227058823529412,0.06464705882352942,0.05094117647058825,0.7628823529411765
SAMPLE_03581,0.15394117647058825,0.7045294117647058,0.6399999999999999,1.0,0.32988235294117646,0.09605882352941177,0.16017647058823528,0.8310000000000001
SAMPLE_03582,0.3966470588235294,0.8020588235294118,0.7932941176470588,0.24541176470588233,0.7924705882352941,0.6958235294117646,0.7827647058823529,0.8288823529411764
SAMPLE_03583,0.6167058823529412,0.6548823529411765,0.640764705882353,0.659705882352941,0.5398235294117647,0.9442941176470588,0.5199411764705881,0.13788235294117648
SAMPLE_03584,0.28064705882352947,0.39094117647058824,0.309,0.14352941176470588,0.5118823529411765,0.3634117647058823,0.2560588235294117,0.4740588235294118
SAMPLE_03585,0.7725882352941176,0.14776470588235296,0.17435294117647057,0.4959411764705883,0.5283529411764707,0.5537058823529412,0.44423529411764706,0.32976470588235296
SAMPLE_03586,0.7537941176470587,0.17676470588235293,0.15564705882352942,0.27517647058823524,0.12817647058823525,0.3244705882352941,0.48605882352941177,0.16429411764705887
SAMPLE_03587,0.22076470588235295,0.8591176470588235,0.7946470588235295,1.0,0.17305882352941174,0.13194117647058823,0.7244117647058825,0.4634117647058823
SAMPLE_03588,0.2358823529411764,0.9679411764705883,0.9625294117647059,1.0,0.12135294117647057,0.14511764705882352,0.8612352941176471,0.6592352941176471
SAMPLE_03589,0.42023529411764704,0.49552941176470583,0.8089411764705884,0.18658823529411767,0.3438823529411765,0.3786470588235295,0.4457647058823529,0.9045294117647059
SAMPLE_03590,0.08270588235294117,0.6547058823529411,0.6146470588235295,1.0,0.34517647058823525,0.13052941176470587,0.05276470588235295,0.023411764705882354
SAMPLE_03591,0.31576470588235295,0.6407058823529411,0.7616470588235293,0.12905882352941175,0.4833529411764706,0.276235294117647,0.5906470588235292,0.7342941176470589
SAMPLE_03592,0.7150882352941175,0.29676470588235293,0.3515882352941176,0.35070588235294126,0.6066470588235295,0.6436470588235296,0.5970588235294119,0.7821176470588235
SAMPLE_03593,0.6267647058823529,0.6355882352941177,0.4429411764705882,0.504235294117647,0.4358823529411765,0.7443529411764704,0.3486470588235295,0.5331176470588234
SAMPLE_03594,1.0,0.7908235294117647,0.7841764705882353,0.8178823529411767,1.0,1.0,1.0,1.0
SAMPLE_03595,0.2804117647058823,0.8751764705882353,0.8379411764705883,1.0,0.40482352941176464,0.0603529411764706,0.27752941176470586,0.7430588235294117
SAMPLE_03596,0.8018823529411766,0.20470588235294118,0.22835294117647056,0.4400588235294118,0.7691764705882354,0.5421176470588234,0.3845882352941177,0.4378823529411765
SAMPLE_03597,0.15900000000000003,0.2200588235294118,0.2645882352941177,0.1727058823529412,0.47694117647058826,0.2836470588235294,0.416,0.770470588235294
SAMPLE_03598,0.7552941176470588,0.13570588235294118,0.20399999999999996,0.5166470588235295,0.6302941176470587,0.5817058823529413,0.1612941176470588,0.2144705882352941
SAMPLE_03599,0.14064705882352946,0.7965882352941177,0.7977058823529412,1.0,0.07358823529411763,0.1894705882352941,0.6680588235294118,0.2880588235294117
SAMPLE_03600,0.7057941176470588,0.6891764705882354,0.5524117647058824,0.5851764705882352,0.47582352941176465,0.8329411764705883,0.546,0.43517647058823533
SAMPLE_03601,0.3166470588235294,0.49482352941176466,0.8337647058823529,0.2006470588235294,0.6636470588235295,0.596294117647059,0.6411176470588235,0.8201764705882352
SAMPLE_03602,0.372764705882353,0.8678823529411764,0.8250000000000001,0.24647058823529408,0.5507058823529413,0.39841176470588235,0.6524117647058825,0.7406470588235293
SAMPLE_03603,0.6541470588235293,0.29464705882352943,0.1912941176470588,0.5534117647058824,0.3288823529411764,0.6849411764705884,0.4667647058823528,0.3105294117647059
SAMPLE_03604,1.0,0.9109999999999999,0.9052941176470588,0.7901176470588237,1.0,1.0,1.0,1.0
SAMPLE_03605,0.3635882352941176,0.8637058823529413,0.8106470588235295,0.11876470588235295,0.873,0.4008235294117647,0.8985294117647058,0.928470588235294
SAMPLE_03606,0.29447058823529415,0.6542941176470589,0.6321764705882353,1.0,0.325,0.09241176470588233,0.21652941176470591,0.6151764705882353
SAMPLE_03607,0.8271470588235291,0.04123529411764706,0.13523529411764706,0.3730588235294118,0.6177647058823529,0.5084705882352941,0.16958823529411762,0.28894117647058826
SAMPLE_03608,0.33038235294117646,0.7351176470588237,0.6441764705882354,0.3058823529411765,0.4888235294117647,0.4608235294117646,0.48058823529411765,0.7524411764705882
SAMPLE_03609,0.748735294117647,0.24811764705882358,0.21505882352941177,0.39158823529411757,0.2866470588235294,0.6180588235294118,0.16294117647058823,0.3079411764705882
SAMPLE_03610,0.41300000000000003,0.5287058823529412,0.7352647058823529,0.5452941176470589,0.5415882352941176,0.6633529411764706,0.4686470588235294,0.756764705882353
SAMPLE_03611,0.8621470588235293,0.29711764705882354,0.3620588235294117,0.33505882352941174,0.38652941176470584,0.5412941176470589,0.4378235294117648,0.22441176470588237
SAMPLE_03612,0.7881176470588235,0.045823529411764714,0.08805882352941177,0.31523529411764706,0.13399999999999998,0.5651176470588235,0.2391176470588235,0.12094117647058823
SAMPLE_03613,0.5743823529411766,0.28794117647058826,0.2625882352941176,0.6195882352941176,0.4889411764705883,0.6008235294117648,0.6154705882352941,0.321
SAMPLE_03614,0.588058823529412,0.6972941176470588,0.6718235294117648,0.7253529411764706,0.726529411764706,0.8786470588235293,0.8481764705882353,0.5717058823529412
SAMPLE_03615,0.5976176470588235,0.3140588235294117,0.2333529411764706,0.6457058823529412,0.3155294117647059,0.7404117647058824,0.6498235294117647,0.4430588235294118
SAMPLE_03616,0.6990882352941177,0.48005882352941187,0.4468823529411765,0.7028823529411765,0.7554705882352942,0.8365294117647061,0.7858823529411765,0.4262941176470589
SAMPLE_03617,0.11852941176470587,0.24729411764705886,0.28758823529411764,0.12664705882352942,0.44688235294117645,0.32982352941176474,0.4825882352941177,0.7068235294117647
SAMPLE_03618,0.32570588235294123,0.6285294117647059,0.642764705882353,0.060941176470588235,0.724764705882353,0.3065882352941176,0.3909411764705882,0.7149411764705881
SAMPLE_03619,0.6934117647058824,0.8677647058823529,0.8979411764705881,0.6922352941176471,0.7920000000000001,0.9310588235294117,0.9288823529411766,0.5536470588235295
SAMPLE_03620,0.8248235294117647,0.23088235294117646,0.2229411764705882,0.494,0.2867058823529412,0.6865294117647057,0.323235294117647,0.11111764705882354
SAMPLE_03621,0.5638235294117646,0.4132352941176471,0.487,0.5628235294117647,0.697764705882353,0.7987058823529412,0.43135294117647066,0.4699999999999999
SAMPLE_03622,0.08152941176470588,0.470235294117647,0.41805882352941176,1.0,0.08182352941176471,0.1551176470588235,0.2538823529411765,0.08323529411764705
SAMPLE_03623,0.5557352941176471,0.6344705882352941,0.6809411764705884,0.530529411764706,0.839294117647059,0.7089411764705884,0.6128823529411765,0.7410588235294117
SAMPLE_03624,0.21123529411764708,0.7735882352941177,0.8860588235294118,0.12847058823529411,0.5723529411764706,0.19500000000000003,0.7916470588235294,0.6434117647058822
SAMPLE_03625,0.3145882352941176,0.9460000000000001,0.9357647058823532,1.0,0.43364705882352944,0.4854705882352941,0.8928823529411765,0.864529411764706
SAMPLE_03626,0.8056176470588235,0.4257058823529411,0.45194117647058824,0.5964705882352941,0.545941176470588,0.8852352941176471,0.6501764705882355,0.48200000000000004
SAMPLE_03627,0.8223529411764704,0.47329411764705887,0.7301176470588234,0.4777058823529412,0.9247647058823529,0.5097058823529412,0.6249411764705881,0.8219411764705884
SAMPLE_03628,0.44805882352941184,0.9081764705882353,0.8810588235294118,0.7747058823529412,0.931235294117647,0.9325882352941177,0.9229411764705882,0.8442647058823529
SAMPLE_03629,0.3527058823529411,0.6691764705882354,0.7422352941176472,0.2426470588235294,0.7224705882352942,0.300764705882353,0.8948235294117647,0.6940588235294118
SAMPLE_03630,0.17829411764705885,0.29864705882352943,0.254,0.43623529411764705,0.373235294117647,0.4164705882352941,0.17888235294117646,0.8256764705882353
SAMPLE_03631,0.3305294117647058,0.32788235294117646,0.237,0.04070588235294118,0.6197058823529412,0.18423529411764705,0.315,0.8483529411764705
SAMPLE_03632,0.16452941176470587,0.2682352941176471,0.19394117647058828,0.20423529411764707,0.5179999999999999,0.2722941176470588,0.3584705882352942,0.9462941176470588
SAMPLE_03633,0.1403529411764706,0.6993529411764704,0.6067647058823529,1.0,0.13170588235294117,0.06229411764705882,0.1574705882352941,0.5972941176470589
SAMPLE_03634,0.7682941176470589,0.3848235294117646,0.38805882352941184,0.43435294117647055,0.3973529411764706,0.7736470588235292,0.4240588235294118,0.20723529411764707
SAMPLE_03635,0.8129411764705882,0.4447058823529412,0.43999999999999995,0.5982352941176471,0.4852941176470588,0.7257058823529411,0.7993529411764706,0.38129411764705884
SAMPLE_03636,0.794,0.21152941176470588,0.23641176470588235,0.4677058823529412,0.9052941176470589,0.8395294117647059,0.3326470588235294,0.4841764705882354
SAMPLE_03637,0.7046470588235294,0.6823529411764708,0.5307647058823529,0.43117647058823527,0.7062352941176471,0.7301764705882355,0.6755294117647059,0.8877647058823531
SAMPLE_03638,0.8633529411764705,0.040705882352941175,0.09558823529411764,0.4308823529411765,0.2951176470588236,0.43470588235294116,0.2638823529411765,0.28370588235294125
SAMPLE_03639,0.8227941176470589,0.19988235294117648,0.1661176470588235,0.3601176470588236,0.590764705882353,0.609,0.2922352941176471,0.09223529411764705
SAMPLE_03640,0.5537647058823528,0.41135294117647053,0.42035294117647054,0.5840000000000001,0.5795294117647058,0.7201176470588236,0.6074705882352941,0.8172352941176472
SAMPLE_03641,0.34617647058823525,0.8609411764705882,0.8277647058823527,0.2922352941176471,0.9096470588235295,0.6092941176470589,0.9147647058823528,0.8742352941176472
SAMPLE_03642,0.030882352941176472,0.48300000000000004,0.2845294117647059,1.0,0.3924117647058824,0.2211764705882353,0.04429411764705883,0.1430588235294118
SAMPLE_03643,0.7354117647058823,0.7265882352941176,0.6993529411764707,0.7081764705882352,0.5204117647058824,0.9244117647058825,0.7380588235294115,0.30311764705882355
SAMPLE_03644,0.3404705882352942,0.6094117647058823,0.5859411764705883,1.0,0.16335294117647056,0.17811764705882352,0.7856470588235295,0.26523529411764707
SAMPLE_03645,0.6557941176470589,0.5291176470588236,0.3297058823529411,0.40282352941176475,0.5408235294117647,0.5478235294117647,0.5044117647058823,0.8111764705882354
SAMPLE_03646,0.6152352941176469,0.10605882352941177,0.07970588235294118,0.36835294117647066,0.40794117647058825,0.5704117647058824,0.4682941176470588,0.7077647058823531
SAMPLE_03647,0.6781176470588236,0.33247058823529413,0.5603529411764706,0.5882941176470586,0.5376470588235293,0.7731176470588236,0.5085882352941177,0.26852941176470585
SAMPLE_03648,0.772058823529412,0.36376470588235293,0.38335294117647056,0.5693529411764706,0.27441176470588236,0.758470588235294,0.4274117647058824,0.37523529411764706
SAMPLE_03649,0.15394117647058825,0.7111176470588235,0.753235294117647,0.18499999999999994,0.6269411764705882,0.25611764705882356,0.35864705882352943,0.6622352941176471
SAMPLE_03650,1.0,0.8734117647058826,0.7729411764705882,0.7964117647058825,1.0,1.0,1.0,1.0
SAMPLE_03651,0.7548823529411766,0.34288235294117647,0.23547058823529413,0.44135294117647056,0.1967647058823529,0.48264705882352943,0.3604705882352941,0.152
SAMPLE_03652,0.3926470588235294,0.3458823529411764,0.26588235294117646,0.19441176470588237,0.8044117647058824,0.688764705882353,0.7524117647058822,0.7176470588235294
SAMPLE_03653,0.8357352941176469,0.2812941176470588,0.5189411764705882,0.24829411764705883,0.44864705882352945,0.3411764705882353,0.40982352941176475,0.3355882352941176
SAMPLE_03654,0.12329411764705883,0.3054705882352941,0.2187058823529412,0.20817647058823527,0.5696470588235295,0.27629411764705886,0.37058823529411766,0.9258823529411765
SAMPLE_03655,0.7437058823529412,0.3900588235294117,0.5039411764705882,0.4795294117647058,0.37305882352941183,0.6225882352941178,0.47729411764705876,0.1776470588235294
SAMPLE_03656,0.31117647058823533,0.8315882352941175,0.7947058823529412,0.22958823529411765,0.827764705882353,0.5981176470588235,0.6829411764705882,0.4967058823529411
SAMPLE_03657,0.7658529411764705,0.3389411764705882,0.3077058823529412,0.5281176470588235,0.329235294117647,0.7198235294117646,0.38505882352941173,0.1826470588235294
SAMPLE_03658,0.8440294117647059,0.35035294117647064,0.33582352941176463,0.4066470588235294,0.5368235294117647,0.465,0.568764705882353,0.2881176470588236
SAMPLE_03659,0.8267352941176471,0.4726470588235294,0.42088235294117643,0.4801764705882353,0.5335882352941177,0.83,0.6498235294117647,0.44976470588235307
SAMPLE_03660,0.842970588235294,0.6049411764705881,0.6459411764705881,0.5024705882352941,0.4125882352941176,0.8363529411764705,0.7705294117647058,0.3265294117647059
SAMPLE_03661,0.8023823529411767,0.06770588235294117,0.05617647058823529,0.23323529411764704,0.12270588235294116,0.4978823529411765,0.1461176470588235,0.04129411764705884
SAMPLE_03662,0.10594117647058823,0.4771764705882353,0.38405882352941173,1.0,0.1637058823529412,0.17805882352941174,0.5204705882352941,0.26252941176470584
SAMPLE_03663,0.3494117647058824,0.8888823529411765,0.8391764705882353,0.4265882352941177,0.6230000000000001,0.5621764705882353,0.801235294117647,0.6970588235294118
SAMPLE_03664,0.8407647058823527,0.11094117647058822,0.1043529411764706,0.3215294117647059,0.21705882352941175,0.5048235294117648,0.4339411764705882,0.28652941176470587
SAMPLE_03665,0.7311176470588234,0.9588235294117647,0.9312352941176469,0.6857647058823528,0.8707647058823529,0.9391176470588236,0.9674705882352941,0.6779411764705882
SAMPLE_03666,0.3153529411764706,0.4300588235294117,0.5744705882352941,0.17482352941176466,0.47029411764705875,0.4420588235294118,0.43117647058823527,0.773
SAMPLE_03667,0.40970588235294125,0.7406470588235294,0.7202941176470589,0.16994117647058826,0.7311176470588234,0.24735294117647064,0.7187647058823531,0.7131764705882354
SAMPLE_03668,0.18741176470588236,0.8801764705882353,0.8714117647058822,1.0,0.5319999999999999,0.31435294117647056,0.42152941176470593,0.4041176470588236
SAMPLE_03669,0.7905882352941177,0.4411764705882352,0.37176470588235294,0.4993529411764706,0.473764705882353,0.6982941176470588,0.5520000000000002,0.28729411764705876
SAMPLE_03670,0.8234705882352942,0.049823529411764704,0.029235294117647057,0.6406470588235296,0.13011764705882353,0.4704705882352942,0.14782352941176471,0.18129411764705883
SAMPLE_03671,0.17752941176470588,0.6317058823529411,0.7756470588235294,0.126,0.5649411764705882,0.3048235294117647,0.7535882352941177,0.7987647058823529
SAMPLE_03672,0.23041176470588237,0.6965294117647058,0.5365882352941176,0.0974705882352941,0.44847058823529407,0.20517647058823532,0.1766470588235294,0.2737058823529412
SAMPLE_03673,0.3085882352941176,0.3366470588235294,0.25123529411764706,0.1697058823529412,0.44682352941176473,0.22158823529411767,0.32741176470588235,0.7197058823529412
SAMPLE_03674,0.7763529411764706,0.4327058823529412,0.2760588235294117,0.3605882352941177,0.5664117647058822,0.8885294117647058,0.5224705882352944,0.30247058823529405
SAMPLE_03675,0.8358529411764706,0.13699999999999998,0.17494117647058824,0.5239411764705882,0.28741176470588237,0.7583529411764706,0.19894117647058823,0.20147058823529412
SAMPLE_03676,0.7460882352941178,0.23847058823529413,0.23194117647058823,0.6244117647058822,0.4350588235294119,0.8244705882352941,0.6374117647058822,0.3205294117647059
SAMPLE_03677,0.6739411764705883,0.6010588235294116,0.6306470588235296,0.6029411764705883,0.4159999999999999,0.843764705882353,0.7592941176470588,0.24341176470588236
SAMPLE_03678,0.7954411764705882,0.5820588235294117,0.5467647058823529,0.6038823529411763,0.728470588235294,0.8322352941176471,0.6137647058823528,0.7195882352941175
SAMPLE_03679,0.19670588235294117,0.9688823529411763,0.9534705882352938,1.0,0.2291176470588235,0.12164705882352941,0.7762352941176471,0.6124705882352942
SAMPLE_03680,0.7120882352941175,0.23041176470588237,0.3759411764705882,0.542235294117647,0.3211176470588235,0.6473529411764707,0.47758823529411765,0.3013529411764706
SAMPLE_03681,0.5462058823529413,0.36247058823529416,0.4694117647058823,0.5064117647058823,0.5588823529411764,0.846235294117647,0.38894117647058823,0.9177058823529414
SAMPLE_03682,0.20447058823529413,0.6421764705882352,0.4750000000000001,0.3151764705882354,0.328764705882353,0.36282352941176466,0.20900000000000002,0.436764705882353
SAMPLE_03683,0.7097352941176472,0.33358823529411763,0.32658823529411773,0.5441764705882354,0.5761176470588236,0.7070588235294117,0.3612941176470588,0.37729411764705884
SAMPLE_03684,0.7444999999999999,0.12888235294117648,0.07470588235294118,0.4636470588235294,0.3090588235294118,0.7368823529411765,0.23105882352941176,0.06876470588235294
SAMPLE_03685,0.8413529411764706,0.7136470588235294,0.7721176470588234,0.7338823529411764,0.8198235294117646,0.8655294117647057,0.8966470588235296,0.8720588235294118
SAMPLE_03686,0.35652941176470593,0.5945882352941174,0.7475294117647059,0.4,0.6741764705882353,0.6511764705882354,0.6307058823529412,0.7892941176470588
SAMPLE_03687,0.8473823529411764,0.28188235294117653,0.5521176470588236,0.35241176470588237,0.4722352941176471,0.7543529411764704,0.4677058823529411,0.219
SAMPLE_03688,0.7986176470588235,0.4912941176470588,0.33064705882352946,0.45023529411764707,0.5151176470588235,0.7637058823529411,0.5428823529411765,0.19458823529411767
SAMPLE_03689,0.6848823529411764,0.07070588235294115,0.1484705882352941,0.5220588235294118,0.3504117647058824,0.6782352941176473,0.490294117647059,0.19258823529411767
SAMPLE_03690,0.7016176470588237,0.466235294117647,0.47305882352941175,0.4628823529411765,0.3258823529411765,0.7570588235294117,0.3418823529411764,0.24817647058823525
SAMPLE_03691,0.10658823529411764,0.893941176470588,0.835529411764706,1.0,0.48211764705882354,0.22805882352941176,0.7617647058823529,0.8599411764705883
SAMPLE_03692,0.7777941176470589,0.1506470588235294,0.1665294117647059,0.4675294117647059,0.6689999999999999,0.6139999999999999,0.21705882352941172,0.3759411764705883
SAMPLE_03693,0.5339117647058824,0.8614411764705882,0.9204411764705883,0.7758235294117648,0.8964117647058825,0.9561764705882352,0.939264705882353,0.6974999999999999
SAMPLE_03694,0.7446176470588234,0.3664705882352941,0.32682352941176473,0.3884117647058823,0.24152941176470594,0.6201176470588237,0.7304117647058823,0.16576470588235293
SAMPLE_03695,0.8402941176470587,0.14694117647058821,0.27664705882352947,0.2376470588235294,0.35435294117647065,0.39529411764705885,0.5310000000000001,0.20576470588235293
SAMPLE_03696,0.2166470588235294,0.766235294117647,0.6718235294117649,0.4620588235294118,0.4071176470588235,0.49199999999999994,0.6112941176470589,0.7857647058823529
SAMPLE_03697,0.16764705882352945,0.1976470588235294,0.17705882352941177,0.1876470588235294,0.4870588235294117,0.5874117647058824,0.5170588235294117,0.3599411764705882
SAMPLE_03698,0.1765294117647059,0.8042941176470587,0.8142941176470587,0.09511764705882352,0.4437647058823529,0.23005882352941173,0.3747058823529411,0.12994117647058825
SAMPLE_03699,0.24576470588235294,0.3642941176470588,0.3043529411764705,0.15976470588235295,0.6516470588235296,0.22482352941176467,0.2451764705882353,0.7857647058823529
SAMPLE_03700,0.806705882352941,0.12294117647058825,0.10594117647058823,0.5691176470588236,0.23223529411764707,0.5591764705882353,0.337235294117647,0.1875294117647059
SAMPLE_03701,0.29194117647058826,0.876235294117647,0.844529411764706,0.33147058823529413,0.6924705882352943,0.717,0.8975294117647058,0.9068823529411765
SAMPLE_03702,0.7564411764705882,0.5880000000000001,0.6208823529411764,0.6171176470588235,0.5774705882352941,0.882764705882353,0.8021176470588237,0.2517058823529412
SAMPLE_03703,1.0,0.9928235294117647,0.9875882352941175,0.7932058823529412,1.0,1.0,1.0,1.0
SAMPLE_03704,0.7250882352941176,0.7454117647058823,0.5758235294117647,0.6701176470588235,0.5454705882352942,0.8744705882352942,0.6559999999999999,0.22288235294117645
SAMPLE_03705,0.40794117647058825,0.9010588235294118,0.8797058823529412,0.28700000000000003,0.8888823529411765,0.4430588235294118,0.9247647058823528,0.8016470588235295
SAMPLE_03706,0.3065294117647059,0.39976470588235297,0.26905882352941174,0.07,0.7831176470588235,0.17517647058823527,0.6803529411764706,0.8995294117647059
SAMPLE_03707,0.7915000000000001,0.16799999999999998,0.22129411764705884,0.3992352941176471,0.49976470588235306,0.6602941176470588,0.3055294117647059,0.22376470588235292
SAMPLE_03708,0.31564705882352945,0.5763529411764706,0.4889411764705883,1.0,0.28017647058823525,0.1347647058823529,0.19464705882352942,0.17488235294117646
SAMPLE_03709,0.7819411764705883,0.2500588235294118,0.285,0.365,0.8557647058823529,0.7422941176470588,0.38576470588235295,0.4782352941176471
SAMPLE_03710,0.7682352941176472,0.1781176470588235,0.2589999999999999,0.2851176470588235,0.29776470588235293,0.5547058823529412,0.41617647058823526,0.24488235294117644
SAMPLE_03711,0.34141176470588225,0.7857647058823528,0.8439411764705881,0.12429411764705882,0.9052352941176468,0.31476470588235295,0.7554705882352942,0.8191176470588235
SAMPLE_03712,0.5332941176470589,0.3191764705882353,0.44205882352941184,0.4026470588235294,0.4526470588235295,0.7615882352941176,0.5154117647058823,0.7923529411764705
SAMPLE_03713,0.8649411764705883,0.1458235294117647,0.20776470588235293,0.3151764705882353,0.19135294117647061,0.5235882352941177,0.4529411764705882,0.248
SAMPLE_03714,0.8521176470588233,0.4322352941176471,0.19517647058823528,0.6313529411764706,0.3679411764705882,0.8891764705882352,0.8565882352941177,0.3076470588235294
SAMPLE_03715,0.8463823529411764,0.17905882352941177,0.1734705882352941,0.2854705882352941,0.6871764705882352,0.42523529411764704,0.2875294117647058,0.32952941176470574
SAMPLE_03716,0.2865882352941176,0.7222352941176469,0.8081764705882353,0.1837647058823529,0.35882352941176476,0.31452941176470584,0.5784705882352942,0.9270000000000002
SAMPLE_03717,0.8122647058823528,0.04029411764705883,0.022941176470588236,0.30547058823529416,0.06494117647058822,0.4280588235294117,0.17923529411764705,0.04576470588235294
SAMPLE_03718,0.7095588235294118,0.12205882352941178,0.2369411764705882,0.4498235294117648,0.24011764705882352,0.3888235294117647,0.4804117647058824,0.21152941176470585
SAMPLE_03719,0.6103823529411765,0.8124705882352941,0.7274705882352942,0.5771176470588236,0.621764705882353,0.7341764705882352,0.6308823529411764,0.5303529411764706
SAMPLE_03720,0.687764705882353,0.6673529411764706,0.47123529411764714,0.3462352941176471,0.7742941176470588,0.5882941176470587,0.8159411764705883,0.5158823529411765
SAMPLE_03721,0.0951764705882353,0.47658823529411765,0.41170588235294114,1.0,0.20099999999999998,0.17241176470588235,0.11135294117647059,0.013411764705882354
SAMPLE_03722,1.0,0.8453529411764705,0.7038823529411763,0.798764705882353,1.0,1.0,1.0,1.0
SAMPLE_03723,0.03311764705882353,0.3201176470588235,0.24594117647058825,1.0,0.14123529411764704,0.08770588235294118,0.09876470588235295,0.03547058823529412
SAMPLE_03724,0.30823529411764705,0.9068235294117645,0.8904117647058823,1.0,0.38964705882352946,0.24511764705882358,0.5159411764705882,0.8213235294117647
SAMPLE_03725,0.21441176470588233,0.42788235294117644,0.7678823529411766,0.11817647058823531,0.4595882352941176,0.5299411764705882,0.4969411764705884,0.8519411764705884
SAMPLE_03726,0.4785882352941176,0.3654117647058824,0.5472941176470588,0.6449411764705881,0.405235294117647,0.757,0.7545882352941177,0.7812352941176471
SAMPLE_03727,0.6107647058823529,0.6330588235294118,0.6921764705882353,0.5102941176470589,0.821235294117647,0.6648823529411765,0.44941176470588234,0.47935294117647065
SAMPLE_03728,0.3419411764705882,0.6368235294117648,0.5750588235294118,0.18494117647058825,0.7259411764705882,0.29170588235294115,0.5595882352941176,0.6196470588235293
SAMPLE_03729,0.38994117647058824,0.9731764705882351,0.9868235294117644,0.16735294117647057,0.9190588235294118,0.9514705882352942,0.9409411764705883,0.8667647058823531
SAMPLE_03730,0.5600588235294118,0.8263529411764706,0.7230588235294119,0.6751764705882353,0.8358823529411764,0.583764705882353,0.8111176470588236,0.6166470588235294
SAMPLE_03731,0.715029411764706,0.325,0.4604705882352941,0.4268823529411764,0.38652941176470584,0.5153529411764706,0.3953529411764706,0.3662941176470588
SAMPLE_03732,0.2988235294117647,0.915705882352941,0.8916470588235292,1.0,0.1913529411764706,0.18005882352941174,0.5646470588235294,0.4391176470588235
SAMPLE_03733,0.1623529411764706,0.856,0.8222352941176472,1.0,0.3131764705882353,0.16258823529411767,0.11694117647058823,0.04282352941176471
SAMPLE_03734,0.7155294117647059,0.5840588235294117,0.4638823529411765,0.6225882352941177,0.666235294117647,0.7801176470588236,0.9030588235294118,0.7251176470588235
SAMPLE_03735,0.38164705882352945,0.7724117647058824,0.9598235294117645,0.27364705882352947,0.8591764705882354,0.5993529411764706,0.6514117647058824,0.6358235294117648
SAMPLE_03736,0.7082941176470589,0.319,0.3572352941176471,0.45217647058823535,0.7194705882352941,0.7732352941176471,0.6608235294117647,0.7934705882352943
SAMPLE_03737,1.0,0.7771176470588235,0.711764705882353,0.8020882352941175,1.0,1.0,1.0,1.0
SAMPLE_03738,0.7443823529411765,0.17823529411764708,0.3071764705882353,0.45858823529411763,0.18294117647058822,0.4891176470588235,0.3674117647058824,0.09882352941176471
SAMPLE_03739,0.8208823529411765,0.1964117647058823,0.149,0.5125294117647059,0.359,0.7812352941176471,0.3113529411764706,0.3170588235294117
SAMPLE_03740,0.6068235294117648,0.027411764705882354,0.01629411764705882,0.6075882352941177,0.727235294117647,0.5184117647058822,0.15294117647058825,0.3598235294117647
SAMPLE_03741,0.6856470588235293,0.11900000000000001,0.06994117647058824,0.35258823529411765,0.09423529411764708,0.4901764705882353,0.1968823529411765,0.061176470588235284
SAMPLE_03742,0.736235294117647,0.4602941176470588,0.377764705882353,0.3810588235294117,0.5395882352941177,0.7026470588235293,0.29070588235294115,0.30523529411764705
SAMPLE_03743,0.15470588235294117,0.8784705882352942,0.9218823529411765,0.08082352941176471,0.5192941176470588,0.24023529411764705,0.5874705882352941,0.2261764705882353
SAMPLE_03744,0.2761176470588235,0.9287058823529414,0.8999411764705884,0.30458823529411766,0.7548823529411763,0.41758823529411765,0.8335294117647059,0.6752941176470589
SAMPLE_03745,0.21476470588235297,0.6858823529411765,0.6446470588235295,1.0,0.17882352941176471,0.05794117647058823,0.0541764705882353,0.5409411764705881
SAMPLE_03746,0.8384705882352941,0.2348235294117647,0.37535294117647056,0.48241176470588226,0.2282352941176471,0.5788235294117647,0.5818823529411764,0.2661764705882353
SAMPLE_03747,0.6730588235294117,0.5024705882352942,0.44635294117647056,0.6444117647058824,0.8317058823529412,0.8338235294117645,0.8430588235294119,0.5615882352941177
SAMPLE_03748,0.09347058823529411,0.5331176470588236,0.4666470588235293,1.0,0.039764705882352945,0.20323529411764707,0.29682352941176465,0.1581764705882353
SAMPLE_03749,0.748235294117647,0.2908235294117647,0.4262941176470588,0.2265294117647059,0.15264705882352939,0.38223529411764706,0.6038823529411764,0.3659411764705882
SAMPLE_03750,0.2508235294117647,0.6302352941176471,0.675470588235294,0.35564705882352937,0.6759411764705883,0.5669411764705882,0.7533529411764707,0.6824117647058823
SAMPLE_03751,0.1283529411764706,0.6297647058823528,0.5981176470588235,1.0,0.04629411764705883,0.09723529411764706,0.22335294117647056,0.020529411764705883
SAMPLE_03752,0.10647058823529411,0.4555882352941176,0.4156470588235293,1.0,0.023235294117647062,0.14076470588235296,0.14735294117647058,0.09570588235294118
SAMPLE_03753,0.16252941176470587,0.2697058823529412,0.16617647058823531,1.0,0.10176470588235291,0.07694117647058824,0.26752941176470585,0.41447058823529415
SAMPLE_03754,0.0065294117647058825,0.3119411764705882,0.2055882352941177,1.0,0.1248235294117647,0.16676470588235295,0.0351764705882353,0.7282352941176472
SAMPLE_03755,0.6281176470588236,0.21229411764705883,0.2514705882352941,0.6915882352941178,0.33299999999999996,0.7762941176470588,0.6407647058823528,0.3329411764705881
SAMPLE_03756,0.1816470588235294,0.5974117647058824,0.5011764705882352,0.20070588235294118,0.5143529411764706,0.24652941176470589,0.3145294117647058,0.8982941176470589
SAMPLE_03757,0.8235588235294117,0.21958823529411767,0.4399411764705882,0.4029411764705882,0.3653529411764706,0.48164705882352943,0.2875882352941176,0.2775294117647059
SAMPLE_03758,0.6473823529411764,0.3751176470588235,0.4081176470588236,0.4412352941176471,0.7075294117647059,0.6236470588235294,0.6594705882352941,0.761764705882353
SAMPLE_03759,0.8435,0.06482352941176471,0.10541176470588236,0.2886470588235294,0.7724705882352942,0.4426470588235295,0.3071764705882353,0.528764705882353
SAMPLE_03760,0.4437058823529411,0.914529411764706,0.9148823529411765,0.5405294117647059,0.794470588235294,0.5801176470588234,0.8955294117647058,0.8576470588235294
SAMPLE_03761,0.6237058823529411,0.40194117647058825,0.2981176470588235,0.5724117647058824,0.43952941176470584,0.8501176470588235,0.3673529411764706,0.35000000000000003
SAMPLE_03762,0.23358823529411765,0.5965882352941178,0.5061176470588234,1.0,0.2339411764705882,0.11347058823529413,0.24594117647058825,0.30935294117647055
SAMPLE_03763,0.7047941176470588,0.1901176470588235,0.22829411764705881,0.3365294117647059,0.19511764705882353,0.47335294117647064,0.18811764705882353,0.056294117647058835
SAMPLE_03764,0.6740882352941175,0.3084705882352941,0.30576470588235294,0.6124705882352942,0.6724117647058824,0.7612352941176472,0.4458235294117647,0.8123529411764706
SAMPLE_03765,0.7047941176470589,0.1641176470588235,0.14711764705882355,0.47241176470588236,0.35058823529411764,0.706529411764706,0.5454705882352942,0.34811764705882353
SAMPLE_03766,0.7862647058823532,0.31635294117647056,0.4349411764705882,0.5095882352941177,0.7681176470588235,0.7004117647058824,0.45582352941176474,0.19864705882352945
SAMPLE_03767,0.8054705882352939,0.2689411764705883,0.3210588235294118,0.37952941176470595,0.1618235294117647,0.5821764705882353,0.39858823529411763,0.1837647058823529
SAMPLE_03768,0.10182352941176472,0.16988235294117646,0.0991176470588235,1.0,0.2581764705882353,0.14100000000000001,0.06841176470588235,0.8213529411764705
SAMPLE_03769,0.7185882352941176,0.15523529411764708,0.12841176470588236,0.32199999999999995,0.14217647058823532,0.4764705882352941,0.47676470588235287,0.09264705882352942
SAMPLE_03770,0.04123529411764707,0.29905882352941177,0.24441176470588233,1.0,0.3044705882352941,0.18670588235294117,0.08464705882352941,0.8686470588235294
SAMPLE_03771,0.6706176470588235,0.4551764705882353,0.5850588235294119,0.4190588235294118,0.4987647058823528,0.7677058823529411,0.6089411764705881,0.39617647058823524
SAMPLE_03772,0.8383235294117645,0.48882352941176466,0.5149999999999999,0.624764705882353,0.4111176470588235,0.8299411764705882,0.6756470588235295,0.41517647058823537
SAMPLE_03773,0.2947058823529411,0.7997647058823528,0.8047058823529413,0.2868235294117647,0.6727058823529413,0.42194117647058826,0.6897647058823528,0.8381764705882352
SAMPLE_03774,0.31111764705882355,0.9111176470588234,0.9275294117647058,0.46211764705882363,0.7965882352941176,0.6420588235294117,0.8457058823529412,0.9105588235294119
SAMPLE_03775,0.7405294117647059,0.4657058823529412,0.4451176470588235,0.7234705882352942,0.5525294117647058,0.8664705882352939,0.6236470588235294,0.5198235294117647
SAMPLE_03776,0.6455294117647059,0.38305882352941173,0.332,0.6354117647058823,0.44258823529411756,0.391,0.29200000000000004,0.1903529411764706
SAMPLE_03777,0.2842941176470588,0.3122352941176471,0.2141764705882353,1.0,0.33217647058823535,0.11870588235294119,0.06364705882352942,0.48482352941176476
SAMPLE_03778,0.6104705882352941,0.10105882352941176,0.07288235294117647,0.5720588235294116,0.11664705882352941,0.5733529411764706,0.3655294117647059,0.16747058823529412
SAMPLE_03779,0.7420294117647057,0.23758823529411763,0.31700000000000006,0.5075294117647059,0.31264705882352944,0.577764705882353,0.302,0.1440588235294118
SAMPLE_03780,0.48176470588235293,0.4447647058823529,0.3965882352941176,0.664764705882353,0.5370588235294117,0.7532352941176469,0.7039411764705884,0.886029411764706
SAMPLE_03781,0.17235294117647057,0.8316470588235293,0.7730588235294117,1.0,0.09029411764705882,0.05276470588235295,0.44070588235294117,0.6445294117647058
SAMPLE_03782,0.421,0.7521176470588236,0.8606470588235294,0.08352941176470588,0.8758823529411766,0.435,0.5051176470588236,0.8089411764705884
SAMPLE_03783,0.763264705882353,0.3094117647058824,0.23811764705882354,0.3492352941176471,0.3948823529411764,0.8469411764705882,0.3018235294117647,0.17476470588235293
SAMPLE_03784,0.8103235294117647,0.38899999999999996,0.357,0.31282352941176467,0.2658823529411765,0.6980588235294116,0.7808823529411764,0.331235294117647
SAMPLE_03785,0.8624705882352943,0.6989411764705882,0.645235294117647,0.33276470588235296,0.8735882352941177,0.5811176470588236,0.8985882352941177,0.6722941176470588
SAMPLE_03786,0.4268235294117647,0.7612352941176471,0.7722352941176469,0.1854705882352941,0.7150588235294117,0.28241176470588236,0.7287058823529413,0.8208823529411765
SAMPLE_03787,0.41847058823529404,0.5634705882352942,0.7232941176470588,0.09500000000000001,0.8651764705882352,0.3298823529411765,0.616235294117647,0.8891176470588238
SAMPLE_03788,0.7899117647058824,0.2231764705882353,0.17258823529411765,0.31435294117647056,0.7701764705882354,0.7308823529411765,0.22511764705882353,0.3472941176470588
SAMPLE_03789,0.3579705882352941,0.778764705882353,0.8210000000000001,1.0,0.6214705882352941,0.6572352941176471,0.7745882352941175,0.5891764705882353
SAMPLE_03790,0.18317647058823527,0.7519999999999998,0.6905882352941176,0.08729411764705883,0.5694705882352942,0.35094117647058826,0.7238823529411764,0.9449411764705883
SAMPLE_03791,0.6498823529411765,0.4021176470588236,0.3608823529411765,0.4880588235294117,0.26852941176470596,0.8306470588235294,0.46135294117647063,0.07399999999999998
SAMPLE_03792,0.6035588235294118,0.5738823529411765,0.43058823529411766,0.6158823529411765,0.7828823529411764,0.8614705882352941,0.22494117647058826,0.44670588235294106
SAMPLE_03793,0.40105882352941186,0.9120588235294118,0.8419411764705883,0.2856470588235295,0.6924705882352943,0.48747058823529416,0.8129411764705882,0.9028235294117648
SAMPLE_03794,0.37847058823529406,0.9684705882352942,0.9527058823529413,1.0,0.14623529411764707,0.41064705882352937,0.9001176470588235,0.4761764705882353
SAMPLE_03795,0.4083529411764706,0.919058823529412,0.9281176470588237,0.7764117647058822,0.6852941176470588,0.9069411764705881,0.954,0.9328823529411766
SAMPLE_03796,0.7341764705882352,0.7899411764705883,0.8739411764705883,0.6345882352941177,0.947529411764706,0.9287058823529409,0.9478235294117648,0.619470588235294
SAMPLE_03797,0.11276470588235293,0.46176470588235297,0.46511764705882347,0.5999411764705884,0.35247058823529415,0.2895294117647058,0.23494117647058826,0.6928823529411764
SAMPLE_03798,0.583735294117647,0.16499999999999995,0.17647058823529413,0.5155882352941176,0.3228823529411764,0.5321176470588235,0.2813529411764706,0.1044705882352941
SAMPLE_03799,0.690735294117647,0.034882352941176475,0.0826470588235294,0.5864705882352941,0.6174117647058823,0.6231176470588234,0.22582352941176467,0.4648823529411764
SAMPLE_03800,0.20017647058823526,0.7292941176470586,0.7513529411764707,0.41905882352941176,0.6295882352941178,0.42300000000000004,0.34947058823529414,0.3974117647058824
SAMPLE_03801,0.03705882352941176,0.5606470588235295,0.4828235294117647,1.0,0.05988235294117647,0.05988235294117647,0.05435294117647059,0.04541176470588237
SAMPLE_03802,0.13158823529411764,0.8425882352941177,0.8398823529411765,1.0,0.06541176470588236,0.11558823529411766,0.33982352941176464,0.11729411764705881
SAMPLE_03803,0.6551764705882351,0.3574117647058823,0.2719999999999999,0.5824117647058823,0.4836470588235295,0.6124705882352941,0.380764705882353,0.317
SAMPLE_03804,0.37182352941176466,0.38311764705882356,0.4363529411764707,0.2069411764705882,0.6447647058823529,0.6108235294117647,0.46705882352941175,0.9229411764705882
SAMPLE_03805,0.3185294117647059,0.869764705882353,0.8204117647058823,0.1244705882352941,0.6615294117647058,0.3827058823529412,0.5299411764705882,0.31605882352941184
SAMPLE_03806,0.45211764705882346,0.678,0.6517647058823529,0.4051176470588235,0.8135882352941175,0.3673529411764706,0.7946470588235295,0.8824117647058823
SAMPLE_03807,0.789794117647059,0.3609411764705883,0.49988235294117656,0.47094117647058825,0.27029411764705885,0.8117058823529413,0.5951764705882353,0.12464705882352943
SAMPLE_03808,0.3553529411764706,0.8869411764705883,0.8873529411764706,0.0786470588235294,0.6609411764705881,0.26094117647058823,0.7962352941176469,0.5841764705882353
SAMPLE_03809,0.379,0.4685294117647058,0.6142941176470588,0.2346470588235294,0.7347058823529411,0.40705882352941175,0.5819411764705883,0.9010588235294117
SAMPLE_03810,0.6030000000000001,0.04652941176470589,0.066,0.409764705882353,0.42652941176470593,0.3111764705882353,0.23670588235294124,0.14194117647058824
SAMPLE_03811,0.2190588235294118,0.4377647058823529,0.4940588235294117,1.0,0.2722941176470588,0.0793529411764706,0.09517647058823529,0.4404705882352941
SAMPLE_03812,0.4898235294117647,0.5149411764705882,0.5908235294117647,0.719235294117647,0.5237647058823529,0.8019999999999999,0.5273529411764706,0.8912058823529412
SAMPLE_03813,0.056176470588235286,0.6800588235294117,0.6371176470588235,1.0,0.09929411764705882,0.08152941176470589,0.4047058823529412,0.1604117647058823
SAMPLE_03814,0.7301470588235293,0.19682352941176467,0.28794117647058826,0.3739411764705883,0.5588823529411764,0.5558823529411764,0.6393529411764706,0.4157647058823529
SAMPLE_03815,0.13558823529411768,0.4312352941176471,0.4179999999999999,1.0,0.1324117647058823,0.06388235294117647,0.07411764705882352,0.04923529411764707
SAMPLE_03816,0.626735294117647,0.5542941176470587,0.5511764705882354,0.4498235294117647,0.6988235294117647,0.6047058823529412,0.715764705882353,0.7597058823529413
SAMPLE_03817,0.8517941176470586,0.9108235294117648,0.8371764705882354,0.616470588235294,0.8661176470588234,0.8851176470588235,0.9194117647058823,0.5896470588235294
SAMPLE_03818,0.6136176470588236,0.2101764705882353,0.1743529411764706,0.3754705882352941,0.3689411764705883,0.5235882352941176,0.6165294117647059,0.3325294117647059
SAMPLE_03819,0.6634411764705883,0.49564705882352944,0.4277058823529411,0.5477058823529412,0.7119411764705883,0.6177647058823529,0.6806470588235295,0.5751176470588235
SAMPLE_03820,0.6890294117647058,0.38829411764705885,0.3246470588235294,0.5481176470588234,0.5348235294117647,0.714,0.6481764705882354,0.4304117647058824
SAMPLE_03821,0.13405882352941176,0.6944705882352941,0.5620588235294118,1.0,0.2391176470588235,0.16394117647058823,0.44517647058823534,0.21000000000000002
SAMPLE_03822,0.791235294117647,0.07741176470588236,0.0715294117647059,0.16911764705882354,0.24511764705882358,0.311764705882353,0.26123529411764707,0.22064705882352942
SAMPLE_03823,0.8915294117647058,0.09823529411764706,0.18117647058823527,0.3716470588235294,0.8387058823529411,0.48500000000000004,0.1538235294117647,0.308764705882353
SAMPLE_03824,0.749029411764706,0.7997058823529412,0.8068823529411765,0.5903529411764706,0.745764705882353,0.9053529411764705,0.9158823529411765,0.4921176470588234
SAMPLE_03825,0.7654117647058823,0.3702941176470589,0.19335294117647056,0.4273529411764706,0.1621176470588235,0.5389411764705881,0.3389411764705882,0.07405882352941176
SAMPLE_03826,0.2629411764705883,0.5506470588235296,0.43641176470588233,0.5781176470588237,0.3008823529411765,0.6423529411764706,0.6321764705882353,0.861470588235294
SAMPLE_03827,0.2247058823529412,0.385235294117647,0.3370588235294118,0.1928235294117647,0.5608235294117646,0.43141176470588233,0.5695882352941176,0.6765882352941176
SAMPLE_03828,0.7983235294117648,0.4065294117647059,0.3809411764705883,0.31288235294117644,0.5361764705882353,0.669470588235294,0.710529411764706,0.31741176470588245
SAMPLE_03829,0.8644705882352942,0.33111764705882357,0.40570588235294125,0.5715294117647061,0.3279411764705883,0.672764705882353,0.4845882352941177,0.16947058823529415
SAMPLE_03830,0.28211764705882353,0.25276470588235295,0.31341176470588233,0.11570588235294119,0.6634705882352943,0.25705882352941173,0.4224117647058824,0.36458823529411766
SAMPLE_03831,0.8671470588235294,0.3788823529411764,0.40976470588235286,0.48252941176470593,0.2008823529411765,0.7463529411764707,0.4112941176470589,0.1213529411764706
SAMPLE_03832,0.5831176470588235,0.06282352941176472,0.04647058823529412,0.5869411764705883,0.13047058823529414,0.41317647058823526,0.1781176470588235,0.04329411764705884
SAMPLE_03833,0.040235294117647064,0.6215882352941177,0.5635882352941176,1.0,0.0598235294117647,0.15023529411764708,0.048235294117647064,0.5758235294117647
SAMPLE_03834,0.6211764705882353,0.5031176470588236,0.4972941176470588,0.6115294117647059,0.5966470588235293,0.856764705882353,0.6521176470588237,0.49529411764705883
SAMPLE_03835,0.10005882352941177,0.39341176470588246,0.2906470588235294,1.0,0.10794117647058825,0.11441176470588235,0.04064705882352942,0.7105882352941175
SAMPLE_03836,0.3285882352941177,0.4148823529411764,0.40900000000000003,0.0994705882352941,0.36458823529411755,0.30652941176470583,0.4864705882352941,0.917235294117647
SAMPLE_03837,0.8280882352941176,0.1406470588235294,0.11688235294117647,0.23288235294117646,0.21688235294117647,0.4172352941176469,0.2995294117647059,0.11011764705882354
SAMPLE_03838,0.8197647058823528,0.4296470588235295,0.4089411764705882,0.43476470588235294,0.7018823529411764,0.7261764705882351,0.3943529411764706,0.7599411764705882
SAMPLE_03839,0.3330588235294117,0.9686470588235295,0.968705882352941,0.2415882352941176,0.89,0.5343529411764706,0.8959411764705882,0.7701764705882352
SAMPLE_03840,0.05335294117647059,0.5253529411764707,0.39423529411764713,1.0,0.11317647058823528,0.07064705882352941,0.122,0.017294117647058824
SAMPLE_03841,0.8272352941176471,0.44999999999999996,0.42017647058823526,0.3092352941176471,0.500235294117647,0.7905882352941176,0.700294117647059,0.3454705882352941
SAMPLE_03842,0.07411764705882352,0.4680588235294118,0.4213529411764705,1.0,0.017705882352941175,0.13841176470588237,0.08547058823529412,0.04347058823529413
SAMPLE_03843,0.35882352941176476,0.8575882352941175,0.7173529411764705,0.1693529411764706,0.8424117647058823,0.345764705882353,0.7286470588235294,0.7982941176470587
SAMPLE_03844,0.8084117647058822,0.13394117647058823,0.19699999999999998,0.4499411764705882,0.588764705882353,0.38823529411764696,0.3925882352941177,0.47094117647058836
SAMPLE_03845,0.3671176470588235,0.7003529411764706,0.8786470588235296,0.1608235294117647,0.8867647058823529,0.3568235294117647,0.647764705882353,0.9174117647058823
SAMPLE_03846,0.7911470588235294,0.1654705882352941,0.25752941176470584,0.5571176470588235,0.4165882352941177,0.5838235294117647,0.5644705882352943,0.1854117647058824
SAMPLE_03847,0.24800000000000005,0.9075294117647059,0.8495294117647058,1.0,0.6827647058823529,0.14747058823529413,0.27958823529411764,0.9173529411764706
SAMPLE_03848,0.7828235294117648,0.3171176470588235,0.44876470588235295,0.26605882352941174,0.26035294117647056,0.42964705882352944,0.31629411764705884,0.2676470588235294
SAMPLE_03849,0.0947058823529412,0.8771176470588236,0.8574117647058824,0.1416470588235294,0.4900588235294118,0.21805882352941175,0.352,0.4927647058823529
SAMPLE_03850,0.2673529411764705,0.7802941176470587,0.7283529411764706,1.0,0.07176470588235295,0.10976470588235293,0.5785294117647058,0.226
SAMPLE_03851,0.6786176470588237,0.2396470588235294,0.38841176470588223,0.4181176470588235,0.47452941176470587,0.5338235294117646,0.5557647058823529,0.3855882352941176
SAMPLE_03852,0.6944411764705881,0.49405882352941183,0.4679411764705883,0.6284705882352942,0.48970588235294116,0.6822352941176472,0.4840588235294118,0.27764705882352947
SAMPLE_03853,0.3459411764705883,0.9394117647058823,0.9522941176470588,0.1862941176470588,0.7342352941176469,0.5147058823529411,0.8306470588235294,0.3776470588235294
SAMPLE_03854,0.36799999999999994,0.47247058823529414,0.7491176470588234,0.25117647058823533,0.7287058823529412,0.5062352941176471,0.4393529411764706,0.8194411764705881
SAMPLE_03855,0.07905882352941175,0.2818823529411765,0.16282352941176473,1.0,0.10470588235294118,0.12882352941176473,0.31735294117647056,0.1223529411764706
SAMPLE_03856,0.7828823529411765,0.2596470588235294,0.2575882352941176,0.3657058823529412,0.2835294117647059,0.6061176470588235,0.37211764705882344,0.20770588235294116
SAMPLE_03857,0.7826764705882352,0.3489411764705882,0.4435882352941177,0.32841176470588235,0.478529411764706,0.45929411764705885,0.6044705882352941,0.35629411764705887
SAMPLE_03858,0.27341176470588235,0.5115882352941176,0.4789411764705882,0.17923529411764705,0.5287058823529412,0.43447058823529405,0.5175294117647059,0.7769411764705881
SAMPLE_03859,0.057705882352941176,0.5208235294117647,0.5575294117647059,1.0,0.17170588235294115,0.2308823529411764,0.16047058823529414,0.3646470588235294
SAMPLE_03860,0.14100000000000001,0.631764705882353,0.472529411764706,1.0,0.23241176470588235,0.1403529411764706,0.11276470588235295,0.3258235294117648
SAMPLE_03861,0.7294411764705884,0.1408235294117647,0.3054117647058824,0.4304117647058824,0.24658823529411766,0.4034705882352942,0.593529411764706,0.2842941176470588
SAMPLE_03862,0.806735294117647,0.9035882352941176,0.9498823529411764,0.4566470588235294,0.5598235294117647,0.4262941176470589,0.8416470588235294,0.39005882352941174
SAMPLE_03863,0.7703823529411763,0.2478823529411765,0.2913529411764706,0.4318823529411765,0.18423529411764705,0.5946470588235294,0.35470588235294115,0.34511764705882353
SAMPLE_03864,0.25352941176470584,0.8594705882352941,0.8647058823529413,1.0,0.06682352941176471,0.07029411764705881,0.25929411764705884,0.3405294117647059
SAMPLE_03865,0.5152941176470589,0.20941176470588235,0.1293529411764706,0.29858823529411765,0.3678235294117647,0.4765294117647059,0.2571764705882353,0.3765882352941176
SAMPLE_03866,0.08935294117647058,0.7097058823529412,0.6755294117647059,1.0,0.18276470588235294,0.19047058823529414,0.135,0.7080588235294117
SAMPLE_03867,0.3644705882352941,0.6429411764705882,0.5652941176470588,0.11164705882352942,0.7400000000000001,0.3027647058823529,0.806235294117647,0.9073529411764706
SAMPLE_03868,0.12011764705882352,0.6855294117647059,0.6189411764705881,1.0,0.06388235294117646,0.08788235294117648,0.3346470588235294,0.2525882352941176
SAMPLE_03869,0.669764705882353,0.5728823529411765,0.5531176470588237,0.38370588235294123,0.3536470588235294,0.7855294117647059,0.795470588235294,0.3165294117647059
SAMPLE_03870,0.22011764705882356,0.9051764705882352,0.8374705882352942,1.0,0.25735294117647056,0.1658235294117647,0.35541176470588237,0.4280588235294119
SAMPLE_03871,0.6752647058823529,0.05370588235294118,0.07458823529411766,0.183,0.3234705882352941,0.3341176470588236,0.17870588235294113,0.2001764705882353
SAMPLE_03872,0.7655588235294117,0.7791176470588236,0.7279411764705882,0.5026470588235296,0.7820588235294118,0.887294117647059,0.7696470588235294,0.6671764705882353
SAMPLE_03873,0.1938235294117647,0.6726470588235296,0.6415294117647058,0.30270588235294127,0.6151764705882353,0.34823529411764703,0.6268235294117647,0.5662941176470588
SAMPLE_03874,0.880764705882353,0.2283529411764706,0.35370588235294115,0.3042941176470589,0.3336470588235294,0.45652941176470596,0.7148823529411764,0.3499411764705882
SAMPLE_03875,0.5979411764705881,0.8144705882352943,0.7888235294117646,0.6363529411764706,0.8462941176470589,0.8326470588235294,0.9624705882352942,0.8594117647058825
SAMPLE_03876,0.7335,0.03994117647058824,0.12723529411764709,0.5088823529411765,0.31299999999999994,0.6811764705882354,0.22335294117647056,0.3342941176470588
SAMPLE_03877,0.7940882352941177,0.18711764705882356,0.23852941176470588,0.2624705882352942,0.2707058823529412,0.5844705882352941,0.24905882352941178,0.2677058823529411
SAMPLE_03878,0.24400000000000002,0.45852941176470596,0.792470588235294,0.2932941176470588,0.7145882352941176,0.4743529411764706,0.35441176470588237,0.9275588235294117
SAMPLE_03879,0.07070588235294117,0.34541176470588236,0.2778235294117647,1.0,0.20929411764705885,0.17941176470588235,0.1318235294117647,0.7181176470588236
SAMPLE_03880,0.3028823529411765,0.8347058823529412,0.8292941176470588,0.19529411764705884,0.8734705882352942,0.6490588235294116,0.7960000000000002,0.6131176470588235
SAMPLE_03881,0.35305882352941187,0.8115882352941176,0.8025294117647058,0.28170588235294114,0.5502941176470587,0.6297058823529413,0.6998823529411764,0.6747058823529413
SAMPLE_03882,0.41305882352941176,0.8836470588235296,0.8044117647058822,0.09270588235294118,0.5865882352941177,0.28294117647058825,0.9247058823529413,0.7115294117647059
SAMPLE_03883,0.8358529411764705,0.18611764705882355,0.24141176470588235,0.3074117647058824,0.7621176470588236,0.5279411764705881,0.4111176470588236,0.4181764705882353
SAMPLE_03884,1.0,0.7861764705882351,0.7298235294117648,0.8001176470588236,1.0,1.0,1.0,1.0
SAMPLE_03885,0.25523529411764706,0.4777058823529411,0.43658823529411767,0.3181764705882353,0.3738823529411764,0.4469411764705882,0.2665882352941176,0.7971764705882354
SAMPLE_03886,0.5694705882352942,0.31852941176470584,0.34541176470588236,0.6950588235294118,0.23035294117647062,0.6309411764705883,0.42747058823529416,0.30070588235294116
SAMPLE_03887,0.17211764705882354,0.2897647058823529,0.14511764705882357,0.19723529411764704,0.696764705882353,0.33588235294117647,0.3225882352941176,0.7633529411764706
SAMPLE_03888,0.6886764705882352,0.36394117647058827,0.21217647058823527,0.3535882352941176,0.6005882352941176,0.631235294117647,0.25911764705882345,0.5037058823529412
SAMPLE_03889,1.0,0.8954117647058824,0.8191764705882356,0.8022058823529413,1.0,1.0,1.0,1.0
SAMPLE_03890,0.6971764705882353,0.9135294117647058,0.8246470588235295,0.5895882352941176,0.6241764705882353,0.8778235294117648,0.9186470588235294,0.5207058823529411
SAMPLE_03891,0.23382352941176474,0.426764705882353,0.3043529411764706,0.16735294117647057,0.8003529411764706,0.3414705882352941,0.7781176470588234,0.758235294117647
SAMPLE_03892,0.6475588235294117,0.5088823529411766,0.5295294117647058,0.5424705882352941,0.35782352941176465,0.6965294117647057,0.49564705882352933,0.31911764705882356
SAMPLE_03893,0.18029411764705883,0.6942941176470588,0.6828235294117648,1.0,0.4544117647058824,0.21935294117647056,0.5296470588235292,0.6825882352941177
SAMPLE_03894,0.023529411764705885,0.37317647058823533,0.30023529411764704,1.0,0.024294117647058827,0.1211764705882353,0.20570588235294118,0.026058823529411766
SAMPLE_03895,0.2039411764705882,0.48758823529411766,0.4973529411764705,0.255,0.2609411764705882,0.3896470588235294,0.403,0.8318235294117646
SAMPLE_03896,0.2366470588235294,0.5261176470588235,0.3658823529411764,0.2997647058823529,0.3270588235294118,0.709294117647059,0.4846470588235294,0.6380588235294118
SAMPLE_03897,0.5780000000000001,0.5450588235294118,0.6174705882352942,0.6795294117647059,0.8476470588235293,0.913941176470588,0.6018823529411764,0.6140588235294117
SAMPLE_03898,0.33970588235294114,0.7976470588235294,0.9193529411764708,0.4658823529411764,0.9546470588235294,0.8543529411764706,0.7949999999999998,0.783764705882353
SAMPLE_03899,0.7698235294117646,0.20870588235294113,0.14170588235294113,0.46394117647058813,0.3197647058823529,0.7031176470588234,0.33770588235294113,0.09117647058823529
SAMPLE_03900,0.19888235294117648,0.961235294117647,0.942764705882353,1.0,0.5453529411764707,0.08729411764705884,0.428,0.9160588235294117
SAMPLE_03901,0.7682058823529412,0.207,0.13405882352941179,0.4338235294117647,0.4269411764705882,0.44600000000000006,0.4771764705882354,0.27258823529411763
SAMPLE_03902,0.2751176470588235,0.8336470588235293,0.8410588235294117,0.19194117647058823,0.7688235294117647,0.7027647058823528,0.7938235294117647,0.8596470588235293
SAMPLE_03903,0.08376470588235295,0.8138235294117646,0.8099999999999998,1.0,0.11911764705882352,0.16458823529411762,0.6558823529411765,0.3932941176470588
SAMPLE_03904,0.24994117647058828,0.5664117647058823,0.5185882352941177,0.07847058823529413,0.7098823529411764,0.20005882352941176,0.44199999999999995,0.6142941176470587
SAMPLE_03905,0.7056470588235294,0.49129411764705894,0.5052352941176471,0.6375882352941178,0.4978823529411764,0.8435294117647057,0.3762352941176471,0.45305882352941174
SAMPLE_03906,0.5564999999999999,0.42247058823529415,0.48199999999999993,1.0,0.5844117647058824,0.8363529411764707,0.6186470588235294,0.5841176470588235
SAMPLE_03907,0.7207647058823529,0.6261764705882352,0.7200588235294116,0.5287647058823529,0.4663529411764706,0.7555294117647059,0.6204117647058824,0.2571764705882353
SAMPLE_03908,0.12076470588235297,0.5309411764705882,0.3158823529411765,1.0,0.08623529411764706,0.20023529411764707,0.29594117647058826,0.11041176470588233
SAMPLE_03909,0.2498235294117647,0.3432941176470588,0.2627058823529411,0.12717647058823528,0.5429411764705881,0.2613529411764706,0.36288235294117654,0.8323529411764705
SAMPLE_03910,0.631764705882353,0.3083529411764706,0.334235294117647,0.36923529411764705,0.1321176470588235,0.406235294117647,0.30829411764705883,0.25488235294117645
SAMPLE_03911,0.6985588235294117,0.650764705882353,0.4964705882352941,0.37858823529411767,0.8947647058823529,0.9403529411764708,0.6037058823529412,0.768764705882353
SAMPLE_03912,0.5818823529411764,0.8661764705882353,0.7454117647058822,0.6839411764705883,0.5443529411764706,0.746529411764706,0.8928823529411763,0.6339411764705882
SAMPLE_03913,0.8088529411764707,0.07599999999999998,0.12,0.41405882352941176,0.7196470588235295,0.3640588235294117,0.1791764705882353,0.31747058823529417
SAMPLE_03914,0.2126470588235294,0.693294117647059,0.6877058823529412,1.0,0.13888235294117646,0.46241176470588236,0.5748823529411765,0.497
SAMPLE_03915,1.0,0.9325882352941178,0.9394117647058822,0.7867941176470591,1.0,1.0,1.0,1.0
SAMPLE_03916,1.0,0.7483529411764706,0.7181176470588235,0.7826176470588235,1.0,1.0,1.0,1.0
SAMPLE_03917,0.6707941176470588,0.6414117647058822,0.6812352941176472,0.6398823529411766,0.7562352941176469,0.8054705882352939,0.8045882352941176,0.6834117647058823
SAMPLE_03918,0.29617647058823526,0.15605882352941178,0.10064705882352941,0.16452941176470587,0.2976470588235293,0.30841176470588233,0.4643529411764706,0.8081176470588235
SAMPLE_03919,0.5648823529411765,0.7092352941176471,0.6310588235294117,0.601235294117647,0.7867647058823529,0.8261764705882355,0.7410588235294115,0.6241176470588234
SAMPLE_03920,0.29147058823529415,0.7606470588235295,0.6078823529411764,0.4246470588235294,0.7064705882352941,0.5271176470588235,0.5174117647058825,0.7349999999999999
SAMPLE_03921,0.07723529411764707,0.45794117647058824,0.4937058823529411,1.0,0.4988235294117646,0.08358823529411766,0.066,0.8612941176470589
SAMPLE_03922,0.805794117647059,0.34641176470588236,0.4416470588235294,0.19947058823529415,0.6097058823529412,0.406,0.4848823529411764,0.4285882352941176
SAMPLE_03923,0.7138529411764705,0.9111176470588236,0.9332352941176469,0.7368823529411764,0.8918823529411765,0.9220000000000002,0.9164705882352941,0.5648235294117647
SAMPLE_03924,0.3021176470588235,0.7703529411764705,0.7868235294117646,1.0,0.6340588235294118,0.1624705882352941,0.6110000000000001,0.5250588235294118
SAMPLE_03925,0.4945882352941177,0.4889411764705883,0.4330588235294117,0.7307647058823529,0.35000000000000003,0.7706470588235294,0.6640588235294119,0.8547647058823529
SAMPLE_03926,0.36588235294117644,0.8483529411764705,0.840764705882353,1.0,0.35858823529411765,0.09870588235294117,0.6949411764705883,0.4879411764705883
SAMPLE_03927,0.7927352941176471,0.5254117647058824,0.5167058823529412,0.2925294117647058,0.19864705882352937,0.6188235294117648,0.6001764705882353,0.09376470588235293
SAMPLE_03928,0.7322058823529413,0.06023529411764706,0.06658823529411766,0.5457058823529412,0.536235294117647,0.5172941176470589,0.19170588235294117,0.3497058823529412
SAMPLE_03929,0.7054705882352942,0.19211764705882356,0.33952941176470597,0.3151764705882353,0.4614705882352942,0.6779999999999999,0.48111764705882365,0.4445882352941176
SAMPLE_03930,0.7496176470588237,0.0681764705882353,0.13229411764705884,0.49923529411764705,0.27,0.4531176470588235,0.25729411764705884,0.12488235294117646
SAMPLE_03931,0.4055294117647059,0.27535294117647063,0.3765294117647058,0.26011764705882356,0.6588235294117648,0.38535294117647056,0.379,0.9466176470588236
SAMPLE_03932,0.032235294117647056,0.30958823529411766,0.2582941176470589,1.0,0.10464705882352941,0.13105882352941176,0.09452941176470586,0.09541176470588232
SAMPLE_03933,0.36970588235294116,0.7334705882352942,0.9058235294117649,0.10135294117647059,0.5324117647058824,0.4835294117647058,0.7019411764705881,0.8941764705882352
SAMPLE_03934,0.22805882352941176,0.5834705882352943,0.5611176470588236,0.15494117647058822,0.5477058823529413,0.30123529411764705,0.4078823529411764,0.6695294117647058
SAMPLE_03935,0.5368235294117648,0.6087058823529411,0.4515882352941177,0.6711764705882353,0.6504705882352942,0.8094705882352942,0.707764705882353,0.8258823529411764
SAMPLE_03936,0.3493529411764706,0.876235294117647,0.8301764705882353,0.2231764705882353,0.7605882352941176,0.40623529411764703,0.8849411764705881,0.718529411764706
SAMPLE_03937,0.7910588235294118,0.3604705882352941,0.41558823529411765,0.6014117647058823,0.5332941176470588,0.5865294117647059,0.6628823529411766,0.23476470588235293
SAMPLE_03938,0.5799117647058823,0.47429411764705887,0.4973529411764705,0.4271176470588235,0.7311176470588235,0.8387647058823531,0.7728235294117645,0.7893529411764705
SAMPLE_03939,0.42923529411764716,0.9259411764705883,0.9210588235294117,0.2678235294117647,0.8083529411764706,0.38317647058823534,0.9578235294117647,0.8744117647058824
SAMPLE_03940,0.34041176470588236,0.737529411764706,0.8129411764705884,0.12341176470588237,0.4099411764705882,0.3594117647058825,0.48988235294117655,0.8885882352941177
SAMPLE_03941,0.774264705882353,0.248,0.24776470588235297,0.21305882352941177,0.8844705882352942,0.7328823529411764,0.33917647058823536,0.344764705882353
SAMPLE_03942,0.8085294117647058,0.2444705882352941,0.28441176470588236,0.33229411764705885,0.36205882352941166,0.5313529411764707,0.47870588235294115,0.1914117647058823
SAMPLE_03943,0.6758529411764705,0.16758823529411762,0.18352941176470589,0.353764705882353,0.4524705882352941,0.4262352941176471,0.3887058823529412,0.1603529411764706
SAMPLE_03944,0.5867058823529413,0.06476470588235295,0.05764705882352941,0.4380588235294117,0.3947058823529412,0.39164705882352946,0.1623529411764706,0.07276470588235291
SAMPLE_03945,0.7934411764705882,0.6478823529411765,0.42270588235294115,0.5845294117647059,0.7227058823529412,0.8164117647058823,0.6354117647058823,0.7262352941176471
SAMPLE_03946,0.2460588235294118,0.7344117647058822,0.773235294117647,0.10976470588235294,0.6414705882352942,0.3698235294117647,0.49358823529411766,0.9036470588235292
SAMPLE_03947,0.5524411764705882,0.34482352941176475,0.36117647058823527,0.6889411764705882,0.5205882352941177,0.8505294117647061,0.352764705882353,0.4181764705882353
SAMPLE_03948,0.07982352941176471,0.40470588235294114,0.32052941176470584,1.0,0.07894117647058822,0.07758823529411764,0.12370588235294117,0.3228823529411765
SAMPLE_03949,0.33194117647058824,0.6368235294117648,0.800235294117647,0.04647058823529412,0.6802352941176468,0.3581764705882353,0.6191176470588236,0.8569411764705883
SAMPLE_03950,0.7438235294117646,0.2458823529411765,0.49782352941176466,0.2747647058823529,0.6522352941176471,0.6995294117647058,0.30841176470588233,0.899235294117647
SAMPLE_03951,0.2174705882352941,0.6798235294117647,0.6094117647058823,0.12176470588235293,0.35347058823529415,0.27752941176470586,0.5031764705882353,0.5101764705882353
SAMPLE_03952,1.0,0.7245882352941176,0.6905882352941175,0.7913529411764706,1.0,1.0,1.0,1.0
SAMPLE_03953,0.43488235294117644,0.47464705882352937,0.5002941176470589,0.25499999999999995,0.9512941176470586,0.48129411764705876,0.45670588235294113,0.9292647058823529
SAMPLE_03954,0.7842647058823529,0.7274117647058822,0.722235294117647,0.46529411764705886,0.7058823529411764,0.7078823529411766,0.703235294117647,0.7522352941176471
SAMPLE_03955,0.2326470588235294,0.8894705882352941,0.781235294117647,0.19217647058823528,0.37588235294117645,0.262235294117647,0.4885294117647059,0.4511764705882353
SAMPLE_03956,0.15017647058823527,0.8413529411764705,0.7867647058823528,1.0,0.2118823529411765,0.06105882352941177,0.2666470588235294,0.21223529411764708
SAMPLE_03957,0.5931176470588236,0.14670588235294119,0.24358823529411766,0.3378235294117647,0.20088235294117648,0.4891764705882353,0.3664705882352941,0.2001764705882353
SAMPLE_03958,0.04576470588235294,0.7711176470588235,0.7226470588235294,1.0,0.031411764705882354,0.20123529411764704,0.21629411764705883,0.031588235294117646
SAMPLE_03959,0.13447058823529412,0.4797647058823531,0.5555294117647059,0.4702941176470588,0.12764705882352942,0.6701176470588236,0.38900000000000007,0.7910588235294117
SAMPLE_03960,0.770294117647059,0.0981764705882353,0.2091764705882353,0.37217647058823533,0.7427058823529412,0.5486470588235293,0.1826470588235294,0.24529411764705883
SAMPLE_03961,0.6091470588235294,0.6076470588235294,0.5469411764705884,0.5708823529411765,0.5135882352941177,0.8515294117647059,0.6072352941176471,0.26299999999999996
SAMPLE_03962,0.24394117647058824,0.7287647058823531,0.6812941176470588,0.16682352941176473,0.6236470588235294,0.2645882352941177,0.7327058823529411,0.9578823529411764
SAMPLE_03963,0.2750588235294118,0.8978823529411764,0.8368823529411765,0.7040588235294117,0.5692941176470588,0.7176470588235294,0.6498235294117647,0.6620588235294117
SAMPLE_03964,0.06994117647058823,0.7193529411764708,0.6806470588235294,1.0,0.08088235294117647,0.16423529411764703,0.3727058823529412,0.2300588235294118
SAMPLE_03965,0.6808235294117648,0.1709411764705882,0.11364705882352942,0.541235294117647,0.17129411764705885,0.6317058823529411,0.20641176470588235,0.032764705882352946
SAMPLE_03966,0.040176470588235313,0.4803529411764706,0.5269411764705881,1.0,0.12641176470588236,0.46958823529411775,0.20976470588235296,0.49041176470588244
SAMPLE_03967,0.25258823529411767,0.7652941176470589,0.748764705882353,0.3221176470588235,0.8708235294117648,0.23641176470588235,0.5541764705882354,0.8035882352941177
SAMPLE_03968,0.4327058823529412,0.7921176470588234,0.8262941176470588,0.1885294117647059,0.9460000000000001,0.6754705882352942,0.6214117647058822,0.794470588235294
SAMPLE_03969,0.13982352941176468,0.3262941176470588,0.2777058823529412,1.0,0.39317647058823535,0.14964705882352944,0.045117647058823526,0.18400000000000002
SAMPLE_03970,0.17376470588235296,0.945058823529412,0.9731176470588235,0.28282352941176475,0.7852352941176469,0.8338235294117647,0.9196470588235295,0.8370588235294119
SAMPLE_03971,0.7706764705882353,0.045941176470588235,0.038117647058823534,0.22076470588235295,0.11252941176470588,0.4390588235294118,0.22994117647058823,0.10352941176470588
SAMPLE_03972,0.7453235294117647,0.472764705882353,0.4305882352941176,0.49270588235294116,0.4565882352941177,0.724,0.6192352941176471,0.39005882352941174
SAMPLE_03973,0.11347058823529411,0.7653529411764707,0.7158235294117646,1.0,0.13582352941176468,0.1633529411764706,0.13070588235294114,0.21852941176470586
SAMPLE_03974,0.6601176470588235,0.5262941176470588,0.541764705882353,0.38864705882352946,0.5945882352941175,0.7234705882352942,0.322235294117647,0.3897647058823529
SAMPLE_03975,0.2273529411764706,0.5608235294117647,0.5027058823529411,1.0,0.16199999999999998,0.11811764705882354,0.58,0.668
SAMPLE_03976,0.07352941176470588,0.4011764705882353,0.4051764705882353,1.0,0.20982352941176471,0.22523529411764706,0.08070588235294118,0.853058823529412
SAMPLE_03977,0.5334117647058825,0.25635294117647056,0.29505882352941176,0.28952941176470587,0.7437058823529412,0.7775294117647059,0.6921764705882354,0.8123529411764705
SAMPLE_03978,0.723794117647059,0.4792352941176471,0.5846470588235294,0.3335882352941176,0.7135,0.5402352941176473,0.7687647058823531,0.7002941176470587
SAMPLE_03979,0.3855294117647059,0.4629999999999999,0.3782941176470589,0.101,0.8031764705882353,0.3788235294117648,0.5149411764705881,0.6260588235294117
SAMPLE_03980,0.7446176470588235,0.07517647058823529,0.20288235294117649,0.5404705882352941,0.7185882352941175,0.5612352941176469,0.30652941176470583,0.32335294117647057
SAMPLE_03981,1.0,0.5768235294117646,0.2708235294117647,0.791764705882353,1.0,1.0,1.0,1.0
SAMPLE_03982,0.195,0.819,0.7825294117647057,0.17705882352941174,0.4871764705882352,0.280235294117647,0.39005882352941174,0.5969411764705881
SAMPLE_03983,0.8017647058823529,0.5334705882352941,0.5177647058823529,0.5049411764705883,0.6111764705882353,0.9243529411764706,0.7732352941176469,0.3666470588235293
SAMPLE_03984,0.7670294117647058,0.2835294117647059,0.4861764705882352,0.2783529411764706,0.2561176470588236,0.48323529411764715,0.8125882352941175,0.44899999999999995
SAMPLE_03985,0.8534705882352941,0.16088235294117648,0.2355294117647059,0.3265882352941177,0.6985882352941177,0.5361176470588235,0.41005882352941175,0.422
SAMPLE_03986,0.6325588235294116,0.08823529411764705,0.2111764705882353,0.18952941176470586,0.21558823529411764,0.4313529411764705,0.3963529411764705,0.2125294117647059
SAMPLE_03987,0.09441176470588235,0.7192352941176471,0.6781764705882353,1.0,0.2565882352941177,0.11923529411764704,0.2948823529411765,0.6017647058823529
SAMPLE_03988,0.8264411764705882,0.4028235294117647,0.4362941176470589,0.5214705882352942,0.7369411764705882,0.6550588235294117,0.6517647058823529,0.26847058823529407
SAMPLE_03989,0.3911764705882353,0.9431764705882354,0.9147647058823529,1.0,0.278235294117647,0.20323529411764701,0.6815882352941176,0.3438823529411765
SAMPLE_03990,0.8016470588235293,0.3344117647058824,0.4035294117647059,0.3831176470588235,0.29335294117647054,0.48547058823529404,0.5430588235294117,0.15023529411764705
SAMPLE_03991,0.37241176470588233,0.8831176470588236,0.8730588235294117,0.5914117647058824,0.6724117647058823,0.8798823529411763,0.8331764705882354,0.8600588235294115
SAMPLE_03992,0.06764705882352941,0.3016470588235295,0.15723529411764706,1.0,0.2368823529411765,0.052470588235294116,0.029705882352941176,0.8113529411764705
SAMPLE_03993,0.34782352941176475,0.5384705882352941,0.5041176470588234,0.4850588235294117,0.5258235294117648,0.49641176470588233,0.6612941176470589,0.7804117647058826
SAMPLE_03994,0.8439411764705882,0.45052941176470584,0.4734705882352941,0.5966470588235293,0.4368235294117647,0.8089411764705884,0.6742352941176472,0.3030588235294117
SAMPLE_03995,0.14258823529411765,0.533,0.4515882352941177,1.0,0.14888235294117647,0.12105882352941177,0.1646470588235294,0.3878823529411765
SAMPLE_03996,0.06141176470588234,0.8967647058823529,0.8785882352941178,1.0,0.36394117647058827,0.07670588235294117,0.03735294117647059,0.07135294117647059
SAMPLE_03997,0.13629411764705884,0.5113529411764707,0.524,1.0,0.0735294117647059,0.09970588235294117,0.42241176470588243,0.31794117647058817
SAMPLE_03998,0.05276470588235296,0.11576470588235295,0.06582352941176473,1.0,0.4945294117647059,0.12258823529411765,0.027411764705882354,0.8329411764705883
SAMPLE_03999,0.1003529411764706,0.6033529411764705,0.43311764705882366,1.0,0.12276470588235296,0.06999999999999999,0.23152941176470587,0.09123529411764704
SAMPLE_04000,0.36000000000000004,0.6965882352941177,0.7146470588235294,0.1395294117647059,0.7677647058823529,0.4523529411764706,0.5141764705882352,0.6915882352941175
SAMPLE_04001,0.4407647058823529,0.4897647058823529,0.8780000000000001,0.13835294117647057,0.8785882352941176,0.2537647058823529,0.652529411764706,0.796764705882353
SAMPLE_04002,0.6628235294117647,0.13135294117647062,0.14447058823529413,0.1888823529411765,0.13564705882352943,0.38476470588235295,0.25752941176470595,0.09988235294117645
SAMPLE_04003,0.6766764705882352,0.10905882352941176,0.1498235294117647,0.5924117647058824,0.4495294117647059,0.45599999999999996,0.18564705882352942,0.17805882352941177
SAMPLE_04004,0.1356470588235294,0.8170000000000002,0.7542941176470589,1.0,0.18211764705882352,0.1278823529411765,0.11776470588235292,0.21776470588235297
SAMPLE_04005,0.19076470588235292,0.5661764705882353,0.6708823529411765,0.11323529411764705,0.2882352941176471,0.2621176470588235,0.22711764705882348,0.4456470588235294
SAMPLE_04006,0.7228529411764706,0.6158823529411765,0.6769999999999999,0.4115294117647059,0.8374705882352941,0.5884705882352941,0.8180000000000001,0.7662352941176471
SAMPLE_04007,0.8570882352941176,0.21641176470588233,0.2515294117647059,0.48029411764705887,0.21311764705882355,0.7048235294117646,0.4804705882352941,0.16264705882352942
SAMPLE_04008,0.11411764705882353,0.9587058823529411,0.9612352941176473,1.0,0.3448235294117647,0.09458823529411765,0.3544705882352941,0.6249411764705881
SAMPLE_04009,0.7679117647058823,0.7016470588235295,0.5821176470588235,0.5684117647058824,0.5364705882352941,0.729529411764706,0.8642941176470588,0.40658823529411764
SAMPLE_04010,0.8566470588235292,0.27588235294117647,0.2637058823529412,0.3084117647058824,0.36711764705882355,0.39876470588235297,0.29517647058823526,0.1986470588235294
SAMPLE_04011,0.3575882352941176,0.7296470588235294,0.6648823529411764,0.16482352941176467,0.7555294117647059,0.27770588235294114,0.7499999999999999,0.6600588235294118
SAMPLE_04012,0.7999117647058823,0.12794117647058822,0.25429411764705884,0.4154117647058823,0.7951764705882352,0.5359999999999999,0.5189411764705882,0.49270588235294116
SAMPLE_04013,0.508,0.362764705882353,0.2625882352941177,0.6333529411764707,0.4921176470588234,0.6731176470588236,0.7184705882352942,0.7410588235294118
SAMPLE_04014,0.3941176470588235,0.6858235294117647,0.7098235294117647,0.21952941176470583,0.6315294117647058,0.49305882352941177,0.5462941176470588,0.8578823529411765
SAMPLE_04015,0.8631764705882353,0.37864705882352945,0.48811764705882354,0.5055882352941177,0.39629411764705885,0.6864117647058824,0.6118235294117647,0.33570588235294113
SAMPLE_04016,0.4014117647058824,0.42647058823529405,0.5196470588235294,0.07958823529411765,0.7821764705882354,0.30782352941176466,0.7679411764705882,0.8698823529411763
SAMPLE_04017,0.5849705882352942,0.5535882352941176,0.7297058823529411,0.3803529411764706,0.7388823529411764,0.863470588235294,0.6918823529411763,0.7437058823529411
SAMPLE_04018,0.7965882352941175,0.14500000000000005,0.1815882352941176,0.6808823529411763,0.9601176470588235,0.7985882352941175,0.49199999999999994,0.7677352941176471
SAMPLE_04019,1.0,0.8530588235294119,0.7368823529411765,0.7979411764705882,1.0,1.0,1.0,1.0
SAMPLE_04020,0.5022941176470589,0.7677058823529411,0.719235294117647,0.46576470588235297,0.701764705882353,0.6169411764705882,0.6594117647058823,0.6417058823529412
SAMPLE_04021,0.14135294117647057,0.7828823529411765,0.7900588235294117,1.0,0.21123529411764705,0.07241176470588237,0.306,0.6636470588235293
SAMPLE_04022,0.12000000000000002,0.6962941176470588,0.6608235294117647,1.0,0.23500000000000001,0.17041176470588235,0.41152941176470587,0.21523529411764708
SAMPLE_04023,0.6364411764705882,0.21994117647058828,0.22594117647058828,0.31611764705882356,0.5144117647058823,0.6579999999999999,0.36923529411764694,0.8855294117647059
SAMPLE_04024,0.753735294117647,0.5828235294117647,0.474,0.5800588235294118,0.6337647058823528,0.7054705882352942,0.5653529411764706,0.6215882352941176
SAMPLE_04025,0.2595882352941177,0.8075882352941177,0.7182352941176471,0.10758823529411764,0.37158823529411766,0.28847058823529415,0.23894117647058824,0.35058823529411753
SAMPLE_04026,0.6176176470588235,0.8002941176470587,0.8654117647058823,0.47670588235294115,0.9406470588235295,0.7638235294117648,0.9051176470588235,0.5557647058823528
SAMPLE_04027,0.5725882352941177,0.19347058823529412,0.19841176470588237,0.5019411764705883,0.2777058823529412,0.42311764705882354,0.4126470588235294,0.14511764705882355
SAMPLE_04028,0.8370588235294117,0.1884705882352941,0.16188235294117645,0.37088235294117644,0.4601176470588235,0.4360588235294117,0.43888235294117645,0.3318235294117647
SAMPLE_04029,0.6940588235294118,0.11005882352941176,0.08652941176470588,0.535470588235294,0.20158823529411765,0.4786470588235293,0.1976470588235294,0.062352941176470576
SAMPLE_04030,0.8174411764705883,0.9301176470588235,0.9194705882352944,0.7372352941176469,0.8800588235294118,0.9398235294117645,0.9363529411764704,0.620235294117647
SAMPLE_04031,0.4182941176470588,0.9807058823529412,0.9726470588235294,0.1813529411764706,0.8608235294117648,0.6091764705882354,0.853764705882353,0.8727647058823529
SAMPLE_04032,0.7657647058823529,0.28147058823529414,0.2930588235294117,0.367764705882353,0.8995294117647058,0.7051764705882353,0.19576470588235295,0.35547058823529415
SAMPLE_04033,0.3993529411764705,0.9698823529411762,0.9837058823529411,0.20199999999999999,0.9236470588235293,0.7995294117647058,0.9420588235294118,0.847764705882353
SAMPLE_04034,0.0826470588235294,0.7111176470588235,0.6422941176470588,0.4488235294117646,0.2984705882352941,0.5130588235294118,0.5368823529411764,0.6727647058823529
SAMPLE_04035,0.6887352941176471,0.33429411764705874,0.32088235294117645,0.6607058823529413,0.2655882352941176,0.8278823529411765,0.47235294117647053,0.19982352941176473
SAMPLE_04036,0.8658529411764706,0.17770588235294116,0.21611764705882353,0.36629411764705877,0.30405882352941177,0.6321176470588236,0.3177058823529411,0.17023529411764704
SAMPLE_04037,0.434529411764706,0.9724117647058823,0.9557058823529412,0.19294117647058823,0.8020588235294118,0.45205882352941174,0.8637058823529411,0.8955882352941177
SAMPLE_04038,1.0,0.961,0.9164117647058821,0.7899999999999999,1.0,1.0,1.0,1.0
SAMPLE_04039,0.227,0.7574117647058823,0.7240000000000001,1.0,0.1756470588235294,0.07758823529411765,0.2905882352941176,0.5726470588235294
SAMPLE_04040,1.0,0.8961764705882354,0.8268235294117646,0.794,1.0,1.0,1.0,1.0
SAMPLE_04041,0.3534705882352941,0.7330000000000001,0.7450000000000001,0.239,0.3594705882352941,0.3149411764705882,0.4262941176470588,0.9175294117647059
SAMPLE_04042,0.6258823529411766,0.288,0.30470588235294116,0.525,0.2501176470588235,0.6257647058823529,0.3128823529411765,0.2314705882352941
SAMPLE_04043,0.36782352941176466,0.7942941176470588,0.7967647058823528,0.18652941176470586,0.6462352941176471,0.2881764705882353,0.7063529411764706,0.6515882352941177
SAMPLE_04044,0.7921764705882355,0.34958823529411764,0.4072941176470588,0.4871764705882354,0.4722352941176471,0.4898235294117647,0.3897058823529412,0.3782941176470588
SAMPLE_04045,0.5509705882352941,0.7681176470588236,0.8331176470588235,0.6096470588235292,0.9138823529411765,0.6700588235294118,0.8440588235294116,0.8783823529411763
SAMPLE_04046,0.7985588235294117,0.1366470588235294,0.222,0.5350588235294118,0.3995882352941176,0.7170588235294119,0.47276470588235286,0.12382352941176471
SAMPLE_04047,0.6029411764705881,0.07694117647058824,0.06364705882352942,0.48541176470588226,0.2222352941176471,0.3709411764705882,0.153,0.060176470588235303
SAMPLE_04048,0.7885588235294119,0.15270588235294116,0.1903529411764706,0.4475882352941176,0.31864705882352945,0.514,0.17411764705882352,0.06988235294117648
SAMPLE_04049,0.7604411764705882,0.3545294117647059,0.2590588235294118,0.710470588235294,0.6752352941176472,0.837470588235294,0.759470588235294,0.6125294117647059
SAMPLE_04050,0.8070882352941176,0.1464705882352941,0.23711764705882352,0.3721176470588235,0.29017647058823526,0.40817647058823536,0.33888235294117647,0.20341176470588235
SAMPLE_04051,0.39099999999999996,0.7359411764705883,0.8148823529411766,0.1565294117647059,0.7951764705882353,0.5088235294117647,0.8473529411764706,0.7408823529411767
SAMPLE_04052,0.17411764705882352,0.4941764705882353,0.41523529411764704,1.0,0.2559411764705882,0.14247058823529413,0.1595294117647059,0.7133529411764705
SAMPLE_04053,0.450235294117647,0.6259411764705882,0.933235294117647,0.1511764705882353,0.8402352941176471,0.20523529411764704,0.6103529411764705,0.8201764705882355
SAMPLE_04054,0.37670588235294117,0.3667058823529412,0.3485294117647059,0.1601176470588235,0.5432941176470587,0.30164705882352943,0.37529411764705883,0.8741176470588236
SAMPLE_04055,0.24688235294117647,0.5324117647058825,0.46905882352941175,1.0,0.31147058823529405,0.15888235294117647,0.1128235294117647,0.2780588235294117
SAMPLE_04056,0.39211764705882346,0.531705882352941,0.4704117647058823,0.34947058823529414,0.8244705882352941,0.5876470588235294,0.4542352941176471,0.7227058823529412
SAMPLE_04057,0.3292941176470588,0.784705882352941,0.7946470588235294,0.10770588235294118,0.784764705882353,0.47023529411764714,0.7520588235294118,0.8748823529411764
SAMPLE_04058,0.8174999999999999,0.157,0.23805882352941174,0.3856470588235293,0.7057058823529413,0.558235294117647,0.30247058823529416,0.41741176470588237
SAMPLE_04059,0.07564705882352941,0.9269999999999998,0.9116470588235296,1.0,0.18205882352941175,0.0891764705882353,0.3596470588235294,0.5538235294117646
SAMPLE_04060,0.22294117647058823,0.7641764705882355,0.7685882352941178,0.26729411764705885,0.6864117647058824,0.3772352941176471,0.6781176470588235,0.6408823529411763
SAMPLE_04061,0.04370588235294118,0.6792941176470588,0.9825882352941174,0.2374705882352941,0.6275882352941174,0.6454705882352941,0.5661176470588236,0.8830294117647058
SAMPLE_04062,0.5229411764705882,0.3817058823529412,0.38070588235294117,0.3158235294117648,0.7876470588235295,0.6868235294117648,0.7711764705882352,0.8455882352941175
SAMPLE_04063,0.618735294117647,0.25470588235294117,0.3940588235294118,0.33305882352941174,0.7852941176470587,0.6728823529411765,0.4109411764705882,0.8669411764705882
SAMPLE_04064,0.7307058823529411,0.19858823529411768,0.14994117647058824,0.34605882352941175,0.5491764705882353,0.4761764705882353,0.45794117647058824,0.27829411764705875
SAMPLE_04065,0.13529411764705881,0.2701764705882353,0.22635294117647056,1.0,0.16429411764705884,0.13611764705882354,0.05676470588235294,0.42964705882352944
SAMPLE_04066,0.8286764705882355,0.14605882352941174,0.22399999999999998,0.5635294117647058,0.3300588235294118,0.6912352941176472,0.45288235294117646,0.22794117647058826
SAMPLE_04067,1.0,0.7388235294117648,0.6493529411764705,0.7813529411764707,1.0,1.0,1.0,1.0
SAMPLE_04068,0.6534117647058821,0.25023529411764706,0.13911764705882357,0.5065294117647059,0.4396470588235294,0.556,0.3654117647058823,0.19676470588235298
SAMPLE_04069,0.1735882352941176,0.8587647058823532,0.8473529411764706,1.0,0.19599999999999995,0.17882352941176471,0.27158823529411763,0.20676470588235293
SAMPLE_04070,0.7271176470588234,0.12011764705882352,0.223,0.4016470588235293,0.28929411764705876,0.38841176470588235,0.40176470588235286,0.17229411764705888
SAMPLE_04071,0.7960882352941177,0.7472941176470588,0.6520000000000001,0.6016470588235295,0.6379411764705883,0.8625294117647058,0.6953529411764705,0.5085294117647061
SAMPLE_04072,0.5956470588235294,0.5038235294117647,0.5592352941176472,0.6423529411764706,0.4478235294117646,0.7747058823529412,0.5908235294117649,0.32188235294117656
SAMPLE_04073,0.7763529411764706,0.054705882352941174,0.07005882352941176,0.232,0.8546470588235294,0.42858823529411755,0.1727647058823529,0.3904117647058823
SAMPLE_04074,0.2824117647058823,0.7154117647058823,0.6683529411764706,0.3614117647058824,0.5820588235294117,0.46405882352941163,0.7233529411764705,0.6488235294117648
SAMPLE_04075,0.7397647058823529,0.15111764705882355,0.2142941176470588,0.5739411764705883,0.36852941176470594,0.7314117647058822,0.6082352941176472,0.2173529411764706
SAMPLE_04076,0.1843529411764706,0.48923529411764705,0.441,0.2448823529411765,0.7971176470588235,0.6107058823529412,0.5854705882352941,0.782941176470588
SAMPLE_04077,0.5848235294117647,0.598470588235294,0.5404705882352943,0.6905294117647058,0.7618823529411765,0.8799999999999999,0.7237058823529413,0.6857058823529412
SAMPLE_04078,0.21405882352941175,0.7000588235294117,0.5884117647058824,1.0,0.21129411764705885,0.12864705882352942,0.0548235294117647,0.2136470588235294
SAMPLE_04079,0.19117647058823528,0.6358823529411765,0.5604117647058823,1.0,0.33882352941176475,0.4148823529411764,0.39958823529411763,0.7617058823529411
SAMPLE_04080,0.32911764705882357,0.788764705882353,0.7760588235294117,0.19570588235294115,0.5950588235294118,0.31135294117647067,0.43111764705882355,0.575764705882353
SAMPLE_04081,1.0,0.9255294117647059,0.9065882352941178,0.8025882352941176,1.0,1.0,1.0,1.0
SAMPLE_04082,0.7669411764705881,0.5271176470588236,0.5484705882352942,0.40170588235294113,0.9265882352941175,0.45141176470588235,0.8308823529411766,0.7542352941176471
SAMPLE_04083,0.825911764705882,0.08870588235294118,0.10641176470588234,0.2771764705882353,0.7389411764705883,0.5309999999999999,0.24029411764705882,0.35864705882352943
SAMPLE_04084,0.44605882352941184,0.8598235294117647,0.9724117647058825,0.11335294117647057,0.9525882352941176,0.29111764705882354,0.8701176470588236,0.8290588235294116
SAMPLE_04085,1.0,0.8113529411764706,0.5913529411764706,0.7840588235294118,1.0,1.0,1.0,1.0
SAMPLE_04086,0.7515294117647059,0.04870588235294118,0.10394117647058825,0.38917647058823523,0.4291764705882354,0.36970588235294116,0.2026470588235294,0.21941176470588236
SAMPLE_04087,0.6495294117647059,0.6706470588235296,0.5345294117647059,0.6325294117647058,0.6641176470588236,0.6658823529411765,0.7145294117647057,0.5954117647058822
SAMPLE_04088,0.2772352941176471,0.9081764705882351,0.9654705882352941,0.18905882352941175,0.8532941176470586,0.7329411764705883,0.7455294117647059,0.781764705882353
SAMPLE_04089,0.42505882352941177,0.5658823529411764,0.8465882352941174,0.1331764705882353,0.8463529411764706,0.5174705882352941,0.7661764705882355,0.7896470588235293
SAMPLE_04090,0.5300294117647057,0.5901764705882353,0.6889411764705883,0.5243529411764706,0.8240588235294117,0.8701764705882354,0.6147647058823531,0.8755294117647058
SAMPLE_04091,0.08582352941176472,0.4485294117647059,0.43370588235294116,1.0,0.22994117647058823,0.2988235294117647,0.2575882352941176,0.4112352941176469
SAMPLE_04092,0.6976470588235295,0.3069411764705883,0.4900000000000001,0.5952352941176471,0.8526470588235294,0.7484117647058823,0.512470588235294,0.5279999999999999
SAMPLE_04093,0.3065882352941176,0.3182941176470588,0.21094117647058824,0.2405294117647059,0.814058823529412,0.536764705882353,0.457764705882353,0.7234705882352942
SAMPLE_04094,0.3161764705882352,0.5458823529411765,0.6666470588235295,0.13917647058823526,0.707,0.20794117647058824,0.4967058823529412,0.6074705882352941
SAMPLE_04095,0.14505882352941174,0.8795882352941176,0.8718235294117646,1.0,0.07952941176470588,0.13805882352941176,0.5111764705882353,0.13847058823529412
SAMPLE_04096,0.8250882352941177,0.35123529411764703,0.3025882352941177,0.4302941176470588,0.17000000000000004,0.5377647058823529,0.43876470588235295,0.0993529411764706
SAMPLE_04097,0.33364705882352946,0.6434705882352942,0.6599999999999999,0.1830588235294118,0.7438235294117646,0.26152941176470584,0.5019411764705881,0.6369411764705882
SAMPLE_04098,0.35976470588235293,0.8584117647058824,0.8954705882352939,0.574764705882353,0.7913529411764706,0.6594705882352941,0.696764705882353,0.627764705882353
SAMPLE_04099,0.579235294117647,0.42223529411764704,0.5620000000000002,0.628705882352941,0.8727058823529412,0.8630588235294118,0.7631176470588236,0.577294117647059
SAMPLE_04100,0.8574117647058823,0.924470588235294,0.9195294117647058,0.7188235294117648,0.8258823529411764,0.8999999999999998,0.9309411764705883,0.6442352941176469
SAMPLE_04101,0.34523529411764703,0.7851764705882355,0.8224705882352941,1.0,0.22223529411764706,0.4084117647058823,0.7567058823529411,0.6424117647058823
SAMPLE_04102,0.6230882352941175,0.31217647058823533,0.3925882352941177,0.5464117647058823,0.7053529411764705,0.8548235294117648,0.3219411764705882,0.45405882352941185
SAMPLE_04103,0.19970588235294123,0.40435294117647064,0.3152941176470589,1.0,0.17611764705882357,0.09352941176470587,0.14170588235294115,0.3978823529411765
SAMPLE_04104,0.4034705882352941,0.8013529411764706,0.8985882352941177,0.041352941176470585,0.7294705882352942,0.2522941176470588,0.8021764705882353,0.7417058823529411
SAMPLE_04105,0.8684705882352942,0.0704705882352941,0.09941176470588234,0.36152941176470593,0.14541176470588238,0.593529411764706,0.17099999999999999,0.09999999999999999
SAMPLE_04106,0.5927941176470588,0.13658823529411762,0.10129411764705883,0.3746470588235294,0.3071764705882353,0.46170588235294113,0.15558823529411767,0.06947058823529412
SAMPLE_04107,0.3930588235294118,0.3359999999999999,0.3939999999999999,0.043,0.4927647058823531,0.15394117647058825,0.6151764705882352,0.8470588235294116
SAMPLE_04108,0.1700588235294117,0.7676470588235293,0.7618823529411763,1.0,0.3961764705882352,0.1758235294117647,0.23352941176470587,0.8172647058823528
SAMPLE_04109,0.04029411764705883,0.7465882352941177,0.7474117647058824,1.0,0.16823529411764704,0.12311764705882353,0.29947058823529416,0.21994117647058825
SAMPLE_04110,0.33870588235294113,0.9001176470588236,0.8706470588235292,1.0,0.10735294117647057,0.1886470588235294,0.46817647058823525,0.1912941176470588
SAMPLE_04111,0.15717647058823528,0.7003529411764707,0.7704117647058822,0.4155882352941176,0.42370588235294115,0.4001176470588235,0.46511764705882347,0.636764705882353
SAMPLE_04112,0.6900294117647059,0.10776470588235293,0.09511764705882353,0.30670588235294116,0.08370588235294119,0.47811764705882365,0.26505882352941185,0.09929411764705882
SAMPLE_04113,0.7099117647058824,0.31147058823529417,0.398,0.5038235294117648,0.8270588235294118,0.6702941176470588,0.739705882352941,0.711
SAMPLE_04114,0.7648529411764704,0.1485294117647059,0.09935294117647059,0.46494117647058825,0.23223529411764707,0.4339411764705882,0.38017647058823517,0.17758823529411766
SAMPLE_04115,0.2304705882352941,0.7359411764705883,0.712235294117647,0.1683529411764706,0.38735294117647057,0.3212941176470588,0.34247058823529414,0.25788235294117645
SAMPLE_04116,0.7095294117647057,0.7063529411764707,0.7179411764705881,0.3068235294117647,0.7592941176470587,0.7225882352941178,0.7984117647058825,0.8864705882352941
SAMPLE_04117,0.6235,0.24288235294117644,0.10770588235294118,0.2930588235294117,0.18911764705882356,0.36400000000000005,0.24029411764705882,0.20076470588235296
SAMPLE_04118,0.696970588235294,0.09505882352941175,0.072,0.6564705882352943,0.9470588235294116,0.802235294117647,0.5523529411764705,0.7117058823529412
SAMPLE_04119,0.6408529411764706,0.1367058823529412,0.15252941176470589,0.29035294117647065,0.6344117647058826,0.4476470588235294,0.20758823529411763,0.33882352941176475
SAMPLE_04120,0.4588235294117648,0.33317647058823524,0.3228823529411765,0.1861764705882353,0.8527058823529412,0.46358823529411763,0.3731764705882353,0.430764705882353
SAMPLE_04121,0.5993529411764706,0.410764705882353,0.4555882352941176,0.6791176470588234,0.6854117647058823,0.850470588235294,0.7150588235294117,0.4614117647058823
SAMPLE_04122,0.37176470588235294,0.8432941176470589,0.880764705882353,0.25229411764705884,0.4363529411764706,0.4216470588235295,0.6215882352941177,0.6783529411764706
SAMPLE_04123,0.8009411764705885,0.34017647058823536,0.42911764705882355,0.5401176470588235,0.8062941176470588,0.694,0.6830588235294117,0.5379411764705884
SAMPLE_04124,0.6345000000000001,0.10782352941176473,0.08247058823529411,0.3055294117647059,0.3159411764705882,0.44388235294117645,0.20188235294117646,0.13576470588235293
SAMPLE_04125,0.3639411764705882,0.507470588235294,0.7212941176470588,0.1471764705882353,0.7105294117647061,0.4191764705882353,0.7681764705882352,0.9248823529411766
SAMPLE_04126,0.7243529411764706,0.058823529411764705,0.05170588235294117,0.41123529411764703,0.7108235294117646,0.45476470588235296,0.17270588235294124,0.3103529411764706
SAMPLE_04127,0.7482352941176471,0.4951764705882353,0.5054117647058822,0.4540000000000001,0.45494117647058824,0.5301176470588235,0.5176470588235295,0.28729411764705887
SAMPLE_04128,0.35894117647058826,0.8329999999999999,0.9291176470588235,0.32664705882352935,0.9393529411764706,0.7993529411764707,0.7873529411764706,0.7877647058823529
SAMPLE_04129,0.8209117647058823,0.34188235294117647,0.42164705882352943,0.27058823529411763,0.446470588235294,0.41400000000000003,0.518235294117647,0.28317647058823525
SAMPLE_04130,0.6875882352941176,0.32388235294117645,0.32982352941176474,0.5734117647058823,0.517529411764706,0.8356470588235295,0.5455882352941176,0.4360588235294117
SAMPLE_04131,0.35782352941176476,0.6316470588235293,0.7477058823529413,0.4102352941176471,0.511705882352941,0.49258823529411755,0.5078823529411765,0.9008823529411767
SAMPLE_04132,0.43423529411764716,0.777,0.7401176470588235,0.11005882352941176,0.6191764705882353,0.35241176470588237,0.5350588235294118,0.7391764705882352
SAMPLE_04133,0.11641176470588237,0.22805882352941173,0.14329411764705882,1.0,0.26658823529411774,0.10047058823529413,0.041235294117647064,0.7724705882352941
SAMPLE_04134,0.8524705882352942,0.048882352941176474,0.03317647058823529,0.356,0.5875882352941176,0.5262941176470589,0.2162941176470588,0.1478235294117647
SAMPLE_04135,0.850764705882353,0.29200000000000004,0.4887647058823529,0.5086470588235295,0.3313529411764705,0.599235294117647,0.5117647058823528,0.23476470588235293
SAMPLE_04136,0.14911764705882358,0.668235294117647,0.7287058823529412,1.0,0.1255294117647059,0.20217647058823532,0.5063529411764706,0.5431176470588237
SAMPLE_04137,0.2744705882352941,0.8017647058823529,0.8090588235294117,0.088,0.25441176470588234,0.2048235294117647,0.6292941176470589,0.33770588235294113
SAMPLE_04138,1.0,0.8186470588235294,0.7904117647058824,0.7950588235294117,1.0,1.0,1.0,1.0
SAMPLE_04139,0.7296470588235295,0.07852941176470589,0.08794117647058824,0.467235294117647,0.726,0.5851764705882352,0.31864705882352945,0.39605882352941174
SAMPLE_04140,0.41152941176470587,0.45094117647058823,0.5192941176470588,0.14129411764705882,0.5782352941176471,0.29011764705882354,0.6427647058823529,0.8178823529411763
SAMPLE_04141,0.6513529411764704,0.2651176470588235,0.2182352941176471,0.3417647058823529,0.26841176470588235,0.46829411764705886,0.30988235294117655,0.3534705882352941
SAMPLE_04142,0.7036176470588233,0.18511764705882355,0.15799999999999997,0.6466470588235295,0.7097058823529412,0.537235294117647,0.4278235294117647,0.7354705882352942
SAMPLE_04143,0.8088235294117647,0.3628235294117647,0.33194117647058824,0.46905882352941175,0.758705882352941,0.9010588235294118,0.5182352941176471,0.42794117647058827
SAMPLE_04144,0.8069117647058824,0.06370588235294117,0.07994117647058822,0.33958823529411764,0.24152941176470594,0.5448235294117646,0.24088235294117646,0.18858823529411767
SAMPLE_04145,0.8311764705882353,0.3238823529411765,0.36547058823529416,0.3577058823529412,0.27888235294117647,0.6651764705882353,0.5924117647058824,0.2489411764705882
SAMPLE_04146,0.8193823529411763,0.4740588235294117,0.5943529411764705,0.6073529411764705,0.8998823529411766,0.6591176470588236,0.8194117647058824,0.6219411764705883
SAMPLE_04147,0.06470588235294117,0.3669411764705882,0.26576470588235296,1.0,0.10470588235294118,0.08076470588235295,0.07623529411764707,0.04435294117647059
SAMPLE_04148,0.8015882352941177,0.3820588235294118,0.4771176470588235,0.626235294117647,0.5594117647058824,0.8046470588235294,0.6331764705882351,0.316
SAMPLE_04149,0.24605882352941175,0.2664705882352942,0.31317647058823533,0.07370588235294118,0.35005882352941176,0.20958823529411763,0.324,0.798235294117647
SAMPLE_04150,0.07729411764705883,0.765764705882353,0.726470588235294,1.0,0.19547058823529412,0.06017647058823529,0.3214705882352941,0.06382352941176471
SAMPLE_04151,0.8822941176470588,0.04899999999999999,0.18323529411764705,0.4961764705882352,0.728,0.43852941176470583,0.2024117647058824,0.2806470588235294
SAMPLE_04152,0.20641176470588235,0.5643529411764705,0.528764705882353,1.0,0.16029411764705884,0.29352941176470587,0.4031764705882354,0.3898823529411764
SAMPLE_04153,0.18047058823529416,0.5395294117647058,0.5995882352941178,1.0,0.1082941176470588,0.27129411764705885,0.31676470588235295,0.25588235294117645
SAMPLE_04154,0.7102647058823529,0.24876470588235294,0.2734117647058824,0.46552941176470597,0.5715294117647057,0.528,0.4884117647058823,0.30717647058823533
SAMPLE_04155,0.347,0.5857647058823529,0.622,0.08670588235294117,0.7866470588235295,0.2497058823529412,0.4286470588235294,0.8834411764705881
SAMPLE_04156,0.5991764705882353,0.14105882352941174,0.20641176470588238,0.37641176470588233,0.36964705882352944,0.5321764705882354,0.4578823529411766,0.4499411764705881
SAMPLE_04157,0.1488235294117647,0.4615294117647059,0.3178235294117647,1.0,0.15541176470588236,0.10182352941176472,0.12417647058823528,0.30858823529411766
SAMPLE_04158,0.32811764705882357,0.7306470588235293,0.7519999999999999,0.046411764705882354,0.5186470588235295,0.21864705882352942,0.26894117647058824,0.900470588235294
SAMPLE_04159,0.20205882352941174,0.9068235294117647,0.8584117647058824,1.0,0.19176470588235292,0.16094117647058825,0.7162941176470587,0.7517058823529411
SAMPLE_04160,0.7783823529411765,0.06852941176470587,0.19817647058823532,0.36405882352941177,0.6648823529411765,0.45805882352941174,0.1748235294117647,0.2891176470588235
SAMPLE_04161,0.4014705882352942,0.47729411764705887,0.5771176470588236,0.18723529411764708,0.7516470588235294,0.24282352941176477,0.7118823529411765,0.6930588235294116
SAMPLE_04162,0.24605882352941175,0.36894117647058833,0.35911764705882354,0.10176470588235292,0.41970588235294115,0.2595882352941176,0.20741176470588235,0.6478235294117648
SAMPLE_04163,0.542235294117647,0.7366470588235294,0.7620588235294118,0.5353529411764706,0.9100588235294116,0.9114117647058824,0.8447647058823528,0.8447647058823529
SAMPLE_04164,0.026176470588235294,0.48082352941176465,0.3632352941176471,1.0,0.03776470588235294,0.10088235294117649,0.06311764705882354,0.2574117647058824
SAMPLE_04165,0.5122941176470588,0.889235294117647,0.8595294117647059,0.2069411764705882,0.6672941176470587,0.37676470588235295,0.716470588235294,0.7704117647058824
SAMPLE_04166,0.29047058823529404,0.759764705882353,0.7243529411764705,0.33770588235294113,0.6321764705882353,0.47582352941176465,0.4792941176470589,0.49899999999999994
SAMPLE_04167,0.3131176470588235,0.7235882352941175,0.6968235294117647,0.14823529411764702,0.5590588235294117,0.4415294117647059,0.5887058823529412,0.6592941176470588
SAMPLE_04168,0.3288235294117648,0.9317058823529409,0.9612352941176471,0.22405882352941178,0.4966470588235295,0.2774117647058823,0.8697058823529413,0.6495882352941176
SAMPLE_04169,0.8362647058823528,0.415,0.3134117647058824,0.5220588235294117,0.4851764705882354,0.690058823529412,0.46900000000000003,0.3515294117647058
SAMPLE_04170,0.23835294117647063,0.8156470588235295,0.7764117647058822,1.0,0.2541764705882353,0.11676470588235292,0.33023529411764696,0.20623529411764707
SAMPLE_04171,0.6894705882352942,0.506,0.4281764705882354,0.3939411764705883,0.4943529411764706,0.6732941176470587,0.38882352941176473,0.5924117647058822
SAMPLE_04172,0.5694705882352941,0.4581764705882353,0.648,0.5442941176470589,0.4234705882352941,0.7178235294117647,0.5044117647058823,0.3109411764705882
SAMPLE_04173,0.7832058823529411,0.4598823529411766,0.5421764705882354,0.7368235294117649,0.5582941176470589,0.8960588235294118,0.8028823529411766,0.5804117647058822
SAMPLE_04174,0.09805882352941178,0.5149999999999999,0.36911764705882355,1.0,0.06647058823529413,0.09229411764705882,0.12741176470588236,0.21041176470588238
SAMPLE_04175,0.3134117647058824,0.7969999999999998,0.6470588235294119,0.20952941176470588,0.7074117647058824,0.18458823529411764,0.3951764705882354,0.895
SAMPLE_04176,0.796235294117647,0.4831764705882353,0.4292941176470588,0.5188235294117648,0.22688235294117645,0.7175882352941177,0.6961176470588236,0.26876470588235296
SAMPLE_04177,0.11541176470588237,0.34611764705882353,0.2718235294117647,0.08417647058823528,0.44188235294117645,0.23335294117647057,0.23541176470588235,0.9207647058823527
SAMPLE_04178,0.5743529411764705,0.5637647058823531,0.549,0.48564705882352943,0.8302941176470586,0.876,0.7396470588235294,0.8595882352941178
SAMPLE_04179,0.5622941176470588,0.2003529411764706,0.2176470588235294,0.49288235294117644,0.937470588235294,0.6828235294117646,0.4203529411764706,0.8051764705882353
SAMPLE_04180,1.0,0.8330588235294119,0.6157647058823529,0.7944705882352943,1.0,1.0,1.0,1.0
SAMPLE_04181,0.343235294117647,0.34958823529411764,0.4234117647058824,0.15241176470588236,0.6766470588235293,0.33135294117647063,0.3952352941176471,0.5916470588235294
SAMPLE_04182,0.7163823529411764,0.1353529411764706,0.06388235294117647,0.5241764705882352,0.2985882352941176,0.8104117647058824,0.3527647058823529,0.31288235294117656
SAMPLE_04183,0.2312941176470588,0.7620588235294118,0.7221764705882353,1.0,0.3235882352941177,0.07729411764705883,0.05170588235294119,0.21229411764705883
SAMPLE_04184,0.7576764705882353,0.1103529411764706,0.26305882352941173,0.6152352941176471,0.3159411764705882,0.6894117647058823,0.458,0.26376470588235296
SAMPLE_04185,0.7961176470588237,0.12094117647058822,0.20552941176470588,0.37364705882352944,0.34447058823529414,0.723529411764706,0.403,0.25335294117647056
SAMPLE_04186,0.042176470588235294,0.6617058823529411,0.549,1.0,0.11811764705882351,0.16358823529411762,0.3564117647058824,0.20123529411764707
SAMPLE_04187,0.25288235294117645,0.6029411764705881,0.46141176470588224,0.184,0.6027647058823531,0.223,0.6591764705882351,0.8803823529411765
SAMPLE_04188,0.3576470588235294,0.788529411764706,0.7744705882352941,0.09300000000000001,0.6357058823529411,0.2411176470588235,0.49288235294117655,0.8933823529411766
SAMPLE_04189,0.3852941176470588,0.495235294117647,0.4053529411764706,0.17594117647058824,0.8219411764705883,0.41064705882352937,0.7918823529411765,0.8419411764705883
SAMPLE_04190,0.687735294117647,0.4620000000000001,0.5533529411764705,0.5476470588235296,0.40194117647058825,0.7599411764705881,0.7121764705882354,0.3532352941176469
SAMPLE_04191,0.7079117647058824,0.27499999999999997,0.3021764705882353,0.48811764705882354,0.35135294117647065,0.6058235294117648,0.43476470588235294,0.4268235294117647
SAMPLE_04192,0.6374117647058825,0.1952352941176471,0.385,0.37088235294117644,0.2657058823529411,0.6131176470588234,0.5557058823529412,0.3583529411764706
SAMPLE_04193,0.3584117647058823,0.8484117647058824,0.8412941176470587,0.23364705882352937,0.7697058823529412,0.4758823529411765,0.5118235294117648,0.5864705882352942
SAMPLE_04194,0.12047058823529412,0.38552941176470595,0.28811764705882353,0.13941176470588235,0.21405882352941177,0.22152941176470586,0.12158823529411764,0.1982941176470588
SAMPLE_04195,0.6788235294117646,0.35470588235294115,0.6065882352941178,0.511235294117647,0.40170588235294113,0.44270588235294117,0.6331764705882353,0.5194117647058824
SAMPLE_04196,0.4497647058823529,0.45623529411764707,0.4566470588235294,0.6175882352941177,0.5688235294117647,0.5214705882352941,0.6945294117647061,0.6868823529411765
SAMPLE_04197,0.8306470588235294,0.1488235294117647,0.17311764705882354,0.3668235294117647,0.40905882352941175,0.8152941176470588,0.347764705882353,0.19800000000000004
SAMPLE_04198,0.699529411764706,0.4420588235294117,0.38623529411764707,0.4091176470588235,0.6533529411764706,0.8338823529411765,0.45064705882352935,0.43158823529411766
SAMPLE_04199,0.6834411764705881,0.5131764705882353,0.36400000000000005,0.5834705882352942,0.44688235294117645,0.5469411764705883,0.6858823529411765,0.3230588235294118
SAMPLE_04200,0.09529411764705883,0.8228235294117647,0.7538235294117647,1.0,0.04623529411764706,0.1574705882352941,0.5978823529411765,0.21358823529411763
SAMPLE_04201,0.6657647058823528,0.0368235294117647,0.024176470588235292,0.27752941176470586,0.1116470588235294,0.36205882352941177,0.09905882352941177,0.03611764705882353
SAMPLE_04202,0.5938823529411765,0.7195294117647059,0.7462941176470588,0.7151176470588236,0.5687647058823528,0.8757647058823529,0.7159411764705881,0.26076470588235284
SAMPLE_04203,0.6499999999999999,0.5341176470588235,0.5228235294117647,0.39911764705882347,0.5221176470588235,0.6100588235294118,0.5651764705882353,0.4099411764705882
SAMPLE_04204,0.8503823529411765,0.4338823529411765,0.40700000000000003,0.3865882352941176,0.4409411764705883,0.7142352941176472,0.4815882352941177,0.35729411764705876
SAMPLE_04205,0.6981470588235293,0.4701176470588234,0.5673529411764706,0.3936470588235294,0.4786470588235294,0.5642941176470588,0.7054705882352942,0.45670588235294113
SAMPLE_04206,0.4686470588235293,0.6177058823529411,0.6425294117647059,0.5284705882352941,0.7047647058823528,0.5418235294117648,0.5804117647058823,0.7039999999999998
SAMPLE_04207,0.2558235294117647,0.7788823529411764,0.7371176470588234,1.0,0.4798823529411764,0.11211764705882353,0.5685882352941176,0.2778235294117647
SAMPLE_04208,0.26488235294117646,0.5638235294117646,0.5719411764705882,0.11429411764705882,0.3968823529411765,0.2219411764705882,0.30358823529411766,0.35870588235294115
SAMPLE_04209,0.7668529411764705,0.30941176470588244,0.2705882352941177,0.5472941176470588,0.7348823529411764,0.6605294117647057,0.37135294117647055,0.49935294117647056
SAMPLE_04210,0.24258823529411763,0.2792941176470588,0.19647058823529417,0.20170588235294123,0.5464117647058824,0.39305882352941174,0.5424117647058824,0.8751176470588236
SAMPLE_04211,0.7981176470588236,0.2842941176470588,0.36111764705882354,0.26276470588235296,0.2525882352941176,0.39170588235294124,0.28447058823529414,0.08929411764705882
SAMPLE_04212,0.5016764705882354,0.3920588235294118,0.3750588235294117,0.6111176470588235,0.8345882352941176,0.7119411764705882,0.5878235294117647,0.7563529411764706
SAMPLE_04213,0.8716470588235293,0.36382352941176466,0.3146470588235294,0.4876470588235294,0.400235294117647,0.6752941176470589,0.3880588235294119,0.20523529411764704
SAMPLE_04214,0.23417647058823526,0.8206470588235293,0.7712941176470587,1.0,0.25864705882352945,0.35811764705882354,0.3200588235294118,0.2929411764705882
SAMPLE_04215,0.5462941176470588,0.6363529411764706,0.7309411764705881,0.7431764705882353,0.8212352941176471,0.924529411764706,0.7058823529411765,0.9165
SAMPLE_04216,0.7131764705882352,0.4649411764705883,0.5480588235294117,0.7027647058823531,0.5704705882352942,0.8395882352941177,0.6602941176470587,0.37552941176470594
SAMPLE_04217,0.22235294117647061,0.6731176470588235,0.7185882352941176,1.0,0.24799999999999997,0.22388235294117642,0.8274705882352942,0.387
SAMPLE_04218,0.5037647058823529,0.3893529411764705,0.4167058823529412,0.534470588235294,0.6017058823529411,0.45988235294117646,0.7571176470588236,0.7792941176470588
SAMPLE_04219,0.01447058823529412,0.13394117647058826,0.07170588235294117,1.0,0.09347058823529411,0.16505882352941176,0.05523529411764706,0.6548235294117647
SAMPLE_04220,0.6405000000000001,0.5654705882352941,0.5646470588235294,0.4357058823529412,0.5048823529411763,0.5280588235294117,0.8529411764705881,0.5301176470588235
SAMPLE_04221,0.055882352941176466,0.4551176470588235,0.3244117647058824,1.0,0.12864705882352942,0.15988235294117648,0.10094117647058824,0.093
SAMPLE_04222,0.6418235294117647,0.40052941176470597,0.37435294117647056,0.7575294117647059,0.7783529411764706,0.9297058823529413,0.7274117647058823,0.688764705882353
SAMPLE_04223,0.26758823529411757,0.6427058823529411,0.6673529411764705,0.5419411764705881,0.6560588235294118,0.5165294117647058,0.32152941176470595,0.6435294117647059
SAMPLE_04224,0.507235294117647,0.27188235294117646,0.4434117647058824,0.6293529411764704,0.4728235294117647,0.6810588235294117,0.5171764705882352,0.5735882352941177
SAMPLE_04225,0.7515588235294118,0.3125294117647059,0.3601764705882354,0.4167647058823529,0.3325294117647059,0.6181764705882353,0.3245882352941177,0.20652941176470588
SAMPLE_04226,0.636235294117647,0.1805294117647059,0.10382352941176469,0.3657647058823528,0.27064705882352935,0.397470588235294,0.32594117647058823,0.10470588235294118
SAMPLE_04227,0.8086176470588234,0.10188235294117645,0.25435294117647056,0.5211176470588237,0.31547058823529417,0.4885882352941178,0.2867647058823529,0.2613529411764706
SAMPLE_04228,0.1607058823529412,0.19941176470588237,0.1643529411764706,1.0,0.26129411764705884,0.10288235294117651,0.06311764705882353,0.2617647058823529
SAMPLE_04229,0.6795882352941175,0.425764705882353,0.35158823529411765,0.4695882352941177,0.5697647058823531,0.7442352941176471,0.39123529411764707,0.5118235294117648
SAMPLE_04230,0.27476470588235297,0.823235294117647,0.8130000000000001,0.2630588235294118,0.7030000000000002,0.3891764705882354,0.8154705882352942,0.5856470588235294
SAMPLE_04231,0.21341176470588233,0.6901176470588235,0.6428235294117648,0.10476470588235295,0.2755882352941177,0.30217647058823527,0.26694117647058824,0.09188235294117648
SAMPLE_04232,0.34670588235294114,0.5854705882352943,0.6997647058823528,0.2353529411764706,0.33035294117647057,0.556705882352941,0.5996470588235293,0.8368823529411766
SAMPLE_04233,0.7779411764705884,0.1776470588235294,0.15805882352941172,0.5664117647058824,0.5347058823529413,0.6981764705882354,0.4457058823529412,0.3168235294117648
SAMPLE_04234,0.7163235294117646,0.8015882352941177,0.7479411764705884,0.6696470588235295,0.8214117647058825,0.7568823529411765,0.6336470588235295,0.6536470588235295
SAMPLE_04235,0.835264705882353,0.10347058823529412,0.21523529411764708,0.3274705882352941,0.9041176470588237,0.4420588235294117,0.27188235294117646,0.4445882352941176
SAMPLE_04236,0.06594117647058825,0.3949411764705883,0.3404117647058824,1.0,0.1374705882352941,0.18229411764705883,0.07970588235294117,0.09841176470588237
SAMPLE_04237,0.6060000000000001,0.029647058823529412,0.025,0.5641764705882354,0.3018235294117647,0.5012941176470588,0.19741176470588237,0.09064705882352941
SAMPLE_04238,0.07758823529411765,0.8110588235294118,0.8605882352941175,1.0,0.5021764705882353,0.4997647058823529,0.34176470588235297,0.6387058823529412
SAMPLE_04239,0.742,0.9832941176470589,0.9814705882352942,0.6510000000000001,0.861235294117647,0.9538235294117647,0.9561764705882352,0.620529411764706
SAMPLE_04240,0.04394117647058824,0.6280588235294118,0.7259411764705881,1.0,0.07294117647058823,0.14023529411764704,0.5511176470588236,0.27294117647058824
SAMPLE_04241,0.6163529411764705,0.2941764705882353,0.32223529411764706,0.4985294117647059,0.2614705882352941,0.47817647058823537,0.46758823529411764,0.10741176470588236
SAMPLE_04242,0.3197058823529412,0.7805882352941176,0.708,0.17876470588235296,0.6731764705882352,0.29605882352941176,0.8159411764705883,0.852235294117647
SAMPLE_04243,0.5097941176470588,0.5525294117647059,0.5626470588235294,0.693764705882353,0.4395882352941176,0.6785294117647059,0.633,0.7150000000000001
SAMPLE_04244,0.8005882352941176,0.4329411764705883,0.4188235294117647,0.5111764705882352,0.16523529411764704,0.5842941176470589,0.4284117647058824,0.1605294117647059
SAMPLE_04245,0.7860294117647059,0.019294117647058826,0.03111764705882353,0.20982352941176471,0.10441176470588237,0.5535294117647058,0.23658823529411765,0.16952941176470587
SAMPLE_04246,0.07694117647058824,0.5233529411764706,0.49888235294117655,1.0,0.14529411764705882,0.17135294117647057,0.02535294117647059,0.043235294117647066
SAMPLE_04247,0.24370588235294116,0.12423529411764704,0.11505882352941176,0.16170588235294117,0.4418235294117647,0.3445294117647059,0.5251764705882354,0.8652941176470591
SAMPLE_04248,0.3643529411764706,0.6943529411764704,0.7098235294117647,0.49800000000000005,0.8125882352941175,0.713470588235294,0.6181176470588235,0.6908823529411765
SAMPLE_04249,0.21229411764705886,0.6992352941176471,0.6729411764705882,0.17329411764705882,0.231,0.3508235294117647,0.4004705882352941,0.27541176470588236
SAMPLE_04250,0.05505882352941177,0.3367058823529412,0.29370588235294115,1.0,0.05135294117647059,0.06064705882352942,0.03723529411764706,0.030117647058823537
SAMPLE_04251,0.22482352941176467,0.6084117647058823,0.5387058823529411,1.0,0.316,0.17258823529411765,0.07535294117647058,0.17505882352941177
SAMPLE_04252,0.5878235294117646,0.3758235294117646,0.5355294117647059,0.4673529411764705,0.56,0.6517647058823529,0.5028235294117646,0.2455882352941177
SAMPLE_04253,0.046,0.4691764705882353,0.4331764705882353,1.0,0.12341176470588237,0.10852941176470587,0.20235294117647057,0.2629411764705883
SAMPLE_04254,0.7336764705882353,0.5495882352941176,0.6388235294117649,0.7099411764705881,0.7248823529411765,0.9468235294117647,0.8415882352941176,0.43741176470588233
SAMPLE_04255,0.32547058823529407,0.6503529411764706,0.707529411764706,0.08470588235294117,0.4725882352941177,0.2852352941176471,0.3511764705882353,0.7693529411764706
SAMPLE_04256,0.8782058823529413,0.40700000000000003,0.6490588235294117,0.3541764705882353,0.7117647058823529,0.5557647058823529,0.5811764705882353,0.5286470588235295
SAMPLE_04257,0.3840588235294118,0.42770588235294116,0.43305882352941183,0.122,0.7700588235294119,0.22605882352941176,0.6627647058823528,0.6848823529411764
SAMPLE_04258,0.6453823529411764,0.18817647058823528,0.24070588235294121,0.6452941176470588,0.8554117647058822,0.8075882352941176,0.6589411764705884,0.6339999999999999
SAMPLE_04259,0.5765294117647057,0.45970588235294113,0.5923529411764706,0.592,0.8766470588235296,0.8654705882352942,0.7588235294117647,0.9239117647058824
SAMPLE_04260,0.6609411764705884,0.06488235294117647,0.11999999999999998,0.2509411764705883,0.32911764705882357,0.34923529411764703,0.22411764705882348,0.24447058823529416
SAMPLE_04261,0.015,0.3044705882352941,0.22023529411764708,1.0,0.03670588235294118,0.10505882352941176,0.060941176470588235,0.07217647058823529
SAMPLE_04262,0.5957352941176471,0.5398823529411765,0.5625882352941176,0.3751176470588235,0.377235294117647,0.4371176470588236,0.2416470588235295,0.10905882352941176
SAMPLE_04263,0.8151764705882352,0.40252941176470586,0.49900000000000005,0.5238823529411764,0.5240588235294118,0.8657058823529411,0.6042352941176471,0.3180588235294118
SAMPLE_04264,0.1571764705882353,0.6986470588235294,0.6850588235294117,0.2524117647058824,0.325,0.34700000000000003,0.32988235294117646,0.8854117647058822
SAMPLE_04265,0.8219117647058825,0.7737058823529411,0.8681176470588234,0.5911764705882353,0.7993529411764706,0.8288235294117647,0.9472941176470587,0.5736470588235294
SAMPLE_04266,0.734970588235294,0.22376470588235292,0.1558235294117647,0.19282352941176467,0.5748235294117646,0.6111176470588235,0.18876470588235295,0.6491176470588236
SAMPLE_04267,0.38952941176470596,0.2868823529411765,0.3309411764705882,0.24805882352941175,0.7310588235294118,0.31570588235294117,0.31658823529411767,0.9071176470588235
SAMPLE_04268,0.1308823529411765,0.6352941176470589,0.7489411764705882,0.24794117647058822,0.4031764705882353,0.2804117647058823,0.2633529411764707,0.6938823529411764
SAMPLE_04269,0.12658823529411764,0.5195882352941177,0.5017058823529412,0.15470588235294117,0.3483529411764706,0.4290588235294117,0.30470588235294116,0.2868823529411765
SAMPLE_04270,0.727,0.22529411764705878,0.2645882352941177,0.468470588235294,0.1544117647058824,0.554,0.32476470588235296,0.08617647058823528
SAMPLE_04271,0.4148823529411765,0.8231764705882354,0.7878235294117646,0.08894117647058825,0.7180000000000002,0.3792352941176471,0.8120000000000002,0.7852941176470588
SAMPLE_04272,0.6139117647058823,0.2762941176470588,0.43752941176470594,0.549235294117647,0.6389411764705882,0.7344117647058824,0.5195294117647059,0.3671176470588235
SAMPLE_04273,1.0,0.5899999999999999,0.413764705882353,0.7938235294117647,1.0,1.0,1.0,1.0
SAMPLE_04274,0.333235294117647,0.6302352941176472,0.6266470588235292,0.15705882352941175,0.6005294117647059,0.4750588235294118,0.6462941176470589,0.8509411764705881
SAMPLE_04275,0.7295882352941178,0.227,0.12376470588235292,0.5529999999999999,0.1431764705882353,0.5605294117647058,0.2312941176470588,0.06252941176470588
SAMPLE_04276,0.8085882352941177,0.2475294117647059,0.1963529411764706,0.4285294117647059,0.2975294117647059,0.7738823529411764,0.40105882352941186,0.2563529411764706
SAMPLE_04277,0.6749117647058822,0.7332941176470589,0.6105294117647059,0.5550588235294117,0.647235294117647,0.8765882352941177,0.852058823529412,0.8271764705882353
SAMPLE_04278,0.2781764705882353,0.5003529411764704,0.5859411764705883,0.1341176470588235,0.4325882352941177,0.2584705882352941,0.16052941176470586,0.4197058823529412
SAMPLE_04279,0.0421764705882353,0.3828235294117648,0.35894117647058826,1.0,0.07676470588235293,0.25123529411764706,0.1748823529411764,0.19029411764705884
SAMPLE_04280,0.7143235294117648,0.824294117647059,0.7442352941176471,0.6715294117647059,0.7445882352941176,0.8783529411764706,0.7401764705882353,0.5067647058823529
SAMPLE_04281,0.7925294117647058,0.30382352941176466,0.4041176470588235,0.4538823529411764,0.573529411764706,0.6924117647058822,0.5899999999999997,0.38129411764705884
SAMPLE_04282,0.35288235294117654,0.9308823529411765,0.8492941176470588,0.16929411764705882,0.6847058823529412,0.3622352941176471,0.6310000000000001,0.6878823529411765
SAMPLE_04283,0.11670588235294119,0.4569411764705882,0.32700000000000007,1.0,0.52,0.16999999999999998,0.04029411764705882,0.7864705882352943
SAMPLE_04284,0.030529411764705885,0.37582352941176467,0.2556470588235294,1.0,0.1363529411764706,0.055117647058823535,0.06794117647058824,0.6874117647058824
SAMPLE_04285,0.8335294117647059,0.4773529411764706,0.5169411764705882,0.6705882352941176,0.8374117647058825,0.8657058823529411,0.9138823529411764,0.5599999999999999
SAMPLE_04286,0.14423529411764704,0.6607058823529411,0.6514117647058825,1.0,0.14170588235294115,0.10682352941176469,0.25735294117647056,0.4423529411764706
SAMPLE_04287,0.38894117647058823,0.7506470588235294,0.6941176470588235,0.15647058823529414,0.46917647058823536,0.3320000000000001,0.787,0.6919411764705883
SAMPLE_04288,0.7425294117647059,0.31241176470588233,0.3871764705882353,0.5250588235294119,0.32323529411764707,0.557,0.5946470588235294,0.29505882352941176
SAMPLE_04289,0.078,0.2691176470588235,0.13052941176470584,1.0,0.11023529411764707,0.09735294117647059,0.049470588235294134,0.6370588235294118
SAMPLE_04290,0.16770588235294118,0.7398823529411763,0.5938823529411765,1.0,0.09494117647058822,0.13094117647058826,0.362235294117647,0.10317647058823531
SAMPLE_04291,0.3839999999999999,0.9430588235294117,0.9147058823529411,0.11599999999999999,0.8428235294117647,0.3689411764705882,0.9058235294117647,0.8915882352941178
SAMPLE_04292,0.35205882352941176,0.5668823529411764,0.44623529411764695,0.2897647058823529,0.6706470588235294,0.3924705882352941,0.2966470588235294,0.7606470588235295
SAMPLE_04293,0.6296176470588236,0.3937058823529412,0.2771176470588235,0.47023529411764703,0.253,0.5001764705882353,0.31823529411764706,0.1638823529411764
SAMPLE_04294,0.6210000000000001,0.2807647058823529,0.3382352941176471,0.3051176470588236,0.8447058823529411,0.6311176470588237,0.2596470588235294,0.5130588235294119
SAMPLE_04295,0.6216764705882352,0.25888235294117645,0.26776470588235285,0.369764705882353,0.2688823529411765,0.5241176470588236,0.40288235294117647,0.261
SAMPLE_04296,0.6940294117647059,0.680764705882353,0.6845882352941176,0.6962941176470588,0.6627647058823529,0.7397647058823531,0.7855294117647058,0.8571176470588234
SAMPLE_04297,0.04970588235294117,0.3612941176470588,0.29911764705882354,1.0,0.036705882352941185,0.10547058823529411,0.3454705882352942,0.04005882352941176
SAMPLE_04298,1.0,0.590235294117647,0.43405882352941166,0.7946176470588237,1.0,1.0,1.0,1.0
SAMPLE_04299,0.7851470588235291,0.34541176470588225,0.30952941176470583,0.31088235294117644,0.3798823529411765,0.4334117647058824,0.5266470588235295,0.19500000000000006
SAMPLE_04300,0.565235294117647,0.25347058823529417,0.23264705882352943,0.3239411764705882,0.287764705882353,0.5529999999999999,0.32476470588235296,0.7091764705882353
SAMPLE_04301,0.5870294117647058,0.5534705882352942,0.39447058823529413,0.6815294117647059,0.7854705882352943,0.6919411764705883,0.5855882352941177,0.8022647058823531
SAMPLE_04302,0.8568529411764706,0.11023529411764706,0.20164705882352946,0.2681764705882353,0.8252352941176471,0.7020000000000001,0.2036470588235294,0.1996470588235294
SAMPLE_04303,0.795470588235294,0.3665882352941176,0.3531176470588235,0.4645294117647059,0.38964705882352935,0.8424117647058824,0.4867058823529412,0.3254705882352941
SAMPLE_04304,0.21311764705882358,0.6760588235294119,0.6610588235294117,0.2654705882352941,0.48205882352941165,0.37058823529411766,0.5804117647058823,0.8253529411764707
SAMPLE_04305,0.7569117647058823,0.41770588235294115,0.3775294117647059,0.37664705882352945,0.8422352941176471,0.6135294117647058,0.4198235294117647,0.3109411764705882
SAMPLE_04306,0.11217647058823527,0.4195882352941177,0.31735294117647067,1.0,0.24835294117647055,0.17858823529411763,0.11335294117647059,0.5890588235294117
SAMPLE_04307,0.7856764705882351,0.2718235294117647,0.2578823529411765,0.5402941176470588,0.36170588235294115,0.5555882352941176,0.5159411764705882,0.11752941176470588
SAMPLE_04308,0.2498235294117647,0.5081176470588236,0.5856470588235294,0.12311764705882353,0.48800000000000004,0.271235294117647,0.34005882352941175,0.8007058823529413
SAMPLE_04309,0.022588235294117655,0.1902941176470588,0.11994117647058825,1.0,0.06782352941176471,0.11552941176470588,0.027823529411764712,0.03264705882352941
SAMPLE_04310,1.0,0.7192352941176471,0.676,0.799235294117647,1.0,1.0,1.0,1.0
SAMPLE_04311,0.3111176470588235,0.9035882352941176,0.8504705882352941,0.11394117647058824,0.738,0.2961176470588236,0.8291764705882353,0.8701764705882352
SAMPLE_04312,0.8512941176470589,0.0463529411764706,0.11194117647058822,0.2366470588235294,0.8638823529411765,0.5381176470588234,0.3980588235294118,0.47305882352941175
SAMPLE_04313,0.7959411764705882,0.16558823529411767,0.1496470588235294,0.5348823529411764,0.20829411764705888,0.5050588235294118,0.30488235294117644,0.0843529411764706
SAMPLE_04314,0.686735294117647,0.5887058823529411,0.593235294117647,0.4345882352941177,0.570235294117647,0.5385294117647058,0.806,0.6186470588235293
SAMPLE_04315,0.3213529411764706,0.9294117647058824,0.8908235294117646,1.0,0.23835294117647057,0.23200000000000004,0.773470588235294,0.32023529411764706
SAMPLE_04316,0.7208235294117646,0.284235294117647,0.18929411764705883,0.3260588235294118,0.6801764705882354,0.7345882352941178,0.4374705882352941,0.9209411764705883
SAMPLE_04317,0.41400000000000003,0.6938823529411764,0.7903529411764707,0.2604705882352941,0.8122941176470588,0.39323529411764696,0.613764705882353,0.7291176470588233
SAMPLE_04318,0.7953235294117647,0.18258823529411772,0.13141176470588234,0.4368823529411765,0.5894705882352942,0.7418823529411764,0.38247058823529406,0.4025294117647059
SAMPLE_04319,0.13141176470588234,0.5647058823529412,0.5164705882352942,0.0916470588235294,0.5199411764705882,0.22511764705882353,0.3161176470588235,0.5810588235294116
SAMPLE_04320,0.6988529411764705,0.5065294117647059,0.4252941176470588,0.4972352941176471,0.507529411764706,0.5767058823529413,0.45111764705882357,0.6625294117647058
SAMPLE_04321,0.09341176470588235,0.8288823529411765,0.7637058823529411,1.0,0.12294117647058822,0.12794117647058825,0.37352941176470583,0.039411764705882354
SAMPLE_04322,0.36964705882352933,0.6864705882352942,0.7361176470588234,0.14270588235294118,0.6523529411764707,0.23270588235294118,0.7184705882352942,0.7991176470588236
SAMPLE_04323,0.6160882352941176,0.5898823529411765,0.621,0.36882352941176477,0.4195294117647059,0.5914705882352941,0.8636470588235294,0.3192941176470588
SAMPLE_04324,0.2755882352941177,0.8565882352941178,0.8159411764705884,0.3487647058823529,0.6397058823529411,0.5583529411764705,0.8530588235294116,0.7974117647058823
SAMPLE_04325,0.21729411764705883,0.8424117647058822,0.7660588235294119,1.0,0.3544117647058823,0.05005882352941177,0.4741764705882354,0.13835294117647057
SAMPLE_04326,0.2595882352941176,0.9173529411764706,0.912470588235294,0.11005882352941175,0.43782352941176467,0.23294117647058823,0.6593529411764706,0.3422941176470588
SAMPLE_04327,0.15964705882352945,0.4094117647058823,0.4292352941176471,1.0,0.457,0.25435294117647056,0.2737647058823529,0.4677058823529412
SAMPLE_04328,0.2373529411764706,0.7382352941176472,0.6827058823529413,1.0,0.11241176470588235,0.09405882352941176,0.1341176470588235,0.6060588235294118
SAMPLE_04329,0.49988235294117656,0.6464705882352942,0.6472941176470589,0.7449411764705881,0.540529411764706,0.8452352941176471,0.7041176470588236,0.5871764705882354
SAMPLE_04330,0.6435294117647059,0.6364705882352941,0.4831764705882352,0.3681764705882352,0.7138235294117647,0.72,0.40752941176470586,0.5438235294117647
SAMPLE_04331,0.6399705882352942,0.4870000000000001,0.5285294117647058,0.6097058823529412,0.5904117647058824,0.8728823529411764,0.509941176470588,0.4386470588235294
SAMPLE_04332,0.4675882352941176,0.33717647058823524,0.661235294117647,0.09929411764705884,0.931941176470588,0.22294117647058825,0.6740588235294118,0.8526470588235293
SAMPLE_04333,0.048235294117647064,0.3865882352941177,0.18458823529411764,1.0,0.10264705882352942,0.1774705882352941,0.17999999999999997,0.15211764705882355
SAMPLE_04334,0.39988235294117647,0.6841764705882354,0.6851764705882352,0.18341176470588239,0.6355882352941177,0.42982352941176466,0.6412352941176471,0.8474117647058824
SAMPLE_04335,0.7166176470588235,0.22988235294117645,0.2444705882352941,0.43423529411764705,0.18135294117647058,0.595294117647059,0.25488235294117656,0.1391764705882353
SAMPLE_04336,0.3081764705882353,0.5093529411764707,0.6209999999999999,0.1771764705882353,0.4505882352941177,0.33882352941176475,0.6002941176470589,0.8277647058823528
SAMPLE_04337,1.0,0.7866470588235291,0.7254705882352941,0.788,1.0,1.0,1.0,1.0
SAMPLE_04338,0.8354705882352942,0.41841176470588237,0.6860588235294118,0.2018235294117647,0.7244117647058823,0.38123529411764706,0.7351176470588235,0.4774117647058823
SAMPLE_04339,0.3745294117647059,0.8148235294117647,0.929,0.23382352941176468,0.7981176470588235,0.476764705882353,0.5137058823529412,0.7117058823529413
SAMPLE_04340,1.0,0.6537058823529411,0.45129411764705885,0.7846470588235296,1.0,1.0,1.0,1.0
SAMPLE_04341,0.5480882352941175,0.5168235294117647,0.5848823529411764,0.6988823529411764,0.7422352941176471,0.852235294117647,0.696470588235294,0.7464117647058824
SAMPLE_04342,0.6567941176470589,0.21988235294117645,0.23529411764705882,0.3178823529411764,0.7564117647058823,0.479764705882353,0.1547058823529412,0.2912941176470588
SAMPLE_04343,0.14388235294117646,0.889764705882353,0.8802352941176471,1.0,0.19029411764705884,0.13976470588235293,0.7231764705882353,0.6675882352941177
SAMPLE_04344,0.34529411764705875,0.8620000000000001,0.8595882352941174,0.17811764705882355,0.20852941176470588,0.3197647058823529,0.6559999999999999,0.31070588235294117
SAMPLE_04345,0.03505882352941177,0.4177058823529412,0.45511764705882357,1.0,0.0598235294117647,0.11841176470588237,0.05476470588235294,0.02258823529411765
SAMPLE_04346,0.4390588235294117,0.9021764705882355,0.8885294117647058,0.770294117647059,0.6288823529411764,0.6750588235294117,0.8584117647058824,0.393764705882353
SAMPLE_04347,0.6987352941176468,0.5055882352941177,0.5141764705882352,0.6025882352941176,0.8408823529411764,0.8918823529411765,0.7639411764705881,0.854235294117647
SAMPLE_04348,0.2071764705882353,0.7965882352941175,0.8156470588235294,0.2917058823529412,0.7285882352941176,0.5118235294117647,0.7734117647058822,0.6412941176470589
SAMPLE_04349,0.34688235294117636,0.4038823529411766,0.48,0.19011764705882353,0.624235294117647,0.23799999999999996,0.6771176470588235,0.6997058823529412
SAMPLE_04350,0.18247058823529413,0.5952941176470588,0.560705882352941,1.0,0.1061764705882353,0.13088235294117648,0.3165294117647059,0.14923529411764705
SAMPLE_04351,0.6657647058823529,0.11252941176470589,0.11476470588235295,0.3481764705882353,0.4960588235294119,0.48411764705882365,0.25264705882352934,0.2684705882352941
SAMPLE_04352,0.22988235294117648,0.4879411764705882,0.46929411764705875,0.29729411764705876,0.6485882352941177,0.4024117647058823,0.6555882352941176,0.8157647058823531
SAMPLE_04353,0.24570588235294122,0.8791176470588236,0.8730588235294118,0.10023529411764708,0.6482941176470588,0.2689411764705883,0.5173529411764707,0.5998235294117648
SAMPLE_04354,0.16264705882352942,0.8118823529411765,0.836529411764706,0.074,0.7342352941176471,0.3221176470588235,0.5858823529411764,0.7838235294117648
SAMPLE_04355,0.033058823529411765,0.6324705882352941,0.512,1.0,0.037411764705882346,0.2231764705882353,0.23488235294117646,0.05064705882352942
SAMPLE_04356,0.5855882352941176,0.5542352941176469,0.5335294117647059,0.6960588235294118,0.4474117647058824,0.7386470588235294,0.6391176470588236,0.6530588235294118
SAMPLE_04357,0.1662352941176471,0.5548823529411765,0.31035294117647055,1.0,0.2998823529411765,0.11564705882352942,0.05023529411764705,0.04952941176470588
SAMPLE_04358,0.6625588235294118,0.4958235294117646,0.5722941176470587,0.3672352941176471,0.2530588235294117,0.718,0.4916470588235293,0.18029411764705883
SAMPLE_04359,0.12305882352941178,0.6828235294117647,0.6580000000000001,0.19158823529411764,0.6941176470588237,0.35723529411764704,0.7573529411764707,0.9460588235294116
