sample_id,Ampicillin,Levofloxacin,Ciprofloxacin,Imipenem,Amoxicillin_Clavulanic_acid,Ertapenem,Cefotaxime,Cefuroxime
SAMPLE_03360,0.4958,0.007400000000000001,0.0048000000000000004,0.6609999999999999,0.023799999999999998,0.549,0.09160000000000001,0.045
SAMPLE_03361,0.034999999999999996,0.3912,0.31,1.0,0.028199999999999996,0.1402,0.041400000000000006,0.2818
SAMPLE_03362,0.25,0.7424,0.845,0.0338,0.37500000000000006,0.3942,0.3784,0.42519999999999997
SAMPLE_03363,0.0626,0.1792,0.1318,1.0,0.0486,0.0546,0.1748,0.029199999999999997
SAMPLE_03364,0.1248,0.7656,0.8841999999999999,0.121,0.4636,0.34859999999999997,0.6940000000000002,0.7764000000000001
SAMPLE_03365,0.2948,0.54,0.6726000000000001,0.0746,0.7018,0.31120000000000003,0.8068,0.619
SAMPLE_03366,0.29159999999999997,0.8012,0.7524000000000001,1.0,0.3254,0.1246,0.5932000000000001,0.7452
SAMPLE_03367,0.3704,0.829,0.8826,0.21680000000000002,0.6726,0.2778,0.47300000000000003,0.6984
SAMPLE_03368,0.1732,0.9389999999999998,0.8854000000000001,1.0,0.06839999999999999,0.097,0.7596,0.731
SAMPLE_03369,0.3574,0.9581999999999999,0.9743999999999999,0.0298,0.7106,0.4516,0.7936,0.8273999999999999
SAMPLE_03370,0.42519999999999997,0.48319999999999996,0.45339999999999997,0.6052000000000001,0.6689999999999999,0.4162,0.646,0.9057999999999999
SAMPLE_03371,0.17940000000000003,0.2028,0.23479999999999998,0.14300000000000002,0.36100000000000004,0.2504,0.2198,0.8118000000000001
SAMPLE_03372,0.346,0.47379999999999994,0.2854,0.23760000000000003,0.7667999999999999,0.35540000000000005,0.6359999999999999,0.6788
SAMPLE_03373,0.446,0.2298,0.15099999999999997,0.12240000000000002,0.8644000000000001,0.3665999999999999,0.8666,0.7712
SAMPLE_03374,0.0528,0.41559999999999997,0.13099999999999998,1.0,0.09459999999999999,0.076,0.11779999999999999,0.0024000000000000002
SAMPLE_03375,0.34859999999999997,0.5838000000000001,0.5846,0.08280000000000001,0.655,0.21799999999999997,0.44620000000000004,0.6372
SAMPLE_03376,0.1488,0.899,0.9472000000000002,0.3586,0.649,0.5164,0.8674,0.7254
SAMPLE_03377,0.29279999999999995,0.663,0.6584000000000001,0.006,0.591,0.1646,0.42379999999999995,0.5122000000000001
SAMPLE_03378,0.8129,0.1146,0.121,0.23600000000000004,0.6839999999999999,0.4756,0.2538,0.38839999999999997
SAMPLE_03379,0.6268,0.37299999999999994,0.47400000000000003,0.535,0.9437999999999999,0.8254000000000001,0.8144,0.7942
SAMPLE_03380,0.3746,0.8314,0.9212,0.21080000000000002,0.8634000000000001,0.40380000000000005,0.549,0.5262
SAMPLE_03381,0.2466,0.33940000000000003,0.35739999999999994,0.1872,0.7842,0.3176,0.3418,0.8146000000000001
SAMPLE_03382,0.7196,0.3084,0.3766,0.5078,0.3074,0.6138,0.15660000000000002,0.3264
SAMPLE_03383,0.7978,0.38360000000000005,0.3068,0.20859999999999998,0.27040000000000003,0.36019999999999996,0.23440000000000003,0.21500000000000002
SAMPLE_03384,0.6192,0.47280000000000005,0.45999999999999996,0.7192000000000001,0.5548,0.8261999999999998,0.623,0.39299999999999996
SAMPLE_03385,0.2364,0.6158,0.62,0.04340000000000001,0.7584000000000001,0.3012,0.65,0.6539999999999999
SAMPLE_03386,0.43260000000000004,0.8502000000000001,0.8634000000000001,0.1738,0.7973999999999999,0.4202,0.7338000000000001,0.6652
SAMPLE_03387,0.0258,0.2928,0.34299999999999997,1.0,0.1502,0.2668,0.0372,0.24159999999999998
SAMPLE_03388,0.0524,0.5708,0.5336,1.0,0.1514,0.046,0.0322,0.7448
SAMPLE_03389,0.9006000000000001,0.3202,0.37620000000000003,0.1492,0.2886,0.41200000000000003,0.34580000000000005,0.1024
SAMPLE_03390,0.9554,0.055799999999999995,0.06659999999999999,0.10300000000000001,0.8751999999999999,0.3048,0.11600000000000002,0.3182
SAMPLE_03391,0.5474,0.5298,0.47859999999999997,0.32220000000000004,0.1728,0.6012000000000001,0.727,0.2932
SAMPLE_03392,0.8378,0.0688,0.0334,0.2968,0.265,0.5038,0.17479999999999998,0.1078
SAMPLE_03393,0.7136000000000001,0.275,0.3814,0.6486,0.5386,0.8996000000000001,0.7670000000000001,0.2024
SAMPLE_03394,0.9273999999999999,0.297,0.516,0.6803999999999999,0.4726,0.7367999999999999,0.5612,0.3262
SAMPLE_03395,0.8682000000000001,0.2198,0.35819999999999996,0.13440000000000002,0.2488,0.3238,0.5914,0.2532
SAMPLE_03396,0.08520000000000001,0.40919999999999995,0.49939999999999996,1.0,0.125,0.1238,0.029800000000000004,0.1714
SAMPLE_03397,0.33999999999999997,0.9086000000000001,0.8702,0.2846,0.5242,0.36240000000000006,0.9034000000000001,0.6404
SAMPLE_03398,0.2246,0.8368,0.8720000000000001,0.2768,0.6894,0.36619999999999997,0.817,0.7704
SAMPLE_03399,0.23479999999999998,0.7278,0.625,1.0,0.5398000000000001,0.1362,0.0328,0.1414
SAMPLE_03400,0.9534,0.1396,0.322,0.36499999999999994,0.5992000000000001,0.434,0.4252000000000001,0.47040000000000004
SAMPLE_03401,0.6452,0.10819999999999999,0.13099999999999998,0.6672,0.5432,0.6033999999999999,0.4002,0.13820000000000002
SAMPLE_03402,0.10980000000000001,0.664,0.5646,1.0,0.35860000000000003,0.0184,0.305,0.04440000000000001
SAMPLE_03403,0.9172,0.5182,0.41659999999999997,0.4224,0.51,0.7514,0.29979999999999996,0.3694
SAMPLE_03404,0.2644,0.679,0.6364,0.6772,0.7562,0.699,0.8019999999999999,0.8358000000000001
SAMPLE_03405,0.38780000000000003,0.746,0.8118000000000001,0.4266,0.9458,0.5344,0.777,0.8173999999999999
SAMPLE_03406,0.8488,0.25839999999999996,0.2682,0.29900000000000004,0.3994,0.3598,0.40259999999999996,0.16360000000000002
SAMPLE_03407,1.0,0.7504,0.4622,0.7962000000000001,1.0,1.0,1.0,1.0
SAMPLE_03408,0.48719999999999997,0.37459999999999993,0.4438000000000001,0.6154000000000001,0.9036000000000002,0.8568,0.8353999999999999,0.8082
SAMPLE_03409,0.010799999999999999,0.79,0.6441999999999999,1.0,0.266,0.09179999999999999,0.042600000000000006,0.7494000000000001
SAMPLE_03410,1.0,0.78,0.5993999999999999,0.7934000000000001,1.0,1.0,1.0,1.0
SAMPLE_03411,0.6990999999999999,0.0866,0.0194,0.6938000000000001,0.1924,0.9042,0.6838,0.37839999999999996
SAMPLE_03412,0.5302,0.3024,0.324,0.682,0.9132,0.8190000000000002,0.29040000000000005,0.3158
SAMPLE_03413,0.6327999999999999,0.211,0.193,0.44299999999999995,0.4868,0.6906,0.25860000000000005,0.5002
SAMPLE_03414,0.02,0.7940000000000002,0.7686,1.0,0.0824,0.0816,0.8542,0.52
SAMPLE_03415,0.6438,0.11740000000000002,0.1592,0.6092,0.27759999999999996,0.6756,0.34019999999999995,0.246
SAMPLE_03416,0.8268000000000001,0.6588,0.7312,0.7182000000000001,0.8897999999999999,0.771,0.7712000000000001,0.9332
SAMPLE_03417,0.0178,0.1528,0.1842,1.0,0.027800000000000002,0.033800000000000004,0.0108,0.0096
SAMPLE_03418,0.5628,0.3764,0.2862,0.5962,0.44400000000000006,0.6776000000000001,0.3258,0.512
SAMPLE_03419,0.8062000000000001,0.6838,0.5122000000000001,0.6968,0.7126,0.8928,0.8806,0.3146
SAMPLE_03420,0.5408,0.8109999999999999,0.7623999999999999,0.7262,0.6622,0.642,0.937,0.7922
SAMPLE_03421,0.1806,0.8378,0.7,0.0658,0.27080000000000004,0.2632,0.7492000000000001,0.2098
SAMPLE_03422,0.7615999999999999,0.36920000000000003,0.3124,0.6604,0.7998000000000001,0.7102,0.7766,0.36819999999999997
SAMPLE_03423,0.1584,0.6816,0.659,0.2672,0.4848,0.338,0.5194,0.2084
SAMPLE_03424,0.1004,0.6828000000000001,0.7060000000000001,0.3398,0.2338,0.7839999999999999,0.607,0.7886
SAMPLE_03425,0.582,0.702,0.7468,0.7644,0.9232000000000001,0.9648,0.246,0.6013999999999999
SAMPLE_03426,0.542,0.40380000000000005,0.7032,0.5438,0.7942,0.9056000000000001,0.7014000000000001,0.9182
SAMPLE_03427,0.7137,0.10980000000000001,0.36319999999999997,0.5860000000000001,0.3552,0.5229999999999999,0.35419999999999996,0.2772
SAMPLE_03428,0.191,0.5198,0.4464,0.011399999999999999,0.5788,0.1742,0.23519999999999994,0.9353999999999999
SAMPLE_03429,0.0354,0.49079999999999996,0.5404,1.0,0.0364,0.089,0.8764,0.0818
SAMPLE_03430,0.7918000000000001,0.5357999999999999,0.595,0.384,0.7011999999999999,0.3726,0.6032,0.5972
SAMPLE_03431,0.5820000000000001,0.049999999999999996,0.057800000000000004,0.7028000000000001,0.0746,0.5226,0.338,0.35960000000000003
SAMPLE_03432,0.387,0.8544,0.8977999999999999,0.2552,0.7826,0.6248,0.9566000000000001,0.8444
SAMPLE_03433,0.22139999999999999,0.4678,0.488,1.0,0.17300000000000001,0.5622,0.0626,0.49119999999999997
SAMPLE_03434,0.8328999999999999,0.5468,0.7407999999999999,0.6606,0.6408,0.8789999999999999,0.7506,0.4992
SAMPLE_03435,0.8368,0.0246,0.0396,0.351,0.18460000000000001,0.46480000000000005,0.195,0.3358
SAMPLE_03436,0.9308,0.0422,0.0202,0.4152,0.2186,0.46840000000000004,0.4002,0.26539999999999997
SAMPLE_03437,0.9465,0.11779999999999999,0.225,0.1508,0.0982,0.293,0.4338,0.1722
SAMPLE_03438,0.26260000000000006,0.95,0.9683999999999999,0.2976,0.3204,0.2606,0.4704,0.1058
SAMPLE_03439,0.5880000000000001,0.19180000000000003,0.08080000000000001,0.5056,0.25939999999999996,0.6516,0.46180000000000004,0.1316
SAMPLE_03440,0.3984,0.924,0.9767999999999999,0.1538,0.7192000000000001,0.4704,0.785,0.574
SAMPLE_03441,0.3558,0.72,0.663,0.2346,0.5589999999999999,0.2934,0.5912,0.6642000000000001
SAMPLE_03442,0.7689999999999999,0.009999999999999998,0.014400000000000001,0.3962,0.5366000000000001,0.5332000000000001,0.303,0.4196
SAMPLE_03443,0.833,0.9136,0.9398,0.6218,0.8808,0.8166,0.8734,0.465
SAMPLE_03444,0.0654,0.4862,0.3595999999999999,1.0,0.06960000000000001,0.034999999999999996,0.026000000000000002,0.7294
SAMPLE_03445,0.6344,0.6087999999999999,0.40099999999999997,0.5754,0.5908,0.7353999999999999,0.5715999999999999,0.6242
SAMPLE_03446,0.567,0.8286,0.7574,0.5594,0.4008,0.508,0.36039999999999994,0.5117999999999999
SAMPLE_03447,0.37739999999999996,0.7968,0.9136000000000001,0.10900000000000001,0.6266,0.37960000000000005,0.6542,0.5858000000000001
SAMPLE_03448,0.6998,0.25079999999999997,0.1896,0.6852,0.9326000000000001,0.8266,0.7904,0.5432000000000001
SAMPLE_03449,0.3884,0.2186,0.1182,0.1418,0.6506,0.6512,0.5124000000000001,0.6582
SAMPLE_03450,0.16260000000000002,0.23820000000000002,0.0736,0.2904,0.6828000000000001,0.36,0.2758,0.48279999999999995
SAMPLE_03451,0.08580000000000002,0.9982,0.9962,1.0,0.0906,0.3028,0.8523999999999999,0.6208
SAMPLE_03452,0.30239999999999995,0.5724,0.6702,0.1004,0.5738,0.2714,0.2484,0.7180000000000001
SAMPLE_03453,0.1042,0.6297999999999999,0.6422000000000001,1.0,0.1316,0.0546,0.257,0.1894
SAMPLE_03454,0.5622,0.3274,0.5764,0.316,0.5024,0.355,0.3398,0.21919999999999998
SAMPLE_03455,0.7255999999999999,0.34619999999999995,0.4462,0.591,0.5132000000000001,0.8122,0.5054000000000001,0.32480000000000003
SAMPLE_03456,0.853,0.24980000000000002,0.43760000000000004,0.32520000000000004,0.45099999999999996,0.6344,0.2646,0.1316
SAMPLE_03457,0.30219999999999997,0.8796000000000002,0.9810000000000001,0.29660000000000003,0.8937999999999999,0.8208,0.8572,0.7692000000000001
SAMPLE_03458,0.45620000000000005,0.5378000000000001,0.9586,0.48460000000000003,0.9578,0.7404,0.9096,0.8048
SAMPLE_03459,0.7053,0.5074,0.5566000000000001,0.7326,0.8868,0.8766,0.6304000000000001,0.502
SAMPLE_03460,0.8734,0.3358,0.4484,0.49119999999999997,0.7152000000000001,0.7912,0.6154,0.28020000000000006
SAMPLE_03461,0.388,0.4626,0.7972,0.0736,0.7202,0.5982,0.7932,0.7282
SAMPLE_03462,0.3682,0.38439999999999996,0.34199999999999997,0.1182,0.7332000000000001,0.4022,0.7389999999999999,0.9294
SAMPLE_03463,1.0,0.7702,0.5544,0.7996,1.0,1.0,1.0,1.0
SAMPLE_03464,0.8834,0.0252,0.026600000000000002,0.32480000000000003,0.8737999999999999,0.3426,0.16219999999999998,0.339
SAMPLE_03465,0.6290000000000001,0.861,0.5288,0.2942,0.469,0.5595999999999999,0.4652,0.32839999999999997
SAMPLE_03466,0.0708,0.6759999999999999,0.5754000000000001,1.0,0.3442,0.044199999999999996,0.2828,0.0438
SAMPLE_03467,0.3834,0.9724,0.9768000000000001,0.6462,0.5528,0.6372,0.9465999999999999,0.9548
SAMPLE_03468,0.09000000000000001,0.6573999999999999,0.5840000000000001,0.0486,0.593,0.2386,0.1726,0.3638
SAMPLE_03469,0.8446,0.11239999999999999,0.4612,0.621,0.33199999999999996,0.7055999999999999,0.3104,0.3426
SAMPLE_03470,0.9545999999999999,0.3346,0.30720000000000003,0.3686,0.30679999999999996,0.7202,0.38659999999999994,0.0742
SAMPLE_03471,0.12179999999999999,0.8458,0.7548,1.0,0.2306,0.0656,0.6376000000000001,0.0882
SAMPLE_03472,0.7221,0.048799999999999996,0.12179999999999999,0.4048,0.74,0.5004,0.2532,0.3806
SAMPLE_03473,0.2646,0.9968,0.9896,1.0,0.2352,0.0206,0.533,0.7966
SAMPLE_03474,0.7462,0.0794,0.1034,0.6571999999999999,0.9269999999999999,0.9533999999999999,0.34080000000000005,0.34659999999999996
SAMPLE_03475,0.302,0.5322,0.45999999999999996,0.0536,0.5164,0.3136,0.44160000000000005,0.6428
SAMPLE_03476,0.7846,0.2452,0.272,0.48600000000000004,0.5476,0.8,0.1452,0.0996
SAMPLE_03477,0.42380000000000007,0.8694,0.6456000000000001,0.2212,0.6856,0.44400000000000006,0.8177999999999999,0.7024
SAMPLE_03478,0.6043999999999999,0.48440000000000005,0.565,0.588,0.3842,0.9218,0.693,0.1592
SAMPLE_03479,0.892,0.7224,0.6834,0.098,0.8661999999999999,0.6684,0.7182,0.7702000000000001
SAMPLE_03480,0.8843,0.722,0.8618,0.2832,0.2294,0.5126000000000001,0.6876,0.3094
SAMPLE_03481,0.6656,0.12840000000000001,0.24380000000000002,0.6312,0.3036,0.5978,0.2962000000000001,0.3724
SAMPLE_03482,0.2832,0.8028000000000001,0.7258000000000001,0.08539999999999999,0.3342,0.267,0.379,0.1488
SAMPLE_03483,0.6606,0.6746000000000001,0.6534,0.5386,0.5955999999999999,0.8492000000000001,0.6794,0.37699999999999995
SAMPLE_03484,0.55,0.6336,0.43579999999999997,0.6968,0.9017999999999999,0.9318000000000002,0.9134,0.5963999999999999
SAMPLE_03485,0.26860000000000006,0.818,0.8694,0.01,0.3714,0.16899999999999998,0.4720000000000001,0.526
SAMPLE_03486,0.23079999999999998,0.8438000000000001,0.7484,1.0,0.3848,0.1356,0.045399999999999996,0.10600000000000001
SAMPLE_03487,0.492,0.0962,0.1022,0.7212000000000001,0.15739999999999998,0.5394,0.1552,0.0746
SAMPLE_03488,0.2964,0.6175999999999999,0.7492,0.1476,0.1574,0.31239999999999996,0.4864,0.6612
SAMPLE_03489,0.21580000000000005,0.8632,0.6940000000000001,0.18080000000000002,0.7085999999999999,0.3474,0.6018,0.8722
SAMPLE_03490,0.1748,0.8476000000000001,0.8226000000000001,1.0,0.0254,0.219,0.3806,0.422
SAMPLE_03491,0.6849999999999999,0.7045999999999999,0.6058000000000001,0.1498,0.7208,0.6966,0.7392000000000001,0.6982
SAMPLE_03492,0.5094,0.1928,0.29400000000000004,0.6152,0.40259999999999996,0.5576000000000001,0.293,0.5025999999999999
SAMPLE_03493,0.8757999999999999,0.5402,0.6053999999999999,0.35740000000000005,0.4314,0.906,0.8764,0.3074
SAMPLE_03494,0.15439999999999998,0.7978,0.6314,1.0,0.1452,0.21480000000000002,0.047599999999999996,0.47059999999999996
SAMPLE_03495,0.7624,0.1494,0.11779999999999999,0.618,0.6249999999999999,0.7,0.7166,0.46180000000000004
SAMPLE_03496,0.5948,0.2446,0.2846,0.3876,0.6256,0.7504000000000001,0.30119999999999997,0.39980000000000004
SAMPLE_03497,0.4968,0.38180000000000003,0.4558,0.5384,0.6186,0.7994,0.6486000000000001,0.5038
SAMPLE_03498,0.1032,0.6834,0.5998,1.0,0.042,0.046799999999999994,0.037,0.331
SAMPLE_03499,0.7012,0.3774,0.6232,0.371,0.7342,0.6926,0.5346,0.9475999999999999
SAMPLE_03500,0.8564,0.2414,0.496,0.33020000000000005,0.31320000000000003,0.31320000000000003,0.5644,0.2292
SAMPLE_03501,0.28280000000000005,0.6073999999999999,0.718,0.045799999999999993,0.6322,0.18180000000000002,0.11639999999999999,0.9036000000000002
SAMPLE_03502,0.7606999999999999,0.8166,0.7966,0.7672,0.6896,0.9149999999999998,0.8984,0.25739999999999996
SAMPLE_03503,0.9621999999999999,0.1404,0.2752,0.591,0.26380000000000003,0.5429999999999999,0.6294,0.3644
SAMPLE_03504,0.30920000000000003,0.7175999999999999,0.599,0.031,0.7074,0.378,0.5356,0.9124000000000001
SAMPLE_03505,0.533,0.30619999999999997,0.5222,0.7299999999999999,0.6952,0.7662000000000001,0.7872,0.4875999999999999
SAMPLE_03506,0.22039999999999998,0.3922,0.37960000000000005,1.0,0.0298,0.0976,0.3348,0.21260000000000004
SAMPLE_03507,0.030199999999999998,0.2796,0.1444,1.0,0.1022,0.0722,0.0412,0.036
SAMPLE_03508,0.9036,0.257,0.34080000000000005,0.3308,0.254,0.49399999999999994,0.4478,0.4178
SAMPLE_03509,0.7478,0.47240000000000004,0.325,0.49960000000000004,0.37739999999999996,0.7192,0.3212,0.16319999999999998
SAMPLE_03510,0.0816,0.716,0.8253999999999999,1.0,0.25239999999999996,0.0596,0.3242,0.5862
SAMPLE_03511,0.7352,0.0466,0.023399999999999997,0.23959999999999998,0.7525999999999999,0.6712,0.15539999999999998,0.4774
SAMPLE_03512,0.1446,0.5772,0.4664,0.4800000000000001,0.7140000000000001,0.3128,0.5198,0.8876000000000002
SAMPLE_03513,0.5158,0.7078000000000001,0.8230000000000001,0.6662000000000001,0.6846,0.8826,0.9141999999999999,0.93
SAMPLE_03514,0.8576,0.11879999999999999,0.23559999999999998,0.3774,0.2412,0.4114,0.39719999999999994,0.08299999999999999
SAMPLE_03515,0.25780000000000003,0.7033999999999999,0.747,0.049199999999999994,0.4368,0.148,0.7931999999999999,0.8093999999999999
SAMPLE_03516,0.7404,0.7922,0.723,0.6546,0.36679999999999996,0.842,0.8944000000000001,0.409
SAMPLE_03517,0.0056,0.2874,0.2064,1.0,0.09,0.13340000000000002,0.154,0.2986
SAMPLE_03518,0.0436,0.4226,0.1554,1.0,0.1346,0.094,0.016599999999999997,0.3548
SAMPLE_03519,0.6068,0.8862,0.9396000000000001,0.5062,0.5466,0.6224000000000001,0.8200000000000001,0.7714
SAMPLE_03520,0.4346,0.907,0.8556000000000001,0.2968,0.8728,0.7392,0.8386000000000001,0.6971999999999999
SAMPLE_03521,0.7935,0.2366,0.3186,0.37939999999999996,0.1852,0.5654,0.6582,0.3238
SAMPLE_03522,0.1326,0.3428,0.29240000000000005,1.0,0.029600000000000005,0.0888,0.05319999999999999,0.14099999999999996
SAMPLE_03523,0.7516,0.8058,0.792,0.7262,0.9400000000000001,0.968,0.9687999999999999,0.9597999999999999
SAMPLE_03524,0.9376,0.07360000000000001,0.11779999999999999,0.5428,0.9038,0.5732,0.1494,0.48580000000000007
SAMPLE_03525,0.6866,0.5544,0.7242,0.7564,0.9532,0.952,0.9048,0.7118
SAMPLE_03526,0.124,0.23820000000000002,0.2036,1.0,0.2218,0.15560000000000002,0.0518,0.7778
SAMPLE_03527,0.8022,0.2536,0.6168,0.5028,0.8413999999999999,0.7604,0.7502,0.4096
SAMPLE_03528,0.5488000000000001,0.27,0.26940000000000003,0.3578,0.5624,0.7971999999999999,0.48919999999999997,0.7809999999999999
SAMPLE_03529,0.2124,0.7692,0.7618,1.0,0.3606,0.5414,0.7936,0.6942
SAMPLE_03530,0.6426000000000001,0.4852,0.4436,0.43019999999999997,0.136,0.43620000000000003,0.3808,0.0774
SAMPLE_03531,0.7828,0.41640000000000005,0.2408,0.5744,0.673,0.8100000000000002,0.8211999999999999,0.4526
SAMPLE_03532,0.7262,0.49559999999999993,0.4795999999999999,0.44580000000000003,0.7622,0.7646,0.7008000000000001,0.7747999999999999
SAMPLE_03533,0.5244000000000001,0.5618000000000001,0.626,0.5700000000000001,0.6442,0.9384,0.761,0.5843999999999999
SAMPLE_03534,0.0906,0.7312000000000001,0.7996000000000001,1.0,0.3234,0.1384,0.5168,0.6367999999999999
SAMPLE_03535,0.046799999999999994,0.3874,0.28340000000000004,1.0,0.0254,0.1046,0.023799999999999998,0.0038
SAMPLE_03536,0.2658,0.6319999999999999,0.6724,0.5069999999999999,0.659,0.27880000000000005,0.40759999999999996,0.728
SAMPLE_03537,0.5376,0.5728,0.756,0.7295999999999999,0.7230000000000001,0.8852,0.9311999999999999,0.8276
SAMPLE_03538,0.173,0.6204,0.7792,0.1628,0.5046,0.16160000000000002,0.3352,0.5126000000000001
SAMPLE_03539,0.1274,0.4556,0.39780000000000004,0.019,0.7192000000000001,0.20659999999999998,0.7020000000000001,0.9168000000000001
SAMPLE_03540,1.0,0.767,0.5016,0.795,1.0,1.0,1.0,1.0
SAMPLE_03541,0.8724000000000001,0.7638,0.6606,0.7172000000000001,0.7186,0.9351999999999998,0.8716000000000002,0.4316000000000001
SAMPLE_03542,0.7386,0.8274000000000001,0.8788,0.6786000000000001,0.9553999999999998,0.6767999999999998,0.9374,0.6542000000000001
SAMPLE_03543,0.7303,0.4156000000000001,0.3316,0.3438,0.47919999999999996,0.6783999999999999,0.6446,0.44159999999999994
SAMPLE_03544,0.0906,0.5176000000000001,0.45280000000000004,1.0,0.10940000000000001,0.14620000000000002,0.08460000000000001,0.4768
SAMPLE_03545,0.8228,0.5278,0.6264,0.48439999999999994,0.24339999999999998,0.6412000000000001,0.7457999999999999,0.34199999999999997
SAMPLE_03546,0.7603,0.2378,0.4746,0.6342000000000001,0.3088,0.8834,0.6256,0.1954
SAMPLE_03547,0.25,0.4182,0.3788,1.0,0.7474999999999999,0.8672000000000001,0.5439999999999999,0.8824
SAMPLE_03548,0.5548,0.1552,0.22480000000000003,0.28620000000000007,0.3686,0.3882,0.1248,0.0782
SAMPLE_03549,0.49820000000000003,0.3358,0.30179999999999996,0.3626,0.7093999999999999,0.8091999999999999,0.2016,0.1564
SAMPLE_03550,0.6168000000000001,0.4252000000000001,0.2318,0.36300000000000004,0.7092,0.6456,0.42200000000000004,0.37560000000000004
SAMPLE_03551,0.024200000000000003,0.6257999999999999,0.5782,1.0,0.028000000000000004,0.06739999999999999,0.7158,0.056600000000000004
SAMPLE_03552,0.82,0.21000000000000002,0.21280000000000002,0.4196,0.4324,0.7624000000000001,0.3176,0.2294
SAMPLE_03553,0.8462,0.2532,0.3948,0.3842,0.5115999999999999,0.8082,0.4234,0.1092
SAMPLE_03554,0.4892,0.1004,0.09380000000000001,0.5065999999999999,0.21419999999999995,0.4974,0.15560000000000002,0.1086
SAMPLE_03555,0.18619999999999998,0.30439999999999995,0.052000000000000005,0.1398,0.5008,0.2652,0.0924,0.4104
SAMPLE_03556,0.6315000000000001,0.35259999999999997,0.3764,0.6956,0.3806,0.9082000000000001,0.6279999999999999,0.324
SAMPLE_03557,0.5414000000000001,0.7162,0.6813999999999999,0.4896,0.7642,0.9252,0.8539999999999999,0.861
SAMPLE_03558,0.7729999999999999,0.3982,0.4986,0.7268000000000001,0.37360000000000004,0.8144,0.5146,0.2452
SAMPLE_03559,0.6578,0.5828,0.6148,0.35679999999999995,0.41240000000000004,0.5998,0.7994000000000001,0.3038
SAMPLE_03560,0.10659999999999999,0.441,0.49540000000000006,0.3014,0.135,0.46980000000000005,0.22800000000000004,0.8032
SAMPLE_03561,0.1,0.1396,0.0644,1.0,0.29819999999999997,0.019200000000000002,0.46420000000000006,0.15760000000000002
SAMPLE_03562,0.6639999999999999,0.25680000000000003,0.3136,0.40499999999999997,0.24139999999999998,0.4568,0.265,0.17040000000000002
SAMPLE_03563,0.38720000000000004,0.7652,0.8304,0.0924,0.8564,0.197,0.9022,0.6346
SAMPLE_03564,0.32599999999999996,0.5178,0.6532,0.043000000000000003,0.5714,0.2448,0.1948,0.8283999999999999
SAMPLE_03565,0.9103,0.15359999999999996,0.054799999999999995,0.6302,0.2718,0.7654,0.48839999999999995,0.17960000000000004
SAMPLE_03566,0.9252,0.0334,0.0304,0.6078,0.9486000000000001,0.7584,0.24979999999999997,0.6166
SAMPLE_03567,0.33859999999999996,0.9118,0.9006000000000001,0.2842,0.8074,0.33399999999999996,0.5357999999999999,0.6622000000000001
SAMPLE_03568,0.097,0.6522,0.6284000000000001,1.0,0.11639999999999999,0.0628,0.308,0.515
SAMPLE_03569,0.9254999999999999,0.0744,0.0908,0.5731999999999999,0.2118,0.7102,0.16640000000000002,0.035
SAMPLE_03570,0.9292,0.5744,0.591,0.413,0.47119999999999995,0.6376,0.9390000000000001,0.22959999999999997
SAMPLE_03571,0.7434000000000001,0.3734,0.6352,0.3678,0.7127999999999999,0.48439999999999994,0.6738000000000001,0.7032
SAMPLE_03572,0.8073,0.493,0.34500000000000003,0.7315999999999999,0.9388,0.9606,0.7979999999999999,0.4372
SAMPLE_03573,0.4972,0.39679999999999993,0.5768000000000001,0.7656,0.35559999999999997,0.8800000000000001,0.6032000000000001,0.8124
SAMPLE_03574,0.009,0.2024,0.07260000000000001,1.0,0.024,0.1488,0.0208,0.024399999999999998
SAMPLE_03575,0.0756,0.7276,0.7032,1.0,0.13,0.1254,0.19740000000000002,0.023600000000000003
SAMPLE_03576,1.0,0.9827999999999999,0.9591999999999998,0.7970000000000002,1.0,1.0,1.0,1.0
SAMPLE_03577,0.8214,0.49800000000000005,0.24899999999999997,0.46420000000000006,0.2922,0.5988,0.22700000000000004,0.2892
SAMPLE_03578,0.774,0.1212,0.0154,0.6359999999999999,0.13,0.7934,0.46840000000000004,0.28200000000000003
SAMPLE_03579,0.8138,0.404,0.39720000000000005,0.3242,0.2112,0.5314,0.5324,0.3778
SAMPLE_03580,0.1048,0.3716,0.3544,1.0,0.23640000000000003,0.0256,0.0658,0.7487999999999999
SAMPLE_03581,0.1318,0.6136,0.6093999999999999,1.0,0.337,0.0586,0.11779999999999999,0.8654
SAMPLE_03582,0.3842,0.845,0.8392,0.30579999999999996,0.8468,0.7496,0.7389999999999999,0.8010000000000002
SAMPLE_03583,0.5398,0.702,0.6262000000000001,0.704,0.47459999999999997,0.9570000000000001,0.549,0.0848
SAMPLE_03584,0.24839999999999995,0.43600000000000005,0.28080000000000005,0.0812,0.4422,0.3106,0.17099999999999999,0.40700000000000003
SAMPLE_03585,0.8126000000000001,0.088,0.13100000000000003,0.46980000000000005,0.5296,0.5906,0.5244,0.38659999999999994
SAMPLE_03586,0.7731999999999999,0.10500000000000001,0.142,0.22159999999999996,0.08879999999999999,0.2892,0.5316,0.21600000000000003
SAMPLE_03587,0.29600000000000004,0.9318,0.8702,1.0,0.1738,0.1478,0.8932,0.5115999999999999
SAMPLE_03588,0.2424,0.9571999999999999,0.9517999999999999,1.0,0.1014,0.0954,0.8013999999999999,0.5825999999999999
SAMPLE_03589,0.40679999999999994,0.41720000000000007,0.7697999999999999,0.11579999999999999,0.25939999999999996,0.33399999999999996,0.38520000000000004,0.8949999999999999
SAMPLE_03590,0.056999999999999995,0.6628,0.6087999999999999,1.0,0.2924,0.11839999999999999,0.043,0.033600000000000005
SAMPLE_03591,0.2742,0.6694,0.736,0.09179999999999999,0.35419999999999996,0.2004,0.5916,0.7132000000000001
SAMPLE_03592,0.7151,0.19419999999999998,0.28240000000000004,0.3788,0.7406,0.672,0.5656,0.7796000000000001
SAMPLE_03593,0.5772,0.7572,0.552,0.46740000000000004,0.5296,0.8164,0.3852,0.5751999999999999
SAMPLE_03594,1.0,0.9869999999999999,0.9864,0.8038000000000001,1.0,1.0,1.0,1.0
SAMPLE_03595,0.27599999999999997,0.9064,0.8826,1.0,0.5374000000000001,0.06020000000000001,0.248,0.7612
SAMPLE_03596,0.8786000000000002,0.07420000000000002,0.1248,0.44480000000000003,0.7871999999999999,0.5124,0.2944,0.367
SAMPLE_03597,0.1234,0.2334,0.22999999999999998,0.0486,0.5942000000000001,0.1732,0.3108000000000001,0.8220000000000001
SAMPLE_03598,0.7702,0.08,0.1736,0.4768,0.6164000000000001,0.5464,0.091,0.3004
SAMPLE_03599,0.17939999999999998,0.8371999999999999,0.8562,1.0,0.029600000000000005,0.14140000000000003,0.6519999999999999,0.2766
SAMPLE_03600,0.7294,0.7348,0.5214,0.6516000000000001,0.6237999999999999,0.9244000000000001,0.6708000000000001,0.4304
SAMPLE_03601,0.36879999999999996,0.4526,0.9190000000000002,0.1506,0.6154,0.6519999999999999,0.7276,0.8552
SAMPLE_03602,0.4338,0.9218,0.897,0.198,0.7166,0.47719999999999996,0.7354,0.6592
SAMPLE_03603,0.7166,0.2604,0.17099999999999999,0.5686,0.42119999999999996,0.6794,0.5374000000000001,0.3566
SAMPLE_03604,1.0,0.9273999999999999,0.9006000000000001,0.7926000000000001,1.0,1.0,1.0,1.0
SAMPLE_03605,0.3664,0.9178000000000001,0.8416,0.0916,0.9152000000000001,0.35660000000000003,0.8800000000000001,0.9414
SAMPLE_03606,0.32039999999999996,0.5966,0.5898000000000001,1.0,0.2742,0.08099999999999999,0.08280000000000001,0.6072
SAMPLE_03607,0.9442,0.019,0.09419999999999999,0.38480000000000003,0.5352,0.43099999999999994,0.1288,0.30720000000000003
SAMPLE_03608,0.236,0.6414,0.4968,0.041,0.39859999999999995,0.41979999999999995,0.4372,0.6981999999999999
SAMPLE_03609,0.6504000000000001,0.2876,0.2546,0.4282,0.31320000000000003,0.6195999999999999,0.1456,0.3614
SAMPLE_03610,0.2994,0.2564,0.565,0.3524,0.3788,0.526,0.1464,0.7718
SAMPLE_03611,0.9606,0.21860000000000004,0.31899999999999995,0.2874,0.3518,0.5586,0.5147999999999999,0.2652
SAMPLE_03612,0.9093,0.0454,0.0628,0.2374,0.1256,0.5589999999999999,0.1992,0.14900000000000002
SAMPLE_03613,0.506,0.4814,0.42380000000000007,0.6618,0.6686,0.6584000000000001,0.7544000000000001,0.3362
SAMPLE_03614,0.5842,0.7162,0.6792,0.7542,0.7942,0.9526,0.9254000000000001,0.5286000000000001
SAMPLE_03615,0.6115,0.2662,0.1508,0.6716000000000001,0.29080000000000006,0.7782,0.6891999999999999,0.5172000000000001
SAMPLE_03616,0.7478,0.5564,0.4812,0.7455999999999999,0.7206,0.9358000000000001,0.8586,0.4582
SAMPLE_03617,0.1806,0.25739999999999996,0.3014,0.1176,0.5401999999999999,0.27099999999999996,0.5154,0.7193999999999999
SAMPLE_03618,0.2836,0.6342,0.5286000000000001,0.004200000000000001,0.6612000000000001,0.3396,0.43200000000000005,0.6921999999999999
SAMPLE_03619,0.6625,0.882,0.9262,0.7145999999999999,0.7879999999999999,0.9358000000000001,0.9481999999999999,0.545
SAMPLE_03620,0.8995000000000001,0.271,0.23820000000000002,0.5386,0.2718,0.8463999999999998,0.2222,0.13599999999999998
SAMPLE_03621,0.5032,0.48199999999999993,0.5056,0.6794,0.7914,0.7894,0.5166000000000001,0.5673999999999999
SAMPLE_03622,0.0784,0.5421999999999999,0.4384,1.0,0.0196,0.10619999999999999,0.29900000000000004,0.0434
SAMPLE_03623,0.47140000000000004,0.48579999999999995,0.5552,0.44299999999999995,0.7979999999999999,0.5984,0.45339999999999997,0.6742
SAMPLE_03624,0.1702,0.7872,0.9198000000000001,0.024399999999999998,0.6314,0.127,0.777,0.6053999999999999
SAMPLE_03625,0.22640000000000002,0.9246000000000001,0.9308,1.0,0.5102,0.425,0.9507999999999999,0.9042
SAMPLE_03626,0.7797000000000001,0.41079999999999994,0.4798,0.6622,0.5558,0.9134,0.7949999999999999,0.5136
SAMPLE_03627,0.8335999999999999,0.24620000000000003,0.6486,0.5357999999999999,0.8876000000000002,0.5593999999999999,0.6152,0.8296000000000001
SAMPLE_03628,0.46959999999999996,0.9613999999999999,0.9571999999999999,0.776,0.9202,0.9394,0.9522,0.8594000000000002
SAMPLE_03629,0.3448,0.7450000000000001,0.7968,0.1728,0.8904,0.261,0.9328,0.6898
SAMPLE_03630,0.2204,0.20940000000000003,0.1626,0.393,0.36060000000000003,0.44160000000000005,0.10979999999999998,0.8253999999999999
SAMPLE_03631,0.3304,0.3848,0.1452,0.0086,0.5166,0.1614,0.1614,0.7888
SAMPLE_03632,0.1524,0.1528,0.1186,0.0854,0.5090000000000001,0.1916,0.3318,0.9597999999999999
SAMPLE_03633,0.18080000000000002,0.7790000000000001,0.6958,1.0,0.12400000000000003,0.023,0.0688,0.6006
SAMPLE_03634,0.7569000000000001,0.385,0.33140000000000003,0.33680000000000004,0.39039999999999997,0.7904000000000001,0.4302,0.1214
SAMPLE_03635,0.8582000000000001,0.4548,0.3764,0.6938,0.5484,0.8362,0.8874000000000001,0.4932
SAMPLE_03636,0.7228,0.1358,0.12439999999999998,0.4298,0.9548,0.869,0.39160000000000006,0.4774
SAMPLE_03637,0.6633,0.8089999999999999,0.4789999999999999,0.5508,0.7234,0.7200000000000001,0.6388,0.9301999999999999
SAMPLE_03638,0.9378,0.019,0.0848,0.525,0.317,0.4304,0.30979999999999996,0.39699999999999996
SAMPLE_03639,0.7762,0.1384,0.08760000000000001,0.422,0.47520000000000007,0.7003999999999999,0.29219999999999996,0.0656
SAMPLE_03640,0.5644,0.31779999999999997,0.4224,0.6990000000000001,0.6359999999999999,0.7672000000000001,0.6729999999999999,0.8408000000000001
SAMPLE_03641,0.3028,0.8582000000000001,0.8654,0.2866,0.9378,0.6472,0.9224,0.9048
SAMPLE_03642,0.017800000000000003,0.5214,0.3232,1.0,0.32700000000000007,0.19,0.0322,0.11579999999999999
SAMPLE_03643,0.678,0.68,0.5797999999999999,0.7462,0.4904,0.9226000000000001,0.6708000000000001,0.2076
SAMPLE_03644,0.3628,0.7358,0.678,1.0,0.21960000000000002,0.10400000000000001,0.9027999999999998,0.29960000000000003
SAMPLE_03645,0.604,0.6626,0.44939999999999997,0.3758,0.6792,0.5496,0.6378,0.8908000000000001
SAMPLE_03646,0.6788000000000001,0.05620000000000001,0.0526,0.2782,0.329,0.5484,0.5,0.7282
SAMPLE_03647,0.6616000000000001,0.39520000000000005,0.6162,0.6900000000000001,0.6548,0.8784000000000001,0.5484000000000001,0.2352
SAMPLE_03648,0.7590999999999999,0.3064,0.45640000000000003,0.5561999999999999,0.285,0.8131999999999999,0.47120000000000006,0.41079999999999994
SAMPLE_03649,0.0974,0.5986,0.6614,0.25060000000000004,0.5646,0.265,0.1872,0.6355999999999999
SAMPLE_03650,1.0,0.8886,0.7676,0.7946000000000001,1.0,1.0,1.0,1.0
SAMPLE_03651,0.7532,0.3134,0.19460000000000002,0.4241999999999999,0.15140000000000003,0.3898,0.3052,0.13240000000000002
SAMPLE_03652,0.376,0.32020000000000004,0.1628,0.2894,0.8442000000000001,0.8976000000000001,0.8235999999999999,0.6950000000000001
SAMPLE_03653,0.8478,0.30219999999999997,0.5534000000000001,0.23900000000000002,0.3456,0.27180000000000004,0.4058,0.33320000000000005
SAMPLE_03654,0.1086,0.2638,0.16040000000000001,0.11220000000000001,0.6534,0.1696,0.3224,0.9353999999999999
SAMPLE_03655,0.7336,0.38299999999999995,0.4507999999999999,0.558,0.3364,0.5286000000000001,0.4532,0.1066
SAMPLE_03656,0.3718,0.9481999999999999,0.9729999999999999,0.215,0.8928,0.655,0.8709999999999999,0.4314
SAMPLE_03657,0.8448,0.3296,0.3718,0.557,0.40659999999999996,0.7906000000000001,0.5218,0.225
SAMPLE_03658,0.9025000000000001,0.3156,0.36899999999999994,0.4008,0.599,0.49119999999999997,0.7516,0.3412
SAMPLE_03659,0.9038,0.6108,0.3294,0.4018,0.5726,0.8942,0.7188,0.4678
SAMPLE_03660,0.9212999999999999,0.5682,0.6444000000000001,0.5484,0.4652,0.873,0.8166,0.23600000000000004
SAMPLE_03661,0.8367000000000001,0.0408,0.0184,0.257,0.10740000000000001,0.5422,0.10919999999999999,0.0354
SAMPLE_03662,0.069,0.5536000000000001,0.3584,1.0,0.051000000000000004,0.22139999999999999,0.698,0.30599999999999994
SAMPLE_03663,0.45499999999999996,0.9924,0.9924000000000002,0.46840000000000004,0.7954000000000001,0.687,0.9301999999999999,0.6689999999999999
SAMPLE_03664,0.86,0.047599999999999996,0.0754,0.35279999999999995,0.20919999999999997,0.5236000000000001,0.2688,0.2508
SAMPLE_03665,0.7132000000000001,0.9683999999999999,0.9128000000000001,0.6404,0.9006000000000001,0.925,0.9697999999999999,0.638
SAMPLE_03666,0.30700000000000005,0.47640000000000005,0.5976,0.23420000000000002,0.5086,0.6394,0.49960000000000004,0.7632
SAMPLE_03667,0.41059999999999997,0.6836,0.642,0.1282,0.7152000000000001,0.17039999999999997,0.7902000000000001,0.6808
SAMPLE_03668,0.194,0.925,0.8872,1.0,0.4864,0.2222,0.5845999999999999,0.41679999999999995
SAMPLE_03669,0.8503999999999999,0.42619999999999997,0.35319999999999996,0.4948,0.6454,0.8084,0.6792,0.31839999999999996
SAMPLE_03670,0.8664,0.0184,0.0086,0.741,0.09140000000000001,0.43499999999999994,0.10419999999999999,0.221
SAMPLE_03671,0.15580000000000002,0.7150000000000001,0.7848,0.0098,0.5526,0.1822,0.8032,0.874
SAMPLE_03672,0.205,0.7502,0.5444000000000001,0.06699999999999999,0.2872,0.133,0.1548,0.20339999999999997
SAMPLE_03673,0.31720000000000004,0.3196,0.16760000000000003,0.1232,0.5294000000000001,0.196,0.3666,0.6682
SAMPLE_03674,0.788,0.45640000000000003,0.2306,0.4344,0.5571999999999999,0.8737999999999999,0.5088,0.3368
SAMPLE_03675,0.8566,0.1648,0.266,0.6474,0.31520000000000004,0.8261999999999998,0.1652,0.2028
SAMPLE_03676,0.7134,0.23399999999999999,0.1532,0.6334000000000001,0.45500000000000007,0.8252,0.6859999999999999,0.3138
SAMPLE_03677,0.7081999999999999,0.5982,0.601,0.6728000000000001,0.43360000000000004,0.9034000000000001,0.8168,0.11080000000000001
SAMPLE_03678,0.7535999999999999,0.5744,0.45620000000000005,0.6132000000000001,0.7698,0.8542,0.5426,0.7058
SAMPLE_03679,0.17040000000000002,0.9789999999999999,0.9652000000000001,1.0,0.1096,0.006999999999999999,0.7966,0.6007999999999999
SAMPLE_03680,0.667,0.24780000000000002,0.4486,0.712,0.3402,0.7516,0.6632,0.40199999999999997
SAMPLE_03681,0.5069999999999999,0.2354,0.31460000000000005,0.5406000000000001,0.5104,0.8880000000000001,0.12879999999999997,0.9064
SAMPLE_03682,0.0668,0.7438,0.6122,0.284,0.29800000000000004,0.44139999999999996,0.26739999999999997,0.3932
SAMPLE_03683,0.7046,0.3882,0.32859999999999995,0.5711999999999999,0.7666000000000001,0.7396,0.418,0.465
SAMPLE_03684,0.6826,0.10300000000000001,0.035,0.4828,0.3318,0.7746000000000001,0.1754,0.06520000000000001
SAMPLE_03685,0.9109999999999999,0.6628000000000002,0.7747999999999999,0.7525999999999999,0.8089999999999999,0.8634000000000001,0.8954000000000001,0.9484
SAMPLE_03686,0.41740000000000005,0.6214000000000001,0.8803999999999998,0.48179999999999995,0.8225999999999999,0.6826000000000001,0.5722,0.7838
SAMPLE_03687,0.9536,0.2824,0.5443999999999999,0.39580000000000004,0.4941999999999999,0.6960000000000001,0.5308,0.201
SAMPLE_03688,0.9057000000000001,0.4396,0.23159999999999997,0.39879999999999993,0.489,0.7816000000000001,0.5358,0.14540000000000003
SAMPLE_03689,0.5391999999999999,0.061,0.0662,0.5818000000000001,0.17560000000000003,0.7204,0.5054000000000001,0.1406
SAMPLE_03690,0.7418,0.6698000000000001,0.6758,0.5576,0.3054,0.8544,0.43,0.2682
SAMPLE_03691,0.0854,0.9402000000000001,0.9118,1.0,0.5392000000000001,0.1924,0.7986000000000001,0.8513999999999999
SAMPLE_03692,0.6821999999999999,0.05739999999999999,0.036800000000000006,0.625,0.5276,0.702,0.1254,0.3268
SAMPLE_03693,0.4676,0.8592000000000001,0.9532,0.7731999999999999,0.853,0.9583999999999999,0.9448000000000001,0.6314000000000001
SAMPLE_03694,0.7608,0.40499999999999997,0.4086,0.3476,0.266,0.7322,0.7598,0.18119999999999997
SAMPLE_03695,0.9349999999999999,0.1302,0.2434,0.17479999999999998,0.30500000000000005,0.36679999999999996,0.6476,0.26839999999999997
SAMPLE_03696,0.22159999999999996,0.7624,0.6108,0.36900000000000005,0.31020000000000003,0.5404,0.6862,0.8612
SAMPLE_03697,0.15960000000000002,0.2012,0.11939999999999999,0.2496,0.475,0.7302000000000001,0.606,0.3208
SAMPLE_03698,0.18080000000000002,0.7932,0.8266,0.0538,0.3834000000000001,0.17940000000000003,0.5760000000000001,0.1484
SAMPLE_03699,0.2506,0.1802,0.1786,0.13,0.7608,0.13879999999999998,0.1004,0.7335999999999999
SAMPLE_03700,0.7942,0.045200000000000004,0.03,0.5896,0.1632,0.546,0.1936,0.0772
SAMPLE_03701,0.179,0.8458,0.8106,0.4808,0.5948,0.8013999999999999,0.8780000000000001,0.9368000000000001
SAMPLE_03702,0.7731,0.5589999999999999,0.6442,0.6886,0.5234,0.9446,0.8498000000000001,0.2222
SAMPLE_03703,1.0,0.9970000000000001,0.9927999999999999,0.7849999999999999,1.0,1.0,1.0,1.0
SAMPLE_03704,0.7033999999999999,0.8568,0.7328000000000001,0.6818,0.5236,0.9378,0.5713999999999999,0.1488
SAMPLE_03705,0.44320000000000004,0.938,0.9346,0.26820000000000005,0.8952,0.46579999999999994,0.9282,0.7702
SAMPLE_03706,0.3194,0.369,0.1554,0.007599999999999998,0.8486,0.13720000000000002,0.6324,0.9046000000000001
SAMPLE_03707,0.7574,0.16899999999999998,0.3136,0.40440000000000004,0.47800000000000004,0.6539999999999999,0.3546,0.231
SAMPLE_03708,0.4168,0.6362,0.5544,1.0,0.1802,0.1008,0.1766,0.11480000000000001
SAMPLE_03709,0.6516,0.11960000000000001,0.161,0.4058,0.9526,0.743,0.4164,0.5349999999999999
SAMPLE_03710,0.8699999999999999,0.2186,0.3434,0.21260000000000004,0.3984,0.567,0.42000000000000004,0.2104
SAMPLE_03711,0.338,0.775,0.8236000000000001,0.0496,0.9098,0.233,0.7258,0.8033999999999999
SAMPLE_03712,0.479,0.26480000000000004,0.3182,0.38720000000000004,0.4266,0.8476000000000001,0.489,0.715
SAMPLE_03713,0.8684000000000001,0.0422,0.047799999999999995,0.357,0.2082,0.6192,0.5656,0.38480000000000003
SAMPLE_03714,0.841,0.40700000000000003,0.1306,0.6424,0.44159999999999994,0.923,0.8587999999999999,0.3316
SAMPLE_03715,0.8702,0.12920000000000004,0.1486,0.2922,0.8008,0.39139999999999997,0.2578,0.36740000000000006
SAMPLE_03716,0.2662,0.7296,0.8586,0.16440000000000002,0.2428,0.24459999999999998,0.5394,0.9448000000000001
SAMPLE_03717,0.8524,0.0118,0.0018000000000000002,0.2582,0.012,0.44699999999999995,0.22880000000000003,0.045799999999999993
SAMPLE_03718,0.6798,0.07880000000000001,0.2184,0.49000000000000005,0.18960000000000002,0.3226,0.5664,0.192
SAMPLE_03719,0.6761999999999999,0.9366,0.8463999999999998,0.601,0.7013999999999999,0.8756,0.8024000000000001,0.6286
SAMPLE_03720,0.6481999999999999,0.5276000000000001,0.29760000000000003,0.321,0.6,0.5804,0.7228,0.43479999999999996
SAMPLE_03721,0.061,0.4412,0.46980000000000005,1.0,0.1006,0.1266,0.0186,0.003
SAMPLE_03722,1.0,0.9052,0.784,0.8026000000000002,1.0,1.0,1.0,1.0
SAMPLE_03723,0.021799999999999996,0.294,0.1526,1.0,0.08360000000000001,0.0324,0.0482,0.0358
SAMPLE_03724,0.3958,0.874,0.8644000000000001,1.0,0.476,0.2098,0.5871999999999999,0.8478
SAMPLE_03725,0.30439999999999995,0.32980000000000004,0.7405999999999999,0.041600000000000005,0.3186,0.5816,0.6176,0.8862
SAMPLE_03726,0.4662,0.30060000000000003,0.5306,0.7278,0.5124,0.8888,0.874,0.7674000000000001
SAMPLE_03727,0.6506000000000001,0.4816,0.5704,0.36239999999999994,0.8734,0.5806,0.41059999999999997,0.46679999999999994
SAMPLE_03728,0.2978,0.5974,0.4412,0.1106,0.6194,0.28779999999999994,0.5628,0.5646
SAMPLE_03729,0.4236,0.9872,0.9964000000000001,0.1392,0.905,0.9684000000000001,0.9574,0.9126000000000001
SAMPLE_03730,0.47620000000000007,0.8352,0.7611999999999999,0.7594,0.7482,0.586,0.7484,0.5636
SAMPLE_03731,0.7547999999999999,0.2824,0.5384,0.48699999999999993,0.26060000000000005,0.41879999999999995,0.5097999999999999,0.3792
SAMPLE_03732,0.3236,0.9583999999999999,0.9533999999999999,1.0,0.1672,0.11699999999999999,0.623,0.5082000000000001
SAMPLE_03733,0.1432,0.7939999999999999,0.7150000000000001,1.0,0.3376,0.1494,0.010199999999999999,0.0188
SAMPLE_03734,0.7267000000000001,0.6058,0.3626,0.5633999999999999,0.7206,0.8164,0.884,0.77
SAMPLE_03735,0.35079999999999995,0.7682,0.9705999999999999,0.275,0.8305999999999999,0.6706,0.7188,0.5858
SAMPLE_03736,0.6596,0.2238,0.3034,0.5138,0.635,0.8228,0.5928000000000001,0.746
SAMPLE_03737,1.0,0.8240000000000001,0.7642,0.7946,1.0,1.0,1.0,1.0
SAMPLE_03738,0.7182000000000001,0.1558,0.3258,0.46740000000000004,0.1822,0.4295999999999999,0.38899999999999996,0.06359999999999999
SAMPLE_03739,0.8672000000000001,0.2072,0.1978,0.6098,0.26039999999999996,0.8156000000000001,0.351,0.30920000000000003
SAMPLE_03740,0.5162000000000001,0.011399999999999999,0.0036000000000000003,0.6352,0.7939999999999999,0.617,0.1024,0.38180000000000003
SAMPLE_03741,0.7099,0.0602,0.027800000000000002,0.35819999999999996,0.038,0.48739999999999994,0.17760000000000004,0.072
SAMPLE_03742,0.654,0.4734,0.3034,0.39740000000000003,0.6006,0.6572,0.2612,0.2984
SAMPLE_03743,0.13840000000000002,0.849,0.9358000000000001,0.036,0.33259999999999995,0.29900000000000004,0.6274000000000001,0.17600000000000002
SAMPLE_03744,0.24739999999999998,0.9224,0.8782,0.2202,0.6692,0.36,0.898,0.7048
SAMPLE_03745,0.271,0.7246,0.7282,1.0,0.1408,0.044,0.032600000000000004,0.5683999999999999
SAMPLE_03746,0.9245000000000001,0.2448,0.4056,0.48920000000000013,0.2764,0.6317999999999999,0.6414000000000001,0.37439999999999996
SAMPLE_03747,0.665,0.3862,0.39640000000000003,0.7183999999999999,0.8291999999999999,0.9376,0.866,0.5208
SAMPLE_03748,0.1264,0.6352,0.5064,1.0,0.0362,0.2644,0.417,0.13520000000000001
SAMPLE_03749,0.7939,0.2258,0.38339999999999996,0.196,0.1424,0.44160000000000005,0.6006,0.45119999999999993
SAMPLE_03750,0.2338,0.8402,0.8783999999999998,0.3334,0.7940000000000002,0.6322000000000001,0.9248000000000001,0.7178
SAMPLE_03751,0.11099999999999999,0.713,0.6709999999999999,1.0,0.0374,0.0114,0.295,0.019
SAMPLE_03752,0.1136,0.5764,0.49000000000000005,1.0,0.0092,0.11100000000000002,0.0682,0.0214
SAMPLE_03753,0.196,0.3184,0.1526,1.0,0.167,0.047799999999999995,0.374,0.5154000000000001
SAMPLE_03754,0.001,0.42519999999999997,0.25520000000000004,1.0,0.08120000000000001,0.05700000000000001,0.0062,0.7135999999999999
SAMPLE_03755,0.5611999999999999,0.24459999999999998,0.386,0.7706000000000002,0.4114,0.9325999999999999,0.755,0.4726
SAMPLE_03756,0.18240000000000003,0.5362,0.4282,0.1416,0.596,0.2244,0.27359999999999995,0.9132
SAMPLE_03757,0.9122999999999999,0.2848,0.6016,0.44159999999999994,0.41740000000000005,0.40800000000000003,0.39059999999999995,0.3394
SAMPLE_03758,0.712,0.4192,0.4854,0.5242,0.7258,0.6264000000000001,0.6628000000000001,0.7762
SAMPLE_03759,0.9183999999999999,0.0086,0.017400000000000002,0.2822,0.8416,0.4386,0.2612,0.49040000000000006
SAMPLE_03760,0.45380000000000004,0.897,0.9118,0.37879999999999997,0.7972,0.4382,0.8862,0.8788
SAMPLE_03761,0.5847999999999999,0.41979999999999995,0.32520000000000004,0.6494,0.5206,0.9225999999999999,0.4298,0.34480000000000005
SAMPLE_03762,0.21700000000000003,0.6266,0.57,1.0,0.292,0.0332,0.118,0.4096
SAMPLE_03763,0.7834000000000001,0.19340000000000002,0.25620000000000004,0.3176,0.1342,0.47000000000000003,0.25420000000000004,0.0712
SAMPLE_03764,0.6614,0.1498,0.1202,0.7192000000000001,0.7724,0.8288,0.3778,0.8099999999999999
SAMPLE_03765,0.6342000000000001,0.18739999999999998,0.1262,0.5404,0.24699999999999997,0.7642,0.4516,0.29159999999999997
SAMPLE_03766,0.7461,0.37259999999999993,0.4178,0.6088000000000001,0.8078,0.7266,0.4468,0.1454
SAMPLE_03767,0.9033000000000001,0.1538,0.3196,0.43579999999999997,0.1338,0.5803999999999999,0.2598,0.1526
SAMPLE_03768,0.07780000000000001,0.1774,0.1242,1.0,0.28159999999999996,0.10019999999999998,0.053200000000000004,0.8373999999999999
SAMPLE_03769,0.7508,0.1626,0.13240000000000002,0.3154,0.09519999999999999,0.5278,0.4306,0.0866
SAMPLE_03770,0.041999999999999996,0.2982,0.22039999999999998,1.0,0.41899999999999993,0.11120000000000001,0.0172,0.8882000000000001
SAMPLE_03771,0.6372,0.4756,0.5594,0.4944,0.5875999999999999,0.8026,0.5796,0.33999999999999997
SAMPLE_03772,0.9047000000000001,0.5452,0.4344,0.6112,0.3996,0.789,0.5850000000000001,0.4022
SAMPLE_03773,0.3096,0.8709999999999999,0.8390000000000001,0.2952,0.6629999999999999,0.5486,0.7731999999999999,0.8659999999999999
SAMPLE_03774,0.33259999999999995,0.9311999999999999,0.9349999999999999,0.47620000000000007,0.8628,0.6748000000000001,0.9648,0.9460000000000001
SAMPLE_03775,0.8119999999999999,0.47940000000000005,0.4814,0.7544000000000001,0.6032,0.9097999999999999,0.6706,0.5378000000000001
SAMPLE_03776,0.8032,0.3798,0.42380000000000007,0.612,0.43920000000000003,0.4136,0.38320000000000004,0.23720000000000002
SAMPLE_03777,0.276,0.32860000000000006,0.1988,1.0,0.3956,0.044199999999999996,0.0034000000000000002,0.4981999999999999
SAMPLE_03778,0.5506000000000001,0.1028,0.0626,0.5349999999999999,0.08159999999999999,0.534,0.31920000000000004,0.1746
SAMPLE_03779,0.7712,0.2016,0.34700000000000003,0.5112,0.3092,0.4838,0.3438,0.18980000000000002
SAMPLE_03780,0.49700000000000005,0.4244,0.351,0.728,0.41600000000000004,0.8320000000000001,0.7452,0.9
SAMPLE_03781,0.221,0.8652000000000001,0.7939999999999999,1.0,0.0806,0.028999999999999998,0.5561999999999999,0.651
SAMPLE_03782,0.4462,0.8119999999999999,0.883,0.0268,0.9094,0.42400000000000004,0.4234,0.841
SAMPLE_03783,0.6535,0.283,0.19619999999999999,0.4166,0.4112,0.807,0.1852,0.2116
SAMPLE_03784,0.8398,0.36560000000000004,0.23440000000000003,0.35559999999999997,0.2784,0.7268,0.8074000000000001,0.3416
SAMPLE_03785,0.9491999999999999,0.6634,0.5321999999999999,0.28500000000000003,0.907,0.5227999999999999,0.8737999999999999,0.6668
SAMPLE_03786,0.4248,0.6712,0.7378,0.156,0.7549999999999999,0.2158,0.6507999999999999,0.8629999999999999
SAMPLE_03787,0.41819999999999996,0.506,0.6368,0.0102,0.865,0.22560000000000002,0.5170000000000001,0.9018
SAMPLE_03788,0.7663,0.0898,0.0372,0.22800000000000004,0.7174,0.7358,0.17200000000000001,0.31220000000000003
SAMPLE_03789,0.3302,0.6724000000000001,0.7718,1.0,0.7173999999999999,0.6245999999999999,0.8789999999999999,0.6418
SAMPLE_03790,0.1626,0.7488000000000001,0.7034,0.0098,0.5623999999999999,0.323,0.7234,0.9616
SAMPLE_03791,0.7203,0.4176,0.41859999999999997,0.4191999999999999,0.1618,0.8562,0.5661999999999999,0.053000000000000005
SAMPLE_03792,0.5574,0.4782,0.28359999999999996,0.7242,0.8026,0.8848,0.1896,0.5156000000000001
SAMPLE_03793,0.3994,0.9332,0.9032,0.186,0.7609999999999999,0.422,0.7900000000000001,0.9184000000000001
SAMPLE_03794,0.445,0.9996,0.992,1.0,0.1306,0.4892,0.9555999999999999,0.4758
SAMPLE_03795,0.3568,0.9438000000000001,0.9388,0.777,0.7308,0.9426,0.9561999999999999,0.945
SAMPLE_03796,0.76,0.717,0.8538,0.626,0.9318,0.9442,0.9532,0.6466000000000001
SAMPLE_03797,0.11939999999999999,0.5722,0.5751999999999999,0.664,0.4786,0.2286,0.263,0.7087999999999999
SAMPLE_03798,0.48760000000000003,0.27819999999999995,0.25060000000000004,0.6302000000000001,0.36140000000000005,0.5524,0.23819999999999997,0.059399999999999994
SAMPLE_03799,0.5868,0.0376,0.040600000000000004,0.5626,0.6766,0.6218,0.1282,0.4974
SAMPLE_03800,0.341,0.8198000000000001,0.8950000000000001,0.5199999999999999,0.7948000000000001,0.3978,0.3392,0.48279999999999995
SAMPLE_03801,0.009600000000000001,0.5164,0.40599999999999997,1.0,0.0366,0.0486,0.0528,0.0514
SAMPLE_03802,0.1092,0.8956000000000002,0.8065999999999999,1.0,0.0284,0.0626,0.47919999999999996,0.13759999999999997
SAMPLE_03803,0.6174000000000001,0.45520000000000005,0.3882,0.5791999999999999,0.6417999999999999,0.6735999999999999,0.35700000000000004,0.35459999999999997
SAMPLE_03804,0.3826,0.3888,0.4128,0.122,0.6182,0.6864000000000001,0.5058,0.9654
SAMPLE_03805,0.23900000000000002,0.9048,0.8644000000000001,0.1192,0.5309999999999999,0.3742,0.5619999999999999,0.195
SAMPLE_03806,0.45520000000000005,0.6298,0.5746,0.5364,0.8187999999999999,0.3122,0.893,0.9620000000000001
SAMPLE_03807,0.8839,0.265,0.46160000000000007,0.5189999999999999,0.30039999999999994,0.8112,0.6108,0.1464
SAMPLE_03808,0.38380000000000003,0.9094,0.9347999999999999,0.0626,0.6991999999999999,0.2734,0.8744,0.5803999999999999
SAMPLE_03809,0.39180000000000004,0.5138,0.5884,0.21959999999999996,0.7220000000000001,0.49000000000000005,0.6304000000000001,0.9242000000000001
SAMPLE_03810,0.5152,0.042800000000000005,0.10800000000000001,0.3774,0.496,0.3806,0.17980000000000002,0.15299999999999997
SAMPLE_03811,0.2312,0.34480000000000005,0.442,1.0,0.1882,0.08199999999999999,0.010199999999999999,0.44539999999999996
SAMPLE_03812,0.5396,0.3798,0.47779999999999995,0.7297999999999999,0.4196,0.8684000000000001,0.5464,0.8804000000000001
SAMPLE_03813,0.0418,0.7156,0.6517999999999999,1.0,0.057199999999999994,0.03219999999999999,0.6044,0.1678
SAMPLE_03814,0.7902000000000001,0.1748,0.17980000000000002,0.38739999999999997,0.7154,0.5980000000000001,0.6920000000000001,0.4391999999999999
SAMPLE_03815,0.13379999999999997,0.5312,0.5784,1.0,0.1782,0.0256,0.09259999999999999,0.0482
SAMPLE_03816,0.613,0.4372,0.45499999999999996,0.38079999999999997,0.7262000000000001,0.6174,0.7692,0.7510000000000001
SAMPLE_03817,0.9054,0.942,0.8192,0.6754,0.9358000000000001,0.9446,0.9481999999999999,0.6104
SAMPLE_03818,0.6263,0.18120000000000003,0.167,0.37779999999999997,0.4130000000000001,0.5254000000000001,0.7123999999999999,0.3898
SAMPLE_03819,0.6632,0.3668,0.2892,0.5386,0.6824000000000001,0.5282,0.597,0.6187999999999999
SAMPLE_03820,0.6994,0.32799999999999996,0.2568,0.5808,0.4796,0.6262000000000001,0.5984,0.43999999999999995
SAMPLE_03821,0.1674,0.8130000000000001,0.6434,1.0,0.185,0.0908,0.4779999999999999,0.257
SAMPLE_03822,0.8196000000000001,0.023399999999999997,0.011,0.1012,0.1614,0.3118,0.10740000000000001,0.3048
SAMPLE_03823,0.8963999999999999,0.09620000000000001,0.1734,0.3734,0.9106,0.4744,0.15560000000000002,0.3144
SAMPLE_03824,0.6763999999999999,0.8521999999999998,0.8022,0.681,0.796,0.953,0.9483999999999998,0.5016
SAMPLE_03825,0.7572,0.3418,0.1412,0.442,0.1506,0.51,0.35500000000000004,0.014400000000000001
SAMPLE_03826,0.1976,0.6344000000000001,0.4784,0.5916,0.3164,0.7262000000000001,0.636,0.8417999999999999
SAMPLE_03827,0.18899999999999997,0.4044,0.25220000000000004,0.1684,0.4976,0.4526,0.6874,0.7155999999999999
SAMPLE_03828,0.8350000000000002,0.36219999999999997,0.3156,0.23619999999999997,0.44580000000000003,0.548,0.76,0.385
SAMPLE_03829,0.9524000000000001,0.225,0.3296,0.5858000000000001,0.2974,0.7378,0.4636,0.17360000000000003
SAMPLE_03830,0.2712,0.2266,0.31639999999999996,0.1002,0.783,0.221,0.52,0.307
SAMPLE_03831,0.9399,0.37140000000000006,0.3968,0.45759999999999995,0.11240000000000001,0.7076,0.277,0.0484
SAMPLE_03832,0.49000000000000005,0.042600000000000006,0.0404,0.6676,0.131,0.46319999999999995,0.11139999999999999,0.037
SAMPLE_03833,0.068,0.772,0.7295999999999999,1.0,0.0568,0.1508,0.0588,0.6194000000000001
SAMPLE_03834,0.5926,0.6028,0.5247999999999999,0.7011999999999999,0.6564,0.9465999999999999,0.7546000000000002,0.5378000000000001
SAMPLE_03835,0.0786,0.4922000000000001,0.36019999999999996,1.0,0.1062,0.0628,0.0324,0.6368
SAMPLE_03836,0.3024,0.4192,0.44220000000000004,0.036,0.3478,0.23020000000000002,0.5372,0.9418000000000001
SAMPLE_03837,0.9174,0.0826,0.0586,0.10740000000000001,0.1812,0.3604,0.26999999999999996,0.0784
SAMPLE_03838,0.9165000000000001,0.511,0.41240000000000004,0.437,0.7818,0.6376000000000001,0.288,0.7689999999999999
SAMPLE_03839,0.36839999999999995,0.9732,0.9555999999999999,0.23620000000000002,0.9378,0.5616000000000001,0.9366,0.8172
SAMPLE_03840,0.0326,0.637,0.4746,1.0,0.13079999999999997,0.022799999999999997,0.1512,0.0076
SAMPLE_03841,0.8207999999999999,0.3442,0.2542,0.30279999999999996,0.41400000000000003,0.8215999999999999,0.6836,0.274
SAMPLE_03842,0.045399999999999996,0.5549999999999999,0.4958,1.0,0.004,0.16240000000000002,0.0426,0.0256
SAMPLE_03843,0.41419999999999996,0.8568,0.714,0.2554,0.8780000000000001,0.317,0.71,0.8016
SAMPLE_03844,0.8722999999999999,0.0656,0.17,0.518,0.5954,0.372,0.3702,0.526
SAMPLE_03845,0.4002,0.6436,0.8906000000000001,0.0804,0.9465999999999999,0.2806,0.5478,0.9331999999999999
SAMPLE_03846,0.8044,0.12999999999999998,0.21919999999999998,0.5638,0.3682,0.5676,0.5214,0.13319999999999999
SAMPLE_03847,0.2902,0.909,0.8396000000000001,1.0,0.7352000000000001,0.118,0.26480000000000004,0.9458
SAMPLE_03848,0.8544,0.146,0.3678,0.2364,0.2016,0.3982,0.2766,0.2392
SAMPLE_03849,0.0632,0.8742000000000001,0.8898000000000001,0.05620000000000001,0.387,0.1508,0.45760000000000006,0.5571999999999999
SAMPLE_03850,0.3076,0.7534000000000001,0.7465999999999999,1.0,0.0964,0.081,0.5910000000000001,0.17880000000000001
SAMPLE_03851,0.6561999999999999,0.24979999999999997,0.3144,0.45199999999999996,0.42160000000000003,0.5269999999999999,0.4582,0.38780000000000003
SAMPLE_03852,0.7344,0.4042,0.4062,0.6172000000000001,0.48439999999999994,0.6718,0.504,0.227
SAMPLE_03853,0.3674,0.9768000000000001,0.9808,0.2,0.8620000000000001,0.6886,0.9341999999999999,0.44020000000000004
SAMPLE_03854,0.41059999999999997,0.6098,0.9018,0.329,0.8016,0.6492,0.421,0.844
SAMPLE_03855,0.0224,0.2372,0.09880000000000001,1.0,0.0094,0.0474,0.37900000000000006,0.04479999999999999
SAMPLE_03856,0.7592,0.27840000000000004,0.329,0.28359999999999996,0.2092,0.539,0.1696,0.18739999999999998
SAMPLE_03857,0.7006,0.3304,0.2772,0.291,0.5166000000000001,0.3496,0.5014,0.45779999999999993
SAMPLE_03858,0.4444,0.5572,0.5115999999999999,0.1766,0.6524,0.5065999999999999,0.6472,0.8314
SAMPLE_03859,0.0254,0.5906,0.5844000000000001,1.0,0.0522,0.2048,0.07160000000000001,0.4492
SAMPLE_03860,0.0916,0.5246000000000001,0.33599999999999997,1.0,0.10880000000000001,0.0914,0.0796,0.3686
SAMPLE_03861,0.8562,0.1774,0.2914,0.534,0.3012,0.3366,0.587,0.2068
SAMPLE_03862,0.7934000000000001,0.8221999999999999,0.9314,0.5658000000000001,0.3524,0.488,0.7922,0.2838
SAMPLE_03863,0.716,0.1724,0.11620000000000001,0.5314,0.1968,0.6648,0.2052,0.41859999999999997
SAMPLE_03864,0.28259999999999996,0.9202,0.9282,1.0,0.024399999999999998,0.023799999999999998,0.37860000000000005,0.4314
SAMPLE_03865,0.46640000000000004,0.16519999999999999,0.05499999999999999,0.4266,0.3856,0.5354000000000001,0.1568,0.404
SAMPLE_03866,0.12779999999999997,0.711,0.7327999999999999,1.0,0.08480000000000001,0.1492,0.0644,0.693
SAMPLE_03867,0.3742,0.6028,0.5556,0.0252,0.7226,0.29239999999999994,0.7816,0.9214
SAMPLE_03868,0.05499999999999999,0.7696,0.7054,1.0,0.0258,0.0154,0.3982,0.21400000000000002
SAMPLE_03869,0.6262,0.6337999999999999,0.5264,0.40540000000000004,0.3262,0.8358000000000001,0.825,0.3268
SAMPLE_03870,0.1766,0.9110000000000001,0.8854,1.0,0.31880000000000003,0.073,0.2986,0.3604
SAMPLE_03871,0.6815,0.0658,0.079,0.10540000000000001,0.2698,0.3254,0.21400000000000002,0.23579999999999995
SAMPLE_03872,0.7495,0.8298,0.6614,0.4466,0.792,0.8994,0.792,0.6476
SAMPLE_03873,0.13040000000000002,0.7595999999999999,0.7354,0.4474,0.7678,0.34900000000000003,0.6257999999999999,0.5902
SAMPLE_03874,0.9179999999999999,0.2718,0.378,0.209,0.1568,0.45599999999999996,0.735,0.2894
SAMPLE_03875,0.5564,0.7944,0.7575999999999999,0.6042,0.8858,0.8119999999999999,0.9667999999999999,0.908
SAMPLE_03876,0.7387,0.0104,0.0268,0.525,0.26139999999999997,0.5954,0.15100000000000002,0.42300000000000004
SAMPLE_03877,0.8673,0.1,0.1508,0.269,0.22139999999999999,0.5871999999999999,0.21600000000000003,0.25060000000000004
SAMPLE_03878,0.3552,0.46719999999999995,0.7707999999999999,0.28480000000000005,0.8084,0.5064,0.2958,0.9586
SAMPLE_03879,0.024,0.3488,0.2572,1.0,0.1826,0.1634,0.0648,0.705
SAMPLE_03880,0.3024,0.962,0.959,0.16499999999999998,0.8974,0.6562,0.818,0.5736
SAMPLE_03881,0.3064,0.666,0.7093999999999999,0.3464,0.4486,0.757,0.621,0.6724
SAMPLE_03882,0.417,0.9172,0.8605999999999998,0.07520000000000002,0.6348,0.20539999999999997,0.933,0.7474000000000001
SAMPLE_03883,0.8572,0.059199999999999996,0.14500000000000002,0.31379999999999997,0.6892,0.47119999999999995,0.3626,0.39399999999999996
SAMPLE_03884,1.0,0.9251999999999999,0.9077999999999999,0.805,1.0,1.0,1.0,1.0
SAMPLE_03885,0.2434,0.4922000000000001,0.4788,0.28040000000000004,0.4624,0.358,0.1564,0.7576
SAMPLE_03886,0.47759999999999997,0.2474,0.3782,0.6694,0.2476,0.5332000000000001,0.3926,0.2526
SAMPLE_03887,0.2002,0.37760000000000005,0.1012,0.22820000000000001,0.7096,0.3366,0.3658,0.7462000000000001
SAMPLE_03888,0.5806000000000001,0.35660000000000003,0.14819999999999997,0.4194,0.5970000000000001,0.7054,0.1984,0.515
SAMPLE_03889,1.0,0.9648,0.9146000000000001,0.8056000000000001,1.0,1.0,1.0,1.0
SAMPLE_03890,0.6888,0.9593999999999999,0.9411999999999999,0.5975999999999999,0.6158,0.8808,0.9298,0.5064
SAMPLE_03891,0.25579999999999997,0.5883999999999999,0.43499999999999994,0.2048,0.8704000000000001,0.3074,0.881,0.7598
SAMPLE_03892,0.5873,0.4901999999999999,0.518,0.6254000000000001,0.3706,0.6674,0.5450000000000002,0.367
SAMPLE_03893,0.09259999999999999,0.6512,0.6424,1.0,0.2202,0.2166,0.1252,0.5736
SAMPLE_03894,0.015600000000000003,0.41740000000000005,0.36219999999999997,1.0,0.0064,0.10439999999999998,0.31439999999999996,0.0192
SAMPLE_03895,0.1242,0.5006,0.581,0.1668,0.2758,0.3034,0.3632,0.7608
SAMPLE_03896,0.2502,0.6742,0.3496,0.43660000000000004,0.3168,0.8198000000000001,0.515,0.5878
SAMPLE_03897,0.5450999999999999,0.48,0.6113999999999999,0.5936,0.8664,0.8932,0.507,0.5816
SAMPLE_03898,0.429,0.8888,0.9912000000000001,0.5284,0.9693999999999999,0.9216000000000001,0.9498,0.7834000000000001
SAMPLE_03899,0.8183999999999999,0.2334,0.09980000000000001,0.38639999999999997,0.3618,0.8508000000000001,0.3064,0.097
SAMPLE_03900,0.229,0.9558,0.946,1.0,0.7536,0.07899999999999999,0.2426,0.9548
SAMPLE_03901,0.818,0.15700000000000003,0.11739999999999999,0.43879999999999997,0.522,0.3156,0.3318,0.195
SAMPLE_03902,0.25139999999999996,0.9528000000000001,0.9826,0.1222,0.8726,0.7867999999999999,0.9501999999999999,0.9308
SAMPLE_03903,0.0484,0.8458,0.8543999999999998,1.0,0.0714,0.1242,0.6971999999999999,0.4013999999999999
SAMPLE_03904,0.2812,0.615,0.4946,0.034,0.7672000000000001,0.1724,0.5306,0.6178
SAMPLE_03905,0.69,0.6616000000000001,0.5764,0.712,0.5650000000000001,0.9194000000000001,0.2754,0.4378
SAMPLE_03906,0.5988,0.3738,0.3212,1.0,0.6325999999999999,0.9016,0.7454,0.5932
SAMPLE_03907,0.7180000000000001,0.6834,0.7139999999999999,0.6097999999999999,0.5948,0.7276,0.6358,0.21340000000000003
SAMPLE_03908,0.16499999999999998,0.5189999999999999,0.23419999999999996,1.0,0.004200000000000001,0.10139999999999998,0.28200000000000003,0.08199999999999999
SAMPLE_03909,0.21880000000000002,0.44980000000000003,0.3176,0.032600000000000004,0.4974,0.2242,0.38439999999999996,0.833
SAMPLE_03910,0.6482,0.21000000000000002,0.28680000000000005,0.2424,0.1568,0.357,0.304,0.21939999999999998
SAMPLE_03911,0.7156,0.8112,0.5029999999999999,0.3672,0.9164000000000001,0.9634,0.704,0.8444
SAMPLE_03912,0.4702,0.8972000000000001,0.7906000000000001,0.7616000000000002,0.5578,0.6768000000000001,0.9081999999999999,0.6786000000000001
SAMPLE_03913,0.8086,0.0612,0.1018,0.5072000000000001,0.6868,0.3518,0.13779999999999998,0.30720000000000003
SAMPLE_03914,0.1756,0.7076,0.7398,1.0,0.13079999999999997,0.4908,0.6033999999999999,0.4474
SAMPLE_03915,1.0,0.9513999999999999,0.9596,0.79,1.0,1.0,1.0,1.0
SAMPLE_03916,1.0,0.9399999999999998,0.9269999999999999,0.7786000000000001,1.0,1.0,1.0,1.0
SAMPLE_03917,0.6462,0.7774,0.7378,0.6015999999999999,0.7804,0.7613999999999999,0.7966,0.7362
SAMPLE_03918,0.29080000000000006,0.14939999999999998,0.07880000000000001,0.0738,0.2838,0.2768,0.6154,0.7572000000000001
SAMPLE_03919,0.5700000000000001,0.7969999999999999,0.7802,0.5136000000000001,0.8892,0.8103999999999999,0.946,0.6406000000000001
SAMPLE_03920,0.3304,0.6477999999999999,0.4178,0.27280000000000004,0.788,0.39719999999999994,0.49260000000000004,0.6819999999999999
SAMPLE_03921,0.0794,0.49860000000000004,0.4742,1.0,0.614,0.0536,0.0118,0.82
SAMPLE_03922,0.9142999999999999,0.42160000000000003,0.49240000000000006,0.0816,0.6834,0.354,0.6601999999999999,0.5157999999999999
SAMPLE_03923,0.5968,0.8312000000000002,0.8648,0.7132,0.8241999999999999,0.8751999999999999,0.8657999999999999,0.5426
SAMPLE_03924,0.277,0.7790000000000001,0.817,1.0,0.4116000000000001,0.11560000000000001,0.26159999999999994,0.44539999999999996
SAMPLE_03925,0.47940000000000005,0.4398000000000001,0.296,0.7364,0.4426,0.8211999999999999,0.5508,0.8140000000000001
SAMPLE_03926,0.43360000000000004,0.9321999999999999,0.9471999999999999,1.0,0.4024,0.0264,0.9194000000000001,0.5186
SAMPLE_03927,0.7996000000000001,0.4384,0.4772,0.28259999999999996,0.16299999999999998,0.5035999999999999,0.5904,0.055999999999999994
SAMPLE_03928,0.6928,0.0178,0.0612,0.5668,0.5436000000000001,0.5944,0.156,0.3788
SAMPLE_03929,0.7168,0.1582,0.25220000000000004,0.30879999999999996,0.4784,0.689,0.5248,0.43499999999999994
SAMPLE_03930,0.7419,0.017400000000000002,0.07339999999999999,0.3708,0.1856,0.31120000000000003,0.12379999999999998,0.17039999999999997
SAMPLE_03931,0.38220000000000004,0.24779999999999996,0.322,0.1852,0.6762,0.3862,0.289,0.9698
SAMPLE_03932,0.0082,0.3016,0.19260000000000002,1.0,0.031,0.09419999999999999,0.0458,0.09440000000000001
SAMPLE_03933,0.28959999999999997,0.7726,0.9554,0.0696,0.33080000000000004,0.4431999999999999,0.7268000000000001,0.9258000000000001
SAMPLE_03934,0.2496,0.6539999999999999,0.6636,0.1516,0.5700000000000001,0.272,0.4102,0.6292
SAMPLE_03935,0.5035999999999999,0.5086,0.2842,0.6528,0.7769999999999999,0.7581999999999999,0.6496,0.8074
SAMPLE_03936,0.3554,0.8667999999999999,0.7941999999999999,0.22960000000000003,0.7202,0.33240000000000003,0.873,0.6982000000000002
SAMPLE_03937,0.8022,0.3218,0.4614000000000001,0.6312,0.47059999999999996,0.5964,0.7968,0.1942
SAMPLE_03938,0.5599999999999999,0.4896,0.45920000000000005,0.4166,0.8056000000000001,0.893,0.9128000000000001,0.8812
SAMPLE_03939,0.4162,0.9141999999999999,0.9156000000000001,0.1956,0.7548,0.24659999999999999,0.9644,0.9374
SAMPLE_03940,0.33599999999999997,0.7824000000000001,0.9,0.14340000000000003,0.2822,0.2952,0.374,0.8666
SAMPLE_03941,0.6772,0.14679999999999999,0.1778,0.1404,0.9204000000000001,0.6582000000000001,0.2312,0.3062
SAMPLE_03942,0.8733000000000001,0.1708,0.1478,0.3,0.4112,0.5566000000000001,0.4922000000000001,0.2004
SAMPLE_03943,0.6447999999999999,0.1042,0.1486,0.2852,0.3917999999999999,0.33199999999999996,0.181,0.06920000000000001
SAMPLE_03944,0.4812,0.055400000000000005,0.064,0.5864,0.457,0.46820000000000006,0.1352,0.09720000000000001
SAMPLE_03945,0.8814,0.6908000000000001,0.5272,0.5228,0.7962,0.7336,0.6342,0.7904000000000001
SAMPLE_03946,0.30660000000000004,0.6544,0.7866,0.018999999999999996,0.8046,0.31079999999999997,0.5184,0.9126000000000001
SAMPLE_03947,0.542,0.2468,0.23199999999999998,0.6746,0.5166,0.8484,0.1898,0.253
SAMPLE_03948,0.094,0.4868,0.35960000000000003,1.0,0.0898,0.0498,0.158,0.3366
SAMPLE_03949,0.36979999999999996,0.7162,0.9415999999999999,0.026000000000000002,0.7796000000000001,0.34740000000000004,0.531,0.8917999999999999
SAMPLE_03950,0.6624,0.1918,0.5349999999999999,0.30179999999999996,0.6624,0.7896,0.2622,0.9244
SAMPLE_03951,0.2022,0.8402000000000001,0.7404,0.074,0.332,0.25179999999999997,0.5768,0.5538000000000001
SAMPLE_03952,1.0,0.9061999999999999,0.8538,0.7946,1.0,1.0,1.0,1.0
SAMPLE_03953,0.45200000000000007,0.5112,0.5166000000000001,0.2052,0.9560000000000001,0.5105999999999999,0.35259999999999997,0.9596
SAMPLE_03954,0.7219999999999999,0.8151999999999999,0.76,0.5229999999999999,0.8030000000000002,0.772,0.6944,0.7698
SAMPLE_03955,0.2562,0.9406000000000001,0.7638,0.2914,0.41580000000000006,0.22920000000000001,0.4096,0.5416
SAMPLE_03956,0.1258,0.8328,0.7694000000000001,1.0,0.17519999999999997,0.047,0.2338,0.1606
SAMPLE_03957,0.5878,0.12180000000000002,0.08220000000000001,0.3974,0.18660000000000002,0.5524000000000001,0.1606,0.126
SAMPLE_03958,0.015,0.7928,0.6994,1.0,0.019999999999999997,0.1538,0.2104,0.0206
SAMPLE_03959,0.13440000000000002,0.4706,0.5412000000000001,0.3752,0.0492,0.67,0.457,0.7834000000000001
SAMPLE_03960,0.8191,0.040400000000000005,0.15219999999999997,0.3578,0.8155999999999999,0.631,0.0834,0.11400000000000002
SAMPLE_03961,0.531,0.6104,0.5328,0.6362,0.47240000000000004,0.9301999999999999,0.651,0.24180000000000001
SAMPLE_03962,0.23579999999999995,0.7058,0.6611999999999999,0.04,0.5157999999999999,0.17679999999999998,0.7574,0.9635999999999999
SAMPLE_03963,0.22240000000000001,0.8862,0.7794000000000001,0.7356,0.6756,0.6944000000000001,0.5784,0.6396
SAMPLE_03964,0.038599999999999995,0.8904000000000002,0.792,1.0,0.026600000000000002,0.09240000000000001,0.492,0.28559999999999997
SAMPLE_03965,0.595,0.20400000000000001,0.1248,0.6654,0.2262,0.718,0.1412,0.0048000000000000004
SAMPLE_03966,0.026399999999999996,0.5578000000000001,0.6702,1.0,0.0746,0.5628,0.10600000000000001,0.5118
SAMPLE_03967,0.2166,0.7363999999999999,0.6928,0.45719999999999994,0.8862,0.2434,0.43479999999999996,0.805
SAMPLE_03968,0.4328,0.7284,0.7752,0.1738,0.9560000000000001,0.8036,0.6892,0.8266
SAMPLE_03969,0.163,0.28840000000000005,0.298,1.0,0.40800000000000003,0.1136,0.0334,0.2264
SAMPLE_03970,0.1762,0.9273999999999999,0.9802,0.23620000000000002,0.7188,0.8692,0.908,0.8455999999999999
SAMPLE_03971,0.7842,0.0018000000000000002,0.0048000000000000004,0.1568,0.0164,0.40259999999999996,0.1214,0.07859999999999999
SAMPLE_03972,0.7918,0.5052000000000001,0.46159999999999995,0.5568,0.5432,0.7496,0.717,0.4168
SAMPLE_03973,0.1042,0.7809999999999999,0.7756000000000001,1.0,0.06180000000000001,0.18939999999999996,0.08880000000000002,0.2024
SAMPLE_03974,0.7445999999999999,0.36019999999999996,0.333,0.38539999999999996,0.5202,0.7402,0.23920000000000002,0.4034
SAMPLE_03975,0.2398,0.7314,0.6557999999999999,1.0,0.1204,0.0906,0.5362,0.6818
SAMPLE_03976,0.024,0.4088,0.4176,1.0,0.23399999999999999,0.13440000000000002,0.0056,0.8314
SAMPLE_03977,0.5306000000000001,0.185,0.2794,0.29219999999999996,0.8053999999999999,0.8,0.841,0.8558
SAMPLE_03978,0.7457999999999999,0.341,0.5416000000000001,0.2262,0.7603000000000001,0.5858,0.7856,0.797
SAMPLE_03979,0.39940000000000003,0.6245999999999999,0.396,0.07980000000000001,0.8608,0.3616,0.581,0.6254
SAMPLE_03980,0.7629,0.048400000000000006,0.186,0.5578000000000001,0.6374000000000001,0.6436,0.21939999999999998,0.2872
SAMPLE_03981,1.0,0.5882,0.2294,0.7898,1.0,1.0,1.0,1.0
SAMPLE_03982,0.1306,0.8096,0.6992,0.03699999999999999,0.3696,0.17980000000000002,0.3174,0.5532
SAMPLE_03983,0.806,0.5002,0.5601999999999999,0.49280000000000007,0.5720000000000001,0.9448000000000001,0.7236,0.32280000000000003
SAMPLE_03984,0.6462,0.3862,0.6128,0.31500000000000006,0.2946000000000001,0.45299999999999996,0.7939999999999999,0.44279999999999997
SAMPLE_03985,0.8552,0.1344,0.172,0.3004,0.774,0.5074,0.3796,0.3866
SAMPLE_03986,0.5722,0.0704,0.137,0.11579999999999999,0.2272,0.46319999999999995,0.38120000000000004,0.2068
SAMPLE_03987,0.0334,0.7862,0.7594,1.0,0.1066,0.077,0.3286,0.6152000000000001
SAMPLE_03988,0.8951,0.2136,0.32259999999999994,0.6275999999999999,0.7104,0.629,0.5776000000000001,0.203
SAMPLE_03989,0.4484,0.9672000000000001,0.9238,1.0,0.21880000000000002,0.1418,0.8972000000000001,0.33140000000000003
SAMPLE_03990,0.8467,0.3408000000000001,0.3298,0.3456,0.2688,0.46299999999999997,0.625,0.1344
SAMPLE_03991,0.4022,0.9221999999999999,0.8888,0.6342,0.7522,0.9190000000000002,0.9349999999999999,0.8371999999999999
SAMPLE_03992,0.0998,0.4518000000000001,0.1718,1.0,0.253,0.0434,0.007400000000000001,0.8262
SAMPLE_03993,0.3042,0.5126000000000001,0.45619999999999994,0.5713999999999999,0.5763999999999999,0.4676,0.6532,0.7482
SAMPLE_03994,0.8364,0.46440000000000003,0.534,0.7538,0.3534,0.9118,0.7333999999999999,0.2662
SAMPLE_03995,0.07060000000000001,0.6305999999999999,0.5087999999999999,1.0,0.09540000000000001,0.11779999999999999,0.0684,0.38160000000000005
SAMPLE_03996,0.0114,0.8854000000000001,0.8974,1.0,0.11960000000000001,0.05920000000000001,0.0156,0.031
SAMPLE_03997,0.13940000000000002,0.6526000000000001,0.5986,1.0,0.0738,0.09319999999999999,0.47319999999999995,0.3106
SAMPLE_03998,0.07239999999999999,0.1276,0.044,1.0,0.5673999999999999,0.053000000000000005,0.0024000000000000002,0.7802
SAMPLE_03999,0.11039999999999998,0.653,0.5025999999999999,1.0,0.1678,0.0196,0.1974,0.09480000000000001
SAMPLE_04000,0.3008,0.635,0.7186,0.10400000000000001,0.7696,0.40659999999999996,0.28500000000000003,0.6472
SAMPLE_04001,0.44420000000000004,0.6166,0.931,0.048,0.9178,0.2032,0.7674,0.7844
SAMPLE_04002,0.6725,0.202,0.2016,0.1006,0.15219999999999997,0.369,0.33920000000000006,0.0922
SAMPLE_04003,0.657,0.0358,0.1026,0.7258,0.46720000000000006,0.4032,0.12179999999999999,0.1296
SAMPLE_04004,0.16920000000000002,0.9084,0.7996000000000001,1.0,0.211,0.17200000000000001,0.056799999999999996,0.2354
SAMPLE_04005,0.22400000000000003,0.6805999999999999,0.8436,0.1046,0.22560000000000002,0.25920000000000004,0.31579999999999997,0.5364
SAMPLE_04006,0.7384999999999999,0.5554,0.6524000000000001,0.44020000000000004,0.8635999999999999,0.579,0.8774000000000001,0.8110000000000002
SAMPLE_04007,0.9119999999999999,0.1346,0.199,0.4412,0.12719999999999998,0.7824,0.37960000000000005,0.11240000000000001
SAMPLE_04008,0.10900000000000001,0.9872,0.9747999999999999,1.0,0.46440000000000003,0.03,0.5618000000000001,0.5871999999999999
SAMPLE_04009,0.7124,0.7076,0.6436,0.5234,0.5025999999999999,0.7382000000000001,0.8687999999999999,0.39620000000000005
SAMPLE_04010,0.9098,0.1598,0.2022,0.2864,0.29440000000000005,0.3384,0.15400000000000003,0.13799999999999998
SAMPLE_04011,0.367,0.7734000000000001,0.7011999999999999,0.18439999999999998,0.8343999999999999,0.27880000000000005,0.7782,0.7048
SAMPLE_04012,0.8511999999999998,0.059399999999999994,0.2954,0.4875999999999999,0.8182,0.6002000000000001,0.47479999999999994,0.5189999999999999
SAMPLE_04013,0.49800000000000005,0.367,0.19260000000000002,0.7140000000000001,0.45099999999999996,0.6829999999999999,0.6776,0.738
SAMPLE_04014,0.43360000000000004,0.8443999999999999,0.8522000000000001,0.22759999999999997,0.8328000000000001,0.5896000000000001,0.554,0.9549999999999998
SAMPLE_04015,0.8966000000000001,0.37440000000000007,0.5536,0.5004,0.4492,0.7390000000000001,0.6794,0.37979999999999997
SAMPLE_04016,0.43260000000000004,0.4676000000000001,0.5618,0.049400000000000006,0.8615999999999999,0.28219999999999995,0.7788,0.8677999999999999
SAMPLE_04017,0.524,0.4142,0.6992,0.3342,0.7424,0.7912,0.5912,0.7107999999999999
SAMPLE_04018,0.8141999999999999,0.1808,0.11259999999999999,0.7003999999999999,0.9649999999999999,0.7504,0.4704,0.761
SAMPLE_04019,1.0,0.945,0.8722000000000001,0.7806000000000001,1.0,1.0,1.0,1.0
SAMPLE_04020,0.5242,0.7444000000000001,0.7844,0.3734,0.7132,0.5192,0.6868,0.6182
SAMPLE_04021,0.16100000000000003,0.8538,0.8591999999999999,1.0,0.25039999999999996,0.051000000000000004,0.23240000000000002,0.6712
SAMPLE_04022,0.10700000000000001,0.5972,0.6154,1.0,0.11779999999999999,0.1868,0.5504,0.24979999999999997
SAMPLE_04023,0.6572000000000001,0.176,0.16040000000000001,0.3196,0.4800000000000001,0.7298000000000001,0.35940000000000005,0.8832000000000001
SAMPLE_04024,0.7981999999999999,0.4856,0.284,0.6044,0.6092,0.6925999999999999,0.39259999999999995,0.6386
SAMPLE_04025,0.2454,0.933,0.8804000000000001,0.1146,0.4568,0.3236,0.1756,0.33940000000000003
SAMPLE_04026,0.5883999999999999,0.7789999999999999,0.8630000000000001,0.48840000000000006,0.9308,0.7038,0.8844,0.5229999999999999
SAMPLE_04027,0.5292000000000001,0.1848,0.1982,0.5751999999999999,0.29860000000000003,0.4814,0.3782,0.1012
SAMPLE_04028,0.9423999999999999,0.2076,0.166,0.4328,0.41319999999999996,0.3978,0.509,0.3174
SAMPLE_04029,0.6614000000000001,0.0668,0.040400000000000005,0.639,0.2338,0.5,0.1036,0.0344
SAMPLE_04030,0.8661999999999999,0.8850000000000001,0.8635999999999999,0.6922,0.8059999999999998,0.9116,0.9141999999999999,0.5842
SAMPLE_04031,0.41259999999999997,0.9907999999999999,0.9885999999999999,0.17640000000000003,0.9136000000000001,0.6664,0.8283999999999999,0.9218
SAMPLE_04032,0.6617,0.0688,0.18460000000000001,0.293,0.914,0.6222,0.10300000000000001,0.23899999999999996
SAMPLE_04033,0.41340000000000005,0.984,0.9987999999999999,0.2138,0.9030000000000001,0.8677999999999999,0.9321999999999999,0.8939999999999999
SAMPLE_04034,0.05439999999999999,0.7986,0.7522,0.3788,0.3372,0.5892,0.753,0.7224
SAMPLE_04035,0.6684,0.3556,0.2792,0.6772000000000001,0.21719999999999998,0.8626000000000001,0.31999999999999995,0.1276
SAMPLE_04036,0.9538,0.0806,0.09759999999999999,0.3348,0.24619999999999997,0.6848,0.21200000000000002,0.0786
SAMPLE_04037,0.4606,0.9742000000000001,0.9526,0.1402,0.9338,0.475,0.8716000000000002,0.9422
SAMPLE_04038,1.0,0.9885999999999999,0.9503999999999999,0.7908000000000001,1.0,1.0,1.0,1.0
SAMPLE_04039,0.29639999999999994,0.8012,0.741,1.0,0.14579999999999999,0.029000000000000005,0.294,0.5814
SAMPLE_04040,1.0,0.8986000000000001,0.834,0.7956000000000001,1.0,1.0,1.0,1.0
SAMPLE_04041,0.319,0.7198,0.7988000000000001,0.1428,0.2426,0.2716,0.5067999999999999,0.9208000000000001
SAMPLE_04042,0.5793999999999999,0.3166,0.40199999999999997,0.5424,0.3196,0.7682,0.3434,0.32299999999999995
SAMPLE_04043,0.3672,0.7790000000000001,0.7888,0.0908,0.5172,0.1578,0.7607999999999999,0.6546000000000001
SAMPLE_04044,0.881,0.36540000000000006,0.41859999999999997,0.511,0.48839999999999995,0.48979999999999996,0.557,0.48
SAMPLE_04045,0.6335999999999999,0.6990000000000001,0.8282,0.5704,0.9461999999999999,0.6392,0.9328,0.9517999999999999
SAMPLE_04046,0.7803000000000001,0.09459999999999999,0.24220000000000003,0.5337999999999999,0.17559999999999998,0.5917999999999999,0.5094000000000001,0.1162
SAMPLE_04047,0.51,0.0076,0.027000000000000003,0.4944,0.1528,0.4346,0.1248,0.0784
SAMPLE_04048,0.8825999999999998,0.16720000000000002,0.24100000000000002,0.49640000000000006,0.34419999999999995,0.5846000000000001,0.1504,0.0376
SAMPLE_04049,0.7162000000000001,0.1954,0.0702,0.7398,0.6683999999999999,0.8606,0.592,0.6148
SAMPLE_04050,0.8408,0.13119999999999998,0.28119999999999995,0.3528,0.26759999999999995,0.39560000000000006,0.3706,0.21900000000000003
SAMPLE_04051,0.4042,0.7292,0.8768,0.07320000000000002,0.7208,0.579,0.7926,0.6594
SAMPLE_04052,0.2252,0.523,0.4628,1.0,0.23020000000000002,0.11720000000000001,0.0472,0.6902
SAMPLE_04053,0.45920000000000005,0.5022,0.9548,0.06539999999999999,0.8780000000000001,0.16660000000000003,0.46959999999999996,0.8301999999999999
SAMPLE_04054,0.355,0.36760000000000004,0.30419999999999997,0.1516,0.45920000000000005,0.24000000000000005,0.3066,0.8564
SAMPLE_04055,0.27340000000000003,0.6736,0.5992000000000001,1.0,0.42460000000000003,0.15360000000000001,0.0668,0.31120000000000003
SAMPLE_04056,0.4586,0.502,0.3242,0.2304,0.9154,0.5466,0.248,0.7616
SAMPLE_04057,0.2758,0.9188000000000001,0.9166000000000001,0.11779999999999999,0.8695999999999999,0.5196000000000001,0.8924,0.8644000000000001
SAMPLE_04058,0.8868,0.0982,0.17440000000000003,0.3814,0.673,0.5810000000000001,0.3418,0.49399999999999994
SAMPLE_04059,0.1018,0.9583999999999999,0.9336,1.0,0.20179999999999998,0.052000000000000005,0.5811999999999999,0.5618000000000001
SAMPLE_04060,0.21059999999999998,0.7243999999999999,0.7365999999999999,0.35119999999999996,0.6644,0.3916,0.6283999999999998,0.589
SAMPLE_04061,0.08,0.7444,0.9964000000000001,0.1876,0.6996,0.8301999999999999,0.7252,0.9116000000000002
SAMPLE_04062,0.4952,0.29900000000000004,0.305,0.3634,0.7326,0.7297999999999999,0.8585999999999998,0.906
SAMPLE_04063,0.5857999999999999,0.1348,0.39239999999999997,0.35839999999999994,0.7245999999999999,0.612,0.2802,0.8416
SAMPLE_04064,0.6812,0.13199999999999998,0.08159999999999999,0.22220000000000004,0.35619999999999996,0.4316,0.3342,0.21080000000000002
SAMPLE_04065,0.09580000000000001,0.18919999999999998,0.1352,1.0,0.1738,0.028600000000000004,0.0072,0.5412
SAMPLE_04066,0.9045,0.1708,0.3378,0.598,0.32080000000000003,0.597,0.5992000000000001,0.193
SAMPLE_04067,1.0,0.8802,0.7818,0.7816000000000001,1.0,1.0,1.0,1.0
SAMPLE_04068,0.6346,0.3774,0.2378,0.5504,0.5302,0.6858000000000001,0.332,0.23779999999999996
SAMPLE_04069,0.2674,0.8417999999999999,0.8368,1.0,0.18680000000000002,0.0546,0.2542,0.1056
SAMPLE_04070,0.7333000000000001,0.0764,0.1908,0.4544,0.25339999999999996,0.42280000000000006,0.4122,0.1608
SAMPLE_04071,0.7076,0.6508,0.5234,0.6092000000000001,0.7196,0.8992000000000001,0.5851999999999999,0.4875999999999999
SAMPLE_04072,0.544,0.4878,0.5456000000000001,0.711,0.44559999999999994,0.899,0.725,0.22560000000000002
SAMPLE_04073,0.7154,0.0446,0.05600000000000001,0.146,0.9452,0.4,0.1932,0.4324
SAMPLE_04074,0.2238,0.6782,0.6056,0.31880000000000003,0.5724,0.4998,0.7836000000000001,0.6436000000000001
SAMPLE_04075,0.7036,0.16260000000000002,0.2928,0.581,0.31579999999999997,0.7950000000000002,0.7518,0.2164
SAMPLE_04076,0.14140000000000003,0.3398,0.30579999999999996,0.2982,0.8028000000000001,0.7072,0.39380000000000004,0.8091999999999999
SAMPLE_04077,0.5748,0.6489999999999999,0.5252000000000001,0.6941999999999999,0.826,0.9494,0.8106,0.7322
SAMPLE_04078,0.3272,0.7466,0.6882,1.0,0.2768,0.1302,0.032,0.3076
SAMPLE_04079,0.09240000000000001,0.6402,0.5844,1.0,0.3256,0.44719999999999993,0.1462,0.734
SAMPLE_04080,0.33819999999999995,0.8039999999999999,0.7405999999999999,0.1794,0.6542,0.277,0.315,0.577
SAMPLE_04081,1.0,0.9777999999999999,0.938,0.7788,1.0,1.0,1.0,1.0
SAMPLE_04082,0.8170000000000002,0.5474,0.5146,0.40800000000000003,0.9414,0.4364,0.8795999999999999,0.8188000000000001
SAMPLE_04083,0.8518000000000001,0.009600000000000001,0.024,0.3204,0.8076000000000001,0.5258,0.1424,0.40940000000000004
SAMPLE_04084,0.45380000000000004,0.8304,0.9812,0.0934,0.9545999999999999,0.2584,0.876,0.833
SAMPLE_04085,1.0,0.9027999999999998,0.6878,0.7818,1.0,1.0,1.0,1.0
SAMPLE_04086,0.7425999999999999,0.04,0.158,0.4772,0.44800000000000006,0.3766,0.20580000000000004,0.29460000000000003
SAMPLE_04087,0.5636,0.8008,0.674,0.7020000000000001,0.8230000000000001,0.7878000000000001,0.8692,0.7128
SAMPLE_04088,0.2994,0.9545999999999999,0.9902,0.1474,0.8808000000000001,0.8139999999999998,0.7420000000000001,0.8056000000000001
SAMPLE_04089,0.41859999999999997,0.5088,0.8620000000000001,0.11019999999999999,0.7372000000000001,0.7234,0.783,0.8406
SAMPLE_04090,0.47539999999999993,0.46020000000000005,0.6039999999999999,0.49160000000000004,0.7486,0.875,0.4888,0.8921999999999999
SAMPLE_04091,0.11839999999999999,0.5136000000000001,0.622,1.0,0.2068,0.2516,0.0834,0.5088
SAMPLE_04092,0.6536,0.3348,0.5972,0.713,0.821,0.8434000000000001,0.5024,0.4412
SAMPLE_04093,0.32839999999999997,0.3378,0.20299999999999999,0.17220000000000002,0.8298,0.6692,0.3684,0.7194
SAMPLE_04094,0.372,0.6135999999999999,0.7668,0.1132,0.7492,0.1678,0.6779999999999999,0.6148
SAMPLE_04095,0.1342,0.8888,0.8852,1.0,0.0252,0.1242,0.5558,0.09119999999999999
SAMPLE_04096,0.8054,0.34480000000000005,0.2502,0.3074,0.1404,0.5006,0.4008,0.0914
SAMPLE_04097,0.2828,0.5549999999999999,0.5934,0.1182,0.6912,0.27440000000000003,0.5307999999999999,0.607
SAMPLE_04098,0.3406,0.9729999999999999,0.9443999999999999,0.6380000000000001,0.8332,0.7504000000000001,0.9434000000000001,0.6340000000000001
SAMPLE_04099,0.5218,0.3316,0.657,0.7225999999999999,0.8997999999999999,0.8987999999999999,0.8548,0.6274000000000001
SAMPLE_04100,0.7979999999999999,0.9593999999999999,0.9494,0.7196,0.8388,0.9259999999999999,0.9570000000000001,0.7914
SAMPLE_04101,0.3826,0.9236000000000001,0.9513999999999999,1.0,0.3068,0.4984,0.9447999999999999,0.6708000000000001
SAMPLE_04102,0.6202,0.1582,0.254,0.6494,0.7299999999999999,0.8994,0.33280000000000004,0.471
SAMPLE_04103,0.1768,0.3722,0.28600000000000003,1.0,0.19740000000000002,0.06860000000000001,0.0596,0.5464
SAMPLE_04104,0.37740000000000007,0.8056000000000001,0.8886,0.0026000000000000003,0.6352,0.25579999999999997,0.773,0.7409999999999999
SAMPLE_04105,0.9567,0.0954,0.10800000000000001,0.4204,0.147,0.7224,0.2004,0.12480000000000002
SAMPLE_04106,0.5142,0.177,0.13040000000000002,0.4048,0.5232,0.544,0.1528,0.089
SAMPLE_04107,0.4354,0.32880000000000004,0.28700000000000003,0.020200000000000003,0.6092000000000001,0.16440000000000002,0.5702,0.8821999999999999
SAMPLE_04108,0.1696,0.7642,0.7916000000000001,1.0,0.4102,0.1464,0.192,0.8177999999999999
SAMPLE_04109,0.034600000000000006,0.6588,0.746,1.0,0.1932,0.1484,0.3692,0.292
SAMPLE_04110,0.3818,0.9822,0.9734,1.0,0.0864,0.1428,0.32939999999999997,0.16260000000000002
SAMPLE_04111,0.14600000000000002,0.8904,0.9042,0.3216,0.46159999999999995,0.29460000000000003,0.49400000000000005,0.5641999999999999
SAMPLE_04112,0.6780999999999999,0.1348,0.15159999999999998,0.23040000000000002,0.0442,0.5296,0.3446,0.10600000000000001
SAMPLE_04113,0.7340000000000001,0.1734,0.327,0.5105999999999999,0.8422000000000001,0.7110000000000001,0.7537999999999999,0.6684000000000001
SAMPLE_04114,0.757,0.027399999999999997,0.0262,0.5364000000000001,0.1912,0.437,0.3262,0.22000000000000003
SAMPLE_04115,0.17980000000000002,0.7816000000000001,0.754,0.1904,0.43599999999999994,0.231,0.1674,0.1658
SAMPLE_04116,0.7620000000000001,0.7854,0.7779999999999999,0.2732,0.8453999999999999,0.771,0.8615999999999999,0.9511999999999998
SAMPLE_04117,0.5539,0.23959999999999998,0.12599999999999997,0.3044,0.217,0.3668,0.24180000000000001,0.279
SAMPLE_04118,0.6968000000000001,0.098,0.0226,0.624,0.9635999999999999,0.8588000000000001,0.6416,0.7605999999999999
SAMPLE_04119,0.5913999999999999,0.04959999999999999,0.0818,0.2192,0.6426000000000001,0.4640000000000001,0.11400000000000002,0.35760000000000003
SAMPLE_04120,0.46420000000000006,0.289,0.2784,0.2426,0.9607999999999999,0.6438,0.3726,0.462
SAMPLE_04121,0.5458000000000001,0.5456,0.6218,0.7642,0.6574,0.8745999999999998,0.8577999999999999,0.5268
SAMPLE_04122,0.35760000000000003,0.7928,0.8644000000000001,0.2052,0.2988,0.3814,0.5178,0.6284000000000001
SAMPLE_04123,0.8686,0.26739999999999997,0.4284,0.637,0.9036,0.829,0.6444,0.5348
SAMPLE_04124,0.618,0.0744,0.048,0.22139999999999999,0.259,0.47539999999999993,0.1876,0.1304
SAMPLE_04125,0.3778,0.6064,0.7295999999999999,0.10200000000000001,0.7588,0.5708,0.7172000000000001,0.958
SAMPLE_04126,0.6506000000000001,0.0172,0.0114,0.3868,0.8916000000000001,0.38639999999999997,0.1436,0.3072
SAMPLE_04127,0.8160000000000001,0.513,0.4356,0.5322,0.5162,0.4694,0.5952,0.2222
SAMPLE_04128,0.4372,0.8964000000000001,0.9757999999999999,0.2712,0.933,0.8126,0.9048,0.8234
SAMPLE_04129,0.9078000000000002,0.4332,0.47219999999999995,0.19340000000000002,0.3949999999999999,0.4152,0.44980000000000003,0.1678
SAMPLE_04130,0.6918,0.1446,0.1072,0.483,0.5808,0.8715999999999999,0.525,0.5058
SAMPLE_04131,0.3738,0.5862,0.7148,0.368,0.5506,0.4548,0.37,0.8867999999999998
SAMPLE_04132,0.3812,0.869,0.8596,0.0668,0.7686,0.3902,0.7396,0.7108000000000001
SAMPLE_04133,0.17,0.2596,0.16620000000000001,1.0,0.36819999999999997,0.0546,0.009600000000000001,0.8714000000000001
SAMPLE_04134,0.914,0.026000000000000002,0.029199999999999997,0.41579999999999995,0.6921999999999999,0.6652,0.1394,0.19060000000000002
SAMPLE_04135,0.8888,0.33499999999999996,0.528,0.6588,0.3502,0.752,0.6487999999999999,0.242
SAMPLE_04136,0.148,0.7615999999999999,0.795,1.0,0.1146,0.19019999999999998,0.5793999999999999,0.5450000000000002
SAMPLE_04137,0.2936,0.7385999999999999,0.8394,0.045799999999999993,0.24459999999999998,0.1398,0.5462,0.28600000000000003
SAMPLE_04138,1.0,0.876,0.8448,0.7942000000000001,1.0,1.0,1.0,1.0
SAMPLE_04139,0.8379999999999999,0.0216,0.0804,0.40259999999999996,0.6645999999999999,0.5189999999999999,0.3018,0.37760000000000005
SAMPLE_04140,0.3996,0.5608000000000001,0.6564,0.0896,0.5126000000000001,0.2596,0.7214,0.8404
SAMPLE_04141,0.6536000000000001,0.2778,0.21680000000000002,0.40759999999999996,0.3438,0.5958,0.3936,0.3696
SAMPLE_04142,0.6774000000000001,0.1698,0.1532,0.664,0.6933999999999999,0.476,0.36079999999999995,0.7342000000000001
SAMPLE_04143,0.7219999999999999,0.3534,0.28859999999999997,0.44400000000000006,0.8766,0.8943999999999999,0.6331999999999999,0.5352
SAMPLE_04144,0.9248,0.023200000000000002,0.006,0.2432,0.32399999999999995,0.47680000000000006,0.17040000000000002,0.18239999999999998
SAMPLE_04145,0.9016,0.3154,0.429,0.34579999999999994,0.29880000000000007,0.6712,0.6274000000000001,0.3412
SAMPLE_04146,0.8587999999999999,0.5004000000000001,0.5549999999999999,0.6486000000000001,0.8674000000000002,0.6284,0.8603999999999999,0.5584
SAMPLE_04147,0.0526,0.23759999999999998,0.15819999999999998,1.0,0.058800000000000005,0.128,0.030000000000000006,0.0202
SAMPLE_04148,0.9022,0.202,0.3068,0.7487999999999999,0.4894,0.8695999999999999,0.5748,0.2332
SAMPLE_04149,0.3252,0.3082,0.3468,0.013199999999999998,0.45199999999999996,0.19639999999999996,0.3106,0.7682
SAMPLE_04150,0.0434,0.7230000000000001,0.6688000000000001,1.0,0.0994,0.020999999999999998,0.44939999999999997,0.016599999999999997
SAMPLE_04151,0.9134,0.0238,0.12919999999999998,0.5837999999999999,0.8295999999999999,0.46159999999999995,0.1824,0.2814
SAMPLE_04152,0.18719999999999998,0.6364,0.5594,1.0,0.1056,0.21400000000000002,0.4194,0.45100000000000007
SAMPLE_04153,0.17360000000000003,0.4624,0.6178,1.0,0.0856,0.23959999999999998,0.3454,0.26020000000000004
SAMPLE_04154,0.6706,0.1616,0.1786,0.5029999999999999,0.5694,0.5237999999999999,0.4208,0.23259999999999997
SAMPLE_04155,0.38659999999999994,0.5871999999999999,0.6033999999999999,0.0482,0.7706,0.20659999999999998,0.27480000000000004,0.8482
SAMPLE_04156,0.5316000000000001,0.1026,0.1126,0.38980000000000004,0.36080000000000007,0.542,0.4046,0.462
SAMPLE_04157,0.1272,0.4242,0.2782,1.0,0.10879999999999998,0.0374,0.1712,0.38380000000000003
SAMPLE_04158,0.33860000000000007,0.7866,0.7731999999999999,0.005600000000000001,0.5082,0.1654,0.1554,0.9028
SAMPLE_04159,0.22760000000000002,0.9308,0.8836,1.0,0.18780000000000002,0.1488,0.8039999999999999,0.7265999999999999
SAMPLE_04160,0.8380000000000001,0.0644,0.2556,0.36239999999999994,0.5409999999999999,0.4702,0.22319999999999998,0.333
SAMPLE_04161,0.4364,0.4944,0.6526,0.1312,0.8798,0.22800000000000004,0.7982,0.654
SAMPLE_04162,0.16840000000000002,0.5290000000000001,0.47940000000000005,0.026000000000000002,0.4248,0.197,0.252,0.5890000000000001
SAMPLE_04163,0.4824,0.7924,0.8390000000000001,0.3638,0.9494,0.9056000000000001,0.8516,0.8677999999999999
SAMPLE_04164,0.04,0.48460000000000003,0.39940000000000003,1.0,0.016999999999999998,0.0978,0.0718,0.3162
SAMPLE_04165,0.44720000000000004,0.9087999999999999,0.829,0.2364,0.6592,0.34640000000000004,0.836,0.8128
SAMPLE_04166,0.3934,0.8286,0.8322,0.38239999999999996,0.6188,0.5298,0.5631999999999999,0.4248
SAMPLE_04167,0.3338,0.7272000000000001,0.6222,0.06760000000000001,0.46580000000000005,0.39580000000000004,0.462,0.6718
SAMPLE_04168,0.21020000000000003,0.9538,0.9692000000000001,0.1358,0.505,0.20700000000000002,0.9056,0.6252000000000001
SAMPLE_04169,0.8795999999999999,0.4372,0.30720000000000003,0.549,0.4462,0.6878,0.5464,0.46440000000000003
SAMPLE_04170,0.20939999999999998,0.8158000000000001,0.793,1.0,0.1936,0.11000000000000001,0.38500000000000006,0.1902
SAMPLE_04171,0.6062,0.5448000000000001,0.372,0.24699999999999997,0.40359999999999996,0.639,0.3598,0.5883999999999999
SAMPLE_04172,0.5429999999999999,0.261,0.5694000000000001,0.6354,0.3516,0.8048,0.4382,0.26180000000000003
SAMPLE_04173,0.8183999999999999,0.5317999999999999,0.6910000000000001,0.7692,0.7092,0.9494,0.9078000000000002,0.6006
SAMPLE_04174,0.1318,0.4734,0.3174,1.0,0.076,0.0538,0.0618,0.0862
SAMPLE_04175,0.297,0.7555999999999999,0.5112,0.3258,0.7210000000000001,0.2254,0.363,0.9040000000000001
SAMPLE_04176,0.9090999999999999,0.3606,0.25079999999999997,0.3656,0.244,0.6752,0.732,0.30599999999999994
SAMPLE_04177,0.14500000000000002,0.3722,0.2976,0.0324,0.4772,0.14140000000000003,0.25020000000000003,0.9378
SAMPLE_04178,0.516,0.5429999999999999,0.46699999999999997,0.4506,0.8149999999999998,0.9642,0.8392,0.8832000000000001
SAMPLE_04179,0.521,0.0728,0.14379999999999998,0.48819999999999997,0.953,0.7428,0.3396,0.8008
SAMPLE_04180,1.0,0.7327999999999999,0.4838,0.798,1.0,1.0,1.0,1.0
SAMPLE_04181,0.34140000000000004,0.30840000000000006,0.376,0.053200000000000004,0.7129999999999999,0.2636,0.2792,0.6007999999999999
SAMPLE_04182,0.6442,0.10980000000000001,0.0366,0.46720000000000006,0.3658,0.7366000000000001,0.19619999999999999,0.3698
SAMPLE_04183,0.2266,0.7678,0.7327999999999999,1.0,0.178,0.08959999999999999,0.044199999999999996,0.27459999999999996
SAMPLE_04184,0.7687999999999999,0.0438,0.047999999999999994,0.6572,0.3452,0.691,0.394,0.251
SAMPLE_04185,0.7904,0.1022,0.1668,0.406,0.3008,0.852,0.437,0.33059999999999995
SAMPLE_04186,0.040600000000000004,0.6674000000000001,0.5092000000000001,1.0,0.10819999999999999,0.0648,0.5622,0.2262
SAMPLE_04187,0.1972,0.5764,0.327,0.29700000000000004,0.5754,0.2536,0.6664000000000001,0.8897999999999999
SAMPLE_04188,0.365,0.7372,0.7811999999999999,0.041,0.724,0.21539999999999998,0.5603999999999999,0.8940000000000001
SAMPLE_04189,0.3912000000000001,0.3148,0.20140000000000002,0.027800000000000002,0.8023999999999999,0.36219999999999997,0.8594000000000002,0.7834
SAMPLE_04190,0.6758000000000001,0.5282,0.6092,0.5147999999999999,0.47240000000000004,0.8194000000000001,0.7043999999999999,0.3848
SAMPLE_04191,0.6288,0.2392,0.267,0.5938000000000001,0.3806,0.7260000000000001,0.5138,0.4784
SAMPLE_04192,0.5664,0.2338,0.46159999999999995,0.39099999999999996,0.1974,0.7634,0.633,0.33340000000000003
SAMPLE_04193,0.3296,0.8452,0.8168,0.196,0.6194,0.51,0.33019999999999994,0.521
SAMPLE_04194,0.11040000000000001,0.4600000000000001,0.3254,0.0986,0.14540000000000003,0.21680000000000002,0.1632,0.22799999999999998
SAMPLE_04195,0.7684,0.3894,0.5234,0.635,0.5644,0.49260000000000004,0.6418,0.5598
SAMPLE_04196,0.4626,0.5212,0.5082,0.5372,0.4805999999999999,0.4464,0.7576,0.6414
SAMPLE_04197,0.883,0.1426,0.175,0.393,0.3982,0.8658000000000001,0.271,0.1758
SAMPLE_04198,0.6163000000000001,0.354,0.3676,0.4224,0.7634,0.7722,0.4826,0.503
SAMPLE_04199,0.601,0.3524,0.17099999999999999,0.6684,0.42140000000000005,0.5448000000000001,0.6342000000000001,0.337
SAMPLE_04200,0.041600000000000005,0.8046,0.7158,1.0,0.011000000000000001,0.11120000000000001,0.58,0.1096
SAMPLE_04201,0.6764,0.010400000000000001,0.004999999999999999,0.1958,0.11140000000000001,0.3516,0.0852,0.028800000000000003
SAMPLE_04202,0.4885999999999999,0.6808,0.7338000000000001,0.7118,0.6247999999999999,0.821,0.6759999999999999,0.295
SAMPLE_04203,0.5993999999999999,0.5132000000000001,0.523,0.3722,0.5368,0.6012000000000001,0.5528000000000001,0.41159999999999997
SAMPLE_04204,0.9096,0.351,0.36419999999999997,0.3286,0.49460000000000004,0.674,0.48360000000000003,0.39559999999999995
SAMPLE_04205,0.6678,0.6107999999999999,0.8114000000000001,0.3798,0.4514,0.6678000000000001,0.8535999999999999,0.514
SAMPLE_04206,0.47119999999999995,0.5000000000000001,0.6,0.624,0.8361999999999998,0.6102,0.6134000000000001,0.8058
SAMPLE_04207,0.27540000000000003,0.7816,0.693,1.0,0.4382,0.0426,0.615,0.2448
SAMPLE_04208,0.2616,0.6278,0.669,0.12179999999999999,0.4622,0.217,0.3698,0.4058
SAMPLE_04209,0.7847999999999999,0.2674,0.1798,0.5756,0.768,0.7308,0.2164,0.48760000000000003
SAMPLE_04210,0.1688,0.1472,0.15899999999999997,0.23220000000000002,0.5437999999999998,0.39559999999999995,0.3098,0.8532
SAMPLE_04211,0.7738,0.1092,0.18639999999999998,0.20579999999999998,0.1494,0.3146,0.17619999999999997,0.022200000000000004
SAMPLE_04212,0.4974,0.2838,0.24,0.684,0.953,0.7802,0.7325999999999999,0.8454
SAMPLE_04213,0.9349000000000001,0.47800000000000004,0.39320000000000005,0.5686,0.3454,0.7804,0.31999999999999995,0.22820000000000001
SAMPLE_04214,0.2364,0.8306000000000001,0.7576,1.0,0.27799999999999997,0.254,0.16240000000000002,0.3238
SAMPLE_04215,0.4974,0.512,0.6812,0.734,0.8521999999999998,0.9465999999999999,0.5648,0.9106
SAMPLE_04216,0.775,0.47220000000000006,0.5596,0.7615999999999999,0.7428,0.9418,0.7842,0.42540000000000006
SAMPLE_04217,0.188,0.668,0.6674,1.0,0.1626,0.261,0.7876,0.3448
SAMPLE_04218,0.47459999999999997,0.2662,0.4464,0.5576,0.5050000000000001,0.3062,0.8320000000000001,0.8235999999999999
SAMPLE_04219,0.013600000000000001,0.1186,0.061399999999999996,1.0,0.081,0.16099999999999998,0.0236,0.6702
SAMPLE_04220,0.6052000000000002,0.621,0.5834,0.4558,0.4944,0.5118,0.8784000000000001,0.4936
SAMPLE_04221,0.010600000000000002,0.5968,0.4992,1.0,0.045599999999999995,0.03200000000000001,0.0786,0.0422
SAMPLE_04222,0.552,0.35300000000000004,0.36519999999999997,0.7616,0.9146000000000001,0.9504000000000001,0.8266,0.7012
SAMPLE_04223,0.335,0.7712,0.8692,0.4708,0.671,0.4976,0.402,0.604
SAMPLE_04224,0.4768,0.131,0.341,0.643,0.5054000000000001,0.7072,0.4446,0.5634
SAMPLE_04225,0.7497999999999999,0.3206,0.42279999999999995,0.45200000000000007,0.33399999999999996,0.5995999999999999,0.2756,0.23020000000000002
SAMPLE_04226,0.5871999999999999,0.2506,0.11860000000000001,0.41879999999999995,0.2166,0.4478,0.3356,0.11139999999999999
SAMPLE_04227,0.8994,0.08280000000000001,0.2868,0.6454,0.39339999999999997,0.48419999999999996,0.327,0.3356
SAMPLE_04228,0.183,0.1286,0.11699999999999999,1.0,0.1984,0.0958,0.034999999999999996,0.2912
SAMPLE_04229,0.6988000000000001,0.3194,0.24900000000000003,0.45099999999999996,0.7308,0.8257999999999999,0.4436,0.5526
SAMPLE_04230,0.3008,0.8724000000000001,0.8300000000000001,0.2162,0.7276,0.3894,0.909,0.6276
SAMPLE_04231,0.24219999999999997,0.7142,0.6597999999999999,0.0984,0.21200000000000002,0.2132,0.2508,0.0906
SAMPLE_04232,0.292,0.5974,0.7140000000000001,0.15819999999999998,0.3136,0.5626,0.6454,0.7942
SAMPLE_04233,0.8762000000000001,0.2004,0.1516,0.6506000000000001,0.5764,0.8295999999999999,0.3542,0.24380000000000002
SAMPLE_04234,0.6564,0.8598000000000001,0.8230000000000001,0.6436,0.9189999999999999,0.767,0.5878,0.6222
SAMPLE_04235,0.8913,0.0854,0.223,0.4138,0.9452,0.438,0.215,0.4468
SAMPLE_04236,0.07120000000000001,0.4640000000000001,0.38659999999999994,1.0,0.11200000000000002,0.16640000000000002,0.0668,0.11199999999999999
SAMPLE_04237,0.5273999999999999,0.029199999999999997,0.0194,0.6142,0.3808,0.6536,0.18180000000000002,0.1202
SAMPLE_04238,0.09780000000000001,0.7922,0.8842000000000001,1.0,0.3762,0.42279999999999995,0.092,0.5654
SAMPLE_04239,0.7556,0.9955999999999999,0.9975999999999999,0.575,0.8908000000000001,0.9471999999999999,0.9673999999999999,0.6024
SAMPLE_04240,0.0318,0.6558,0.7432000000000001,1.0,0.0454,0.0736,0.5612,0.23540000000000005
SAMPLE_04241,0.549,0.36100000000000004,0.485,0.5932000000000001,0.28900000000000003,0.49420000000000003,0.462,0.0852
SAMPLE_04242,0.33399999999999996,0.9084,0.8734,0.13840000000000002,0.6522,0.24539999999999998,0.7588,0.9328
SAMPLE_04243,0.4838,0.4953999999999999,0.5414,0.7294000000000002,0.6881999999999999,0.756,0.7532,0.7167999999999999
SAMPLE_04244,0.8562000000000001,0.1968,0.17600000000000002,0.5751999999999999,0.18139999999999998,0.45380000000000004,0.43420000000000003,0.0298
SAMPLE_04245,0.8448,0.0082,0.029599999999999998,0.1226,0.07320000000000002,0.5276,0.2096,0.1816
SAMPLE_04246,0.0534,0.5034,0.4606,1.0,0.04460000000000001,0.09240000000000001,0.008400000000000001,0.018
SAMPLE_04247,0.2412,0.1028,0.0884,0.16699999999999998,0.3988,0.35079999999999995,0.6242,0.8266
SAMPLE_04248,0.37220000000000003,0.7274,0.7544000000000001,0.41980000000000006,0.7767999999999999,0.6960000000000001,0.6744,0.6428
SAMPLE_04249,0.1264,0.8388,0.8236000000000001,0.153,0.14,0.2832,0.6216,0.1906
SAMPLE_04250,0.017400000000000002,0.38079999999999997,0.3186,1.0,0.0142,0.014800000000000002,0.020399999999999998,0.0472
SAMPLE_04251,0.26800000000000007,0.6277999999999999,0.6022000000000001,1.0,0.36419999999999997,0.0846,0.02,0.19319999999999998
SAMPLE_04252,0.4936,0.2868,0.49420000000000003,0.608,0.29059999999999997,0.6528,0.4218,0.14220000000000002
SAMPLE_04253,0.06000000000000001,0.4318000000000001,0.5156,1.0,0.05700000000000001,0.09659999999999999,0.0722,0.2262
SAMPLE_04254,0.8168,0.5955999999999999,0.7014,0.742,0.8518000000000001,0.9571999999999999,0.8834,0.4488
SAMPLE_04255,0.4086,0.8134,0.8642,0.0706,0.36960000000000004,0.2852,0.40820000000000006,0.7822000000000001
SAMPLE_04256,0.8655999999999999,0.567,0.7594000000000001,0.3336,0.8076000000000001,0.491,0.5606,0.49959999999999993
SAMPLE_04257,0.4258,0.438,0.4812,0.10880000000000001,0.889,0.1958,0.6508,0.7046
SAMPLE_04258,0.6016999999999999,0.11679999999999997,0.2908,0.7112,0.8089999999999999,0.8597999999999999,0.7124,0.6508
SAMPLE_04259,0.5506,0.30460000000000004,0.46480000000000005,0.6104,0.8624,0.8459999999999999,0.6279999999999999,0.9533999999999999
SAMPLE_04260,0.6296,0.0422,0.1344,0.1762,0.1852,0.3296,0.24,0.24359999999999998
SAMPLE_04261,0.0104,0.2738,0.15820000000000004,1.0,0.033999999999999996,0.077,0.0466,0.0744
SAMPLE_04262,0.5284000000000001,0.6581999999999999,0.607,0.37100000000000005,0.3332,0.4902,0.3096,0.0824
SAMPLE_04263,0.8882,0.2298,0.386,0.4548,0.3654,0.8123999999999999,0.39899999999999997,0.242
SAMPLE_04264,0.126,0.6792,0.6283999999999998,0.1812,0.3034,0.2564,0.20620000000000002,0.8562
SAMPLE_04265,0.8321999999999999,0.7228,0.8746,0.6502,0.6708000000000001,0.7812,0.9443999999999999,0.5824
SAMPLE_04266,0.7957000000000001,0.2504,0.07980000000000001,0.1316,0.6822,0.6638,0.0986,0.6616
SAMPLE_04267,0.38380000000000003,0.3282,0.3788,0.1436,0.701,0.2036,0.21620000000000003,0.9106000000000002
SAMPLE_04268,0.08480000000000001,0.6622,0.7716000000000001,0.1344,0.2952,0.20060000000000003,0.1206,0.6045999999999999
SAMPLE_04269,0.11839999999999999,0.6689999999999999,0.659,0.1818,0.33999999999999997,0.48460000000000003,0.2664,0.2598
SAMPLE_04270,0.756,0.3346,0.3446,0.4862,0.188,0.6388,0.4104,0.1006
SAMPLE_04271,0.4234,0.9273999999999999,0.8987999999999999,0.0438,0.7774,0.4316000000000001,0.8220000000000001,0.8009999999999999
SAMPLE_04272,0.558,0.24539999999999998,0.47800000000000004,0.6751999999999999,0.6064,0.8257999999999999,0.5998,0.3312
SAMPLE_04273,1.0,0.6924,0.47140000000000004,0.7944,1.0,1.0,1.0,1.0
SAMPLE_04274,0.3326,0.6126,0.7212,0.0858,0.6054,0.5032,0.7458,0.7974
SAMPLE_04275,0.6840999999999999,0.26139999999999997,0.13199999999999998,0.7041999999999999,0.1042,0.6588,0.1268,0.0188
SAMPLE_04276,0.7492000000000001,0.2012,0.09019999999999999,0.43179999999999996,0.32,0.7892,0.38039999999999996,0.2526
SAMPLE_04277,0.7192000000000001,0.8308,0.6586000000000001,0.6228,0.6805999999999999,0.8976,0.8238,0.8542
SAMPLE_04278,0.254,0.44939999999999997,0.6142000000000001,0.0356,0.44560000000000005,0.14079999999999998,0.1466,0.42300000000000004
SAMPLE_04279,0.027600000000000003,0.4236000000000001,0.3816,1.0,0.015399999999999997,0.294,0.08800000000000001,0.18
SAMPLE_04280,0.7168000000000001,0.7222,0.6256,0.6938000000000001,0.6098,0.8834,0.6982000000000002,0.45519999999999994
SAMPLE_04281,0.7775,0.34279999999999994,0.4338,0.5,0.7382,0.7070000000000001,0.6772,0.3882
SAMPLE_04282,0.40840000000000004,0.9673999999999999,0.8994,0.1902,0.6759999999999999,0.2958,0.6832,0.6618
SAMPLE_04283,0.1256,0.5384,0.3942,1.0,0.5854,0.054400000000000004,0.013600000000000001,0.7125999999999999
SAMPLE_04284,0.014799999999999999,0.4532,0.2686,1.0,0.1364,0.0184,0.038400000000000004,0.6888
SAMPLE_04285,0.8573999999999999,0.312,0.4208,0.7183999999999999,0.8214,0.8582000000000001,0.9514000000000001,0.562
SAMPLE_04286,0.1554,0.7769999999999999,0.7884,1.0,0.11200000000000002,0.02899999999999999,0.43420000000000003,0.5158000000000001
SAMPLE_04287,0.3788,0.6958,0.6866,0.2186,0.4286,0.332,0.7809999999999999,0.6927999999999999
SAMPLE_04288,0.728,0.2612,0.4154,0.5690000000000001,0.21740000000000004,0.5548,0.6916,0.3122
SAMPLE_04289,0.0612,0.2566,0.11699999999999999,1.0,0.1006,0.039400000000000004,0.053200000000000004,0.6005999999999999
SAMPLE_04290,0.18660000000000002,0.736,0.5529999999999999,1.0,0.1528,0.17939999999999995,0.3814,0.06400000000000002
SAMPLE_04291,0.3667999999999999,0.9561999999999999,0.9178,0.06699999999999999,0.825,0.3178,0.8855999999999999,0.9234
SAMPLE_04292,0.3144,0.7358,0.5648,0.169,0.6804,0.3148,0.3546,0.7592000000000001
SAMPLE_04293,0.681,0.3844,0.27359999999999995,0.47440000000000004,0.2242,0.5108,0.199,0.24159999999999998
SAMPLE_04294,0.5075999999999999,0.1952,0.2998,0.32459999999999994,0.9349999999999999,0.6788000000000001,0.22599999999999998,0.5356
SAMPLE_04295,0.547,0.32939999999999997,0.3174,0.321,0.1948,0.618,0.392,0.26339999999999997
SAMPLE_04296,0.6995,0.7256,0.7895999999999999,0.729,0.6449999999999999,0.6811999999999999,0.8764,0.8969999999999999
SAMPLE_04297,0.0178,0.3536,0.3436,1.0,0.023,0.0774,0.39920000000000005,0.020399999999999998
SAMPLE_04298,1.0,0.8004,0.5766,0.7904000000000001,1.0,1.0,1.0,1.0
SAMPLE_04299,0.8084,0.3872,0.42219999999999996,0.2784,0.28919999999999996,0.47280000000000005,0.673,0.22480000000000003
SAMPLE_04300,0.5406000000000001,0.2384,0.188,0.23559999999999998,0.1976,0.5922,0.4438,0.7030000000000001
SAMPLE_04301,0.5216000000000001,0.44000000000000006,0.1986,0.6622,0.6342000000000001,0.6668000000000001,0.466,0.7672
SAMPLE_04302,0.9515,0.06520000000000001,0.2294,0.2404,0.7544,0.8036,0.1698,0.2774
SAMPLE_04303,0.7538,0.29419999999999996,0.2766,0.42279999999999995,0.40780000000000005,0.8756,0.603,0.3838
SAMPLE_04304,0.2144,0.8096,0.7106,0.21420000000000003,0.34840000000000004,0.2994,0.7569999999999999,0.8452
SAMPLE_04305,0.7999,0.3106,0.21480000000000002,0.32680000000000003,0.8732,0.4755999999999999,0.1978,0.24420000000000003
SAMPLE_04306,0.1242,0.5644,0.38659999999999994,1.0,0.251,0.22080000000000002,0.0804,0.5524
SAMPLE_04307,0.7697999999999999,0.3364,0.3432,0.5956,0.4436,0.5964,0.6205999999999999,0.121
SAMPLE_04308,0.2384,0.5826,0.6362,0.11480000000000001,0.6928,0.2734,0.28140000000000004,0.7762
SAMPLE_04309,0.0382,0.16499999999999998,0.0794,1.0,0.06839999999999999,0.0956,0.0162,0.0374
SAMPLE_04310,1.0,0.8834,0.796,0.7998000000000001,1.0,1.0,1.0,1.0
SAMPLE_04311,0.3296,0.875,0.8371999999999999,0.045,0.674,0.2824,0.7762,0.9064
SAMPLE_04312,0.9240999999999999,0.0402,0.11720000000000001,0.2076,0.9048,0.5568,0.36300000000000004,0.4814
SAMPLE_04313,0.7522,0.1586,0.18780000000000002,0.515,0.2016,0.3632,0.253,0.06799999999999999
SAMPLE_04314,0.6344,0.5828,0.5286000000000001,0.4906,0.5644,0.5964,0.7518,0.6218
SAMPLE_04315,0.4074,0.9678000000000001,0.9326000000000001,1.0,0.1758,0.19659999999999997,0.8682000000000001,0.4282
SAMPLE_04316,0.7832000000000001,0.24420000000000003,0.1412,0.34639999999999993,0.8298,0.7242000000000001,0.3966,0.9326000000000001
SAMPLE_04317,0.45100000000000007,0.8698,0.942,0.19940000000000002,0.8852,0.3452,0.7323999999999999,0.7564
SAMPLE_04318,0.8648,0.22679999999999997,0.1534,0.42800000000000005,0.623,0.8160000000000001,0.4104,0.4546
SAMPLE_04319,0.16060000000000002,0.6082,0.6559999999999999,0.082,0.7168,0.2244,0.39239999999999997,0.6298
SAMPLE_04320,0.6884,0.44299999999999995,0.4946,0.4314,0.604,0.6602,0.4814,0.6841999999999999
SAMPLE_04321,0.0688,0.852,0.8128,1.0,0.12639999999999998,0.14720000000000003,0.471,0.014600000000000002
SAMPLE_04322,0.38439999999999996,0.6497999999999999,0.8038000000000001,0.14479999999999998,0.7246,0.1698,0.7212,0.8168
SAMPLE_04323,0.5542,0.5718,0.5804,0.4236,0.325,0.5696,0.899,0.3168
SAMPLE_04324,0.2868,0.7826000000000001,0.7256,0.43,0.6208,0.602,0.8366,0.8246
SAMPLE_04325,0.15460000000000002,0.8384,0.7884,1.0,0.47859999999999997,0.0058000000000000005,0.638,0.10499999999999998
SAMPLE_04326,0.192,0.9190000000000002,0.9074,0.176,0.42140000000000005,0.207,0.622,0.2686
SAMPLE_04327,0.0962,0.38439999999999996,0.4894,1.0,0.4088,0.198,0.0804,0.4636
SAMPLE_04328,0.1918,0.7814,0.6516,1.0,0.1052,0.1146,0.069,0.58
SAMPLE_04329,0.4732,0.5564,0.5542,0.7636,0.5762,0.8495999999999999,0.7956,0.6314
SAMPLE_04330,0.6512,0.6256,0.3814,0.37740000000000007,0.8334000000000001,0.7006,0.40259999999999996,0.5599999999999999
SAMPLE_04331,0.5768000000000001,0.536,0.6744,0.6104,0.7278,0.8211999999999999,0.6206,0.49219999999999997
SAMPLE_04332,0.4586,0.21780000000000005,0.5622,0.0174,0.9334,0.166,0.613,0.8768
SAMPLE_04333,0.030000000000000006,0.47120000000000006,0.18059999999999996,1.0,0.0044,0.1276,0.16799999999999998,0.089
SAMPLE_04334,0.414,0.6254,0.6434,0.1422,0.6836,0.3958,0.4626,0.8698
SAMPLE_04335,0.7377999999999999,0.23279999999999998,0.23320000000000002,0.4962000000000001,0.19259999999999997,0.6477999999999999,0.1824,0.1506
SAMPLE_04336,0.2892,0.46560000000000007,0.5602,0.08080000000000001,0.2344,0.251,0.5784,0.8184000000000001
SAMPLE_04337,1.0,0.9526,0.833,0.7876000000000001,1.0,1.0,1.0,1.0
SAMPLE_04338,0.905,0.33599999999999997,0.672,0.101,0.5678,0.38,0.675,0.42960000000000004
SAMPLE_04339,0.37959999999999994,0.8399999999999999,0.9037999999999998,0.2722,0.7694,0.5624,0.37039999999999995,0.6512
SAMPLE_04340,1.0,0.7568,0.47780000000000006,0.7834000000000001,1.0,1.0,1.0,1.0
SAMPLE_04341,0.49260000000000004,0.5248,0.7074,0.7183999999999999,0.8482,0.8948,0.7328000000000001,0.7518
SAMPLE_04342,0.634,0.043000000000000003,0.010199999999999999,0.25860000000000005,0.8293999999999999,0.40659999999999996,0.0504,0.344
SAMPLE_04343,0.0822,0.8974,0.8661999999999999,1.0,0.16699999999999998,0.1312,0.8131999999999999,0.6292000000000001
SAMPLE_04344,0.29359999999999997,0.8948,0.9278000000000001,0.1648,0.11339999999999999,0.2352,0.45759999999999995,0.0944
SAMPLE_04345,0.05,0.4786,0.5198,1.0,0.009399999999999999,0.076,0.037,0.016999999999999998
SAMPLE_04346,0.4544,0.8352,0.8555999999999999,0.7736000000000001,0.437,0.5946,0.7644,0.33099999999999996
SAMPLE_04347,0.6954,0.4501999999999999,0.34199999999999997,0.6166,0.8532,0.8334000000000001,0.8433999999999999,0.8964000000000001
SAMPLE_04348,0.20059999999999997,0.9757999999999999,0.9314,0.28959999999999997,0.682,0.44860000000000005,0.9162000000000001,0.695
SAMPLE_04349,0.2854,0.3392,0.4904,0.178,0.6958,0.2202,0.7432000000000001,0.7118
SAMPLE_04350,0.29379999999999995,0.7024,0.6592,1.0,0.0792,0.11840000000000002,0.35459999999999997,0.09840000000000002
SAMPLE_04351,0.6204,0.0624,0.11699999999999999,0.2792,0.5042,0.41979999999999995,0.2048,0.22480000000000003
SAMPLE_04352,0.16820000000000002,0.4208,0.449,0.34080000000000005,0.5880000000000001,0.32939999999999997,0.5923999999999999,0.8555999999999999
SAMPLE_04353,0.2952,0.8434000000000001,0.8305999999999999,0.1214,0.6268,0.27280000000000004,0.5207999999999999,0.6315999999999999
SAMPLE_04354,0.1244,0.7948000000000001,0.8479999999999999,0.0178,0.6374000000000001,0.352,0.47540000000000004,0.8686
SAMPLE_04355,0.0222,0.6076,0.47640000000000005,1.0,0.0182,0.2624,0.21539999999999998,0.019600000000000003
SAMPLE_04356,0.5401999999999999,0.6896,0.5698000000000001,0.7232,0.4072,0.7162,0.7564,0.73
SAMPLE_04357,0.1548,0.5224,0.2444,1.0,0.16760000000000003,0.024399999999999998,0.0364,0.0386
SAMPLE_04358,0.6274,0.5162,0.5888,0.293,0.221,0.7748,0.39520000000000005,0.1278
SAMPLE_04359,0.09,0.631,0.6547999999999999,0.06520000000000001,0.7310000000000001,0.2828,0.7588000000000001,0.9654
