sample_id,Ampicillin,Levofloxacin,Ciprofloxacin,Imipenem,Amoxicillin_Clavulanic_acid,Ertapenem,Cefotaxime,Cefuroxime
SAMPLE_03360,0.9583869120487847,0.024052236636785698,0.04751573944879716,0.00031162153472921305,0.01235043652675677,0.0006414533706047605,0.014124349159816006,0.02888342307665082
SAMPLE_03361,0.0708853826752458,0.05985231527212018,0.059033906265355554,0.9999999999999999,0.005438637663986268,5.916586779314494e-05,0.0007009141420802378,0.013174337371582393
SAMPLE_03362,0.7408358487116002,0.4931219013396752,0.579055040450309,5.149436543653124e-05,0.09787097976338456,0.00017626222550986951,0.2683262657847474,0.48645085935989446
SAMPLE_03363,0.23345760740372332,0.10716564197986231,0.10441997810886859,0.9999999999999999,0.004029186257369538,6.668550349170525e-05,0.045659745040191956,0.008170304571924913
SAMPLE_03364,0.7383396034419052,0.48013923162463895,0.620919975519791,5.8223407123898655e-05,0.27501758429384854,0.0012067133432150357,0.26951759482050647,0.9968081909969582
SAMPLE_03365,0.8889201101858466,0.10027973406169494,0.1618916583897193,4.975878414571275e-05,0.13199986711126815,0.00014616111830516282,0.20487227484467252,0.8740223457397404
SAMPLE_03366,0.7957857056259683,0.6507540625251511,0.6336605180265789,0.9999999999999999,0.007975666968831837,8.097362185791474e-05,0.048788162724799536,0.9897211643108574
SAMPLE_03367,0.8131747912113033,0.5677482719566546,0.55431586253713,8.628495487087312e-05,0.3394887324396324,5.6636620632592225e-05,0.32591219387131265,0.9992634331510025
SAMPLE_03368,0.5790977528629955,0.6922764523336848,0.7201033020163953,0.9999999999999999,0.007412160583459603,0.0004360808582446773,0.2431964544494807,0.9918254396376722
SAMPLE_03369,0.9397834979556111,0.8143232150844034,0.817284116067196,5.305481385576084e-05,0.43366804221140953,0.008132630439642264,0.09234578244540832,0.9981578082612723
SAMPLE_03370,0.8589250359652372,0.1178463092242827,0.19602477098460683,0.0002453890195633436,0.10658079830022925,0.00035194672225068944,0.03370982398473888,0.9986514910274599
SAMPLE_03371,0.4276007730017145,0.03270762734105857,0.06267384831226369,5.361009977064852e-05,0.01748152986289136,4.273612022235808e-05,0.00769804679596693,0.9989173519315655
SAMPLE_03372,0.6943581759071188,0.18637894044688166,0.3717702577361207,0.0006949924857428164,0.3111846498436476,0.00011870590941568041,0.06928001078580107,0.9932428681584915
SAMPLE_03373,0.7864681177160087,0.022161991259317067,0.05263787734619651,8.999489213557743e-05,0.33164325152630264,0.00020581560183575168,0.11456484388559617,0.9966702739499327
SAMPLE_03374,0.22363766746447744,0.1580600739224014,0.20515093082819996,0.9999999999999999,0.07441273547316352,5.9825266915197766e-05,0.001420316548846291,0.03841960256162362
SAMPLE_03375,0.9179435912493458,0.19157070421940606,0.21638286449024213,4.8287883480608645e-05,0.3219501574719453,3.7741005933477305e-05,0.08284364941239677,0.9907070692532276
SAMPLE_03376,0.39696647915431243,0.4449085878347607,0.5071830680818369,6.079137470874544e-05,0.17209805619624524,7.82171878022074e-05,0.11165347735537286,0.9973214964315813
SAMPLE_03377,0.8762341917028718,0.43101968462906176,0.5304028890394457,4.692248795586438e-05,0.2473427562354206,4.046411841374847e-05,0.05444903184599856,0.838223331634816
SAMPLE_03378,0.9584172980812502,0.09946730347632174,0.05162301718410546,4.871711850852078e-05,0.07431086982085636,0.00013837538372255817,0.014181922469730289,0.44818693716867014
SAMPLE_03379,0.9584164798639075,0.1168949122676267,0.15559103265726465,0.005689845241164094,0.5123818943154784,0.011104990650067051,0.2785064108773888,0.9941156198989238
SAMPLE_03380,0.9913900978210444,0.47241332058733115,0.8730526558212957,6.486579211827758e-05,0.4372941021520573,0.00011976058811746882,0.3113767501126225,0.5733474908678815
SAMPLE_03381,0.6592091497163709,0.10405542868450367,0.16963309671727103,6.165348196704734e-05,0.381253492136721,0.0007065970493730841,0.22009437243612043,0.9981823697131743
SAMPLE_03382,0.958409396453019,0.03252385033762935,0.06375703626634088,0.00035942688081849874,0.026324455422154145,0.0007388924565740412,0.012982620611216598,0.08113007274416734
SAMPLE_03383,0.9584175221704045,0.14445349934014415,0.13698609620823057,0.00011485860275093563,0.1034222812559273,0.00034363479006693364,0.030688376692882022,0.215262171760626
SAMPLE_03384,0.9584127593676244,0.46769964455342145,0.48168938683811635,0.023394629285097376,0.1055881936045791,0.1589071600896443,0.3305782505898953,0.462854789329637
SAMPLE_03385,0.6177768782331504,0.12731076513120015,0.27833738468482955,6.302814711655094e-05,0.19004282778562975,0.0005181848188931852,0.07285682011589198,0.9845911877134489
SAMPLE_03386,0.9699873216691572,0.3650418802415958,0.5725349245214123,9.119472743621243e-05,0.17406829225370024,0.0004366909264771137,0.1058421428458912,0.9527284267268863
SAMPLE_03387,0.04744621850409354,0.057645534859573765,0.06808488536628604,0.9999999999999999,0.008425352233739851,7.67113228475456e-05,0.0004909676170001462,0.031266378930980665
SAMPLE_03388,0.07305789454335765,0.4175403013587211,0.33217572675691853,0.9999999999999999,0.04336526098058756,3.834069799059837e-05,0.0018626970008813336,0.9851176490778373
SAMPLE_03389,0.9584182328607691,0.024527199081462777,0.1951859038258554,0.0001711123948916407,0.04644264899291091,0.00030852468834125657,0.013385708756755977,0.01892690563275551
SAMPLE_03390,0.958423124122169,0.013073067411476583,0.025927747852426665,3.355147122403752e-05,0.4774365843297629,7.265439799628758e-05,0.00606174016494857,0.2465534688113724
SAMPLE_03391,0.9575379116581682,0.1673037797378558,0.3823757301432465,0.0003524298554366441,0.018895042657768743,0.0022310328771940288,0.10674791771129438,0.059377350641266834
SAMPLE_03392,0.9584125208650496,0.013755481312607192,0.04823353471557127,9.505723706301323e-05,0.020700308596878263,0.0004888691597175645,0.011625262778720547,0.07679386796196963
SAMPLE_03393,0.9584166906306775,0.09608044099174565,0.21793931747677503,0.0015461182620602422,0.17358756641824108,0.005962531022563378,0.08049714218323506,0.03750626803423375
SAMPLE_03394,0.9584218244227936,0.19929177422824432,0.21260317433008324,0.0016176485967900837,0.08456900694728704,0.0009639726554027797,0.06545198018863915,0.17809591882056888
SAMPLE_03395,0.9584208948684785,0.10094364964418202,0.2856729754371281,0.00019058779728728557,0.012731725764080442,0.0003542993906582134,0.11451488313220838,0.08382890459541598
SAMPLE_03396,0.32254465321254283,0.13773968912956797,0.12959143819743368,0.9999999999999999,0.009539164903810075,3.991691586992531e-05,0.0007947102420193761,0.01571935690958976
SAMPLE_03397,0.7712304180058175,0.3435991059283628,0.3403661222108548,6.052027425959014e-05,0.43353945588774145,9.251386666076236e-05,0.34892305862097633,0.9826602769335332
SAMPLE_03398,0.590100115595832,0.5705260221794474,0.8059850344378008,0.00012971830766035926,0.23650639321619518,0.0008954000412694791,0.13711642021200496,0.9893747055343248
SAMPLE_03399,0.3176594466441666,0.21304394002001298,0.2144167044872064,0.9999999999999999,0.16840051200622982,4.415947375225974e-05,0.0004952861889785058,0.01753201960476161
SAMPLE_03400,0.9584234592554299,0.07761128277198635,0.18001514254072115,0.0004640548203626589,0.061183341159346843,0.0001683591689253191,0.039118798340456166,0.11851206070969159
SAMPLE_03401,0.9584168356775666,0.014836678316286333,0.0212545247731767,0.0005848661622514222,0.20508623705952644,0.0017750628161708106,0.013034022817139862,0.1175876827285643
SAMPLE_03402,0.5447875124938099,0.46235373715556355,0.5336365194224444,0.9999999999999999,0.04020882953218484,5.075132335398793e-05,0.08757235771648846,0.0771098879371075
SAMPLE_03403,0.9584193222804153,0.22222332605418105,0.2257786935730981,0.00030415282199306446,0.2523659111443034,0.010279901478429521,0.02630148253641902,0.45224344852973747
SAMPLE_03404,0.9165339933429487,0.30690504020835363,0.36580247185324033,0.07037275170822653,0.5403952160947509,0.08651924056330068,0.17497673235093936,0.9932814835500628
SAMPLE_03405,0.9102195677432667,0.3391149870368184,0.6491810552192772,0.00017047865356124262,0.43808601961710397,0.00038961295353102027,0.27003273164155517,0.9952815406197011
SAMPLE_03406,0.9584199790202379,0.19650302492187427,0.1540840917488659,0.0001695175610893822,0.04399667494206095,0.00016254146733812847,0.10312678922992664,0.05926226180089279
SAMPLE_03407,0.9999999999999999,0.22747160675279604,0.12730749035382355,0.9584273516283848,0.9999999999999999,0.9999999999999999,0.9999999999999999,0.9999999999999999
SAMPLE_03408,0.958387875878799,0.07770616533202329,0.1397690210207949,0.0010479119160192844,0.6097151257887714,0.005104903774806706,0.15217782803722285,0.9906597543455349
SAMPLE_03409,0.1334566792547266,0.31830578931670983,0.38504373950153714,0.9999999999999999,0.19817054781347254,4.0049103471609396e-05,0.004453510061150801,0.9647172501087948
SAMPLE_03410,0.9999999999999999,0.3433132237428206,0.2845953136483509,0.9583887680943409,0.9999999999999999,0.9999999999999999,0.9999999999999999,0.9999999999999999
SAMPLE_03411,0.9584069913850592,0.03917981546297675,0.07053902178618125,0.009581582996287037,0.45695940120484746,0.03773785467912022,0.11687818397024628,0.4660104555236608
SAMPLE_03412,0.958336332239219,0.13104299187892912,0.09227191039006608,0.00038590096675424247,0.49994649615971865,0.007284905912588417,0.009609501829472645,0.2677330656622195
SAMPLE_03413,0.9584054337470249,0.015042419931637699,0.034602516874150786,0.00010647828730563717,0.16200141843054308,0.0007371712884768875,0.01734020302733958,0.29561850226352543
SAMPLE_03414,0.05852680552637984,0.2646956818732005,0.4215549866915194,0.9999999999999999,0.021428454480880838,4.010911019350629e-05,0.1194799880702292,0.15675882172433567
SAMPLE_03415,0.9584194220636468,0.03888918926147075,0.04887437665424897,0.000712403054463932,0.019479947577881712,0.004223630443351372,0.026845169609541593,0.033693743094964104
SAMPLE_03416,0.9584162195463439,0.39494219689431775,0.40063262770508395,0.004019542352682721,0.4545137889211653,0.033757261898371596,0.16428103978555386,0.9937189842657702
SAMPLE_03417,0.22763015875988707,0.053453500330090435,0.0783131161808782,0.9999999999999999,0.0012845593272888657,0.00015977252547397545,0.0007906813356044896,0.0031191778180949935
SAMPLE_03418,0.9583709390560756,0.11522636712298008,0.26006817748937033,0.0007728901347367104,0.07460151821913408,0.001085430313672766,0.05679554053807025,0.3560089358689479
SAMPLE_03419,0.9584167903417738,0.23365045225193531,0.22714422554600253,0.0028531803077421094,0.5829935073874791,0.008751625025366175,0.4090026268446918,0.3304723526707022
SAMPLE_03420,0.958386896900818,0.6584609823041604,0.6379372968732464,0.01446919900326993,0.3533600782343927,0.013244901537315563,0.7813810721618483,0.9876786903886922
SAMPLE_03421,0.6496212093224402,0.24013367139287034,0.21759567202424307,5.3489791462341096e-05,0.01129505097159094,7.502994243755152e-05,0.022648007127624353,0.04444624425428298
SAMPLE_03422,0.9584035594362101,0.4250258579899667,0.46283653145195014,0.000510055887972062,0.5314231788955914,0.0021243964759716533,0.4104041262383225,0.40134110901928816
SAMPLE_03423,0.3757313233813879,0.20960850554197874,0.19350081909070757,5.2351936824812184e-05,0.04069753178588476,7.828140078412986e-05,0.032643463081622366,0.21557778412217918
SAMPLE_03424,0.609944013938732,0.22999994294549295,0.401474703997155,7.152325425698748e-05,0.1638035510830322,0.00019084826001129169,0.1033293212792085,0.987626524137052
SAMPLE_03425,0.9583695896743224,0.15430323050405198,0.18857841806441644,0.033505990846732975,0.42862955510243844,0.26424953305250914,0.0653739799155384,0.7221921532046389
SAMPLE_03426,0.9584079998965354,0.2692070953177643,0.4119131454456938,0.001051502871143342,0.3181892088976147,0.027910318537277885,0.31617435332224797,0.9986965739283618
SAMPLE_03427,0.9584153184053591,0.07820115171165443,0.22902873753872238,0.000492910447238913,0.13826852738946335,0.00025354558500308405,0.014299825744797344,0.2693542408952627
SAMPLE_03428,0.45472361542353157,0.1775482842513612,0.287031250656257,5.0604460696771176e-05,0.12275611003094565,4.104349344480702e-05,0.017054467564209735,0.9996965927948359
SAMPLE_03429,0.15988764173878453,0.1800575201487601,0.15845961456722946,0.9999999999999999,0.008165266332279002,3.903899662812688e-05,0.13946241515283558,0.08053274270661195
SAMPLE_03430,0.9584126325544116,0.45105214870463367,0.5169888571617561,0.0018925954839040327,0.18270670413823076,0.0016656491239391581,0.2537047877659931,0.7267915806247123
SAMPLE_03431,0.9583969918643677,0.06954114708696998,0.12279270617229886,0.0019567296420801798,0.02048188400337294,0.001086513518126114,0.1283443506112834,0.17089806652470466
SAMPLE_03432,0.9861099858647382,0.6633649920148762,0.7385775632441494,6.416620695148417e-05,0.13662246349727306,0.0030156555930699862,0.8198208309310193,0.9985697788493351
SAMPLE_03433,0.15558505413734275,0.25139314159436293,0.30934182727851284,0.9999999999999999,0.010719142231375585,0.00022677059160725117,0.0007384217337648984,0.21121674121136386
SAMPLE_03434,0.9584198891704473,0.1688139800946591,0.1786795732968918,0.0006583194351719752,0.1652083218533845,0.00686665975555485,0.11844588774169362,0.3612078637693966
SAMPLE_03435,0.9584202539150439,0.006786552838658311,0.017851980421934636,0.00012697986623650366,0.04950918233980374,0.00020537308544689523,0.019201352982822176,0.09199815576379645
SAMPLE_03436,0.9584211514395149,0.08926340754959436,0.0708015742147344,0.00014517834959038725,0.06648850636059116,0.0011877893204801533,0.16086264320368102,0.29748967953772054
SAMPLE_03437,0.9584183940709476,0.11216295773828407,0.14785071444248338,6.694169688478162e-05,0.02016823557489069,0.00017544079469399766,0.03690897252113198,0.08136871248845771
SAMPLE_03438,0.9380529553980778,0.6958668529679739,0.7849765779319628,0.00036259520615492474,0.23571351675259108,0.00011562907184596577,0.3309763548081353,0.2938015193635112
SAMPLE_03439,0.9584160883141045,0.02092748438447105,0.023822782371299523,0.0009107558420898649,0.055605736733187375,0.0015047090135058303,0.023904734479098765,0.03082787688675176
SAMPLE_03440,0.9910803962902586,0.7175278734469888,0.9332986054601622,6.370863377903248e-05,0.3098126766530175,0.0018675364814777923,0.17328142887732692,0.9865301030971994
SAMPLE_03441,0.9444977906558747,0.308354903219604,0.30693330113292827,5.609418733744344e-05,0.2593455064003475,6.334532897381874e-05,0.15610233593219458,0.9959665443730177
SAMPLE_03442,0.9584166354151956,0.02529595071382959,0.038595062275513604,0.0011480169044669637,0.23941956287705693,0.0003807078813294195,0.021883011859431156,0.2864556747425174
SAMPLE_03443,0.9584207552953137,0.5112307937265688,0.6627658109364863,0.00021419211907123048,0.51037477012911,0.0016454750141468835,0.14108855211854,0.4431122027093839
SAMPLE_03444,0.4336578396821089,0.1095897864445668,0.12017532147185764,0.9999999999999999,0.013217676454897711,3.8262186072385175e-05,0.0008153910203255732,0.8701134303173552
SAMPLE_03445,0.9583947537712547,0.09282273712004203,0.2787343617628412,0.0048032966691474305,0.3725142289418326,0.018100270646159156,0.14204641485400232,0.9852594012679197
SAMPLE_03446,0.9581682982648214,0.30314230648120816,0.36388952233280497,0.00026191533057831086,0.08987665492805728,0.0016592836104118037,0.031610837426836486,0.23485342216349625
SAMPLE_03447,0.9819808605978083,0.4253813263950502,0.7798939942626105,6.0291881805505e-05,0.253925108969735,8.737594181781266e-05,0.18973959181750005,0.8876546012622819
SAMPLE_03448,0.9584164288019413,0.04197769666363616,0.1454501163794452,0.007190744611793283,0.6417146392600996,0.007950763008126867,0.14338692829953076,0.7480501575683947
SAMPLE_03449,0.6203946046964101,0.005207648107220422,0.007066801547836548,0.00012912634573542816,0.1020300100819215,0.0006534014989916885,0.004622913815060836,0.9634893718607812
SAMPLE_03450,0.5735718531129301,0.014384737280123887,0.01196367209469578,6.957615948708089e-05,0.1084388034162169,0.00020714774392436073,0.04358263903912019,0.31150067019183725
SAMPLE_03451,0.21096549949230514,0.8964437207832086,0.9366145527593852,0.9999999999999999,0.0032559204369708604,0.00012977883829670293,0.21057587922405865,0.9581387105487047
SAMPLE_03452,0.8516458859020798,0.18931920558341425,0.3687471812194377,5.052392914946576e-05,0.31659121969805637,8.680937138354379e-05,0.025554528020828395,0.9774691691145052
SAMPLE_03453,0.5907390463464082,0.368866860260068,0.4328188389441749,0.9999999999999999,0.12636022860367663,9.114122183705273e-05,0.03479563548408324,0.07812557063636558
SAMPLE_03454,0.9584066132467165,0.16492139740094838,0.23534455636460258,6.047882313505961e-05,0.16304265957599545,0.00016105646505169507,0.04350250296873004,0.15629772884475018
SAMPLE_03455,0.9584147424155978,0.056617727491738865,0.12943922054954554,0.00040503739397647733,0.06708750601556435,0.0026601053736730615,0.024953135800235143,0.08304486316148652
SAMPLE_03456,0.958421129481789,0.17219929007503432,0.19870373790082813,8.324253029865457e-05,0.021391728180912836,0.0003081269947194616,0.015602586540465091,0.07446355694815716
SAMPLE_03457,0.9351985984130513,0.6508110112277892,0.9147329811276752,8.230640534703313e-05,0.881505153780257,0.0014713561966760416,0.1238735291754072,0.9793002789062026
SAMPLE_03458,0.9964765685173649,0.12495287146097722,0.8689323469301309,9.77507623955863e-05,0.4748621386770137,0.0005665375842975955,0.4270220664573279,0.9994009017201393
SAMPLE_03459,0.9584109052430901,0.18499604110256515,0.15581340472418082,0.0034662101839131585,0.5198509712673884,0.3234687891539575,0.3382071125511031,0.5631462132431246
SAMPLE_03460,0.9584140608861182,0.038366282716903614,0.12539496812837758,0.001119225713069807,0.3220737909097867,0.017306177183094153,0.08892681687747561,0.2506660148151214
SAMPLE_03461,0.8721823540377938,0.13544661741511088,0.3802287587820552,5.6114930575258464e-05,0.4123258887547794,0.003600149070325587,0.16413822965177916,0.9927574806788634
SAMPLE_03462,0.7211238285236433,0.1208174906176912,0.09129927958731844,5.31978282155295e-05,0.22478109695650456,0.00022653336399376423,0.029360314811368787,0.999660347039967
SAMPLE_03463,0.9999999999999999,0.4265380660051347,0.19301116037416177,0.9584258414403373,0.9999999999999999,0.9999999999999999,0.9999999999999999,0.9999999999999999
SAMPLE_03464,0.9584222810055437,0.008462314587587814,0.02230220776746584,0.00010737939159435814,0.3720511079734057,0.0001746603226208066,0.003978806209120837,0.06498767618303963
SAMPLE_03465,0.958351090419095,0.2268013490698729,0.18032742717967143,0.000272618804880366,0.0754479342043354,0.0024021762445659905,0.03174794394848741,0.34000626072746715
SAMPLE_03466,0.7393550254988291,0.6622604597803092,0.5569982594477959,0.9999999999999999,0.030389783300468057,4.2509715671919746e-05,0.22747615997423434,0.12749283515818352
SAMPLE_03467,0.8512757949693542,0.628168542822958,0.6575361898095935,0.00032487422494727777,0.2883251886464223,0.0014001974471672053,0.6903379643479342,0.9873348978888908
SAMPLE_03468,0.5001908827418374,0.13712728160122192,0.1037880249451255,4.766936425606224e-05,0.2343017985194075,4.0307125444480465e-05,0.014333297676015572,0.2670380513717595
SAMPLE_03469,0.9584222020607926,0.030548243779035908,0.166744513673945,0.0007426477667142023,0.11620597106337649,0.00123532236863581,0.0159453658809036,0.07784009267118469
SAMPLE_03470,0.9584226979620348,0.1093575351279784,0.11352990302302594,0.00011808620933444342,0.03657683571583552,0.0018291350242486855,0.021117539594008434,0.02412424526094196
SAMPLE_03471,0.7066838206772011,0.49233959452673987,0.5970331739615327,0.9999999999999999,0.013849310016634229,3.9513888188878185e-05,0.06849598095351676,0.053181040494534024
SAMPLE_03472,0.9584204838498076,0.023270711640806806,0.04409139325676806,0.0001701398344319334,0.23517367935618874,0.0006531272002411624,0.005663042217118392,0.15125297345570973
SAMPLE_03473,0.7145532964010232,0.8441370574213065,0.9001681022423336,0.9999999999999999,0.05676527894136742,4.085438837832239e-05,0.05541791928455565,0.9620122335547906
SAMPLE_03474,0.9583962392118448,0.0789094682990955,0.16333383959584857,0.00046068533323673217,0.5728926857139481,0.019607681642516826,0.157494130089889,0.4186152132846683
SAMPLE_03475,0.8749758241423267,0.19859423787402936,0.3149861161610349,5.6843735514149516e-05,0.527090815461058,0.0003789922148170015,0.2246766050208623,0.9844071110937024
SAMPLE_03476,0.9584013128329378,0.03984718126624607,0.05411592412638891,0.00033932071033549024,0.05099436310628244,0.0031011124110319746,0.00553538023412082,0.008891231487579303
SAMPLE_03477,0.9695447585868878,0.419199733928569,0.42463798540418446,8.177234804441058e-05,0.056608281328881606,9.620787824896198e-05,0.04446318018917659,0.9497377127278342
SAMPLE_03478,0.9584068385036045,0.3449177382077971,0.4620856451640322,0.0011215676221892122,0.2737516969324077,0.017653639270099965,0.2449070818515436,0.18318296762889635
SAMPLE_03479,0.9584203696017374,0.5313222555864536,0.5711972484976056,0.0004848536878172594,0.5266197538178339,0.0036874873243209847,0.20499708346056172,0.9946260067451806
SAMPLE_03480,0.9584188512684894,0.24544491749726777,0.3844430170739549,5.420943618233364e-05,0.051983150440450654,0.0005331522006475026,0.17156248178872607,0.21911498892749856
SAMPLE_03481,0.9584190719370724,0.03257732033534364,0.061545845382191655,0.00047109051504586795,0.08790231659144954,0.0006746458904228025,0.016557697890503983,0.24704186787939403
SAMPLE_03482,0.7991638920536817,0.5273875228725887,0.5906817148869166,0.0001524463155333252,0.036155793927194625,0.00035664565978382854,0.17821947370312843,0.05249262925828527
SAMPLE_03483,0.9584180163666045,0.15457781484359004,0.1744975745439168,0.00017397594070799234,0.1349769445206822,0.0013402784707484022,0.12273843110691987,0.2170199851233851
SAMPLE_03484,0.9583996091525208,0.5664046057140013,0.5467451628046621,0.004167662708266147,0.6330980625775435,0.07321237787863843,0.4795926391489054,0.6028848548180293
SAMPLE_03485,0.7531786640570686,0.39322804503784226,0.4724546097425598,4.702953211723706e-05,0.1911471064884839,6.847565626838669e-05,0.04423161279906168,0.49667492757974274
SAMPLE_03486,0.4101111213398449,0.5471173334807387,0.5425604084522347,0.9999999999999999,0.0785997819714083,4.305521835692674e-05,0.014052207462953405,0.051137475728685926
SAMPLE_03487,0.9583809382077777,0.042675234678181705,0.10164436270502014,0.009239918592493216,0.07419425509266675,0.0028421813993924107,0.03491698769537623,0.03086049796985319
SAMPLE_03488,0.9770059943370475,0.37998631880696543,0.4660483678382758,5.63834196196624e-05,0.04384788541680591,0.00011513253464503545,0.12485144404099055,0.9707173625812184
SAMPLE_03489,0.6561940986673009,0.15724806377742634,0.17478947670915912,8.295625573484747e-05,0.3021090704001126,8.151336257337061e-05,0.04709986910915848,0.9974721674556539
SAMPLE_03490,0.7586016865042908,0.5876682157509947,0.5819427491790451,0.9999999999999999,0.13617330001675623,4.164453664300772e-05,0.086228959968654,0.11069331380891398
SAMPLE_03491,0.9584115283045944,0.176782556362736,0.13981943922141254,0.001221518266368002,0.4192771919757229,0.007619318400827318,0.10983720082054538,0.9682202393984816
SAMPLE_03492,0.9583585298174102,0.10825850481904495,0.23166118082940435,0.000982052620933145,0.04853878480892423,0.0005654735138122712,0.058655539655678046,0.3269063715833864
SAMPLE_03493,0.9584205771762095,0.5567643705827056,0.6105682832396462,0.00017667679790946573,0.04241147609621173,0.0063085489437642184,0.6712156772651017,0.49968563839872837
SAMPLE_03494,0.36731695678045556,0.136746280904213,0.155510417187935,0.9999999999999999,0.028033620250374043,5.0564204337214676e-05,0.002431612104103966,0.5486082909901311
SAMPLE_03495,0.9584149265077155,0.20155551215265427,0.05247696552428026,0.0021872393414761027,0.11631197676658966,0.0037985521560306174,0.05617377979873453,0.2288391630932056
SAMPLE_03496,0.9584080148788645,0.041656230156421455,0.0329840620989742,0.00015483579910334586,0.08225215516073178,0.0005388826415496885,0.0187918990013123,0.1575081280938179
SAMPLE_03497,0.958292048154458,0.12595202102999387,0.21217584730582942,0.014265373721368338,0.18118446743468236,0.05211546177766529,0.3398787397858275,0.6545537946615799
SAMPLE_03498,0.3464368843991273,0.5173527533415839,0.3286340466049294,0.9999999999999999,0.18129339475700892,4.032724715172449e-05,0.022158468038422408,0.3398183643449795
SAMPLE_03499,0.9584186046629463,0.4094974221735198,0.46458126879242545,0.0006509237788434444,0.2193216436932707,0.0028991168654130626,0.11378414622283695,0.9990270071719908
SAMPLE_03500,0.9584221565649444,0.40250593772875276,0.5782478950656318,0.00041513871912506,0.08030588023837346,0.0005239484891709447,0.2875567831577919,0.39663260123590466
SAMPLE_03501,0.6601202855181363,0.2697889797891166,0.4640481441681498,4.879609875341415e-05,0.21771271991933672,4.081400168667808e-05,0.007987723078285349,0.999235894454733
SAMPLE_03502,0.9584194230180408,0.5890048061663539,0.5697410219931881,0.014323125703678915,0.22710990217729635,0.1803392533198922,0.5140932049649223,0.3025802034208046
SAMPLE_03503,0.9584231238398848,0.0963275037067329,0.19939562371905084,0.00047000274738081643,0.038825327742173385,0.0008030894640536566,0.06900711773598596,0.13002229860814676
SAMPLE_03504,0.5542416614799902,0.11596259820645474,0.07712255553942092,5.498912972351387e-05,0.2576359964874721,0.0014439818517653334,0.0930043087301049,0.9990832707430739
SAMPLE_03505,0.9584027124126497,0.20242652984206552,0.38160617984711126,0.00964023675070908,0.3693357354876551,0.012265774205904825,0.27292780821287094,0.5481762291736665
SAMPLE_03506,0.5331415451185498,0.11463540234236202,0.1817916385831533,0.9999999999999999,0.006495522666801457,3.959856050480808e-05,0.034617239098843525,0.15539340470488586
SAMPLE_03507,0.2838225368564641,0.22180832860000244,0.20154081115996847,0.9999999999999999,0.0045510135471450355,7.977306558523276e-05,0.0012297707530513223,0.008313269946644409
SAMPLE_03508,0.9584190624681175,0.17911055421983996,0.24728601558355887,0.0005514216260493488,0.040962579266478887,0.00040357473684592035,0.08436298274605426,0.1419074933374654
SAMPLE_03509,0.9584196877021682,0.09019686405418262,0.17893415179710706,0.0005149447241602286,0.09066605207577152,0.007963412355420783,0.0663031546210363,0.1399268162987098
SAMPLE_03510,0.6179498053564804,0.2409177498480387,0.35848249159135404,0.9999999999999999,0.022994429659722274,4.431669304934232e-05,0.023480785172547834,0.6185240938892956
SAMPLE_03511,0.9583994323370619,0.01839208777560395,0.03307321777986747,0.00011068778390080328,0.2628763130517861,0.0006627471519255106,0.009502726204399105,0.25552723460483395
SAMPLE_03512,0.4375919078318629,0.29405924585977383,0.30092438200381166,0.00021810850429203335,0.215622373675493,7.210630402446694e-05,0.09254768823232955,0.998927627805185
SAMPLE_03513,0.9366479566676048,0.1115880375978802,0.4475248510815425,0.0008844711414387402,0.19502937865335113,0.0023632562663902096,0.32417679921569204,0.9969998809568561
SAMPLE_03514,0.9584216358625013,0.11555327586584485,0.23070598480448784,0.00039111649703481137,0.06966036717769108,0.00028779391466325925,0.06843453578867896,0.0524244551665885
SAMPLE_03515,0.8393213343605219,0.3307821953419774,0.5319473430785465,6.446032928690352e-05,0.13473375625566167,3.8307282777388335e-05,0.12051929261057079,0.9951196700615124
SAMPLE_03516,0.9584135172061499,0.5913516854332538,0.7421753103541677,0.0017502265447025278,0.19933461704097238,0.011096282333087735,0.548626069578394,0.5814493080328901
SAMPLE_03517,0.0800958530305797,0.14749268222266487,0.1296013279706057,0.9999999999999999,0.04300419057168119,4.262362002737027e-05,0.002944893425665573,0.13727485169708545
SAMPLE_03518,0.20865290095134448,0.07115678951514133,0.13491365839118707,0.9999999999999999,0.05581778880051235,0.00015377040167521697,0.0009505297641187122,0.18427092131241296
SAMPLE_03519,0.9583889067118051,0.5851103862342765,0.6513554366210971,0.004065575146073721,0.16452419261920997,0.014489146494660663,0.08724451328303673,0.9805546922664574
SAMPLE_03520,0.9782357354612555,0.34236578690558245,0.29941584504779206,0.00018276051222147058,0.7972980332574822,0.0023225546805024496,0.20173747465764366,0.998498758367324
SAMPLE_03521,0.958419036346875,0.08576532838773879,0.14730631355686646,0.0009021809408301555,0.08959923275944576,0.002320572527089615,0.055280939859118985,0.2146250024906471
SAMPLE_03522,0.5208656882268076,0.15273221188970149,0.14971452713803204,0.9999999999999999,0.0031618954792726837,3.9088705639068636e-05,0.06845216096902826,0.1429594764246156
SAMPLE_03523,0.9584150321574363,0.8682880155755532,0.8934229206689859,0.014251390025224523,0.776056151979255,0.3415339219353424,0.9704639508879642,0.9984008264123956
SAMPLE_03524,0.9584203449722613,0.013292362359042038,0.0276677413780872,0.002380341386826751,0.5166291515719197,0.00039820655180788857,0.005139946517000232,0.20729045370280647
SAMPLE_03525,0.9583507899001408,0.2055873334040652,0.2671621487337121,0.08389520728174661,0.6954787887229189,0.15371131539002847,0.21328097029966314,0.9624638178932359
SAMPLE_03526,0.515746878920694,0.05214300590157758,0.047341884635441325,0.9999999999999999,0.04262385478410485,4.306845780755466e-05,0.002583918563421479,0.9794468920226048
SAMPLE_03527,0.95842075483452,0.09934515856421541,0.32462983673395124,0.00020197048323692478,0.48852255240416914,0.0012576145147230836,0.10263530803789309,0.5290295230443194
SAMPLE_03528,0.9583188639550854,0.14986846883193353,0.16117001381126594,0.0008954668842625532,0.20881319463725045,0.014702700323138846,0.08765207115727586,0.9964489935507586
SAMPLE_03529,0.48060236978474846,0.5064976516258464,0.5799711514007921,0.9999999999999999,0.04219486156698765,0.00036883756098247977,0.06008202004571895,0.9925257819310588
SAMPLE_03530,0.9584173393480335,0.23867831891826588,0.17309985324562874,9.757740905851509e-05,0.04776466967085308,0.00024543286516877475,0.0790675912159348,0.20293735625881854
SAMPLE_03531,0.9584171692450143,0.3154901736864728,0.3274990331193831,0.0003192894651367329,0.27592590931694216,0.002995483470798668,0.24491503244683482,0.23722100129809276
SAMPLE_03532,0.9584135599995631,0.19093649178065616,0.23295936087738559,0.0007034108689512986,0.2164303221227092,0.10705710129353127,0.2006684799596929,0.9903950444702689
SAMPLE_03533,0.9584033330005524,0.20678661888381797,0.2870619392024156,0.0034315569761471467,0.11724161238231699,0.06580614291547877,0.38966055668259625,0.8024980412873963
SAMPLE_03534,0.24750359152163082,0.4825411738307527,0.5090195309768246,0.9999999999999999,0.2312714204796667,0.03125927952562614,0.1555029540495264,0.9626937398962292
SAMPLE_03535,0.3700015546671851,0.11830055479875869,0.08743320094428525,0.9999999999999999,0.0639833478983606,4.446968183938018e-05,0.0003888892177328339,0.0044692807502376385
SAMPLE_03536,0.6875796784312773,0.4911069858089884,0.5891598927981053,7.261009322939985e-05,0.1358756325352357,0.00012692083661188126,0.10855516750716103,0.9975093280738103
SAMPLE_03537,0.9584118411784259,0.40705969933479014,0.5371946634274498,0.01717425380159007,0.6906366300000736,0.10784032709008347,0.4678131609427302,0.9915043376655502
SAMPLE_03538,0.3353109202023237,0.23823504954014438,0.37866966218400677,4.914871085859821e-05,0.09981567888030343,3.826596792375808e-05,0.027966887992158677,0.5866451829632822
SAMPLE_03539,0.18601609064007724,0.08924647143389218,0.13444300519972646,4.751842015668847e-05,0.18602793352599756,3.863378270542292e-05,0.045293865900360164,0.9996353108567583
SAMPLE_03540,0.9999999999999999,0.1431913274924624,0.040975356854365694,0.9584244483972142,0.9999999999999999,0.9999999999999999,0.9999999999999999,0.9999999999999999
SAMPLE_03541,0.9584184742061266,0.5659639553825346,0.4688385748906489,0.022996754771639323,0.18772205971887418,0.3555396352935466,0.6353984855170717,0.6232456297409364
SAMPLE_03542,0.9584110972662132,0.5618154713259307,0.6929011788615691,0.002395130926842907,0.8408077648449022,0.0028220806245768735,0.658095999402739,0.9535500066961358
SAMPLE_03543,0.9584225455629208,0.32319625693401605,0.2785896764405549,0.0005828698359911106,0.12544286800613322,0.0027467286950128454,0.1434849682511189,0.19751212494255013
SAMPLE_03544,0.11318098030242932,0.11069537933313865,0.10741808806906002,0.9999999999999999,0.006912891442793643,6.353282464094314e-05,0.0015181578685723417,0.07527495636603204
SAMPLE_03545,0.9584127787504697,0.41625176365898126,0.40881856118755944,0.0007461190756132561,0.11900350025875364,0.0021776469370417524,0.2053159323515347,0.31007408112978846
SAMPLE_03546,0.9584161489073175,0.10503918188260093,0.23541171674181677,0.0012833677553711125,0.026187163042739964,0.005134102354391658,0.02866553304910935,0.030117057784148624
SAMPLE_03547,0.5936688371576705,0.2932607995689719,0.22687664481922754,0.9999999999999999,0.18187262468980223,0.0005655116663369503,0.0047463743912767135,0.9898973103574551
SAMPLE_03548,0.9583930043508619,0.028680087483550058,0.05090412777159126,0.00014011752600586076,0.042506854233414576,0.00011202974317070872,0.0036549194908710673,0.024518576601746833
SAMPLE_03549,0.9583478736226031,0.062116469773259506,0.11251434639107366,0.0007058774354172492,0.39294287943049394,0.003648849388438618,0.07184519967932587,0.4254850959240335
SAMPLE_03550,0.9584057134142004,0.12809150347277098,0.1569770241871326,0.00014394545223974923,0.23246648540385842,0.0006507046556850852,0.013212198786094817,0.26659419917199834
SAMPLE_03551,0.24709258226439396,0.5303116593175979,0.44161782739821154,0.9999999999999999,0.0031051069266653073,6.689334200395387e-05,0.37441134850163893,0.2586268323443561
SAMPLE_03552,0.9584169472709602,0.07416123544600141,0.0801192602599709,0.0002600250224585901,0.038120457938032835,0.001981833842024322,0.054294468919176615,0.1280280441755582
SAMPLE_03553,0.9584163562938581,0.07695490319467545,0.1319488000194124,0.0002873034206472239,0.1227949910753591,0.00834157987955844,0.05609398140656374,0.05778008612914263
SAMPLE_03554,0.9583997427207182,0.042702156717923906,0.063312173388168,0.00034256260714982546,0.06817427092274646,0.0004676782532735184,0.013152284109345214,0.025568611013522063
SAMPLE_03555,0.5466994259852916,0.020412080842460024,0.010955815182476961,5.7021444575877104e-05,0.27769345685468194,4.158407507014549e-05,0.004416198789353976,0.18658652224344532
SAMPLE_03556,0.9584168645177856,0.11944331539577885,0.17296419828035145,0.0007315730686016266,0.054090995105808976,0.06905042373750028,0.12477041736468458,0.07622817707077997
SAMPLE_03557,0.9584045329301234,0.2779214637109531,0.3863953872106018,0.002948396412458561,0.3196834449396321,0.04358585799643366,0.27322660266745835,0.9942929215226218
SAMPLE_03558,0.9584220581206122,0.07605281965419546,0.08424036395376636,0.001760371675648788,0.05834953639647696,0.0065706225462865185,0.06375769719639034,0.1477058578226136
SAMPLE_03559,0.9583580962354965,0.08819468997090937,0.12562459688307673,0.0037171395633959787,0.027742469817382792,0.0031908698162517036,0.05551103278884663,0.02410629623411428
SAMPLE_03560,0.45002442740956217,0.2935658917387953,0.24878997192161742,5.76156647711811e-05,0.07344696251989319,9.030413762385218e-05,0.03851710832446774,0.992496818565871
SAMPLE_03561,0.1802760645685067,0.06961382279391001,0.11370346795184558,0.9999999999999999,0.03823867046357219,5.160368268316453e-05,0.04879827967007563,0.038334774558455464
SAMPLE_03562,0.9584093425181252,0.2546570140628915,0.24161917441871678,0.0005422634346640447,0.11977286352191983,0.000524749889613423,0.04735313750154101,0.19427716512019125
SAMPLE_03563,0.8107299931768177,0.1994342483418535,0.43747950214563436,5.890760747701932e-05,0.3686914411401943,4.939807453295587e-05,0.16962819171332177,0.9863884147127149
SAMPLE_03564,0.8605767833580082,0.09803443230295227,0.19350717389018313,4.9292367677451766e-05,0.2435581207786542,0.00028978152193514893,0.027640012651466594,0.9988325141410517
SAMPLE_03565,0.9584146127834652,0.07069288751354669,0.12007368793538693,0.004463984130655936,0.0535423078738384,0.01187825086510592,0.23018471813828037,0.09402969931687313
SAMPLE_03566,0.9584122863932183,0.02544809365337614,0.019604607136504217,0.0074054550964849225,0.7143703458202134,0.0014123016611170757,0.04055219195143233,0.9093714786327616
SAMPLE_03567,0.7847594910270996,0.4707840118218987,0.4247148684987817,0.00011846999051060453,0.3337937453252379,5.354210706296163e-05,0.1402713758761952,0.9945968398604388
SAMPLE_03568,0.21053244144552088,0.31947372718466716,0.4261307296214189,0.9999999999999999,0.06681502212571938,7.38646473022497e-05,0.012701343854384158,0.49470371415781156
SAMPLE_03569,0.9584223635633984,0.08802366448193259,0.13646610815646676,0.00012363965851926487,0.0320865207207777,0.0005639349515940687,0.045443212343966366,0.03631090347048896
SAMPLE_03570,0.9584208500610001,0.7090001054050514,0.7340544162427812,9.444370991504703e-05,0.18787877338080047,0.0027457627494957295,0.6631211748272514,0.48133623764943007
SAMPLE_03571,0.9583992242679854,0.23443222625775345,0.33932097449405096,0.0002956276637465947,0.35111377263000876,0.0007850799151326606,0.17975825083420424,0.9578891118538301
SAMPLE_03572,0.9583996880578942,0.2151339069153111,0.26917393173430715,0.058644271442061816,0.4317086965924892,0.12499460774560904,0.22385323158487863,0.3897332213370875
SAMPLE_03573,0.9578118482378333,0.2696694198893467,0.43101193195900556,0.006275800606517498,0.08670285082790904,0.03123822920638202,0.1148439967207725,0.9960641203663325
SAMPLE_03574,0.045689370392750735,0.03301575944080294,0.025113216289645697,0.9999999999999999,0.025487022907820855,3.93770447620786e-05,0.0003393515443444867,0.042876630591795584
SAMPLE_03575,0.7188082017993804,0.2994567247518717,0.3148367673343122,0.9999999999999999,0.06937683382439468,5.013861192987423e-05,0.014758785483316644,0.017725319739845497
SAMPLE_03576,0.9999999999999999,0.9564487545817509,0.8491035125393573,0.9584278586483855,0.9999999999999999,0.9999999999999999,0.9999999999999999,0.9999999999999999
SAMPLE_03577,0.9584045775281503,0.11472261449994967,0.1430583808302234,0.0022580012046169414,0.023066950710663982,0.000774378759692735,0.1615568818283575,0.1722015987124868
SAMPLE_03578,0.9584087588383823,0.16471462428246986,0.12950105468417863,0.0029321868050439185,0.1286218723868628,0.009355961445226981,0.10542734169890539,0.24327707027100479
SAMPLE_03579,0.9584185689829265,0.07301821890745587,0.12905395774846476,0.0003231570685209645,0.030482071762341467,0.0003816015391058835,0.03060686523537882,0.18895003385669495
SAMPLE_03580,0.2545144703286919,0.05127378789305371,0.06679025492009182,0.9999999999999999,0.03321027392250996,3.95332353604024e-05,0.0014259884376615984,0.9960976771092006
SAMPLE_03581,0.6024147687083681,0.5059689060541325,0.507969538623018,0.9999999999999999,0.1329254836992678,9.442918564469402e-05,0.044122376787311283,0.9986754420555425
SAMPLE_03582,0.9418793617635468,0.4540343888743647,0.5067749751611106,0.00011422987369722532,0.14311702196285742,0.003181581318272466,0.05914207232407281,0.9987809798336933
SAMPLE_03583,0.9584040941532455,0.3240942969214624,0.3723798812881825,0.0027667581730103884,0.08541695799551283,0.07081986143328868,0.1927898187705329,0.19419624050935647
SAMPLE_03584,0.8402523725926674,0.07118688180933279,0.117272769804212,5.1561375136511485e-05,0.14358240175488668,9.69852066046583e-05,0.015941147365335986,0.7834311665891786
SAMPLE_03585,0.9584178030571403,0.14379785684773377,0.3050225764303769,0.00035892523482404217,0.1525716987160088,0.0006417549565486034,0.025883670548089287,0.3111384413041003
SAMPLE_03586,0.9584205823919597,0.0819425550945477,0.12734582796400754,0.00018749449177613145,0.006028557919874012,0.00016767859384840032,0.10292063253496612,0.032995367182597504
SAMPLE_03587,0.327082009366925,0.577328858481743,0.635744087917665,0.9999999999999999,0.013048530723564239,4.2818709914561994e-05,0.04754706644482687,0.21631653712761012
SAMPLE_03588,0.8028313383967447,0.8732425549638858,0.9123509954401473,0.9999999999999999,0.007070827877287208,3.958237011523562e-05,0.6817569628194157,0.9124590438880833
SAMPLE_03589,0.9887014088665333,0.13472495702478413,0.6437706804335857,6.0925672417568536e-05,0.09929969324375013,5.9830046451114366e-05,0.02108973135282264,0.9988393680758683
SAMPLE_03590,0.5493675142258648,0.2005136915941359,0.19239850634917877,0.9999999999999999,0.029192484265487647,0.00016312492611246436,0.038139542754896255,0.012392469135682066
SAMPLE_03591,0.9313794391421202,0.565445320718406,0.6733647619367693,4.760160687105678e-05,0.18321269216109679,3.536805504659435e-05,0.09266173775391612,0.9840610112924949
SAMPLE_03592,0.9584211836319959,0.21084669426174898,0.24520559017010404,0.0006980650861603194,0.3000098174260747,0.009104523851479954,0.14472011379385596,0.9970957881663016
SAMPLE_03593,0.9583807493168413,0.26136832963536283,0.2775353900086465,0.00013824975387014004,0.08307825326104568,0.002914969097901926,0.04705019869700707,0.7331462267661215
SAMPLE_03594,0.9999999999999999,0.7585452615779597,0.7482939520292953,0.9584260076014933,0.9999999999999999,0.9999999999999999,0.9999999999999999,0.9999999999999999
SAMPLE_03595,0.537653754072902,0.7143976175540914,0.7953779171703463,0.9999999999999999,0.14865611887338315,6.911298847044078e-05,0.11406378393359486,0.9901261846710071
SAMPLE_03596,0.9584229862532794,0.03207140977993869,0.046690791929462495,0.0005381427208851579,0.31850082089904996,0.0006285649705927991,0.05478139526816752,0.36798757915177394
SAMPLE_03597,0.4402481116346295,0.020056560652611393,0.030330057997104722,4.9877126413335424e-05,0.25217095041512805,4.150916185561123e-05,0.012097309185735632,0.9984544344702506
SAMPLE_03598,0.9584151072999125,0.027816772202515792,0.10130030332762559,0.004479931506321189,0.2432076698287866,0.000742764042352137,0.023440824469859053,0.11817887815469544
SAMPLE_03599,0.5862141183666714,0.6756505861619122,0.7287919004169937,0.9999999999999999,0.0027879087792424813,4.145616612811066e-05,0.12403907388920896,0.22777655519290743
SAMPLE_03600,0.9583958089328424,0.6254359203605473,0.3886897178444902,0.003316181175534836,0.1021836288211416,0.044746545488254276,0.1401332171578005,0.3218367507745955
SAMPLE_03601,0.872477382528616,0.33827164599602844,0.6904642831589269,0.00030170189752936125,0.4407305101481537,0.0009886344858890716,0.2854862480643472,0.9983710692432861
SAMPLE_03602,0.9467996447138025,0.4989702180893734,0.592398796454623,9.340229925948947e-05,0.10371709096113457,0.0007315779740903311,0.09096034512463595,0.9505062313650283
SAMPLE_03603,0.9583921523296665,0.08684005704272722,0.07110341979920815,0.0005952105770823692,0.05991125369885787,0.0024851930521845103,0.04091411658118501,0.16677785890031616
SAMPLE_03604,0.9999999999999999,0.7125385970314437,0.7610251453830533,0.9583935138956606,0.9999999999999999,0.9999999999999999,0.9999999999999999,0.9999999999999999
SAMPLE_03605,0.85373760643588,0.4076249701692044,0.29708779016775416,5.622984157134199e-05,0.3181861878335399,0.00018533472339362012,0.47051293591959453,0.9994150399599404
SAMPLE_03606,0.5740796979294795,0.12494745904963714,0.19456213399763603,0.9999999999999999,0.09723992086612325,4.003891217442631e-05,0.005152287047391367,0.880302933777452
SAMPLE_03607,0.9584215688302307,0.004360056239227869,0.03367874046121936,0.0001249207398712754,0.0741751661904661,0.0002804070273677803,0.0037532418035616053,0.05119783721957351
SAMPLE_03608,0.630646935494055,0.2520800303252531,0.21579849179167818,0.027779559147280964,0.14086894094642946,0.0004487179689986535,0.024146817137270016,0.947771395565069
SAMPLE_03609,0.9583990408542545,0.015353679224560386,0.03360593558522934,0.0001815324415307806,0.019991310856324156,0.0004807364227930536,0.003519087358950202,0.011526545336937723
SAMPLE_03610,0.7151758152258187,0.21209578262419887,0.5062800913959983,0.005580614690067277,0.07434375279849921,0.0398297396006374,0.005423591190892336,0.9718200325691567
SAMPLE_03611,0.9584231953640131,0.07557312589897025,0.11915416368691577,0.00019642368414730425,0.04071231346196362,0.0009506457489692884,0.059333832359589,0.04848575572486438
SAMPLE_03612,0.9584171562070687,0.017430087037946275,0.026138826594831667,0.00025515779142322974,0.014694939941739165,0.0016767392990597438,0.008954802078822384,0.028344987432008577
SAMPLE_03613,0.958369087391306,0.40722207885229017,0.39321035794927106,0.002484923048402994,0.2614912290200435,0.0031866134196945847,0.32732373194202946,0.2767789483958285
SAMPLE_03614,0.9583866909694785,0.5252401968524655,0.5282188262797908,0.005241399699766968,0.43660243020538925,0.03585059525139846,0.6282709468168943,0.7687715633446157
SAMPLE_03615,0.9583977191040352,0.13880820926972465,0.27749623365734705,0.0015120621945641085,0.1460559726115555,0.00600257234809324,0.3014604039784202,0.3741339776209355
SAMPLE_03616,0.9584165987596566,0.20594272604807573,0.3368840390774868,0.03815840600881572,0.49751385132599596,0.033494268990724704,0.33949890764488794,0.4663592618831923
SAMPLE_03617,0.47044579875754744,0.04815040737487897,0.07949973655435444,4.8842323058492796e-05,0.13772352817570557,0.0001364815187655579,0.018325474672953552,0.9813912009422441
SAMPLE_03618,0.9272948691949124,0.27011135252865376,0.5948938595148343,4.628481639858455e-05,0.35894211884594385,4.780666845406794e-05,0.04712331384333688,0.988912014358053
SAMPLE_03619,0.9584115833779498,0.7181211720949467,0.7898481258459051,0.00293232404567866,0.7025357000092829,0.11603598574058493,0.8105304152759879,0.7996121980171383
SAMPLE_03620,0.9584216147402339,0.04653743711987732,0.053290096643865546,0.0008257039942156464,0.10945857940563328,0.0058628028172685274,0.011682090074586374,0.14721181856044704
SAMPLE_03621,0.9583430706025469,0.06139311839523519,0.21407146481702827,0.0005241539130786739,0.2535785525005093,0.0034237691230574316,0.03099860253218656,0.539119017619263
SAMPLE_03622,0.19281329377601047,0.18167952018217237,0.16039890791459804,0.9999999999999999,0.01765797942680781,4.287026168825998e-05,0.041804189884072376,0.024742660912087596
SAMPLE_03623,0.9583148614074058,0.29199298199827667,0.5083019546279526,0.0026247224375811895,0.5344501382972404,0.0058837583620977045,0.07329571361496619,0.9856614201639021
SAMPLE_03624,0.6709694033406077,0.4171282268268163,0.7081999154334504,4.835945840096222e-05,0.2157494691068946,3.315334213979104e-05,0.32644587115637985,0.9852841146528927
SAMPLE_03625,0.7868818042553094,0.8185699931058101,0.8798703619846009,0.9999999999999999,0.2591071952350362,0.0002588309838882718,0.5957426047162498,0.9907424384419761
SAMPLE_03626,0.9584100775643547,0.1413877337192242,0.22094421929446734,0.0005857208699624828,0.07573845484641355,0.004807109149703598,0.15677968337151515,0.3034741474274915
SAMPLE_03627,0.958418834993104,0.09949690522447656,0.3116863334285974,0.0001410983191121487,0.7503220558535421,0.0008587939340109988,0.07321345896028457,0.9916173156174638
SAMPLE_03628,0.957695273467349,0.5120070581591283,0.641246168253678,0.5123295894258251,0.904689901154999,0.027077703117673137,0.5846334969153747,0.9825718254358194
SAMPLE_03629,0.970976131833699,0.4025022352631692,0.5810633626645757,4.9947841257289173e-05,0.32914410250526244,4.279734056488544e-05,0.7407371023227841,0.9749175872136687
SAMPLE_03630,0.3551175814785427,0.027672970363515043,0.06652839468731822,0.00014978024916143518,0.13663960451421117,0.0003351649120820323,0.003560082999670515,0.9977716809753657
SAMPLE_03631,0.812110887730265,0.16673187862184063,0.07752994389976839,4.798420609244379e-05,0.08871718785502401,3.8495273764849714e-05,0.10330675111878901,0.9979554803954381
SAMPLE_03632,0.3550855213140209,0.03658038381995388,0.018253430050654704,6.162534798323411e-05,0.2454109299564973,4.102519715318315e-05,0.022187685970161672,0.9998422476896203
SAMPLE_03633,0.5633989214585517,0.4627665908210529,0.33948972751818013,0.9999999999999999,0.008040109387764413,3.9626696975311405e-05,0.007993448048362824,0.8830025544994947
SAMPLE_03634,0.9584078867430513,0.14015670338466119,0.11766388129312266,0.00011500869067229203,0.04880778143126295,0.001493706381564239,0.034863525256916876,0.07328197827884346
SAMPLE_03635,0.958414000716381,0.21751244559646984,0.25838741642801955,0.005319443177531959,0.347978524080762,0.020532073549720357,0.3895278072612245,0.3540803503451451
SAMPLE_03636,0.958409679589266,0.09284337083258244,0.08342226185149217,0.00032541076074840366,0.5989827937373599,0.0029979898216345876,0.06015635219043809,0.5922709367535228
SAMPLE_03637,0.9584080210080552,0.4421533532270621,0.3433556498460846,0.0016060617844483867,0.3018760818899946,0.04855923495229455,0.24090254316895157,0.9985900412421831
SAMPLE_03638,0.958423199014528,0.021644423957737705,0.07620118248447103,0.00022596648919258097,0.04404499304694788,0.000313823961543506,0.009108432098156588,0.11713260839583704
SAMPLE_03639,0.9584190302763067,0.01486428814083646,0.030751025042326928,0.000368598101670021,0.07839933614166235,0.0005211066059951249,0.008781900968106146,0.015543866059279163
SAMPLE_03640,0.9584119520184988,0.23792255695022727,0.23910193135209631,0.0013124735821462765,0.19876134586612287,0.006239505219546333,0.059296097063751885,0.9955226821064433
SAMPLE_03641,0.9119736527989861,0.5325593888114749,0.5646635417180229,0.0004092089112604398,0.48573213119596875,0.0005235445897746678,0.5100912522032245,0.9996959006404231
SAMPLE_03642,0.13973319914599955,0.07011922376004943,0.052502161016474175,0.9999999999999999,0.017961941434419294,0.0001452860344486741,0.00042887972711106923,0.03671586447245772
SAMPLE_03643,0.9584216048691703,0.29722865876470383,0.3406632824916001,0.00908443488673828,0.06732978765241387,0.21400671518972988,0.19298972400630726,0.15469484920113608
SAMPLE_03644,0.5934605855277063,0.19973395360724383,0.27939636444066773,0.9999999999999999,0.05775400046036911,0.00010599953167052453,0.052477627717989,0.15073960206403014
SAMPLE_03645,0.9583922286149361,0.3295362052910533,0.1372722726536571,0.001026642337982761,0.13699412416267986,0.001723149329487598,0.03954981551628678,0.9973035366620131
SAMPLE_03646,0.9583935465298807,0.010763060965742893,0.02493971666699933,7.689595575900785e-05,0.07072508141562482,0.00016966607853072035,0.055841058549355053,0.9771343260416028
SAMPLE_03647,0.9584153933193109,0.042387481455011616,0.1805213500783494,0.00023644694379818386,0.017177262597574947,0.0005293761581032911,0.045098516610741685,0.03299449211844206
SAMPLE_03648,0.958419477125989,0.07024617863964525,0.1624173693120668,0.00032458991486212987,0.07992659123620363,0.00959964333221837,0.03855618781026035,0.33090386843893366
SAMPLE_03649,0.37752561599108897,0.3132451396906465,0.413417160896395,5.675705008151922e-05,0.20174399259176864,0.00026614997148932207,0.014949667855693294,0.9467052467485256
SAMPLE_03650,0.9999999999999999,0.6970634460463968,0.5681634049324779,0.9584260675041945,0.9999999999999999,0.9999999999999999,0.9999999999999999,0.9999999999999999
SAMPLE_03651,0.9584203832748793,0.04035005387614495,0.09687132205316618,0.00033376104319203515,0.014259074843307809,0.0003516049389129702,0.012834443097646244,0.014544050111673595
SAMPLE_03652,0.9116294409090614,0.033029218816051725,0.04771160043492416,9.763044538164339e-05,0.3262940598886576,0.0012366675940242002,0.09925195301718388,0.7217950510862093
SAMPLE_03653,0.9584206840295539,0.38993762009125255,0.6298497475634002,7.64608603139787e-05,0.23273117475778207,0.0004292199926323509,0.2275525019038286,0.44730218555213336
SAMPLE_03654,0.41322159203217673,0.1855777256782338,0.15129383555218462,6.283658069494494e-05,0.43737221620957345,5.3287892479513314e-05,0.11854273622376962,0.9996295858956609
SAMPLE_03655,0.9584197503752431,0.3125504991894103,0.3486229951268006,0.0006419360422135552,0.040436640134843355,0.0018557044543567741,0.10405171257383566,0.2227742633473298
SAMPLE_03656,0.9713929581721336,0.8578379035689897,0.8425647540047805,0.004245851471318691,0.1497036629552439,0.0005264401902780642,0.8301280917899725,0.677354356988661
SAMPLE_03657,0.9584214458837068,0.1101616095538791,0.08537133712033834,0.0001393383070035723,0.023307269646260304,0.0005731473381288369,0.012287799930539807,0.03257612254765109
SAMPLE_03658,0.9584206809082497,0.2342171715546631,0.30364173582627035,0.0005264394877861504,0.09382014482853815,0.0007542544056254034,0.1388078944010361,0.18300997497423488
SAMPLE_03659,0.9584175768899127,0.1687714696111826,0.1349756633624094,0.0009690878783619921,0.16455555301869143,0.008308403020532304,0.13148210624378776,0.33887461652007855
SAMPLE_03660,0.9584219531823602,0.3591598632850458,0.4193795793925773,0.0003371083700573124,0.05010932197285797,0.006394526667572347,0.1444046105470685,0.15996161004006734
SAMPLE_03661,0.9584210003163225,0.023799415369507797,0.02529586373985913,5.3855418312288934e-05,0.011001916585239024,0.0003715203855720479,0.0044836600461512725,0.006592018009786629
SAMPLE_03662,0.44662659911639213,0.16652867181628625,0.17909005575304643,0.9999999999999999,0.018788168878238896,6.561844871799684e-05,0.13241497159454063,0.2133530559884233
SAMPLE_03663,0.9668518141053418,0.6378009513347526,0.6622704148875229,0.0004940837497680256,0.3539265617264108,0.00015617157109569784,0.2645332031619913,0.910324814333064
SAMPLE_03664,0.9584208174992507,0.034089414296187365,0.08842516822098595,8.615960642338583e-05,0.018691250714467346,0.00024841060978465437,0.04109488800452042,0.0893122771254595
SAMPLE_03665,0.9584212169486945,0.9260355140890217,0.9466598383497469,0.006307304498010485,0.8200891149481491,0.2624979466305901,0.9851939170867943,0.9852945000724167
SAMPLE_03666,0.88231703244713,0.1242768717289926,0.14092036179939427,6.170273815296325e-05,0.15698502918388033,0.0016009516942096893,0.04113592243550348,0.9856967048729722
SAMPLE_03667,0.9919070881212361,0.34575080543833814,0.49145259910549666,5.4967693582622194e-05,0.4249140025027109,4.622913562951143e-05,0.06705084143826243,0.9603559074272207
SAMPLE_03668,0.8104202173095831,0.4354079766542836,0.5282326431655545,0.9999999999999999,0.41510943752930796,0.0002654166624493206,0.017999138426656916,0.37455063216816037
SAMPLE_03669,0.9584222842455061,0.09954567078007161,0.18803292113545753,0.00034642748555242033,0.1690176752026093,0.0020184072941059534,0.04175292274318952,0.1185768782602682
SAMPLE_03670,0.958398211342279,0.010779181760866152,0.007267186744671172,0.0007407148316525728,0.012773884681426588,0.0002110510195628701,0.005544133874388476,0.06439750556367
SAMPLE_03671,0.7113208618666452,0.1654198861249609,0.618113796526486,5.457128343749455e-05,0.3195330241423753,7.051224322187182e-05,0.06559422726208332,0.9987515655058341
SAMPLE_03672,0.5426532734771158,0.3643223024082,0.2532529613627671,5.654133948403206e-05,0.05171294926208306,5.772473245992116e-05,0.013726524262882012,0.08510027743883446
SAMPLE_03673,0.487276837396749,0.07621617133777321,0.06421323395080038,5.246109287433191e-05,0.038845674024334,4.375224491149697e-05,0.057428015518057526,0.9954738943835254
SAMPLE_03674,0.9584090266752863,0.10335241635859027,0.1565349603909547,0.0001872742275966573,0.3610060464943256,0.04076633376703502,0.058591223071544636,0.158097765390182
SAMPLE_03675,0.9584218348092746,0.01140435185200072,0.02009306338775931,0.00036140742424595255,0.013577942274370574,0.0007892159886228979,0.006778674865208317,0.009785266296446653
SAMPLE_03676,0.9584116842048316,0.10289804042960624,0.18510736765711008,0.0003694937912090765,0.06120787972521969,0.0038373669870635156,0.15550564032920874,0.14512907241303818
SAMPLE_03677,0.9584079411674988,0.2759914022766439,0.41110216021055185,0.000876366483642144,0.1026689871376486,0.008842779165890102,0.29167514859851673,0.16618107811075214
SAMPLE_03678,0.9584201294334,0.7404222395696674,0.6283096932923827,0.1283401375851858,0.4086052038988401,0.12853324840063865,0.33729701582176885,0.9946596168126464
SAMPLE_03679,0.7471356403316554,0.8837826517870861,0.8648175006552599,0.9999999999999999,0.0728598985645415,0.00015139769921991572,0.26279985552907714,0.8905969779530603
SAMPLE_03680,0.9584213982014763,0.03104714841023428,0.03995691133436573,0.0010201926572647527,0.02203279360839657,0.0005182904205115788,0.024078109711291054,0.10385211911141184
SAMPLE_03681,0.9584055717021138,0.21234675234669292,0.17981261018041605,0.000647914852176866,0.10413247472415596,0.003108974292917437,0.045610982202175174,0.9985092222179288
SAMPLE_03682,0.7140366273381087,0.25817005702126267,0.268139502547131,6.08696660947559e-05,0.13712332531825813,7.040146344086911e-05,0.05149786794423302,0.357541590671969
SAMPLE_03683,0.9584161191687762,0.08761762952975864,0.3071618675175282,0.0007060506838168699,0.27823247567383513,0.002172247234170798,0.03786745326223558,0.4305086687094884
SAMPLE_03684,0.9584191257416094,0.07246741727381498,0.05511078556775793,0.00026739404817456916,0.029593006512317922,0.001285757539926495,0.010178378586335659,0.01857117425525829
SAMPLE_03685,0.9584125820818448,0.5261698805874373,0.6653050642161797,0.015181031339512737,0.5039162106177976,0.15627390207509095,0.5690998562576834,0.998580653909735
SAMPLE_03686,0.9888280058559105,0.32285013388106637,0.6102883430103037,0.0003877830809692021,0.30349026787756955,0.0006771115570180597,0.19123218776999085,0.9984439850782311
SAMPLE_03687,0.9584218863508613,0.09517801896516839,0.19215776501499524,0.00044805832037162895,0.0608164756725038,0.0017096160757563916,0.05093369085341426,0.0588772873581342
SAMPLE_03688,0.9584176033079511,0.14300564771915045,0.2223479306381088,0.00028449447927995355,0.051229564125559575,0.0015997176512087638,0.02479610684210096,0.0466333448011264
SAMPLE_03689,0.9583856258487709,0.044247001048217,0.11419054683697191,0.0002864611727119402,0.07663411101306355,0.0008318983901976825,0.01916822411331938,0.0658436459328475
SAMPLE_03690,0.9583661678047775,0.13404460779189753,0.20785711952584884,0.0003455506349094942,0.0225497736128979,0.0033168704429509576,0.010885012215016115,0.07784266230619052
SAMPLE_03691,0.28497116592066773,0.6819529055790428,0.7269057108983674,0.9999999999999999,0.17523370819958153,5.478626930193145e-05,0.3413293491333901,0.9987481968268166
SAMPLE_03692,0.9584135342870158,0.020835462971406486,0.03652597530910293,0.00010687191283002676,0.0803408906516276,0.00043446908569405097,0.007576841813050097,0.18417791465546296
SAMPLE_03693,0.9579745626281355,0.6408629872937366,0.6871404076450893,0.34053335877483243,0.5386804816087193,0.11739126063936141,0.7742692524163891,0.9918006352611641
SAMPLE_03694,0.9584157866732829,0.14121777307581848,0.2425081772833131,0.002431878171339325,0.035255927984330325,0.030277657760679325,0.2540619966920813,0.125919317437984
SAMPLE_03695,0.9584210300179966,0.04472562690236835,0.19285319597285594,0.00028935867880611963,0.018325108048981624,0.0003553288643276972,0.05615847075756414,0.08805189053512173
SAMPLE_03696,0.6689474484135185,0.29240103904399806,0.30019415870212846,0.00011418621719503285,0.14909208919666478,0.00010670672265567253,0.11501879349480444,0.9945925077845519
SAMPLE_03697,0.6577344113901076,0.042140888957895986,0.08624691994509909,6.999476608501668e-05,0.05983442196533362,0.006968155307151938,0.21719337233341018,0.5582024580805237
SAMPLE_03698,0.5936222214824205,0.5468708569860519,0.5036926017498331,4.881611797540678e-05,0.36204421439438744,3.823649854255723e-05,0.12481300737342328,0.10431734435640264
SAMPLE_03699,0.7812339076183754,0.1810041613923153,0.13540444435423057,5.389734797280393e-05,0.2924346957979411,4.582102091472549e-05,0.0230797631510466,0.9986141912724555
SAMPLE_03700,0.9584115192371802,0.2959379700393592,0.217297353509487,0.0012056721330271213,0.023579978415338883,0.0005844403356266895,0.1315531232624651,0.3248026919090457
SAMPLE_03701,0.47185449598200413,0.27686376417286485,0.1763017202614853,0.00014590217703921312,0.19748998887197622,0.00024018696982503588,0.19453854556908257,0.9994255461847685
SAMPLE_03702,0.958420734060367,0.4138499749273255,0.48459255125717604,0.0730142509032454,0.47485848692526705,0.13298552067564196,0.39125403949159243,0.31162305585136796
SAMPLE_03703,0.9999999999999999,0.9792203411283438,0.9894291582700041,0.9584241119469429,0.9999999999999999,0.9999999999999999,0.9999999999999999,0.9999999999999999
SAMPLE_03704,0.9584081488191162,0.6576748482278523,0.7209303702416355,0.005153472066401045,0.24863782118240596,0.044160626775762934,0.2814515887726501,0.2523096816934075
SAMPLE_03705,0.9746459600515488,0.3918723357235308,0.4758634968021635,0.00013871289339711975,0.5960475893311408,0.0002066566491140401,0.1968487115990961,0.9994972113683368
SAMPLE_03706,0.8884379562590458,0.09974213450046285,0.05511924970753717,4.785424133343111e-05,0.3211375548092485,3.8423029329829324e-05,0.10760207913912262,0.9996245587811877
SAMPLE_03707,0.9584200628493009,0.04551669486670251,0.09185606765210336,0.00015245703353254907,0.0649075125389415,0.0025734199261364496,0.037243018338565276,0.09103757141992817
SAMPLE_03708,0.9137393664464979,0.2352037690478095,0.2081607973392129,0.9999999999999999,0.00708331517359349,6.13013976542604e-05,0.01731983230978662,0.019743388091147722
SAMPLE_03709,0.9584198714199438,0.0213278815020509,0.054690439575012434,0.00011954995868840152,0.6266409722907486,0.0015578211228956648,0.019118068730887193,0.44584650858412833
SAMPLE_03710,0.958421795968335,0.08650306548444979,0.13030076902775334,0.00014231572781593348,0.026225216309805514,0.0006258219606202524,0.014963233122301132,0.045480726591053025
SAMPLE_03711,0.9796578033420589,0.7195072018405898,0.818199570742704,8.017150410697622e-05,0.8608667174555382,6.154179054760263e-05,0.376568015283791,0.9987715582286458
SAMPLE_03712,0.9583032478472581,0.15630387155624725,0.270153505038238,0.0001771254053836909,0.26450015525518944,0.0030557110760922835,0.09746511083382717,0.9877925683905628
SAMPLE_03713,0.9584163464826005,0.037110214989042704,0.21950369794046748,0.00010948290119483369,0.028141349973300693,0.00045372644488695974,0.021127514939710355,0.0650089548336826
SAMPLE_03714,0.958419354523557,0.4379962229238942,0.17163682615660003,0.0016951352519657724,0.23514425586578397,0.027636923220842817,0.5096109922902674,0.31237610717649283
SAMPLE_03715,0.958420132375068,0.2105046070920647,0.10379137912553221,0.00012028491385849855,0.3568069578774364,0.00016267759920187954,0.03802632677476443,0.2303773695165307
SAMPLE_03716,0.7092964160443365,0.4224899046324358,0.6517070066528927,5.42181236176913e-05,0.0743529202120892,4.758748332320488e-05,0.10080603552632948,0.999596224237027
SAMPLE_03717,0.9584107789195979,0.009487928692135238,0.007806194269036441,0.00012183365163520102,0.009866318307167957,0.00032241754746618873,0.011773125255944476,0.017633193163499768
SAMPLE_03718,0.958421216451291,0.05723094227983986,0.138953273963534,0.00027057723804851865,0.02529909622660618,0.0003107587949628645,0.05917640454682986,0.06999286033936962
SAMPLE_03719,0.9582853509544138,0.6634450838488676,0.6862406186177736,0.054438502049513934,0.22697495944445634,0.17776691209791415,0.1840516626770431,0.8271947930143774
SAMPLE_03720,0.9584083175268352,0.3603485818631272,0.3117057161130485,9.534150635698119e-05,0.320282265008488,0.0007431194909111506,0.38535451950056787,0.4484400428184086
SAMPLE_03721,0.5146862298893158,0.12276541074097237,0.10475930066460297,0.9999999999999999,0.009481700776056116,7.656270026410749e-05,0.04385046895120472,0.005839757462408003
SAMPLE_03722,0.9999999999999999,0.4736785767866804,0.36533133533186674,0.958427355034287,0.9999999999999999,0.9999999999999999,0.9999999999999999,0.9999999999999999
SAMPLE_03723,0.18600101830367474,0.24862584951909983,0.24754089492891088,0.9999999999999999,0.07653472114864404,4.3111706190674515e-05,0.0011887202548798192,0.004905211440423346
SAMPLE_03724,0.92836533752666,0.9076618735728307,0.7830301932231786,0.9999999999999999,0.03464345860605443,0.00017325964526077324,0.06370133531847118,0.9973349878606107
SAMPLE_03725,0.729336380006244,0.1063641408459873,0.17422024945880232,0.0015580851263425465,0.13390394190321397,0.015301242616632786,0.04141528349665182,0.9985161029594825
SAMPLE_03726,0.958289231951816,0.34637304956236104,0.528108087930839,0.0013154004785969039,0.11823540313145149,0.004528709550304004,0.3759451478366397,0.9963927654405422
SAMPLE_03727,0.9583401232643868,0.2852587610253898,0.31617455143853435,0.1277330989943513,0.29817441286345825,0.020177336855722493,0.09146746692134547,0.22975448834325568
SAMPLE_03728,0.8543503078252945,0.11927422573382263,0.2066552943780536,6.665963420947671e-05,0.24481601739530914,0.00012249108738969419,0.03667800046440304,0.9498368176832599
SAMPLE_03729,0.8649572404185578,0.9446399926064355,0.9169590693966488,5.881989866545738e-05,0.7152656209568649,0.4868061031219297,0.7947439458705462,0.9947766459164256
SAMPLE_03730,0.9583763707781735,0.787950907948533,0.8281067863589637,0.002088569895669349,0.5911453693394955,0.00048209116678001767,0.5209611995001674,0.8683279252164284
SAMPLE_03731,0.958404320520543,0.12454693031922055,0.20917809928807057,0.0004665429512502447,0.10364962752259708,0.00554780741513785,0.08326608247513766,0.2487787150076423
SAMPLE_03732,0.9610120245400615,0.7609263476255557,0.7818775566337638,0.9999999999999999,0.0182581148531732,3.914447277157432e-05,0.15789275928646254,0.506380968783315
SAMPLE_03733,0.5787231437437559,0.5294616827391834,0.4806891999277423,0.9999999999999999,0.12858604039718174,0.006187107902761006,0.036538396889868555,0.006131969428743354
SAMPLE_03734,0.9584002355624746,0.27968960930697967,0.35293868353438695,0.0014824416043131385,0.39861398366836887,0.0067363135114725005,0.5139883004033177,0.9802612489937899
SAMPLE_03735,0.9595042529550976,0.47456124529540555,0.9125641579159862,0.000317036446302748,0.625228959300174,0.003781119369079504,0.2705972878405187,0.9832209534197308
SAMPLE_03736,0.9584156848165869,0.31499889810177245,0.24739047919704293,0.0005647457518246476,0.5292991926863206,0.01988216428395097,0.1959222108883849,0.9959851379961921
SAMPLE_03737,0.9999999999999999,0.23119843051542044,0.18731985708588708,0.9584194902215657,0.9999999999999999,0.9999999999999999,0.9999999999999999,0.9999999999999999
SAMPLE_03738,0.9584179959028579,0.08477474298432583,0.10629678694726336,0.0005349244025929,0.005499138366198121,0.00019308481917968564,0.015444432973056888,0.01932872145174732
SAMPLE_03739,0.9584192179271884,0.1556397006436011,0.06077339548020151,0.0009105221061113189,0.0426579203699437,0.005505936183854414,0.031502276103543246,0.19356548145864172
SAMPLE_03740,0.9583796357718336,0.00960007659780959,0.014132807839556552,0.0005089708636661239,0.40955243253441503,0.0007809937749510349,0.017070051341064516,0.46978898105267797
SAMPLE_03741,0.9583927731999143,0.04366616602633363,0.07612416992654615,0.00039878102759549584,0.01231346790797417,0.000959123410087744,0.035045560151861735,0.03610547814611314
SAMPLE_03742,0.9584050929884077,0.08562497463257361,0.08448502971601128,0.000165138010030391,0.0380608289887631,0.0008642161408870813,0.009768696886895783,0.05106080638247348
SAMPLE_03743,0.7093824419690489,0.5202989481705398,0.5815434921720328,4.744586969728894e-05,0.2747240027152104,5.454480426804208e-05,0.2142909171703793,0.1997731891387824
SAMPLE_03744,0.46077444104771736,0.7144690271857033,0.7882666365469992,0.002996340171300683,0.3593210938443369,0.00973450434935393,0.25452704703803675,0.967097541852574
SAMPLE_03745,0.6731693646200203,0.18390546805244606,0.1902522681860657,0.9999999999999999,0.044816245870424876,4.316926624280811e-05,0.009795199410069346,0.7172442600670234
SAMPLE_03746,0.9584198645320735,0.03511404975879261,0.0996451829242766,0.0008073029900819632,0.049787530100278726,0.0032661803079426033,0.07695708001040491,0.12932086861942105
SAMPLE_03747,0.958392228729541,0.5576445464149393,0.5246676605233989,0.0030316549318456197,0.6523986522382073,0.009423238380827146,0.39135313102096986,0.6258896739513351
SAMPLE_03748,0.5208034949886697,0.27928346700955176,0.2495765050306819,0.9999999999999999,0.01915432484421306,8.349860927410231e-05,0.0074153714596510096,0.04166765450481487
SAMPLE_03749,0.9584056399113449,0.07385058671246801,0.2714145571607527,0.00012265858376181768,0.01165664520062137,0.0005476893800053328,0.08149834746637336,0.08316541273150725
SAMPLE_03750,0.5588510564598501,0.16191805430364056,0.27236314994486055,8.250569699046842e-05,0.23172070940467565,0.0002180133287716985,0.3029836188937826,0.9588086644700458
SAMPLE_03751,0.8503041417793661,0.5305963543070424,0.5712263765763862,0.9999999999999999,0.0024819939183968057,3.8304092734294044e-05,0.016017277731749786,0.043778080261341897
SAMPLE_03752,0.23321307446311115,0.14869024499375794,0.15895631918593378,0.9999999999999999,0.0028079262843263095,4.70614440876432e-05,0.0023912238708995105,0.012913490305457149
SAMPLE_03753,0.39016423860422955,0.09383591412646868,0.0935260219428498,0.9999999999999999,0.010674094374065678,4.080582576419316e-05,0.00960110508761588,0.25778198794663626
SAMPLE_03754,0.08083055935083981,0.0821806248004262,0.08884454289974031,0.9999999999999999,0.1456285298113499,0.000271077312352606,0.0006590566217277859,0.990459478042051
SAMPLE_03755,0.9583883309312534,0.40973520922086415,0.6892432040774201,0.03188547477624521,0.3321749942095715,0.042841651674979386,0.6064211376780221,0.4947174979747552
SAMPLE_03756,0.63351538329031,0.1563226614392695,0.06461948990951416,5.863092039829564e-05,0.08911365875284283,4.538599731614956e-05,0.02769347876457736,0.9990828426209645
SAMPLE_03757,0.958421854310479,0.20259420061808303,0.34343444009721913,0.0002866577993146591,0.06403475838413579,0.0016903328407948108,0.03437829091190579,0.13650599086172505
SAMPLE_03758,0.9583530031740849,0.15980813627840507,0.20504082349152603,0.0015121149691675049,0.40105241775662626,0.0029085727389046227,0.09850668630986247,0.975261435719734
SAMPLE_03759,0.9584197889556763,0.18170122556436172,0.1296541226991665,0.0001137395509683616,0.6396111207614535,0.0002586746758486392,0.03555863391401118,0.8080019077043681
SAMPLE_03760,0.9323561967608062,0.5849970554924075,0.5766931539577602,0.04609446664775726,0.7948879042774746,0.0016570190813474301,0.4837214876217794,0.9947984337014815
SAMPLE_03761,0.9584150903544784,0.10490272466824602,0.12830450179164332,0.0003218420922569779,0.08582123682003459,0.0022110412172461633,0.02923433510213859,0.13485628453622373
SAMPLE_03762,0.8704581235571155,0.2595305713555943,0.2791601457359893,0.9999999999999999,0.2390252472222747,0.00014543626604953509,0.021117578038007834,0.2512894188681316
SAMPLE_03763,0.958340439253423,0.24078698487858283,0.2500869490142318,0.0035326404114215085,0.048739658012558564,0.02114547430870922,0.09463855465792664,0.16187894990382068
SAMPLE_03764,0.9584004629426855,0.11192489005405223,0.12761266586921693,0.004081215701097802,0.15372525238328494,0.004269455097124053,0.0273357497710277,0.9963720112538975
SAMPLE_03765,0.9584080683284872,0.0392361914965237,0.05603512093548527,0.0003902488524471481,0.07923950546946532,0.002741507613818679,0.14185463307461166,0.30160813337145226
SAMPLE_03766,0.9584087879879308,0.09223569243172937,0.21987178901069288,0.00033162978833319316,0.4887376180693462,0.00089357707670703,0.08176219716602608,0.2861837646005713
SAMPLE_03767,0.958417975898288,0.13145829388532956,0.07654556198606523,0.0006113779262471047,0.03974971132626926,0.0007364508887528368,0.08330749677704881,0.0787854071129449
SAMPLE_03768,0.23265831509396456,0.03187083442802364,0.026958080020728442,0.9999999999999999,0.01222572211286898,6.464625692653214e-05,0.0007004490469790315,0.9857011927841883
SAMPLE_03769,0.9584189315751224,0.030334474945788743,0.045946653590249825,0.0014639607927977353,0.014830242771709594,0.006690837367933054,0.051214142963773905,0.01673296547364472
SAMPLE_03770,0.17822420336880487,0.3399570987477526,0.2686513842598306,0.9999999999999999,0.029884475278237614,0.0002364705189754352,0.002206089739290452,0.9990116875700613
SAMPLE_03771,0.9584031338988374,0.09862440332403655,0.1731265619345052,0.0002555499520226195,0.05347652201009083,0.0012974815235709506,0.06175746098415594,0.18746894088265087
SAMPLE_03772,0.9584201357655127,0.11471973197583121,0.16793760529794755,0.0005213448967559909,0.05607130760365213,0.002380437068324789,0.06922068700735104,0.260648389421437
SAMPLE_03773,0.7936570305698071,0.2579991144382131,0.35081894123890817,8.170133280078816e-05,0.2662763651466956,9.745063403856233e-05,0.02513499742380419,0.999292727148431
SAMPLE_03774,0.7289551112395711,0.7811776937250775,0.7255846521962107,0.00015076822582695565,0.321108999475625,0.00010511050542492317,0.7064847623797568,0.9960674658166936
SAMPLE_03775,0.9584205815997291,0.2563725658721994,0.1654817614368551,0.0027482630233414034,0.12279993982547585,0.011509564610672568,0.07961305606216189,0.5150245651770139
SAMPLE_03776,0.9584038511476519,0.1414593318393083,0.19801524664562853,0.00040842579993298066,0.10316926666493607,0.00014041645693604196,0.037185170598326114,0.045120311570802846
SAMPLE_03777,0.9396170359166509,0.11891505548456499,0.12726730683685367,0.9999999999999999,0.1352604666273294,9.423758502689645e-05,0.0006883566155566337,0.218164276666641
SAMPLE_03778,0.9584037753254064,0.055236970535910666,0.04472713625587518,0.009497138886385528,0.0483919928917065,0.0009105965152958523,0.027168193392501802,0.05410853684524594
SAMPLE_03779,0.9584115414803052,0.20980840022103392,0.21619461470932305,0.0005102176365218505,0.058844630799406446,0.00887584570160707,0.0808226772333027,0.09273094792456704
SAMPLE_03780,0.9250229682319083,0.09833685457761532,0.22939427508658924,0.0020383108575239392,0.1582458960114764,0.044247491594143464,0.30856381309047215,0.9975232245826731
SAMPLE_03781,0.7976654086988038,0.49985022274775304,0.5321154821382389,0.9999999999999999,0.005469687472084688,4.6950734077183564e-05,0.07652701003875338,0.9215484140169135
SAMPLE_03782,0.9722327253153812,0.3416960084395376,0.6759623374713004,7.133012854071144e-05,0.5411488314141821,0.00012273668405171067,0.016032907163357424,0.9320517885550781
SAMPLE_03783,0.958407304254932,0.06917753791545062,0.12554077363159163,0.00010983303865135167,0.21749702429994608,0.004519950419023803,0.10696354742172043,0.1019247146974766
SAMPLE_03784,0.958416310537545,0.08957933825033752,0.19200999718645098,0.00021831732298958052,0.13348047877719632,0.005276229512880241,0.2905829225643616,0.40040080847822246
SAMPLE_03785,0.9584201110439343,0.7186124515919263,0.6812300825360833,0.00017620516286798415,0.2362824565518886,0.0006008084479414358,0.6427710145869306,0.9138568442979162
SAMPLE_03786,0.9829492315366342,0.4623201272304359,0.3944000319144609,5.1069255324561896e-05,0.3370233156487806,4.1457139852145936e-05,0.1607948267849179,0.9985973894093615
SAMPLE_03787,0.9962432690645622,0.2615666329063816,0.5676422735024523,5.773554848088323e-05,0.7264955309748937,5.548406560660541e-05,0.20338583743183614,0.998938467337925
SAMPLE_03788,0.958422252223856,0.11342248439160142,0.19726750514620245,4.923077619067581e-05,0.38611597438852524,0.0018029850679612451,0.037009381914034176,0.3450955078432706
SAMPLE_03789,0.855035621039953,0.5265873320318251,0.5806598787591876,0.9999999999999999,0.23304125076048432,0.07897743050327537,0.13075925838821068,0.891844675680003
SAMPLE_03790,0.2365326700907631,0.27531889727669534,0.2847370121206537,5.2935304232794367e-05,0.1397810245469169,0.00013830205054428206,0.03994732599950724,0.999862626850357
SAMPLE_03791,0.9584133452964081,0.04171563392958899,0.10327711325368089,0.00012774008868321327,0.007408365936668651,0.002421024284775335,0.03838878003298484,0.009531954175154728
SAMPLE_03792,0.9583017745182719,0.10240193411569615,0.15679658241677757,0.0029621399933988483,0.1718647522512115,0.015307779493373749,0.016970524557412676,0.2785798741050855
SAMPLE_03793,0.7273647573014035,0.6306581146277767,0.48125935629730926,9.791848981559026e-05,0.06871054088498524,0.00013171516818630746,0.2951298235945947,0.9993424559172737
SAMPLE_03794,0.7357605095368703,0.7970996538897869,0.8229859133836536,0.9999999999999999,0.004269132434823987,0.00010759794160196355,0.5009200205660008,0.4378230989876499
SAMPLE_03795,0.972883112261341,0.6728679774491092,0.7315887624658001,0.6106324420630331,0.34394296146387593,0.04231016457294018,0.43738696647333614,0.9972395846541663
SAMPLE_03796,0.9584168049768061,0.3322312895675122,0.7804910462711949,0.0033952316131332684,0.888290912841531,0.18289688838550516,0.938053200737648,0.9537456285576109
SAMPLE_03797,0.39180055745377557,0.19461186329851002,0.31238204288015337,9.725350346275304e-05,0.08458621756020827,7.855993492643e-05,0.01115114897174374,0.9880016706660601
SAMPLE_03798,0.9583825974533546,0.17550047288575016,0.25178588273564345,0.0004290372494959554,0.16445685333367052,0.0006866105071021417,0.07840688655654615,0.05805684980476718
SAMPLE_03799,0.9583923466645815,0.010628803224947914,0.018332755505046677,0.009251543959100644,0.26970798025581155,0.0005186107755070591,0.0058102344328486485,0.4063342240644422
SAMPLE_03800,0.3019694664121848,0.3954693870751006,0.6366602863420782,0.00011405193626653446,0.25480049663576265,0.0012339908747978437,0.012020628479721407,0.336655951031973
SAMPLE_03801,0.3253942292282871,0.2057472996341462,0.17088400499370338,0.9999999999999999,0.011398337758793882,9.866145651006415e-05,0.0013361156610619514,0.022825325514326377
SAMPLE_03802,0.5053075084734246,0.7921118194487433,0.80659746373584,0.9999999999999999,0.0050961309161478415,4.600778941192227e-05,0.021821559072545925,0.12491621819347237
SAMPLE_03803,0.9583969425301815,0.29580075237019765,0.6610060229933853,9.987915546790668e-05,0.34910272960563854,0.0846509482095518,0.3595363647444759,0.5809177898217914
SAMPLE_03804,0.8203398683326388,0.04000914677492139,0.06679043096716723,0.00040889301159882543,0.11626722084630983,0.015578544108520562,0.00457178447528757,0.9996794718680037
SAMPLE_03805,0.8115470508542375,0.5213415491884078,0.5482177233434055,5.222889535018967e-05,0.20550893664675793,0.00017160880772813266,0.23696300078932236,0.3011444337683708
SAMPLE_03806,0.994787103982806,0.5463238480693658,0.6607713463171329,0.00013288862332914994,0.4322654696129032,0.00010046940603138452,0.20175955075998037,0.9958199039346315
SAMPLE_03807,0.9584222801374356,0.08371268061766687,0.10625709157291097,0.00017613597590738464,0.045355867177825956,0.0028604695652359948,0.04414974538984907,0.07353243179778293
SAMPLE_03808,0.975601748631472,0.6272145717032045,0.5990054976013861,5.2429355590982755e-05,0.4624627114050955,0.00010242902779605393,0.655699352099472,0.9387018508310593
SAMPLE_03809,0.9584126235332816,0.1561985683332991,0.22225077150795064,5.9602035758686623e-05,0.2374203966182577,0.0003079448361789075,0.011384560852847394,0.9997889301852118
SAMPLE_03810,0.9583939219441617,0.03366626528417255,0.06914910925779626,9.686844514207323e-05,0.09551198437320133,0.00031816227873587594,0.03429252661561227,0.05465271384888121
SAMPLE_03811,0.62828075368505,0.1900128895200459,0.20935640054577276,0.9999999999999999,0.07679018922582737,4.120398506906572e-05,0.004152847815711276,0.18070688064359886
SAMPLE_03812,0.9582538103311719,0.1355189910680633,0.37039150211593713,0.0019603396853097753,0.09235393320652939,0.010146749182558208,0.0862623668259948,0.9911184170428716
SAMPLE_03813,0.2434666488269962,0.24921762752943222,0.26562716776598805,0.9999999999999999,0.00272642979140814,5.284769318221119e-05,0.020034225605955556,0.0898863866248173
SAMPLE_03814,0.9584113773872205,0.10601732728485128,0.0818621774592462,0.0019341536385248236,0.1711359098123527,0.0011042650364324338,0.10923213521057307,0.20797176791287994
SAMPLE_03815,0.27036029834087816,0.12014513566660959,0.30906670639644385,0.9999999999999999,0.00942755323156214,4.019880682329844e-05,0.0049470154919228765,0.010073065749594358
SAMPLE_03816,0.9584133681629895,0.5638175680830753,0.5574264658022349,0.014675281860448485,0.3295577273351158,0.04187188583950909,0.26978725922804764,0.9894614307085796
SAMPLE_03817,0.9584195087521813,0.7708181717987675,0.8019562392332313,0.0018975533812401672,0.6287871784762564,0.08826292461875787,0.6899733602070717,0.8420551351025316
SAMPLE_03818,0.9584103488104179,0.12254331889370507,0.10116378850216243,0.002319817095246622,0.06103486539468839,0.0011500027089173415,0.20047234409171746,0.36683038551794706
SAMPLE_03819,0.9584000432716551,0.3140182431822916,0.4161354032086344,0.0022851740625046742,0.3203697708122635,0.002264377027636468,0.25084467727684107,0.8338788722734094
SAMPLE_03820,0.9584013096453694,0.17122630667689356,0.2661552839189298,0.0050059980292531375,0.3467450599008533,0.005686635593132378,0.06318069531975806,0.4143347509520469
SAMPLE_03821,0.4904675794994716,0.3685300891411409,0.25067315288803593,0.9999999999999999,0.03676250411719576,0.0004715120505133725,0.014220402101778922,0.053246144238286094
SAMPLE_03822,0.9584158211847366,0.016799061037977365,0.030476218739668486,5.1973894851994945e-05,0.04649237534625223,0.0003131670120106384,0.017925415973415123,0.0698666566098401
SAMPLE_03823,0.9584200559771522,0.02639334764322817,0.09632620905376796,0.0002510619020906715,0.5877302123246434,0.0003356398799351357,0.005099829752158354,0.22586879335783405
SAMPLE_03824,0.9584141476981068,0.6949418026245182,0.7025535060198287,0.006158117205333859,0.6651456225682036,0.1518003626077522,0.704904772742445,0.5697867254722092
SAMPLE_03825,0.9584212490805639,0.07713323114328274,0.049290283218322864,0.00033982039968938853,0.014118377162994614,0.000518494635136653,0.022746034795711353,0.015823752083046243
SAMPLE_03826,0.42308674073464486,0.10984668682765829,0.1151507291005928,0.0007518441065323591,0.042100461381732165,9.22365861603565e-05,0.1375598469445839,0.9980931662598789
SAMPLE_03827,0.6740076905821712,0.14816338020673925,0.1414654618599093,5.6276355600984315e-05,0.23846630075764783,0.00010352601817971001,0.06114556118431297,0.9592700729303846
SAMPLE_03828,0.9584202798102722,0.3279369836805555,0.26954821560711617,0.00012216572631649705,0.13588711901096465,0.0026945530259925945,0.23332686190345875,0.23787879162557843
SAMPLE_03829,0.9584197739567255,0.3379191067391935,0.3422972351131644,0.00025233923150271513,0.1137844781071542,0.0023638150620748657,0.04908727901493191,0.10762573902360971
SAMPLE_03830,0.8761277643916061,0.09401934214638447,0.10533737115838945,4.740468820149586e-05,0.3740087035737761,3.944783520775646e-05,0.21758003524463876,0.6010529634952386
SAMPLE_03831,0.958422450346949,0.08907442167806022,0.19265744277681648,0.0003272029313706709,0.010900894518763412,0.004092599808201309,0.03735146107680727,0.08818777916687001
SAMPLE_03832,0.9583935792436066,0.013882912925993533,0.01716602584664838,0.0009477330934381993,0.029159761975659566,0.00033746455599834686,0.010083878168045077,0.036148093378948226
SAMPLE_03833,0.10537858572661328,0.27956653180066077,0.2162408656927033,0.9999999999999999,0.003716068150835964,4.2521002253312305e-05,0.00042863387721866445,0.8047170242763624
SAMPLE_03834,0.9584058780178086,0.14878591121470996,0.15855983596573112,0.0005253823207494533,0.2579203449302682,0.05235132472684536,0.13437794948972795,0.40804010101846255
SAMPLE_03835,0.5624172590625008,0.04348783381090563,0.033251344698270284,0.9999999999999999,0.011035648856919864,0.00026935555273610096,0.0027421136316277345,0.989435120055623
SAMPLE_03836,0.8639929495300702,0.19391277613712402,0.26852289861028955,4.7910884877803566e-05,0.14346576602618555,4.67773930912829e-05,0.06190659237691043,0.9996288325027055
SAMPLE_03837,0.9584198588397259,0.05451152849842145,0.08004820416691184,0.00028974708899310924,0.014430146701545361,0.0003816305119743637,0.019882945915724422,0.08269945058821984
SAMPLE_03838,0.9584114776051456,0.1429957186830808,0.14140124466619491,0.0002766412013019459,0.41480195161788747,0.0007588137366141672,0.03812551408261881,0.989875244838307
SAMPLE_03839,0.9290585451645332,0.710263774109109,0.7702666729915089,6.458877226797839e-05,0.4819974393024825,0.0008978529006334364,0.5200183388455022,0.9869057907364029
SAMPLE_03840,0.48150715555319623,0.5103857074105449,0.4637858236208736,0.9999999999999999,0.013390175936386205,5.6823513404569415e-05,0.00521985524210877,0.006597345118419763
SAMPLE_03841,0.9584207261882416,0.2335881723936322,0.3348467816922765,0.0002884939423904234,0.20417108968429065,0.005732067483667636,0.1616019693231733,0.2891920185765519
SAMPLE_03842,0.09706741233666538,0.12474957421412367,0.09999278856991187,0.9999999999999999,0.0024298098081696603,6.269350066385665e-05,0.0007490727293875572,0.003852231219897607
SAMPLE_03843,0.9719157826866661,0.4392788345751497,0.5297662856894246,6.926526662551e-05,0.49276054881104914,8.129036220783632e-05,0.3001447961947492,0.9943369721805475
SAMPLE_03844,0.9584080678483525,0.0838628016427703,0.08253589944953998,0.0005116480918668445,0.19274341427798725,0.00028429484459735336,0.07156292240766016,0.4902572507952369
SAMPLE_03845,0.8180439713557959,0.45610611543193746,0.7082413991938513,6.066120821297319e-05,0.4866620933251,5.743110758293887e-05,0.10284720392948771,0.9997266304219379
SAMPLE_03846,0.9584218729079579,0.1358103064691321,0.18757481072537682,0.0002719002479868735,0.1846727942634619,0.0004251723078219987,0.2433921858208622,0.2281027422767384
SAMPLE_03847,0.8571605936606308,0.7292962622993148,0.8030873489903623,0.9999999999999999,0.4409470997215582,6.778005555223373e-05,0.06033257969763679,0.9977978942754355
SAMPLE_03848,0.958409993359902,0.035880461184200366,0.16291508484470651,0.00010038903415918949,0.03788538407091724,0.0003197146492603337,0.08633191198997167,0.34880684638728177
SAMPLE_03849,0.2330219654179032,0.6545282678794576,0.6990361757591653,6.705581413260394e-05,0.12964872942625463,3.44789397016599e-05,0.04183813004854808,0.36844783809399195
SAMPLE_03850,0.9183753830482176,0.719242543004129,0.6323652955020987,0.9999999999999999,0.005782670428963813,0.00013845745215120648,0.13527946169523963,0.2850281599307347
SAMPLE_03851,0.9584028629293163,0.11172894019845109,0.2540003306657744,0.03425251071920934,0.13403935102167547,0.049029566422154044,0.11748723179382134,0.21654422887077807
SAMPLE_03852,0.9584205519667357,0.23093380145931505,0.2889186936223592,0.0008148372375311402,0.12051276107165261,0.000919962174151917,0.029097995905913415,0.09017291106550947
SAMPLE_03853,0.9887525625440703,0.6792354412267998,0.8609221404682442,0.0001539044339208945,0.46690955357999536,0.0006619156059506165,0.4328036699397779,0.1929197636877433
SAMPLE_03854,0.9600386101037792,0.22752233815765888,0.6070716945361351,0.00010485565074742128,0.2728912802259679,0.0065628813816197475,0.07390902217459011,0.998904603635879
SAMPLE_03855,0.207428197958188,0.12017604550539193,0.09746240401618982,0.9999999999999999,0.004852525048109637,4.2779415319197895e-05,0.07489122931257973,0.1503080387863078
SAMPLE_03856,0.958418729503444,0.16835442802048511,0.19061200070584972,0.0003491171809084005,0.09483030388825364,0.04776180603974881,0.05306776181539227,0.18173717772636971
SAMPLE_03857,0.958417926949668,0.17213360233190067,0.1562863883089024,0.00011378451373360678,0.0677211269962991,0.0005132050197972591,0.240387907126139,0.18010453729887702
SAMPLE_03858,0.7550721706238899,0.1295889412183768,0.19300068539209214,5.656034564823874e-05,0.20733693087272073,0.0011560434460000759,0.04091869670129693,0.9286405549572118
SAMPLE_03859,0.11795637385832962,0.0771046860087396,0.1732035272940178,0.9999999999999999,0.0066561826425936945,4.094055518696255e-05,0.002116026353650136,0.13491764391025254
SAMPLE_03860,0.16215468501047114,0.15198897898814476,0.16312840354325414,0.9999999999999999,0.07581810432828999,3.9873524216567937e-05,0.0010507328657780367,0.05397277511240263
SAMPLE_03861,0.9584194326980771,0.09324294841211103,0.23537425574297105,0.00018629629881160777,0.02025666836672101,0.0007615846826726733,0.1515820006183353,0.23607194319918082
SAMPLE_03862,0.9584114965478396,0.8036506705366837,0.8809032686861837,0.0001839193316408573,0.22350457591552222,0.0006128024062163159,0.5421175533186972,0.38281470240152826
SAMPLE_03863,0.9584093533018043,0.24140070335183017,0.36679137625298136,0.00016291304707604303,0.05994608962041473,0.001039046387388058,0.07603505545658498,0.25864289447436445
SAMPLE_03864,0.8306313856142584,0.7455154867572847,0.7796346485910124,0.9999999999999999,0.0016971889905037152,4.0854535799677994e-05,0.012029083067577927,0.2683214116040956
SAMPLE_03865,0.958101505455812,0.06809399108127383,0.09143244156731396,0.00012899062591425277,0.036572728770545154,0.0005176631173024369,0.032543520230097524,0.08573884203126522
SAMPLE_03866,0.32124662789045333,0.5120511741815197,0.460180980007529,0.9999999999999999,0.029871164148058717,0.00016378594112493596,0.010610767458921424,0.984463651850761
SAMPLE_03867,0.9682145925289898,0.45702381076776627,0.3930112119368566,6.35776272495504e-05,0.39247159990330927,0.0007327298076599036,0.31624315537155095,0.9997598441682471
SAMPLE_03868,0.1976024037551995,0.4772807706150585,0.43084892466894914,0.9999999999999999,0.0020117284872631872,5.50011077606028e-05,0.0471528032993947,0.09498120632645286
SAMPLE_03869,0.9583842060776834,0.3603710294912025,0.44705880383345753,0.00033328187693493525,0.05747080584687859,0.004127958003028023,0.22162729606538656,0.22247289461454825
SAMPLE_03870,0.7520940649593993,0.7491031967301932,0.6224004180474046,0.9999999999999999,0.030185652919942782,0.00010261331390490275,0.2307541268627421,0.6999292104345797
SAMPLE_03871,0.9584168774895532,0.014727396978743305,0.02488830474531854,0.00014633328943319457,0.039142757862449834,0.0009338676659140671,0.010748684999856685,0.04724059203447383
SAMPLE_03872,0.9584186479775703,0.5884933621438382,0.5965063280930978,0.017117424405901995,0.6377893390424006,0.10540643993192994,0.4143343228267123,0.9609608865456383
SAMPLE_03873,0.31978536437751903,0.34388088224571334,0.3414065458370823,7.064905145492612e-05,0.12056488798916415,0.00037056937362627327,0.0694022193951416,0.6705736222778947
SAMPLE_03874,0.9584222313326997,0.21884569317974073,0.30435300112932806,4.7759915502169416e-05,0.22968078315637191,0.00028422210529118315,0.18329751065348104,0.33348981876387407
SAMPLE_03875,0.9584072784448117,0.5591032663593368,0.6932318821226274,0.0019093523005084293,0.6348460664369632,0.05787123217100639,0.9594166739614107,0.9950364809145988
SAMPLE_03876,0.9584118208707458,0.0175023266435088,0.09089176455815402,0.00020661337251645225,0.11082217245205755,0.0009079785956753598,0.03958951482164084,0.37174175176755375
SAMPLE_03877,0.9584204885180183,0.020641907433930278,0.061566404842295086,0.0001539864499127788,0.0141247999367432,0.0004152389367451412,0.005195873206045776,0.03443087888780449
SAMPLE_03878,0.5891655866272718,0.14160521988078972,0.5125133999251106,8.869678946662466e-05,0.4122882725699238,0.000524525686632976,0.013208068454818195,0.9996669808534769
SAMPLE_03879,0.4509002215376071,0.07042969463015329,0.047016892625075815,0.9999999999999999,0.056799823238545794,4.8212411609143306e-05,0.011395057290435934,0.9929782917029271
SAMPLE_03880,0.8605795062954569,0.7359385791405045,0.7334776364836613,0.0002466876401987221,0.5382330253937008,0.0006364865728328123,0.22730437792486405,0.8920246734864766
SAMPLE_03881,0.8380206190015289,0.36237234054658357,0.41686584868517645,0.00012302080249178176,0.2779360190121709,0.000225181417994876,0.19395104598959806,0.9756557777107839
SAMPLE_03882,0.9815810366966534,0.7402117481552397,0.6845305228877683,4.852345965790176e-05,0.13437966887373493,5.131066504647926e-05,0.6246551639360847,0.9530406417779993
SAMPLE_03883,0.9584216812219203,0.020667482775466428,0.0694145460017403,8.451617610148722e-05,0.2121140899250373,0.0003429743821313736,0.019918199128872605,0.5693019619336311
SAMPLE_03884,0.9999999999999999,0.3608351801717038,0.33648648060592923,0.958428695513249,0.9999999999999999,0.9999999999999999,0.9999999999999999,0.9999999999999999
SAMPLE_03885,0.32193418532875157,0.10958681575956375,0.09502403383560293,0.00016945908612923315,0.024034989581684763,0.00010614649221512103,0.029043460870536556,0.9978485076232405
SAMPLE_03886,0.9582858721183405,0.16134587952183044,0.21297922794162163,0.007129415297121961,0.05201231696145918,0.0009740791006371611,0.08573601730396896,0.34626404415753287
SAMPLE_03887,0.25657219057043196,0.024869894890845033,0.011818297877862052,5.624793316215085e-05,0.19917336971423236,4.707436975436309e-05,0.03904706125366818,0.9886793223567555
SAMPLE_03888,0.9583725448623704,0.07444507535489994,0.047904408272768866,0.0004993586113016043,0.05958572691792937,0.0019276220073709204,0.013444775381866338,0.2997310177502822
SAMPLE_03889,0.9999999999999999,0.6619389224612366,0.5565558891387469,0.958425665719816,0.9999999999999999,0.9999999999999999,0.9999999999999999,0.9999999999999999
SAMPLE_03890,0.9584184769037492,0.47472371426116816,0.7255646388967081,0.0006890055820247252,0.15798029459641427,0.0040076753046515605,0.2156654874771092,0.252423511148693
SAMPLE_03891,0.6935375619792574,0.17332531835220122,0.147382143411591,5.0876415601399526e-05,0.28575397375656886,6.217764996593448e-05,0.3929745504761424,0.9978461607141009
SAMPLE_03892,0.9584036002203181,0.08126341963320913,0.12101330708326276,0.00038330658214791075,0.060175808828038566,0.0009474429662731452,0.03161451159150175,0.11460926736822138
SAMPLE_03893,0.25337772560646316,0.40416282974943696,0.3947136689235608,0.9999999999999999,0.11637160539280283,4.2819908819769953e-05,0.17464243408620095,0.8452000508071098
SAMPLE_03894,0.03049399585703814,0.07764223351233843,0.07570159107158195,0.9999999999999999,0.0026477496405311034,7.271603726028401e-05,0.015485556319134315,0.00923466655304109
SAMPLE_03895,0.5025362037105419,0.1795503040017412,0.3382646396604305,6.427881226253602e-05,0.063411098535583,4.82327875822028e-05,0.1198886827944822,0.9983242708582029
SAMPLE_03896,0.8313157194232254,0.15742719535420557,0.12607098213042095,8.620840664872369e-05,0.06630537512408952,0.0010021334340328363,0.038595281778012996,0.9667882260858562
SAMPLE_03897,0.9583853879296466,0.25716226753688054,0.43122288741977366,0.021346411668110174,0.38420422176379393,0.012260764864423021,0.228005492528611,0.9558418075152628
SAMPLE_03898,0.9478587674466676,0.5104622607202554,0.9273390474596581,0.00041445191639896743,0.9426178360649694,0.004001543791051711,0.5077793938168389,0.9976753864295116
SAMPLE_03899,0.9584203787927741,0.04263359993521239,0.03656192192802404,0.00046128754400172784,0.02268475171200166,0.005387167720441289,0.035407582202924656,0.02261304587779224
SAMPLE_03900,0.5562265501130242,0.8895130378859675,0.8797230140643317,0.9999999999999999,0.16049983027007664,3.8361017857652823e-05,0.1569574177975209,0.9995086591384139
SAMPLE_03901,0.9584185486440473,0.029652069243514545,0.036093895262003295,0.0003171726467053761,0.08890514651460042,0.0003749086706323937,0.013870394236381266,0.02688661336479236
SAMPLE_03902,0.8816903546943632,0.9282501511024492,0.9346451091767929,7.85470966307468e-05,0.6127759314130283,0.029013730497197653,0.40916294965427225,0.99947374442936
SAMPLE_03903,0.29359549995916673,0.6422104030955373,0.7568519888351783,0.9999999999999999,0.00833813828703728,4.5222231983624146e-05,0.228245114009048,0.5194112290665323
SAMPLE_03904,0.6884681199558147,0.05228385693047937,0.12882934035911686,4.953987949083762e-05,0.5059812583066876,3.855490033807228e-05,0.08933288424557573,0.9775259892024892
SAMPLE_03905,0.9584192548853222,0.300396762493054,0.31840703014205474,0.005225994433279414,0.10105732898663226,0.079198971285533,0.03421220682164594,0.5562780016092762
SAMPLE_03906,0.8301651051211234,0.1199331469541015,0.23980373558428902,0.9999999999999999,0.13163988550207745,0.004595910083850564,0.11656023670727969,0.7363660724316403
SAMPLE_03907,0.958421553980539,0.10138454952577144,0.3219151881816013,0.00033335192639077904,0.026952556810588994,0.0008488230738830894,0.04677636547863476,0.0391649699141035
SAMPLE_03908,0.5900248282665738,0.21401584360595202,0.18921481835738738,0.9999999999999999,0.0888792028807259,4.386010167182494e-05,0.031590428041990026,0.09762403773877931
SAMPLE_03909,0.8034537851069997,0.043217368953905655,0.02801142454490007,7.06067463713285e-05,0.20481745884860086,3.9402949826361314e-05,0.010730618769001846,0.9989316037906728
SAMPLE_03910,0.9583599339435602,0.028028434429539437,0.40752507929430953,0.0003988804839621838,0.02385598704507183,0.0008690453768455352,0.028546313378440918,0.058538856624084604
SAMPLE_03911,0.9584028759661957,0.4635969067239821,0.3696600721589879,0.04747025845788288,0.8109520445510536,0.6131126025202777,0.3623281931792758,0.9836619792838827
SAMPLE_03912,0.9583359376205383,0.5891297881178369,0.6356013720340227,0.01560325957265416,0.1376068099670886,0.0025446154325751346,0.5206621341492643,0.9054111908524184
SAMPLE_03913,0.9584198425833944,0.025782009042346694,0.08371187448917425,0.0001405694702029034,0.13104790658245727,0.0003109048460828317,0.016131188284398558,0.45174750463448704
SAMPLE_03914,0.6827343145409339,0.37165293764126284,0.3859773078022762,0.9999999999999999,0.012589893674880177,0.00011487029882457168,0.10423645363116565,0.738685849175875
SAMPLE_03915,0.9999999999999999,0.8658798027906016,0.9113970771181197,0.958012268392296,0.9999999999999999,0.9999999999999999,0.9999999999999999,0.9999999999999999
SAMPLE_03916,0.9999999999999999,0.43099084233449236,0.48355830867076804,0.9583695256838931,0.9999999999999999,0.9999999999999999,0.9999999999999999,0.9999999999999999
SAMPLE_03917,0.9584047675071151,0.22433268019326183,0.25585330395103856,0.010411965198162699,0.24340899785116005,0.08453619830303079,0.23383870968049827,0.9570513182920876
SAMPLE_03918,0.7925125411856105,0.034207725147955996,0.05963827469367595,4.962077313608437e-05,0.09409764233408281,4.932878456533394e-05,0.13156289919387415,0.9978346823324071
SAMPLE_03919,0.9581156640359586,0.29886092199835523,0.291969089494917,0.018374577609404523,0.32071066001054505,0.014959229349777451,0.24931997121398997,0.8532561670735271
SAMPLE_03920,0.6636634236008029,0.39039735246993734,0.3211483683693006,0.06465657685648396,0.42165630086519296,0.00027229061726311503,0.15938156907937603,0.9873439605348916
SAMPLE_03921,0.5191483073803163,0.2028655766137043,0.24432958500458238,0.9999999999999999,0.486101184137124,5.5861016767386476e-05,0.004239131021233009,0.9976593815485114
SAMPLE_03922,0.9584141430916493,0.115858884381289,0.32080483654805714,4.928909008007805e-05,0.039144033271272846,0.00011742211123394739,0.0587549409309821,0.1519232418627888
SAMPLE_03923,0.9584183436336975,0.7699656328995308,0.8008881412518254,0.07022515771148588,0.4889136651723034,0.15429236534311963,0.7085304549731231,0.8074211218499899
SAMPLE_03924,0.5265387339474839,0.6145810742394534,0.507990901676022,0.9999999999999999,0.28324354616200426,8.103965680674416e-05,0.12874645113952732,0.2968537058206023
SAMPLE_03925,0.9582877235497673,0.1376409596037844,0.18230478296100872,0.006348024774523045,0.06934308654716842,0.034113050948701165,0.17219378836766047,0.9947250536179713
SAMPLE_03926,0.9360102109442768,0.4483170180954467,0.5263918539808787,0.9999999999999999,0.08794780275717581,4.062846291052844e-05,0.16739340452284077,0.6681739444128971
SAMPLE_03927,0.9584175625148814,0.314671739832464,0.35247707055821903,6.529598483649862e-05,0.01467302397656565,0.0015801035134687547,0.12516851585041933,0.03617904360490663
SAMPLE_03928,0.9584165232409154,0.011415516832493536,0.03182771490385483,0.0004304777571416824,0.2509246727141,0.000368130809437325,0.007384495275217977,0.2503516693597281
SAMPLE_03929,0.9584036033322102,0.05798043120400888,0.10596112560088126,0.00018248136469246,0.08892798564005466,0.0012475398032207367,0.0536335613386,0.24804560278636748
SAMPLE_03930,0.9584152280113922,0.005733056239654844,0.018719527732365685,0.00015846523426644679,0.07913800814558745,0.00020472558298396286,0.004965120036962131,0.019996666457831606
SAMPLE_03931,0.7979710788247057,0.03576130263434815,0.0699848718806901,7.003706910511979e-05,0.11477427116605275,0.00010488842441304777,0.006076724640687784,0.999770604458015
SAMPLE_03932,0.10458682679587271,0.05141575613280551,0.09966992381099818,0.9999999999999999,0.009051963228823524,4.025822025675172e-05,0.0010255342785266165,0.005127097441288742
SAMPLE_03933,0.9252424303345982,0.7372828083905636,0.8640015026056805,5.320931431148869e-05,0.20611916498689042,0.00015935574032856779,0.0908292627707036,0.9996279546414023
SAMPLE_03934,0.7728775560001138,0.35642007937078324,0.3871225625159468,4.847698555694488e-05,0.13835419084637204,3.631973140127201e-05,0.0372331825257851,0.9927199884088685
SAMPLE_03935,0.9583974659197456,0.3960554728094885,0.3974911441502681,0.0180594528824704,0.45049633233993824,0.1396960167246584,0.18783449348983738,0.9970894409857596
SAMPLE_03936,0.9227454413204206,0.26975411336259214,0.2688370738034416,8.53368340398634e-05,0.3226693098294042,8.278119360721128e-05,0.20896882977131476,0.9971125059243289
SAMPLE_03937,0.9584204004585452,0.05731676497654837,0.10417371164233863,0.0014353852253206558,0.31810885232816877,0.00844165914361102,0.2416006948179733,0.4813161913901167
SAMPLE_03938,0.9584012357921949,0.3222682325350661,0.5718784118892262,0.0014508784259984577,0.7041981187145133,0.09744545101614545,0.5803245489967482,0.994593108693734
SAMPLE_03939,0.9679149504999659,0.8396277964366361,0.8674756431731281,6.249063845003944e-05,0.4631865451306154,6.7019778931199e-05,0.7532968939890381,0.9979170030204624
SAMPLE_03940,0.8760577193081108,0.5620477582450324,0.5619803267860296,5.705308314821475e-05,0.04112139786931733,5.205453053690381e-05,0.095868497408024,0.9979074336896726
SAMPLE_03941,0.9583989930780322,0.16636442896335032,0.22499327505423203,4.941694559667481e-05,0.46186177004336026,0.0019906901003170006,0.01669685149774537,0.2550007042999229
SAMPLE_03942,0.958419410931496,0.0787489194737945,0.12620476504107897,0.00018463106429369785,0.059376100237095816,0.0006915252207817835,0.0722375781695036,0.05726019171993145
SAMPLE_03943,0.9584185395694821,0.013166421677042996,0.013396384439890992,0.0030503595145957144,0.02555337155505117,0.02996358997532349,0.008003110884234613,0.06180437493862205
SAMPLE_03944,0.9583858991888067,0.009389479135592188,0.023456177546966796,0.00021938774867208378,0.16721584259161731,0.00028283158594998763,0.006933298665404168,0.03779692351703661
SAMPLE_03945,0.958419395255005,0.30996717198580337,0.11379228022780911,0.03873311565305504,0.1703242581487565,0.05839231529298579,0.055627094385726314,0.9795960182085798
SAMPLE_03946,0.7922131578900422,0.5138851200550184,0.6530918568243037,5.244912710320255e-05,0.3658538480591496,8.298948276096139e-05,0.06469893952560662,0.9986989034492924
SAMPLE_03947,0.9583673173843169,0.04808603437225667,0.134878281221534,0.0013034239970690568,0.25908579630494427,0.03698288916501846,0.07373402187662571,0.3915224230136991
SAMPLE_03948,0.35856114447413234,0.13930484879158322,0.1042199552717791,0.9999999999999999,0.004419936073452159,4.738943104238839e-05,0.018786150460036094,0.32755784873689353
SAMPLE_03949,0.9784603386599289,0.42071426708750154,0.7200606521772261,6.210379406133711e-05,0.5771000781730364,0.00010159393331924069,0.16903263779093405,0.9990018792360588
SAMPLE_03950,0.9584167217751614,0.11129831311422679,0.36975944910408576,0.00015728177155533742,0.18150410516165322,0.004610056861671318,0.08892163572708525,0.9991419931242668
SAMPLE_03951,0.4394962505709695,0.1744649258431012,0.14015484730901653,4.8637049824301025e-05,0.008933252673479015,0.00011594618530773513,0.013664806437150557,0.07386812998845703
SAMPLE_03952,0.9999999999999999,0.4211965447621968,0.44290721383372156,0.958386753836237,0.9999999999999999,0.9999999999999999,0.9999999999999999,0.9999999999999999
SAMPLE_03953,0.9244184443507159,0.07387253130924146,0.14725323451274308,0.00017375585265166446,0.7261226732442765,0.0017751635577691746,0.038823237318535,0.9996174576544431
SAMPLE_03954,0.9584186628200038,0.6097090899288485,0.6410476053302487,0.030301778541493588,0.2589720294108037,0.017990314488105105,0.4000888974575671,0.9942619641546383
SAMPLE_03955,0.8982587717357964,0.657747332771618,0.5458372510095176,6.119787559836208e-05,0.06682188672857513,0.00010601216583392525,0.10215516039397095,0.4035804339351521
SAMPLE_03956,0.6051481919954512,0.6551834232240771,0.6860744554968501,0.9999999999999999,0.0057410614931026945,6.861408141670936e-05,0.014107450963108434,0.1255299087316792
SAMPLE_03957,0.9584030035303217,0.018233787028210897,0.03457099170159013,0.00048299425375067525,0.028054797849858266,0.0014798456530177918,0.0083721545549022,0.01721131838971416
SAMPLE_03958,0.21941170356456743,0.7616507422086225,0.7616242694193668,0.9999999999999999,0.00824078702572697,0.00015430432903481843,0.013392215890235246,0.05555505185493267
SAMPLE_03959,0.495425339424413,0.09716708645078076,0.2028136092318783,0.040711830378655285,0.029358628302185462,0.00027921567390386156,0.03455556314878222,0.9929022559035231
SAMPLE_03960,0.9584192631804829,0.005865669924694385,0.012682312107811,0.0004031124108991329,0.16067665739947884,0.0012383233478895715,0.0013339915895401785,0.01790191592437685
SAMPLE_03961,0.9583670763721298,0.16689980501318136,0.243053434829005,0.00031130353214590885,0.07076139937695812,0.001707174349238792,0.0396149744681911,0.056937144782816994
SAMPLE_03962,0.2992497382589312,0.33641173119577855,0.30673613681319384,6.086022067575288e-05,0.34970270697919775,3.78954402921631e-05,0.1818817833011557,0.9998696054364491
SAMPLE_03963,0.710361378352045,0.653468618780466,0.6416111218604554,0.003808611163779177,0.20556005909844893,0.00018720135892201032,0.07101774793877029,0.9117039973573691
SAMPLE_03964,0.2298660428736674,0.5032164322396864,0.4450467425709924,0.9999999999999999,0.0038623699008808673,4.384044979165049e-05,0.03482857317546011,0.06796757354845331
SAMPLE_03965,0.9584108433831346,0.015640241434921685,0.01696546257314761,0.0005087375082032952,0.013172021978419692,0.0007589948636640468,0.012390177644918031,0.008833997264790595
SAMPLE_03966,0.023223933484136018,0.10002371796690898,0.15819997738575906,0.9999999999999999,0.014424984084623362,0.0001095941813105412,0.004975485288636953,0.17579427281450502
SAMPLE_03967,0.9352396058420998,0.4050738823466413,0.49822681189392914,7.291264369574975e-05,0.7566012284340186,0.00010627294043305749,0.20220275157870854,0.9957253678009763
SAMPLE_03968,0.9803339056667487,0.6633983236884878,0.6953413283136249,6.158456615103867e-05,0.7553793113268266,0.0023136963472836823,0.17697953083989118,0.9861987681845412
SAMPLE_03969,0.3075205632781809,0.07461035118983843,0.07568772154861941,0.9999999999999999,0.0325079559515561,4.46093286803011e-05,0.0008031413532379513,0.043591274529054355
SAMPLE_03970,0.5048481781984585,0.65370952773271,0.711283154390378,8.010919119860179e-05,0.3775086460080325,0.0013710307014901985,0.1311664887874198,0.9987532181036802
SAMPLE_03971,0.9584129240571089,0.005977400105947939,0.008746371840781642,0.00010822874122548009,0.025219385962552313,0.0006072343878900154,0.014150659220127836,0.04385814836669454
SAMPLE_03972,0.9584235009734736,0.08574147003400986,0.11638065592276264,0.002386618157093078,0.08734223769132826,0.0040558973707497436,0.07809171980364712,0.17123564067707722
SAMPLE_03973,0.17830661150006896,0.401454006062434,0.4191437820771269,0.9999999999999999,0.010218286377736197,4.422171959419695e-05,0.0019738420519241503,0.07106769761294546
SAMPLE_03974,0.9583901174814091,0.19229717120760972,0.1422232318534854,0.00037096793616585213,0.10445209691169821,0.04991464628559466,0.006566993571581484,0.15445740531243826
SAMPLE_03975,0.5995581200421843,0.29788682435881475,0.2930524054280953,0.9999999999999999,0.003924069256261965,4.091874780304254e-05,0.33729064541562215,0.9454479575055263
SAMPLE_03976,0.2979381726254779,0.14517118540591178,0.15351998057542887,0.9999999999999999,0.03919807135767159,9.081163829222327e-05,0.0008911331395328861,0.9935511882299694
SAMPLE_03977,0.9583889145313046,0.07940970850406925,0.09204426107097974,0.00034479671138919166,0.40881724744345427,0.0026160265088897468,0.2392806890798137,0.9980022475784472
SAMPLE_03978,0.9584198926388924,0.2440703501827484,0.3674913904094436,0.000938126453153983,0.19969620378588213,0.005041458492794682,0.16365536501130948,0.9094650983945192
SAMPLE_03979,0.962512014315143,0.10143920307278181,0.18502393439045117,4.998620473083308e-05,0.431723657228098,0.00017531767954533304,0.09018376174895362,0.9169974832722613
SAMPLE_03980,0.9584212498519609,0.0058054535905184,0.038342311603158354,0.0004828199316190629,0.20586008815247991,0.0003848009951072645,0.005955778568376811,0.1828723030494885
SAMPLE_03981,0.9999999999999999,0.16089472793752851,0.029675801666305193,0.958427136866864,0.9999999999999999,0.9999999999999999,0.9999999999999999,0.9999999999999999
SAMPLE_03982,0.5962665574389155,0.5543557453729252,0.6569932974376933,5.165603534438593e-05,0.12271273201885571,5.8041012651594916e-05,0.03288026745533351,0.6488644979728055
SAMPLE_03983,0.9584224631736334,0.354487018325462,0.36270529829530096,0.0009669121882381996,0.22504230805890305,0.09163960724581646,0.24967056290167078,0.30124129442138764
SAMPLE_03984,0.9583992904080767,0.09277294983944136,0.2958561588621204,0.00015704906298624462,0.02281981940455665,0.0003386032034186779,0.2994906598566788,0.4506092959798326
SAMPLE_03985,0.9584225121754548,0.0179219744135077,0.08022001563951241,5.939453302956347e-05,0.1398290421154385,0.00030986586284301274,0.027607961733428787,0.4139277352372262
SAMPLE_03986,0.9584056293661675,0.016884917549065414,0.1018565016492101,0.0005460054340321178,0.011568517614249296,0.0011633774069418183,0.06001579828541372,0.09729009949728577
SAMPLE_03987,0.40053208303550486,0.4970521776477206,0.4430754417914351,0.9999999999999999,0.2037209582306577,6.573324285466955e-05,0.16105983832202603,0.9574115284535418
SAMPLE_03988,0.9584200022070333,0.08177557958736366,0.11977929855843471,0.00023669300968331177,0.09682515415708423,0.00037526707045727753,0.04149503328193538,0.24548041267889628
SAMPLE_03989,0.9183192033216445,0.7330797358680294,0.7781699491183393,0.9999999999999999,0.19633502641277173,0.00019064160403254677,0.061859729153291285,0.2758315077357484
SAMPLE_03990,0.9584161952709844,0.1271824819696143,0.22331081083149718,0.0028693615488593165,0.18394042245358028,0.0015786380058779867,0.05188566493221031,0.0640956367903896
SAMPLE_03991,0.9636472813022672,0.6295517357215737,0.6844621933573687,0.07120272003988339,0.4006180273845624,0.004350497629408337,0.33289974497301245,0.9957253264064257
SAMPLE_03992,0.27248472377464583,0.07831810421927851,0.07255505598836412,0.9999999999999999,0.060083400926061674,5.527627736853109e-05,0.0005185454662461002,0.9957235138686089
SAMPLE_03993,0.7868628896084967,0.10675202579570651,0.10751025423288985,0.00018910131011487974,0.11103371810155416,0.029817337854794172,0.029107518917590045,0.9975704825032665
SAMPLE_03994,0.9584227837691627,0.2012988079774126,0.2275661823019478,0.0023787138817173955,0.05302570643396088,0.007563303526282065,0.19077391151157155,0.3109563877482221
SAMPLE_03995,0.2660235146253545,0.11987032254850745,0.19736981675267398,0.9999999999999999,0.00519785650932335,5.627175746753314e-05,0.00695817839583442,0.10980631636756454
SAMPLE_03996,0.16916322845044404,0.5105064637144736,0.5673586882651668,0.9999999999999999,0.17885715781060052,5.0784919959635245e-05,0.00035779278985324054,0.009128337750824672
SAMPLE_03997,0.35604360626598835,0.2544231212970966,0.30174434434950037,0.9999999999999999,0.005447673684720124,3.947417627996534e-05,0.046569292946239474,0.3483089638676036
SAMPLE_03998,0.339991139844768,0.04241269395082122,0.02651578143394936,0.9999999999999999,0.40384156877395894,6.148254951838306e-05,0.0004680151746010695,0.99754906716231
SAMPLE_03999,0.6763536990298145,0.43461305321288085,0.46222709064771167,0.9999999999999999,0.010761325106091065,0.0008601971855474889,0.03676428751537704,0.052558246951756635
SAMPLE_04000,0.970623246333757,0.5812448393468018,0.7626161020104236,6.344963052923289e-05,0.5755096235613023,6.771060524559288e-05,0.019339248651086084,0.970021829976314
SAMPLE_04001,0.9959432778692087,0.131066248038249,0.7892164674543201,6.5647727189318e-05,0.8078456094384934,4.524954317354088e-05,0.047463893005318274,0.9956900117014092
SAMPLE_04002,0.9584088831801412,0.08623530633514953,0.12395785041577505,0.0002195221362098825,0.017684970757980988,0.0027791946367761782,0.02953765827800852,0.055346383556853986
SAMPLE_04003,0.9584177308889609,0.008805281557406772,0.030475026570855157,0.00012111223402522334,0.04757066822751434,0.00011894740134082158,0.005174610685667843,0.05851157704600715
SAMPLE_04004,0.47531145545620757,0.636858036874647,0.5513614244908513,0.9999999999999999,0.0350711148630215,8.159501496286738e-05,0.0008549947576920788,0.04901609945245738
SAMPLE_04005,0.8530719364530154,0.3298303058593961,0.4227447074903099,4.722336766844064e-05,0.03997677509812208,4.177457581021162e-05,0.03311141341626782,0.5499555767267466
SAMPLE_04006,0.9584197421073826,0.3641753795572324,0.44353990515004255,0.0012046005023829834,0.41443514079758526,0.0023784074726068854,0.25788125937978357,0.9957284460524195
SAMPLE_04007,0.9584207212003271,0.033160429289424545,0.055352487715378505,6.635692607613694e-05,0.00927656428779267,0.0013176426710184168,0.023836009138339574,0.06638114156027758
SAMPLE_04008,0.7582314475240146,0.9157826247223584,0.9598923553286607,0.9999999999999999,0.1335125811592366,4.173824629170009e-05,0.18826480954772612,0.9089400141501061
SAMPLE_04009,0.9584177447435358,0.6401930147244981,0.5774734836845902,0.0004090122772398328,0.20932466873420175,0.004783535625627262,0.3296495631607577,0.46251013047492934
SAMPLE_04010,0.9584198785355296,0.16737897214160194,0.0924603596478623,6.805694484737215e-05,0.09049753849179752,0.00013537291800950164,0.03399851094108637,0.1182903277204798
SAMPLE_04011,0.8051373400445676,0.3239786517156852,0.19830211828831104,5.2649881977702105e-05,0.45248434106067115,5.051996003865242e-05,0.10241002569215195,0.9222217071571832
SAMPLE_04012,0.9584193692321531,0.030015406247039855,0.08500082443089044,0.000779017322460996,0.4735630535573601,0.00035548470289759835,0.031347154256312834,0.7092568355884504
SAMPLE_04013,0.9573463231053689,0.02350458884673815,0.13879758911395573,0.00032773848230931217,0.20539561076880167,0.003960177933053627,0.4091165142732305,0.9952497823873319
SAMPLE_04014,0.9556499378194071,0.4054555318427376,0.48553713706860413,6.795478264109281e-05,0.23506530879210633,0.014548259549066135,0.06714874541491238,0.9907202718602311
SAMPLE_04015,0.9584209411944656,0.30642237689838797,0.28336290290964283,0.0028927126454366195,0.09582227104736318,0.00202569499829921,0.11506327616857391,0.3547213578955047
SAMPLE_04016,0.9312004735163972,0.10905003384931802,0.12988396242354122,5.4115862414870873e-05,0.46276312614654613,0.0004212689564524598,0.1792636379339818,0.9989580617190281
SAMPLE_04017,0.9584073053053562,0.12501055715971687,0.4002628613574659,0.00033553959842268243,0.38165261135424644,0.1386962815786935,0.33549176771732514,0.985593626000203
SAMPLE_04018,0.958417312711418,0.02586066512568248,0.04445200750567546,0.03791838111596784,0.9233953696671302,0.05418934328871123,0.056165600510347746,0.9908787745253617
SAMPLE_04019,0.9999999999999999,0.6782864470047877,0.4560728963700741,0.9583965616301203,0.9999999999999999,0.9999999999999999,0.9999999999999999,0.9999999999999999
SAMPLE_04020,0.9582674740952036,0.33717489026947284,0.45201105254389445,0.00019014220869797196,0.282694669208165,0.013388884930769656,0.24368268289574013,0.8930193891939289
SAMPLE_04021,0.5328335601798058,0.6216175719416496,0.6522309503708476,0.9999999999999999,0.03354885986919822,3.840026676887577e-05,0.014334533653395033,0.9095257067393249
SAMPLE_04022,0.09359179528800496,0.2802028602285128,0.31323805263870486,0.9999999999999999,0.014764305832397323,0.00014902656413999353,0.023808136933181134,0.06436245607358457
SAMPLE_04023,0.9584084263872732,0.10139862901113297,0.10102509021774439,0.0005159148280437328,0.14440846452925651,0.0012340365826014068,0.02052107647362743,0.9972299030405231
SAMPLE_04024,0.9584059862517165,0.12719290902650116,0.12005731470719569,0.0025777144467520534,0.1412011719507459,0.003623413948591085,0.053140879122955904,0.8818719371044392
SAMPLE_04025,0.6318971616906919,0.40031478074626803,0.3376374986187105,5.335407410376527e-05,0.016384283403216196,8.809374439571189e-05,0.014284777948944019,0.062379136005608106
SAMPLE_04026,0.9583881301094761,0.35760404501580983,0.593969406546647,0.0002729892352869446,0.6349904865764003,0.05736529245881983,0.480774000359251,0.6620509534495003
SAMPLE_04027,0.9584079206233507,0.08754015702332357,0.0984106030777846,0.0027410617158274064,0.05322518629862011,0.0018818372261708608,0.048696107901622966,0.1164120966947157
SAMPLE_04028,0.9584179941336277,0.10558118468498236,0.1868202943190452,0.00012951628095726303,0.1755751089045779,0.00047778504253699215,0.03137225856066467,0.20900469935551003
SAMPLE_04029,0.9584152224302916,0.016415869222225016,0.019336671189216545,0.0002486971257154615,0.03216826905867239,0.0003158951644965206,0.007917088715110545,0.020389207080163074
SAMPLE_04030,0.9584142456629785,0.5720254119214874,0.6943764768770853,0.08228841612985897,0.3740600756642803,0.3569878776791845,0.6999557712834193,0.6751474641832502
SAMPLE_04031,0.9710805237509679,0.9515440668653322,0.9321508297459441,0.0009042638308567523,0.5191954015413668,0.0005023018342370399,0.36805457489530563,0.9577322445087815
SAMPLE_04032,0.9584193143688629,0.06348636400603355,0.05741469809858516,0.00020916212885388038,0.5141807415041763,0.001693965746694128,0.008445025135154122,0.35911824305487916
SAMPLE_04033,0.9519215813209919,0.9161811596301792,0.9335641920558382,8.49902417303967e-05,0.65781066449022,0.01662217400801096,0.839896771920676,0.9978212266306516
SAMPLE_04034,0.4791085068595481,0.1973392041506725,0.2963493744333723,9.578625119359333e-05,0.23103021636104112,0.00010525618313570649,0.21327466034730935,0.9866689572678748
SAMPLE_04035,0.9584172154013731,0.05511392504513029,0.04646656360403496,0.001258751039646878,0.03369254409453853,0.015721265074837235,0.007987085633763352,0.041695019611991714
SAMPLE_04036,0.9584236812064034,0.07484421291267077,0.07238380257354617,0.00014904753206037622,0.02816518248139479,0.0012836351260298604,0.01665936844279295,0.16728083927308268
SAMPLE_04037,0.993125972813959,0.6933962844631797,0.6627494312247473,6.960303435619054e-05,0.596522672746407,0.0009993245018419365,0.3158928038821465,0.9956126869712918
SAMPLE_04038,0.9999999999999999,0.8725135365155581,0.7751592690690967,0.9584287133225219,0.9999999999999999,0.9999999999999999,0.9999999999999999,0.9999999999999999
SAMPLE_04039,0.753259484314021,0.611302024396218,0.5557272897492276,0.9999999999999999,0.0539302613927975,5.6899484929439206e-05,0.05762782316491497,0.9467441151241195
SAMPLE_04040,0.9999999999999999,0.6306497733584318,0.5981998026477976,0.9584264873744699,0.9999999999999999,0.9999999999999999,0.9999999999999999,0.9999999999999999
SAMPLE_04041,0.98360927338018,0.4472573731393416,0.48700261780058607,6.699977380651363e-05,0.34849274229243654,4.076481547516484e-05,0.048154312808632034,0.9994971101551337
SAMPLE_04042,0.9583978139035627,0.038379103572369774,0.11749582089892724,0.0007825307012659711,0.05517596178032172,0.0015854297016000443,0.009432539266006682,0.050041053452619194
SAMPLE_04043,0.951738280689284,0.43287076681615133,0.475579078199414,4.820924508303308e-05,0.4629085919479963,4.893041650377125e-05,0.06254205970850475,0.9578126025740255
SAMPLE_04044,0.9584202702959568,0.28430773540030735,0.44089490654479074,0.00023352106043587266,0.07178024221888141,0.00040957739512923277,0.07244611981186294,0.26766709022003027
SAMPLE_04045,0.9581397615514844,0.1524307929153243,0.3435832312649719,0.0016183567063900474,0.5937325099546933,0.011590618948444572,0.2860397832573736,0.996018382677107
SAMPLE_04046,0.9584218137925766,0.010162465563827518,0.030391932594940732,0.00026589859363190956,0.017565954351319506,0.001237041281804928,0.008897811405538086,0.0466616887452828
SAMPLE_04047,0.958398698609441,0.004869064325737662,0.013767520556905298,0.00026837504966201165,0.09928265777491323,0.00022323736344691543,0.00297286589896869,0.05161974763828658
SAMPLE_04048,0.9584199201403073,0.03797519630692817,0.08925782848343235,0.0004127421256670744,0.09199265695768033,0.0009043961153219298,0.014928467900037224,0.031356251844443246
SAMPLE_04049,0.9583956226734158,0.17443391840745207,0.15886102236931793,0.024334588392873148,0.2663785681606362,0.01256084825689404,0.20003815960648896,0.7691074469900963
SAMPLE_04050,0.9584216921598498,0.12592331842319143,0.15072395542410363,0.00021933187608326327,0.02090662690701514,0.0001975952900878802,0.0681350727202448,0.07794372504668808
SAMPLE_04051,0.9955627784980323,0.3751180976668889,0.6885359639164672,0.0002694608623057237,0.3254681749572318,0.000928185241989893,0.2847114839813806,0.9931525617608378
SAMPLE_04052,0.7153611682393257,0.21277872996493163,0.18223656555420764,0.9999999999999999,0.1669216407928046,0.00055831635162384,0.052553484525276195,0.9699249789508138
SAMPLE_04053,0.9965225424384598,0.42466031546658095,0.8883260119074091,4.938385736740957e-05,0.5241323824126587,3.802077909828537e-05,0.09966656055085031,0.9986861535685485
SAMPLE_04054,0.9349809572674666,0.03494271568740748,0.030281673177916472,5.167551796644482e-05,0.225318968962302,5.1785591008989476e-05,0.016720881176190763,0.9995601019701614
SAMPLE_04055,0.5961354975809346,0.1730812127838048,0.12003704725171832,0.9999999999999999,0.1423490926500908,0.00011758186997218735,0.012341479859694516,0.04763850901500255
SAMPLE_04056,0.8445390777219963,0.06976764180211212,0.06696488237057183,0.039366835482299724,0.6081544134034932,0.027359107528776343,0.030056618356827245,0.9400070163784608
SAMPLE_04057,0.9694993665908955,0.7073690723522031,0.7871127917370215,5.1548393108432865e-05,0.40449953201202965,0.0017820635662433777,0.21596429792326627,0.9994954961791526
SAMPLE_04058,0.9584236036418041,0.03534301354630597,0.09241068483267884,0.00011454920959289873,0.08874272858426784,0.00017348617140129993,0.020065611485077083,0.16639802434075188
SAMPLE_04059,0.2575098823887434,0.7683082284551427,0.8078351853475721,0.9999999999999999,0.018425786154210946,4.203042344932452e-05,0.10383718395617304,0.6911352545561078
SAMPLE_04060,0.6016528911554259,0.5572093612359427,0.5427212830101725,0.00013712979770036032,0.4722732260186606,8.593019357085584e-05,0.1061548875936122,0.9819969984299702
SAMPLE_04061,0.06428495354196548,0.2012033010510288,0.7654466397587238,6.582494087927018e-05,0.09140862315605754,0.0005461644342747963,0.04498988162168476,0.9991488377484425
SAMPLE_04062,0.9583926407590007,0.26134345922720587,0.19996665478341177,0.0001532778587296043,0.3299045151328044,0.00179673910152867,0.11169101794017855,0.9973508174255594
SAMPLE_04063,0.9584036344323017,0.07980620140089328,0.06229114416780321,0.0001883714222438363,0.4117991853532265,0.0010461207505632437,0.023608687502769534,0.9950458752592867
SAMPLE_04064,0.9584073439742455,0.14655855610468504,0.1383838896021103,0.0003973040670381842,0.20907067227781273,0.00024413206302472984,0.1139209041899471,0.38307102445683905
SAMPLE_04065,0.4507122805295648,0.02321259620153076,0.03937340576125684,0.9999999999999999,0.03299784378579333,0.0010509052241600898,0.00038687496049331525,0.2396435854866526
SAMPLE_04066,0.9584210126864123,0.13274531283661142,0.16490335166604336,0.0006767559390362958,0.03416952576778874,0.0014662028881215193,0.12953201341837994,0.18014972737666402
SAMPLE_04067,0.9999999999999999,0.1996561247421041,0.24989270056648308,0.9584080113705997,0.9999999999999999,0.9999999999999999,0.9999999999999999,0.9999999999999999
SAMPLE_04068,0.9549945143128524,0.2626893304162636,0.29056413420859956,0.0003245657714556204,0.20795591047384543,0.03549302114374482,0.30409083900300815,0.3267382081744369
SAMPLE_04069,0.5869309780952198,0.700362983443277,0.7613594342303154,0.9999999999999999,0.009923131766720389,0.00014664326790490904,0.10842451340364179,0.1571625287834703
SAMPLE_04070,0.9584212395754396,0.017404923091654277,0.11536567495525059,0.0002703683768360209,0.013096391173065,0.00036996027995961833,0.03391780101704743,0.05612035066345498
SAMPLE_04071,0.9583928609509387,0.3337617555511598,0.3804101751303532,0.0011041417429491747,0.11135968993071685,0.013666015503694617,0.06181896202184624,0.38248094948363265
SAMPLE_04072,0.9583921906589072,0.2775262542772283,0.3598118633594999,0.0018150797255172078,0.1717182236913864,0.012290660329290014,0.10586968696092193,0.15471336864034552
SAMPLE_04073,0.9584065797768717,0.017241586625683886,0.02079605149256313,5.9230363594302e-05,0.3977645637584202,0.00011591799959466809,0.009332352976388309,0.2145031252216794
SAMPLE_04074,0.6294862121978231,0.19446319057956263,0.20766367875961952,0.0029639308047771044,0.44624321308195564,7.032850098373985e-05,0.19864263434723434,0.7782554396268007
SAMPLE_04075,0.9584158176748849,0.21759139891201765,0.15394854060221613,0.0008065483090797627,0.21769629929889153,0.002690020161145188,0.14680979167474642,0.241335655421698
SAMPLE_04076,0.8851562066498998,0.10042135117813142,0.07965192418415176,9.709929154520204e-05,0.7299216912144306,8.191508732371456e-05,0.18921376817873847,0.9982627630697289
SAMPLE_04077,0.9584021559344095,0.22764852718059117,0.3393139567112203,0.004505229016037799,0.56002258064595,0.025391734135883647,0.23498221744180828,0.8733785946828997
SAMPLE_04078,0.5469904288195944,0.25662715802554636,0.2528676671621263,0.9999999999999999,0.036751313492163366,4.283631870482283e-05,0.0011657718264639846,0.014089958167295757
SAMPLE_04079,0.4256273658556213,0.2571933043807756,0.27754267411076855,0.9999999999999999,0.10403636474788878,0.00011621501343969777,0.13884198073490492,0.9885267854726454
SAMPLE_04080,0.860384556537741,0.40463111023527093,0.4683381395341783,5.456663275391364e-05,0.28140702765063647,8.254273769356179e-05,0.049322476540326635,0.8069437414815003
SAMPLE_04081,0.9999999999999999,0.8645877052732708,0.8860777965428527,0.958397523325371,0.9999999999999999,0.9999999999999999,0.9999999999999999,0.9999999999999999
SAMPLE_04082,0.958414005096937,0.3349675702509415,0.5074336867173664,0.000211094761173803,0.5048148422491605,0.00013587934140133962,0.46425278479579685,0.9627085482033196
SAMPLE_04083,0.9584185487177317,0.02013120729664881,0.021732720939043642,0.00013670814825669496,0.3742409771303755,0.0004490955618741363,0.01875214567154455,0.24141003146070517
SAMPLE_04084,0.9911276849481662,0.6344365364261295,0.8719609812609769,5.3991316452040806e-05,0.7977941975287228,5.05671975796198e-05,0.6087736478593849,0.9987259761611247
SAMPLE_04085,0.9999999999999999,0.4094351225977833,0.17241548969119305,0.9583690647234642,0.9999999999999999,0.9999999999999999,0.9999999999999999,0.9999999999999999
SAMPLE_04086,0.9584199676191019,0.008749968036384427,0.03146798474522396,0.0004719485167458359,0.03851911444395133,0.00040585234987531633,0.008106322383042226,0.09266722592857009
SAMPLE_04087,0.958379907227138,0.4170351957991716,0.45236075205183507,0.0006602663861838093,0.2521516458020925,0.0034413002573367066,0.3607206014095719,0.8521293400007905
SAMPLE_04088,0.8254916782361099,0.7637530251218861,0.8750659411257589,6.139406783709383e-05,0.7175064605154103,0.007429529839616337,0.255134849738031,0.9949968995648066
SAMPLE_04089,0.960852172367633,0.35190675950584954,0.7339051392031656,7.621822918367454e-05,0.6828787418932946,0.017768454902128025,0.18037520505043222,0.996122362236348
SAMPLE_04090,0.9583866197285678,0.31832059895166614,0.4637315758335423,0.0004470936484621558,0.6855599769848484,0.007265406828476277,0.17715511297994377,0.9986149511883077
SAMPLE_04091,0.4682802043832081,0.14965911333230578,0.1642785570289505,0.9999999999999999,0.034705196518767384,0.0041179873827151044,0.015705016531314835,0.42803800943866543
SAMPLE_04092,0.9584162014378994,0.06529642136142512,0.11385757369673799,0.001858371647574928,0.34472712202496936,0.0022390897594349733,0.012415856276983892,0.2754439214732334
SAMPLE_04093,0.5357542379963423,0.07412566979692642,0.039026314411575516,0.0003381474783247701,0.29268386880530445,0.0004234528349492014,0.02526065733859808,0.9771242051700987
SAMPLE_04094,0.7943765252972776,0.24780610228260075,0.37556100998284686,5.1566392085084134e-05,0.4012213885096225,3.863810474030225e-05,0.1288927797863616,0.9959410041174444
SAMPLE_04095,0.8685802255750228,0.8625028569220163,0.8790403622778649,0.9999999999999999,0.008176072712999385,4.607954221968088e-05,0.07248504485776677,0.12015604340957116
SAMPLE_04096,0.9584226362692145,0.1115992086493613,0.16741708328222768,0.0006374569559703554,0.016482478182452142,0.0008738616637653931,0.03264823596601078,0.028409446944747403
SAMPLE_04097,0.6801422275258756,0.1963443545818224,0.29696762366540963,5.2091015093942595e-05,0.5243624085337207,5.694992095047047e-05,0.05911339446547889,0.9088095949021588
SAMPLE_04098,0.8708765259049648,0.5157068939424586,0.7072879673641028,0.0012302392827103126,0.4834404348155089,0.0001419005264526278,0.08575093231717754,0.7572299706112745
SAMPLE_04099,0.9583918560854062,0.15376643744543717,0.2499451759740958,0.0004542665894549106,0.5047786732062501,0.006532345043576682,0.1668513022974018,0.8862756273146007
SAMPLE_04100,0.9584212712571939,0.8848426309373383,0.8624907780444077,0.0007067778777188948,0.7103664436266819,0.06854022737063908,0.8196422898568058,0.920432229062867
SAMPLE_04101,0.6544014630606075,0.44946964274740103,0.5784167486056337,0.9999999999999999,0.02609845225832657,4.589754116718829e-05,0.397092599657175,0.7241173100157443
SAMPLE_04102,0.9584035730035351,0.043365723254513606,0.14432299326933004,0.0004324254386694345,0.43014367738180476,0.005048363614791464,0.030511082102885716,0.30330568620543696
SAMPLE_04103,0.5722984921368574,0.057390665114175544,0.08024119904133169,0.9999999999999999,0.021717146415791682,5.011485940810047e-05,0.0019955957967466957,0.11299320235272536
SAMPLE_04104,0.9631553143133734,0.44507771555726455,0.7952723989155593,4.903510549874261e-05,0.48817779643281983,8.593239267998541e-05,0.34755158684846055,0.9936803134147445
SAMPLE_04105,0.9584231124210368,0.03272901655118613,0.06629018876389317,0.001038031063166303,0.01606833942215659,0.0015292920369332748,0.00797856532931421,0.030790927824400776
SAMPLE_04106,0.9584098575287765,0.07726424362787822,0.09651143927584535,0.0006079391343210065,0.09435365474671871,0.00553628271718427,0.0613860793791934,0.09630184227109855
SAMPLE_04107,0.9743916158156236,0.13672109929681278,0.1728146093072802,4.822340953265928e-05,0.28617274788249863,0.00011196492758180989,0.18295254123518032,0.9995487698926646
SAMPLE_04108,0.5412557433182936,0.731709598475872,0.6462634225668793,0.9999999999999999,0.10374425425958898,0.0014794349196884534,0.00918794721087248,0.9833685357663231
SAMPLE_04109,0.5955452310310296,0.5154719097242049,0.556742009848562,0.9999999999999999,0.008163153914688642,0.00027517522747201584,0.033888602400512474,0.3052839574504441
SAMPLE_04110,0.7731173358837263,0.4454902145818986,0.5387146022889955,0.9999999999999999,0.003671480850819283,0.00011070198915798022,0.03489217873784993,0.01707759060489892
SAMPLE_04111,0.3675824964988994,0.30027383098149507,0.3561020722619877,0.00026852921263183997,0.03769378519470732,5.4612219398699314e-05,0.041370451339575884,0.850362354195128
SAMPLE_04112,0.9584135984315534,0.21635576178159882,0.1670411235754943,0.0001840788019534618,0.012952587201425992,0.0017986214282120954,0.06103467042211579,0.015357364576591103
SAMPLE_04113,0.9584117881849792,0.1534111373806443,0.311940880763358,0.0026200861398503385,0.590105597635376,0.007741108706154613,0.11403496097424762,0.9859740033190713
SAMPLE_04114,0.958403763348231,0.023754060846608728,0.01936300020905553,0.00023640554690881484,0.02100592995376539,0.0006135803632958307,0.05021303015679033,0.10366561267529113
SAMPLE_04115,0.7764836721999703,0.2727977995894379,0.20240792270777203,5.049732832641356e-05,0.04146332889442969,4.01528820550429e-05,0.05245314157179111,0.2100561705866552
SAMPLE_04116,0.9584150196807573,0.4471932279789878,0.45803207173097876,0.02436154970127828,0.47606576691556957,0.023960353340730375,0.4605110159816419,0.9943592051931683
SAMPLE_04117,0.9584067814416469,0.11103059116206335,0.09688503632956255,5.981930336190727e-05,0.04108368138624388,0.00012467341496374856,0.010675918448372802,0.2341396565219901
SAMPLE_04118,0.9584129195319937,0.020046293919129654,0.020590253567064322,0.0025658199803930094,0.8948553322715136,0.005338780360134965,0.08797101421358253,0.9817887651526955
SAMPLE_04119,0.95840900256689,0.01484971707362433,0.051964637820227026,0.00016731145051845315,0.24002850248881386,0.0005127377253530118,0.0081391749034092,0.18564757129897685
SAMPLE_04120,0.9566618791641088,0.12860170822816713,0.1788126759328536,0.00394619540152558,0.6381801437709931,0.010791329387503462,0.1964007875840455,0.6264656392046107
SAMPLE_04121,0.9583787093229948,0.15192400955326146,0.33141753110819944,0.0070576657426739305,0.12442581080482944,0.002973805019918302,0.3269620962073984,0.44211397313305467
SAMPLE_04122,0.7564823438290902,0.25934105428221005,0.5222420234316758,5.286880712973465e-05,0.20754406270607,8.258147580917635e-05,0.05254358489265169,0.9298734244579454
SAMPLE_04123,0.9583984375701751,0.12248584107540143,0.2500853525164297,0.012575277507627694,0.2793161180641258,0.03137929433676591,0.3086769231271018,0.8050157680620442
SAMPLE_04124,0.9584074034854771,0.056379692585962066,0.04346047530846199,0.00014716840573246096,0.038379502778374146,0.0007344224631578966,0.034607696027680455,0.09851688944722731
SAMPLE_04125,0.9003626958710149,0.23405928500154383,0.39132645398310545,5.485957890674053e-05,0.3740669286633375,0.005930051082181627,0.044213499191951486,0.9997554486141851
SAMPLE_04126,0.958412021371569,0.0076953730789574935,0.014243501904150632,0.0001401108528172299,0.36718722479340415,0.0001437288928335144,0.002412195643391631,0.24175838499567706
SAMPLE_04127,0.9584203513267489,0.25885041359254646,0.3333524948821915,0.00024775828881308114,0.08287846615574741,0.00032692615228923196,0.07220771841911953,0.133754838492272
SAMPLE_04128,0.9826432842505384,0.7257730916356457,0.9065238314334609,0.00010690167034299395,0.9446503149790366,0.0028579000604972834,0.47481093614370673,0.9955660422327188
SAMPLE_04129,0.9584210065287858,0.22235425147086446,0.5126980032590593,0.0010686270837025735,0.1147574695418758,0.0042839054873174106,0.2790129977235925,0.3046557040327897
SAMPLE_04130,0.9584142927762771,0.4205067442254599,0.43833468473753523,0.07588198563128891,0.521407775330567,0.14772173033185915,0.3835533358770092,0.6269239384095091
SAMPLE_04131,0.9452772617900678,0.3219387484800788,0.521940954473942,0.00024409268050518815,0.3155957537499644,0.01685281308347439,0.12744712120317836,0.998820337369649
SAMPLE_04132,0.8596440399498859,0.5209885357290898,0.5415979655830027,6.333104945217195e-05,0.13859048408474967,0.0001770318375884227,0.08688910001625827,0.9923328809270786
SAMPLE_04133,0.096793040220795,0.025742533422577145,0.026421300333692173,0.9999999999999999,0.011364713059302891,4.2013134507108074e-05,0.0004133046123664762,0.9622367845973401
SAMPLE_04134,0.958420685339868,0.015943011023560036,0.023644836764364137,0.00029420023346225414,0.2754623484091381,0.0010037105322574917,0.029747626923668426,0.137616100748748
SAMPLE_04135,0.9584205091698432,0.13103296244214616,0.24268982453423532,0.0007012157537561126,0.09407220812316247,0.0009884669554346573,0.09288496018183431,0.17704429854395776
SAMPLE_04136,0.6332060496809971,0.4634089677916124,0.5323587606699691,0.9999999999999999,0.00786147155217383,5.775672081760449e-05,0.07193681473000893,0.8007010057735409
SAMPLE_04137,0.8461139960544988,0.4713774456981556,0.5091394778422,5.0253848406697165e-05,0.09760660531091774,5.397387717286961e-05,0.1803164730408713,0.37897000612501935
SAMPLE_04138,0.9999999999999999,0.44361116481469104,0.44809422387342623,0.9584254440488376,0.9999999999999999,0.9999999999999999,0.9999999999999999,0.9999999999999999
SAMPLE_04139,0.9584167555287926,0.01808626987923296,0.04828422868422862,0.0023706918598734228,0.2372966419346111,0.0008086997630606214,0.017362880886039805,0.25740417358257595
SAMPLE_04140,0.9616047809592039,0.08127492667352029,0.21182854407275875,5.770907497803748e-05,0.17006597041165117,5.416632313182801e-05,0.03531980468798301,0.9985773629716646
SAMPLE_04141,0.9584073986591539,0.14368252494903783,0.14893630564915533,0.0006702969316863961,0.04454591734563334,0.0007867998441350426,0.034639705481941056,0.09295944449093423
SAMPLE_04142,0.9583942148663968,0.02161190396996492,0.05673745004711204,0.00044304829623721686,0.34347600905469633,0.0002839108706716992,0.0691968739460765,0.9803407685095049
SAMPLE_04143,0.9584072085204761,0.0886594251646478,0.12278553679039096,0.0001287972752844386,0.3594543204233431,0.0025057951139284477,0.0986375139302083,0.41605612903404565
SAMPLE_04144,0.9584198103917877,0.009093915795982952,0.017369159054150367,0.00012990296291854074,0.021555438227273006,0.00044344273822846957,0.018385726066316565,0.025589713267005803
SAMPLE_04145,0.9584193318698696,0.24796319069256975,0.41524456767315365,0.0007219799569509711,0.12179244590929299,0.05610548511989536,0.2849577666103812,0.3287877714751465
SAMPLE_04146,0.9584176732252881,0.22765186652283856,0.36306675895930995,0.00894428850511444,0.6697284907034253,0.0009672081598988135,0.35254924898772144,0.7331039796825349
SAMPLE_04147,0.27267630180568037,0.045784007209112854,0.03973007840093763,0.9999999999999999,0.0070153637219647295,3.847529648686247e-05,0.001128096649865046,0.006503480199113657
SAMPLE_04148,0.958424289033054,0.15931062035019197,0.17824580530192194,0.001182687855771286,0.12444732785939124,0.002100248844932893,0.1830262937460155,0.20350285014257102
SAMPLE_04149,0.7126842511989863,0.06897798977629434,0.1231327883443489,4.786895957257678e-05,0.06883309597997561,6.005893118175964e-05,0.08487580822792927,0.9962946287483118
SAMPLE_04150,0.538825448368097,0.6096837373688957,0.5841426340763707,0.9999999999999999,0.041817960993285566,3.919958900635275e-05,0.021050490243886704,0.08988111058659153
SAMPLE_04151,0.95842052207158,0.016040978954849943,0.06796261926823768,0.00019978868012737996,0.25705400684106217,0.0001528030084309795,0.010700497731076132,0.1793167875598499
SAMPLE_04152,0.4368803995600994,0.10440235273100237,0.11307080054647423,0.9999999999999999,0.04727990048822216,6.872674940824614e-05,0.02388178159136949,0.36537799158897805
SAMPLE_04153,0.44246224863727224,0.05991046172226638,0.06780136324825245,0.9999999999999999,0.009526070230110942,4.559641841005165e-05,0.019273657687785613,0.08914219728390432
SAMPLE_04154,0.9584190068984885,0.03677118216087381,0.09622950118307315,0.000282308792824638,0.021584882150616238,0.0002452566805997662,0.11557513698267621,0.11785396653516463
SAMPLE_04155,0.831575274202231,0.17222994129446287,0.2715771540404083,5.3336399415056e-05,0.34051902913026666,4.078464888978973e-05,0.04523548222277435,0.9995059723055899
SAMPLE_04156,0.9583938279244663,0.07276308271257223,0.10417677792267617,0.000707153288743018,0.05627670684823319,0.0020459302944438092,0.12451135100336803,0.5750995471235669
SAMPLE_04157,0.669842686729741,0.1774423806459243,0.2639973594339303,0.9999999999999999,0.006958258477072708,3.925554437759318e-05,0.007842151187994237,0.10841085404979743
SAMPLE_04158,0.9903263009099716,0.44795743893058104,0.6109921674226976,5.0551168422253646e-05,0.6372504754081199,4.1027858626659964e-05,0.2141521023518544,0.9993606398010075
SAMPLE_04159,0.7445338171792993,0.742739635468424,0.8139460493984192,0.9999999999999999,0.0065527191349182305,0.00013215146398878641,0.315907355986283,0.9943650783751848
SAMPLE_04160,0.9584218202053616,0.010758665482757768,0.03809988401949298,5.027149275906683e-05,0.17731979516122898,0.00030869052950019995,0.006491873353698737,0.13289422300242387
SAMPLE_04161,0.9138044880304094,0.17145882740849244,0.3099835898218317,5.501587776115763e-05,0.3474128685968857,5.1823507277153993e-05,0.1332249359782116,0.9352835081635733
SAMPLE_04162,0.30513476951351354,0.11987089703112838,0.21213751273360792,4.761740033944434e-05,0.21310213062931346,3.954105920975709e-05,0.019592315954028203,0.9467205670580725
SAMPLE_04163,0.9583046489392404,0.5323767165286629,0.5943447179202345,0.0032175435482617964,0.8949003600471516,0.029920436259627845,0.6047139294829326,0.9952494272683451
SAMPLE_04164,0.17150892330938444,0.0767561913477873,0.14168209602530635,0.9999999999999999,0.0015635620885668788,3.872362379079596e-05,0.0009495688079599149,0.06356139974675243
SAMPLE_04165,0.996511742690572,0.8214012545185939,0.7510312141823635,4.9683990152543376e-05,0.5419087093289473,7.492779470262694e-05,0.13831979417312676,0.9980577094551817
SAMPLE_04166,0.7405015891581387,0.3408844650793565,0.3241186099282725,6.611454600335798e-05,0.1328532948193251,8.95947300988127e-05,0.30282844837817074,0.47691794232315715
SAMPLE_04167,0.8948613072322293,0.31451886344371616,0.4328745837285057,5.8020877136466165e-05,0.15127834755542474,0.0001913112144083934,0.23498653580767692,0.9805122074466543
SAMPLE_04168,0.8749560235693381,0.5086859457378163,0.8305985202361128,5.593753173532307e-05,0.14513151173360508,4.8876476809801925e-05,0.5604284989947412,0.9890997466386071
SAMPLE_04169,0.9584210638417862,0.19015512630571457,0.1622915322355216,0.0005768138475834027,0.14976197645990402,0.010435164140182295,0.07164341895670852,0.2940115832771737
SAMPLE_04170,0.7986827645889457,0.4927158104489245,0.5532040485511708,0.9999999999999999,0.01896986242675481,4.108324785917411e-05,0.025238539620773347,0.07379826273699072
SAMPLE_04171,0.9584026021081665,0.34395450076987466,0.2586581552947489,0.0036598890551257433,0.11663666926990221,0.042816463602516446,0.11119067666428276,0.8013175078193969
SAMPLE_04172,0.958389530621663,0.1445681567521164,0.28024189277336903,0.0009058700831090551,0.25108028129869664,0.015697798113346477,0.14665300727711986,0.23765728279963413
SAMPLE_04173,0.9584152184740791,0.28757605289796995,0.5389417547849092,0.20681725118365873,0.4278981986827481,0.13965621190715816,0.40006142150070695,0.6757641382614109
SAMPLE_04174,0.6134285342638965,0.49099421134336196,0.42792096010727587,0.9999999999999999,0.005877694810399405,0.00025577323095802743,0.01294625791381389,0.1529975398611629
SAMPLE_04175,0.8103886679087297,0.27274726108179453,0.24753230887463484,6.995494135270128e-05,0.1772781980792127,8.592044433444542e-05,0.07252454116976849,0.9991982075610513
SAMPLE_04176,0.958412582779558,0.3881475621840662,0.35785262199186335,0.032324082321442335,0.2685877258554972,0.017601144496516827,0.27129463714666985,0.47796739307377056
SAMPLE_04177,0.11404414798359398,0.19940004070139636,0.10348158299613994,4.8548597945902736e-05,0.10655130428188384,3.513536260227967e-05,0.036402511992271014,0.999769386773994
SAMPLE_04178,0.9584136793817338,0.25658090047885007,0.3298725459332774,0.013337582591458577,0.495096185062975,0.164264748776744,0.2858133661230723,0.9964962588476177
SAMPLE_04179,0.9583812509751762,0.017528741617244034,0.03656679144680828,0.0004371815660370682,0.8598503422894611,0.001450300875267492,0.020320585551354582,0.986364308969521
SAMPLE_04180,0.9999999999999999,0.5188348586259299,0.2672055783817545,0.9584255998255369,0.9999999999999999,0.9999999999999999,0.9999999999999999,0.9999999999999999
SAMPLE_04181,0.9220062213848078,0.0946280911125828,0.1493217479421223,5.759676181221615e-05,0.2257467993906077,5.730438687408322e-05,0.07784459735213545,0.8536973601141754
SAMPLE_04182,0.9583988651187525,0.18751347730616488,0.16240835210950277,0.04007018466245169,0.1524409610385966,0.002034348781681368,0.39629801456051406,0.42680101907614654
SAMPLE_04183,0.8360855649116681,0.47943014165333486,0.4321978641345863,0.9999999999999999,0.030312883445542754,3.988827713915503e-05,0.0006524846251314892,0.02325645265631404
SAMPLE_04184,0.9584190308774989,0.01620719405806456,0.18281459684154686,0.0006091169815974929,0.049541393142285395,0.0002721345746342421,0.14767989978038085,0.121319123497884
SAMPLE_04185,0.9584189156230363,0.053192846267856045,0.23620971023881135,0.0003179345002005472,0.09080287516954913,0.0011746123065155094,0.07966701889275014,0.16420215043720546
SAMPLE_04186,0.07436474161385037,0.34352570060094234,0.33400575232117025,0.9999999999999999,0.006477295081232648,5.44504782314948e-05,0.010614760149337231,0.05424775361368275
SAMPLE_04187,0.7166984934460638,0.20003649811420726,0.13598560420227543,6.236255384983344e-05,0.193047724660096,6.465355665775789e-05,0.2651976399149734,0.9985539008033771
SAMPLE_04188,0.8873285708160299,0.4694156246346832,0.4757502966150575,4.748173300743175e-05,0.24142019636909218,5.8691117071312745e-05,0.11917749811566074,0.9995326300282807
SAMPLE_04189,0.8639347697551638,0.29497404714040343,0.2565483734561976,5.93980455891464e-05,0.4508908634542839,6.719183081458485e-05,0.0808766995241863,0.9994867430317965
SAMPLE_04190,0.958422183157391,0.05462392528919234,0.12019242856477848,0.0004868363909161904,0.028870045318994834,0.0032297186832333457,0.1426701246223454,0.06772837797700645
SAMPLE_04191,0.9584125594819365,0.10159540858023751,0.18553387350245878,0.0011472320976760114,0.03018912507288942,0.0034516567967516365,0.04507714030134609,0.21413475423726616
SAMPLE_04192,0.958413941258176,0.02871237567315093,0.09394545679936463,0.0002990840198512227,0.05530124286783879,0.0009672169511991377,0.06163822381174397,0.20079339379879396
SAMPLE_04193,0.9690192257105895,0.6034034025385271,0.693496385273096,0.0023979454647263553,0.3987807148713132,0.0010697241507674822,0.21186786971196614,0.5014614260762361
SAMPLE_04194,0.5127402736748005,0.03723997949875833,0.028908864643282867,5.007032338510228e-05,0.041913314560886254,4.836434508832199e-05,0.011446961701408504,0.03376548377141819
SAMPLE_04195,0.9584189939176926,0.1629402712920866,0.31545409735265006,0.0017883617343102348,0.08538310005071248,0.0008636841703558343,0.07369854395542041,0.32195138498304643
SAMPLE_04196,0.9569963080415191,0.05661216159607961,0.13843682540885302,0.002106773342670506,0.25047362490123637,0.017225002643354654,0.17766116412515193,0.9774814376458721
SAMPLE_04197,0.9584157368577491,0.0560894701186316,0.07478607669270786,0.00027652886166289843,0.03886169409134263,0.007110557770425634,0.016039518924488533,0.12819734156031806
SAMPLE_04198,0.958391581823365,0.12142211906521617,0.12146883666831172,8.435279566378996e-05,0.31909106932087533,0.0015909942384805613,0.04700374411518136,0.4661895287102242
SAMPLE_04199,0.9583900439971149,0.3756055235380697,0.37145315245290156,0.0014286296656120933,0.16956295820033088,0.00486535161291407,0.16372853288596081,0.35522118300969
SAMPLE_04200,0.10804703688560992,0.4369313428402128,0.3686152286791245,0.9999999999999999,0.0024277115150929244,4.357379283506925e-05,0.19507531117367627,0.17494017521163635
SAMPLE_04201,0.9584102303542635,0.022676636723381466,0.027877385914920748,6.262709442219444e-05,0.006851691932811001,0.00013895524945423853,0.006602286617507,0.008076202734257633
SAMPLE_04202,0.958394121891736,0.3437927062490309,0.4619831969343743,0.06588361248309896,0.05325194338685064,0.018468552093607638,0.30862016569252343,0.12663246443388357
SAMPLE_04203,0.9584169320983302,0.1896030116295884,0.2490528631018139,0.0005748117722951287,0.1265324500861125,0.001188520260300056,0.1820415991150765,0.43910631961768054
SAMPLE_04204,0.9584181276647682,0.3834989267261515,0.4129390685267667,0.00045191732856468753,0.02979258785344399,0.004702174617813264,0.10699177908094067,0.12411291371159866
SAMPLE_04205,0.9584155431955756,0.1476555070974265,0.37821017057828166,0.00015114295442481606,0.1306065892317377,0.0019420542367169346,0.11076769118018746,0.4528111244162379
SAMPLE_04206,0.9582307501352423,0.26000104269333146,0.25972186439370637,0.0007170577165423613,0.7508612683549689,0.0010549228482793006,0.0806719963539863,0.991693384032359
SAMPLE_04207,0.8591040668848392,0.657362066297505,0.6356702447614365,0.9999999999999999,0.01971043713895995,3.8060460061569385e-05,0.2203895124350995,0.30447342786698683
SAMPLE_04208,0.9082636819819994,0.0771725882374259,0.10226860187912783,5.121089999633574e-05,0.07401768407150881,5.7401737166556775e-05,0.020638302421468045,0.15025873867513756
SAMPLE_04209,0.9584150569180973,0.1386358696677371,0.10645948442023796,0.00022643215155008513,0.21077754142548843,0.0008622110858939131,0.05532236357490564,0.27755796178815484
SAMPLE_04210,0.44718185575794067,0.09253682170661216,0.07373481793045067,5.912056512442664e-05,0.08855066434631766,0.00013917101075236544,0.020145278185862852,0.9984279217056712
SAMPLE_04211,0.9584190837071616,0.20508068845494407,0.31643605665457314,7.523949975573391e-05,0.05262662525968839,8.203843238620021e-05,0.01242402890037986,0.0338712173004591
SAMPLE_04212,0.9583495127005611,0.16973135157482452,0.21333750721854014,0.0006882605762645377,0.8230353902910067,0.005351331078553357,0.09287319215741296,0.968450424244363
SAMPLE_04213,0.9584217853570228,0.1683873346614564,0.13934152847778125,0.0003120053994587638,0.04998005283954766,0.004622855386456895,0.03906567426704842,0.055568830395954796
SAMPLE_04214,0.542196222342392,0.5234761232289354,0.4162598993060782,0.9999999999999999,0.011793854025972815,0.0004349852346227386,0.010042871707053284,0.18413239222944958
SAMPLE_04215,0.9583859647246954,0.3255414071211911,0.45378851786205043,0.0072303247288396655,0.5821488493889098,0.01299279698619509,0.15593651559499336,0.9981453679105449
SAMPLE_04216,0.9584141995506303,0.13629515727406918,0.3122133872530871,0.02449412837073058,0.07050635856965778,0.01084561488149028,0.20478951514471383,0.1104132828659378
SAMPLE_04217,0.42784989812828556,0.3915143105476414,0.5362213454949868,0.9999999999999999,0.022030084136718905,4.034592291267704e-05,0.31173506703290477,0.11076977744690791
SAMPLE_04218,0.9581181651927978,0.057003443196628804,0.23566728377893098,0.0006553530147147535,0.48629393077724964,0.0016027018940143547,0.36700340797363373,0.9928183873694508
SAMPLE_04219,0.022195567618902116,0.05185669142650345,0.02930019032082042,0.9999999999999999,0.0031577059169382877,6.039225991915904e-05,0.0005198515146161442,0.9934489856012777
SAMPLE_04220,0.9584079549441957,0.44600421317236383,0.6568477153538397,0.0006992106566500256,0.1075782548630295,0.0010709885360414156,0.2788813677642424,0.45145022968936876
SAMPLE_04221,0.16467671731244363,0.1206848473049123,0.1651161016082312,0.9999999999999999,0.00504600074964835,6.620748179977737e-05,0.0013595650598361843,0.039573362261482566
SAMPLE_04222,0.9583691466541745,0.0393517506787261,0.06613220271680353,0.021455936926209597,0.5070780216679702,0.11820970400103578,0.1633885200338142,0.9728425798909761
SAMPLE_04223,0.2887934486899306,0.11602849824789511,0.12517186267783065,0.00032618797982645204,0.05571013743654949,0.0001298760394693674,0.01035534393145524,0.9903176261978557
SAMPLE_04224,0.9583007568199607,0.1358498658726244,0.25992961026730516,0.0006756094068330591,0.23776590287745752,0.0033675250179061892,0.04331578534173979,0.6869084844983523
SAMPLE_04225,0.9583912070840306,0.1616477579569208,0.19617587214921545,0.00011443310016141911,0.03953378567178151,0.00022618249195212122,0.025609979485561173,0.06912064941491737
SAMPLE_04226,0.9583729234344469,0.041096531859482546,0.0721323170061891,0.00036162644601307964,0.05976945757182199,0.0010278411242423244,0.12056766474496713,0.10759616468680178
SAMPLE_04227,0.9584229884424204,0.015779002481683593,0.08085038646710702,0.0003054175006126107,0.02200997790074878,0.00022172819250594652,0.02259084319703539,0.049002460782345554
SAMPLE_04228,0.7220433987360657,0.03649346451264013,0.10603939843614352,0.9999999999999999,0.15857099497312035,0.0004892766322075689,0.0026036395981651277,0.0772549844019441
SAMPLE_04229,0.9583666108819302,0.13518193050752494,0.2008343014281145,0.0016039372861382116,0.14902710042940384,0.010572664431862243,0.03290280337565348,0.5527464897255185
SAMPLE_04230,0.7441082635799237,0.3827040871957784,0.44939355498805916,5.613711493714394e-05,0.44759710266298175,0.00010749045702586049,0.21868190090815515,0.9385804557415768
SAMPLE_04231,0.6500421696855577,0.17679117081384665,0.3608999687816117,5.445213128753665e-05,0.016501887370992945,9.687077313201445e-05,0.019201591652537868,0.00859199194118934
SAMPLE_04232,0.8812488486533668,0.2657822290027017,0.4597443033063388,5.778980925254315e-05,0.13317992719867688,9.958215323321347e-05,0.051468956163887906,0.9990028021425617
SAMPLE_04233,0.9584144328925494,0.09152564085023038,0.07637620538397927,0.001712294291216876,0.16262004340126637,0.009365769764563882,0.04811524548958093,0.3068755102380026
SAMPLE_04234,0.9584088411233509,0.3346326278113144,0.3200212495938749,0.002619664272791239,0.21077002217088447,0.00866102322489655,0.07579261806277113,0.721399684356212
SAMPLE_04235,0.9584210010357572,0.022685105378561898,0.0851423557958046,0.00015041916154918074,0.4161539315819548,0.00048612271810154217,0.022024613055616732,0.372955582613706
SAMPLE_04236,0.3310954334950378,0.1624389435814576,0.1737336087710451,0.9999999999999999,0.01242263370728558,4.594802790701002e-05,0.0009417469686943106,0.01267551512600891
SAMPLE_04237,0.9583960328345899,0.010560147865541077,0.018565684129168872,0.0006810401382217141,0.05060322933189514,0.0009110652813903867,0.009553309436582435,0.013295541777637133
SAMPLE_04238,0.4311405276959017,0.4120866934576462,0.4314785752402493,0.9999999999999999,0.22126630015124293,0.00020083083955346192,0.05983898659638943,0.8507084331610357
SAMPLE_04239,0.9584168204513668,0.9337603522521291,0.8525520900772325,0.0005016472024453193,0.5562006756036665,0.2889459187399543,0.8241691908628938,0.8329208357266153
SAMPLE_04240,0.12650057101296375,0.37801700439047853,0.5321816378824255,0.9999999999999999,0.004016442801388668,3.908457415723103e-05,0.23311216516122057,0.39206866186388994
SAMPLE_04241,0.9583976390385538,0.1850147098727848,0.24117790974858017,0.0007836945941668012,0.053954254171775004,0.0014543774494636726,0.08559183387913163,0.04186806065993054
SAMPLE_04242,0.7216794720727923,0.5684800572072816,0.6817341553707338,8.920911888258298e-05,0.14207091153040907,0.00010359010138230617,0.22972254862473984,0.9936466089847006
SAMPLE_04243,0.9578726154632831,0.16145204385999534,0.3562866939030213,0.01684548329282223,0.17943129572249697,0.026371319020081017,0.0949330047445982,0.9374789712644849
SAMPLE_04244,0.9584171186505961,0.27974456080002585,0.11876624309942484,0.00010293711007191548,0.02775819533734721,0.0002852169186116364,0.02725493131728147,0.04073421532790947
SAMPLE_04245,0.9584177387717866,0.013276174843491119,0.02391547573495844,7.864501704565936e-05,0.012790038636011926,0.0007240729998072677,0.021124556197992153,0.06166507534658165
SAMPLE_04246,0.29822293189914567,0.20821018474055752,0.3841912784836975,0.9999999999999999,0.11274806449205098,0.00015928759271761764,0.0003452287620789656,0.007059913242873692
SAMPLE_04247,0.5513035372261968,0.020200771979854586,0.03253110765273036,5.409305788619734e-05,0.0766336661720179,9.950551267084327e-05,0.03601952662152132,0.9985951374667192
SAMPLE_04248,0.6960549877573116,0.3650751051696493,0.32570247372467964,0.00044936811831294767,0.38885836534814916,0.0011773079847988831,0.03373525405458195,0.9914078751261701
SAMPLE_04249,0.5768946840711493,0.2599784792577228,0.34939253936653175,9.725518553443695e-05,0.02017469233152299,6.641062457099105e-05,0.04983059992289096,0.06815847990165791
SAMPLE_04250,0.29755773439966643,0.06251475475774167,0.03442811488859309,0.9999999999999999,0.0021233086752985007,3.975685495056251e-05,0.0007296189158555328,0.006177390122526316
SAMPLE_04251,0.9046329017963667,0.23438749713980062,0.1618564028548283,0.9999999999999999,0.04377607647047364,0.00044870374350851593,0.005058633633875986,0.09314157052100824
SAMPLE_04252,0.9583705063031751,0.022731975519752062,0.06851882892444928,0.00010632429876842854,0.1786429084598903,0.0007121018123526122,0.03838042061451791,0.0817893303843918
SAMPLE_04253,0.20900369078393316,0.22974276892388235,0.2718502437674545,0.9999999999999999,0.005797937041136869,6.079211072085944e-05,0.02652191611441902,0.09995223323763319
SAMPLE_04254,0.958421708514606,0.2372203191215797,0.3117226699781884,0.0009668142640080073,0.20763073994575315,0.08567677927861836,0.5275348746170561,0.420737490918238
SAMPLE_04255,0.8047960681071633,0.3248509387705481,0.4719437829297888,5.053838880827529e-05,0.16013411937978503,0.00018253426926339138,0.05834699702539953,0.9973210913957353
SAMPLE_04256,0.9584162256259938,0.06382797827612152,0.36892049400832644,0.00015983917096860204,0.12337859058321302,0.0003573643078397174,0.022704687968325823,0.24530662065783704
SAMPLE_04257,0.9845807509729622,0.38528313094855704,0.36832122685097535,4.86115327619244e-05,0.2853221143325233,4.114853969474331e-05,0.3069424330362417,0.9936024808193136
SAMPLE_04258,0.9584099594976339,0.07710663149908316,0.26399010419882873,0.0007666047479683237,0.8375103470673115,0.007283221485491159,0.07513762448827549,0.9709295189942158
SAMPLE_04259,0.9584153149728785,0.120462841450044,0.22001090290222308,0.00272310248388119,0.45911563108353454,0.05375878719701955,0.23736896646729458,0.9987698281596656
SAMPLE_04260,0.9584176028387927,0.004969752028194699,0.015843739593316718,8.842148553423143e-05,0.014912564035282322,0.00010626429843371566,0.0067240145689183885,0.027894272162295022
SAMPLE_04261,0.025472429735661422,0.06720590462644331,0.05579030349285424,0.9999999999999999,0.004792915031427633,3.854879955907506e-05,0.000743723785348266,0.011656268935322742
SAMPLE_04262,0.9583861988249855,0.3091325019248214,0.5475253881288608,0.0008758057803725409,0.281486701645024,0.00536804886460275,0.06149346587000301,0.2057881489763455
SAMPLE_04263,0.9584221118788728,0.09593514241394392,0.17168608447244868,0.0004294712001162756,0.25056674012196256,0.1338219715186032,0.23662650784728506,0.34109723161750577
SAMPLE_04264,0.35018481730206985,0.40071857872500916,0.3636006890401926,7.107341433826148e-05,0.07273021987704067,5.124497847992004e-05,0.01204249998556752,0.9993423451158505
SAMPLE_04265,0.9584161498074997,0.808595776127241,0.8276843013728329,0.0023589867931828185,0.5577838978028041,0.010379640003598468,0.8239938996935094,0.874862652270967
SAMPLE_04266,0.9584190940395884,0.08094173082608501,0.055699995720695755,0.0004030230917791188,0.18270586972023134,0.0018205933621791963,0.01093254902596888,0.928641493454267
SAMPLE_04267,0.7859504181271059,0.014192586743936975,0.028548841882139436,0.0001362552902730813,0.26586993625840183,0.0004885211324475505,0.031604063104963886,0.9992896000474564
SAMPLE_04268,0.38526212630092627,0.20249575695839056,0.2648733143910302,5.8900578882653545e-05,0.03859463328072681,3.703782016464626e-05,0.014728676714257889,0.9711847188227994
SAMPLE_04269,0.3905942422421045,0.27293305616842345,0.31919039371194424,5.4438518231961755e-05,0.036587404678876376,0.0013996160920708356,0.02182439433544702,0.15452267867885675
SAMPLE_04270,0.9584165207314997,0.06881406905788806,0.17428321563643534,0.0002325185071218741,0.015920814694438803,0.0005607925309979274,0.09068328020252274,0.049779116169734516
SAMPLE_04271,0.9821254912973425,0.586600995756389,0.5638050526313066,5.9276218838384e-05,0.12923574521721454,0.002460722448260646,0.3474476430948872,0.997979894827872
SAMPLE_04272,0.9583656074368279,0.019986200370504806,0.09615234600992015,0.00023240721829429755,0.24173850043458525,0.0009296698608651291,0.08154010224428918,0.24333761404967916
SAMPLE_04273,0.9999999999999999,0.17364998234826265,0.08799040625299322,0.9584262813794322,0.9999999999999999,0.9999999999999999,0.9999999999999999,0.9999999999999999
SAMPLE_04274,0.8440721937217873,0.2995744789043103,0.20491564102481802,0.0006414690895515895,0.24991107673040894,0.0005052593582690091,0.0839595877473156,0.998859520736737
SAMPLE_04275,0.9584191093835952,0.027143208930228174,0.029141157892855263,0.0005777169500683008,0.008577389492615795,0.0014992516026769247,0.003505770307865484,0.022953217501569787
SAMPLE_04276,0.958405650478638,0.07334432814656375,0.07442459448908981,0.000115941501055812,0.034139120979013685,0.0010313938634257168,0.025202173862137675,0.04006329971844678
SAMPLE_04277,0.9584047168460242,0.4495452472131067,0.6196893320180226,0.013676190554665886,0.5887175722166305,0.21430944128456128,0.4196506142731202,0.9990908979367134
SAMPLE_04278,0.6573300049815535,0.1586519498678644,0.2211374169981134,4.694535246462677e-05,0.1815959197340445,3.493655821483666e-05,0.008613409531850759,0.4232096147171462
SAMPLE_04279,0.06743133365164337,0.06318500047472599,0.1121784513904513,0.9999999999999999,0.006644655445582083,4.409183676498178e-05,0.006124789948346298,0.05960979264497534
SAMPLE_04280,0.9584010252738908,0.601753033324187,0.511629991629657,0.011303338697208114,0.18677633612592834,0.0891952365058663,0.429522677123107,0.6664517774377446
SAMPLE_04281,0.9584194814312783,0.15900670949805376,0.25651376380176666,0.0008498620791725101,0.19682217637600677,0.002345955762860162,0.28260941731503075,0.42127401900772893
SAMPLE_04282,0.9627964015538258,0.7221322018839275,0.7456200011558547,6.246547058090675e-05,0.15649486459159082,0.0001065269883023524,0.1999774562702869,0.9787145566548023
SAMPLE_04283,0.5890111015524252,0.12984368003653673,0.16651168791263965,0.9999999999999999,0.45814763450760865,7.24393379388499e-05,0.0005987575547257768,0.9836637021418989
SAMPLE_04284,0.021935906762594524,0.11048239180634514,0.15115204986083192,0.9999999999999999,0.006631697532610246,3.772238206181441e-05,0.0013208802361650669,0.9629647990104462
SAMPLE_04285,0.958419758319046,0.4638253949276937,0.6501278282253463,0.055067397431169264,0.7883580880970054,0.21161945487489175,0.9163462669533585,0.9783118379860408
SAMPLE_04286,0.7765803289207671,0.3432358774954943,0.39232843459322164,0.9999999999999999,0.01339691504536706,5.960747983895526e-05,0.010962684556064046,0.40728993260923596
SAMPLE_04287,0.9451517437238761,0.4862464970726814,0.45215243956589407,5.210634240266511e-05,0.18073150608982033,5.4359937188381465e-05,0.3376228358370505,0.9945545143130097
SAMPLE_04288,0.9584213887998545,0.19463077585148916,0.2473841722992039,0.0006256528179389767,0.08200613656534697,0.0007774782793651333,0.06805647509879545,0.08911492267981991
SAMPLE_04289,0.25763476440679334,0.09326794480216752,0.06317446633459894,0.9999999999999999,0.03535910144313877,6.47779332589212e-05,0.000959880194121549,0.9663440265146696
SAMPLE_04290,0.6519536210879467,0.4077182708816556,0.4546798148600976,0.9999999999999999,0.019205088644082054,0.0003489996004847861,0.03557438805047759,0.02423262848337579
SAMPLE_04291,0.9477241754001173,0.7051520565991269,0.6920053974341134,5.350706981389938e-05,0.44463860461019133,7.398113630257536e-05,0.5381938284860348,0.9990875590791037
SAMPLE_04292,0.7916717405409451,0.13634711286749315,0.15164817250026874,0.0001227881143344145,0.17307124356813502,0.00010519773237012914,0.019907745957209153,0.9672273424202389
SAMPLE_04293,0.9583558178044882,0.18936472311374866,0.2586300461819605,0.0007441107157131119,0.030913681758506964,0.0015040543403507893,0.09461239934589344,0.07387772133267524
SAMPLE_04294,0.9583940440386933,0.026448566715129965,0.08470395218705914,0.0001895363613086063,0.5202712680059433,0.0006358243504103291,0.010187095323379006,0.6577844511217328
SAMPLE_04295,0.9583716527706165,0.05348030880858358,0.09030259316931756,0.00038824682933726875,0.18531797330821814,0.0032103907251446843,0.030787916663446414,0.13349545082792572
SAMPLE_04296,0.9584045258529009,0.3913310891117794,0.38956620122157454,0.003469583585535012,0.2827472093590368,0.04511798361284468,0.2356990408149541,0.9975131805246791
SAMPLE_04297,0.17571739886812193,0.10481032337427104,0.13466016207486403,0.9999999999999999,0.002140909321718656,4.249991633843044e-05,0.06819616976031873,0.10224962225150881
SAMPLE_04298,0.9999999999999999,0.12104068277447061,0.06135431402867421,0.9584270922856695,0.9999999999999999,0.9999999999999999,0.9999999999999999,0.9999999999999999
SAMPLE_04299,0.9584153774561477,0.2987852222478715,0.32552583278011304,0.0003787441340243466,0.12005695422610461,0.002855548100568315,0.21515119059540616,0.19611325240864957
SAMPLE_04300,0.9583622794106643,0.1062839600770301,0.09532767735784929,0.00020200854125340133,0.04456912132932228,0.0010536731765059914,0.03517469619386342,0.8600139012587921
SAMPLE_04301,0.9583803838828777,0.09846733772136747,0.21740599120934498,0.001134918988319931,0.5125685998730825,0.008987619142198804,0.1584029712367533,0.9968326114657536
SAMPLE_04302,0.9584219934827614,0.008685206012411082,0.06318663275033679,0.00011915988031831765,0.4211594993608596,0.002852772292306841,0.006810013979334098,0.14283169408050192
SAMPLE_04303,0.9584163263363484,0.13080908312661893,0.19946674703865366,0.00023773961140595884,0.03626950758660826,0.0034636583870764357,0.06017336004227861,0.22310558886619308
SAMPLE_04304,0.5816615487090575,0.16372487224893106,0.13674085912627731,8.686748727774857e-05,0.1278379495120364,4.821866154157775e-05,0.07202485806946658,0.9989345973783931
SAMPLE_04305,0.9584127906106787,0.25336283066512083,0.2702856495840504,0.0002105241229675397,0.45512901715491505,0.007766268994407793,0.18708917125679186,0.30645062398705
SAMPLE_04306,0.2569201955842184,0.09759219447638091,0.09718814894144995,0.9999999999999999,0.018693065240968566,6.148404966091596e-05,0.00659902380103577,0.8768840649228122
SAMPLE_04307,0.95842368693503,0.12301367235963603,0.14306719254281844,0.0008679865361878538,0.06419294320912038,0.0073282195346270375,0.2127577105384702,0.07424321626905885
SAMPLE_04308,0.686688295767317,0.16140452610645273,0.22393737991844495,4.9974480307467863e-05,0.09240405896261603,5.856837382316011e-05,0.007027964761769234,0.9962708616567035
SAMPLE_04309,0.16361663095161535,0.028491331150449706,0.05341844242416803,0.9999999999999999,0.0026764639626894408,4.243545802788924e-05,0.0008722723701596977,0.009782299165808452
SAMPLE_04310,0.9999999999999999,0.2138857072858732,0.22347097140247657,0.95842873752645,0.9999999999999999,0.9999999999999999,0.9999999999999999,0.9999999999999999
SAMPLE_04311,0.899799745089139,0.6373070709188537,0.6391448009205563,4.7750454366512895e-05,0.47950713988940535,5.638167814169248e-05,0.2608653984223119,0.9996162285606984
SAMPLE_04312,0.9584221194273106,0.009351250935759678,0.03856171969662216,6.866563565955599e-05,0.5080978707796406,0.0002881076538982922,0.00778422371300731,0.3736242594338504
SAMPLE_04313,0.9584052712557264,0.06282345504390158,0.03970227603152879,0.0002707805524636371,0.0492574422800461,0.00017846998033519716,0.038815906357052524,0.04570296947830324
SAMPLE_04314,0.958415942999009,0.43461062550298,0.6199487658623816,0.00192398867957787,0.30776661557996937,0.006172079352330218,0.5462577221176219,0.842523839812121
SAMPLE_04315,0.9253034851120483,0.8479056263036876,0.8332652304797463,0.9999999999999999,0.13807649158393168,0.00031155954465243816,0.20757225786024178,0.3145659062206592
SAMPLE_04316,0.9584148561931969,0.22333550725555085,0.27951941464440333,0.000514252850003175,0.31925217207085493,0.015404861967952954,0.23146213211138447,0.9981219618091446
SAMPLE_04317,0.9641148701102863,0.184329657229212,0.5450142262277256,7.258922529748564e-05,0.2552690952180795,0.0035911101808731205,0.14248099570797623,0.9948569218498373
SAMPLE_04318,0.9584150594124767,0.06315105225100678,0.10336551378649257,0.00033915227988358555,0.18597509407796461,0.13045622536768964,0.12131426009720706,0.29110743762880453
SAMPLE_04319,0.42422948893757517,0.15757969744229383,0.28359762638584635,4.967099708573267e-05,0.31298099989155315,4.110403388008869e-05,0.08074390038821032,0.9364914425520473
SAMPLE_04320,0.9584149708306584,0.15329340052963178,0.17525803576053683,0.0012616329169297994,0.07400687045042639,0.0013399572410849093,0.07369475780586249,0.8498749559413089
SAMPLE_04321,0.2926436137103609,0.483323353357041,0.44265605158827603,0.9999999999999999,0.02376659468269777,9.696640530132209e-05,0.0997364772361741,0.051687421480147086
SAMPLE_04322,0.9257930062775678,0.42601152211872095,0.4858984285828699,5.057555666692991e-05,0.1633333391805282,3.945079263071075e-05,0.22195615523797818,0.998703880706487
SAMPLE_04323,0.9583907431985428,0.3301024625261029,0.5339147701106194,0.00012062052047769768,0.03463893047425304,0.006170165821889449,0.4682187875363377,0.2096703191272509
SAMPLE_04324,0.5319113435651328,0.4981833079128836,0.43998990912025393,0.00014562516388721828,0.394170106776385,0.00038073658291669165,0.07906477100300265,0.9936638278404507
SAMPLE_04325,0.7171566619829269,0.669152885449605,0.6403435957547128,0.9999999999999999,0.10392978949771403,3.809746659898959e-05,0.2522249210954421,0.31149282634083875
SAMPLE_04326,0.8411534683157434,0.5523901873022601,0.7026242880882798,6.321887854512333e-05,0.16605660406152262,0.00010640787646113014,0.2083525359575954,0.23794363660637144
SAMPLE_04327,0.2116810652737585,0.10588316387493456,0.09875671156753613,0.9999999999999999,0.3316222896601866,0.00012545660282311952,0.09139035240994868,0.21032880692781186
SAMPLE_04328,0.605011736765104,0.2657130263612428,0.32815904694442055,0.9999999999999999,0.007052188028064605,4.874101739309383e-05,0.045248014367668433,0.8616081985573119
SAMPLE_04329,0.9583460782875454,0.30234775084259147,0.5049834557056527,0.06017018239152874,0.4498902252275839,0.00551525563042387,0.3484996188088394,0.6248410339856637
SAMPLE_04330,0.9583661535886845,0.1538693366342478,0.13334037833008128,0.0007627814798785388,0.15995653013598501,0.004907913074157376,0.06209935342059273,0.4100723057075846
SAMPLE_04331,0.9584152944652254,0.07527859001841593,0.09682282927640326,0.0016316212332046097,0.20649709075944347,0.012178264134910782,0.08972201520059549,0.49285136773025284
SAMPLE_04332,0.9968129963956722,0.1047138823239307,0.48818892183686213,0.00010251548862962376,0.754210085460482,3.9629016704362506e-05,0.29919784507428066,0.9987411063535402
SAMPLE_04333,0.13048343184893174,0.057537775588397795,0.041372990540325186,0.9999999999999999,0.006930996207240411,4.197002693822925e-05,0.01105427678731075,0.06306251265723833
SAMPLE_04334,0.9304968307278308,0.33347019112546655,0.5238641498865033,5.9854124218305895e-05,0.16851981383250103,6.11029055851534e-05,0.019843260134375363,0.9992676716803348
SAMPLE_04335,0.9584154515775536,0.05642529826068751,0.06554027815180691,0.00025487545617280087,0.10343753636890989,0.00044828818402866343,0.010538117909443076,0.04680068703350799
SAMPLE_04336,0.7402565193668145,0.08123247708743633,0.19613896102998662,6.617170736586201e-05,0.1821549977575262,0.00015764473349432026,0.21853448928321867,0.9972189415543684
SAMPLE_04337,0.9999999999999999,0.44488106408435824,0.33346721869369766,0.9584249108084999,0.9999999999999999,0.9999999999999999,0.9999999999999999,0.9999999999999999
SAMPLE_04338,0.9584181103065172,0.13189219579678463,0.3759953789529513,3.829245194905787e-05,0.4948391529786545,0.0001462380453862913,0.15976497208878518,0.5296669097505886
SAMPLE_04339,0.9879374937148893,0.4401583281370698,0.9226553447951422,0.00010300427213050328,0.5297009549754612,0.0006317525809997333,0.06502589651348917,0.997372989307127
SAMPLE_04340,0.9999999999999999,0.20818993002614627,0.144925762893367,0.9583355112697205,0.9999999999999999,0.9999999999999999,0.9999999999999999,0.9999999999999999
SAMPLE_04341,0.9583336484560907,0.25567636854458464,0.2752829846993701,0.01453014798791743,0.4460735679890823,0.01425291316061474,0.1463274846217754,0.9827804329449368
SAMPLE_04342,0.9583946204025449,0.052395381098509,0.0731882816350159,7.852087854184169e-05,0.37292227819618495,0.00026885636521441664,0.0016601480339742225,0.2520597690767899
SAMPLE_04343,0.4213465130912158,0.6045067053210402,0.6596650652126964,0.9999999999999999,0.022303928959990088,4.99274283190497e-05,0.28213368111559173,0.9832887833745783
SAMPLE_04344,0.9362263197544359,0.6900202029547574,0.6074937946719733,5.388016810254793e-05,0.011955263395409848,0.00011331524590923627,0.2182264211556322,0.2241891178091585
SAMPLE_04345,0.19803679536753693,0.09335690577786841,0.0939093237211549,0.9999999999999999,0.0025831715909691165,4.331131984775456e-05,0.0007422227985162912,0.00371565733243414
SAMPLE_04346,0.880643945051258,0.6163488119155117,0.5447446418473824,0.07341853784421726,0.07944832587902867,0.05931706424096951,0.4007134557335656,0.3057332899719367
SAMPLE_04347,0.9584063477804967,0.3029907636878881,0.28344126392194335,0.09856934123071173,0.3935492751592188,0.17241178580554642,0.23726871241763337,0.9975779733913662
SAMPLE_04348,0.444710740828489,0.290107287910783,0.34836209920041344,8.041902850041972e-05,0.26061950455778404,0.0031315219356070007,0.34999861217478806,0.9517797902682177
SAMPLE_04349,0.9316254717245585,0.22321717793518497,0.2845196452896213,5.4942260185352494e-05,0.3402645934471791,4.790779494018776e-05,0.16248059490007055,0.9862914164207423
SAMPLE_04350,0.7952279692268182,0.4802555040306035,0.4621773043931737,0.9999999999999999,0.011190149795041132,4.076819094171017e-05,0.05989204322961586,0.02473885892904731
SAMPLE_04351,0.9584152960756783,0.016184726667048253,0.08984027707956585,0.00012031682645321498,0.1160021937500577,0.0001954510214492659,0.039126107237195326,0.2785129559129714
SAMPLE_04352,0.6691703318208824,0.21501493496832047,0.24210495177053631,6.847248823595673e-05,0.4319683168018842,0.00013961990240964588,0.22238178189207458,0.9989251637820347
SAMPLE_04353,0.6567717606628368,0.5352068863458099,0.5475522348715388,5.396942792523122e-05,0.3096553387663452,7.521245102482595e-05,0.0968002768971413,0.9421294044804229
SAMPLE_04354,0.39352146576738956,0.41370875526529116,0.5422799039984204,4.881475448893486e-05,0.504029989082592,0.0002417575563958807,0.022377090106142895,0.9985632312692827
SAMPLE_04355,0.12341259128360305,0.30135452334814145,0.24348623691738852,0.9999999999999999,0.004574563791220179,0.00010953921366971245,0.040190768619569835,0.018301867927681577
SAMPLE_04356,0.9583433199377531,0.2554265918737991,0.2671045421081485,0.0028044020563871928,0.23931365144621577,0.001266482280098389,0.14421773594328577,0.9399000631318398
SAMPLE_04357,0.35642794937071265,0.14773301804441052,0.1402784317033162,0.9999999999999999,0.009546836280032705,4.164789399686176e-05,0.0008961520786148158,0.006249183092892572
SAMPLE_04358,0.9584143146030821,0.1100098269146188,0.30259257509531085,0.0005005664008434221,0.09658106135854877,0.002952966955212358,0.0826368702434138,0.025611598377458245
SAMPLE_04359,0.12807100963730003,0.14477964594505258,0.14329364632676694,5.619935373416806e-05,0.3762675984553862,4.536998132214103e-05,0.07922775379539916,0.9998472811320896
