sample_id,Ampicillin,Levofloxacin,Ciprofloxacin,Imipenem,Amoxicillin_Clavulanic_acid,Ertapenem,Cefotaxime,Cefuroxime
SAMPLE_03360,0.7747132693952927,0.07562621729837984,0.11638758509445665,0.17165659367709674,0.05455168215034814,0.20464698046201046,0.09174954051871888,0.04186635178668356
SAMPLE_03361,0.06747022493991897,0.1919368371751208,0.1121092419987079,1.0,0.026709785295453134,0.12032952875522702,0.028429773891650856,0.07391198905712673
SAMPLE_03362,0.44407143034662244,0.6263633774733675,0.6694734426693891,0.06107279152309257,0.2660417444600383,0.22295601439234486,0.5475147958194672,0.4707802552066039
SAMPLE_03363,0.156148649019688,0.22496851590501468,0.1851321535361485,1.0,0.032306864916963454,0.13151455544050397,0.23737336682558868,0.03710568104995095
SAMPLE_03364,0.4933020913603573,0.6744598062804601,0.7699484476568722,0.09376856719081385,0.47308428819964077,0.21936532630459507,0.6098600489710352,0.911691410393281
SAMPLE_03365,0.5960599052936818,0.30691229221929367,0.36783050304642984,0.055072476320437415,0.3037222799621514,0.1524146241198467,0.5266860017257787,0.7289766616093571
SAMPLE_03366,0.5017323507048543,0.7542523766874649,0.7602286557370079,1.0,0.05699369475255374,0.0684945985113264,0.2355854232302858,0.8644602776167274
SAMPLE_03367,0.5769964332065529,0.7115612697233566,0.6969370186324321,0.11850619889906769,0.5191733472672453,0.14038429112858544,0.5973285968717057,0.9253417400761281
SAMPLE_03368,0.3966717114154259,0.8517998380534945,0.8806322338130996,1.0,0.07164866615489662,0.18631736515690725,0.5449606351132079,0.8540123546566738
SAMPLE_03369,0.7063590729703569,0.8618657023988179,0.8476632460338691,0.027733088762959598,0.5717293507577597,0.3201243755271249,0.37415859927750794,0.9171087540877174
SAMPLE_03370,0.5384378399852232,0.33531254197283794,0.4400818806003188,0.2991812748177327,0.3672174129420583,0.29954032342966935,0.3388439816659093,0.8722553060188047
SAMPLE_03371,0.24940207415950005,0.07277938480342055,0.15061220977659603,0.09862020737303001,0.15003521768845532,0.08165279762478322,0.10886104055642346,0.9114099208043906
SAMPLE_03372,0.46158224251438457,0.3770517995911106,0.5719600514362482,0.27562037204665996,0.5516841767709546,0.19694236176683722,0.274291612667626,0.867408938138194
SAMPLE_03373,0.5604247025358627,0.12712191528663735,0.13799127738401684,0.15689711080015842,0.5289965532893003,0.23484190989160664,0.32530326397789994,0.8643557388184323
SAMPLE_03374,0.16801372465937847,0.3331836158773748,0.36397012589012623,1.0,0.22133254964466167,0.07537869574536854,0.031247616237616148,0.06936397274637784
SAMPLE_03375,0.6455987713536728,0.27763225540887704,0.344942612622078,0.04791222891931769,0.45537076585294906,0.05350778599141429,0.2903064538764878,0.8668107952354256
SAMPLE_03376,0.29037129462068273,0.6434316526557546,0.6854951066774825,0.0806611506401119,0.43713771122757505,0.15833588521932804,0.39498012041912406,0.9144226379451827
SAMPLE_03377,0.5762704494840982,0.6502315498529354,0.6304168388529516,0.043066023828608135,0.4332749281743176,0.07068336021375984,0.2756218123451099,0.6042509606460564
SAMPLE_03378,0.8302534067107487,0.1784951311989923,0.10577848973011164,0.062281615005644234,0.22359353888966138,0.1160274235819585,0.07546561563564239,0.5127090063154969
SAMPLE_03379,0.7608835311472897,0.18326627856148842,0.20333420634774904,0.32657877259429086,0.6456939634538977,0.45074963659830886,0.5857641925519341,0.8957473869337385
SAMPLE_03380,0.7871404438569154,0.5655139079660626,0.8856762933265575,0.08397471955214737,0.6750296692332811,0.17116190044738142,0.5975330422014018,0.5303456415752759
SAMPLE_03381,0.43652405798626126,0.26841452524571924,0.34626490845702784,0.06643071099789938,0.5731519235306982,0.24228802867429147,0.5352669369002166,0.913357728702852
SAMPLE_03382,0.8340884296338289,0.08004041664246345,0.10092243652806555,0.25783304432099097,0.10906039498577882,0.26087570741626614,0.12507507679677007,0.1534579814506896
SAMPLE_03383,0.8385919030281215,0.23483331502811144,0.22100013003623592,0.15987637549104905,0.2626360818203947,0.25516115070717194,0.23309216457075432,0.334534189227333
SAMPLE_03384,0.8492513708618802,0.6344537538893076,0.6004797803638193,0.36999896519625936,0.2611840651196722,0.6046584915660592,0.5774320546953595,0.5682526286518572
SAMPLE_03385,0.3314583726746386,0.27761063917785045,0.441231573476913,0.12430034460511344,0.40201881565881514,0.20179764216727938,0.30749001376762275,0.8245572830925945
SAMPLE_03386,0.7360679903956804,0.38386230096603946,0.5285314633418305,0.09734434570332776,0.37760305297474317,0.17066461987169732,0.3564106897224755,0.7929281867774092
SAMPLE_03387,0.05171045624587108,0.16685253385850846,0.20512203667420376,1.0,0.050923755639729874,0.14823488860259937,0.04578341990618624,0.11216032319073913
SAMPLE_03388,0.05806388493237027,0.46049113646897344,0.38652887569681754,1.0,0.21791389554561075,0.06512963442632809,0.10305005645607593,0.8292692415957774
SAMPLE_03389,0.863919802077888,0.0682393215699646,0.3527548943187968,0.151675816680232,0.11775651566476229,0.17888333514724322,0.10247963807542068,0.0435336478300072
SAMPLE_03390,0.9029264087157466,0.02052277589249341,0.033498772954066405,0.02324655000245872,0.6218402662789815,0.07036007355482753,0.0357344780414896,0.22986549534151135
SAMPLE_03391,0.7142106635052452,0.32631513407619134,0.5311827979243027,0.23153635179730378,0.1287162117902029,0.3465242229826319,0.371134747250589,0.12599639629881904
SAMPLE_03392,0.8550897382143225,0.03655394444599526,0.07347307932259459,0.11725861322903178,0.0674301492112971,0.1795647637361508,0.06527497771755665,0.16718041615911175
SAMPLE_03393,0.901425737544475,0.21425628990959028,0.3352858485153086,0.24385491390107195,0.3527567454890709,0.3094516729382531,0.2627850114062399,0.07257415735161626
SAMPLE_03394,0.8969263758795236,0.31908644672901276,0.347215936973176,0.2523691352505718,0.22395754443243332,0.30080427930805065,0.22189707693090177,0.2740913552254519
SAMPLE_03395,0.8555891853588338,0.1937873500092291,0.41944709762002785,0.12241971618361132,0.04923697715083959,0.2068483109856229,0.34950113057827914,0.15246470774733717
SAMPLE_03396,0.2436872162582475,0.2788825740423466,0.24621128121452368,1.0,0.07763383378428383,0.07730948065251325,0.035403981837021474,0.05240662618049841
SAMPLE_03397,0.5284695449721526,0.43125152132017974,0.45219292073256856,0.14549713080568194,0.6266788839034938,0.21319368874320163,0.6279367459016252,0.8499557344668125
SAMPLE_03398,0.4270628660561338,0.6525620709814921,0.7973475337310343,0.1995385973496258,0.4600884072798999,0.2644403127178543,0.4067328659681539,0.8546462289636656
SAMPLE_03399,0.19110777762591577,0.33331178791879634,0.3273179851961916,1.0,0.2600428693865185,0.07169338918085544,0.025279194662781026,0.04427659440607856
SAMPLE_03400,0.9125931100070497,0.16723273584335424,0.23974878344519926,0.13936413319798813,0.18749071688776597,0.1438900849987634,0.18811310308165438,0.20612275720199402
SAMPLE_03401,0.9094263021716187,0.07012418487774207,0.05937171126749025,0.24944729284769226,0.4159483653919472,0.3480971272018523,0.1459971791576044,0.17023445828986827
SAMPLE_03402,0.4416336967878405,0.705587757946837,0.7356745233664985,1.0,0.20016803949212242,0.11414849233490272,0.3374848309311084,0.1500247213480572
SAMPLE_03403,0.9024260686307801,0.34023910667125484,0.3541376374530285,0.23751257526585598,0.4667529915536025,0.44271948192249205,0.16942741471091238,0.45657866478411546
SAMPLE_03404,0.6456136918267011,0.5032797374781945,0.5161779475602413,0.3806106816460493,0.635385560030279,0.5443757490843677,0.5213829824062732,0.8507604771610099
SAMPLE_03405,0.6506836510209537,0.5109542635121691,0.7669403142561815,0.19786468108363367,0.5208817457193877,0.28760721264030886,0.5782298729782225,0.9163069115660407
SAMPLE_03406,0.7830159464735091,0.3280018832311931,0.22958521000209092,0.12810211807567304,0.14981647568476855,0.15854555409533064,0.38303441049927167,0.10387687760406161
SAMPLE_03407,1.0,0.41059075965495845,0.1801705695170555,0.8837237803580871,1.0,1.0,1.0,1.0
SAMPLE_03408,0.743564452309071,0.1839357494229278,0.22551021523131792,0.3156338878192755,0.7258710195194206,0.404044101210622,0.4405777351531003,0.8749895437756112
SAMPLE_03409,0.14294539525486513,0.5257970383523327,0.47925304679447783,1.0,0.4272493106558609,0.07697417325651494,0.10778239773444043,0.7707725435867019
SAMPLE_03410,1.0,0.586862982450056,0.4396471644571351,0.881340433042598,1.0,1.0,1.0,1.0
SAMPLE_03411,0.8750922230016631,0.08976099511465273,0.07823228280761105,0.3698313540756199,0.6407910696459193,0.47905212737905806,0.43630233134946195,0.4397078078589297
SAMPLE_03412,0.7905286130350713,0.24392230093611622,0.18258657391994362,0.25983198212465286,0.6910120887263094,0.41509669928625204,0.1154601165642772,0.4117342357626992
SAMPLE_03413,0.7735758855194621,0.03135336791036642,0.0716234286235881,0.16532732664738417,0.3196363866941776,0.2543808706698286,0.15851824253780203,0.3624575592722541
SAMPLE_03414,0.040063961336985046,0.41224530706633367,0.4727116587355513,1.0,0.05360448032755839,0.016797451892982034,0.26767378062051705,0.23975711498402394
SAMPLE_03415,0.8789250826696788,0.062180236470951625,0.08900130011183963,0.1983527843236819,0.08942212204531733,0.28653456078192435,0.17884909086095174,0.0825062314371436
SAMPLE_03416,0.852255330123993,0.5200269255258199,0.4860396039808973,0.35665199483697196,0.6503427167919529,0.45306594928719207,0.42250110489533943,0.8927485417763692
SAMPLE_03417,0.2519619983223225,0.1868177582722208,0.14684930327773682,1.0,0.02045746458693935,0.13435532623977975,0.03640938450476512,0.018390661879949824
SAMPLE_03418,0.7275095592090424,0.22883190490797628,0.4209809082342163,0.26824713784561677,0.27916012598806894,0.3663553330180579,0.26578568088913684,0.4747377762584874
SAMPLE_03419,0.850590365134468,0.315359894620352,0.32419513197500593,0.29761825040863055,0.729019774171211,0.4365772528934021,0.6406869273043929,0.4152704812426117
SAMPLE_03420,0.795683807258212,0.7716625464411526,0.7009780279174249,0.3590069315052307,0.5710688198824602,0.407767889225389,0.856508767250576,0.8583415500886337
SAMPLE_03421,0.4362225153285773,0.37888172148568044,0.37653987503354497,0.04359224029821226,0.11708313241497628,0.11553247509876502,0.18664400040653017,0.1381796309404352
SAMPLE_03422,0.7872418160640517,0.5615115578648735,0.5509231049136762,0.18778099410434232,0.7452205382191961,0.2203662675282561,0.6792033804865882,0.48631974417054674
SAMPLE_03423,0.29020884428178617,0.4222089737416355,0.28088135692011185,0.08029200878751482,0.16752877854597792,0.16297696208643386,0.26952476234732853,0.2570551859405389
SAMPLE_03424,0.4167941356874617,0.40712524443469883,0.5311823083156564,0.1686703829015483,0.3385829756118339,0.20641243250408592,0.37460613773161905,0.8924843470848156
SAMPLE_03425,0.7562856310231543,0.26196548627967076,0.2673129529384798,0.3665018360184513,0.52410776778455,0.6057653129243377,0.24162593871663504,0.5827475231358608
SAMPLE_03426,0.7492290672983388,0.3465607506623204,0.5388008568896363,0.30931839199660116,0.4638596903333129,0.44692442071979205,0.5888560652917206,0.9549265815693448
SAMPLE_03427,0.8234234084250767,0.13288471893094683,0.3093011739346499,0.20931334999475773,0.31983322775367773,0.1561162352587988,0.09193616429822501,0.27695493911022967
SAMPLE_03428,0.3330267889211812,0.3470479150953016,0.4360179768035085,0.06840250676287207,0.3312518050123315,0.07282263432356098,0.1938908435107438,0.977224788418337
SAMPLE_03429,0.09535976590794265,0.36336554518712977,0.3730333627691458,1.0,0.029457388176314055,0.02863554887850616,0.3932281178252104,0.16407222060231907
SAMPLE_03430,0.8439231190701607,0.5908388012312971,0.6485318250034322,0.28893092018363126,0.33380229691681784,0.37051762504429,0.39117583740221085,0.5456965890635325
SAMPLE_03431,0.7887392158661032,0.19986460076186957,0.26453731148184345,0.3162772597071687,0.07610530982314712,0.27216750657030964,0.3929079024876828,0.203691397172579
SAMPLE_03432,0.7665202342094912,0.6708735865811037,0.7145271513816486,0.13578254936862943,0.2996681762398008,0.35244557646920055,0.8537625077943973,0.8957444208453373
SAMPLE_03433,0.17442976984592637,0.46943329103978015,0.5273920193147738,1.0,0.07132957684906899,0.2086300721474508,0.03483741741946793,0.35994199473278743
SAMPLE_03434,0.862257765067779,0.24017866279512312,0.2581317877312409,0.21462315162438456,0.28244674003079134,0.4216186557291751,0.26383511100671564,0.3768640917177549
SAMPLE_03435,0.8567578428138964,0.018283718029491615,0.04321675741113369,0.14136999789044702,0.18799615352386942,0.14873758145585053,0.16922581341236723,0.17517790352222581
SAMPLE_03436,0.9074262001489815,0.23760368416570954,0.10364828143362456,0.12013726899349728,0.182567279908329,0.2152788882121007,0.4264569002168651,0.35580913063292596
SAMPLE_03437,0.8835926563856932,0.20715561564333285,0.23215026716268283,0.08302307716223327,0.09562930222074956,0.15081465692085702,0.1914546670133941,0.16278250122909554
SAMPLE_03438,0.6475433336630027,0.7651209491596815,0.8596969109522872,0.19430693066166566,0.4616559034518399,0.2084972651757409,0.5672964115242606,0.3401980279876602
SAMPLE_03439,0.8865923094551114,0.04868066297645073,0.016474643785269277,0.2250324754735741,0.1455478422272285,0.3049627455586235,0.11092323964727233,0.0640855446647872
SAMPLE_03440,0.8013296018388145,0.7819352410503702,0.9057022109183152,0.12183577657929258,0.5391492661496554,0.33468467046171646,0.47658593700532204,0.81922438625871
SAMPLE_03441,0.6488266088762795,0.4586650651775559,0.46621410399566116,0.11442084293391824,0.48329300318304796,0.17241998705309114,0.46947591780141157,0.8736894077167352
SAMPLE_03442,0.8544229598066511,0.04324772875184448,0.05059517607197295,0.27889991196827507,0.4268281950155107,0.2354822838360932,0.1683838152142446,0.40357331539968766
SAMPLE_03443,0.8990928839768779,0.6469639435166492,0.7734609684373164,0.1460636157485971,0.6916806620317327,0.27792828901453853,0.4218967877759301,0.4645996064907203
SAMPLE_03444,0.3643893955357117,0.2504750067448534,0.21393035133830335,1.0,0.09069537617736019,0.025791552397610835,0.025824844185534792,0.6784597759191116
SAMPLE_03445,0.7668526039686505,0.23318677517496839,0.36669071431416866,0.3587970291263781,0.6400877457787979,0.4400945044258861,0.3647582392133503,0.8748841684048605
SAMPLE_03446,0.7097118218538117,0.43862623002549256,0.4220427683086313,0.2575757957910207,0.22998743464481586,0.30739967213550445,0.1625829981792045,0.34507167033890707
SAMPLE_03447,0.7942237546761541,0.5478778144673457,0.8265323535799995,0.1021298525181903,0.4595448081511213,0.14397118638388837,0.5016112115070753,0.7496402147255892
SAMPLE_03448,0.8864253689765562,0.12097898694477295,0.1694525345760465,0.30390953535616627,0.7836184399321513,0.40314194314189333,0.37684002061284894,0.6330358587264824
SAMPLE_03449,0.3282194783212158,0.03495251311620935,0.018694144663984086,0.15083377882472412,0.2970388990587532,0.25458505652772806,0.07893542774069125,0.7979569074704851
SAMPLE_03450,0.37267513513789785,0.11770380346274892,0.09865205537795194,0.13664725223304225,0.3533093047050202,0.23649507480667634,0.29831902202027555,0.4762822942766043
SAMPLE_03451,0.11295235268922953,0.9038474029735475,0.9194424271646202,1.0,0.023905058345485133,0.12097055414320002,0.43531573753928676,0.7603635103475779
SAMPLE_03452,0.5448010140356894,0.32572569524637046,0.42721894637656677,0.07078485944047594,0.4744906169193928,0.12031857753868738,0.2268463152050295,0.8414051084613593
SAMPLE_03453,0.360093072060128,0.49785072064535135,0.5077104541918802,1.0,0.29062902880320085,0.16986570724811687,0.27269290877701446,0.191274136541291
SAMPLE_03454,0.8127467181156188,0.198498248598365,0.2728806492551327,0.10912295536170356,0.3002237623339053,0.14826330149266287,0.1774688266364884,0.21994725832988105
SAMPLE_03455,0.8240584349809319,0.14494216493056825,0.1951867336244399,0.19460962097292622,0.1822592738933237,0.28714644161115804,0.13461529274316017,0.1183545050813439
SAMPLE_03456,0.8779259588345284,0.28767704310083403,0.2603183419894202,0.100232952358698,0.07168905603814894,0.17072626309777225,0.07935551842573861,0.13073862109922987
SAMPLE_03457,0.6395838658655066,0.7507308000220952,0.9217847204639182,0.10755824771066316,0.8860346292960686,0.38790963337609463,0.4477531176141161,0.8270220061049729
SAMPLE_03458,0.7946682375763353,0.361409365999504,0.8634834648622589,0.2264633447176655,0.5633915271027171,0.30996446584440307,0.5511466810327046,0.9436485274126405
SAMPLE_03459,0.7849191870707963,0.22666744784752602,0.16164286801685063,0.336968051043447,0.7224830345151823,0.6721976341133289,0.5781413605411494,0.46513165599765327
SAMPLE_03460,0.8197570985713478,0.13612982791965522,0.18609992051243135,0.2835441737045226,0.5289715051724615,0.34087840859277774,0.3551628039845822,0.35968608410404945
SAMPLE_03461,0.5793740297785799,0.3607993511215199,0.5681219648149606,0.07113724641615789,0.5948316113119938,0.252633777366121,0.47991066786374664,0.868891616468092
SAMPLE_03462,0.5342362292483658,0.27205641734180086,0.21681861887224158,0.0877847113660082,0.44362598341093984,0.17728355437615162,0.23698839661367488,0.9638923428221569
SAMPLE_03463,1.0,0.5987824742259649,0.3305414270024026,0.8805079576322634,1.0,1.0,1.0,1.0
SAMPLE_03464,0.8594258581011499,0.03763405257843529,0.08287075200237243,0.08174226689681596,0.5856258979720942,0.11383909188814433,0.055882295171438064,0.14247677415544463
SAMPLE_03465,0.7708634489235582,0.37141622952490416,0.28136614089494594,0.20180033062342898,0.21697803753980463,0.29302872822475473,0.2251152946831505,0.388125087814128
SAMPLE_03466,0.5072547558313996,0.7572212398605305,0.6349778596982327,1.0,0.15566186619406608,0.09463861278142319,0.49213980498349974,0.20884601577058448
SAMPLE_03467,0.5777729715087881,0.6926932852722627,0.7078701109501728,0.2444832038291785,0.5832182732541198,0.3053545494117941,0.7396421724815907,0.8771762789775117
SAMPLE_03468,0.28454228308415735,0.34330405095208366,0.20580373851869943,0.08574467501142922,0.4633902865291774,0.12568896275080083,0.15492735326115198,0.3376415456982806
SAMPLE_03469,0.890592887912764,0.050284377415141066,0.2101447957388206,0.22627605070541854,0.25184522852667196,0.2851933533485338,0.08899716054295588,0.171448085860066
SAMPLE_03470,0.9232597342173088,0.1896451188507825,0.15549815273021939,0.1259279965763035,0.10211881743072049,0.274340754689263,0.12362475723832897,0.03803853139896495
SAMPLE_03471,0.4958683475464828,0.6483513733602789,0.7816881015134443,1.0,0.0889493595725685,0.024797073659960745,0.2966626097445445,0.1215599560149696
SAMPLE_03472,0.8679251930288275,0.07763138489372351,0.059602531505988196,0.11120614914242036,0.4469606485903273,0.18348041220552516,0.056944562589096914,0.2449017960119661
SAMPLE_03473,0.4865987409653792,0.8290288232476399,0.888503138638175,1.0,0.22275440534389146,0.07929801113118017,0.3217828609265298,0.7785255700209965
SAMPLE_03474,0.7660749003958631,0.1728115330254686,0.24176838975841158,0.19744483472066407,0.7913307006646301,0.3325485461232454,0.3636581571080207,0.4748737487781779
SAMPLE_03475,0.5718360431538515,0.3791422735614379,0.5333905492199813,0.09858727525481627,0.6383534731422578,0.20725032843915323,0.4670260870395121,0.8235365167400989
SAMPLE_03476,0.8080861225774802,0.1369542903653188,0.11902125174246724,0.23670710275947796,0.17089549217266103,0.36898165140279016,0.11393628931291952,0.027097202947769378
SAMPLE_03477,0.745528445993391,0.541105400599351,0.4327303678436523,0.17327561810442152,0.2639296118109961,0.19137862115492385,0.36170272875682846,0.7889462247104599
SAMPLE_03478,0.8400820783150524,0.5684457280574831,0.6557900342474735,0.2692448436890964,0.44253647234876536,0.4480196648842924,0.47973423469394083,0.2089250873183169
SAMPLE_03479,0.8949260658779163,0.6403238866306029,0.5598700255794568,0.2232161349997491,0.6312987052470074,0.39470255173564994,0.4616383506476617,0.890084044897568
SAMPLE_03480,0.9227595798290864,0.40783855901061206,0.5381459298530837,0.08639335471364608,0.1861971577192528,0.18580249104246968,0.42443142123415567,0.2973223608165717
SAMPLE_03481,0.8817574785506102,0.07379714733108018,0.07879721153632013,0.2395398689199256,0.2628516326206921,0.25976830188115907,0.17111120217116524,0.35553816199434674
SAMPLE_03482,0.503522951454791,0.6675547318127861,0.6873852315007386,0.1517768878983257,0.16617162671976432,0.26242268924279377,0.42949997476841023,0.15822951083602782
SAMPLE_03483,0.8234217585670077,0.27351216084921653,0.2735829985817628,0.17014256417083612,0.29568214215937305,0.3348665636116725,0.41052712928440505,0.287433356008086
SAMPLE_03484,0.760033168976388,0.7171654881964116,0.6482317910188211,0.3435940166907397,0.7653197097367486,0.5550088148271403,0.7065356632504305,0.5236015439453613
SAMPLE_03485,0.4986592600599531,0.5082654399852701,0.523558929666033,0.02023149277486518,0.447694687420451,0.07682821993702722,0.21315967866030283,0.4305824427167916
SAMPLE_03486,0.2441297413130359,0.7320112143373413,0.708091585102453,1.0,0.24540428324563324,0.13584507352951056,0.1339657480699383,0.11704486227827111
SAMPLE_03487,0.7495656591761959,0.1443644892476067,0.20380687966606797,0.3749640611415498,0.21488707935836437,0.38663588384698283,0.19210790380772635,0.08968191359097111
SAMPLE_03488,0.7703810722618792,0.5534668075048881,0.6127595123199076,0.07745885570201622,0.185093235030139,0.2038143694950722,0.4039686480527795,0.8492696521382758
SAMPLE_03489,0.4347262867210856,0.28730139103356245,0.2420235554074074,0.18718236161817872,0.5843781130548418,0.18410492892017044,0.28759825422992924,0.887056944665497
SAMPLE_03490,0.5119581274111297,0.8345372128912663,0.8095246945697423,1.0,0.2426070478779508,0.09752728546376559,0.24071858630129234,0.1893182831862316
SAMPLE_03491,0.8759254492304103,0.2806237349004391,0.23330386234291878,0.3144084359457393,0.6323191234170383,0.409922747733501,0.3293988538412045,0.8095481434569323
SAMPLE_03492,0.7558645938071975,0.22465912364461338,0.32575454822814354,0.20245722767772678,0.18223497002865344,0.25986787874496303,0.2860283382472127,0.47902723711002015
SAMPLE_03493,0.9180929668194752,0.7384445364025789,0.7715720560421122,0.14230747034669594,0.1787302322124656,0.41663521667064785,0.8386911735542419,0.4864478368554843
SAMPLE_03494,0.23785480656737837,0.34170545866016244,0.29359217384004016,1.0,0.1347601849846563,0.1659054443523745,0.05997248556232576,0.5202061935732938
SAMPLE_03495,0.8622586613631096,0.35196762109077956,0.09365023417129179,0.2926458653903083,0.2555797153539717,0.3936023395185971,0.27532277724664384,0.2747616838063482
SAMPLE_03496,0.7834121568826715,0.07583233437038477,0.048198973464777126,0.10498472323515773,0.20383022055989575,0.19237130154314042,0.08023873475326614,0.23485321309482002
SAMPLE_03497,0.7230858026995964,0.2950808134437854,0.3182690291170258,0.33431507548686495,0.38675928807716264,0.43785435630305847,0.5241841867470769,0.5128930017140939
SAMPLE_03498,0.2941724045079495,0.6901560091440333,0.52463060957798,1.0,0.3110178842038752,0.045799433224254435,0.1442714128725689,0.42980957729505087
SAMPLE_03499,0.8167561247104934,0.6144424869034436,0.5789785072707663,0.29461027106193716,0.35963341923145137,0.3597578610888982,0.43007805227740986,0.9551551307077228
SAMPLE_03500,0.9240931105118435,0.5327324070573265,0.6769772105588641,0.26028720299503955,0.2104814041324357,0.3043966627154242,0.4766700058577047,0.35669854083951663
SAMPLE_03501,0.41392006233042167,0.44829937096369094,0.5853306410520382,0.03656737400255755,0.4198587024689065,0.0986458728902874,0.08349644852099633,0.9518888317325076
SAMPLE_03502,0.879426100805919,0.7236096637817551,0.6881286362758794,0.3890293267068732,0.3788907068236814,0.5293084920981384,0.7011359035361303,0.33309789237217846
SAMPLE_03503,0.9185931415048092,0.17454421456738983,0.2677962808001308,0.18501357267529606,0.15067191558759796,0.20046978913033037,0.25412904663594144,0.2033857129170979
SAMPLE_03504,0.31637520498917093,0.26989045069172535,0.22400294519151606,0.10378056619470859,0.41632100376454595,0.2513421769187786,0.342717577271059,0.9394812800970611
SAMPLE_03505,0.8382523025685424,0.3106420177791043,0.5231950267182056,0.33747882813947744,0.5676195724343948,0.38663012442067585,0.517163885051201,0.577497443056373
SAMPLE_03506,0.3284210206181886,0.2335382266762257,0.30987605720347866,1.0,0.05998200906876855,0.025965429203614037,0.15792236610482305,0.23843849372184261
SAMPLE_03507,0.2537357633239165,0.34554087735071815,0.33574046718421446,1.0,0.05640529012203617,0.16121727660998467,0.05868755857112339,0.04171638362125428
SAMPLE_03508,0.9330931060081831,0.32455851160059823,0.3468180904527284,0.18078318960003956,0.1438753453437842,0.1524340515586148,0.245081815520576,0.17673600711748536
SAMPLE_03509,0.8990922188780148,0.19464312371609524,0.3117306699454992,0.1690148825521342,0.21217951128023518,0.39867920152659536,0.24600413610183924,0.2051239592822488
SAMPLE_03510,0.43352647999749566,0.4446326895405581,0.4795350876326602,1.0,0.11508587771650965,0.036963176806985146,0.15711396462499735,0.5458691467525734
SAMPLE_03511,0.8182340214249599,0.06682008218780432,0.06595993423977173,0.12376403309064303,0.4839407042563745,0.2821657992718811,0.07971281230138239,0.37236502090129825
SAMPLE_03512,0.42437704733328907,0.43188392910587736,0.39200310078574746,0.272814697412874,0.48951979487554703,0.24317780122207347,0.32469177859668324,0.9261814851361732
SAMPLE_03513,0.6726810650072796,0.18271518568576148,0.3317324748243964,0.2990181363095485,0.39793549272479334,0.3686560041307952,0.4709768152677718,0.9347336397746766
SAMPLE_03514,0.9310930437975917,0.2267362493811254,0.36553623565641735,0.1726530917911932,0.20897118945566318,0.20810390656761243,0.2294982639755025,0.0789024110616234
SAMPLE_03515,0.5081196548556995,0.5088685839932929,0.6125581142680846,0.07390808764987067,0.3526914479777623,0.07913590184190827,0.40837800910288113,0.9019738955480714
SAMPLE_03516,0.8755927123101217,0.6890238015268388,0.7608643301651992,0.22883285050582897,0.40036047061302693,0.4586655203000899,0.7096377676650724,0.5737239550150732
SAMPLE_03517,0.042948902040718884,0.26277989553997116,0.20608588087486718,1.0,0.13314577928888555,0.052979101437804405,0.03568780203087828,0.16947130208113403
SAMPLE_03518,0.16920772593764727,0.19784614618231428,0.25110832437885816,1.0,0.20906963392908642,0.21872327951311066,0.06584230224797692,0.3174595335330659
SAMPLE_03519,0.7390089386010443,0.7166274081149229,0.7110166997763674,0.3161879622386617,0.3393012847321387,0.4237368338369374,0.293398261501027,0.8381787624867557
SAMPLE_03520,0.7691437599145932,0.4606392471064399,0.4203542754803775,0.20093842859606184,0.8152573655655578,0.31831026159592435,0.5226709092702855,0.8943717771557811
SAMPLE_03521,0.9045925916329788,0.14631712893242335,0.17223260897202836,0.20274457671517757,0.21573383890045789,0.2575200858618666,0.21706805134368756,0.3506393341781502
SAMPLE_03522,0.3339172104506055,0.35633674499230605,0.29278822013385014,1.0,0.04738000769554698,0.052798561478122584,0.19806077000556155,0.21964528680579043
SAMPLE_03523,0.7944164815607042,0.8631156678970342,0.8340900745836572,0.3253673261130393,0.8529670387760807,0.6051621773273433,0.9667771905479172,0.9534181799886431
SAMPLE_03524,0.9044262291025209,0.04300352769288964,0.09398451130911287,0.2375863177318513,0.59855561731485,0.2439868823586575,0.05966741494564279,0.2742231996121389
SAMPLE_03525,0.7472321271693991,0.28571301352005707,0.3763430922801393,0.43693787633105563,0.7588008101978974,0.5656962719365131,0.3931200236179043,0.7663339823678992
SAMPLE_03526,0.288253502947629,0.17510135606367547,0.1026545301486651,1.0,0.18388896619931328,0.14266968306950537,0.07402662926743545,0.8253281452393528
SAMPLE_03527,0.8937593609725476,0.20453963126874913,0.3667059579250911,0.12164031653031739,0.6532902465418544,0.24967852748006358,0.3380574926403053,0.5505668574086304
SAMPLE_03528,0.7315197082292011,0.30257826481994277,0.40091602228392076,0.2715099018026182,0.44599785841138184,0.3963617820579811,0.3670002462775777,0.9013531612932986
SAMPLE_03529,0.34946841916095506,0.6300707391225955,0.5527766622336951,1.0,0.1253976683321209,0.23494344269619996,0.34285081371537096,0.897457280205057
SAMPLE_03530,0.9284262222120288,0.41542111664268033,0.31483171364944684,0.09659751867280493,0.13825745043773002,0.1705475809837746,0.2886978599108334,0.27564556231788556
SAMPLE_03531,0.8827593260654214,0.5133616888582528,0.4275803238214962,0.1782515819486361,0.42458153172490143,0.36036035163870717,0.44137811675432603,0.28153570108682435
SAMPLE_03532,0.8190901734300645,0.3853183322848187,0.4791059744681123,0.29107776041222183,0.42591725092646027,0.5414258099144217,0.5627999758643215,0.8797087617775471
SAMPLE_03533,0.7958979511111093,0.381674257049367,0.45024294582157554,0.346738854263013,0.3141193698813739,0.48896658520886704,0.7158628345485756,0.7089706483753593
SAMPLE_03534,0.14695977755211548,0.6255863543569123,0.6403935132078251,1.0,0.4364240161346482,0.24531889629011006,0.3738753561800898,0.8262264733395721
SAMPLE_03535,0.21098460018414592,0.26643854502889425,0.20003102551512408,1.0,0.18039804621291156,0.044129961369974886,0.015669996162261182,0.023250197854839786
SAMPLE_03536,0.4180541153712594,0.673983815444211,0.7254505339248862,0.15996016040346842,0.38451912633245633,0.22075584350457592,0.34852214701829365,0.8512562382510884
SAMPLE_03537,0.8255908290562057,0.5719632694440384,0.692420051623914,0.3770418601211978,0.8033293355319671,0.5501641052909542,0.6433613452496801,0.8869321070412961
SAMPLE_03538,0.20306815305508727,0.3197581979805256,0.4222620993066529,0.09947681759019407,0.2720893626719735,0.10367569483260622,0.17025312156799421,0.5798633239541643
SAMPLE_03539,0.1559030210644369,0.2132776015998437,0.23951278934345588,0.07057903363726986,0.4099110027657825,0.07866060196445392,0.30913426662837373,0.9626287486235722
SAMPLE_03540,1.0,0.3666958277009399,0.18213207097856576,0.8867515446338436,1.0,1.0,1.0,1.0
SAMPLE_03541,0.8270884247867023,0.6900543401791854,0.6388004117318729,0.3850068468088965,0.4642195289260096,0.6396501100518471,0.7680938462428106,0.5646576022743227
SAMPLE_03542,0.8032506261335315,0.6546096747649615,0.731038785115802,0.26846167587001657,0.902542113320409,0.33988649077465416,0.7917235634442124,0.818716767183681
SAMPLE_03543,0.8705922770785743,0.46924020972744945,0.38624992415320514,0.2688027412707917,0.3314612148668251,0.34713856797310383,0.36977421535189214,0.2710184587662037
SAMPLE_03544,0.07807472496014603,0.27486269830113086,0.23595378854721538,1.0,0.11869970284115587,0.15419442473064116,0.06311069456598763,0.22777301087938795
SAMPLE_03545,0.8677584634468828,0.46906755811141443,0.5119431144079678,0.2779257678582432,0.27965723453964864,0.3182079052723637,0.47938017771103325,0.3620196085271426
SAMPLE_03546,0.8475912857507614,0.21031867871045495,0.34672193302793847,0.1993878881525889,0.09276640526939472,0.30441466186813393,0.20180589629105825,0.04902974359789246
SAMPLE_03547,0.3495475535431698,0.26707027961323204,0.32729258298032327,1.0,0.3865212788205443,0.36749818937058826,0.07059251509827898,0.8780809876925617
SAMPLE_03548,0.7788959879539282,0.08646469522620746,0.13302179681685522,0.06484779476222059,0.13261399175680058,0.16738364146352638,0.03612552401194365,0.05264724678375053
SAMPLE_03549,0.7355234366203307,0.12796919976011778,0.1529180871887728,0.2674307110249389,0.57285421318443,0.3725868543507152,0.32011789650423667,0.4359151966325036
SAMPLE_03550,0.8449238639689609,0.23120239835711257,0.24447695437835837,0.11862686551139126,0.45678899877695556,0.21723751434526098,0.1276336784728285,0.3825328408791748
SAMPLE_03551,0.17881635373478133,0.6169694492940961,0.5683910421626199,1.0,0.06014057869405842,0.1189554557598284,0.6549000965727793,0.3252274911139066
SAMPLE_03552,0.898592926506715,0.1332524106228875,0.1505660897962463,0.2063730186490292,0.17784634656889442,0.3873334240739789,0.1964043145059086,0.18779066936343045
SAMPLE_03553,0.9060927732032102,0.1391989898975422,0.19725150085706286,0.20066057857512914,0.22390478852425916,0.40088847689411516,0.22422045423609177,0.08739058847817643
SAMPLE_03554,0.7678877523404888,0.08376128863122047,0.13076905702223196,0.24958695139202697,0.1818806264783916,0.2840409477293135,0.12359276217911835,0.06587015500598076
SAMPLE_03555,0.3895445432545392,0.07413407619685142,0.0359666248218043,0.13003295724459418,0.5158866257283314,0.12406019635895883,0.052014821136528576,0.39446091583081827
SAMPLE_03556,0.8690921500609039,0.25933015234380485,0.3255867383870994,0.22329018274038892,0.21281210330147532,0.4611592783580886,0.3661818763122636,0.16680875276300128
SAMPLE_03557,0.8747586148212019,0.44548643911622654,0.4904057086856959,0.33974636020906096,0.5062293227102446,0.4604662007517274,0.5400225150502116,0.9172278085590053
SAMPLE_03558,0.8432581980374092,0.1585905129734967,0.12849300291376553,0.24346107572583428,0.20652653607356486,0.29369465231502073,0.2251280009474722,0.22574644354352386
SAMPLE_03559,0.7462171706097103,0.20505830001884306,0.20061700345266942,0.2413804935841128,0.12185646448132366,0.3651734407596224,0.25510667101004125,0.06773366622958849
SAMPLE_03560,0.3226027116073537,0.4662598232239553,0.36531333310840997,0.1763672460059638,0.25795526198668783,0.22567661037334008,0.23376035993356914,0.8850223784133184
SAMPLE_03561,0.10878851545132984,0.1978909452004679,0.1688850000090437,1.0,0.17782805737729707,0.11347590573375835,0.2707190983782285,0.10308217259042342
SAMPLE_03562,0.8345735322723862,0.4089272077171213,0.39613538795608444,0.27761632477632164,0.32983473860568424,0.21058779808603115,0.2042839099830699,0.24748566569337072
SAMPLE_03563,0.5177183673247105,0.31386789282281685,0.4788664442786937,0.11854101351333178,0.6371604380354119,0.1418600864746464,0.4483944480241835,0.8184142501785645
SAMPLE_03564,0.6132411342307593,0.18398996219199037,0.3043019597802621,0.05140049241796977,0.4058804565596117,0.21712251614560243,0.18420531450272645,0.9412453849383531
SAMPLE_03565,0.8824259336535736,0.17037226678886586,0.19840494219524246,0.25048959710234736,0.1763548836784945,0.34828607214998153,0.44853717295081286,0.1323182861114568
SAMPLE_03566,0.8514241289259217,0.11608195644115135,0.043658891269438456,0.31244819528551954,0.8272478750434793,0.2689892489484089,0.1875465333038289,0.7776875668807646
SAMPLE_03567,0.4932328527245814,0.6351632780456413,0.5750704736073923,0.19883410952204103,0.5195341225723376,0.1534066018281128,0.39114108297098005,0.8540569152593922
SAMPLE_03568,0.17960144776278397,0.49878397622852133,0.5447836350829852,1.0,0.21748449237159606,0.13432368911449172,0.14113751228442045,0.42339036127065066
SAMPLE_03569,0.9314264724381482,0.1885154361968121,0.22350588342120742,0.15918113910607473,0.11791395494444344,0.22644503159530127,0.24611480489144355,0.10870304038091953
SAMPLE_03570,0.9285929660338617,0.8042124815117272,0.801075309758805,0.13447815669046312,0.39915130766209794,0.30696836959097207,0.7846569143577913,0.5319612978702202
SAMPLE_03571,0.7755835081934168,0.4110094748113493,0.4814908901396206,0.21944575666362784,0.5718356253901313,0.2516578715493368,0.47212952291818433,0.814601354950033
SAMPLE_03572,0.7635748356264909,0.42352814152216306,0.40824252834632946,0.4220817562515995,0.5852792886451694,0.538694298593344,0.4621932133063569,0.35957471488875675
SAMPLE_03573,0.7077468035509886,0.35982809674871297,0.35176875796508444,0.34218005108157556,0.276703809978473,0.4670658619605964,0.4050602837435222,0.9355791383768448
SAMPLE_03574,0.039867143653536566,0.08353873257020651,0.05759545414617268,1.0,0.09696514347818412,0.020127806304454265,0.012909136160554955,0.0848062314140908
SAMPLE_03575,0.5042627539239211,0.47975565854675706,0.4974374623383693,1.0,0.20627837652271952,0.10530686087011693,0.1713250540147087,0.05973836354604357
SAMPLE_03576,1.0,0.9298219350151828,0.8780785705270541,0.8842424318283381,1.0,1.0,1.0,1.0
SAMPLE_03577,0.7889173193645092,0.26329804901875,0.20411232622439865,0.27273951954244424,0.12215639377496129,0.3257221402754713,0.4102721172882196,0.23085090950940254
SAMPLE_03578,0.8517569023671925,0.28904815534951755,0.22349107744667407,0.3036601873775383,0.25569306898268507,0.400896789776195,0.3444137320844781,0.23500587454474917
SAMPLE_03579,0.8640917754386961,0.19736588659297932,0.21552653691756588,0.1413795532240897,0.11888059708088092,0.16648713512604876,0.15160082052817617,0.26123046977011344
SAMPLE_03580,0.1566476267834714,0.14320918322153164,0.11705675643491248,1.0,0.20318377425564765,0.05545978183903309,0.03511335233135889,0.8580001107329482
SAMPLE_03581,0.4374660639127263,0.6492725625708056,0.617606926500734,1.0,0.333375184105177,0.15987120963468307,0.19157501165136168,0.9422061916707168
SAMPLE_03582,0.7298972469685276,0.5746491609887403,0.6302262883758833,0.11613366464861313,0.3359462393767297,0.33714186583183586,0.27591644182222047,0.9067355549633122
SAMPLE_03583,0.795418495994775,0.45185000461725533,0.5147240040647878,0.2716823918727357,0.2613666862976145,0.5310356506475948,0.44115039442957515,0.3139975880843846
SAMPLE_03584,0.5600129658688774,0.2066415488544413,0.23457169617816664,0.09079216166753264,0.4105790941565757,0.1889553981436781,0.18602909343937266,0.5660851473971379
SAMPLE_03585,0.8450909415253509,0.3346745014637648,0.49827229955778746,0.24462660365911562,0.4036789061688,0.2702483417581651,0.17570807726914345,0.3763948637741277
SAMPLE_03586,0.8865924396776366,0.16120185139269233,0.2175192132835107,0.1343862000079635,0.01179741206512092,0.1712472819547102,0.311116832140501,0.08002436581185947
SAMPLE_03587,0.25288546323294886,0.6162190428453851,0.6299499901739536,1.0,0.08781181366585175,0.08431996237486176,0.3281106167430239,0.3323932661942603
SAMPLE_03588,0.5466255321904906,0.9195810874128116,0.9403649629759769,1.0,0.10079451872090987,0.07696614965098741,0.7271114915556458,0.7669034476109267
SAMPLE_03589,0.7765722884138002,0.25042575194165545,0.7425222345371778,0.11002397369939275,0.27581040345543356,0.2015110523544786,0.1555705725753796,0.96285567967449
SAMPLE_03590,0.40880540608822236,0.40373321128284856,0.35287376858986325,1.0,0.20306203846201057,0.10189081146039161,0.14113638171952686,0.054046582897503935
SAMPLE_03591,0.640819093667679,0.712377647969145,0.8210525607349244,0.061431181296509325,0.37991195363613084,0.09164740905667747,0.3745530655054632,0.902972733609109
SAMPLE_03592,0.8310902612228314,0.3594718862667148,0.34846076437002044,0.26540241093911376,0.4723606807544777,0.3953366383284734,0.4219288725955411,0.9313636120883981
SAMPLE_03593,0.8018611983918156,0.3914817713460811,0.3321341676432526,0.16341410275533128,0.27117580867900726,0.35008487633308366,0.20062772398795403,0.6187917812344241
SAMPLE_03594,1.0,0.8350254501167946,0.7805248073255008,0.8830237614557737,1.0,1.0,1.0,1.0
SAMPLE_03595,0.4009016519673314,0.7613170324465444,0.8451093335649333,1.0,0.342572735555877,0.10499800361138104,0.3213454545032882,0.850169396005804
SAMPLE_03596,0.8997596197689188,0.10624991413539261,0.08983864179858567,0.19365380081025055,0.47527581299502497,0.2646990126628702,0.2060900517666859,0.4301412397363539
SAMPLE_03597,0.3355225748731154,0.07047830144637715,0.07073207230472402,0.10110277871286735,0.45275019519046833,0.11982408361077107,0.17340038092240323,0.9333578730678997
SAMPLE_03598,0.7887453399791957,0.07812210384276197,0.18571830788650967,0.2668714200605401,0.46511701097643376,0.2889274568032989,0.17043950487270157,0.17758582999290906
SAMPLE_03599,0.330405661392276,0.7914529556259615,0.8250635557309904,1.0,0.009509954730432122,0.042649668062678774,0.4188132552260407,0.3498935173233394
SAMPLE_03600,0.7720744017027734,0.6956700050228675,0.5821257496381296,0.31286342653660626,0.26139771337830064,0.49839687562134105,0.4024776130025121,0.3850154143469027
SAMPLE_03601,0.5593230460232939,0.5315980927191881,0.7545338656723839,0.14685795967106208,0.566247582846528,0.3383547074265259,0.4689199755399025,0.8936072686449031
SAMPLE_03602,0.7383984176964711,0.5537239368882743,0.5358858414358828,0.10137487378670593,0.2833578471327546,0.1908410516043232,0.3592943902543731,0.7844368094542169
SAMPLE_03603,0.7273410643778856,0.2071136226132766,0.12193328543702218,0.25947387793199045,0.20365117771150973,0.3566164954711556,0.19484147202124086,0.238661795953713
SAMPLE_03604,1.0,0.8413655794687322,0.845209929855218,0.8837129733655749,1.0,1.0,1.0,1.0
SAMPLE_03605,0.5945139048942473,0.5667849639207111,0.5039782350076052,0.11678015375091312,0.5754598355790237,0.23180487214374143,0.7267797184651433,0.9536501960682489
SAMPLE_03606,0.35540566618219555,0.3231519437558991,0.36371819226554225,1.0,0.29682164643507936,0.05263245300467047,0.1222293601234499,0.6787117084080525
SAMPLE_03607,0.8974260496225304,0.010837454356499708,0.09024421326099646,0.10458726080188242,0.21434763041300664,0.1242418442168003,0.025932529981637836,0.10408315828901674
SAMPLE_03608,0.3992324620681849,0.4715185961226217,0.42971794402470587,0.18139289377885529,0.3742550865765294,0.2617157906713332,0.16909912568403987,0.8037688017512898
SAMPLE_03609,0.7814091475907015,0.04302762935825262,0.06699477890786956,0.2082813452473268,0.08229124275514924,0.2508924239081881,0.03746724537833582,0.04429908994190687
SAMPLE_03610,0.5701859662222626,0.19339554251996338,0.3054904787121753,0.3196950459094282,0.28137221956518743,0.37385567832643507,0.12007033055360761,0.8523055170967555
SAMPLE_03611,0.8790905686958046,0.10288649991622717,0.15892187009311176,0.14846218660711322,0.12018843316501826,0.21561253434767028,0.21323252852040359,0.08957221995882175
SAMPLE_03612,0.7713672226379344,0.04848375760766098,0.0522061008257571,0.1783559008885342,0.058638082596734295,0.30485395104718727,0.08160661864725088,0.06179741447738023
SAMPLE_03613,0.7251493435138949,0.5304600005808455,0.5025194573216836,0.32729414899290327,0.4154948572784418,0.37630271606764293,0.5574136961485756,0.3507331350385594
SAMPLE_03614,0.8067190042085395,0.7137290090866463,0.6902576132422209,0.30047830094318645,0.6036940931232393,0.4127076421311099,0.7435820891981613,0.6622602770476294
SAMPLE_03615,0.7842509064126659,0.2803269972848992,0.48681800662116403,0.3416569809652988,0.3608423462778818,0.41696185290014554,0.57379160765831,0.5209849998539745
SAMPLE_03616,0.8659249127254766,0.3544407608538543,0.484650600415623,0.370392823433155,0.6087840348108968,0.4125194067986372,0.6162016200609757,0.5139970030737508
SAMPLE_03617,0.29399804959458364,0.16689160880697623,0.1734817523346176,0.07877472569751845,0.3157864574799071,0.17440573816356095,0.19956872597066377,0.8209901845887393
SAMPLE_03618,0.6272877288709623,0.5075619509367182,0.7475332177605448,0.029563115333222208,0.5897140740991298,0.11453438126576798,0.2201883309657007,0.8597486574325385
SAMPLE_03619,0.8215893772315146,0.8769481506392491,0.9185032746981481,0.3326132030604055,0.8190471860767008,0.5664417458907707,0.8754833291267359,0.6498213916410622
SAMPLE_03620,0.8734252836483363,0.10832909143722133,0.1030363905292149,0.26138525534761065,0.21634004785193045,0.2874870107245011,0.10726596504036849,0.2207948149872923
SAMPLE_03621,0.7678626802596612,0.14859854763655972,0.3067765398828822,0.18961938635104159,0.4742090179141444,0.28856763797943946,0.25101602073822005,0.5193421995555751
SAMPLE_03622,0.11395808072323517,0.39672226724251414,0.311747288759057,1.0,0.1218641505016328,0.09114479834351419,0.21006587657382325,0.06570212933063799
SAMPLE_03623,0.7662169220308703,0.3591337013751344,0.4609510830153623,0.2992381477797551,0.7630352125875857,0.3981099126357478,0.2304932340517758,0.8369943027280093
SAMPLE_03624,0.48590149557210366,0.36442321688169543,0.6470856136558616,0.06824217937234038,0.4354912063336582,0.035295110396575326,0.5463523798393928,0.8344854655520942
SAMPLE_03625,0.6282204512903015,0.858016423205253,0.8951666633214708,1.0,0.435200200652173,0.26764883943935147,0.6472009009602246,0.8981426228603941
SAMPLE_03626,0.8015857904396282,0.238189635546384,0.33255991156435627,0.1963962641601276,0.1898358396497996,0.4005704140997007,0.38929080877822286,0.36635300675677485
SAMPLE_03627,0.8542586664834262,0.1893460256125821,0.3729912823686936,0.13213305087070956,0.8542427326712183,0.29519683747585396,0.28496915984975707,0.895961674117898
SAMPLE_03628,0.6949253822873936,0.5192137811425115,0.5349978173342699,0.5947271877764635,0.9191657475546922,0.47687764761314494,0.7238739931364111,0.8049995885633376
SAMPLE_03629,0.7603299075283372,0.5912149297146786,0.5937121059961741,0.07525305095090876,0.5085973494509424,0.11617805515430515,0.7870754370421564,0.8396803120142371
SAMPLE_03630,0.30603711565780045,0.12448236009809303,0.1631141947518997,0.28836140883813005,0.3067235481392253,0.29818212709922265,0.09087155061250508,0.9024584037717924
SAMPLE_03631,0.5502744149752437,0.29800436071496406,0.12408576120832976,0.04491082821175221,0.28357366233617626,0.06349789143232011,0.29970447924818566,0.9534517209736616
SAMPLE_03632,0.2569782830909253,0.11254873969614632,0.05168632134389907,0.08608636038727145,0.4929090747061604,0.09030833902115361,0.19232962594693348,0.98192159236161
SAMPLE_03633,0.36198864459063446,0.5448972352799337,0.40751659604886026,1.0,0.040954810751053984,0.049127472857410634,0.10023938809068424,0.7263045333768745
SAMPLE_03634,0.8072256516838496,0.25032324578935333,0.17178714337847653,0.11822841718244974,0.15659045987962256,0.27058192647086876,0.16029138845899787,0.10662390877462098
SAMPLE_03635,0.8232551278578557,0.3553485593619684,0.42137617755354134,0.29460423316782786,0.5431146701304321,0.35323124610266976,0.6426783192512715,0.34048091457787255
SAMPLE_03636,0.8572550532502637,0.17955086154433042,0.1667483153575129,0.2196019821627704,0.7328259008032376,0.34908699076609767,0.22753560897206193,0.503085176490009
SAMPLE_03637,0.8325914080929406,0.6686583734397258,0.5413809170066723,0.3077547808561504,0.5197387942910117,0.4739258510795177,0.5471236566242608,0.9468315904089725
SAMPLE_03638,0.9135929186750744,0.08223445927145281,0.12769389572258727,0.20119964674469626,0.2090194556812294,0.1450025734022313,0.10390218546204012,0.17727200884990088
SAMPLE_03639,0.9007584112279419,0.039101815575476845,0.07416875558134066,0.15230535393928293,0.3081562403185597,0.23089206104073923,0.17041995220670386,0.05822195674930668
SAMPLE_03640,0.8522580370942263,0.4768507084109877,0.3958005964271131,0.3120763147033177,0.4277848129455818,0.3876702170396341,0.29139397867239647,0.9099545348113051
SAMPLE_03641,0.6179224106738579,0.6220255621463323,0.6151092280297668,0.17066654650244595,0.6972707085929875,0.21789411902730732,0.7038133579621298,0.9483956270663527
SAMPLE_03642,0.10046160051969746,0.25104025767760574,0.21060473541588476,1.0,0.15441370956925252,0.200156078612047,0.048342425263414486,0.11995787766299265
SAMPLE_03643,0.9175931110486313,0.4460244247865566,0.49031078619175805,0.33505324948373094,0.23423257890341814,0.5874897777356378,0.39035163079409047,0.20908844903062218
SAMPLE_03644,0.4290065815589896,0.37521376766765535,0.45446003998714724,1.0,0.1945910572350175,0.16770214457521918,0.3214297050108841,0.21889079146401452
SAMPLE_03645,0.7945843563366328,0.41838623869115427,0.2047546468320377,0.308647956313953,0.3651738527555095,0.3325657056312557,0.21329992119397068,0.9224017996210815
SAMPLE_03646,0.7949210898857909,0.03768119242041353,0.04585533241419988,0.07950591559648995,0.2524036084023597,0.12976921681596112,0.22008209232975795,0.8370430591172116
SAMPLE_03647,0.8375868189814539,0.1329483548757991,0.25106846769335955,0.12971287816426133,0.06870662058874094,0.20371924046307416,0.21754758294936982,0.06977889504195721
SAMPLE_03648,0.8184214945176624,0.17204948367766593,0.2329495454222019,0.23213179659971334,0.18218791230936832,0.31237334431683894,0.18230090113771022,0.3184873781379759
SAMPLE_03649,0.2718891542291283,0.4763086364401416,0.5818686655119962,0.04794914497794668,0.4043139585514287,0.1454844564810777,0.16734861137354307,0.7897377060137518
SAMPLE_03650,1.0,0.7368232299991742,0.5899884844808652,0.8838972947163117,1.0,1.0,1.0,1.0
SAMPLE_03651,0.8627554782838787,0.11291586054092961,0.13083287178346978,0.16181649273496534,0.06739198514494725,0.22578183817094674,0.06857325698025993,0.03391018088237827
SAMPLE_03652,0.6383326963921876,0.1812826347398838,0.18847611082662086,0.17693994600983654,0.5245309803458753,0.27904200507537485,0.42448574296591945,0.7048070398521151
SAMPLE_03653,0.8203357225170989,0.43053104639547646,0.7060451042148757,0.11748278311453685,0.37159968332225574,0.20371783350898878,0.43118614554215157,0.39423070270761074
SAMPLE_03654,0.36902456921110294,0.4081307879171194,0.329097971190582,0.09625444909602451,0.6236565601993211,0.13115850863580258,0.4183636809319003,0.9628245992805131
SAMPLE_03655,0.9215927336951797,0.433292328871694,0.47536592251467863,0.18405923011408776,0.1283870938532681,0.29055334718752973,0.2926563466375994,0.2880272731723944
SAMPLE_03656,0.7464760204436423,0.8791835582003487,0.8285504147693221,0.2261377209465838,0.41132285978302074,0.3336296800770777,0.8774183439548364,0.6537488463368492
SAMPLE_03657,0.8629256758797605,0.12051127858847673,0.07463578329820897,0.1422353012455481,0.06926546497370471,0.16459779737171037,0.05714973328224377,0.08860201520904544
SAMPLE_03658,0.9254264589705399,0.35378646324741136,0.42316693223606594,0.185428910935407,0.23210442665964306,0.18991472738678658,0.38867997055648706,0.1837718992737044
SAMPLE_03659,0.8809259121998239,0.37285879221079365,0.2407388380184198,0.2542292241744635,0.3575708966849119,0.43990017734314485,0.343750149819102,0.3805790997791947
SAMPLE_03660,0.8915927241369982,0.5119208507044025,0.47025182846059305,0.15819802575302405,0.16813417332913216,0.3292491893207292,0.3780366354947433,0.24941155473765567
SAMPLE_03661,0.9315930471252973,0.05962429830859774,0.052342345539113384,0.06183558692444483,0.038870144032007406,0.14764784599340072,0.037731944873253216,0.010929851320573595
SAMPLE_03662,0.3442267504058468,0.3638655009478399,0.3578582283298548,1.0,0.09959730357904509,0.12450678195251653,0.3680386129119809,0.1702437443198634
SAMPLE_03663,0.7469095460708521,0.6631492338834016,0.6458756003582884,0.21790726372210045,0.45514238581763256,0.30635748290471965,0.5594924969808883,0.7809755205599302
SAMPLE_03664,0.9479265701979738,0.07431931548489845,0.16960824594590318,0.12902172493566996,0.07628255948060084,0.1807952901483309,0.2872298918037991,0.1749823242471306
SAMPLE_03665,0.8817585968044139,0.9342886429139323,0.957881761522714,0.3755762762187735,0.8918553334458829,0.6557301587837747,0.9763032376787184,0.8756890133814934
SAMPLE_03666,0.5571957826590987,0.2662167584771409,0.3711353093528413,0.1383482336071718,0.32496489132489237,0.3327006463529552,0.28534910661763185,0.847753145489476
SAMPLE_03667,0.7971085480970439,0.65567518509701,0.6667878519921324,0.14489361916455512,0.6503008065859055,0.14070039744578572,0.28568824650113434,0.804563430834148
SAMPLE_03668,0.5425096530517837,0.5451102068125008,0.6219731956838657,1.0,0.5471473066849858,0.25644970317984966,0.18591849271820882,0.37501861255474667
SAMPLE_03669,0.8985923772570485,0.21309792732921973,0.2462795303977346,0.15030641881346077,0.2727682027059171,0.32849081020511145,0.17515726705618717,0.24766477663642963
SAMPLE_03670,0.7728663460419904,0.04459231741679562,0.03217390740516232,0.3283394706909516,0.08374770079770484,0.20059029914519008,0.08246439901151957,0.14411101898647105
SAMPLE_03671,0.5007097299965549,0.3433991519508295,0.7148879072978451,0.0927483259265257,0.6001610364231968,0.12248509665552904,0.29208475739694206,0.9263894092548448
SAMPLE_03672,0.3560800353730772,0.5617121760313408,0.4204395254518948,0.13383737333698645,0.23551452854515723,0.15804507353336208,0.14822324979545784,0.17912226856115993
SAMPLE_03673,0.3841478891461465,0.2442008481313071,0.21154370729084687,0.08015470008777352,0.21346473941049082,0.07535456128641699,0.2947869645125496,0.8720308011750766
SAMPLE_03674,0.7730144973527522,0.22456340368005728,0.27974138386374364,0.16706218074076737,0.5495705308272986,0.44810925598260254,0.23053280875949184,0.28908179685780006
SAMPLE_03675,0.9004262333078299,0.020366907586756067,0.024304299289765997,0.17884089145233636,0.06273414604350458,0.2667433002194116,0.045865454327255556,0.03522479282386435
SAMPLE_03676,0.84325512298966,0.2014912075184736,0.31925537927121755,0.26305765431271727,0.18310554711930493,0.3654646120792541,0.42649474615916205,0.18662124151159648
SAMPLE_03677,0.8590872341333406,0.41968388595266437,0.5216806775482121,0.3022231853610589,0.2634887948650504,0.36732292999428023,0.5303874663036088,0.23661364538658747
SAMPLE_03678,0.8445905836558888,0.8580207519069055,0.731830007225206,0.4950322307458238,0.5949866840295124,0.5780559706284494,0.6127358512502898,0.8948691700737914
SAMPLE_03679,0.5219876824801771,0.9324048815417973,0.9145770905724697,1.0,0.22890117782709307,0.16095613414195828,0.5334660634427664,0.7199736150859192
SAMPLE_03680,0.9079255561858822,0.07682869953142388,0.0660236015753681,0.20599699468587765,0.11869558962821372,0.1714582888779114,0.16139432610044255,0.19375193398237042
SAMPLE_03681,0.7780713767949727,0.3846863760886929,0.31508235251123246,0.25518735404026344,0.30300986680162756,0.3672805870160827,0.21661964529888184,0.9580709701165832
SAMPLE_03682,0.4730217958890618,0.4191998367860873,0.43835626208769163,0.15098614097096616,0.3330611882557885,0.20950844767451918,0.2705461820182077,0.39163202678421594
SAMPLE_03683,0.8952584265490424,0.1353298399099207,0.3601363581663082,0.22694190629391112,0.4580724847358072,0.29585063093931563,0.19030918142621336,0.3925568728490637
SAMPLE_03684,0.9074262124031587,0.16049139046518188,0.09086612869772245,0.19907093403798573,0.09901845021191477,0.3184569609620437,0.10198125065431116,0.05138628192620503
SAMPLE_03685,0.8274238023529432,0.6573312899512849,0.7445662711996632,0.36909633184957724,0.649774222639717,0.5476730276667533,0.7370662083041243,0.930222637575553
SAMPLE_03686,0.7771004951950937,0.5889791040236976,0.7216731626691422,0.23326168224095903,0.4976540726477301,0.3488288705690858,0.5006395428810517,0.9229160307519231
SAMPLE_03687,0.9112597467139274,0.13764372665880892,0.2614002563970924,0.1835633767509525,0.1649506422188678,0.2405416867342734,0.22950654877133492,0.09671338071345831
SAMPLE_03688,0.8615906899578337,0.24554012809486328,0.3207908666664673,0.16043055354992233,0.15536135472978063,0.3288740502778223,0.1535304001954494,0.0633214341806132
SAMPLE_03689,0.7640120529873283,0.16074841261105896,0.20986945772979182,0.19880666626137328,0.23842120604150174,0.1990889995493427,0.1333979543635164,0.11122029964947937
SAMPLE_03690,0.7205525035160503,0.1940179895421617,0.20617084594323704,0.2431525235169635,0.12085642358295554,0.35533050465704213,0.11381824386946396,0.15995464186925437
SAMPLE_03691,0.16932467742894888,0.7381852701759941,0.7544148663511048,1.0,0.43335615508933956,0.15852662663749234,0.5425456979320119,0.9014846564415093
SAMPLE_03692,0.8022531145560325,0.060871142301022654,0.09135083189118454,0.124615600728958,0.27636458453007307,0.161226873741735,0.09463483760040342,0.3026455458501486
SAMPLE_03693,0.6997848341689643,0.6876304477230719,0.7244214759793404,0.58044406237482,0.7243930918253337,0.5604641993164412,0.8387849755831727,0.8122121407486536
SAMPLE_03694,0.8935918620491174,0.20063002153605958,0.3215890399325844,0.2385884422880659,0.08487833001556408,0.44929662762441774,0.46297888182782043,0.19228440060062124
SAMPLE_03695,0.9150931126511113,0.09754920409216294,0.26746489252481975,0.17140111487355206,0.06120842798060294,0.1954739360724438,0.24939466714783187,0.14916448258036152
SAMPLE_03696,0.48725874322340823,0.4696776444933974,0.44986604718841827,0.24209594170427745,0.3668353358722096,0.23070705109495596,0.3228185715495674,0.8631493433515158
SAMPLE_03697,0.39714712209119857,0.18210511054313497,0.2630280034815547,0.10979937556345536,0.25078239546271086,0.367678358913789,0.5401913426912108,0.5755304838425686
SAMPLE_03698,0.3872494963367914,0.674808325209481,0.6500128039435122,0.06840394571908401,0.563283629309163,0.0960124123265073,0.38546426990750526,0.18475221337281253
SAMPLE_03699,0.5061950362151487,0.36738596900524434,0.27697726381768606,0.08342309596614474,0.4789455960671204,0.11320345988507324,0.1768047940138735,0.9277492105779475
SAMPLE_03700,0.8257543216777004,0.4424453011757382,0.3068724377453488,0.3245941001994355,0.1540861553579785,0.24691092283985686,0.2956447615687414,0.5415162485322358
SAMPLE_03701,0.32057347876208203,0.4655786373503098,0.35256841851365284,0.1863416516426159,0.4716362337164467,0.3000376032654701,0.4728314105701772,0.9581348970721819
SAMPLE_03702,0.9174261429905188,0.5986239548467801,0.62727909256118,0.4200621246675268,0.6768147096532461,0.5880812194066405,0.5981990644373926,0.3669376117548792
SAMPLE_03703,1.0,0.9694235139040015,0.9803906558978033,0.8810037115441065,1.0,1.0,1.0,1.0
SAMPLE_03704,0.7957397806092472,0.7186151945196366,0.7533950528959267,0.36793013493881166,0.37213578478415477,0.5140394152080364,0.5167337889926369,0.33231609184196925
SAMPLE_03705,0.7654474992969227,0.5255037175926969,0.589322416426423,0.17482396129905786,0.7731687612465039,0.22123765901597792,0.5188380323306147,0.9494672608928019
SAMPLE_03706,0.5812824577283249,0.2364969063689618,0.09687076718186768,0.046072475163349905,0.5418615341480186,0.027300144823320452,0.3200657020723166,0.9721547832717616
SAMPLE_03707,0.9169264551951131,0.09398453882830406,0.16178780184840408,0.15919247829989383,0.24311458624365723,0.26517255851029425,0.14628376163220586,0.15828154856929913
SAMPLE_03708,0.6655741759240057,0.4159123287330173,0.3292953292834745,1.0,0.03989660073116017,0.15970989203454417,0.17957664093755416,0.08988174841459892
SAMPLE_03709,0.9200930802531542,0.06294492249748423,0.08967452142352243,0.1381224527207775,0.6325607989770466,0.23602226671187576,0.12229672410529505,0.40437282347442804
SAMPLE_03710,0.883757334900045,0.10275981076146676,0.11665452724395695,0.20017387227797356,0.08275972809537514,0.2373906830360385,0.11111590478043669,0.06731582535810408
SAMPLE_03711,0.7688351201634381,0.7850529961337238,0.8510506403334088,0.12150192418804648,0.8562698004646341,0.14718668769551158,0.6342360360876982,0.9465285233155214
SAMPLE_03712,0.7630014066144344,0.3336166943996125,0.4837980752901047,0.1265707865245476,0.46995300617279373,0.2754693802921754,0.34242566940278246,0.9054757861328497
SAMPLE_03713,0.8697586568519731,0.10684225516223539,0.311495571333415,0.11818651116050431,0.12682004539549532,0.19341508220458828,0.12320766756053841,0.10302505875772677
SAMPLE_03714,0.8507561209562182,0.42925019498482286,0.1985456627128605,0.32782965476048087,0.39988018853432705,0.45471759613245233,0.6580962478595318,0.4024645046985126
SAMPLE_03715,0.8784259904390588,0.3112124739294878,0.14791450702567185,0.09760546350626607,0.5039217740159152,0.15366525935949685,0.18786743815645598,0.2613439487297214
SAMPLE_03716,0.45067273609790504,0.59078887947099,0.7075840414864756,0.0919685275113888,0.2537890651010604,0.11083678644580475,0.37596139727876965,0.9767572713743422
SAMPLE_03717,0.8912595144546998,0.05113989397124504,0.021697641255843468,0.11703459468584429,0.05159359931695227,0.15785608987572933,0.09625165627914312,0.03594866843393908
SAMPLE_03718,0.8640897438570727,0.10379115563038867,0.20538983308738204,0.1541785539034288,0.14785671465042438,0.17622599687292434,0.27770194792751257,0.1351522713461722
SAMPLE_03719,0.7219486895970915,0.7125299676795023,0.665678823094465,0.3809722300156068,0.42830772153067104,0.5032425698581245,0.42371400042200946,0.69168149088675
SAMPLE_03720,0.8164204488206078,0.48932927686098676,0.363759338906152,0.10614058575463042,0.5546420590875256,0.25898411388065745,0.6394333020339913,0.48572613997267566
SAMPLE_03721,0.3559450379432795,0.3179486767537168,0.2484908663618726,1.0,0.11950656375511379,0.1440872152419336,0.17579889016208605,0.03533468378496385
SAMPLE_03722,1.0,0.7242215468910829,0.6356487107722029,0.8859183669921875,1.0,1.0,1.0,1.0
SAMPLE_03723,0.18033724532195175,0.4334063249733888,0.3722352215575949,1.0,0.20219974410176517,0.09115442604865433,0.06584640284404261,0.029837794399632765
SAMPLE_03724,0.6202722890759842,0.8834475762174456,0.819129647963966,1.0,0.2224200462551046,0.20818079877304935,0.29051728597653986,0.8975985152987394
SAMPLE_03725,0.428954350597519,0.3183781507534118,0.46972506339563075,0.14191807027389766,0.3303127646425404,0.3473605317985888,0.3012283167644764,0.9077173916204747
SAMPLE_03726,0.7183713797673634,0.5243444888737046,0.6490811671385672,0.29097110735900944,0.30699556629309305,0.3509160378949315,0.5678244473682976,0.8894621265918545
SAMPLE_03727,0.7473764542849939,0.4238694527915373,0.4256407139074714,0.3874320778450919,0.5401700864358632,0.3479956121090115,0.32573020798164554,0.29295630848064286
SAMPLE_03728,0.5764699927778947,0.3154808772097718,0.3410396769558479,0.1587597574435106,0.37957765224829326,0.21084664519600582,0.2338006623380204,0.7960487441531954
SAMPLE_03729,0.612685650076451,0.9539042545076593,0.9194027361925667,0.07528310824929771,0.8196540442798372,0.7093235678643374,0.8370838644832868,0.9015475993842597
SAMPLE_03730,0.7570179266874983,0.8909585502046511,0.8855845319504152,0.25073399531012913,0.7534790848397532,0.22541442707999884,0.7291780059740979,0.7306659444282445
SAMPLE_03731,0.8127568259262505,0.2778373224209351,0.3990080592345093,0.24775266989162012,0.25177527141737743,0.35379327978717157,0.32589308364089326,0.24349096994045955
SAMPLE_03732,0.7558433892240504,0.8235338115233641,0.767950774540239,1.0,0.09470597986718073,0.06063109726594343,0.3693630425813178,0.4873714968879712
SAMPLE_03733,0.3923482381405833,0.7036455907558645,0.6897152869610126,1.0,0.3548004417655527,0.2602070212807139,0.15640209721750153,0.04353567634029403
SAMPLE_03734,0.7869164563988853,0.4266520618588277,0.48866169200074705,0.3025684866986115,0.5824592360711099,0.4279206482537153,0.7368654373741289,0.8150372058680853
SAMPLE_03735,0.7649612510426766,0.6197575612220074,0.9292712379204,0.18465758823920875,0.7138444487040239,0.35680260646898004,0.44047051857385405,0.8026556408965846
SAMPLE_03736,0.8695882978593903,0.47144007534912197,0.38440596276137606,0.26652578831003937,0.6918270564642903,0.4270549444698822,0.4692281828525001,0.9240424254164954
SAMPLE_03737,1.0,0.5371325861512479,0.4692073325325619,0.8827849220708812,1.0,1.0,1.0,1.0
SAMPLE_03738,0.8777585096200009,0.1447344048743725,0.18073831059163598,0.22745059404286527,0.03599730710706996,0.1864373698484001,0.1272511488557104,0.05108731786302973
SAMPLE_03739,0.8645925831881902,0.24714916878597962,0.09163958526881795,0.24155022267662968,0.18475972941495045,0.4061555066904426,0.19687071353193622,0.281814926714159
SAMPLE_03740,0.7612401556880344,0.05910911599470291,0.037256051958901415,0.3039656167700492,0.6394246299370165,0.26638869596582215,0.15030844764545326,0.37577741973670115
SAMPLE_03741,0.7850767751317396,0.17411548090287363,0.21843645605503925,0.2127961926584064,0.11233772654056469,0.31585729971818466,0.2089214314866557,0.11212987696142074
SAMPLE_03742,0.8239161878610757,0.18593118085985108,0.14157455343866826,0.20112385138017264,0.14108299242600503,0.2737866463292545,0.07166968582713026,0.12611436340343185
SAMPLE_03743,0.4443839303496852,0.670119715004349,0.7007559540641721,0.04026164959899107,0.5086643911158166,0.09973829178014665,0.4000861412661749,0.30405968222041047
SAMPLE_03744,0.3198568184939396,0.7989922366498947,0.8425609560300016,0.18227707199436252,0.5913922706522994,0.26749354671235764,0.5478363543606432,0.8126879114919039
SAMPLE_03745,0.4372560563124033,0.46928090020024,0.38943261479565877,1.0,0.192685952731713,0.049129295800378864,0.15359174467261028,0.686063514312189
SAMPLE_03746,0.8744260538280513,0.07853591247392855,0.1519930521072609,0.20624468825153114,0.1525321937520937,0.272344606440193,0.24483681368426818,0.18463505688636417
SAMPLE_03747,0.7894082034332961,0.6451656857044119,0.5857756529358786,0.3148966309106741,0.7855021697435431,0.352538321109555,0.6554876354401922,0.5872955290335563
SAMPLE_03748,0.3075164408736805,0.34408955796108465,0.35510929694389753,1.0,0.09011100277686822,0.08652987096764872,0.07002416123261418,0.08077898105921624
SAMPLE_03749,0.8210889068261806,0.13629990563322367,0.3709684666718101,0.13696283505612317,0.05421248895329053,0.19416760422170987,0.2973294084401037,0.13029496549980069
SAMPLE_03750,0.3727269580593958,0.3369058510895178,0.41004843178820266,0.16850524938799838,0.450478945588631,0.29178269949767727,0.5039807527929013,0.8378088169719079
SAMPLE_03751,0.5787124222837949,0.694272543926981,0.7512878990004718,1.0,0.02873731117371546,0.016631864829085807,0.09926521966360134,0.08970559274631362
SAMPLE_03752,0.1835839598599429,0.3106649590094379,0.30559610060234244,1.0,0.010424800046318836,0.07917418594542247,0.04454993015108458,0.05331951816815989
SAMPLE_03753,0.30242879796493227,0.16528802383348976,0.18504058894611353,1.0,0.06874779952874992,0.06763044253180736,0.11844929201209996,0.3036513567890749
SAMPLE_03754,0.09245657884963243,0.22982155882396277,0.2160070052997886,1.0,0.36022226558459836,0.1927447807590657,0.053787243092734784,0.8239431156249006
SAMPLE_03755,0.7959095052437732,0.611792315413288,0.7852971021667581,0.32031522888012104,0.5196726418336424,0.3753025723177166,0.7022418892571473,0.4412238698178119
SAMPLE_03756,0.4470207748968875,0.2853388113201638,0.1604936020443615,0.12145600336896652,0.30696970983710237,0.12039466400591842,0.14621840308250672,0.9211795090287436
SAMPLE_03757,0.8764256478734509,0.32714361638238737,0.44470390816388905,0.24920806483257654,0.20831953600782122,0.2700107006406262,0.17172039406851972,0.1763080698668257
SAMPLE_03758,0.7377928182663667,0.33474956715418813,0.2948558827962774,0.28124664627469004,0.5717323222468818,0.3731442521425419,0.3727693316105489,0.8423384754808172
SAMPLE_03759,0.8674251772424519,0.2998940498299274,0.23743057650739474,0.1479684347954009,0.7913219314256852,0.19270253148009142,0.21211185040009164,0.6936987927831844
SAMPLE_03760,0.712196019358228,0.7342557432532258,0.7247846807302909,0.35403565128468,0.8118421963136842,0.3320202149263571,0.7349434368104513,0.8716298487467833
SAMPLE_03761,0.8243877305257303,0.17034494819757573,0.18453091194454635,0.2307333145331091,0.2687894690985897,0.35780831160067983,0.1382636765754028,0.19988275916129697
SAMPLE_03762,0.5809597913386336,0.491308582190323,0.4366368200925088,1.0,0.3754865332559777,0.18623075440063197,0.1828325048015275,0.3349841254343624
SAMPLE_03763,0.7437067843235414,0.35856458477320535,0.4298479875011776,0.33111904642216067,0.18698860497997316,0.40177701535341453,0.3242215339711043,0.18726431123222914
SAMPLE_03764,0.79942111315936,0.25339050215353615,0.1572434742791738,0.3318638728359782,0.33860781976760523,0.380568994295596,0.2502962490713626,0.9109723270535753
SAMPLE_03765,0.8134228670203935,0.11764067062115618,0.1640768970529415,0.22549261546415073,0.21950869172174647,0.34776442373990357,0.35831536004955045,0.4165380272319668
SAMPLE_03766,0.7887472632140639,0.18375270231742075,0.3166704825330745,0.16947143343403623,0.671798036802923,0.23082235583468458,0.29243343167027497,0.3677749280936614
SAMPLE_03767,0.8549255305573171,0.19068337776369496,0.07352069349788165,0.19913010533686354,0.1259378730965407,0.2223139283997682,0.2598253852524461,0.12929848411672712
SAMPLE_03768,0.17056495594364862,0.1008142909651078,0.08943829440148353,1.0,0.08060921409679747,0.17007486135832448,0.04338107560197032,0.8671059138583912
SAMPLE_03769,0.8935923953316376,0.05222229126372188,0.06363337095573124,0.21447401448169318,0.04713251287829908,0.26929244478440906,0.21184071467352344,0.02911796390340496
SAMPLE_03770,0.14423902454807822,0.45609581738583754,0.3970272945367126,1.0,0.25185315467203423,0.20076916705805653,0.0884035448844234,0.926788011905062
SAMPLE_03771,0.8080562686435919,0.16542550290723004,0.23740611388648658,0.15328911465408213,0.16765102958732608,0.25228318179145326,0.215768720923113,0.26386697373041046
SAMPLE_03772,0.9170931125704882,0.19540020444610048,0.2764715691920939,0.19843990928270938,0.18766506098320976,0.3608070920397965,0.3482475279762076,0.3379902249158142
SAMPLE_03773,0.4974697092994451,0.4511302772452947,0.46717119204469904,0.12155923928186482,0.5314370609577835,0.19917569676917365,0.23274141632864698,0.93775222123016
SAMPLE_03774,0.44888447834328593,0.8720045195869821,0.7981754265502172,0.2403077627544869,0.4438855131754873,0.27945263896422795,0.6771161611966181,0.9019102844074827
SAMPLE_03775,0.9080929896155687,0.3457531407567115,0.21519811048486126,0.2803564269394167,0.2355623389883163,0.39067146324534163,0.31849492494726384,0.4681425751735985
SAMPLE_03776,0.7685751658156312,0.22565502777624546,0.20090328462741544,0.2534952466743848,0.27521692466320113,0.1685910778543083,0.12184972676362416,0.048387868587837626
SAMPLE_03777,0.6046884899915561,0.22683629066640515,0.20339195119574513,1.0,0.33342836541218795,0.1352830315682648,0.03682469978927126,0.3694215541144882
SAMPLE_03778,0.7785844199773005,0.19542009015475786,0.08694843957679188,0.26135006245221537,0.16863034537066005,0.3745101507103601,0.1765158246144368,0.11012217355774993
SAMPLE_03779,0.8157541409369893,0.25846317592542384,0.2521225324733575,0.21962989423523815,0.14973640486788986,0.3054682891114526,0.268168572509201,0.11485246573712785
SAMPLE_03780,0.6640035191592979,0.3007473177487393,0.397260230722516,0.34640515984234793,0.4013615075923145,0.5219160037648162,0.594976330168359,0.9281807556778552
SAMPLE_03781,0.550460684061609,0.6575450093089062,0.6381244174921299,1.0,0.029888675140804673,0.0791389394165901,0.21922198301396267,0.7476133569561452
SAMPLE_03782,0.7607926103750191,0.5688137937796209,0.7385292448128928,0.11527746301204793,0.6859188655554948,0.25275252867052345,0.20877934061756298,0.8470371080971053
SAMPLE_03783,0.8422510538556038,0.14472993057409425,0.24213252446290562,0.15265978557359275,0.43098240220375705,0.38772656963828495,0.276826881048647,0.21073489485201286
SAMPLE_03784,0.88525932996783,0.1614353813623911,0.2729693278568681,0.1853154724114704,0.32304962931000086,0.3510560683365969,0.5375051921762216,0.43770534215617507
SAMPLE_03785,0.9147596256516155,0.7793860552124212,0.7309493860012508,0.15394137235546,0.4611792470321548,0.22600017882071474,0.7980386341936633,0.783132815144204
SAMPLE_03786,0.7770320241847934,0.6414509709129586,0.5563156747811548,0.11461125918380051,0.5268566183913184,0.10950598664017777,0.4622631949693593,0.923932372826255
SAMPLE_03787,0.8084895094040898,0.4589875452761185,0.7105241897207171,0.07457151882579784,0.8167337174233372,0.15235119719645776,0.4603634478750519,0.9660047545122784
SAMPLE_03788,0.9362599089871867,0.19189252362518439,0.3004341114652456,0.09462237420765306,0.6468036749559527,0.30804133264595934,0.19669354626655974,0.4587878352624874
SAMPLE_03789,0.5894953541568608,0.6918519943384904,0.6750026977820894,1.0,0.437624309617373,0.43573670288544836,0.48489483499685704,0.7374630303193304
SAMPLE_03790,0.18174681844807017,0.4766515839521815,0.4556065798362533,0.09929673317086932,0.33989457173577997,0.22792838341229435,0.23556235629260291,0.9799111111690809
SAMPLE_03791,0.8069215267161939,0.08081483909622761,0.15722551555111514,0.12218401306719898,0.022494757646220564,0.37243925741831174,0.1403031908234657,0.01507273682808972
SAMPLE_03792,0.733448987620509,0.25400519941559074,0.29357103436739374,0.3540342285086749,0.36816254579804314,0.41435183794440467,0.12382207004074723,0.343932895389527
SAMPLE_03793,0.47026533708307855,0.7694406455135028,0.5907032655564806,0.15776935717445267,0.263289997360149,0.21067212746135383,0.5900309761306384,0.9472479904029566
SAMPLE_03794,0.4192190201108428,0.8413106526960492,0.8190153287301061,1.0,0.09400415672885065,0.31207226723664383,0.617762341348804,0.4073608283864636
SAMPLE_03795,0.7329959923218783,0.7330387191010459,0.7828461159450577,0.7192955564422501,0.5757875723227922,0.5183670973060235,0.7171331686509548,0.9302042341003529
SAMPLE_03796,0.8649254142858491,0.41749913724743604,0.8348194781448914,0.2748576487098521,0.9339328859366836,0.5401740411985626,0.9263168146998617,0.8086319449367305
SAMPLE_03797,0.26895077801902534,0.34172890919335247,0.413761275201174,0.3395085206065743,0.25365120715751277,0.10799824387317575,0.10904157837403769,0.8612890583585694
SAMPLE_03798,0.7894052225090027,0.3489326564254501,0.3642774197677352,0.22697862016405307,0.3478631430325717,0.2579898398396023,0.22080905981872379,0.1457283477157256
SAMPLE_03799,0.7548684038329501,0.029629323232595504,0.021622604061208292,0.25491119688287434,0.49092866385540573,0.2794713635606637,0.09057853459220497,0.433195300064121
SAMPLE_03800,0.26308665543104426,0.45392439102230775,0.623482878630465,0.1881460650715962,0.47735506727711946,0.26482346606609825,0.16424892795125767,0.3233849237410932
SAMPLE_03801,0.24640062287530812,0.43550460768652954,0.3142318223019116,1.0,0.07906570954878901,0.06450649207755119,0.013607445343475508,0.04054442116990651
SAMPLE_03802,0.3513783085195052,0.8547537251762134,0.8543960401820924,1.0,0.07503418561896655,0.09480816298910588,0.23278865877971588,0.23483404116313206
SAMPLE_03803,0.8145640101549578,0.5246738116327022,0.7399372641554018,0.1309344170787089,0.5564830005364219,0.47033502145531003,0.534187183571891,0.46153715344077345
SAMPLE_03804,0.5550821501239527,0.17046437449484192,0.29315055213643565,0.16655834312465836,0.3739719151294189,0.3292889636702256,0.11187252324458571,0.9483658486635256
SAMPLE_03805,0.519758897471473,0.6793930630273297,0.7464072373428972,0.07496182109328797,0.45482116387353855,0.21248612869583208,0.5176081829826931,0.3792749508997958
SAMPLE_03806,0.7955964151731387,0.6566795939865806,0.669710635923803,0.24845937001065915,0.6102216701516883,0.13875679621480166,0.4346534965898442,0.8757267179612838
SAMPLE_03807,0.8499254669434595,0.20669275889197603,0.2014265572287187,0.11837677708998505,0.12580810693468797,0.3059956716406624,0.16816413984036274,0.1057790924257277
SAMPLE_03808,0.7824781359615309,0.6967154642512408,0.6787965030634973,0.06023546774176064,0.652653283075129,0.21482830996239358,0.7036649265404116,0.7502163579156893
SAMPLE_03809,0.6524394751809064,0.32495493702339306,0.42654332612612356,0.13153828007608726,0.4900208152955853,0.2404035693592423,0.1967623852802019,0.9755836371659372
SAMPLE_03810,0.7960756056615672,0.14644530637884975,0.1836353798155406,0.18166931426734,0.2545004756806192,0.1767042777065334,0.15750847820105615,0.12027330102538605
SAMPLE_03811,0.3676922253705334,0.34800705920550634,0.3191238919889138,1.0,0.2105419080123404,0.08546933745689406,0.11747117082947994,0.23369338089161415
SAMPLE_03812,0.7154508990163381,0.2681473696886669,0.31771047426567023,0.33591411250526243,0.29717342718591494,0.43489157704671233,0.3930431908049496,0.901165132034258
SAMPLE_03813,0.21337197558139553,0.48647043317927297,0.42141052914889165,1.0,0.014780206048497425,0.032473437588873624,0.14966511982675398,0.1507685226547148
SAMPLE_03814,0.8462480571752757,0.12597065981848077,0.11721329055433086,0.25928066583393683,0.34900209616408207,0.22311056114101327,0.2952037985473239,0.35501822513467873
SAMPLE_03815,0.1598900821449178,0.28138153348755124,0.3768459617870765,1.0,0.0749546813156996,0.04296854060101994,0.052864903967067264,0.05449362207329771
SAMPLE_03816,0.7793868542997879,0.6184691274229738,0.6355913582643655,0.3099520940261012,0.565103244897621,0.44300921321307507,0.5060545718268108,0.8522617452789029
SAMPLE_03817,0.9152597785233736,0.8046285541149232,0.8294200546949726,0.2964307249484258,0.6971298862682038,0.5733342265381756,0.7104072253452947,0.6654985249447081
SAMPLE_03818,0.87342352417687,0.18354540102418115,0.12671979742382936,0.259041099757054,0.18088712155970982,0.24351283595740714,0.4319363563813924,0.3534596268511365
SAMPLE_03819,0.7955510456307424,0.5467426693102608,0.596888829917557,0.33048082896939435,0.5243015769979302,0.37786578316149505,0.5506758982277309,0.7196776932870335
SAMPLE_03820,0.7530419320123773,0.2820191528662663,0.33270395564351923,0.35136441659079726,0.5129826927565488,0.4219944815046977,0.22665590037361324,0.45052663483470945
SAMPLE_03821,0.278572893622452,0.5063282651616607,0.39869572702759504,1.0,0.21787032022279978,0.16849688263032586,0.14454832025383807,0.12794058430713573
SAMPLE_03822,0.8479243895189925,0.06062889153255838,0.07629712852719564,0.04545869533874592,0.21360386640014026,0.14912647022179676,0.11772473512826598,0.1285805055709625
SAMPLE_03823,0.876258485472041,0.11147049603752625,0.1899805619281263,0.20407329163529128,0.7316070509987407,0.25408711773839787,0.06654166790951033,0.3728700028686665
SAMPLE_03824,0.9060929259285623,0.7259534623236915,0.7557628469635003,0.31591150036367843,0.7982710921099463,0.5934415652059737,0.7734640008325696,0.5179583310077409
SAMPLE_03825,0.8959257269143802,0.16556150369622308,0.09002255152721822,0.1519932651195292,0.04919497840818564,0.2004716561848397,0.12444689725675301,0.04272045983035639
SAMPLE_03826,0.24470918042791226,0.21203554191421659,0.1536309730076273,0.24098116116981577,0.17411386966227466,0.2707754877761775,0.3500144192499222,0.9536086572813016
SAMPLE_03827,0.4913100461418005,0.360969355147142,0.3866504604162271,0.11925333696257008,0.5073999609822848,0.22253797827798066,0.30046090592031327,0.7795358443480556
SAMPLE_03828,0.8437574752351655,0.4939321400224062,0.38035531267909484,0.18100433288021497,0.3492430507335257,0.3838707388040543,0.48447959505379246,0.3184287494250555
SAMPLE_03829,0.8842593227050086,0.5168594771143892,0.5073736614861776,0.21466291489585743,0.282183935129407,0.31983848473957105,0.2748727224559165,0.19573300289218973
SAMPLE_03830,0.6106826602928788,0.28173281159049496,0.2631041459140263,0.05574975660660666,0.5434187276962212,0.0735102075954715,0.5131633236226829,0.4924790925125342
SAMPLE_03831,0.9310931494687913,0.17026767829543166,0.22546408935717505,0.2408979790858646,0.08917212382900674,0.3803986773775473,0.20820923582581252,0.14107749726302457
SAMPLE_03832,0.7883801747561012,0.036438979208643085,0.03370270359628873,0.250365918018721,0.12841910180189436,0.22603327183190328,0.13290098093306604,0.14022429480912058
SAMPLE_03833,0.09339434986470993,0.43652623623867604,0.3439676450426885,1.0,0.016908493712822992,0.10865496255121011,0.0106705334435043,0.608399058458096
SAMPLE_03834,0.8072467556489243,0.2827531204642436,0.3134699346091821,0.2264454027243831,0.3833560529871404,0.4439220309983724,0.30896215125781656,0.4319973109120897
SAMPLE_03835,0.38173841098364775,0.09397882182613324,0.06690715917464027,1.0,0.11343578139103017,0.14993293249341494,0.05778738324234423,0.8576440992986927
SAMPLE_03836,0.5965645487532405,0.36629771853488624,0.44165138875119714,0.03423669251474827,0.3457830939007507,0.07199318391038048,0.2770266374253326,0.9729077657041985
SAMPLE_03837,0.902592617523104,0.13346490433676528,0.13762196397929535,0.19089031216607005,0.0860547524627206,0.30079608398660485,0.15480313994268785,0.15948081506794043
SAMPLE_03838,0.8072497330815047,0.23155591994583116,0.24076120331963266,0.2503102770179865,0.5431371140744945,0.338615330118362,0.2348498730120754,0.8798441338663223
SAMPLE_03839,0.7219416944833229,0.7801957912873867,0.8036176261666781,0.15616994930786474,0.6662360614471792,0.30331709730377127,0.7006920231977419,0.8698197643334111
SAMPLE_03840,0.30877814034944523,0.5985569207532637,0.5397492737771932,1.0,0.08940882042429027,0.09514778515278523,0.10546637448890242,0.04092934787983042
SAMPLE_03841,0.9225929924906933,0.386158807813748,0.46758488043558555,0.16427024669490436,0.4103141599416348,0.3549144346984098,0.42702109735513405,0.3990026189760718
SAMPLE_03842,0.08536721182813924,0.24420813391875185,0.1818954026508634,1.0,0.00632353509235593,0.06801284220030739,0.011704772508233234,0.006851208934926335
SAMPLE_03843,0.7689108136132019,0.6468588372947887,0.6275256601507966,0.1347286333269955,0.6796154989645571,0.20985368517534117,0.5744249422872605,0.8849909224840284
SAMPLE_03844,0.7920815329146285,0.1720298540264031,0.1648782989789838,0.20415970259863755,0.41733876578853984,0.19041968172272009,0.23162103091565256,0.512353292350342
SAMPLE_03845,0.5641060673846031,0.6290352500216065,0.8490171768688002,0.13715513697986048,0.6206833116323534,0.1857468298504678,0.35986430970350136,0.9660541700812344
SAMPLE_03846,0.8967590926875793,0.22051467166949557,0.28306909687926607,0.17094111851429153,0.33823380887196347,0.22188349775288127,0.4760848936950002,0.31279950094215725
SAMPLE_03847,0.5344860174151148,0.8302911925657138,0.8520145695278721,1.0,0.6685522114624319,0.1050367768984893,0.3549621327721206,0.8967640895026487
SAMPLE_03848,0.8237560773966002,0.10416177185908276,0.29915964141719364,0.11396629740750522,0.15356311918645,0.18573613134728936,0.2513312205852509,0.3140528522138155
SAMPLE_03849,0.16369510231197848,0.7333229037300528,0.7333198168317266,0.09624944744814402,0.27555479038748515,0.07448289669241642,0.18826603213623094,0.4293363504475377
SAMPLE_03850,0.6541531272698671,0.7908732391581003,0.7261769741968735,1.0,0.0251201853317815,0.10797480603467642,0.41113066459064773,0.3513691857200153
SAMPLE_03851,0.8594206067584087,0.22803433072950935,0.37174490026005147,0.23530700940642993,0.3478779274853677,0.37665567688741475,0.34558876057767685,0.3674111612902624
SAMPLE_03852,0.8834256327973478,0.3718179970312018,0.4141570946739338,0.278455574999825,0.30526216502769843,0.3172014392533452,0.19451646466663206,0.15470398943080996
SAMPLE_03853,0.7790781849258885,0.7705454997996104,0.8962387575141328,0.15952131343614961,0.564747379709343,0.3421364714177,0.7326404032350564,0.30378133324460665
SAMPLE_03854,0.7561548357419898,0.3807614474300882,0.638250924739928,0.1526184639082106,0.5070364866172923,0.341484180424312,0.3143752176393431,0.9198658216780256
SAMPLE_03855,0.2026050132092088,0.2437177245989448,0.18870927935271709,1.0,0.06665027668455775,0.07763685570121993,0.2707195052556123,0.1921055219234737
SAMPLE_03856,0.8872585316710817,0.3057242091538606,0.24516998839621207,0.24200946474400342,0.25257544751364225,0.45500774408498684,0.20745460532437923,0.24838680599106477
SAMPLE_03857,0.9177597459727116,0.36865331267864937,0.3232530053737461,0.11642624465972566,0.2557336137870945,0.3044469918132314,0.5481177084653435,0.32041818308583725
SAMPLE_03858,0.5337544039863217,0.2969887730206342,0.3111774233920031,0.1180301727990994,0.4586372091270505,0.3100440404266232,0.2911528269634416,0.778822389564936
SAMPLE_03859,0.09750017474728126,0.24263738198852502,0.3259642926959948,1.0,0.043114867951952726,0.0776662620009797,0.074128771200685,0.27298814799955345
SAMPLE_03860,0.13538999420061915,0.3011767432934497,0.23854923917873502,1.0,0.20075893364512973,0.04329709580127637,0.017957119031595466,0.11759843760911648
SAMPLE_03861,0.844091364500048,0.14231371817687052,0.30210884977357866,0.16337933174522343,0.1058245980875048,0.20444996168447885,0.4361197350143185,0.30189704691796615
SAMPLE_03862,0.8489253523172663,0.907736127405706,0.9238373627295109,0.15113351362007427,0.4078346361922833,0.22849012364387336,0.7429454286195553,0.4400933909617246
SAMPLE_03863,0.7892488659198904,0.37345873018218567,0.49824391097641574,0.23167382104500478,0.20529317834907257,0.31671866794136416,0.33765878797245225,0.30687155144326606
SAMPLE_03864,0.5734098727573093,0.794387401454534,0.8412931116313803,1.0,0.009295619225716933,0.018796223269109763,0.1199069276611897,0.3907410138292029
SAMPLE_03865,0.7141358106408618,0.16150919762274435,0.21638033670082468,0.1923802977748502,0.16575345515585135,0.23992184583336842,0.24805006067182186,0.23755018466227865
SAMPLE_03866,0.20624011389326477,0.5898093864209621,0.638839927395346,1.0,0.19544706515910687,0.2068509120740181,0.16751207911102153,0.8139910134581194
SAMPLE_03867,0.7685349393539536,0.6068566069866906,0.5001960820793353,0.10042152737155335,0.530945793248196,0.237590985791069,0.5922152117295667,0.9780462653299311
SAMPLE_03868,0.1082385702470814,0.591550729746714,0.5437047972383366,1.0,0.029546319259285334,0.07282453518191696,0.23743562780879976,0.19363556067167637
SAMPLE_03869,0.8569169333450892,0.5047028329592813,0.5977881845117686,0.15116512152691597,0.223244965732261,0.3515894612426766,0.4713280553556228,0.30022467315828527
SAMPLE_03870,0.5363695466150751,0.8368008963155763,0.7340923974136011,1.0,0.2101061669500389,0.1629014280312672,0.4806211126535232,0.6196443111163342
SAMPLE_03871,0.7869186712891777,0.03854036436170605,0.02569324769870987,0.11343936865089661,0.12082454594059538,0.2559409342164028,0.05374897730920518,0.0773830521966618
SAMPLE_03872,0.9045925407315452,0.6976197395585164,0.6628455362476925,0.37762978054024327,0.7354343568012311,0.5823103427384825,0.5788905143025919,0.8363277908755107
SAMPLE_03873,0.2528435250667723,0.5479445960569241,0.49805346973688486,0.17845250913375446,0.2863741699037503,0.25086218279279354,0.35449148451645995,0.5559122745743253
SAMPLE_03874,0.9195929817589978,0.40796621667653815,0.5041514045743187,0.11052152448491188,0.37756803168754993,0.1438388283323962,0.4724940630450305,0.3933934901810415
SAMPLE_03875,0.7705743357724043,0.6179807348902615,0.6731048119509229,0.3116499368758893,0.7347296903601027,0.4737275193985728,0.9593257257638572,0.924016190788725
SAMPLE_03876,0.8335897441281983,0.05738148532199826,0.18915968779536255,0.1719332192190159,0.31678458003500876,0.30194009630897356,0.21049611949093755,0.4748155133110147
SAMPLE_03877,0.8739247289110659,0.054889531948176196,0.0761954048117066,0.21786261800972356,0.06165947585160924,0.21953631100228588,0.04638960980435275,0.07568723511431247
SAMPLE_03878,0.45691997942790086,0.21211346550819687,0.5020543866069427,0.21399328093437034,0.5250078385212752,0.29268018410993524,0.13082443663040227,0.9541736510935241
SAMPLE_03879,0.32876934850816153,0.16679461090420192,0.08769466507970003,1.0,0.19094523056737966,0.11431296291010667,0.11974195743882099,0.8737029134617924
SAMPLE_03880,0.5399288438417256,0.8393633411627408,0.799038469294678,0.15885423319358957,0.618053168393262,0.33015953980988905,0.49106129482935745,0.7181647321902015
SAMPLE_03881,0.6012209504584672,0.5931539637716066,0.6305342151645403,0.18820229856339338,0.39870670269961794,0.21814566505258387,0.509472165273643,0.8077381662112244
SAMPLE_03882,0.7839232705307356,0.822951597954847,0.7624372336201639,0.03140878753763541,0.32532659882639775,0.11152928166773807,0.7545271705971952,0.8418846251153815
SAMPLE_03883,0.9060930751531404,0.06999268290252389,0.12516965967970323,0.11355917248526358,0.43777390195503735,0.2212798618949997,0.15986260631077262,0.5529153832230771
SAMPLE_03884,1.0,0.6059609287855658,0.5544995971145864,0.8862486597014758,1.0,1.0,1.0,1.0
SAMPLE_03885,0.24137417035877404,0.24794202806586338,0.1916195586684959,0.21614972233029844,0.1523055232747061,0.2416759049353,0.14744479479225306,0.9175704853043589
SAMPLE_03886,0.7380146334132902,0.25563442596823904,0.27060668858284037,0.26559290779820965,0.19825716301548318,0.30373183099164774,0.35168779499362657,0.3327170321644808
SAMPLE_03887,0.2433361800376115,0.10388741058442881,0.03993881979129347,0.10965125998985355,0.41263251357447917,0.14674001997174546,0.2345782254071472,0.8925811512597412
SAMPLE_03888,0.7649036578143941,0.13501592769033013,0.09194029710258685,0.234860139511117,0.2636521551792986,0.2958129541980953,0.10102813278323367,0.3704993879009888
SAMPLE_03889,1.0,0.7412855817478171,0.7487333233271043,0.8845656654356819,1.0,1.0,1.0,1.0
SAMPLE_03890,0.8510917927707431,0.5859596408889234,0.7820531123509176,0.2584145440909154,0.32468305266384,0.3830869125103024,0.5038165150421278,0.32194211203610834
SAMPLE_03891,0.5208691581394918,0.3478182489815953,0.1516826749114059,0.1248481787160517,0.5272883393658149,0.15073247101508824,0.6459956744731795,0.8894384872919603
SAMPLE_03892,0.7869070672951686,0.21608919377486052,0.17818037582089336,0.2191984464916957,0.16767661709833984,0.34798790070301705,0.15532411976636068,0.1971435577752383
SAMPLE_03893,0.255760427999442,0.5598987859616478,0.5551439020068161,1.0,0.2660934327852935,0.09180493047600433,0.3409718332712197,0.8000586976683203
SAMPLE_03894,0.04258833091586955,0.2188667988168125,0.12639853742934992,1.0,0.014952406400005308,0.12709886340615262,0.0797714050775598,0.03247708776654405
SAMPLE_03895,0.38783450687878196,0.3258210667769341,0.402297623492726,0.10511013859803255,0.23164306981950353,0.13706355706804252,0.34096492390962974,0.9571452741086113
SAMPLE_03896,0.5739521540905814,0.3128754558301028,0.25159768797223797,0.16684344868911927,0.23186843238888882,0.2648816148640995,0.2599759093888488,0.7473083754816094
SAMPLE_03897,0.7341925568906449,0.4987074035022563,0.5152976064134162,0.38463865279018344,0.5480398750183308,0.44439416063011783,0.4950755980918534,0.8252133706684311
SAMPLE_03898,0.7572437645622299,0.6764973115441305,0.9253091246594736,0.27863150600161507,0.9100440144668456,0.4511286253661156,0.6262830421865548,0.889392118403213
SAMPLE_03899,0.8527580089757932,0.049479165267701526,0.03615174399358241,0.18613376995388264,0.08859390783503987,0.2884642182085803,0.18264921067388432,0.05061071803519263
SAMPLE_03900,0.34366604193005246,0.9125477499095502,0.9263600870109057,1.0,0.33684751958235554,0.03313891838960558,0.4257560298713269,0.939542177879925
SAMPLE_03901,0.9014262500265435,0.08962218841226213,0.04445337445362134,0.15961799238854343,0.24198647512091587,0.23828457121713428,0.1217500948696626,0.10174902687434188
SAMPLE_03902,0.5782191357057967,0.9340779155326953,0.9431409165521343,0.1247906730832907,0.7831676209365459,0.4609413108558249,0.6124015096500321,0.9510681563834245
SAMPLE_03903,0.21158661920124744,0.7456085883166353,0.8405798100576832,1.0,0.0505338505687592,0.08233822992206197,0.469286271833238,0.47090391691032063
SAMPLE_03904,0.40098449174771456,0.22749291412083186,0.3107029370351694,0.08824784372552265,0.6407845438855084,0.07132590641439071,0.26389362445596054,0.7887384273468485
SAMPLE_03905,0.8272557800808525,0.4925668782107442,0.5104198887947055,0.3595080423083569,0.2639749205796325,0.5207834057868301,0.2936110192348217,0.4969727881445102
SAMPLE_03906,0.6589129105455873,0.19774908356452853,0.36351819860186474,1.0,0.25871619999158163,0.3259174145545966,0.19862777420733513,0.67494943534537
SAMPLE_03907,0.8845918985628674,0.19794837017146885,0.4254782895778896,0.15067140050473127,0.08635151345274851,0.21889570576473147,0.24612563317433866,0.070439096889252
SAMPLE_03908,0.365904280566169,0.3670703137589016,0.2925346525347313,1.0,0.184385319404032,0.08530973683589413,0.17993547959316059,0.20638148084052316
SAMPLE_03909,0.5480538054343677,0.11527870499998272,0.05918625347141787,0.1263096874754729,0.45140460069097993,0.10216694448511886,0.15173158100742187,0.9506915874930941
SAMPLE_03910,0.7219877592881704,0.08759944721191835,0.6138272394309905,0.18464945569316574,0.11135026920577586,0.26139323672918036,0.19186892293311855,0.0988528083030822
SAMPLE_03911,0.7859186462940064,0.4825973858530814,0.37787689583397316,0.4040462289822877,0.8174588475852977,0.7902614795024483,0.5526561648901513,0.8682986085825031
SAMPLE_03912,0.7630044093225203,0.6900382094756106,0.7112347150785796,0.35768753356351135,0.31972731777311025,0.3991301339200421,0.7476953928238466,0.7118447722408601
SAMPLE_03913,0.9019262826050747,0.040616468681599176,0.08587564347575535,0.12355329006211645,0.3112738231931964,0.11917157340043846,0.13208228668027933,0.41667170197655246
SAMPLE_03914,0.4338606658417141,0.5120556342072512,0.4373472309212378,1.0,0.13041207354770631,0.23796202988919227,0.30100091400651396,0.5506989771554738
SAMPLE_03915,1.0,0.7989319788519731,0.8565954617274285,0.8743331752626523,1.0,1.0,1.0,1.0
SAMPLE_03916,1.0,0.5674632499128018,0.5768553661484006,0.8691661556082255,1.0,1.0,1.0,1.0
SAMPLE_03917,0.8980907185910032,0.40538489632777863,0.4189830257237895,0.36986951537673485,0.37814657837485055,0.5284770695574517,0.5330900363214512,0.8036519009078569
SAMPLE_03918,0.5416816275787939,0.13480585269936335,0.16965472387742597,0.08664973347755042,0.3085017895478026,0.14401233907605523,0.3786831585014544,0.9142945081585614
SAMPLE_03919,0.7121592861176386,0.38346338270527497,0.34868025260335056,0.34749860026454815,0.49318687911702375,0.4456928917054677,0.5091967848137313,0.7121758702495495
SAMPLE_03920,0.4752024576101166,0.5871844136509032,0.5110543314390575,0.3655237084434467,0.6279777222982369,0.2212625541526513,0.43885966802070175,0.8737483385934455
SAMPLE_03921,0.4007026833758139,0.33995296405222514,0.3477906741192009,1.0,0.6848902836292418,0.13133763213923816,0.09644667555129671,0.8959021118675423
SAMPLE_03922,0.848250783918054,0.22406636892086434,0.4773895416297217,0.07734350167021896,0.12674572364102904,0.13414814430078056,0.19697719958644022,0.23361310348551848
SAMPLE_03923,0.8694235344352051,0.834048610415972,0.8266806778154532,0.4034948070526003,0.620498231009102,0.5477020560662637,0.7918451229485739,0.6536853105803195
SAMPLE_03924,0.3951104919306888,0.651206937939873,0.5434643125423495,1.0,0.4768957627242899,0.14901268038422952,0.2842554741248321,0.3867100132468708
SAMPLE_03925,0.7417604581631791,0.24115793244384517,0.29023147637100993,0.34681610628073534,0.22135117122575676,0.43781656345976555,0.5020076971657261,0.9256698329979947
SAMPLE_03926,0.6272208934087045,0.5562346663065403,0.6869379343990416,1.0,0.29286892982867907,0.06863026672128136,0.35938946545736683,0.5434077677320728
SAMPLE_03927,0.87292271278876,0.513178000566453,0.5659479238163992,0.11116272384999032,0.04623198548575165,0.32492234838628725,0.37011055483692873,0.07631237024174435
SAMPLE_03928,0.8845924084187049,0.04614267865391776,0.04093065906065921,0.14503638013911652,0.4162989901644827,0.17399593649434136,0.0892152957748378,0.29560985015460817
SAMPLE_03929,0.8102489534863448,0.09814065883102577,0.2196973952781938,0.14344237374926166,0.23896502640630987,0.2592781748545074,0.23999018463617178,0.35209090263456844
SAMPLE_03930,0.8535916034388569,0.029327436427827678,0.045121880401978204,0.16617758523629414,0.19492684438469904,0.154717965049073,0.06811255203159716,0.04173189161970937
SAMPLE_03931,0.5107373185850155,0.11645199063974931,0.14141705311114894,0.144041975101945,0.3722170627370628,0.21331042824690413,0.12044006329074937,0.9802262017041004
SAMPLE_03932,0.06957147332948183,0.15912006530678235,0.1994557698641129,1.0,0.06485598356589717,0.038801949781944664,0.046684601661554054,0.025373318553664113
SAMPLE_03933,0.6381154634105237,0.8107484133872642,0.8995919106290582,0.04674452358425823,0.4403471839225101,0.16023128309418272,0.3709763270210496,0.9642450725535077
SAMPLE_03934,0.48739828170608823,0.5549830529038366,0.5668913859485076,0.05043907704873213,0.3381681453955322,0.04532147368940906,0.3064582178697777,0.8594627259137506
SAMPLE_03935,0.7665666554731219,0.552810166146465,0.5439193912877076,0.4124682537073375,0.6463614870042516,0.5644149267442544,0.45939145727684527,0.9129903738140521
SAMPLE_03936,0.6239816683798827,0.4119695770066546,0.389446726677144,0.13049625905943116,0.5483171326392874,0.20780915262651056,0.47683900549398683,0.9064912642313314
SAMPLE_03937,0.8822580194057035,0.1113508779210531,0.18789524254966908,0.2174222426815783,0.543702022601396,0.36741797819955524,0.4560291499146413,0.5332092951605247
SAMPLE_03938,0.7907527383948245,0.384437933995866,0.618445829908711,0.3062782045312104,0.7488370687152308,0.5446287576679186,0.7214980820678962,0.8652341673377322
SAMPLE_03939,0.7616074820616265,0.8898302062717882,0.8753281993244927,0.13659598696144432,0.5886282766131994,0.15873417060107126,0.803117709158014,0.9226065025061705
SAMPLE_03940,0.6275619445327617,0.5690391754114783,0.5275667155768493,0.12608749529277508,0.24570544066815397,0.1297830206874025,0.32136663664152987,0.9288334678152799
SAMPLE_03941,0.8275810327777688,0.3160867969298939,0.29975993208324536,0.07614841002328529,0.5824098772718724,0.31224041055388446,0.11607203680998973,0.3042266372750697
SAMPLE_03942,0.866091118509972,0.1063158215730439,0.12572345721762693,0.14785574011144145,0.20856347460240487,0.2913381680592249,0.21394549491633968,0.10807484103482717
SAMPLE_03943,0.8767583564513832,0.06787446251929743,0.03615270592497187,0.198047812547581,0.14329116759457844,0.2821788908655189,0.1401640082659525,0.12785144947769378
SAMPLE_03944,0.7880532523942496,0.05386118426073497,0.06618293967967448,0.16725586286885244,0.3359306275064382,0.15889346735266435,0.08531691723688567,0.09233321506540726
SAMPLE_03945,0.8967592895017218,0.41772636660989926,0.19490858297783734,0.37268866098923537,0.3156132269095161,0.5073380353793928,0.2901921568170092,0.8458176853522057
SAMPLE_03946,0.52629878610561,0.62756871565518,0.7617797685641021,0.08591208485912012,0.5027924488524014,0.15541812521952847,0.24475749048715845,0.9300440336110831
SAMPLE_03947,0.7605733922322415,0.10026267494965385,0.18105071182236993,0.29204027908323454,0.44529106341560865,0.4873853283900385,0.25985642568244616,0.43383600725013377
SAMPLE_03948,0.2697852955627633,0.2732492142946157,0.15454810868497207,1.0,0.02993118596048534,0.07847321693611004,0.12423477751596868,0.3712570540277458
SAMPLE_03949,0.7614984926121866,0.5544507723842829,0.7445929720842318,0.10928657738169417,0.6463125078571818,0.19822436121815165,0.4285915778276183,0.9446169174192889
SAMPLE_03950,0.7773840355518917,0.33445539413737335,0.5632854675130932,0.1932059810762589,0.32367533425976913,0.3415242508104005,0.3322832618824471,0.955810221145067
SAMPLE_03951,0.271204117441067,0.3235179340867897,0.2579218904298783,0.06974911282390185,0.0740355729063576,0.1503183925260342,0.1460160341050483,0.2312383781391539
SAMPLE_03952,1.0,0.5017474048090833,0.5414031518764997,0.873138411039527,1.0,1.0,1.0,1.0
SAMPLE_03953,0.7073368036487075,0.26897058661833,0.3373220131354006,0.19422207149269516,0.8179126365826501,0.3545263869738429,0.24840840984828605,0.95450034558601
SAMPLE_03954,0.847591490086199,0.8072137293833812,0.7749192365582482,0.37517768947488883,0.3842790589751131,0.42436881032140117,0.6273859123408912,0.9034186397883144
SAMPLE_03955,0.5807361285912727,0.7852626353538806,0.7172434881297939,0.11366465248894148,0.26873952717208216,0.1737787453111716,0.31777111854653406,0.40759448879090765
SAMPLE_03956,0.39560803111144716,0.8053619888396717,0.815324013656515,1.0,0.07378632875754533,0.09966916452928319,0.1800478958430063,0.21005260687900143
SAMPLE_03957,0.8037515350728262,0.04677457544039729,0.061306199847780594,0.2513842038921418,0.1186096507167401,0.2618589713801463,0.08702022138530545,0.052200390292113874
SAMPLE_03958,0.16668762697435385,0.8343038484254044,0.8357942864552425,1.0,0.07767346415062314,0.14768180470004677,0.16757191021500442,0.10430541052187145
SAMPLE_03959,0.2825349780429497,0.2520292277498025,0.25162705438882826,0.2883657525643427,0.20181611678832617,0.35291802980397574,0.23099850769879776,0.8692246262907105
SAMPLE_03960,0.8529250231455686,0.006462312159362002,0.01489889242139683,0.1431754960363546,0.4121663769007274,0.18529851686682247,0.02174609976442702,0.05976589268616421
SAMPLE_03961,0.770735351246171,0.28540213883390486,0.34053941575804314,0.1546995282694435,0.21376521639711113,0.30747451488768557,0.21673600033054255,0.11316064524918981
SAMPLE_03962,0.20675836429503147,0.5684260005798104,0.5401416660514993,0.09459371032864751,0.6163571351250521,0.07896844231859627,0.4620410759514201,0.984342746053888
SAMPLE_03963,0.577736960546845,0.8034304380061192,0.7695427603312572,0.35366142819167895,0.39527955627159417,0.2977491630047396,0.37049647035110117,0.8002863520515924
SAMPLE_03964,0.1557726494620863,0.532455078155978,0.5093921165425567,1.0,0.06352159860249917,0.08748241115341662,0.19005918246843956,0.15043680026063716
SAMPLE_03965,0.865257814403946,0.025007020734658846,0.01545022059228314,0.20634205475325643,0.04945066010037734,0.2825534443186653,0.10680342363362497,0.018102037318803416
SAMPLE_03966,0.03153296087749518,0.26647617584708516,0.29565044912214977,1.0,0.11245765803633734,0.30933915329971934,0.15958912234208603,0.3359862808677575
SAMPLE_03967,0.6444454614207812,0.5599913679136879,0.5903802449664854,0.12067220933647625,0.8123386421534624,0.1314182286455433,0.47548487409135504,0.9130234805100237
SAMPLE_03968,0.7696105183083337,0.7987207192080539,0.7733575358452212,0.13769114610484948,0.7804733795934686,0.36159996102066927,0.3971377318337613,0.8473644503515192
SAMPLE_03969,0.1830474480330187,0.19234186607767997,0.12622461335675958,1.0,0.18593823179984,0.10390660741071822,0.03511384618371687,0.10823247076898607
SAMPLE_03970,0.30821654640602375,0.7161015453963442,0.8403816559976989,0.134753364397311,0.6102673890733126,0.3600811814886868,0.45660998715232803,0.9164026610007338
SAMPLE_03971,0.8270864766205744,0.01350748225573327,0.024535691954431768,0.09207205763442046,0.13468230234945666,0.24528920550461997,0.09330206587868631,0.10594251857469131
SAMPLE_03972,0.8982590214833523,0.11794032715391038,0.12608472094583284,0.24318137889734148,0.24125765950114075,0.30624063499674126,0.236674551830594,0.2144773586042923
SAMPLE_03973,0.11037923184575353,0.5890212146506006,0.5139608891266947,1.0,0.07077244515193631,0.07282139603749722,0.060518135231562256,0.14446955117771426
SAMPLE_03974,0.7747473464563241,0.29552890617993505,0.22333518208150302,0.25908920217655473,0.2854648574726309,0.4176578547136328,0.10485123789549336,0.19905563244307217
SAMPLE_03975,0.4364535712438497,0.4421095539820117,0.416336151693914,1.0,0.06503168956997946,0.0716498808361391,0.572625591501808,0.7766349488242811
SAMPLE_03976,0.26707920269145335,0.30763379746990904,0.27415065959297064,1.0,0.23469814124633048,0.18792670374740733,0.06840778386207524,0.8431111604104837
SAMPLE_03977,0.7702262003014734,0.1815438413758012,0.09656872558382067,0.21578155847951366,0.5588175456446423,0.39039262031224853,0.48455378021466144,0.9361672529217888
SAMPLE_03978,0.8329197060652117,0.3447381122058239,0.4028313450417815,0.19541080468834066,0.45365650765918386,0.28798197186440255,0.3890912475952911,0.7374728892904782
SAMPLE_03979,0.7492671593442942,0.3660366386862134,0.4141558838327922,0.1137817270147428,0.6636662230830341,0.25281100648843424,0.38478007469894304,0.7864193848496335
SAMPLE_03980,0.8915924335448784,0.010085226224922642,0.08408764593102869,0.1933905292392703,0.42948009110067625,0.18377940069618148,0.04235026943931779,0.26280800288505674
SAMPLE_03981,1.0,0.3483651387088825,0.14326134323994513,0.8801535824658806,1.0,1.0,1.0,1.0
SAMPLE_03982,0.37756903669472675,0.6983516509111988,0.7643872633495081,0.0654143402931932,0.3061017322703688,0.1558519304789674,0.1817518378660433,0.694292245287653
SAMPLE_03983,0.8917589969984892,0.5686679975527851,0.4918950416698523,0.30060226081730185,0.44550312476508214,0.5584005371121139,0.5111883214587445,0.40951196612394114
SAMPLE_03984,0.7651664749928635,0.1695703037406635,0.35036642430945064,0.13491533761926444,0.09023176132265112,0.27106836053170663,0.569183199535303,0.4794860693117219
SAMPLE_03985,0.9154263254697854,0.030991639680622914,0.09692144632698099,0.08089367254606084,0.30450527976280484,0.16240126069655822,0.13224725786241326,0.4223153711295259
SAMPLE_03986,0.8695909200163864,0.02435084906182121,0.17728476262717568,0.18249802060498035,0.068862080671153,0.2197929072684712,0.243740995687169,0.171276447168762
SAMPLE_03987,0.32312420271928405,0.7036227024607504,0.6013043445599833,1.0,0.3390955024939385,0.13751115075661682,0.4008932595714738,0.7743012734130481
SAMPLE_03988,0.8902593062621569,0.15366676146222316,0.18595093711306934,0.18096068523939635,0.2955922105221743,0.24160931276187927,0.21291158807306898,0.3502995428654364
SAMPLE_03989,0.6550043641757087,0.8369974746296909,0.8231041964508247,1.0,0.3633966195203131,0.1886506106489864,0.30434311458166247,0.3879130225152312
SAMPLE_03990,0.9259263589435605,0.21258865675819497,0.3057395002219373,0.25781347178264896,0.33141171807450864,0.32231861863995204,0.28173109299593696,0.12924567629522982
SAMPLE_03991,0.7488523946509891,0.7085867489303355,0.7724419732875785,0.3961288257168909,0.5916234181798963,0.38489031766332804,0.6080133539753607,0.8770164594527236
SAMPLE_03992,0.17513276795058422,0.17150430356440474,0.14441498778680065,1.0,0.24248739311797834,0.05964472861839105,0.0405418513127604,0.8731277805030044
SAMPLE_03993,0.5206410135824541,0.2779795196275275,0.2086907775117054,0.2622956669201425,0.3516754031790665,0.31049421897859275,0.23090872754888925,0.8968697874564404
SAMPLE_03994,0.8862585055306971,0.32981879682247756,0.31065684244533076,0.24529691674466803,0.2223742787708951,0.35795888209815113,0.5477127053676124,0.35467397432158887
SAMPLE_03995,0.22455303037675628,0.32644550067747125,0.3539235713046918,1.0,0.04012572234438035,0.07131544901615369,0.12778434956089185,0.3085556987677899
SAMPLE_03996,0.12363398874084988,0.6765446606479688,0.643469235603459,1.0,0.3359289722062798,0.06248339520720809,0.039728915408856265,0.0376781527594276
SAMPLE_03997,0.2276954341165358,0.35929400854041965,0.43496136495216065,1.0,0.027175534655956984,0.027296476169552504,0.2766579511420009,0.4007887395099329
SAMPLE_03998,0.19803588254965634,0.14640486856380425,0.09421313095059389,1.0,0.699462731272254,0.12098329914017933,0.04628824872156504,0.9175081841135158
SAMPLE_03999,0.3724794169843998,0.5174697939992331,0.5926609474047538,1.0,0.04722223562001749,0.23343941862602266,0.2578466684636055,0.1437145646513847
SAMPLE_04000,0.7686947187459692,0.7522334637485559,0.8348575538371465,0.13291423565610985,0.749947382803579,0.16232349751142203,0.17839533513470396,0.8328041871941971
SAMPLE_04001,0.7865837955760872,0.3014198266665058,0.8542534759569135,0.08227467360569787,0.8301865429399253,0.1405192912609592,0.18957891544607158,0.9109408245410777
SAMPLE_04002,0.7675660065908726,0.1334631995142181,0.18837071609469053,0.14708227911187263,0.07673572010271609,0.29132376326648074,0.1807173915686029,0.08747886223087573
SAMPLE_04003,0.8719242084936856,0.04525195146719727,0.054524105762955355,0.23475059005054208,0.22128929685407345,0.15913391437847055,0.07348524683845122,0.12992629441278503
SAMPLE_04004,0.29483372283781817,0.7816542400162252,0.6803014750522288,1.0,0.14104183542020599,0.06515173392572673,0.07339347958029178,0.13350097880675826
SAMPLE_04005,0.564645854080036,0.42010408192464965,0.5052230657802136,0.03793827525654009,0.19298329984503365,0.06853051291350166,0.19237446559243643,0.4446996385478714
SAMPLE_04006,0.8804259438788811,0.4427469945390654,0.4348107092738609,0.2822632950883266,0.5722997012598648,0.33125003683031984,0.47724613500823343,0.911819307138332
SAMPLE_04007,0.892425550200622,0.06410156423343955,0.08688168528151877,0.07956747041808154,0.03807423913080174,0.2510944525002738,0.17014890863249998,0.10376607969713536
SAMPLE_04008,0.4819220778817672,0.9215272713624343,0.9345270916646597,1.0,0.31096654686850816,0.03729494754896389,0.34008535003682605,0.7254986676893007
SAMPLE_04009,0.9122600470940413,0.7818328693616385,0.6987282955050607,0.22824101083192785,0.40772144194760007,0.40729292326676103,0.5655977820872883,0.45374710608352575
SAMPLE_04010,0.8830927716790389,0.38131694161673874,0.18443960974916015,0.10455338436543099,0.2673181608278817,0.15250591260560734,0.2137256471232213,0.17632620865118653
SAMPLE_04011,0.5699281232223883,0.511418929206837,0.35038165359338347,0.12486538255379893,0.6431694997679643,0.1217125798459671,0.353066617360337,0.7599981399903859
SAMPLE_04012,0.8749238467617344,0.07642067905995198,0.10662591650227497,0.22213409151129798,0.6354838300991303,0.2033313776374499,0.17368554243706408,0.6590372413186049
SAMPLE_04013,0.6933351684921859,0.1256332339937087,0.23180363914620564,0.2975835092971921,0.42726812881317044,0.370269959207635,0.7126435619207254,0.8987884310026705
SAMPLE_04014,0.7388809304321458,0.5034763061196224,0.5036297073513454,0.1520928885913178,0.4326378283873794,0.35928998330379086,0.3225161803952997,0.8148025105869239
SAMPLE_04015,0.90925977487132,0.39208519929672675,0.37363565662497067,0.27429032410411125,0.22840430083443447,0.24362335826949558,0.27674437604762603,0.34787121241239294
SAMPLE_04016,0.6146392759516496,0.27874353339676233,0.3217426355615016,0.09446326354912694,0.6517089588377186,0.19252490025325433,0.462730212617795,0.9464978120089389
SAMPLE_04017,0.8110770517757769,0.25331032645476204,0.547641316067281,0.2081507298115864,0.5617944671214848,0.5263894399497154,0.6462132425083688,0.873173882099298
SAMPLE_04018,0.8085849070053679,0.05296670459407823,0.04266440997259796,0.3771555368282049,0.9148721395359141,0.4798245112086,0.29573285546161493,0.8800859701581958
SAMPLE_04019,1.0,0.766899359712929,0.682453089467236,0.8749519844757403,1.0,1.0,1.0,1.0
SAMPLE_04020,0.7145023843869353,0.50212057771635,0.5837130541508605,0.2109535918447782,0.5295770907373284,0.3146226558000461,0.5217696517115304,0.8059051773060109
SAMPLE_04021,0.3103632323822646,0.7292087010597482,0.7306337067795567,1.0,0.1993036622485493,0.05047697329721758,0.14823370406244019,0.7406373411075667
SAMPLE_04022,0.07400456159547367,0.4619715589204062,0.37147809361672224,1.0,0.08553247585973237,0.18579600625402062,0.14365099659031327,0.11026738041137837
SAMPLE_04023,0.7545593117251145,0.14092270329424134,0.1392890201459125,0.20166257595061002,0.3192130989724032,0.26665590500851505,0.139343690834964,0.92828656388409
SAMPLE_04024,0.8997583535138686,0.2433937170747657,0.22327318440590566,0.3366111787858959,0.34942125177169137,0.41251261078501,0.2667485730211367,0.7751254879050524
SAMPLE_04025,0.3878836123763215,0.6650218846426976,0.550148128473031,0.10795939526097859,0.11415774575245159,0.18271925245077683,0.16116635117941863,0.12116665360300652
SAMPLE_04026,0.8085792237990054,0.49478319497433354,0.6104340180101955,0.20923587442762961,0.7756322267904086,0.415697380889696,0.6804937714308569,0.6015365842211087
SAMPLE_04027,0.7978698585226605,0.19352409818808475,0.2004626036175352,0.25531628226866054,0.16997289975089014,0.28601228446553817,0.22164921050448305,0.1861330803071115
SAMPLE_04028,0.880259235733017,0.21353502845404723,0.2950091192381311,0.14240441102742724,0.3589853135513894,0.16659587099062723,0.17476584352421676,0.26408574667315865
SAMPLE_04029,0.8857580269237679,0.02643543639606895,0.013344563588182225,0.14835882998121452,0.12001624667581592,0.1693061881989634,0.04848522661296449,0.0427009564209229
SAMPLE_04030,0.8722589675147341,0.6721967283488575,0.7828517664593386,0.4604263316593357,0.6589955422484257,0.6404849066096389,0.8492890150178168,0.632593887279131
SAMPLE_04031,0.7538668937287263,0.954137987062036,0.9533450118582043,0.18439553889834728,0.5611999559719264,0.23294904366111482,0.6283730504440977,0.8539811090231331
SAMPLE_04032,0.8819242527249441,0.12150147786998051,0.09217038358061505,0.14944025645835304,0.7109605938780242,0.34500227387935456,0.08880667033676942,0.42990088665666193
SAMPLE_04033,0.7227009102758839,0.9337259090916953,0.9498148815205583,0.16004403421517982,0.7347135325771448,0.4742694958058174,0.8225025470675237,0.889903971438404
SAMPLE_04034,0.27432791328876427,0.46926435494581487,0.48143973241025406,0.24522410421702834,0.43728276149679457,0.2966876291160515,0.4563329140683743,0.8528482132800584
SAMPLE_04035,0.8384232293346237,0.12779999920114107,0.06909504933338013,0.27592694054093525,0.15441421662204133,0.377598229922905,0.10222714538687477,0.08240592784153256
SAMPLE_04036,0.9404264986313129,0.14544298301518377,0.1115612352303428,0.13886781657532896,0.10734185677051311,0.2410293070582652,0.1284009913992657,0.21854673392220672
SAMPLE_04037,0.7853181931079263,0.8719627596896188,0.7891026802559468,0.12230237875520268,0.6909080160453169,0.29594442822893174,0.5904241199217845,0.87298157772765
SAMPLE_04038,1.0,0.962192085989666,0.9374913049170175,0.8865883281705536,1.0,1.0,1.0,1.0
SAMPLE_04039,0.5173728685314958,0.7916219071300161,0.7355670426946697,1.0,0.17938415172022038,0.10463777472146815,0.2406588356976172,0.7770765433444076
SAMPLE_04040,1.0,0.780047807948049,0.740486482594831,0.882853333620985,1.0,1.0,1.0,1.0
SAMPLE_04041,0.7806377815817882,0.64778720129599,0.6827004098033005,0.09959530861267173,0.5821271088651145,0.106823033995126,0.26430875629964234,0.9718092899318189
SAMPLE_04042,0.7545649376841965,0.10612554786564254,0.17736424835260542,0.2519819735778985,0.20065421599884606,0.3039385420049455,0.1637065787898905,0.11342554283701597
SAMPLE_04043,0.7336324388200315,0.5804123010890632,0.5967579325309362,0.06943806128708879,0.6314034344747445,0.13867860015215921,0.24597432152580614,0.7914018815872732
SAMPLE_04044,0.8787594418786531,0.43492334983215347,0.5761214962242578,0.21342413437419933,0.23157410617976057,0.20720760446346076,0.25276998498419134,0.3216325240060246
SAMPLE_04045,0.7071372469330015,0.2723606560907469,0.4169696949297982,0.32363349048898765,0.6712579766586522,0.4231005931549338,0.5307190593191354,0.8924956129595454
SAMPLE_04046,0.8664246703511661,0.023107915216326994,0.035098878872787544,0.2165458424808693,0.12521560563747647,0.28982172991818694,0.09699423413519148,0.07514190857530972
SAMPLE_04047,0.8119203358345731,0.043573606048619096,0.036449656697759854,0.2095985776426194,0.25127531579363105,0.17949603577552,0.06990874118302932,0.11535045988483893
SAMPLE_04048,0.8860924215000486,0.1459892262928693,0.16070472096613408,0.22668689036674827,0.24807294850074396,0.21406563968348746,0.1488521045619377,0.10196884754159823
SAMPLE_04049,0.7920832652674719,0.31681962745221026,0.21985456470571602,0.3897989730203063,0.4540378656548363,0.4208460067720132,0.48699818953523477,0.6226247656896784
SAMPLE_04050,0.9100930410952925,0.14538842796859347,0.18190746564297042,0.15538356086272842,0.07711066138645026,0.16038037282128603,0.24286441126579622,0.11764189453497505
SAMPLE_04051,0.8073287993935903,0.47101567395432986,0.7251658735786479,0.15606509833482832,0.5801391675537669,0.32279139693869235,0.6470334165351503,0.8912082738741924
SAMPLE_04052,0.4388522640466104,0.4345805749253911,0.3699795215235196,1.0,0.3700512583869167,0.18996765572538227,0.1919658434457217,0.8316837362898934
SAMPLE_04053,0.8010180035335139,0.5104217409287423,0.8649022305000091,0.0777804174724439,0.651093782260518,0.09431914522452906,0.3427561289611895,0.9175312565394658
SAMPLE_04054,0.6398016571295881,0.1479661469903782,0.14022138987636534,0.10332545598660788,0.47286585327422875,0.1627274210882653,0.20873522013630272,0.974802248779537
SAMPLE_04055,0.4332056503290229,0.35242055737610584,0.2643163005346777,1.0,0.3534811415831713,0.15851780555528558,0.12778564575147122,0.12018900137800292
SAMPLE_04056,0.6303823096435942,0.27749550043207993,0.2234590439088399,0.361672205520347,0.6386596341214567,0.3750681604729147,0.1979087669844738,0.7689831438302646
SAMPLE_04057,0.7486996093801205,0.6974358806122245,0.785887244133068,0.06362609622604733,0.5811758382535147,0.19491655861156415,0.3795518921148241,0.9576569071895571
SAMPLE_04058,0.9159264477637599,0.06430914241182617,0.11198428679868225,0.10987893251761523,0.26631647816514636,0.1759391439203716,0.16426162204577416,0.2537137306101319
SAMPLE_04059,0.1626837267209374,0.7908390381408592,0.7716297122581692,1.0,0.0875317466080675,0.026129786788803504,0.28663828611717473,0.5554640220630837
SAMPLE_04060,0.4184112640293339,0.6891659800044259,0.6647364716597927,0.16002905702258294,0.672751123387665,0.12114557487991362,0.4251261511340311,0.8583259597548125
SAMPLE_04061,0.06384558785627738,0.4105301920238511,0.7706010928094063,0.16340563427910612,0.3696101063311352,0.3417801200384493,0.3346913418350629,0.9145266767914988
SAMPLE_04062,0.7550411687922425,0.3419471428150573,0.24025189588856988,0.14191763104620547,0.517011554033963,0.31420901619310354,0.3748268491224808,0.9093571010496861
SAMPLE_04063,0.7785711329082985,0.16121139149558728,0.08468918144057008,0.15565706577469066,0.6420439461602176,0.3100250454691693,0.17643033621448365,0.9302074483975464
SAMPLE_04064,0.794417627457958,0.28462094334737087,0.27991200677242933,0.20638371936557917,0.4296894844244204,0.23804901926889663,0.3630988639645083,0.4414690968175954
SAMPLE_04065,0.3226730063454426,0.11892634001231618,0.09561622629934279,1.0,0.1956473324457888,0.17093415036737533,0.03322517448442927,0.3183916164309743
SAMPLE_04066,0.9235931034505951,0.2515777989835559,0.2538024555073968,0.22805521587985092,0.10002602496267698,0.2909099298091216,0.39326017624883525,0.2794532038994836
SAMPLE_04067,1.0,0.5056803479204199,0.4540528414850272,0.8753292425511406,1.0,1.0,1.0,1.0
SAMPLE_04068,0.724547807563064,0.34639467962197423,0.3735690191128888,0.25064182036403565,0.401742058804197,0.4525204989057404,0.4919881410771941,0.3282068985594082
SAMPLE_04069,0.31262226717355673,0.7545862382051658,0.8080140915370397,1.0,0.03761762280701901,0.18922130600379827,0.3514894068443862,0.2335629634885854
SAMPLE_04070,0.9084257871324724,0.03912292835056211,0.18074551935436053,0.1244637082753567,0.0653492469899135,0.18507743232195178,0.17037399526132982,0.13470312140439783
SAMPLE_04071,0.8042357929343003,0.4624280707528664,0.4642579264761217,0.2911594740099848,0.2815247626486154,0.45691408117427557,0.24755649659841933,0.42801959811590296
SAMPLE_04072,0.7953963415803615,0.4388707018827313,0.5288228164366097,0.2299273619520975,0.33750134890916,0.4125091569263917,0.3012129102816959,0.21094363876971506
SAMPLE_04073,0.8022350117926746,0.01668393555749596,0.027284950193836928,0.06716652317337736,0.5115056805264362,0.12265196164127275,0.0448760739063429,0.23612488964921655
SAMPLE_04074,0.4341103604508852,0.3587621520146959,0.38063616848882587,0.23583790666238846,0.6459251494428419,0.23189984901056732,0.4590921526029857,0.660030248548453
SAMPLE_04075,0.8495913418095267,0.29018984029462924,0.2564756815336592,0.30921474214007105,0.37973923455718983,0.34182668818017176,0.4214910416576949,0.34445776297949443
SAMPLE_04076,0.5989569474601412,0.22718036215531412,0.14657084922608882,0.16541516925609542,0.7705994824119915,0.21376145578706626,0.3471167203004377,0.89862119236531
SAMPLE_04077,0.7914161710188761,0.3641917872497702,0.455253319449022,0.3453155919541597,0.6737757659524558,0.435074418858285,0.5087430597734983,0.7560238511534253
SAMPLE_04078,0.3162214252664957,0.44432692580747857,0.37187010608630033,1.0,0.12488272098924337,0.07913453501157808,0.026093180275440494,0.06247539956375804
SAMPLE_04079,0.23718288807605134,0.4834548829386586,0.4104686221119791,1.0,0.27385737304610647,0.24548932090631656,0.32062731519870924,0.8908398453536224
SAMPLE_04080,0.5736767699793004,0.5909971173571961,0.6831625147692189,0.031905545501473294,0.4376101976549899,0.14591671592186264,0.2959737789046409,0.7055107284594939
SAMPLE_04081,1.0,0.8374282612951507,0.8431109443797238,0.8761286632613536,1.0,1.0,1.0,1.0
SAMPLE_04082,0.8357577580310156,0.5192316450071977,0.6210848112143412,0.20215830162130108,0.7138117217618878,0.19654516729306237,0.684769782019634,0.8327479374189208
SAMPLE_04083,0.8447570369792262,0.07962175464510537,0.09509493864275617,0.16439024869536742,0.6021064898656522,0.2550279150582794,0.1268176870236641,0.31682867790437674
SAMPLE_04084,0.7956956289250874,0.696321029927458,0.8939515092314496,0.11178426153637383,0.8698384832644015,0.1560570339840742,0.647159800055584,0.9347124857996001
SAMPLE_04085,1.0,0.659100921970389,0.3508234830980868,0.8781546125924602,1.0,1.0,1.0,1.0
SAMPLE_04086,0.848923608560333,0.012778707392588538,0.05693741204847681,0.2489551148909543,0.16164365654976923,0.1688222855568834,0.05868010882782166,0.1348118741798618
SAMPLE_04087,0.72400040798074,0.5093349393167453,0.5138167824337241,0.26258525722944653,0.3898918142669062,0.3288485675581237,0.5799884882147079,0.7010829352225502
SAMPLE_04088,0.5263246090794955,0.8354670689509928,0.921548187492756,0.08379138471969608,0.7369910658670857,0.3897859547645743,0.48419102902081096,0.8865839028138961
SAMPLE_04089,0.6727354337562044,0.6392575755678696,0.8584473517267172,0.11781824178868583,0.7983225007885781,0.3537025593071299,0.49128641846221077,0.8977844500117171
SAMPLE_04090,0.732177606717517,0.36898135634824414,0.5141272371749185,0.2626588961250722,0.7799296212869443,0.38647158239856655,0.4664786650834091,0.9434911674554478
SAMPLE_04091,0.295384277623113,0.42155749993250313,0.41536380474359397,1.0,0.1903482228913949,0.26731645445731034,0.16168921849485193,0.3944036089022339
SAMPLE_04092,0.8620919366728754,0.1359607591263235,0.20225672500778574,0.31491120330240124,0.5585045065721962,0.31730832485806687,0.14967285753986692,0.3498111094793178
SAMPLE_04093,0.30314218284547667,0.234989915101776,0.12868636464220426,0.19647965737123052,0.5599636943065872,0.3262939624120933,0.27139698205889873,0.8483504579166048
SAMPLE_04094,0.5087244123392548,0.3276208388086336,0.46500569518350526,0.10348609873414878,0.6661865037694736,0.093653196781077,0.36611516218331513,0.8572058909996472
SAMPLE_04095,0.5648685569399955,0.910497350326166,0.9037244787442218,1.0,0.07190888722750553,0.09931389278003097,0.3517162261453221,0.1796865853147345
SAMPLE_04096,0.9265930763939109,0.1824022067771944,0.2453313156405491,0.21332634273652162,0.044037836288745746,0.28287837077958067,0.18086604455737648,0.042179547056623606
SAMPLE_04097,0.4887308971656622,0.38158660557728263,0.4932015200526991,0.09209396546547208,0.7007998401380504,0.17498101679802489,0.2821177550391718,0.7792716348658102
SAMPLE_04098,0.5666247438828593,0.5674901367271461,0.6805357219036829,0.35607667571003393,0.6031425875298458,0.3284787498565913,0.4507683240563345,0.7013468444334254
SAMPLE_04099,0.7603010377680558,0.26877066502125585,0.3857857705565645,0.22371210508350606,0.657411660807647,0.31498262410835054,0.415570059497542,0.7164430353987795
SAMPLE_04100,0.859591957953274,0.9025284629544761,0.9035503688405262,0.2897461556354084,0.8105628276625703,0.5184051883967492,0.8673867550195217,0.7550035106459553
SAMPLE_04101,0.4487847280250584,0.5939668008694367,0.6403281742496483,1.0,0.15802710934933575,0.17177739384881313,0.5485898988534779,0.5663157167975974
SAMPLE_04102,0.775749998738942,0.08141499650823329,0.1644392178866685,0.2154827904253703,0.6033305570630993,0.3907485767846179,0.12471049282586709,0.43224897162982384
SAMPLE_04103,0.38262367410802933,0.17683904280387291,0.18357774122476128,1.0,0.1345799253998204,0.09146805666243993,0.08929788568810625,0.2621989314517506
SAMPLE_04104,0.7560649916400789,0.6574515424310098,0.8595513630903717,0.03206706162615619,0.7126530341289505,0.1363584019307596,0.647709200476277,0.8926246525467293
SAMPLE_04105,0.9004260917976767,0.06881144194748973,0.07286749281670696,0.19454182241550794,0.04207598530254161,0.2716817225253276,0.06799787222084057,0.056229965767728256
SAMPLE_04106,0.8210866259136286,0.16016046323670602,0.19773240036781448,0.2834183897181133,0.24326761568261293,0.3418587067831344,0.3299297428795697,0.2120945383609764
SAMPLE_04107,0.7746110767539212,0.23611601957905237,0.31401999920339563,0.02606468098350399,0.46779813024702066,0.07400876014384251,0.44496382479355195,0.9531843942469054
SAMPLE_04108,0.3328372879556466,0.8323462381246257,0.762881554395662,1.0,0.29583950462348785,0.24113841476148218,0.14490755503122105,0.8112681163558388
SAMPLE_04109,0.37441229488686517,0.7269799894634386,0.7040243233059804,1.0,0.08977924361437294,0.2053138677061936,0.15575186426709295,0.34513205517191314
SAMPLE_04110,0.550065334975615,0.5847234514774615,0.6466639362273627,1.0,0.048336815313709834,0.15464860462170268,0.270806664848362,0.05414602268228888
SAMPLE_04111,0.21768078558252346,0.4886565859114683,0.45287667506139995,0.18297013260675807,0.14433151417048692,0.18089543473757805,0.18340009899131093,0.7432392005733751
SAMPLE_04112,0.8345880880545591,0.3344579173617598,0.29887952258573613,0.1342882390428728,0.04792043816474401,0.2961387688333643,0.27170798476627955,0.029497935791452747
SAMPLE_04113,0.8145892024002848,0.24686425671607337,0.3747101310334318,0.3281621613579769,0.7408572236339217,0.36364987354755895,0.36022984854174,0.867495401929189
SAMPLE_04114,0.8584250256202096,0.05416476052440127,0.04401078215844241,0.1979033498434697,0.11482084734675743,0.22635444166152693,0.27702352249967455,0.1469595526043883
SAMPLE_04115,0.49276224406738367,0.4836669004446401,0.3850473087672571,0.11020065235615592,0.16712867513315605,0.10371689551800693,0.2646497388800064,0.27486464066951505
SAMPLE_04116,0.8057545319681976,0.5561547541390094,0.5611006813983268,0.3676345659970668,0.5425182668463466,0.46451740550520854,0.6847195961030053,0.9296523596030968
SAMPLE_04117,0.8244233273369068,0.24213465615450258,0.1361614837089707,0.07121441941029959,0.1283091625748494,0.16155966853078912,0.1298940546657444,0.33815037704004813
SAMPLE_04118,0.8019188662135224,0.050605400963350214,0.03546470841795983,0.3263925225137787,0.898110346436441,0.4195320520451905,0.34759792742843576,0.8125691543425472
SAMPLE_04119,0.8204214595565953,0.08192983156143933,0.11891329969202279,0.11954214045275588,0.45410327878764045,0.23462130543627097,0.09336365789158411,0.2630327168684673
SAMPLE_04120,0.7012377511340433,0.258243399069017,0.26415381742099425,0.3008301653342897,0.7243033043613518,0.37668358977739247,0.4543870597710958,0.6231738624376045
SAMPLE_04121,0.7672402564649086,0.31453538415938775,0.51952632454498,0.2900257451907192,0.2956065348924097,0.30709201145106213,0.5567115775321525,0.3848636247642772
SAMPLE_04122,0.539883536877499,0.4694553203426958,0.5954650203896059,0.12236604896543071,0.43470478753830954,0.2271186690156349,0.2007833412297719,0.783342100938768
SAMPLE_04123,0.7649066552763115,0.25974012663776674,0.4195795300065883,0.3605910550568365,0.4676505806740319,0.4534675768579723,0.5940211228803117,0.6743668294319877
SAMPLE_04124,0.7850846445200934,0.1429554206123123,0.10305958207390006,0.11642523763614328,0.16983180448979504,0.23557056563349835,0.26316315317415107,0.18405417608382685
SAMPLE_04125,0.559560178325203,0.3033190779371361,0.4421282159200345,0.08278767976737093,0.47547977418355053,0.3031155603816171,0.2240964928307766,0.9527721369558728
SAMPLE_04126,0.7825800005419633,0.02194746745741651,0.02136135163610902,0.15153201969767383,0.5536829137334327,0.14950124870870804,0.05868871898366427,0.39200800201023334
SAMPLE_04127,0.8652583595662193,0.30753516080267773,0.38761326817600805,0.22804449295033818,0.17687577095013268,0.21205363483786444,0.23945490336548128,0.21620049035997488
SAMPLE_04128,0.7795980652029344,0.8509650686669981,0.9162139750176186,0.23945420702011097,0.9024104895188276,0.406038181627588,0.5806409171036246,0.8811770645672692
SAMPLE_04129,0.8784243818460085,0.3915992037580641,0.6184226811731921,0.3082810426149263,0.2788083431593863,0.26154676183850595,0.5041683275808866,0.32037305827164425
SAMPLE_04130,0.849256505828042,0.45899183558713713,0.4616863172470617,0.39065592093533164,0.7192452895099448,0.5555870307199986,0.6245054176469349,0.5821887079389563
SAMPLE_04131,0.7425613745954476,0.5658916872337669,0.678204885272079,0.2417795156054475,0.5393151954613297,0.30357828406892884,0.377438944851824,0.9390355948449134
SAMPLE_04132,0.5935340752863079,0.5533072404340469,0.590049838876822,0.12445245912374846,0.332682211825278,0.14784764490466293,0.290572173824781,0.8510473201945495
SAMPLE_04133,0.08327988629870157,0.11772261525264513,0.07843114786539644,1.0,0.09076167142434102,0.10381886723687003,0.03513820401857433,0.7995497532628879
SAMPLE_04134,0.9094263650803989,0.045158773095058016,0.02506989599928452,0.14057135964659787,0.4787976822996405,0.19636585375765425,0.14995986350778834,0.21716584145009019
SAMPLE_04135,0.8494252526288779,0.2286791372219572,0.34270630396995677,0.2523624939016695,0.2110577482712816,0.20134611060012034,0.3209837453868722,0.2562343591716193
SAMPLE_04136,0.3768592537391839,0.59196796338738,0.5822417749053719,1.0,0.03813954918700566,0.06431156055529616,0.24391895678813008,0.6732722453218167
SAMPLE_04137,0.5380147082364879,0.6265472655231866,0.6343810730262105,0.07490730760555454,0.24046614691712637,0.13250002483787926,0.4690145368638248,0.31006190551380214
SAMPLE_04138,1.0,0.6734606759966935,0.6157552555885475,0.8821573661554496,1.0,1.0,1.0,1.0
SAMPLE_04139,0.8864259973662054,0.049664929965606314,0.09136157382984841,0.2802068877235177,0.4457291895660828,0.25612548029375115,0.12242331475240394,0.345899260241347
SAMPLE_04140,0.7548823535654045,0.23700071917709037,0.4046902382430718,0.1040139533681556,0.44847640707433456,0.13853558426008217,0.2114008300061817,0.928336965541602
SAMPLE_04141,0.8054146966378015,0.2713986018684517,0.19476679779016623,0.17231431713191797,0.15037287486176437,0.24788923768712137,0.16158714149773418,0.18786843318161237
SAMPLE_04142,0.7650709277823196,0.07312783441067669,0.15430962570967066,0.25481996066895785,0.651097512893645,0.224547254990901,0.30973293116986134,0.8723521496893234
SAMPLE_04143,0.8234203164578262,0.1425199758190167,0.2197460064342394,0.13114452524823292,0.44937883993453875,0.3356299045555104,0.2518275776014028,0.33397655405309484
SAMPLE_04144,0.8782591621074782,0.03437814306916395,0.027911024532585264,0.14032355068929597,0.0767874316163413,0.2578489216035451,0.11423630689075023,0.08527503288560997
SAMPLE_04145,0.864591931632853,0.42142294823675985,0.4889935968046022,0.22368122047436612,0.2873495007681392,0.4036886614628661,0.519521788055558,0.3345965893399903
SAMPLE_04146,0.8245898526718918,0.4080609740165847,0.5298053161848559,0.3166959719842077,0.8080777430197593,0.3352912184070925,0.5814521036184559,0.7080009932223683
SAMPLE_04147,0.2092059666846908,0.1657775438657219,0.10801125924870608,1.0,0.03510208602354082,0.00812393739010684,0.05259263788540797,0.04554380371371427
SAMPLE_04148,0.9052594557395248,0.27419940442629015,0.30476336894552447,0.24020987850546077,0.27200255322896794,0.36351859453613455,0.400732438986461,0.3096924149172675
SAMPLE_04149,0.46720108471656896,0.20061964544136487,0.308122220135024,0.04939903962816852,0.24532561377879242,0.07800550069471165,0.33025422904710333,0.926278638269087
SAMPLE_04150,0.41859163305751607,0.7360904319702519,0.7046853387323364,1.0,0.12593982133543596,0.046794197378224794,0.1555243018630007,0.1445467876661278
SAMPLE_04151,0.910259698268314,0.021821964026356083,0.04937362008293297,0.138294678645286,0.4173177835672614,0.10932708059074364,0.06550381819538831,0.2550980220300691
SAMPLE_04152,0.3596582092891675,0.3352062234206238,0.2552363792916219,1.0,0.15196833793289524,0.19129596099160093,0.2439371645317151,0.5199290310428633
SAMPLE_04153,0.3150387941404169,0.2108166172536214,0.2333818324958885,1.0,0.16844719990238635,0.12220694851697884,0.17847111199333332,0.23905681610901383
SAMPLE_04154,0.8982586291667749,0.13203096559436972,0.17436625624232324,0.1358034672256062,0.11274292420201755,0.16540520611476775,0.29580866418126694,0.17788587462337624
SAMPLE_04155,0.6265486725371683,0.31396513908251444,0.358296368349307,0.12781366841614175,0.5069991098750356,0.12035101493919935,0.22465820689510985,0.9545035083474115
SAMPLE_04156,0.7813575344904087,0.17570146694163022,0.19267206386839208,0.20484622832830457,0.24571089419910083,0.2464336157811301,0.3467988627047093,0.5440180482537346
SAMPLE_04157,0.48202326023858255,0.3325402412360995,0.38549221086482344,1.0,0.04121017926659347,0.05831413918886536,0.0906414551818321,0.1827594264136171
SAMPLE_04158,0.7928558833381029,0.6500033483514802,0.7794624373162558,0.06323374650576838,0.7336632352853232,0.13118643457683088,0.44316872823770453,0.9666416424028934
SAMPLE_04159,0.5451276196948862,0.8759518668943342,0.9062434709055183,1.0,0.047633971605231085,0.20232507054685986,0.6073020316978164,0.908783724161397
SAMPLE_04160,0.8592581516831753,0.011471674692651711,0.039176075391864046,0.05500181831506271,0.386754581345852,0.14534241740036655,0.044270093856811375,0.2007311712825911
SAMPLE_04161,0.637940059599588,0.26630577081363016,0.4430026997583563,0.13187695791311546,0.5069655889471228,0.14024667557000337,0.36064903179948543,0.7971545150884602
SAMPLE_04162,0.19766624355427595,0.2122038238383338,0.26800598891027716,0.0667635259752978,0.4345567148405408,0.05848013422558135,0.1059600608460709,0.7900807622946213
SAMPLE_04163,0.7333653176756056,0.6156485491594512,0.6432337618898779,0.3391633161679192,0.9078698289139759,0.484135771461605,0.7758681770713041,0.8893175237806875
SAMPLE_04164,0.0945167191969856,0.23463726703970245,0.2754223437335017,1.0,0.023858954215635587,0.05348371027704299,0.02125341046366815,0.11451463338219779
SAMPLE_04165,0.8081872987599363,0.8897339067044805,0.8506825034283034,0.08315965117329088,0.7471086967785949,0.19567056776802463,0.40262207807646505,0.9091920061175991
SAMPLE_04166,0.48221589750455585,0.48496099727061814,0.43749464287175177,0.1397161472133083,0.3041584025289757,0.2486407802364597,0.5767500397049925,0.5068200037483398
SAMPLE_04167,0.5745962108088855,0.4691175809942525,0.5901142012093648,0.11449189501362432,0.3776960140272233,0.2548046970876384,0.525044903515299,0.8060250765666089
SAMPLE_04168,0.5969207681618428,0.5661865262053011,0.8590644591630614,0.11861766001383228,0.3103896547623562,0.16622028375115264,0.6509773674965629,0.8505541113446022
SAMPLE_04169,0.9267597298332833,0.29965722923039445,0.19869308746374137,0.20564237339135855,0.3563950316706678,0.35994872809133055,0.27152031127724285,0.3378171912747542
SAMPLE_04170,0.544701015122107,0.6596002679896869,0.7007836287630962,1.0,0.12253146817159616,0.07613505011328375,0.14569631073090697,0.17627460561271058
SAMPLE_04171,0.7522120940581891,0.5407079559288658,0.42752038813929016,0.3478788948645169,0.308891931957206,0.5075754116036433,0.3770425005316795,0.7773540774390693
SAMPLE_04172,0.8419225543030027,0.290859939351496,0.43188804740233144,0.2072526114895216,0.5190539831356826,0.4099617729302252,0.3450712595028367,0.288421230574202
SAMPLE_04173,0.8920927784259567,0.33155237143253924,0.5811752959248289,0.46982420719408136,0.5915254071460727,0.5358206994087229,0.5723054070654746,0.5421229390130038
SAMPLE_04174,0.46652423292739525,0.6473456239958031,0.5275395977973304,1.0,0.06363042926565254,0.17841004964352594,0.12860798007243313,0.24347882311232166
SAMPLE_04175,0.5746871417778212,0.46315595236087703,0.36135338452662613,0.10106706126698176,0.4317398595671331,0.08988490023323388,0.2776140768587068,0.9502394936234075
SAMPLE_04176,0.8799249193671361,0.40692830963714294,0.40776621772346244,0.3289080596069294,0.45088294331989764,0.4075451158560661,0.5826856260621296,0.5258271144800251
SAMPLE_04177,0.09131504915734505,0.3187857292111933,0.14231746281059715,0.05141339994878896,0.25412865321395783,0.052967877890078535,0.18187435595634466,0.9762361657450966
SAMPLE_04178,0.8022283202226069,0.28662763938479163,0.37569086738438895,0.37047479077434514,0.6959623906136911,0.5733645508856319,0.5172098062443785,0.9196436564842059
SAMPLE_04179,0.7597194850762685,0.05289023598777952,0.04599580856748839,0.2833491797692397,0.9234462868493216,0.26250254508536736,0.16468951825639017,0.8677491897551068
SAMPLE_04180,1.0,0.6825718911049174,0.42716980133984694,0.8824448972749546,1.0,1.0,1.0,1.0
SAMPLE_04181,0.6239839248452077,0.29062188204313694,0.37561887563287766,0.13554007132757323,0.426387994498651,0.1662484508815941,0.2826849630713666,0.7712853730577467
SAMPLE_04182,0.7799169112910835,0.33202798298804365,0.3294003566186106,0.2622376537785976,0.3223628743250335,0.3373513711173679,0.6516057891517766,0.49781071501286683
SAMPLE_04183,0.564766601950599,0.6053002934145257,0.557658958993307,1.0,0.15444702137739977,0.02480361622899184,0.028855885731360307,0.08212891336780431
SAMPLE_04184,0.9022595729249032,0.06937814594509667,0.27492028472290375,0.23914624596823078,0.1743758606188258,0.19777361465149768,0.33490437995891076,0.1692980120652892
SAMPLE_04185,0.9124263859978565,0.08714857238088788,0.346035389951841,0.14561958929312616,0.25914756892894214,0.21752658972656425,0.31045904852750167,0.21128970508771833
SAMPLE_04186,0.04443438678810706,0.5174471539463626,0.5037481001558527,1.0,0.03522953789915199,0.06266295498401366,0.14326640916419653,0.11391984572974913
SAMPLE_04187,0.49458442183402357,0.29757752396956627,0.20698554980633505,0.10270973842223112,0.429812566430404,0.10652268889941312,0.5625024294164823,0.9278263590335827
SAMPLE_04188,0.6389723299354407,0.6399483970215045,0.6480010826898412,0.04640267844554147,0.4456140805842023,0.08453202028383845,0.33580099006570907,0.9739722010928162
SAMPLE_04189,0.5733929000141753,0.422592187201731,0.4032848328495721,0.11511277302718678,0.6453556774990602,0.19264374150176836,0.3310949678654118,0.9555160541547572
SAMPLE_04190,0.9150926316304002,0.09876413573519732,0.161533187910246,0.2109566061593619,0.09815943409358242,0.28743988370709905,0.362790621426749,0.15051726247413713
SAMPLE_04191,0.8034073222099967,0.21284188929848663,0.26610263215373153,0.2891354969110214,0.15892292259455212,0.377709464982094,0.17729834285224869,0.32649933811310994
SAMPLE_04192,0.8020810320533307,0.11174986662941769,0.12634933146830088,0.21566246666505876,0.17663741156580628,0.2435226602040655,0.26706039158866135,0.3000812792110929
SAMPLE_04193,0.7672069371438544,0.6986360616365592,0.7872033507795728,0.19749835090221204,0.6022047601566095,0.33318849855172783,0.48938220407842203,0.5756367256114001
SAMPLE_04194,0.31824687885311254,0.13693021933765667,0.08977204233958579,0.06325800397167441,0.19545545696312605,0.08787101265456818,0.17729591481109508,0.11920399361929976
SAMPLE_04195,0.86059187239964,0.21271838268783116,0.3683327570708229,0.32544895017774084,0.16470018102489759,0.2519775663752678,0.3058904527277838,0.40486237380785683
SAMPLE_04196,0.6962315458808227,0.16716618618705253,0.2412956612867525,0.3310851987410047,0.4816518706807145,0.4027889454578795,0.4320724240062924,0.8398729915511889
SAMPLE_04197,0.902092774830803,0.13232959149135223,0.1683901557244714,0.1672063845973922,0.1499416497586018,0.38478791607026536,0.134065530326736,0.19199272313278648
SAMPLE_04198,0.7724027786256513,0.1954489395568471,0.18715209035685226,0.10408904430644388,0.46973747521927345,0.3053264864438784,0.20796751813928527,0.4563463525555922
SAMPLE_04199,0.7567008265167767,0.5979652171256649,0.5963334985493645,0.2843991427240106,0.3715708054902701,0.40255690536038236,0.45180949489720634,0.37828485078408447
SAMPLE_04200,0.10317348516389523,0.6372425032628899,0.5061856245972778,1.0,0.050699075860457056,0.052976105157960064,0.4627786970402683,0.2843027628997995
SAMPLE_04201,0.8764249280312539,0.03276743274598664,0.018331593628772624,0.07749150730744807,0.05618296436102686,0.13330037963664979,0.057665243025577524,0.017362669322727255
SAMPLE_04202,0.818240482971976,0.43002116782043703,0.5333597768485676,0.40512001420200655,0.1927150706327409,0.4037650939290085,0.501250267650443,0.14795691737654298
SAMPLE_04203,0.890591765546552,0.2627168417920358,0.35949463580166585,0.1573696226090126,0.2519574951469735,0.22262897927287845,0.4063754635786867,0.3751045852694386
SAMPLE_04204,0.9159263953899129,0.5288738820910774,0.6131230330410784,0.20557734759605445,0.15714557729392903,0.3753770213172908,0.37656854604661727,0.1648352072511027
SAMPLE_04205,0.8559250331890117,0.2772661733315633,0.4653689705027447,0.11457724160280143,0.3149848424393025,0.2534087279600607,0.3887357248293562,0.44165199788389914
SAMPLE_04206,0.702018374164464,0.3628698030788312,0.3570631198947765,0.3059713955474243,0.8167858123837226,0.32523799179432583,0.2857648502679166,0.879477311051267
SAMPLE_04207,0.5153584532236203,0.7742613140812531,0.7202280006463575,1.0,0.15961704746704763,0.02462699577533543,0.4066701769819803,0.2701772190706629
SAMPLE_04208,0.59312542748273,0.20718133121182739,0.20211597454654506,0.09162717892828963,0.23112043714784544,0.09939730249053048,0.13982181673190963,0.20721010288444025
SAMPLE_04209,0.8119163973365464,0.3300328335441568,0.2224476012729643,0.16081314721716639,0.4150932742931156,0.27176811549783353,0.2799633724375131,0.33261205238750396
SAMPLE_04210,0.3667037261365019,0.20093177557244837,0.15584122751451923,0.10233790990614688,0.30514747970362277,0.15864350755118814,0.221430162991063,0.898561236281503
SAMPLE_04211,0.8490916959341319,0.34496762284811233,0.4611320743825611,0.10660930000361313,0.1869435795930834,0.12239976310093573,0.07350447433574667,0.06047470809643208
SAMPLE_04212,0.7199625627055705,0.25502334795709136,0.2838861689060695,0.3849202386792631,0.8787284373171926,0.3702671101624099,0.29999203536877633,0.841201303516256
SAMPLE_04213,0.9092597437231672,0.24330485083342107,0.16912665157384732,0.1840331008832408,0.19018843319551237,0.2936966663375008,0.16387247515623934,0.09731740963719251
SAMPLE_04214,0.3777011688510017,0.6160094168814022,0.4855851259308659,1.0,0.14294823075048435,0.2329201717398726,0.1831225861999334,0.2531544708865093
SAMPLE_04215,0.7288892292777145,0.4410318836648228,0.4679677244666692,0.3683614948099375,0.7388520388232707,0.42757096285885704,0.4077493762123735,0.9555271925947653
SAMPLE_04216,0.833422058865556,0.3368732497050252,0.4668099221097823,0.35179548856590676,0.17571669101353238,0.3340069068659103,0.459558566063198,0.16760802073997
SAMPLE_04217,0.2996969012954115,0.6060419664119182,0.6762668804192395,1.0,0.14222899826923024,0.08351652021066917,0.5945241923326161,0.22885352276800391
SAMPLE_04218,0.7191777389098108,0.16362326608843555,0.366875348122794,0.2548834876942659,0.6759710257626963,0.324304952666187,0.5964141255252804,0.8790229719560333
SAMPLE_04219,0.02267124419267974,0.12938842627079783,0.07961429638961495,1.0,0.043425818370127024,0.13516266526152662,0.024861651124426305,0.8747722988089439
SAMPLE_04220,0.8344219261474833,0.552318173984343,0.76042801117268,0.28195965856650756,0.2927487334852906,0.30359931750099634,0.5368501014215554,0.4871603960826464
SAMPLE_04221,0.15827158941651856,0.2521998939576965,0.2801097014750964,1.0,0.04075465224393573,0.15751931788500184,0.057687319632110476,0.10191384481652357
SAMPLE_04222,0.7527637309689392,0.10101518800590986,0.09617551132211907,0.37308041515074253,0.5825070028910715,0.5036086551764877,0.4407677824458083,0.8455381839100289
SAMPLE_04223,0.16353715746473993,0.26995603276796126,0.25249227112807343,0.24927225260676505,0.23427995983645944,0.26504506284826784,0.12973681530279224,0.8410495534472247
SAMPLE_04224,0.7472764852073335,0.2696399159308572,0.380487002048311,0.2766506398780959,0.46966891961121293,0.35092830718309254,0.2762580320253383,0.6836589649157077
SAMPLE_04225,0.8092446654298673,0.20834120042311366,0.2845853799067366,0.1357836426402605,0.1431058762943083,0.16290388690264437,0.1941208953142755,0.11267015935418834
SAMPLE_04226,0.7679744634328152,0.13523731110326143,0.1763864623988179,0.21357162956486764,0.20686959180638848,0.32726404637379425,0.31295238658951696,0.1519891181576514
SAMPLE_04227,0.8942596286834723,0.035730601038834374,0.12987243550305527,0.1604368844854845,0.11665071199584934,0.1163496608990491,0.10018408341961103,0.08919017805433443
SAMPLE_04228,0.4852254346340647,0.11443881533351839,0.21558942466849068,1.0,0.3274190485680492,0.20118240780603328,0.08541550171696463,0.21378809534688437
SAMPLE_04229,0.7809088891807183,0.3071757136071985,0.3324060892562092,0.3268159895685464,0.3047170289749737,0.3875346354171143,0.19781301752091437,0.5657026965434362
SAMPLE_04230,0.4781645321807291,0.5714710005478421,0.5683710771965627,0.12051126108773384,0.6600526596835896,0.23297198687532253,0.4024773974411893,0.7922650579623657
SAMPLE_04231,0.45858308521334595,0.2338966172828303,0.37322978853976263,0.09443643888929878,0.12318124066085324,0.16560032189514248,0.19037356535436817,0.02945144561921735
SAMPLE_04232,0.5767177345587817,0.38994811490812875,0.5575550902509911,0.10001447052418781,0.28738141924097876,0.23630478433414556,0.22306022427809585,0.9524903438536041
SAMPLE_04233,0.8089209967747382,0.13928416995752066,0.12188922396931359,0.3285773146287188,0.34092413933593096,0.3640055250630873,0.2010694951562136,0.32236526622380224
SAMPLE_04234,0.8187509143850505,0.5119131396634581,0.43405764273314945,0.3362077473840752,0.35104330222334645,0.39132576736716795,0.3112198767354412,0.6589953225269147
SAMPLE_04235,0.9050924120678214,0.03184851549194763,0.0822554789978725,0.17517638124877316,0.5268431025071922,0.16164809692061075,0.11555519175007371,0.39399319515606257
SAMPLE_04236,0.2736604453615412,0.3395462743295631,0.2806813811545693,1.0,0.09408726733190319,0.12202423133367343,0.024193182382228416,0.05165552410358191
SAMPLE_04237,0.7977510769941745,0.024660800952424938,0.021651043678866076,0.26913723259851824,0.1707864870779306,0.20484700270098977,0.06940213703181085,0.0197473743444905
SAMPLE_04238,0.308720681778903,0.4141378416691384,0.47708213184383186,1.0,0.4314902915003366,0.2455368975271158,0.21949986459707035,0.7227863148866078
SAMPLE_04239,0.9262597049578072,0.9518939484297407,0.9029634627433428,0.28465388268801206,0.6578150224231555,0.6769318087547901,0.8659262995040773,0.7035250213100418
SAMPLE_04240,0.07351020360992704,0.5558251214069166,0.6963111329134799,1.0,0.01938594388138611,0.04845971539611266,0.4686333610469022,0.42541817118524106
SAMPLE_04241,0.796236094138896,0.34374890998408186,0.38193747129636796,0.2936750829990155,0.21344648340729583,0.2990540877725031,0.3474476583443838,0.10071159612831178
SAMPLE_04242,0.44852765636616215,0.6465654928807897,0.6634198746575244,0.13265218059520822,0.34392912305628665,0.18877251986823002,0.5312134325743663,0.8692395462373004
SAMPLE_04243,0.7092239440912915,0.1686692584823473,0.2903308640977782,0.36059033452277334,0.3613355809980482,0.4282218918521415,0.3980370416881997,0.8046294959316689
SAMPLE_04244,0.8459249076994564,0.4561272254955395,0.17428243808477245,0.1791663656072144,0.07345824119393343,0.2418744385211323,0.22300103352566497,0.09844543747497125
SAMPLE_04245,0.8899260101241206,0.04803230795868588,0.06307866999227872,0.07901592718376285,0.04398308725555187,0.28315470624591593,0.11321666376602124,0.11320596033407063
SAMPLE_04246,0.248422011752373,0.39950618628833706,0.4911557485259038,1.0,0.24135211547871083,0.22377095939217284,0.00738019380558129,0.02133206311515084
SAMPLE_04247,0.3662007733960698,0.0819937125679349,0.09127064832726153,0.13337447294821717,0.2810061971254748,0.13742358755893075,0.2659200499206985,0.916966207269201
SAMPLE_04248,0.4322617052668351,0.43896886234955484,0.5113479483944106,0.2662746035354081,0.586835975974895,0.3898632264930191,0.28462972523381924,0.8594205645416609
SAMPLE_04249,0.4276757254362775,0.3859812789292388,0.47169127305221836,0.16595439740049575,0.1509183719990666,0.10722988798802903,0.21623215064519674,0.1806991122125266
SAMPLE_04250,0.2609507606017284,0.1664780126911788,0.09924458176457905,1.0,0.05074723287429378,0.07046757957687949,0.01631595415250726,0.03218816245162574
SAMPLE_04251,0.6294653195830524,0.5090398716749138,0.36565116205615417,1.0,0.23969648311874414,0.15842267107421398,0.09789023331289856,0.1917658515035683
SAMPLE_04252,0.7372161065101965,0.08407527247764471,0.1067530854413917,0.09476372723290571,0.37963322018359286,0.22579842618844392,0.1953604779249163,0.13156939514857952
SAMPLE_04253,0.15424290963420798,0.4224648960085615,0.44142776129843597,1.0,0.06847130537100092,0.06535113363021514,0.14343799473275842,0.19405081535405103
SAMPLE_04254,0.9125929140038932,0.3294099312517307,0.33573714723572257,0.2686357422557584,0.373132927929473,0.5397392260426481,0.6932765768885147,0.37794330192747516
SAMPLE_04255,0.5139230142509712,0.5551631248139371,0.5851601202086585,0.05658887174025087,0.3647046745068536,0.20460918021028446,0.26281220036879527,0.8871450484617998
SAMPLE_04256,0.8969257854370236,0.10865938676256709,0.4670764223738969,0.1392598984275865,0.25286059130613886,0.21546363023871498,0.13491921925996597,0.30605727192300236
SAMPLE_04257,0.7777499916301134,0.682149978835536,0.5967732379209403,0.04492036758650651,0.4873666879017308,0.060168172382856606,0.5972105716406695,0.8387907055536261
SAMPLE_04258,0.8272549152805981,0.2469493812707011,0.28841600844846915,0.21410040836898925,0.8880608071730178,0.40452076280937943,0.27000442324531315,0.7992970895883668
SAMPLE_04259,0.8402569579175743,0.22375070338836373,0.30771136457072823,0.33753445642446817,0.6344261420696512,0.45958559853059777,0.45590716711775353,0.9446145776934631
SAMPLE_04260,0.9050921566692155,0.0032645314292453556,0.006770013218438847,0.0636637910105631,0.08483815420254515,0.148157766308832,0.04193291276117788,0.04877924822880539
SAMPLE_04261,0.02916412051201218,0.17554559273615258,0.16703521237794547,1.0,0.040955043230393964,0.04347974474831165,0.017540477563514827,0.03231931946886199
SAMPLE_04262,0.7869135126625945,0.49141471386235636,0.6399095133570118,0.2599752724300026,0.5132532905909665,0.33939790894513555,0.29457742554333877,0.32941131040890226
SAMPLE_04263,0.8922590633383003,0.1562552668565545,0.2563670527896559,0.23746181701637364,0.4490802249960384,0.5736474702719644,0.5183129057574642,0.39579390230223355
SAMPLE_04264,0.27560693412954185,0.6083367089377132,0.5015847952074233,0.1263040025808781,0.2736066356519558,0.15993984845570344,0.11287452157692238,0.9482683876827063
SAMPLE_04265,0.8449251046359274,0.8747747797392202,0.8737160600051472,0.2823310219988686,0.7005374860616893,0.44046830264724685,0.8714416377066005,0.7468451930491335
SAMPLE_04266,0.8235898306888778,0.1513341763841184,0.10184137032560289,0.1742267571239436,0.38570036144822956,0.30264783303733855,0.1409195503014412,0.7825223939045916
SAMPLE_04267,0.5318264673225941,0.08262125124863345,0.11574928680716434,0.1627514412208089,0.4802739193162793,0.20008553616354013,0.2324677978884459,0.9693995543662259
SAMPLE_04268,0.22405604845254967,0.35761667030593836,0.37924374009128636,0.11418956140227263,0.19168971581425523,0.08484515009248779,0.12376989613864053,0.8470989539824869
SAMPLE_04269,0.23789333533523796,0.43331014363699727,0.4145783833920965,0.0694239812751658,0.1725721735667921,0.23444906922666223,0.22042527764718636,0.22278896994040814
SAMPLE_04270,0.8234172272676514,0.25042396317519966,0.28595279731628004,0.22657434500451296,0.06178504744047901,0.24324526800911173,0.32279858514712634,0.12041799328783584
SAMPLE_04271,0.7783742480067192,0.7107482838272355,0.6752530463424602,0.08842481262668687,0.3879791259621003,0.32560165744650027,0.6262241868690539,0.8832585291299601
SAMPLE_04272,0.801387230992652,0.05613228982401854,0.1942956500341417,0.2178258163892668,0.4445158727959271,0.3236532002460673,0.2615843361595538,0.3451715599597459
SAMPLE_04273,1.0,0.3776222902420141,0.23973139127165846,0.8860810170311914,1.0,1.0,1.0,1.0
SAMPLE_04274,0.5507348229054881,0.558225791303271,0.45227164559618716,0.17678279268431626,0.3968298990758001,0.21197010323090698,0.37940912866048354,0.9230390267618129
SAMPLE_04275,0.9052592439380667,0.04101537323197067,0.03651667034780152,0.1789919325890058,0.04826414075972232,0.27047673978741943,0.03905324564997249,0.05218428842751103
SAMPLE_04276,0.843422918902473,0.12588889805308617,0.115011424236214,0.12803903403848005,0.10616531943039953,0.23953089356905252,0.1660947382302142,0.0720398090718456
SAMPLE_04277,0.8019221425685843,0.523570763757941,0.6538409955703026,0.3468196350625156,0.6283516530880032,0.6467799771076796,0.6892740740587647,0.9515990679455621
SAMPLE_04278,0.44328806631020357,0.31337461287897656,0.33628753107346815,0.04956841290310855,0.37029932926611725,0.08915547670002423,0.0756025779420699,0.5501534522740664
SAMPLE_04279,0.05279855520935673,0.2328601830188598,0.22760205837009864,1.0,0.044575926358853664,0.07501823812805597,0.11252753891052006,0.14557793327947438
SAMPLE_04280,0.7677416839449477,0.7048915484029965,0.6064874406107816,0.3562652217741606,0.3672701442994054,0.5192141810600307,0.5947724962601493,0.5093084939375989
SAMPLE_04281,0.8999263221949565,0.2605935566003381,0.3846173070175226,0.2776309212904084,0.4142337992866946,0.3186183144051287,0.5193761934685086,0.5436586598318363
SAMPLE_04282,0.7510550576022447,0.831885562024003,0.8492961722088426,0.12182328763487296,0.37600880227551947,0.2085232107730972,0.4742430479503404,0.8309716528469534
SAMPLE_04283,0.37359726494964834,0.2516528789731469,0.2889878470500821,1.0,0.605701369420157,0.14818796524119157,0.044124316908333315,0.8741547537445633
SAMPLE_04284,0.04147839830352027,0.28239984164389914,0.27756582754598047,1.0,0.09717881568333864,0.024290557472623753,0.08509108882673035,0.8253808798788023
SAMPLE_04285,0.9032595420212142,0.6302278157838557,0.6931728543259796,0.44044911945215565,0.8711583977704702,0.6272259386556843,0.9507072115081533,0.8276961935681975
SAMPLE_04286,0.48833049361685377,0.43098119183808187,0.514681768117379,1.0,0.04633462241978786,0.040975771535650324,0.07478285127703457,0.41467600609990474
SAMPLE_04287,0.6597841380540971,0.6416559248996736,0.5409827667171094,0.0865271480426823,0.3653418081278562,0.1417502133161175,0.5859711214481724,0.8929652785533961
SAMPLE_04288,0.8879258170568239,0.3361784410018883,0.3543596837583485,0.2899042153505048,0.2538448052611746,0.21635731182462176,0.2948070303635323,0.15260558808420094
SAMPLE_04289,0.21994867403083704,0.2529968174515005,0.13934874011819048,1.0,0.1431449090555476,0.10566088749541536,0.04963237522987729,0.7998568404124204
SAMPLE_04290,0.38337554758855963,0.591753328956378,0.6274399955408427,1.0,0.0985845792613789,0.1454517259124133,0.23138408306368943,0.07643648805276262
SAMPLE_04291,0.6713948124251018,0.7394785904238244,0.7054150911505308,0.06874327628601938,0.6827136225258501,0.1695916240950457,0.7355115628394359,0.9616142627276623
SAMPLE_04292,0.45592226028691984,0.30602291826959915,0.2465635080931996,0.19438943204728404,0.39749403427217733,0.19567130049223352,0.1578870127205763,0.8323621524166205
SAMPLE_04293,0.7237939921012033,0.3201711593061304,0.3890538991051777,0.3134864377870409,0.15658362733865552,0.3177778727367597,0.31400726145751806,0.10763115296510714
SAMPLE_04294,0.7801441660258581,0.0806345605536578,0.16276748452721934,0.14839194325382773,0.7074136763791561,0.2155907543497342,0.0854309325113823,0.6464309333938858
SAMPLE_04295,0.7939152488491136,0.09618604093065505,0.1451016056868052,0.24849456393525846,0.34986142720711205,0.39718562784638567,0.13578862584949178,0.20990949480396412
SAMPLE_04296,0.8480895545284086,0.5658131957421191,0.5320683615098145,0.34957742969950834,0.5010601789883438,0.45051249407110106,0.494862668649277,0.9299407490071199
SAMPLE_04297,0.17489561432258827,0.27000541959050023,0.2591874217964183,1.0,0.0077756020812984085,0.07481602305356276,0.263522123975471,0.1480709970484248
SAMPLE_04298,1.0,0.4057895715564852,0.32755862268464814,0.8837253205640141,1.0,1.0,1.0,1.0
SAMPLE_04299,0.9112596783053086,0.4609522519797216,0.4742470696490838,0.2479350277972793,0.2672996244164922,0.38079938508879885,0.45718085038925577,0.2687206086674817
SAMPLE_04300,0.7326869529719681,0.27097785762884546,0.16602123413908776,0.17648581496035223,0.216344306656409,0.2799977765360156,0.1796124593912606,0.7695176655730518
SAMPLE_04301,0.7405216768193594,0.31333353766417626,0.36754045764284926,0.32926762371220414,0.7456058274862027,0.42609431295435846,0.46727304599888814,0.9268718792070383
SAMPLE_04302,0.8739253248803409,0.02898531694183816,0.12440684464718753,0.17478459264722007,0.6006829648737618,0.361959909282432,0.07344369745626708,0.22891258548192633
SAMPLE_04303,0.8714231874515346,0.24330501482200598,0.3311840280390001,0.18084563976230308,0.11171019320025609,0.35843590061944514,0.2933062929918288,0.2999387387140099
SAMPLE_04304,0.33652654189378267,0.3412501911057766,0.2564777763605941,0.11602314054517679,0.341084328383015,0.11617420310373537,0.3194683442877963,0.9338880210867173
SAMPLE_04305,0.8580880245066416,0.36194376839663367,0.41136169182554205,0.19103493586406856,0.6342262023395683,0.35941914127834795,0.3686231030970628,0.3526063802785816
SAMPLE_04306,0.18180171755817187,0.2215810059682249,0.1744235242430163,1.0,0.16293586869355492,0.13432404766788406,0.14427744846554624,0.7386204510358041
SAMPLE_04307,0.9374266337375345,0.20476488245762228,0.18935210037158068,0.22241474188007193,0.2110547147415726,0.28204735918338436,0.4589957196922572,0.13178386252662322
SAMPLE_04308,0.45301548219147764,0.3278417501992858,0.3370901742184938,0.1258609548999822,0.27251083318886676,0.17097340326791177,0.08564617746863495,0.8847974526341793
SAMPLE_04309,0.1594041947256904,0.11342460951643998,0.10356294707542014,1.0,0.023683022243477934,0.06613864231202866,0.04164668074640103,0.04478680864693277
SAMPLE_04310,1.0,0.4678600534561309,0.49023742326147296,0.8860775705922708,1.0,1.0,1.0,1.0
SAMPLE_04311,0.5760368805810647,0.7374773542166374,0.722786331758466,0.05974196509176434,0.6924298417715375,0.1017061199661754,0.5349427983172315,0.971724096027081
SAMPLE_04312,0.8950929820655361,0.010614877716375499,0.039944876414744895,0.07735883426799682,0.7116799744351269,0.1473012387552437,0.062089797121551105,0.3682846173358706
SAMPLE_04313,0.7822423234753888,0.17156604753280785,0.08534001007140331,0.18919894140323784,0.1822262616448154,0.2238035819504581,0.16503154310018833,0.08729103025328598
SAMPLE_04314,0.8564246726292151,0.6328075332423909,0.7159290980302155,0.30615028859046073,0.576328422466852,0.3835912752178809,0.7927999538354584,0.7940379408587273
SAMPLE_04315,0.6399691422142928,0.9032284295786943,0.8739758058330944,1.0,0.2946020305177844,0.2171074727839607,0.49329071405481384,0.36369605897922597
SAMPLE_04316,0.7959155794008637,0.3558846303374181,0.3857748297253462,0.27482364124844966,0.4747993212957037,0.38977914531344693,0.4896515322789481,0.9609574547772441
SAMPLE_04317,0.7596819502822326,0.3138333199767453,0.5998747101214565,0.13968051143504465,0.430271888125928,0.25538184060524655,0.4327631318011038,0.8577266668480643
SAMPLE_04318,0.8369247243519518,0.1625312028261855,0.20116821494212114,0.28392195182775937,0.39601653264263126,0.5253184979459119,0.3707778288009179,0.402021642128412
SAMPLE_04319,0.24046763873555593,0.3060401093346853,0.3828835739138931,0.08515835488660903,0.5083803828510428,0.04598524778372267,0.2896345030410471,0.7546269441818156
SAMPLE_04320,0.7902536745212803,0.3217970177809512,0.26207060236388546,0.2484921663177763,0.2270440208513521,0.3140701242055088,0.29306733615020514,0.7363587001931095
SAMPLE_04321,0.24138653080940853,0.6800890980493233,0.6230431002270527,1.0,0.08611589046848954,0.17258387151053856,0.3144786106625078,0.10939634470760645
SAMPLE_04322,0.615959924400893,0.5046090152187737,0.5095202087713808,0.1126924871388226,0.3060057866360444,0.11967027602638952,0.4816283540399643,0.9110498191685238
SAMPLE_04323,0.7805763562731443,0.494332260472091,0.6716906932009244,0.08252745263541818,0.1395642067067257,0.3470721124383774,0.6663007215071193,0.2894468675136733
SAMPLE_04324,0.4109132611344632,0.6575170154425719,0.5896161902678484,0.17438999739053224,0.6126849597723188,0.2600588818320978,0.34176360856792787,0.8671730645613172
SAMPLE_04325,0.5049809506878291,0.8358095122235751,0.7970117664356331,1.0,0.2533746930925546,0.022122827367734205,0.5056234721510773,0.4099103040344799
SAMPLE_04326,0.5769195199115903,0.5932445700336791,0.6886344804164759,0.0989467246084148,0.34002509697227234,0.10074734790726857,0.4644804531402821,0.3828989921272473
SAMPLE_04327,0.1782770101038928,0.3115114593332945,0.2286038024104896,1.0,0.4656883110495149,0.23259997106826988,0.2315615278025735,0.2574500314289191
SAMPLE_04328,0.4667748408309047,0.5696026559360106,0.6431905991822533,1.0,0.1022884041812619,0.1268240533707925,0.21382656603016836,0.749134934967145
SAMPLE_04329,0.7316948608058563,0.399182007176717,0.6034541256894812,0.3557861590914232,0.5310220069952611,0.4141151271376073,0.49072469592661433,0.6767818863551494
SAMPLE_04330,0.7779113599812189,0.29907859866412667,0.22053166730384305,0.23455002120335075,0.37609335343498507,0.35298626297681035,0.26640404575034643,0.428027163834452
SAMPLE_04331,0.8284233504722903,0.193276312170623,0.13539784306552252,0.321204008754986,0.36357527408129886,0.4581619371727586,0.31758944494205105,0.47251490969251136
SAMPLE_04332,0.8243934375450681,0.2672149942356431,0.6812254447145842,0.09758865070976298,0.8289923281266501,0.07047993405000047,0.5700622361918205,0.9443796154671247
SAMPLE_04333,0.1081670309146694,0.11129702302413201,0.0790264771587228,1.0,0.08331601736655617,0.08347210989708598,0.13682572492573267,0.11230681590857382
SAMPLE_04334,0.7488366300084554,0.5014211786677861,0.6190137814661301,0.17927171848626913,0.314271556762587,0.20261467144108666,0.18020479712754667,0.9498559768257537
SAMPLE_04335,0.8705900181490336,0.08922823861920873,0.10325914497423729,0.18067677486191372,0.2605236795592232,0.18397035644865004,0.09179573288311428,0.14236314421704838
SAMPLE_04336,0.4870267932203828,0.2155695515248375,0.3946737229423208,0.12796897323401135,0.4349506543168571,0.20113420982990127,0.5180602896265915,0.9356912698341224
SAMPLE_04337,1.0,0.6413772189168679,0.5094673318839834,0.8828885677553131,1.0,1.0,1.0,1.0
SAMPLE_04338,0.8954257762001601,0.30018590920703947,0.5944083842200216,0.07398500161398372,0.6656842169626127,0.1370829037863719,0.42317592670255855,0.5418498604955168
SAMPLE_04339,0.7938204667929334,0.5517366378026651,0.9318626380536035,0.16441292863969437,0.7407334514249961,0.2749936489381901,0.32543034042914176,0.8996213406056246
SAMPLE_04340,1.0,0.4508333397713535,0.361818328467176,0.8767989683982667,1.0,1.0,1.0,1.0
SAMPLE_04341,0.7303434321429061,0.3238563736958718,0.31996577683144833,0.37556517124189537,0.6192685813742476,0.4423044835618454,0.386688044697028,0.8505556499291251
SAMPLE_04342,0.7348091258576134,0.09786719354890913,0.12703076809101232,0.09035366694461512,0.5769856949249588,0.18743869448413839,0.04950613946996161,0.32341046838939014
SAMPLE_04343,0.3414212949380668,0.7965424940471573,0.7969556447325306,1.0,0.09416753401686402,0.06198540938215051,0.494482398297466,0.8290286676645975
SAMPLE_04344,0.6672863478427541,0.7658551593340914,0.6364035562031229,0.0914574080572556,0.09406415439236046,0.20036843464826382,0.4950645565784271,0.3324075725315164
SAMPLE_04345,0.20337245966410455,0.2318022670805955,0.20742374402210967,1.0,0.028961072240115952,0.07780219736486925,0.032909081315750946,0.008676927336701085
SAMPLE_04346,0.6261001316124084,0.749165505287505,0.6895602282199782,0.4120038825726238,0.20664477535247544,0.4968223419720225,0.6633302679402338,0.3329160118183272
SAMPLE_04347,0.7860849505784362,0.45052031322183583,0.4087863269353211,0.444816776271917,0.5756604456678759,0.6026164789818034,0.5351897119523928,0.9198307584001881
SAMPLE_04348,0.2963480806466944,0.46874001705134877,0.4712703833123524,0.1643920837594667,0.5015185733198212,0.29889751332866754,0.687918827101558,0.792512371486359
SAMPLE_04349,0.6596925335875208,0.25584579137290636,0.3073438585813023,0.13959092106384438,0.532703797383594,0.10319724077688176,0.3828868317809807,0.8494174887467987
SAMPLE_04350,0.4889253565511098,0.665425755222167,0.5804975740174533,1.0,0.06784453158189516,0.05963875391142104,0.2503320190189988,0.08358273365358795
SAMPLE_04351,0.8812590733148244,0.051978437769802835,0.1087247231546851,0.08337412961675815,0.28016247422034785,0.17036979829603838,0.2013910392763155,0.2761081025970298
SAMPLE_04352,0.418311925023526,0.31242203540892066,0.36083202382508583,0.14606902773232414,0.7109413106695464,0.22223564787495598,0.4848446387945147,0.9338082034403099
SAMPLE_04353,0.38053949189503267,0.6982007437296831,0.6919773810240433,0.0900975824931175,0.5929118457910728,0.11321359786617519,0.43013487628574254,0.7905969981075178
SAMPLE_04354,0.26931386361325443,0.5080929302556969,0.645348843923429,0.052910700955118496,0.7188970913439089,0.24224549814548801,0.19054085526924583,0.8925941478535042
SAMPLE_04355,0.11009238424607988,0.47805275521510043,0.40547112228943294,1.0,0.05264244343126553,0.17261235696268418,0.19231790461388773,0.045979840551256715
SAMPLE_04356,0.725894050174476,0.388261872410816,0.38336599607650135,0.3275716204822111,0.4724910603506799,0.33115468835007383,0.5077806276350803,0.8092324013864274
SAMPLE_04357,0.28688706184459917,0.32338337512145066,0.29783104794359666,1.0,0.08779718850246417,0.10463900103903326,0.028751946088586524,0.026729445577494862
SAMPLE_04358,0.885591353261253,0.23068781970182517,0.4562883083162025,0.1903725562861747,0.23726726993630953,0.3717384073814807,0.2693316286516816,0.1122653608106728
SAMPLE_04359,0.1375968047894366,0.24444723290523232,0.22680611135767925,0.09025402404268153,0.5901710135819057,0.13985459467129582,0.31741168764841904,0.9813255514419036
