sample_id,Ampicillin,Levofloxacin,Ciprofloxacin,Imipenem,Amoxicillin_Clavulanic_acid,Ertapenem,Cefotaxime,Cefuroxime
SAMPLE_03360,0.7792504983220556,0.08839880759365672,0.10919831658601033,0.18121232524054282,0.044104864403893246,0.19906252027476554,0.08467162391093372,0.04208563466012606
SAMPLE_03361,0.05360673636507859,0.2169308988429376,0.13801952035928808,0.9999999999999999,0.023823983898474767,0.12412880923476964,0.029476630013370773,0.08934562471235416
SAMPLE_03362,0.4277925110578962,0.6369676108534887,0.6779407025354633,0.07420350340406584,0.2678839695800206,0.24792316045737325,0.5583480922362439,0.49604462757682266
SAMPLE_03363,0.17089141610540817,0.2588838052486032,0.1869473196040433,0.9999999999999999,0.035396737636414426,0.13997480665956138,0.22843460438725016,0.04041195167307232
SAMPLE_03364,0.5052722363883758,0.6463010152231914,0.758470304832134,0.08373509909838175,0.49029806127937786,0.24824507536750268,0.6146358541388084,0.9141323898576627
SAMPLE_03365,0.6134160351650324,0.3403302872150038,0.3584753445245915,0.05586761147157484,0.29857814088105883,0.1373575572935669,0.5273500673123311,0.7192680383087559
SAMPLE_03366,0.5155442982342069,0.758674207230378,0.7409947479414901,0.9999999999999999,0.04400806746383087,0.0671313956807662,0.24830902815069233,0.8603510099645328
SAMPLE_03367,0.5937208261168189,0.7243251737922989,0.7204928674531921,0.1524771736516708,0.5243083037236578,0.1471712493331597,0.5928568308735678,0.9260924356916904
SAMPLE_03368,0.4034138577443041,0.8488393992542274,0.8710632953135984,0.9999999999999999,0.08632045214670456,0.2086574453143325,0.5577892905288072,0.8541005300709893
SAMPLE_03369,0.6986627697305808,0.8477793848242521,0.8483804049789199,0.03353042964305719,0.5592711407794891,0.33471852378014694,0.38301556531883485,0.9201479229731155
SAMPLE_03370,0.5406081318131815,0.33773523884138645,0.423082102175911,0.27612376114714887,0.35640720305877654,0.29144526930744136,0.36018340735205934,0.8571843349249706
SAMPLE_03371,0.2486228023472415,0.06388353570466947,0.14564498170542434,0.10223367799144935,0.1669088927902593,0.07696555904078246,0.1112236574386429,0.906538738326115
SAMPLE_03372,0.4742540775316703,0.37951604444937315,0.5570374074628075,0.2407516156348139,0.5452288508628163,0.1815224273173831,0.2942181716721788,0.866077147413558
SAMPLE_03373,0.5553735058669185,0.10315137625965054,0.13353074247799174,0.1568244090798167,0.5331164525507326,0.22118133586280816,0.3401895491035284,0.8596910633550154
SAMPLE_03374,0.14832668719510417,0.3252245502950965,0.3816748316010539,0.9999999999999999,0.21329344310289916,0.08534980541439209,0.030705008578149586,0.07504873015350949
SAMPLE_03375,0.638554109842109,0.35628861604257084,0.33253787817503466,0.05704257233210334,0.4568703239248022,0.06198147376979042,0.28445760471197035,0.8700240615032765
SAMPLE_03376,0.28968094177545844,0.6494070203505,0.6659930724855491,0.09998234074153116,0.44932910369725165,0.1657564744480721,0.4275817394817929,0.9129006989322708
SAMPLE_03377,0.5784590537893342,0.6694805473892607,0.644381113604723,0.06171882722953624,0.45255291346770227,0.06681594312874416,0.26777568022673465,0.6190784807698748
SAMPLE_03378,0.8311090375790438,0.150766314267647,0.10500621878723598,0.05373805500214655,0.22349637110989973,0.1355235397197612,0.06863523340066552,0.508546358408424
SAMPLE_03379,0.7752754876634201,0.19350498750538409,0.1968052641504955,0.3236634326528809,0.6520789191500274,0.4772656926521551,0.5836247629172007,0.8893316929433595
SAMPLE_03380,0.7902661306977465,0.5644552516234127,0.8822673635468834,0.0849087060446441,0.6855965226096228,0.1841963794131078,0.594253674390998,0.5368160451409524
SAMPLE_03381,0.4525023226553709,0.29193146009016685,0.32086267276585206,0.07039118192834165,0.5568721025177652,0.2888916245465056,0.541212488028872,0.9174997332432533
SAMPLE_03382,0.862448904194725,0.07504593651127647,0.09235627257186757,0.2574723255603465,0.11299565054586304,0.2242008433414785,0.1324182274901928,0.15324962690382987
SAMPLE_03383,0.8264496450841068,0.24923675711085708,0.23871758427785897,0.17792222976817565,0.27702625970581995,0.22436655616287657,0.23354357676255014,0.3290467523915944
SAMPLE_03384,0.861281927482432,0.580558067446187,0.5643687766647612,0.3677348090764602,0.2615945593025086,0.6037140155151409,0.6178240282534796,0.5782632958256682
SAMPLE_03385,0.304245715766784,0.2927614300335494,0.44671927002705064,0.12944780689511692,0.3933889493051659,0.19955022096154407,0.3057090552500794,0.8259918385288512
SAMPLE_03386,0.739388184566754,0.4081989480654171,0.526195191573075,0.10830050305424824,0.3974562182578654,0.17635679245256497,0.3586566858857565,0.7893276610532363
SAMPLE_03387,0.04137834255969815,0.17856902691175358,0.2029316514905217,0.9999999999999999,0.050307934585421876,0.15886062139313925,0.03827891058074047,0.11168085896461671
SAMPLE_03388,0.05178824580075669,0.4636981626675955,0.37223796195522707,0.9999999999999999,0.22861037213464197,0.07010933662204775,0.10572567370283881,0.8368710391784836
SAMPLE_03389,0.8439369945780912,0.04654126647397422,0.3152567656179742,0.15637785465783674,0.11545842612750962,0.16490480687943948,0.08757054948126888,0.03914535349859663
SAMPLE_03390,0.9049511957468641,0.021446049566239495,0.0292568793228098,0.016535716932752527,0.6094486855015688,0.08652042575966751,0.03574367484773731,0.2177352729078837
SAMPLE_03391,0.7128862187898525,0.3456067486476454,0.5797511792185033,0.23560238253430738,0.13341174224882374,0.3427641775474649,0.36269836800595623,0.11729134316076775
SAMPLE_03392,0.840612100934223,0.030982588313100072,0.0698098072500589,0.12118670540322807,0.06513991216928573,0.17348252943816284,0.06136276793420545,0.1579781034840931
SAMPLE_03393,0.8992838120498344,0.20828119825326283,0.3150309665180744,0.2468467279637141,0.35843316546221055,0.3189312841262139,0.22879561309760582,0.05682140863319223
SAMPLE_03394,0.8959511171742442,0.31545664605925944,0.3529201960929026,0.22797621206020965,0.20383118459495764,0.2939011711785659,0.22869327328709826,0.290959259080336
SAMPLE_03395,0.8339425856923082,0.1879826443137322,0.4239905831638132,0.11595704909269257,0.04763359340105272,0.17721746107410766,0.3531267692743877,0.1519735255069436
SAMPLE_03396,0.2492188545452821,0.30281770855178014,0.26631645480866395,0.9999999999999999,0.08462520658459942,0.05127887214261475,0.03568637472245265,0.04814489649909534
SAMPLE_03397,0.5386207544131045,0.42444839241445315,0.45018583102144627,0.14561030738551933,0.6309752735006413,0.2217982711655406,0.635527402910547,0.8564781227291185
SAMPLE_03398,0.39389525539131276,0.6358552726259175,0.8155069169862197,0.1899202323349586,0.44248847210723574,0.2808007293142458,0.4458720669476946,0.8567159991089934
SAMPLE_03399,0.1882587108656258,0.319854332169067,0.28316680220083107,0.9999999999999999,0.2477233585526887,0.06447621671810955,0.030975968164905242,0.040686706887453995
SAMPLE_03400,0.9245345390627455,0.1716701723781542,0.2384761066296539,0.15274713414010455,0.1812852198065275,0.14684155779475921,0.18271017466894382,0.19568153037563346
SAMPLE_03401,0.875283791177399,0.07392577954310395,0.05803434174407417,0.2545030669004033,0.40930078799479913,0.3425615989303,0.14151981803948066,0.16950271915668724
SAMPLE_03402,0.44037905806457817,0.6819149467229375,0.693905392087979,0.9999999999999999,0.18000314536618256,0.13012791105858545,0.33142193618494986,0.1434813367861325
SAMPLE_03403,0.8557813522322408,0.33721939681743385,0.353511910626194,0.21811149725448944,0.4429798184366,0.4609365289342436,0.1548628732139403,0.43342625874133933
SAMPLE_03404,0.7686592091805211,0.49766738178481285,0.5112863450103926,0.36452183368130203,0.6318942224503749,0.4132715667950054,0.4814907541907797,0.8180872767867278
SAMPLE_03405,0.6200943895222273,0.5071355263951599,0.7562281315573605,0.20057820783924243,0.521867505197882,0.3001646658100938,0.5824132631029331,0.9195781456178513
SAMPLE_03406,0.7908839018872491,0.34833044362488946,0.22437176880345175,0.1301620198375987,0.14743169443564869,0.16337963649643747,0.40762242679904587,0.11237752577883806
SAMPLE_03407,0.9999999999999999,0.4438436675532956,0.26125532728986606,0.8840409187258315,0.9999999999999999,0.9999999999999999,0.9999999999999999,0.9999999999999999
SAMPLE_03408,0.7509331755767035,0.19721443909004566,0.22913418483220035,0.2930888919449389,0.7372672708617569,0.4114455768206532,0.4489760394162272,0.868225776627338
SAMPLE_03409,0.1340889041805706,0.5105284413273717,0.4594147192294976,0.9999999999999999,0.4334495499451412,0.06327740925781168,0.11032828074788935,0.7685342811619165
SAMPLE_03410,0.9999999999999999,0.6070960678963568,0.49995893948666537,0.885211466250934,0.9999999999999999,0.9999999999999999,0.9999999999999999,0.9999999999999999
SAMPLE_03411,0.792775314518716,0.09063165189568001,0.0720330214045168,0.3691354340982133,0.6519739477030708,0.4669805261094257,0.4326251838778653,0.43769702765953755
SAMPLE_03412,0.8064353221467679,0.21733523810786518,0.17706833566906116,0.23144568053113695,0.6888357780135552,0.3734070760545346,0.1100726417580268,0.39037706134579375
SAMPLE_03413,0.7729263024010478,0.03263742193967216,0.06940165084370713,0.17635987342578696,0.3265948775093698,0.22056794904610172,0.08364422888655493,0.35624696873177125
SAMPLE_03414,0.03409151194502953,0.4220683728084466,0.44012668588176235,0.9999999999999999,0.06981225775772021,0.01194020933557317,0.247067075832751,0.2615042528839504
SAMPLE_03415,0.899117348001736,0.05738378504458731,0.08164415267381203,0.20963385826465544,0.08180892791359812,0.26995614325198086,0.1579507583892194,0.09836252298281485
SAMPLE_03416,0.8422796604562179,0.5471427597897195,0.4976922497861318,0.3476120774361737,0.6603819586766374,0.45154351283904914,0.43110170183139496,0.8952242084082542
SAMPLE_03417,0.25096363348719913,0.20712403394358198,0.16586863663718204,0.9999999999999999,0.02250531259863406,0.1408251425152733,0.032378226321272005,0.022615283604018568
SAMPLE_03418,0.7236810947563159,0.23241392156768964,0.4137986659947095,0.2550650186057757,0.2704536417055286,0.3173011260734655,0.2590260054154466,0.4937096226241772
SAMPLE_03419,0.8906173269117474,0.3168131395953505,0.30036938858879275,0.3235225127337404,0.7217581329715568,0.4308377854015317,0.636811291859768,0.4261610682658903
SAMPLE_03420,0.8122598431636403,0.7696810222984083,0.67860819197171,0.32889291476470855,0.5787534934596454,0.39013719758491144,0.8594747561805572,0.8598926938032363
SAMPLE_03421,0.4348801131576343,0.369852405630511,0.38739087808763073,0.039706458474288685,0.12100078451013994,0.12098414405310232,0.18567154937807293,0.1601119135980878
SAMPLE_03422,0.831448436057111,0.5616790991851455,0.5463965835363388,0.22239788208476044,0.7489385053492623,0.21138634827635283,0.6936505000244162,0.5044085439778497
SAMPLE_03423,0.2763437436533893,0.4423705438514372,0.30246721213265915,0.09109020229339226,0.19329469195418403,0.17157546486338254,0.25555564890783794,0.24000936851461255
SAMPLE_03424,0.39694506991806583,0.4126202442274593,0.5574845114118429,0.14916827908574792,0.34256259185626103,0.12304097870968482,0.3473875060987392,0.897257954169361
SAMPLE_03425,0.7512851230334422,0.25069613709732175,0.29812956353041814,0.35351040141432843,0.5324226825232463,0.5834575731699426,0.2513428817255671,0.5767387891492116
SAMPLE_03426,0.7343888231041134,0.35382842864573444,0.530821747159912,0.2983769924038557,0.5047322542624204,0.4269271113083278,0.5609889579969859,0.9582179465565873
SAMPLE_03427,0.8531162142284113,0.134898536045222,0.30170961550261755,0.21202084214247835,0.32993045613141975,0.19327391928170312,0.08782431104945937,0.28387647906213276
SAMPLE_03428,0.31705913330330293,0.3620566482880656,0.4540103568767362,0.07119682995315296,0.3490429474070431,0.08296323351617658,0.19206973216462114,0.9775870156521493
SAMPLE_03429,0.09778823011182967,0.34944644998315433,0.38156322206252763,0.9999999999999999,0.03113756861878231,0.04595223058434564,0.3850315915355459,0.16696701343168086
SAMPLE_03430,0.8649493952253638,0.6071420051088166,0.6532820450721606,0.30900879099521933,0.3447671555898996,0.35079334974413034,0.3965284298218744,0.555704045016373
SAMPLE_03431,0.7744262336168559,0.2281655224087933,0.2863016443129961,0.3137890144571205,0.0758839968217063,0.2591258434842202,0.3576914003787615,0.17541584453609982
SAMPLE_03432,0.7658791344327702,0.6760834622474189,0.7224715745883525,0.15119895310329548,0.3204559859641613,0.35233987929400284,0.8421120423807693,0.8953512037789935
SAMPLE_03433,0.13177731559899294,0.42102570209548307,0.466334303922928,0.9999999999999999,0.0723323031184129,0.2991086391488164,0.03270566537990903,0.3027189630100149
SAMPLE_03434,0.8519489973442935,0.2560849298875637,0.2652997043420058,0.24643074543199514,0.28104944964879264,0.4182532860615561,0.2853035842436293,0.3895634233114088
SAMPLE_03435,0.8419495981556075,0.014550097810695693,0.03635379464535822,0.16300650705415767,0.172306549422303,0.14377444641874615,0.14541892668758966,0.17711633883525707
SAMPLE_03436,0.9257846228578066,0.23688560318821078,0.10400431923861354,0.12118921272910581,0.1864317042212127,0.211032677319901,0.4343923475042941,0.3524913730783013
SAMPLE_03437,0.8787839851618342,0.2127681152465153,0.22397199848901833,0.08946957490396928,0.08099020591334932,0.1655852751382715,0.1818693385973409,0.1581544110808894
SAMPLE_03438,0.6440937262619136,0.7680449964722971,0.8523020275507416,0.22304531238555,0.4649777087625646,0.19590314781391038,0.5548900566717534,0.34982839137623545
SAMPLE_03439,0.8899507111885983,0.055629624087315366,0.016747823235041953,0.21469389813668524,0.14341302198636077,0.29554458663090893,0.10685753760968461,0.06119069513019916
SAMPLE_03440,0.7981945803780552,0.7826269578800783,0.9163152019980869,0.11941840992553979,0.5423467812784333,0.35067373288109943,0.4885512875597235,0.8214733949159343
SAMPLE_03441,0.656603759496953,0.4338167831121237,0.4823392322811218,0.1073415141675625,0.4931681543161726,0.15336558702558933,0.4815966072609913,0.8742400898318938
SAMPLE_03442,0.85094771678263,0.0402715165605522,0.04797517985741805,0.2931556589320635,0.4164530328668915,0.22617235879406145,0.16543890591637878,0.416299113202068
SAMPLE_03443,0.9167845494774077,0.6383086917318643,0.7531887881486103,0.1611351732361497,0.6978226235972835,0.26323308961020936,0.4261954972193001,0.48430903898298877
SAMPLE_03444,0.3659507241511834,0.26373486588160855,0.21764545834777585,0.9999999999999999,0.09495379434060934,0.022771015414689892,0.026239282744714994,0.7004824881317278
SAMPLE_03445,0.7926098182523029,0.2287061899206324,0.43214178718393526,0.3451568865933222,0.6562014006144637,0.4250436363027534,0.3625747814249144,0.8746763276524818
SAMPLE_03446,0.7066735510336223,0.4390078079506928,0.3934669015915472,0.2597905181112243,0.2229512502982496,0.3297382057640232,0.17957304700347843,0.3422264390006161
SAMPLE_03447,0.7906217500487731,0.5487278139158279,0.8238835103717886,0.09890368873885044,0.4657226128680945,0.15023301266413788,0.44518242483658377,0.7477312511429164
SAMPLE_03448,0.8374499713932242,0.11356524871312638,0.1613536872445543,0.3271509373434309,0.7895388941039156,0.4095819071515213,0.3352805306156512,0.6137726676500036
SAMPLE_03449,0.3195770858379455,0.03840785670142803,0.021541157916380088,0.17166974575618665,0.29614193478388995,0.2559134186710804,0.08521072034787025,0.8132757567913631
SAMPLE_03450,0.3984178855671423,0.11590623867154368,0.10425319286149241,0.13291397618776118,0.36069983610609524,0.2371912063026491,0.31562501268198284,0.46938380697615467
SAMPLE_03451,0.10614706991117888,0.8948780448295282,0.907475804206029,0.9999999999999999,0.03412669146398713,0.11822958288374598,0.4477006815410669,0.7551502163057879
SAMPLE_03452,0.5536993087223253,0.32748196646388716,0.405742928817455,0.07289178972530211,0.47538181063021695,0.1312340861760697,0.264373358766745,0.8253787154088345
SAMPLE_03453,0.37828080844066253,0.5161689179050127,0.5104868196899094,0.9999999999999999,0.2988166995288325,0.1481579203436811,0.2804457714023248,0.1811649354874149
SAMPLE_03454,0.8051014053548937,0.20632711678999227,0.28869473389688255,0.1251479521420446,0.31474807187651094,0.14066044584802606,0.16800615006526468,0.2055327863428372
SAMPLE_03455,0.80074496216089,0.13651518386726214,0.18671036049106082,0.20842035355695893,0.17786201555657585,0.25207785877715966,0.14500408723907673,0.12714882937596736
SAMPLE_03456,0.8977010724565038,0.28753898806752487,0.24860117659065983,0.0928287937517529,0.07481149551069341,0.1793691097471117,0.077517097380791,0.1432754769286721
SAMPLE_03457,0.6496473912970351,0.7555159312598334,0.9308192255550292,0.10813056791393041,0.8812257471787709,0.3681460985963059,0.4121290813578484,0.8193838980726071
SAMPLE_03458,0.7937212030373357,0.38272738226974756,0.8460422518333819,0.28673844447033325,0.5804384040112902,0.32185837662948946,0.5500427480071051,0.929419963331964
SAMPLE_03459,0.7821110909106817,0.22713422917856468,0.16023437567515414,0.33166603230153835,0.7125590128106711,0.6510998170867459,0.5836825753400456,0.46782209614082637
SAMPLE_03460,0.7832766971219095,0.13803449234074103,0.17908012493244535,0.2812536780748327,0.5107950131706045,0.3337147310288956,0.3786471607902396,0.34803613024299007
SAMPLE_03461,0.5711787924357433,0.3387807952104376,0.5581360891636259,0.07392159022321608,0.6021201967852646,0.2679515132117005,0.5133568814484628,0.8667035908965235
SAMPLE_03462,0.5269716671664051,0.29003917690697156,0.22160861698575654,0.10157891305640697,0.4446352304060647,0.18172671767177595,0.22450534051216958,0.9671007230751607
SAMPLE_03463,0.9999999999999999,0.7058689397888873,0.4702503891302825,0.8821052741573723,0.9999999999999999,0.9999999999999999,0.9999999999999999,0.9999999999999999
SAMPLE_03464,0.8419501292772711,0.03810171192442112,0.06946225754767321,0.08753735971403524,0.5866890125936708,0.10824295079856687,0.060439777528332864,0.13908139493146687
SAMPLE_03465,0.7463309996827313,0.4020272861624416,0.27138963302442987,0.21069523300519408,0.23319670274031257,0.30670622181582496,0.23596465731502123,0.41098726780407335
SAMPLE_03466,0.5295985914796516,0.7513055245237854,0.6199169781215237,0.9999999999999999,0.14983229486010877,0.1054497795911144,0.4970636884168249,0.21128252405214476
SAMPLE_03467,0.582911767707512,0.6508214914129036,0.6905143630612243,0.2245780937017911,0.5900746491567807,0.31145431348071495,0.7650626035114315,0.8747179677816413
SAMPLE_03468,0.2888792035327202,0.3010505464413471,0.2154021159986388,0.0646994159649237,0.4488479537358202,0.10682443545552424,0.1676071730473854,0.35011460196615735
SAMPLE_03469,0.868117360710871,0.04341326696136143,0.19917787237467732,0.2440553188616671,0.24960616809439853,0.272145609785039,0.09129723616221928,0.159291459222711
SAMPLE_03470,0.9017833857747479,0.17928922758360688,0.14517143075290267,0.13085874590147767,0.08860234903848968,0.2681220751476821,0.12739436779985094,0.032492865735609035
SAMPLE_03471,0.5268649071136106,0.6532913673246605,0.7604206260102732,0.9999999999999999,0.10298968234136577,0.03595192109920404,0.3137555836173231,0.11732331908506265
SAMPLE_03472,0.8569498829257889,0.07735331807990288,0.056504426143747684,0.11379933311383814,0.4410916582925044,0.18269561712441465,0.04920151897333378,0.24661659991214824
SAMPLE_03473,0.48272567544177425,0.8412061160464781,0.8923348603352061,0.9999999999999999,0.22772438274978812,0.08611587462076316,0.27806104946293875,0.77106803995395
SAMPLE_03474,0.7609313358512284,0.17662257927618236,0.24429323086564492,0.21024358216244793,0.7850683008471928,0.350653660898664,0.3820606016362287,0.4775573771981235
SAMPLE_03475,0.559618881475926,0.40602496576601677,0.5381754554759207,0.1005470379657167,0.6372008557594746,0.23025466086427376,0.4866056859848614,0.8245258200591972
SAMPLE_03476,0.7907754377885475,0.12925333943104472,0.1032046990606431,0.2268334268246512,0.17038494421025122,0.3589647654442195,0.11243198495243785,0.024540932537940686
SAMPLE_03477,0.7374453279448968,0.5273751595130591,0.4346246008410012,0.16717932210162992,0.252298001384757,0.18993280770140128,0.35744799987851794,0.7700161108025786
SAMPLE_03478,0.8257751124479621,0.5543260764851516,0.6550812064851164,0.2623581455241932,0.42109438364659085,0.4349520502035202,0.4610664813218255,0.19069667539170462
SAMPLE_03479,0.917784550820353,0.6453366811602914,0.5576640045495169,0.21820140916478453,0.6605025326292852,0.3991135348650654,0.46699219091463584,0.8922200648909069
SAMPLE_03480,0.9017842082126329,0.4097704456711234,0.5370090830115772,0.08233211039187259,0.20145696845800615,0.19485552653814497,0.4122947210718376,0.28634336479879097
SAMPLE_03481,0.9371179951133035,0.05863139800941697,0.07544156787896167,0.2233562295025355,0.25846875005457837,0.26370058494486176,0.1580659447474228,0.36000400541864475
SAMPLE_03482,0.5165005316793013,0.6703160799235428,0.6912349567731118,0.1560960195622874,0.15600218672762456,0.25299135881818935,0.4295934559193877,0.1324228768731807
SAMPLE_03483,0.8034451857623652,0.2676154216070735,0.2612673847649042,0.15929630253789956,0.28248917805273505,0.3416032869056441,0.37481999677614675,0.2734316524473549
SAMPLE_03484,0.7862681025788318,0.7554997703105506,0.6632119850610521,0.3623014948578286,0.758746848623473,0.587342212270758,0.7324900583716172,0.5275055024186057
SAMPLE_03485,0.4952172189104117,0.5034259723334107,0.5318006796321163,0.021027849634572503,0.4432269647589405,0.0801480898545808,0.2353033783574982,0.4404465442662677
SAMPLE_03486,0.26253567096766206,0.7119485940911224,0.7214637300959301,0.9999999999999999,0.23158182866927463,0.12431204697430863,0.13631206606989876,0.1266434044598103
SAMPLE_03487,0.7564300838016915,0.17572093317933826,0.2097753982085388,0.3626048836135993,0.21499985728894488,0.3770007196614436,0.20410191845948192,0.09036363717006289
SAMPLE_03488,0.7792648051381896,0.5799791662621702,0.6097757963258907,0.07289784242800817,0.18188274409688882,0.2157958546283093,0.4208408962716281,0.8385022433071325
SAMPLE_03489,0.4675406433385716,0.25367205831026113,0.2568460652270823,0.1873143350101293,0.609549490789897,0.19890251513029739,0.2744283785075332,0.8814431706353694
SAMPLE_03490,0.5099227803428313,0.8029878258448033,0.7877758273316937,0.9999999999999999,0.2504901659968096,0.10800811822521492,0.24034737874867762,0.18985012019946612
SAMPLE_03491,0.8952842912046298,0.29568578768796244,0.24310389117181716,0.2943351532271269,0.6465758016553919,0.42490894545302893,0.3327659151434116,0.821717147375431
SAMPLE_03492,0.7709297074955841,0.23534665113057096,0.307176527399849,0.22001753711499458,0.17616574152655934,0.2568341389927511,0.2684422632462256,0.486608650542357
SAMPLE_03493,0.9036174977265783,0.7364895446245345,0.7791538995728727,0.12070172929905854,0.1637979942610575,0.4316298141524396,0.8215264413873442,0.4878903034039055
SAMPLE_03494,0.22389723105076031,0.3456794610896139,0.2994858375718533,0.9999999999999999,0.14237723261724064,0.17702355331971253,0.0598451549859899,0.5186537836905847
SAMPLE_03495,0.8452833415597164,0.36405663443707903,0.1048861746338346,0.29434011549854633,0.2729505023961499,0.40244694625923594,0.3047274995524355,0.2495186714255062
SAMPLE_03496,0.7869288897611123,0.06145429647836851,0.049495957293977134,0.10089404687625408,0.20792502466966495,0.1881765613714917,0.08780528511819717,0.24701947602931562
SAMPLE_03497,0.7352129863253201,0.2873529304934387,0.3135347562631127,0.3261710793857264,0.4147354189831728,0.4272138821865619,0.5226400437634733,0.5188682629660307
SAMPLE_03498,0.2955134841569481,0.6816120880750344,0.5386490800548857,0.9999999999999999,0.3241869573687379,0.05077943471744082,0.14299169818244487,0.4327288649763992
SAMPLE_03499,0.807442672384266,0.6151311257415002,0.5912048638514757,0.29535789484165564,0.36858257249193704,0.35675296220755603,0.4301181409275463,0.9590611196014893
SAMPLE_03500,0.9242845675725543,0.5044267428977373,0.6620918916339904,0.2719263186403193,0.2110752092755972,0.31256325521877865,0.47205467415344016,0.3518859181307158
SAMPLE_03501,0.40807278074847353,0.45808922000534386,0.5688795459023777,0.032031506511680186,0.4289037347585162,0.11079223033667285,0.09616590247909584,0.9494118173187531
SAMPLE_03502,0.9099512155301371,0.7470657030210415,0.6964124401948724,0.3814985440513469,0.3832641276558406,0.5094748270520449,0.7029987217603216,0.3165607542596687
SAMPLE_03503,0.9219512920649142,0.16360969116687538,0.2857430116837108,0.20389126018447817,0.13277329799703314,0.2228849261674538,0.2514674044052783,0.19982514293383885
SAMPLE_03504,0.29233962251098705,0.2823867888102318,0.2392814890328876,0.10974791489694631,0.38741707818095517,0.2792413616574563,0.3293749883987585,0.9459816764578659
SAMPLE_03505,0.8282806678870112,0.3040463533061794,0.5154981002191753,0.34527644632791027,0.5758291230605058,0.37649555379638816,0.5099349635801175,0.5780865008398895
SAMPLE_03506,0.31301962904769964,0.24816819427736284,0.33562395709927517,0.9999999999999999,0.06356404321550639,0.03077580510378365,0.15564277959121772,0.2429493327898759
SAMPLE_03507,0.26617920624712493,0.3695588342519425,0.3499800489690871,0.9999999999999999,0.05507282398526916,0.17856327369444472,0.051725816397286836,0.04353967814570879
SAMPLE_03508,0.9009500783318343,0.3049543112626082,0.3561581354821546,0.18114761241492852,0.14110844002284206,0.16633759048890226,0.25887189052901916,0.18416180069997679
SAMPLE_03509,0.9088676227160805,0.1565979765343189,0.2822284207323772,0.1835806081576431,0.2161199756897023,0.3791969162304097,0.23022477852598766,0.1819289399440564
SAMPLE_03510,0.42515221531570746,0.4263691823591147,0.48330627074051224,0.9999999999999999,0.1128252127909473,0.04044214091020172,0.16948378012521598,0.5376966221575277
SAMPLE_03511,0.819432569542013,0.054562074824011396,0.060539585481548475,0.1226826661922946,0.47812840848136273,0.28992712045301205,0.08022567379235429,0.38956009074046366
SAMPLE_03512,0.41896788216250924,0.4048451630249067,0.36925756010709965,0.23629280151185086,0.47658107612326733,0.23302894628501078,0.3260591949485079,0.9336345967745605
SAMPLE_03513,0.6755327591367344,0.1640419175770418,0.29999725994701654,0.27742616708596396,0.37710593896762873,0.33871445161687386,0.49171093180863595,0.9289859093920722
SAMPLE_03514,0.938617894856673,0.22884627511657868,0.3692325474911971,0.2010562976883814,0.21774345947573032,0.20678761665961284,0.23931058156834867,0.07639197171903919
SAMPLE_03515,0.5063666174362181,0.5227348920699151,0.6453904514087223,0.09037432156300584,0.3553218798458096,0.05294328699644598,0.40162513563632096,0.912195198774475
SAMPLE_03516,0.8634505097546805,0.7002001419270092,0.7809705987455342,0.23675318319980812,0.4067662926961778,0.4530304628369665,0.6913015782734291,0.5665708158246394
SAMPLE_03517,0.04543007956870008,0.29019599861938344,0.22484604036222092,0.9999999999999999,0.1379286352532416,0.05327719414582226,0.04000405666421057,0.1754173096128977
SAMPLE_03518,0.1660078234242485,0.2247281908510681,0.2613114844381054,0.9999999999999999,0.22846590431502928,0.21158918605869131,0.06323445323189428,0.30963206042935043
SAMPLE_03519,0.7309654392052144,0.7252281447049116,0.7188301942504232,0.3135463916446307,0.3412200011951401,0.42929711928827075,0.29603892645491714,0.8510651808299019
SAMPLE_03520,0.7671018060604675,0.46953491539309933,0.4327441514590749,0.2189444383191951,0.8225125426956525,0.3198444328986142,0.5191706953763896,0.9058203946555436
SAMPLE_03521,0.9052842575634875,0.13352070285647707,0.17181903037928503,0.21958648673227818,0.21550140825633954,0.27245165806899363,0.21949741870453973,0.3636348567631653
SAMPLE_03522,0.3314492396439747,0.33542089690924937,0.2956254948018688,0.9999999999999999,0.04410449053678618,0.05161063131026458,0.20010622983301862,0.22199599114305515
SAMPLE_03523,0.779271428848018,0.8412531537786496,0.8289932955740942,0.33358768512464076,0.8596302249931727,0.5886221176983155,0.9703912195730215,0.9510621395880328
SAMPLE_03524,0.8432834887300602,0.043175879851353016,0.0994847440830347,0.2401021610630403,0.5828307924250525,0.26727160607102274,0.055896656985430886,0.2590723340325823
SAMPLE_03525,0.7292175525775241,0.2600502879385457,0.36804457687454295,0.4418211778126858,0.7610128671707859,0.5762789296697967,0.39276351026642087,0.7714262195529671
SAMPLE_03526,0.29809842219590765,0.2154869321826623,0.11806934747338002,0.9999999999999999,0.19829671614853295,0.13847118677833245,0.06300544735441477,0.8321219846599457
SAMPLE_03527,0.895617697780453,0.20461350975552764,0.3614539159624877,0.12315411349623719,0.6521546514172647,0.26648443718021303,0.3282673595201895,0.5724071464471758
SAMPLE_03528,0.7335640455644651,0.32197182818187975,0.41462642215975,0.29010554231920965,0.44185375075630934,0.388435395889017,0.3415091122395451,0.9170428844349074
SAMPLE_03529,0.33373105736242925,0.6044783128985497,0.48609069445936204,0.9999999999999999,0.11542769989697449,0.22869484389224348,0.3603239042381787,0.8925873515268727
SAMPLE_03530,0.9362845734981647,0.43471388912677494,0.2976113608799429,0.07982605131327639,0.14337996065598774,0.16312186056097322,0.28578628666872774,0.27620991673908735
SAMPLE_03531,0.8407833157563268,0.4882659861453079,0.4351574686938085,0.18800683554500233,0.4228090726457204,0.34721846548044555,0.44688769623040814,0.28057537409241495
SAMPLE_03532,0.8186143102208953,0.4114622968167517,0.4985087737178012,0.300304737589172,0.4316146948163996,0.5563387177737597,0.5604119002479512,0.886275153383542
SAMPLE_03533,0.786426105060077,0.3746586096426861,0.41421584561568503,0.3422760174406719,0.32892478077244175,0.47800953789420975,0.6909768964834759,0.6811392148141915
SAMPLE_03534,0.1608958645813253,0.6404791170771039,0.6529862586987512,0.9999999999999999,0.4528543544669972,0.24923184203771923,0.4067654307772428,0.8315710337475155
SAMPLE_03535,0.20520188342127982,0.2810715459226789,0.19504767014526694,0.9999999999999999,0.1677782733399132,0.06444389510124761,0.015308742338767419,0.02436117858621936
SAMPLE_03536,0.39767239955486333,0.6737556034662397,0.7716259931338172,0.15682310286931966,0.3896592474991102,0.20979910118914105,0.37040585135959425,0.8349856239556933
SAMPLE_03537,0.8141139840234812,0.5844537400249158,0.6800028847115431,0.37005075256822445,0.7832688433267099,0.5324028512539185,0.6212828032604734,0.882194138825819
SAMPLE_03538,0.18096153633518974,0.334679713425567,0.4123385749510581,0.0937506511437988,0.25991186171411396,0.084302606799191,0.19189254128318964,0.5924218752855877
SAMPLE_03539,0.14664524085536584,0.22498577832874653,0.23949244183664203,0.050869421723626046,0.3948462464903726,0.06146064007241623,0.3231423950441884,0.9622932133230951
SAMPLE_03540,0.9999999999999999,0.44296022829701176,0.2737837043422083,0.8850491017556015,0.9999999999999999,0.9999999999999999,0.9999999999999999,0.9999999999999999
SAMPLE_03541,0.7879411736176503,0.705786954135596,0.6369357137993552,0.3878095167298103,0.4157680145218833,0.6209995225381484,0.7532483479055301,0.569751046954919
SAMPLE_03542,0.7980986457733268,0.6512649730561064,0.7484791937190598,0.2586383677212152,0.9020641343320213,0.3327162084153991,0.8130520422479328,0.8054471054441501
SAMPLE_03543,0.8997842226332473,0.4578823331641415,0.40615913475106646,0.25944862652016004,0.32049553026218053,0.3416474187251996,0.37440877434787934,0.2904203650319782
SAMPLE_03544,0.07169128538406896,0.31710618057389095,0.2539945054827394,0.9999999999999999,0.12226773497417728,0.13780461798979565,0.060104224896188226,0.24722378321995905
SAMPLE_03545,0.8534498780212104,0.46105246049226645,0.47564464265511475,0.25690569152364623,0.2819819858650082,0.2973143726891629,0.47209437852431896,0.3467422721148668
SAMPLE_03546,0.8601168809120718,0.20628937289480967,0.324577409605566,0.2231405151662484,0.10289866874642833,0.3445593237574322,0.19565932403065758,0.04076645162936645
SAMPLE_03547,0.36316057279308434,0.25799681016664644,0.2942622325381393,0.9999999999999999,0.36980862249250634,0.2779942175930366,0.05654843106731765,0.8727881733129967
SAMPLE_03548,0.7759277083302021,0.0985099365840666,0.1463804907098737,0.07779425583481947,0.12888949198980487,0.17631511060217023,0.03998235764623129,0.04393822401396309
SAMPLE_03549,0.7343961926388566,0.12639392455933646,0.14285939785128604,0.26984901111507337,0.5600040594354174,0.3747125533872839,0.31702977119323433,0.43846339490963726
SAMPLE_03550,0.8097815102231978,0.22223779840582916,0.24486311724693183,0.11890703388627476,0.44700489266607335,0.20878826311312032,0.13282089097890953,0.3747647332539351
SAMPLE_03551,0.1676136868905972,0.61679880950597,0.5530395610332308,0.9999999999999999,0.06084014756574884,0.10537561200739301,0.631369872459942,0.3235017532460348
SAMPLE_03552,0.8919511126130151,0.14047990469542646,0.14476494404305573,0.20121420251393068,0.1830163785109542,0.3992301011370101,0.178505571981961,0.17789648592390486
SAMPLE_03553,0.8931173163451411,0.1199888563737346,0.20789807759150994,0.20500538321080533,0.21997850514870207,0.4078184978717636,0.21861378277766785,0.08166175928145497
SAMPLE_03554,0.7734287953687167,0.09207288238714899,0.15514158849961066,0.23215479632210317,0.18939364279665144,0.2603235101417909,0.10007210335497035,0.05566238922287537
SAMPLE_03555,0.3895351450436893,0.0765795409824597,0.044810947899901726,0.11861519215202913,0.5119991224026864,0.11365784675222626,0.05712086297471962,0.3919686005148025
SAMPLE_03556,0.8454501831550814,0.27102844553421906,0.3172852732739441,0.24580694609763282,0.21136695695978272,0.47993585474247674,0.37475587731305615,0.17537958137324183
SAMPLE_03557,0.9037842138910874,0.47491229060550577,0.5004596191624315,0.34414556687917736,0.5108230495453638,0.46176064902328284,0.5438995413951222,0.9149794074488162
SAMPLE_03558,0.8381147721649735,0.1693712610583725,0.13178277555034149,0.24167049384509184,0.20855415058231172,0.30092266719712263,0.2267993770463208,0.22551559078156946
SAMPLE_03559,0.7405753352437279,0.1882564447278172,0.20185735930073895,0.22347810302501275,0.125545434585404,0.35434187813262175,0.22737584655971307,0.058170869891624316
SAMPLE_03560,0.3382104638974684,0.45033809774514166,0.38933375608289456,0.1940180481645686,0.2579947959788847,0.21536447698326577,0.23396919048584663,0.8769567464027876
SAMPLE_03561,0.10788579349781063,0.19388984856596184,0.15603968894321507,0.9999999999999999,0.16854820000000115,0.11578472108689158,0.2675230931784006,0.09161285517484358
SAMPLE_03562,0.8912831542971656,0.42359240197208325,0.38793439495014903,0.2691027039165436,0.3143562108233171,0.20777448959063352,0.211293324961382,0.25686983603586216
SAMPLE_03563,0.5001080918648693,0.3181826335102098,0.46469246476298415,0.12130240041538079,0.6136648906527364,0.13131648394273385,0.4195768131232671,0.8204916542687077
SAMPLE_03564,0.6001594370985367,0.1981269064071573,0.32939597204551485,0.05286581444381268,0.40872027403749034,0.22236630130577426,0.1990331370611525,0.9417791967639088
SAMPLE_03565,0.8729505057498514,0.1777264297247113,0.1805925885449587,0.248365175553712,0.17070811824815227,0.34064025880802423,0.4450163483358961,0.11821995284696936
SAMPLE_03566,0.8282822431378465,0.08927489963086639,0.04114263369204863,0.32130621359643335,0.8202349252105976,0.29627496350244115,0.16998990777899017,0.7695123505280257
SAMPLE_03567,0.48689293646859644,0.6502187634883014,0.5797467533754375,0.1933008602978545,0.5267830597548295,0.14639047809326325,0.40619677278700167,0.8533540617826132
SAMPLE_03568,0.19794212010160298,0.4946591105844228,0.5563256531818748,0.9999999999999999,0.2149383692689212,0.13979918206867775,0.14044131526548628,0.4309688621216011
SAMPLE_03569,0.9319512978507948,0.184251955030917,0.2267148736919553,0.1625771954298389,0.11373387704549516,0.2586592605099261,0.24125151178242824,0.10907045084580788
SAMPLE_03570,0.9177843120001297,0.8090072670622782,0.7869705913199299,0.13004877086035804,0.40993911235401415,0.2888959178099829,0.7672038621715207,0.539883123034276
SAMPLE_03571,0.7509234435022079,0.424930122643707,0.469989313618687,0.26633813469743584,0.5833840027659905,0.24207073788289463,0.4545151625803313,0.819671659120176
SAMPLE_03572,0.7535923243228283,0.3958651966516001,0.4017343467605594,0.41903999463426633,0.5829084949269292,0.539089265613744,0.4679085868647622,0.35931125954944165
SAMPLE_03573,0.7000415792750717,0.3134958891929852,0.28331803520179866,0.3348413520931197,0.29466183480521485,0.467888723259249,0.4390327182413024,0.9336574436257823
SAMPLE_03574,0.03309052157888672,0.08015512899772134,0.06730407770328997,0.9999999999999999,0.10119892507594971,0.03410978165007159,0.016018257176511112,0.07867532767816728
SAMPLE_03575,0.5164108931304789,0.506274673896084,0.5188670954149223,0.9999999999999999,0.18758381795212142,0.10861913796958057,0.1822514670672413,0.06387726970227285
SAMPLE_03576,0.9999999999999999,0.9071731979087491,0.8512714214696965,0.8827590680237396,0.9999999999999999,0.9999999999999999,0.9999999999999999,0.9999999999999999
SAMPLE_03577,0.7634201210204616,0.2525062930575881,0.19682429974593674,0.30136604082606283,0.12041909793224327,0.299642495360467,0.38583862808733493,0.22331567724742335
SAMPLE_03578,0.8351151602175364,0.3156767946876849,0.2230033488915641,0.29991252325861395,0.24776711367094578,0.38754442331253636,0.3704958637867832,0.24350843126127353
SAMPLE_03579,0.8986176561991961,0.17694581358305286,0.20442130089679944,0.13485942515807126,0.10481130457168604,0.14893385778473503,0.14022034479109433,0.27038872743141973
SAMPLE_03580,0.1532715914147266,0.16269536748125524,0.1359414394783117,0.9999999999999999,0.19847024308129543,0.06227435108020727,0.03672178438923832,0.8545198899501874
SAMPLE_03581,0.4542662948949827,0.6600290572786869,0.6107028498393813,0.9999999999999999,0.3511275365073565,0.16300923642770232,0.18771257861339727,0.9437484505214454
SAMPLE_03582,0.718750885654017,0.5620344189374669,0.6514950799568248,0.12401268569695728,0.3565897248391404,0.35451999342489776,0.26212323503389134,0.9100106148337022
SAMPLE_03583,0.7966129895209714,0.4720585042696505,0.5425372681872046,0.27104500652900243,0.2585882629173831,0.5607437517356122,0.4496372489699703,0.3191504253267865
SAMPLE_03584,0.5580217615017218,0.20305911007486224,0.27691885238780783,0.09789926368562875,0.39363962014878223,0.18421027949909613,0.19145411338582974,0.5416321236030883
SAMPLE_03585,0.8144478958046705,0.31772292993648177,0.47995708235333273,0.24686408473482502,0.41952839783577,0.2621045118681797,0.17373995520251495,0.37910095678684946
SAMPLE_03586,0.8899507395805533,0.15986107148859796,0.24020382740376303,0.1454998665821699,0.010541455009311173,0.17227505525014972,0.2867250662012039,0.08089624868067918
SAMPLE_03587,0.2947549888927536,0.5918853637918948,0.582886592349663,0.9999999999999999,0.0891764549837776,0.0984710455070399,0.26482607749724696,0.3645812868261572
SAMPLE_03588,0.5358344716441366,0.9141941573850508,0.9343748457872658,0.9999999999999999,0.1141443445485159,0.06977646430296026,0.7078638054176492,0.7682951080239893
SAMPLE_03589,0.783403091653827,0.23617740771947504,0.6919776655616479,0.09929942553085835,0.27479050031913554,0.18438882091893566,0.1559066339251564,0.9607617687571761
SAMPLE_03590,0.4019576024747968,0.4106781331802094,0.35394208191493837,0.9999999999999999,0.20706682938773943,0.10884356448589734,0.14928151762119837,0.04967771291256596
SAMPLE_03591,0.7557639023619481,0.6842545605910408,0.7958508026044598,0.05237144201465654,0.3761692882138983,0.0809535973613408,0.35435771127506843,0.896911849653667
SAMPLE_03592,0.806277950009409,0.3371117428861908,0.33258005919779593,0.24916189800722338,0.4475140510619561,0.39335771752504584,0.4330830547989274,0.9357213060477946
SAMPLE_03593,0.7943854022265918,0.3847453100500005,0.31219640531354137,0.1395673647011907,0.2671182037091789,0.3210863184994732,0.19760697043738373,0.606864360044285
SAMPLE_03594,0.9999999999999999,0.8011035005006505,0.7269958232150178,0.8803979025609665,0.9999999999999999,0.9999999999999999,0.9999999999999999,0.9999999999999999
SAMPLE_03595,0.42932982359183275,0.7883271274393471,0.8304998232566398,0.9999999999999999,0.3460100802811153,0.10147386602026276,0.3019747201185907,0.8496993243005966
SAMPLE_03596,0.9109511707593252,0.10401757957756151,0.08344752532793925,0.19073012146057247,0.47928416002960483,0.24198239819244868,0.20058214620154913,0.4362566768741277
SAMPLE_03597,0.3156929751589733,0.06818014280834601,0.07547285354396234,0.11556626287972174,0.4243812910740356,0.15415149621751723,0.17712160802194418,0.9422369293819404
SAMPLE_03598,0.7902536051494924,0.06318145873899476,0.1869806703929992,0.26550629702879924,0.46658985289125765,0.2857578333384847,0.17427107663422878,0.18319312175470062
SAMPLE_03599,0.31597807765657315,0.7847647563900435,0.8429925292842707,0.9999999999999999,0.007527718910646915,0.04228728119956338,0.4226494188917196,0.35152075653804316
SAMPLE_03600,0.7537412876575793,0.7095524414718347,0.6015553659490052,0.30698345271932576,0.26014921835503074,0.49956873322731715,0.40274056552195964,0.36440510748434474
SAMPLE_03601,0.5455593326779861,0.5294306483807465,0.7622506849744466,0.16388608773306032,0.5728055496738508,0.32948738777522485,0.47879040909472576,0.8977401190676725
SAMPLE_03602,0.7416791999377466,0.561766017200572,0.5175432098167059,0.11099662193773524,0.2963168380598117,0.2193968564394986,0.35032117916636907,0.7810774627270921
SAMPLE_03603,0.7251504957007295,0.2250678517025743,0.13394551820196526,0.24567247601711184,0.22282357318275509,0.3401755167545219,0.18031652776332413,0.22055333383273434
SAMPLE_03604,0.9999999999999999,0.8291303591718024,0.8312471819692151,0.8804282684830047,0.9999999999999999,0.9999999999999999,0.9999999999999999,0.9999999999999999
SAMPLE_03605,0.6010865617037225,0.5614261782845748,0.4899398597933984,0.10155439330824013,0.576852978133681,0.23205307288834628,0.7265693169544163,0.95162661521098
SAMPLE_03606,0.3524206087828523,0.30902035551970786,0.3791213139984473,0.9999999999999999,0.3062618123734189,0.07011479733885345,0.1302405810781266,0.6881971565039333
SAMPLE_03607,0.9016176976965238,0.012016563754913544,0.09257483049380283,0.11254754600618057,0.22557686843983835,0.12045503850853638,0.027704231879465007,0.09287231694101017
SAMPLE_03608,0.4370389478995735,0.5007209861142133,0.48089738563798373,0.16878963949219264,0.3791887893374726,0.2749476573326033,0.19682100074699904,0.8010042079594122
SAMPLE_03609,0.7762476369193195,0.03868594593786388,0.07220756020675809,0.21353060864617393,0.07450393423655441,0.2750977220432271,0.039905039396118856,0.0414855143455615
SAMPLE_03610,0.594605169080805,0.216107999635198,0.2674216904557129,0.3090239842500682,0.2705925653205378,0.3944762316380132,0.1338993291589363,0.8341141198195762
SAMPLE_03611,0.8482745802192977,0.10233981486441426,0.14679595659345038,0.15021418016109306,0.12262187121355739,0.20826265208475134,0.19963161435437932,0.07391057205155822
SAMPLE_03612,0.7882597420096766,0.06526869337307548,0.05833803670097522,0.16521296615522205,0.0606144475904319,0.2666628423722744,0.0928280362573432,0.07768271567556369
SAMPLE_03613,0.7295345268848142,0.5421583616440109,0.5268351924397242,0.3227818449185094,0.420027437848561,0.3625008301528723,0.5528940132704661,0.3127673505514248
SAMPLE_03614,0.8252601792387451,0.7032516919459216,0.7169510753788697,0.292330933109654,0.5779184524463209,0.4215419310128051,0.7394570151092854,0.6327465815078297
SAMPLE_03615,0.7864450876599304,0.2524915512400618,0.463377009031586,0.3268617685247789,0.3522821151306789,0.4192157363840155,0.5517732878706645,0.5229695567939115
SAMPLE_03616,0.8396167190445791,0.3489187510626361,0.47071377560187355,0.35307518518510755,0.632245005650403,0.44114722014899216,0.5985764271224433,0.5288847040339574
SAMPLE_03617,0.30152161035706637,0.17249521496114897,0.2037309763183167,0.06571936973529,0.30882572303287004,0.19037086400915745,0.20313740022619292,0.8353081077029627
SAMPLE_03618,0.6296012516473352,0.48575025722603793,0.7468035448013688,0.04636935324331089,0.6294732644126568,0.11166822272382368,0.21881869946047994,0.8630439827526548
SAMPLE_03619,0.8702838996223805,0.8584582110693952,0.9163223086264785,0.34127611434609145,0.8424747374021582,0.5599137757250728,0.87245473270325,0.6480621386577319
SAMPLE_03620,0.8431155373777763,0.10917442748527481,0.09743771868318768,0.22894232915481816,0.2145822501029221,0.2907632952940419,0.1205966177288116,0.22564556736406788
SAMPLE_03621,0.8017729363690198,0.12493612989567819,0.28808256075103256,0.1999474602607219,0.47230873974286786,0.312409963268326,0.21608201656434115,0.5061934670987184
SAMPLE_03622,0.11796660547761362,0.4043565772497374,0.33117157637190353,0.9999999999999999,0.10900621207222418,0.0866167898847568,0.18831718529180216,0.059187730000392874
SAMPLE_03623,0.78376144466861,0.35121358229444,0.46638969535511715,0.2752390906398152,0.7734561431812872,0.3881350336258739,0.2346077751536548,0.848326031126954
SAMPLE_03624,0.4848753245374367,0.3776639875016259,0.652563505618641,0.06686797527393713,0.4297503121931493,0.05094175987782107,0.5116828252977588,0.8231439757821555
SAMPLE_03625,0.654727796987082,0.8094163185805628,0.8471545901451779,0.9999999999999999,0.42432838447627297,0.27233513848876156,0.6486780103892278,0.8773364180044763
SAMPLE_03626,0.8256143537096894,0.22344125955936822,0.2977933752306073,0.18959195977023285,0.17832174691064528,0.37345384765150447,0.34413736457742367,0.36523974557559635
SAMPLE_03627,0.8466157444877518,0.1959160496406244,0.36500295150874373,0.12452676589001402,0.8576982956226673,0.27871052438306415,0.3051745446826367,0.897962048588468
SAMPLE_03628,0.6926605464630077,0.5080257436261169,0.5233712429633457,0.5482543237070694,0.9253439967155691,0.4814226961047185,0.7245406834964996,0.8410102842929643
SAMPLE_03629,0.7653255774395902,0.5987162808563194,0.6063421126339049,0.08737554745336616,0.5273221342810501,0.10465271644412032,0.7626705963792977,0.8270071443148423
SAMPLE_03630,0.35639852367099517,0.13117943584707947,0.13564796433805065,0.2588129322826168,0.3161900407469007,0.29243369418978377,0.1075463103554568,0.8789959968267134
SAMPLE_03631,0.524893458785078,0.3135719780907579,0.133198323666412,0.04870644790353741,0.29220622003852875,0.055960254596356056,0.3031482043448655,0.950789827123546
SAMPLE_03632,0.23751418045059977,0.11424897419882477,0.04239657821734034,0.07436958841254912,0.46979186710389076,0.10345134699608485,0.17427255533059477,0.9799767806958204
SAMPLE_03633,0.360394042525157,0.554163976897124,0.37902581508667454,0.9999999999999999,0.04202500649135838,0.06377328273436166,0.09172819372204083,0.7344800092127719
SAMPLE_03634,0.8167515473113415,0.21281035904415838,0.13857427375116027,0.1044353999267593,0.17145149957370528,0.27502826008238773,0.1591190947319695,0.0986163139375675
SAMPLE_03635,0.8482828682698514,0.34814717523607247,0.38174976721516857,0.28015486117824523,0.5349223655954392,0.3683249173023381,0.6225256154458296,0.3342969204062813
SAMPLE_03636,0.8676158230780259,0.18076493283539402,0.17780941345913942,0.2105585269802473,0.7464584987319454,0.35685692594079665,0.21872185357399865,0.5267555560029361
SAMPLE_03637,0.8206142416261422,0.6890874012269312,0.5410215523945372,0.3175061114575699,0.5173399145451105,0.48569996712459057,0.5456193890713071,0.9511656859595341
SAMPLE_03638,0.8944503801147521,0.06731507148334041,0.131646906871138,0.20807804468523525,0.20369747232264193,0.15012303743382283,0.10470559426177922,0.17987786994232086
SAMPLE_03639,0.8842828087540751,0.04273720160132717,0.0868954902979686,0.18371017560737782,0.303472475055244,0.2653040328320743,0.09224572689402356,0.049047154744306015
SAMPLE_03640,0.8202800480012269,0.45012805801356814,0.3765438655165897,0.30426872296437585,0.42682907213651144,0.37691368790527313,0.28352534486694864,0.9120461138836705
SAMPLE_03641,0.6219583016169581,0.6330868898095863,0.6081944279289924,0.19087315936557614,0.7068062626706184,0.19115961413220595,0.695537212058803,0.953145395434513
SAMPLE_03642,0.0965408756363717,0.24464600434096756,0.2101944053591786,0.9999999999999999,0.17138062909922577,0.20648120347265864,0.04828324130885174,0.1300737731185157
SAMPLE_03643,0.9164512865720611,0.4439777305769613,0.47292563058337145,0.33014335909232473,0.2303716134115044,0.5983889482612448,0.38278142108100754,0.20957357350372918
SAMPLE_03644,0.4315902652174487,0.36998057620102076,0.44486986038074827,0.9999999999999999,0.17753814946537852,0.16382578008920537,0.25629276975511095,0.22240672306321185
SAMPLE_03645,0.8266000702824483,0.4079522317403138,0.22772544436263303,0.3115521673347859,0.36524083823331643,0.3019900997758839,0.19915164234922783,0.9275359627815578
SAMPLE_03646,0.791946371837168,0.03303702842150568,0.03754923662692829,0.07744559169172092,0.26750155139243625,0.139446391552861,0.2231187685823236,0.8397886594955534
SAMPLE_03647,0.8491148232260284,0.11704214853774492,0.23436608896079814,0.13940860085858267,0.07537490445531583,0.23799686625700628,0.20683518176775054,0.07393021686300166
SAMPLE_03648,0.8756172227112435,0.1837916059489827,0.24935904827792021,0.23847315991205015,0.18675965518385235,0.3133096675451054,0.17056024289749908,0.31289851798716756
SAMPLE_03649,0.26948137122251703,0.45157713261935484,0.5471559095790036,0.04922133169124347,0.40367474470361997,0.15960663891560858,0.15207914816820686,0.7959814632758324
SAMPLE_03650,0.9999999999999999,0.7578091554398738,0.6476843473574834,0.8838667417365266,0.9999999999999999,0.9999999999999999,0.9999999999999999,0.9999999999999999
SAMPLE_03651,0.8972837677803425,0.10258601580954559,0.13199837804953163,0.16291961286098303,0.06720268199760228,0.21044182422307814,0.06497890683583168,0.03342614217508143
SAMPLE_03652,0.6478164802573456,0.18860071850915455,0.18418262164528743,0.18811378188620295,0.5198387205071138,0.2790271587344385,0.40275716503874676,0.7067660827530662
SAMPLE_03653,0.8325558978731156,0.4215704877970259,0.7095984358505207,0.1454259110386126,0.36677626441557876,0.20067542352074483,0.433377240410435,0.3996339269966856
SAMPLE_03654,0.4112870344786652,0.40522527382929663,0.33909199619734487,0.08037002809826033,0.6275406090677413,0.13513603115563233,0.4098796567662999,0.9625665512114396
SAMPLE_03655,0.9011173476398431,0.42372518298306544,0.44380187618921413,0.19652333837774927,0.12629656493694907,0.26770177604394657,0.27334207575554625,0.3005898584145645
SAMPLE_03656,0.7396940696074581,0.8853073421745112,0.8328147687723455,0.2216144392402463,0.4024417993122203,0.3333932657084836,0.8791929317297575,0.672157292454259
SAMPLE_03657,0.8717840929110556,0.11538795388955869,0.0813850291448473,0.14245077121560262,0.06880450312953337,0.1795822318727226,0.0581611556442093,0.0905146588355807
SAMPLE_03658,0.9226179283347831,0.37188095900763096,0.4280607389868567,0.17783056475041778,0.23689513366656992,0.20897654503254096,0.3798777226618674,0.18394897915939717
SAMPLE_03659,0.8537832282705888,0.3491037372537391,0.2688105328008594,0.2691591347265195,0.33825548590891785,0.4294501235139183,0.35360560251340706,0.38046823518723827
SAMPLE_03660,0.920117878771392,0.49486455680807406,0.4762718447626088,0.15631355575632022,0.15663604108599896,0.31779202874930934,0.3875118733136709,0.26643676211799694
SAMPLE_03661,0.9011165932353637,0.05356587300009967,0.053125280324990094,0.056931329543144026,0.027972252971052984,0.17137661280481142,0.03694327353386326,0.011225421517073586
SAMPLE_03662,0.3350577554995532,0.38527568611783936,0.38797123744227713,0.9999999999999999,0.11003606874027538,0.14181164273378816,0.37335749946030783,0.18059855594579288
SAMPLE_03663,0.7507192085049963,0.6414516702841055,0.6237748180156828,0.20004258598190552,0.4456748684016429,0.2845466650682206,0.5530146008703715,0.764013897907156
SAMPLE_03664,0.9011175786346561,0.0673983833527239,0.1640995372729134,0.12372933815841941,0.06553194604016191,0.14915060933247087,0.19610360212324823,0.1587274726907901
SAMPLE_03665,0.8949507104142926,0.9367032358921057,0.9569235777283729,0.372307539418542,0.8951718914501645,0.6500653607132013,0.9778655024958498,0.8688208577619303
SAMPLE_03666,0.5515407052354884,0.24993710355740623,0.35401718499209034,0.12709525681863684,0.30460138795294334,0.3194487634002581,0.32374432945056053,0.8200787721058194
SAMPLE_03667,0.7943617694371288,0.6573149751220451,0.6994519805653856,0.13732700192786723,0.6564290880078172,0.13448195797768328,0.2814249079040359,0.7949782442496378
SAMPLE_03668,0.5349064727779329,0.5416729645866857,0.6025210317537291,0.9999999999999999,0.5793047999747067,0.25532130707350725,0.1904099761459462,0.41881161786844584
SAMPLE_03669,0.9057843744068432,0.22630197452391662,0.24605739999227266,0.15130025371829242,0.2611835181244539,0.3645594195837229,0.1901916032065969,0.2115605665298
SAMPLE_03670,0.7627281167288225,0.06086005780276056,0.03400269089080654,0.30703602097424165,0.08437523381829604,0.1930330570349137,0.09093124551705062,0.14975405264578823
SAMPLE_03671,0.4972955597398708,0.350278856937956,0.7189276948084738,0.08753609834608343,0.6049156951835002,0.1449796756124274,0.2774631706325424,0.9169962836097147
SAMPLE_03672,0.3618924464734135,0.5573173446943427,0.40766837548292023,0.12859923731423978,0.2640477582061465,0.1645082270839438,0.13762906320559593,0.16405155011491598
SAMPLE_03673,0.382595977399034,0.24084019554278452,0.20897900070035855,0.07041718354748897,0.21659701974523637,0.07281516718638682,0.30919419796337305,0.8731750100135311
SAMPLE_03674,0.7575947444452736,0.21825645391537923,0.25073100580001917,0.16564213750751855,0.5700643637454965,0.44930611077726457,0.22969652390125053,0.2756516548704482
SAMPLE_03675,0.8404496183618727,0.020871646271783104,0.024444017215966354,0.17715493708374463,0.04990450367485368,0.26970918545786216,0.04703606833844462,0.03393841275664103
SAMPLE_03676,0.9077839431489689,0.22448277784272702,0.3118213834557644,0.2777845913067122,0.17480600829505688,0.40624533432531484,0.4144159877245903,0.18313577666583872
SAMPLE_03677,0.8679486662624577,0.4482001038681856,0.4879339249156235,0.27590238427841374,0.26170749980256575,0.35631567386732854,0.4660683158322153,0.23492394867560806
SAMPLE_03678,0.8487820482071885,0.85272749121343,0.7644149528656827,0.4965143817351904,0.5953696490359988,0.6000289897228017,0.6236386657119017,0.9026862609704865
SAMPLE_03679,0.49676736775575403,0.9230287105907715,0.9112768135899287,0.9999999999999999,0.18881879509739624,0.19024021404946315,0.5549178584924284,0.7308225566424345
SAMPLE_03680,0.9049505691434769,0.07769715307501368,0.057671251930298935,0.21183082707968048,0.1036522164552655,0.17861181979907567,0.17059525680592783,0.18073496246047321
SAMPLE_03681,0.7645851979869609,0.3011130453286736,0.25877967211921604,0.2474538138057949,0.30770105304359896,0.36593468896047343,0.23851302035121655,0.955919554736906
SAMPLE_03682,0.4797101715968685,0.41794936340789834,0.4704193691908414,0.14768828644702434,0.35542563423228485,0.20521777872577862,0.2753790439339315,0.4043931202905718
SAMPLE_03683,0.9171174414374959,0.15373503319571577,0.3468346789592872,0.21588713496572742,0.4517621772980458,0.2789824687487887,0.19792847508955716,0.38218659237709995
SAMPLE_03684,0.9036175395903124,0.17272174157275888,0.11083577506197595,0.2026527676694519,0.09316037033990492,0.30097498354260455,0.10395140536170941,0.05061153359741753
SAMPLE_03685,0.8024456419510907,0.6358553399758022,0.7357470591531013,0.3981007394505052,0.6632431220517008,0.5081799826405154,0.7278378011612113,0.9265656864118215
SAMPLE_03686,0.7773007269764252,0.5594244093333263,0.709829112418056,0.22249293269525505,0.5233979258416086,0.34849624935958795,0.5033414739668114,0.9209739497030345
SAMPLE_03687,0.9152845621569238,0.13987016841175523,0.2736105220783697,0.1880127900776132,0.15667860539076128,0.24206575822636073,0.21794843623981558,0.11598304306285742
SAMPLE_03688,0.873615776116738,0.25037560522013375,0.3324677193476093,0.14879698462763605,0.14381594421427393,0.34694147037623446,0.15195845626241225,0.06714929807056365
SAMPLE_03689,0.8041069209196805,0.15806232579850987,0.19351449318067068,0.18796266494846042,0.24105713283104802,0.2265975601252339,0.13352306752832555,0.11310777358412812
SAMPLE_03690,0.7378241571289429,0.20590490757368266,0.20189384412674546,0.23348686697130228,0.12210230707927132,0.35357786891766924,0.10863859011466753,0.1503100775600511
SAMPLE_03691,0.1812032189062682,0.7105039936136688,0.7388938011412405,0.9999999999999999,0.4577769876204819,0.16767739002044316,0.5602523459584308,0.9028055102708288
SAMPLE_03692,0.807778937207223,0.05429723541012166,0.08622835885122991,0.11383625750051822,0.27529841991985815,0.17468624985204034,0.08776356128236569,0.3030059805800064
SAMPLE_03693,0.7066586912911129,0.6410533834033156,0.6886792724740034,0.5798340458014855,0.7011275910330752,0.49644536047773413,0.8034152070111173,0.8163620403791538
SAMPLE_03694,0.902784052084614,0.1776230428061669,0.3286123659113185,0.2546375797360233,0.09506045119380203,0.44498216209713193,0.4481948796630698,0.1962371968418124
SAMPLE_03695,0.9121177752599356,0.08097095105095126,0.27035545559660557,0.15385555250921584,0.052850878604699905,0.19997257788592512,0.25389467998620513,0.1470907761796932
SAMPLE_03696,0.5258517843439282,0.49215868761477377,0.41552187664016055,0.24230781233069293,0.37581604074678243,0.17644965914662208,0.34421384503433944,0.8591849293744149
SAMPLE_03697,0.42062771375479774,0.18831517783891188,0.2582277537621081,0.1326083182104427,0.24620264815123794,0.3912010231421515,0.5477146212407786,0.5760065529537453
SAMPLE_03698,0.37740946653653656,0.6989012274756579,0.6688270489333632,0.06736312140635753,0.55986209014476,0.07514021879885335,0.3883859534649726,0.17548867428433362
SAMPLE_03699,0.5190727162596659,0.3647070767111733,0.28692975282814936,0.08837548908370527,0.4929350385132617,0.1058226120147318,0.17537822314130172,0.9280294460657323
SAMPLE_03700,0.8464480244318799,0.4418598464718364,0.2967302170227075,0.32640665531009705,0.14163640887304346,0.21774669641142455,0.28948418952926624,0.5576125002957955
SAMPLE_03701,0.3229320184686376,0.48556900719616364,0.3419437365184716,0.1799440016793684,0.46926454193230144,0.29226678685229834,0.48645031778680214,0.9615659607250595
SAMPLE_03702,0.9397844831040442,0.5934554747527093,0.6146609231918547,0.4281762975986727,0.6938819038638524,0.5715274856296205,0.5831428639668179,0.381066982470653
SAMPLE_03703,0.9999999999999999,0.9265236940145558,0.9630816407272464,0.8777883925024325,0.9999999999999999,0.9999999999999999,0.9999999999999999,0.9999999999999999
SAMPLE_03704,0.8714503895789023,0.706748709289363,0.7656559904472142,0.36318292671522656,0.37807759571147237,0.5160858210771364,0.5318659003378748,0.3246577515772461
SAMPLE_03705,0.76037847747547,0.5332297052662269,0.5810342255638573,0.1779831711425363,0.7646515069068225,0.1970070229817707,0.5423987302995397,0.9523422322903459
SAMPLE_03706,0.5765590083950451,0.23455436457231202,0.09138044216925786,0.04919781139807698,0.5629718918719837,0.024107286405746928,0.31041533483248873,0.9663196330190373
SAMPLE_03707,0.9167012900704415,0.09352886751695112,0.14800060697691186,0.1341131652197919,0.24731450393706733,0.28167689891779296,0.14632429285997892,0.16124419488991582
SAMPLE_03708,0.6614901092729268,0.4098111807270383,0.30767424754875794,0.9999999999999999,0.04971478464759868,0.12629747478357964,0.18487407938230574,0.1038183536820423
SAMPLE_03709,0.8642835842822112,0.06459243362808399,0.09154892576734898,0.14335345881739586,0.6411500750986683,0.2372878022274009,0.11962936036982913,0.41096644097724777
SAMPLE_03710,0.9291176006302238,0.08610589986859046,0.11400047259559787,0.19982285579885448,0.08978852409313563,0.21196352973077842,0.09292250281353895,0.07130695093173511
SAMPLE_03711,0.7696385035488624,0.7926748111216774,0.8729788718636634,0.11494566544270945,0.8531249568379058,0.14849452318116227,0.6241780470544275,0.9440277950530293
SAMPLE_03712,0.7577295739084227,0.3044621029988842,0.4699123410211203,0.11270278546810727,0.46647433040706693,0.30334817312316675,0.33018494143933924,0.9070832498971875
SAMPLE_03713,0.8394487171889653,0.09250163555330805,0.30188813570575346,0.11280769868319145,0.12278241589987135,0.20003963830537153,0.1194678020866378,0.12052042220420356
SAMPLE_03714,0.8187765992801307,0.44691781168429945,0.19296430805345904,0.35324434946632993,0.407275451270413,0.4634217120832723,0.6662309774841375,0.4066241102257334
SAMPLE_03715,0.883117549930662,0.3102046955566349,0.14553968923079943,0.11470944120299946,0.5166496408790051,0.20426845647544675,0.18165706699827938,0.25452509696685155
SAMPLE_03716,0.48819827774062596,0.5328387779457078,0.6629860165730066,0.09124636288419576,0.26441056972936555,0.10397132847151776,0.378195464946964,0.9755451485822169
SAMPLE_03717,0.8471162251722891,0.06228536801635383,0.026858812614039308,0.1251565807190966,0.05477207604977516,0.1459234081234223,0.10462238693041738,0.04291024187608277
SAMPLE_03718,0.9099507859931453,0.1038359332923073,0.22222359739971378,0.15811497567066884,0.13002643953011445,0.1818203516283212,0.2627959999606629,0.13391008192612894
SAMPLE_03719,0.7193495761577042,0.7076926322830612,0.6471715576222874,0.3832564901945805,0.4282815366498298,0.4817251056107452,0.3952521657963681,0.7066426135649458
SAMPLE_03720,0.794609078954001,0.5192819916737152,0.40897326319025323,0.10103694722498942,0.5663508639134436,0.25232828116897915,0.5915295449322122,0.504659649245527
SAMPLE_03721,0.35302326478133067,0.325896549012891,0.25088227238772975,0.9999999999999999,0.1279720772506815,0.15438274287103662,0.17536989298351566,0.03645189810148099
SAMPLE_03722,0.9999999999999999,0.7447924633533167,0.647575665030126,0.8857502912039079,0.9999999999999999,0.9999999999999999,0.9999999999999999,0.9999999999999999
SAMPLE_03723,0.2134579986833167,0.4323805973219519,0.35780803946251916,0.9999999999999999,0.2030981045149567,0.09212684383758231,0.06565041312187005,0.029875898561959678
SAMPLE_03724,0.625000820505468,0.8711011262261412,0.7886280722575043,0.9999999999999999,0.21532976988698185,0.19504700063132074,0.323334759467082,0.8987482583594908
SAMPLE_03725,0.4222085763889346,0.3363360613862991,0.514266982348605,0.143891411818333,0.34446302236908066,0.3541102446773083,0.29020242117422196,0.9064362661453829
SAMPLE_03726,0.7213093509351158,0.5147922582040522,0.6316202498428289,0.303588290496841,0.30382059675278095,0.3422252477704286,0.5279637448492053,0.8945310773731032
SAMPLE_03727,0.7731066632231194,0.45277924893360144,0.41698060967907297,0.3963084286752267,0.5366704769039499,0.3126822598146812,0.3521532277446925,0.3035975746848173
SAMPLE_03728,0.5578456543146969,0.3116435965192144,0.3662490021264381,0.15850133074040224,0.3885786099155168,0.20397649296013293,0.22882485617296683,0.801157372855807
SAMPLE_03729,0.6032189281309217,0.9536638660946668,0.9183598843986216,0.08607131167906391,0.8321158734039882,0.716470736307356,0.8256004647931436,0.9022180588332416
SAMPLE_03730,0.7592074271129767,0.8780851370323155,0.8905404959874257,0.2875415216725731,0.7401144984285775,0.23685308124471952,0.7355844191965368,0.7227488974340749
SAMPLE_03731,0.8147817598011878,0.27901357167666246,0.40718264923137687,0.24415114486474987,0.2550948821555289,0.3397971311939964,0.3071796460252267,0.2562520939249067
SAMPLE_03732,0.7672713787130605,0.8181099161185159,0.7662003737210239,0.9999999999999999,0.10494525107757618,0.061107976986588965,0.39839717190070734,0.49065518178238443
SAMPLE_03733,0.3869840645930978,0.6940680450321289,0.7025179607100639,0.9999999999999999,0.3385280125292465,0.2704187999461471,0.15381138221313267,0.041881661110443134
SAMPLE_03734,0.785106769188374,0.4127696623856354,0.47762816305628675,0.32622101285346244,0.5893266836873654,0.4255591917726013,0.7199156430384176,0.8222882108666612
SAMPLE_03735,0.7543470313543017,0.6184289257824689,0.9180808437467969,0.1718867104021045,0.6935718521647385,0.39455259479401183,0.45478145093037736,0.798891615629586
SAMPLE_03736,0.8451096338582217,0.4719568919896803,0.38284602831440595,0.2663261044328075,0.6764768292065042,0.4172853713098462,0.4695581872672988,0.9336628639884839
SAMPLE_03737,0.9999999999999999,0.5376621927270973,0.491208302214663,0.8838246617104829,0.9999999999999999,0.9999999999999999,0.9999999999999999,0.9999999999999999
SAMPLE_03738,0.9031175228578419,0.1434241549010937,0.18956771257146837,0.25005082964180075,0.033852187905874014,0.15294501026045057,0.1329272392243527,0.052897531379743276
SAMPLE_03739,0.8937843011293607,0.2494807659693211,0.08996828322333664,0.2663467566154679,0.17177437791540043,0.3962119050197195,0.1661578334541361,0.27670913864234836
SAMPLE_03740,0.7713551922311159,0.0614842812164704,0.03580968311689253,0.31166112213825437,0.629483011141083,0.25669987661694593,0.1388743245424967,0.37581246633520354
SAMPLE_03741,0.7667478241990892,0.19189993132662175,0.23136065934799224,0.20649030751162378,0.11496669908757304,0.2930933319825643,0.21848181755158527,0.11815329110100149
SAMPLE_03742,0.8297757738285934,0.20733608829541816,0.14238992360953234,0.1994896687387745,0.12326972025080594,0.2836823001422632,0.06702053902339115,0.1214035079476534
SAMPLE_03743,0.4271431396084959,0.6530832691250816,0.7223353318730837,0.03838157251185374,0.5149323648044675,0.11651189822574247,0.39435703118343335,0.3340532332585212
SAMPLE_03744,0.31227260050282835,0.7645991174946711,0.8354108537301351,0.18005687987501534,0.6035200260564108,0.28262800232513197,0.5454671275806453,0.8225401078025119
SAMPLE_03745,0.4380718827422462,0.47488210922121926,0.38520523935447815,0.9999999999999999,0.20947615792583008,0.04894626276662322,0.1633471358745409,0.6765474772476929
SAMPLE_03746,0.914784601671145,0.07965164820566902,0.16040701179262873,0.216444376479979,0.1403167210995377,0.2701787111078764,0.24005481383045252,0.1849080369163843
SAMPLE_03747,0.7887762459688792,0.6483701645410445,0.6137952983421315,0.3203312951708512,0.788178089942869,0.3493118539591116,0.638639680769771,0.5875375483549377
SAMPLE_03748,0.3073439222211974,0.3239312044672926,0.3614267591072773,0.9999999999999999,0.10110190751650251,0.06597345558352306,0.0621281455544731,0.08101239150556852
SAMPLE_03749,0.8169463999954291,0.12033900025468412,0.34827475255573315,0.12538341537247855,0.049359557631065684,0.17636238024528245,0.3050742409396688,0.12909658080754166
SAMPLE_03750,0.37820822652687813,0.3255073333584269,0.3924905586726781,0.17242872477575538,0.4526970465062843,0.29293682629323764,0.5191586180494303,0.8423951928684484
SAMPLE_03751,0.5682242152800936,0.7050918869321487,0.7511973768611334,0.9999999999999999,0.030013311989567467,0.018440518581503612,0.11118791356220026,0.09853950411455858
SAMPLE_03752,0.16942273644950712,0.31257221270942404,0.3074082393438663,0.9999999999999999,0.010416445218970893,0.06012675758997216,0.049082447522889844,0.06024542389165051
SAMPLE_03753,0.3004713814387012,0.18686059907506636,0.19503604586673565,0.9999999999999999,0.06611419317006056,0.06410994580909242,0.15225307968757046,0.33039224820483887
SAMPLE_03754,0.08042901478446787,0.21051660688518603,0.21414054415837816,0.9999999999999999,0.35200955425050684,0.1815131583029618,0.053706966486968946,0.8154587443488244
SAMPLE_03755,0.7760915213828399,0.6164887579091738,0.7885985122374924,0.2903440177479538,0.5298834967193919,0.3833303199769441,0.7067124273201858,0.422343179936833
SAMPLE_03756,0.4557329259421574,0.24735402556077343,0.16625299512159936,0.10956896116854462,0.3047057581291675,0.13299972912805355,0.15482259175558682,0.9249073339726752
SAMPLE_03757,0.8809505124986206,0.2707360045963163,0.3933817470455133,0.24585870135158577,0.21582574496728346,0.29998326496238636,0.1529527641100904,0.16491828194975816
SAMPLE_03758,0.7336882459345729,0.3264294405698145,0.29805489138864655,0.3010487336927378,0.5742725618323381,0.3744935779019303,0.3515811269882916,0.8499211529921208
SAMPLE_03759,0.8611169776274901,0.29386268785185454,0.22191884106173165,0.1388426963029191,0.7984661685579926,0.19700333564370584,0.20470544559553824,0.6807741834817316
SAMPLE_03760,0.7286900087200544,0.7174327323855803,0.6898762597397482,0.3577441036693658,0.8212137795271552,0.2830442818892172,0.7714784159431236,0.8683016816927234
SAMPLE_03761,0.8182503053110248,0.14761307951661284,0.1580883461499148,0.21845708033894864,0.2765063291448154,0.27836275577701075,0.13357845721453415,0.20923657803369003
SAMPLE_03762,0.6006227255653478,0.5155741555482842,0.4902082038252626,0.9999999999999999,0.36813149199104334,0.18552268907821448,0.18293333680368976,0.34197500444361617
SAMPLE_03763,0.7372272646830516,0.3885887858966766,0.4019674798350649,0.3386931899203939,0.1784061250218114,0.4049852553017529,0.3055392949148912,0.17574575683144983
SAMPLE_03764,0.8047787545730679,0.21727683774193238,0.13639431821705278,0.35123445600147785,0.36594885576362685,0.36398218832275514,0.288158323843312,0.9050146877070059
SAMPLE_03765,0.8442828985967437,0.11729570116132056,0.17377081250862136,0.21005460529187217,0.20846804144182557,0.321089309621831,0.35470441231077166,0.41661074361863704
SAMPLE_03766,0.7902776827423359,0.17563289891038833,0.3345545839498031,0.1536292426019684,0.6696539786630946,0.2247618178388939,0.28095518368069416,0.3632780028428038
SAMPLE_03767,0.854950358844147,0.19540813597842485,0.08461984568486305,0.21648037607769147,0.10919349296975366,0.20708501918082017,0.2576278222281902,0.1273290561217987
SAMPLE_03768,0.1670506614951639,0.10272731745576894,0.0920743659465819,0.9999999999999999,0.09612607496228462,0.16119372817816066,0.03659848956172282,0.8681284248032226
SAMPLE_03769,0.8967842538628141,0.04836431299455571,0.05626037750244077,0.21356745766725196,0.04445167011059067,0.2568948470710144,0.2289531625036523,0.02995480913526695
SAMPLE_03770,0.12277845009932303,0.42869976931917564,0.33062077052110206,0.9999999999999999,0.24523852121152334,0.2070846221888999,0.09541739358306936,0.9271804939238069
SAMPLE_03771,0.7922210878773748,0.15675138119006418,0.23903276181680583,0.16840221321784885,0.16832903787327919,0.2312500663899792,0.2424091333321558,0.2720662316500819
SAMPLE_03772,0.9271179590210907,0.2322230998977639,0.27280514474390294,0.21291474666970692,0.17357836746845146,0.3641264976922896,0.34791488182588864,0.3434071934401203
SAMPLE_03773,0.5120932292900682,0.44254229886208996,0.4441579157549503,0.11518186409276807,0.5402629231970784,0.18001111571000858,0.24160536912823216,0.9348760440449553
SAMPLE_03774,0.4702718645686179,0.859374548328053,0.7882200222641706,0.22491645424518314,0.4636173994364174,0.2487632335832989,0.656310211940853,0.9035925074812172
SAMPLE_03775,0.8751172994523082,0.343796181598988,0.2228970300073668,0.25946065842375887,0.22063349078714742,0.40247162971627787,0.29341197869209323,0.40670753183219643
SAMPLE_03776,0.7659336754803303,0.19872928267031828,0.20941375590265382,0.2339623782584527,0.2535490979007845,0.14751926436168591,0.12447631728613011,0.05047830655800009
SAMPLE_03777,0.6197962590923721,0.24252584195176502,0.2287600193888552,0.9999999999999999,0.3425448838298189,0.13952370207005507,0.045635986354386614,0.36596791523798616
SAMPLE_03778,0.7651000068493949,0.1860620309571731,0.08702943471180194,0.2852008961606509,0.16705784433429097,0.2691831392857451,0.19112924196457162,0.1182105586456168
SAMPLE_03779,0.8516147169801257,0.26308888058318597,0.23909987499120386,0.20911952890818383,0.15334734218981128,0.3077760068227187,0.24949694915897036,0.10408739987587028
SAMPLE_03780,0.6616026544483878,0.273877454520848,0.35613768600608964,0.3478011974385038,0.39291192959638305,0.4740926948882571,0.6295873365867259,0.9264843897062011
SAMPLE_03781,0.5456765820345071,0.6637485580397104,0.6321372748078209,0.9999999999999999,0.03491669116480867,0.08545355157482341,0.2299619121790376,0.751835257390324
SAMPLE_03782,0.756208379035922,0.5612920449521805,0.7423021397767959,0.11123331354582025,0.7024150853920752,0.2403846510231424,0.2396326474088249,0.8415171843704456
SAMPLE_03783,0.8596129121449247,0.1344434100388528,0.22271657822357727,0.15406174678513326,0.4399550151919453,0.41370645485540625,0.26843654153502583,0.1893405595820223
SAMPLE_03784,0.8797837711708143,0.1517802368328931,0.2785048570684729,0.16001937608281613,0.3391221814474916,0.3132462343811696,0.5420658551535584,0.4562137742851876
SAMPLE_03785,0.9137845491250902,0.783289094423091,0.7596360760937817,0.15437516759847622,0.47037368883716457,0.2487389461475466,0.8039541593353523,0.783666395683533
SAMPLE_03786,0.7877204879805348,0.6338105010293422,0.5363487414328052,0.10372029682790153,0.5268418495105577,0.1299951440783025,0.46662813571580564,0.9265881279276471
SAMPLE_03787,0.8077232695270462,0.44869297692988386,0.6991914240541407,0.08904050432854196,0.8115599569192415,0.13580533604651512,0.4816607211975238,0.9654776078801779
SAMPLE_03788,0.8741173234105994,0.17843577340239714,0.3211013044024573,0.09172065657415303,0.6505731755664168,0.30593626796192974,0.19220411498300907,0.4561401753375509
SAMPLE_03789,0.6207694424440391,0.6981237383976646,0.6824949792173125,0.9999999999999999,0.4501112502365768,0.48789326951314294,0.5200436452901579,0.7199734883293896
SAMPLE_03790,0.19384261195973862,0.48486511839498164,0.5071883134331217,0.10327739221771924,0.3644063264240822,0.22747715261794837,0.2436516247492417,0.9783691253659816
SAMPLE_03791,0.847949017207126,0.0807436075537916,0.11912351046935156,0.1010666200830344,0.020353626010178816,0.36851435226742596,0.13101120723396592,0.013197959240860667
SAMPLE_03792,0.7376075845797008,0.2683993484920887,0.322685341455775,0.3544072822510477,0.3548482953914279,0.42564196711881563,0.130444467141328,0.3612716701481308
SAMPLE_03793,0.47995561574902623,0.7723023455371525,0.6020797844334087,0.17227653611071067,0.2428825137567701,0.20943829540086,0.5763390483164127,0.9478501601143585
SAMPLE_03794,0.4776684074994916,0.8190541107064234,0.7808083620452935,0.9999999999999999,0.09801418778546467,0.3185907806183177,0.5968391990111799,0.40798926000577546
SAMPLE_03795,0.7233886490687708,0.6823943737587257,0.716182690742867,0.7072115159728565,0.6053146712176369,0.5674576561991458,0.7308913054330977,0.9259666082193125
SAMPLE_03796,0.8437810816143236,0.3965365000198811,0.8328812791214708,0.26405844202836093,0.9324125483028598,0.5411682201916087,0.9411035198711557,0.7992466040949618
SAMPLE_03797,0.2697259062348645,0.33408474837182617,0.4347101286711101,0.2848430457482318,0.2613625994870841,0.1208104936481411,0.10946755307836051,0.8582435718995916
SAMPLE_03798,0.8047715075641199,0.35584344226724307,0.37749460587084593,0.19759669392383433,0.326652172076752,0.24084436766278272,0.22320868738712002,0.14676172397414722
SAMPLE_03799,0.7545650512157689,0.027231142019491283,0.021133173466118125,0.2719782644646138,0.478097178249016,0.3056050343334008,0.10876380309671956,0.4272436689270805
SAMPLE_03800,0.23236533272997517,0.44896392873713575,0.6609256591393573,0.17938947403179759,0.4790148594098217,0.28149393080639873,0.16469914253568912,0.326030417157931
SAMPLE_03801,0.25914986577425825,0.42027349214349,0.28720714643722745,0.9999999999999999,0.07929006715904822,0.07615211524759966,0.016593345143625923,0.046685943863305046
SAMPLE_03802,0.3602825445826303,0.85367702513081,0.8360663284124277,0.9999999999999999,0.07171609977093227,0.11678497293773318,0.2059723839553543,0.22953102688199406
SAMPLE_03803,0.8067467992709513,0.5115250710869788,0.7296374901599472,0.12722167122063824,0.5438376838274062,0.49159362797603234,0.5384716928620767,0.4500437256216399
SAMPLE_03804,0.5657771646115588,0.20054748115444548,0.29578892051373984,0.16374535346429192,0.374325848160292,0.35679001136690086,0.1291572049265426,0.9417139585433243
SAMPLE_03805,0.5269140771274508,0.6980903646235628,0.770845321718459,0.07223278545308029,0.4576017380582111,0.2186137903803482,0.5175860808869321,0.4029176929705566
SAMPLE_03806,0.7941886651708183,0.6707436092223671,0.6727867738395518,0.2064970442388453,0.6151440962121724,0.13705740019076784,0.4333995934072372,0.886084564707178
SAMPLE_03807,0.8677841213505435,0.20939863069621542,0.20371574818520638,0.12856197016345694,0.11617004647005738,0.3188800277349189,0.17237910201694165,0.12114993227359347
SAMPLE_03808,0.7780149470917894,0.7111039008171056,0.6835660400939834,0.07937301239467603,0.6649549185707189,0.21418291505188844,0.6857590826139711,0.7467489620044314
SAMPLE_03809,0.6352988827803588,0.35508262147880576,0.4173924146250741,0.14275117103332588,0.4849662963686745,0.25876844531150855,0.22381515988725587,0.9737125649656919
SAMPLE_03810,0.8094387194058663,0.1618877567805542,0.180066483131202,0.18940806588325676,0.2441391292282052,0.1532048770580301,0.15455620744545623,0.11521241867867366
SAMPLE_03811,0.3967442083872068,0.3939462879475925,0.3552667541752676,0.9999999999999999,0.20775706880818962,0.08694455849795535,0.11630460924722215,0.22181607015981017
SAMPLE_03812,0.7036965930332696,0.2590620284559715,0.2490515593094818,0.3375497448703194,0.3007403716418299,0.4341578729592639,0.42603521831965163,0.8953095668702526
SAMPLE_03813,0.19181569717397629,0.5091307825802963,0.4216027142391867,0.9999999999999999,0.013897326349854341,0.032613734513238984,0.1479110353436473,0.16272770064832492
SAMPLE_03814,0.8587803616899479,0.14974265388728247,0.10761459492606512,0.23885928994778027,0.3450672290661192,0.2116129124832701,0.28679290160764614,0.35044991678254434
SAMPLE_03815,0.17734781205704608,0.3111044974061935,0.3988091828609415,0.9999999999999999,0.06463887662394609,0.03577859232838737,0.05309898007357161,0.046937154068901324
SAMPLE_03816,0.7782052896809355,0.5988387229241686,0.6251869720032759,0.2997619765214885,0.5556597112749726,0.40103364946308045,0.49769396085862866,0.8577526939430014
SAMPLE_03817,0.9197845821948225,0.8269196349648897,0.8522933778144268,0.29643754787436916,0.6951668648825298,0.5612447013380246,0.7007669240747274,0.6458133213561095
SAMPLE_03818,0.8869507940148204,0.1705631870804771,0.13399209116732086,0.262959999733397,0.18342838937055805,0.26421878396764953,0.42188062343403726,0.3330033928750936
SAMPLE_03819,0.7763205242210324,0.568289985368762,0.6149013694029073,0.3153926725187769,0.5080797370354515,0.38459849150136316,0.599980574767548,0.7399126741695485
SAMPLE_03820,0.7496812792231782,0.3036860372543389,0.35380556424371523,0.34284697037365436,0.4955785650542016,0.418833064487094,0.23492115366490074,0.4587292419807875
SAMPLE_03821,0.28969897028961616,0.4770553668999902,0.39813003642856576,0.9999999999999999,0.22789306560125513,0.16051779728342544,0.10727576792420815,0.12774160247978716
SAMPLE_03822,0.8237820075382813,0.05001072897040289,0.07019656850023188,0.052411952481124104,0.21775041095843561,0.15669775676671327,0.11408634881440831,0.13201009504448505
SAMPLE_03823,0.8491143528246369,0.0948166865471416,0.145241886047684,0.21126184573387197,0.7371582148168976,0.2390305181993885,0.06153759803447041,0.35351171378293256
SAMPLE_03824,0.919284590105093,0.7376200889863364,0.7576691491612266,0.31726616582812783,0.8031662065870759,0.602841997338575,0.7530408900071359,0.5140351326947094
SAMPLE_03825,0.9002843028727459,0.1691844858582338,0.09299321029956234,0.15403634773605937,0.03735043605070785,0.21944116641942116,0.1288999944605476,0.038781360213703854
SAMPLE_03826,0.2872489044543202,0.1998185527698029,0.14004695142605647,0.24348287705356053,0.16394720088240755,0.2619157556447443,0.3299664009910402,0.9560410624833254
SAMPLE_03827,0.49500016564685156,0.35934930560511863,0.38914467380159456,0.12627730767168716,0.4767086951521782,0.20875621953973025,0.31536745926121335,0.7885402919099671
SAMPLE_03828,0.8917840832640731,0.49491846732452843,0.36012858914788926,0.1734305518352171,0.34206132269370126,0.37634175442264206,0.502392627756332,0.31088394033043687
SAMPLE_03829,0.8639501740487325,0.5436369421759117,0.4942330895985164,0.22692856735005867,0.2777141826950738,0.35595493541993695,0.27650748255264346,0.19748840030377968
SAMPLE_03830,0.6176664391562761,0.2799347659767094,0.30232167821645417,0.06420666241432905,0.5508229729530524,0.06998255093465133,0.5180976233387637,0.4889902872735391
SAMPLE_03831,0.9277846265407802,0.15182159324467742,0.21001101772061712,0.21560503441299564,0.07475009927995778,0.41283116663052766,0.19553742969883087,0.1324972514538098
SAMPLE_03832,0.7850958254131091,0.033811124618503635,0.03383191420059596,0.2010755851930852,0.12279234260341335,0.22878710082922635,0.11928728227461047,0.166669272890709
SAMPLE_03833,0.08812361422095374,0.4240111773664081,0.3414148401482358,0.9999999999999999,0.017298252251940004,0.10745132729285803,0.011595261102776176,0.607882640916522
SAMPLE_03834,0.7994435968111855,0.28650482631709245,0.2852320260555391,0.21840439210098722,0.3839939278467652,0.4490718838247721,0.33233788321000163,0.4425353273682314
SAMPLE_03835,0.3892042611589869,0.11505527661741716,0.06593982083987925,0.9999999999999999,0.12231378933124712,0.156116845250701,0.0536980947402866,0.8508327808982918
SAMPLE_03836,0.5997963250593796,0.3832155130996471,0.44725312330234845,0.04086897921161763,0.34079287506844635,0.06679815197898227,0.24401586419406648,0.9710663897898102
SAMPLE_03837,0.9184511871965229,0.13862663043062212,0.14019002697891297,0.19630532400363945,0.08905548713543762,0.2707753826548502,0.17031641163216346,0.1525944430272851
SAMPLE_03838,0.782576556635834,0.22876168130593622,0.229856541114228,0.2516598544784065,0.5444164353483003,0.36180497755435426,0.22096711343953762,0.8827586225570652
SAMPLE_03839,0.715046290566529,0.7515619167378588,0.7737322761372492,0.14216699159306095,0.683867357015238,0.2776009858904595,0.670971748111244,0.8629752360088796
SAMPLE_03840,0.29393003041752,0.5997548329360702,0.5563425271784325,0.9999999999999999,0.10047175514307295,0.10011859575450655,0.10774529400517877,0.038700241063517674
SAMPLE_03841,0.9019508710584022,0.3827041367708212,0.4747211848577796,0.17872534998562542,0.3904955188477285,0.3824445748234865,0.4335615687114146,0.4168254205088201
SAMPLE_03842,0.07136585509178545,0.23816374674664417,0.18217061361117673,0.9999999999999999,0.007577043420981884,0.08315582239163945,0.009825303180205058,0.007255733635104757
SAMPLE_03843,0.75123070529936,0.6241191631217456,0.6304227809950935,0.13445927639773586,0.6781403796467477,0.19390774225478608,0.5970429102001192,0.878028053901173
SAMPLE_03844,0.7950902791722172,0.1817660119486837,0.1441376326497502,0.20180176343234524,0.391598796732565,0.2107205342448112,0.23721419565863722,0.5004178079090713
SAMPLE_03845,0.5852498626593529,0.6418432112163427,0.8496313897955761,0.13360561055119452,0.6196105616875439,0.1885574618492552,0.3500079608790245,0.9601789309238662
SAMPLE_03846,0.8649484175172797,0.23131985957445506,0.295526833246709,0.17409669601383015,0.32878039681896915,0.23119826608045177,0.4687891297930453,0.3017088005200412
SAMPLE_03847,0.5303584983715137,0.8348254608609249,0.8533147726046741,0.9999999999999999,0.676034437710247,0.12283067769336879,0.33326571091323376,0.9039213551921876
SAMPLE_03848,0.80144547339646,0.11826773707351296,0.28459767966735505,0.11258776507098264,0.16186410800597867,0.1990828649714795,0.26664010258613596,0.31813543778418724
SAMPLE_03849,0.1691106081606599,0.7189870359836631,0.7196290370850509,0.09070734301659082,0.2747486795453481,0.07162500000008458,0.203833972274697,0.43539343837982336
SAMPLE_03850,0.6529592930630223,0.7653185759382826,0.7280942597194553,0.9999999999999999,0.023869053935102923,0.11943354707958574,0.4130582167838734,0.3540138930427903
SAMPLE_03851,0.8749506148674868,0.22921832375240359,0.3648262111926519,0.23742496371011204,0.3322898726597388,0.3457281047544322,0.32268600221374066,0.3758559493333685
SAMPLE_03852,0.8862840446704681,0.37020152333188344,0.43244209945986145,0.2791059039352066,0.3057336584474238,0.32668144540676525,0.17452152521301742,0.17511212423069988
SAMPLE_03853,0.7734347637601288,0.748458993525476,0.9052680572530477,0.15871313906766518,0.5508995335806611,0.313753561341409,0.7372005021211234,0.30310253536733767
SAMPLE_03854,0.7550100404733124,0.37181264864265406,0.6267392034301487,0.15540049501367556,0.5318396013724731,0.34993498656892175,0.32158623958694177,0.9054692385619334
SAMPLE_03855,0.1898869072955081,0.258016535581667,0.18707535985960866,0.9999999999999999,0.06391231971831834,0.041273751044039596,0.2708261040416287,0.20249326729412886
SAMPLE_03856,0.8987840042786992,0.303469152108911,0.251277998042083,0.25863111619413653,0.22873146558178833,0.4558478873418933,0.19504766097121068,0.24577695149374562
SAMPLE_03857,0.8847842472872173,0.3823314377927801,0.32022486656124377,0.1301820937831627,0.2509568284564198,0.3015285264802829,0.5453834219657132,0.325577991032527
SAMPLE_03858,0.5304947806544846,0.3283358200354504,0.35049819073416216,0.12060090603478987,0.4655442683860096,0.2948069372600814,0.24186270302883306,0.7662045797390704
SAMPLE_03859,0.07891565486966763,0.2609423620540548,0.36708862534705433,0.9999999999999999,0.0532216727738088,0.08830197776792233,0.0718809447564659,0.24081858595998099
SAMPLE_03860,0.136273282448209,0.27427787035193707,0.21401332093772135,0.9999999999999999,0.2142608088200512,0.06177439256078965,0.01573584913486589,0.10565923631395999
SAMPLE_03861,0.8951175679623127,0.1200180822052874,0.2770343021347177,0.17444374469503351,0.08428916504398411,0.20128803420829056,0.45931629837945437,0.3013976376666233
SAMPLE_03862,0.802113356727634,0.9064326063616572,0.9261126925955783,0.1671853440997296,0.41697396114121743,0.25821956212962804,0.7368289816331448,0.4597999796576382
SAMPLE_03863,0.7967777220321546,0.38583340723584736,0.52872627387116,0.22744975663560327,0.2049802160260345,0.2995785376390691,0.3373755831481161,0.3143278079115014
SAMPLE_03864,0.5754528461871362,0.7794882357806308,0.8266259340017144,0.9999999999999999,0.010264468752614336,0.03644454466178275,0.14390276873345537,0.41323612041539703
SAMPLE_03865,0.7188966969182484,0.1473209349426361,0.23581723108169367,0.1852292767203462,0.17049298293847837,0.23838781632804057,0.2475683655064531,0.24231631574213186
SAMPLE_03866,0.2187752587428932,0.5840942620877398,0.6449289375151428,0.9999999999999999,0.17570808178739686,0.2067781418900861,0.16056045771832467,0.8061894451562321
SAMPLE_03867,0.7747879862111445,0.6045364863165625,0.4958989734153399,0.09287509397295964,0.5334233656089005,0.25938504943618834,0.5638940187965492,0.9775693982206612
SAMPLE_03868,0.11181406851718192,0.5785112881649465,0.5444807503916007,0.9999999999999999,0.026892882901017733,0.08464266691898276,0.26773288485156765,0.19752748812465898
SAMPLE_03869,0.8684490185561551,0.49589585346164167,0.5960737433516834,0.16042545486146703,0.20346019425420805,0.3548505450741685,0.464664204564673,0.3205565934291579
SAMPLE_03870,0.529070126884627,0.8423807539598618,0.73445104893426,0.9999999999999999,0.21252144265138306,0.1587226242855979,0.4799423973649974,0.618241303953232
SAMPLE_03871,0.8267805688737683,0.03879084061661936,0.02398524341022291,0.13508589715661712,0.11949943096428471,0.25002503911837465,0.054778894913530565,0.06956084197219727
SAMPLE_03872,0.9127843027014364,0.7018614451767922,0.6539939042396863,0.3715067348457657,0.7618443982319447,0.5785260688105932,0.5535051104041984,0.8341307387698439
SAMPLE_03873,0.2646995133166346,0.5378178056945581,0.5254430241486037,0.16984193829067745,0.2991630923543124,0.24628327773096828,0.3419330907970624,0.5789557307698989
SAMPLE_03874,0.9296178071109344,0.37470929082761967,0.48272334560270236,0.09927276944896013,0.37398683049743486,0.15749575024691387,0.47330426550462695,0.3893628544061706
SAMPLE_03875,0.769769839144689,0.6054579377315945,0.6731793643976791,0.3065425510749526,0.7327186752011188,0.44570921052477075,0.9635197943913056,0.9265670848946237
SAMPLE_03876,0.8087795959673965,0.05345935727234394,0.1898494739648359,0.1801838375915009,0.3217396716739961,0.3090113049773133,0.20173424229024584,0.48100110342685976
SAMPLE_03877,0.926284207317305,0.04623305315619269,0.06919159378458063,0.20918039026553067,0.06281182595445525,0.22783488412739825,0.04746018955652964,0.07309158885965368
SAMPLE_03878,0.47037754039585067,0.17121545465294818,0.43148824707760536,0.2038430378475062,0.508904436366154,0.2920920021896308,0.1376743751170491,0.9490401169769184
SAMPLE_03879,0.3173498885725638,0.18850117973212374,0.0866931111989028,0.9999999999999999,0.19810307724269338,0.10444722184664855,0.12778094267914514,0.8786683655348577
SAMPLE_03880,0.5729939020666681,0.8441682737354088,0.7987622968769261,0.1693753108318502,0.6134895518121255,0.32508274504107054,0.5157076845763737,0.7231161544035914
SAMPLE_03881,0.6075192952879194,0.5983054759173585,0.6470772690183939,0.1919216452664823,0.3770875881928307,0.2132415551723456,0.5290892270738081,0.8076918179086436
SAMPLE_03882,0.7930166163972314,0.8316242058860175,0.7449424555914043,0.02519706171774272,0.3278522789424403,0.1396836194834083,0.7415721437277694,0.8458584266630922
SAMPLE_03883,0.9147845413363016,0.07589699312510037,0.12117555522259346,0.12114851785638252,0.439483420680466,0.24145361791432426,0.16364136529215798,0.5454926518522459
SAMPLE_03884,0.9999999999999999,0.6202446801563768,0.559080801448494,0.8864189895455489,0.9999999999999999,0.9999999999999999,0.9999999999999999,0.9999999999999999
SAMPLE_03885,0.26654370135735606,0.21129076689085147,0.18755448020081145,0.209223950263457,0.15882984114884152,0.22733448166218753,0.15664830931713722,0.9052447707158606
SAMPLE_03886,0.7365675191102459,0.2567174005339757,0.2734154026757753,0.25388079814898,0.1927355792514556,0.3238572788258665,0.36355339382861407,0.3070029124648067
SAMPLE_03887,0.26089385811399457,0.10846059901124674,0.03853466978533576,0.11108524412289615,0.43215464395007525,0.13466255240956934,0.24216647603610605,0.8884966704886677
SAMPLE_03888,0.7669241276891527,0.13473355569873866,0.09700507853390769,0.24622478174463752,0.28765067215768475,0.29425907296277004,0.10668661349549119,0.36342756818996536
SAMPLE_03889,0.9999999999999999,0.8035344117691547,0.7691049605101415,0.8834703801495081,0.9999999999999999,0.9999999999999999,0.9999999999999999,0.9999999999999999
SAMPLE_03890,0.8659503582548226,0.5957678059108088,0.7736741298485397,0.2422427315066256,0.3044147157891682,0.39064159927128195,0.49111987539020807,0.31869913188301136
SAMPLE_03891,0.5286067353611583,0.3250667511693821,0.14760801113811867,0.13011900186262923,0.5271018155833836,0.17320326638964179,0.6385014219028047,0.8898571993432502
SAMPLE_03892,0.8187759399189781,0.20076332521288076,0.1822777968758843,0.23667201779213307,0.16498048625023792,0.32137658686487663,0.16335508300265522,0.19125090389134997
SAMPLE_03893,0.27145734308328323,0.5282345169583037,0.5355257779760981,0.9999999999999999,0.2753798876628054,0.1147917617694484,0.34701043042640023,0.799108645568078
SAMPLE_03894,0.0338028304184633,0.20668629921073658,0.14077726788325484,0.9999999999999999,0.014437139246251568,0.169914051459414,0.08335784835904309,0.032486608814532
SAMPLE_03895,0.39289308250669863,0.3203173693560807,0.40893513683808325,0.10890602637962428,0.22731052260102544,0.12583183016790372,0.34910904256562636,0.9648602428899615
SAMPLE_03896,0.6062866515132991,0.33661864537410313,0.2542793329119718,0.15058507035347946,0.22278971786127885,0.25337839050616867,0.267016958778636,0.7492958320631037
SAMPLE_03897,0.7335693287596655,0.49325471054382275,0.4990767666990113,0.3802325102743382,0.543983668521683,0.4456497141798357,0.5455833440181127,0.8271430964276254
SAMPLE_03898,0.7641032242386446,0.6927334596627959,0.9292062881548078,0.24379749436145245,0.9010018274189817,0.45996209213110123,0.6317733790729201,0.8804777308751826
SAMPLE_03899,0.8617836224077218,0.05169438128273342,0.038330572206966576,0.19174986944107095,0.06553117999264828,0.2675042463239043,0.1202885479448623,0.05468517983035244
SAMPLE_03900,0.3574131791671018,0.9241413989467833,0.9228628415645506,0.9999999999999999,0.34653548295401626,0.052610725834191706,0.43088672687456986,0.938173003595254
SAMPLE_03901,0.9221179368850833,0.09482613393044914,0.04341324256504125,0.1390394567809387,0.2545994708520061,0.27440935566065827,0.1307930647518139,0.09665499593691311
SAMPLE_03902,0.579591391366706,0.9378888886618674,0.9510613795279603,0.12858371365740062,0.7807949187528638,0.4480101329994415,0.5856602625866454,0.9559908303875044
SAMPLE_03903,0.22436904450000283,0.7460057654561472,0.8332034431371574,0.9999999999999999,0.05176901253760949,0.08546995020664955,0.48531850923602077,0.49195842235255266
SAMPLE_03904,0.4140916472262384,0.23582820980314223,0.29780538147427055,0.09020753934378663,0.6433464321500044,0.08013321476359317,0.258921722779502,0.7891016474709238
SAMPLE_03905,0.8060972265144795,0.4737819749124551,0.49946549587846856,0.3514464577797401,0.250850254178173,0.5102193747745984,0.22691856262997104,0.5218858750483416
SAMPLE_03906,0.6593433688537419,0.18400044733702992,0.3563162108225776,0.9999999999999999,0.2652021417663041,0.32580962285943893,0.1943795597534866,0.6480372906460594
SAMPLE_03907,0.9074508688222189,0.17539926441873713,0.37653435699734494,0.17087193113992777,0.08964126055996577,0.19904630156260328,0.24013715797771318,0.0752462248889088
SAMPLE_03908,0.3635666626406891,0.3532172934154009,0.27866319360535974,0.9999999999999999,0.1978387344912649,0.1047853610060816,0.16993979744089596,0.22762067134369646
SAMPLE_03909,0.5403384817454839,0.10781117435415355,0.047300105622702746,0.12775198370535806,0.4284150405105099,0.08829463590924583,0.11809566038201245,0.9554519366409504
SAMPLE_03910,0.7187812929751376,0.09078887548427268,0.616363579485131,0.20901452655074346,0.10825844529099186,0.25955366319362944,0.15240552618715936,0.09677900698658021
SAMPLE_03911,0.77110699730079,0.4890567322704835,0.4055728603582953,0.39757527167628964,0.831084012788679,0.7880594720143739,0.560260943352288,0.8690114875792034
SAMPLE_03912,0.7724961386935256,0.6962048421961523,0.7215877984768149,0.33373827972838466,0.31701676349464375,0.40930373307050766,0.6914546292059776,0.718526982947784
SAMPLE_03913,0.8932840676970516,0.03975760957582848,0.08130873109481954,0.1309621758782415,0.3218953253641645,0.13049969564573521,0.13240200733617957,0.4174454564468067
SAMPLE_03914,0.42450255910170315,0.48155215604298984,0.4226216443273244,0.9999999999999999,0.12550622788815907,0.2459764701099064,0.2534888090835064,0.4781167105062567
SAMPLE_03915,0.9999999999999999,0.6869870981638795,0.7265032422085778,0.8678442887061137,0.9999999999999999,0.9999999999999999,0.9999999999999999,0.9999999999999999
SAMPLE_03916,0.9999999999999999,0.5960617507697037,0.5656954914089456,0.8702335077774388,0.9999999999999999,0.9999999999999999,0.9999999999999999,0.9999999999999999
SAMPLE_03917,0.8352756760070099,0.4433288074249544,0.4432689857519964,0.3671512955456376,0.3591436220113733,0.5204431380569225,0.5040840838666449,0.8103896616071068
SAMPLE_03918,0.532643680179304,0.14914165216896128,0.16273595661935902,0.10683555052786176,0.3023746284102826,0.10979058138092973,0.3996565356347005,0.908229078206845
SAMPLE_03919,0.7105585457619439,0.3544793578075332,0.3158419064232142,0.3087703350780915,0.4770736674206323,0.4451420941749431,0.47567646419533854,0.7263397910672118
SAMPLE_03920,0.47818063136696615,0.6170812069872841,0.5302732669097385,0.3286176487847172,0.6207500532411283,0.25210681049985717,0.45434669483326684,0.8642176797886735
SAMPLE_03921,0.41362056974855793,0.32888010028336484,0.3197741786209989,0.9999999999999999,0.691080346010882,0.15498267343619587,0.1114968820121605,0.896757688868544
SAMPLE_03922,0.8452740663440761,0.20401053542276365,0.4511190038562406,0.06110166482703648,0.11913682332229969,0.13229275964254328,0.19807972327292903,0.22641888531996185
SAMPLE_03923,0.8812835861971101,0.8303517872346344,0.8233316671175153,0.39099008507846067,0.6373904132821193,0.5435446261437702,0.7721557386275179,0.6657346003088087
SAMPLE_03924,0.4154550592255593,0.6288694456612456,0.5431682516389637,0.9999999999999999,0.48141193164778906,0.14831726671162118,0.2853108633796886,0.38496005786885057
SAMPLE_03925,0.7367860396124798,0.21638473820738346,0.29209962430315084,0.33693295840287424,0.2295449529590181,0.41774796737350967,0.4772632608058781,0.9235815995885801
SAMPLE_03926,0.637071999699043,0.5610154726196123,0.6923175197298708,0.9999999999999999,0.27543328356644114,0.07428115605107191,0.3400326932815143,0.5343576286238543
SAMPLE_03927,0.9022835663492992,0.5345491267599699,0.5806969501371209,0.11679634264649633,0.04629992746369527,0.35827790339121285,0.3517099882317273,0.06746618457723413
SAMPLE_03928,0.8939510915395379,0.045437107019683405,0.04093150550710216,0.13771222683503156,0.41036423677060535,0.21192401052005017,0.08607145674341506,0.2939472709842542
SAMPLE_03929,0.798611616402696,0.10169512482502349,0.23417999582437826,0.14212289280354068,0.23053867902711422,0.2518200105742637,0.21716828265258137,0.35595954987859857
SAMPLE_03930,0.8411160016816831,0.03190368747498039,0.037994094875647214,0.1463503919456938,0.20300520524045004,0.1507993325087767,0.06426060786950914,0.035823623592406054
SAMPLE_03931,0.5282616102252531,0.12057482725709531,0.13238918466461266,0.13981823405365143,0.37378586753031384,0.22930047203975745,0.1223813068916486,0.9760323223711429
SAMPLE_03932,0.07283089629200364,0.17022508617839427,0.23808030621915638,0.9999999999999999,0.06302271901432653,0.029109845069938252,0.04502250937003668,0.027326119824394375
SAMPLE_03933,0.6441814527135625,0.8121654986436209,0.8986267939797115,0.04720551327309328,0.4482053509440035,0.14142781294917114,0.3573171342045877,0.963833641775629
SAMPLE_03934,0.4777818116823249,0.5596444127524322,0.5529243906933514,0.047389161488762876,0.37287820537516714,0.07549170171807468,0.31032541938960617,0.8630838357563304
SAMPLE_03935,0.7569245731663912,0.5405865896685816,0.5143303685778531,0.41457120611469106,0.653799088371848,0.5502663376218342,0.447411954696199,0.9191972361189709
SAMPLE_03936,0.6265404372454393,0.39701534799646865,0.3497220960536811,0.14613729905767467,0.5448258580024921,0.20993355588971482,0.5178487520576435,0.9077389359626766
SAMPLE_03937,0.914617783740449,0.11659902833862841,0.17815063567689793,0.23149810587598946,0.5518814443966564,0.3427010757181283,0.45724066789260215,0.5209527905042242
SAMPLE_03938,0.7911119487728975,0.41853731884918316,0.6502995646498146,0.3030455688856942,0.7518226687882608,0.5591019628335787,0.7069743234142429,0.8690555984536443
SAMPLE_03939,0.7703311449953066,0.878039184164563,0.8385958356716978,0.12479214411156013,0.5994636753560327,0.15033610680868195,0.8147933693988709,0.9199867483394575
SAMPLE_03940,0.6452385516184347,0.5307422733167597,0.4755611363748574,0.1063566521026358,0.2529803743958202,0.11501203308012915,0.31046223622393926,0.9256106880361601
SAMPLE_03941,0.823944497096335,0.33111903275976357,0.3068833178962455,0.07309721358725596,0.574804702510851,0.29123210815669726,0.09796582461904503,0.30145155110579297
SAMPLE_03942,0.8561154817639296,0.09748175478483363,0.13344447430889028,0.14199025368657553,0.20558251549740805,0.30243995099779003,0.22560796815888218,0.10714452680511005
SAMPLE_03943,0.87261707046203,0.061813782980680604,0.03646639266439337,0.19663237279106638,0.15342225514467311,0.2664539218215124,0.1274117106690618,0.12389296282875435
SAMPLE_03944,0.7944184035444112,0.049348842001232573,0.055864088976428125,0.13234945618032312,0.3299153647385783,0.14968295983623295,0.08125299095618463,0.08666190721783579
SAMPLE_03945,0.9084511082415163,0.4194105108569141,0.20059219506518264,0.37157873555681586,0.31991271368954627,0.5053461592718331,0.2852248230507519,0.8513564516519443
SAMPLE_03946,0.4984906847988938,0.6507218879560546,0.7726528518261797,0.0960487200823851,0.49532170266164977,0.18422968535998185,0.24129798436794617,0.9392943869123266
SAMPLE_03947,0.7676062985031915,0.10486306872119741,0.17880218542157805,0.2885803653604802,0.43287578791776316,0.5020877196757453,0.2642099288406958,0.42581451714351126
SAMPLE_03948,0.2925435730816456,0.27351899989594913,0.1623134310314686,0.9999999999999999,0.0335426014719885,0.05711303633301461,0.13220546879354797,0.36668530333246874
SAMPLE_03949,0.7557133376696981,0.5565130090528458,0.7170112427602534,0.10573185205414269,0.6634656875742965,0.19491194028562897,0.4284239394376287,0.9392267334850966
SAMPLE_03950,0.7652417333174486,0.3333588589043095,0.5542728154419752,0.19200767280600556,0.31328566467798596,0.33149663508488925,0.30117238878427105,0.9615747029116806
SAMPLE_03951,0.26388555399565133,0.3017243607027096,0.2492942860857273,0.05754337059247522,0.07291772193162546,0.16212783931210972,0.1379095117278971,0.23824653454292283
SAMPLE_03952,0.9999999999999999,0.5372795527643739,0.5657106354324013,0.8747159120933568,0.9999999999999999,0.9999999999999999,0.9999999999999999,0.9999999999999999
SAMPLE_03953,0.7074027413885049,0.2657782714074237,0.3469323598826206,0.21606834982891387,0.8202929750439412,0.3614775858365569,0.2104632683446978,0.9538577482051165
SAMPLE_03954,0.8591162337401442,0.8352209784210992,0.7839128803417965,0.3689504546644294,0.38402905000802756,0.4440437663886859,0.6537950941556188,0.9065485222714813
SAMPLE_03955,0.5754202785372411,0.7663812064741726,0.7132901038602064,0.11875271997297274,0.24846445403543388,0.1899082343159064,0.33202663189937504,0.3523183003054795
SAMPLE_03956,0.4032129866247319,0.8254990756314569,0.8234119326508169,0.9999999999999999,0.08978644218411874,0.10548141695934517,0.18946983420352448,0.20114828932590942
SAMPLE_03957,0.8136117054916214,0.04820504494680513,0.05730740026449163,0.22406189290430378,0.12216131859504727,0.24957615171920833,0.0813519324346255,0.06272049505958321
SAMPLE_03958,0.17008628229857944,0.8278286143787001,0.8438523960617705,0.9999999999999999,0.07680920316579831,0.17133169623785294,0.15091519631135714,0.11271907409309248
SAMPLE_03959,0.27241430912615017,0.2641992393506372,0.2807934806586152,0.27372140580486504,0.17916158590793574,0.28923403716573576,0.2556718077781762,0.8678936211770198
SAMPLE_03960,0.8814509031549522,0.006522605501680026,0.014330545213220056,0.15795882386571572,0.4314503046303304,0.19354546514033072,0.017108416274193357,0.0701364251785812
SAMPLE_03961,0.7824422103942623,0.2641752930981216,0.3328921587807473,0.1551013019783287,0.20053049241511173,0.29836815456630866,0.20524462381263278,0.11929849201858685
SAMPLE_03962,0.2000488692192107,0.5748444095718538,0.5325642970908108,0.0877125460719699,0.6110984150386825,0.06977956848820498,0.45745317657710366,0.9834757913416041
SAMPLE_03963,0.6013343357742723,0.7939414972645829,0.7482048546708506,0.3594204442424266,0.3953010763133659,0.29948655218432974,0.3795724387516603,0.7945716013360787
SAMPLE_03964,0.1764741317547467,0.5319523479531967,0.5001048432339384,0.9999999999999999,0.06322307229074428,0.07928907566839373,0.18450596965628424,0.14279598339582328
SAMPLE_03965,0.8094436803172129,0.02501063290582697,0.016509640781008646,0.19255286522130713,0.05397341794357253,0.26988117077254126,0.09585213281280608,0.01844090784889146
SAMPLE_03966,0.03408705442924217,0.25815918698648777,0.2945915987429502,0.9999999999999999,0.10798418773645052,0.2617707635599274,0.05256029184107173,0.2418524180697496
SAMPLE_03967,0.6525618802719279,0.561837649789179,0.613586353559303,0.11260600737566943,0.7943740695294068,0.13038566882981997,0.45185062710333096,0.9127087468998993
SAMPLE_03968,0.7842701251476576,0.8007622957355891,0.7780184384156255,0.1317850784371006,0.7714394160789662,0.3585021263629098,0.38920638590653656,0.8559588293739311
SAMPLE_03969,0.16955633585960447,0.1977896650831179,0.1357535456736525,0.9999999999999999,0.182591388443466,0.09864735452295374,0.03230243452717399,0.11930041854823245
SAMPLE_03970,0.31931708384037827,0.7440747241672099,0.8446084680148656,0.17361397050065658,0.6297285767207472,0.3817723511714898,0.4310312804635231,0.9199149533882491
SAMPLE_03971,0.8187779198089917,0.014922794579286624,0.026174534552990517,0.1075145753168269,0.12003376425226454,0.22396531362870967,0.09194864521346764,0.08737626474682779
SAMPLE_03972,0.9011177520146033,0.12728395692120562,0.12055100147930273,0.24753883119178774,0.23415450316890318,0.336911440341478,0.2279582735126932,0.23269177952010126
SAMPLE_03973,0.11038106788757611,0.579329120371608,0.5570928132465849,0.9999999999999999,0.08632141441267213,0.09629254435541225,0.06824710248901213,0.13797848592904527
SAMPLE_03974,0.7669302169960279,0.2964670479442062,0.22065062720980513,0.2527351387372201,0.28454066924648674,0.41906496078543054,0.10433375953015474,0.18980578191479436
SAMPLE_03975,0.43686324381154656,0.4526507764690817,0.4281976386127962,0.9999999999999999,0.07177824101433947,0.0637843420887257,0.584554259167162,0.7724102113726015
SAMPLE_03976,0.2660112207575455,0.33735160614388837,0.2700012195293225,0.9999999999999999,0.2440399567115449,0.20331822459308874,0.06720756443754344,0.8459856240143026
SAMPLE_03977,0.7679130583920961,0.17033657403028268,0.10484995684456128,0.22719029770298665,0.5580258822421669,0.387344240215578,0.487992550469215,0.9380765614654625
SAMPLE_03978,0.8205913679210679,0.31429303052126717,0.4176213878789956,0.20482584089780084,0.4431939590329792,0.28904874816682585,0.4088106797982949,0.7131409427223885
SAMPLE_03979,0.7386144194371767,0.36902594456429294,0.40559124655476436,0.1373102588943442,0.6794042426528517,0.22735472324022535,0.4013063552248742,0.7865175178276418
SAMPLE_03980,0.8936176660542094,0.009706671029428094,0.0858781148550041,0.19076302181015511,0.4223543344485797,0.16834151080789544,0.0432788394349037,0.2904059083836961
SAMPLE_03981,0.9999999999999999,0.41428576429889585,0.2354134195394384,0.879019071897424,0.9999999999999999,0.9999999999999999,0.9999999999999999,0.9999999999999999
SAMPLE_03982,0.3999694237262322,0.6885615307227436,0.7762836090195043,0.04553027599164956,0.3095981138262716,0.15332471542525153,0.18706209573890428,0.6727067931208299
SAMPLE_03983,0.8984509741150006,0.5707062203972739,0.5091420559896809,0.27758113544658386,0.43952355079418115,0.5666649079591124,0.5084305845593251,0.4089537043673199
SAMPLE_03984,0.7607167653047977,0.1697232567281082,0.3452952511005183,0.14533903620848007,0.09757811429302321,0.2668568455968157,0.5674449726024464,0.4871573671832887
SAMPLE_03985,0.8706156556749955,0.026105248648243342,0.09018950935731156,0.095416165648638,0.3080979245102481,0.15329552705163615,0.11567775682235448,0.42127281244231385
SAMPLE_03986,0.8569494111121643,0.029574498569554436,0.17792012582236735,0.17723753371104461,0.07049469367920674,0.238473832772711,0.22841219221699738,0.17922384394403879
SAMPLE_03987,0.3242933099084906,0.6638719717643677,0.5989369824166837,0.9999999999999999,0.3494450996025649,0.14264660215710906,0.4139644146840723,0.7682852783610105
SAMPLE_03988,0.8774507990506166,0.1465559015406364,0.1848710099375992,0.1671089929128042,0.30289995226770744,0.2376209165915392,0.2341372184317156,0.38395791317054706
SAMPLE_03989,0.6676016659453106,0.856730529452115,0.820361985122599,0.9999999999999999,0.37882569408648364,0.19307152137158315,0.2646243473255207,0.40114731794367975
SAMPLE_03990,0.9117842055419454,0.19442361035178293,0.2775797877426164,0.26793232823676383,0.3348017499070761,0.2803882012949776,0.2703647790600178,0.14681009802513179
SAMPLE_03991,0.7657471087014678,0.7023832357975797,0.7564681220906285,0.384799884082509,0.5803889052520359,0.3748876937135865,0.5850309139857531,0.873646587891852
SAMPLE_03992,0.1778989146786708,0.1680227386731274,0.14602177202094846,0.9999999999999999,0.2504781465354682,0.05994945349786568,0.0375440764677858,0.882462486465918
SAMPLE_03993,0.5212866799657174,0.2581925931052893,0.19550044245360682,0.2096241620756013,0.3537529194338548,0.309271860156699,0.25234966406363984,0.8985820749854068
SAMPLE_03994,0.8514483974698597,0.31684803542566353,0.31776714226174824,0.2394619014433946,0.2209127574792104,0.356266304753611,0.4968387834379536,0.33517488292568215
SAMPLE_03995,0.23850385989825054,0.3176991419815717,0.3549631746829853,0.9999999999999999,0.04563222820400936,0.05795162357051007,0.1394983081157813,0.2952564553977304
SAMPLE_03996,0.112116141425564,0.6809883255578842,0.6239321844532117,0.9999999999999999,0.35797542525897275,0.057452107779532885,0.04557639083686878,0.03314559524590253
SAMPLE_03997,0.24419179451034126,0.4094442621713973,0.45967628676036343,0.9999999999999999,0.026680573013400335,0.047110453354767726,0.2849787839589806,0.40480454696804247
SAMPLE_03998,0.1774451376407703,0.1685360345724918,0.10441907978597013,0.9999999999999999,0.7149593545529884,0.12112403829234834,0.05312206003147253,0.9245246622942185
SAMPLE_03999,0.37154305464816983,0.5440510677968177,0.5984583575448095,0.9999999999999999,0.06233592572472058,0.24505217725984252,0.2349112018133084,0.15375017113096626
SAMPLE_04000,0.7635353411547428,0.7710527173887671,0.8410375381592895,0.13232991334926344,0.7550232943463896,0.1552574684696637,0.1649827003251603,0.8336997197547682
SAMPLE_04001,0.7933915584187354,0.30532109872889646,0.8531834578257033,0.09255484680812863,0.8081807930819104,0.15149422761937123,0.19876629549328573,0.9124616763111886
SAMPLE_04002,0.7871095329019364,0.17993889543831448,0.17896768001822305,0.16666373687073857,0.08274276488337055,0.259767426771503,0.17291839254776847,0.09447406923677955
SAMPLE_04003,0.8779503041877956,0.04366617646681058,0.05068257608912924,0.2009428784774431,0.2166080930411243,0.1631112947770651,0.07577708175434165,0.14045340876272777
SAMPLE_04004,0.29041738160215474,0.7713989617416197,0.6608896504008991,0.9999999999999999,0.14719626774847533,0.09115345857258429,0.0829619938195013,0.1414584211254455
SAMPLE_04005,0.5546222216288927,0.44008290155681923,0.4733318469508647,0.03988170928155534,0.20698406569526287,0.07282005102731857,0.20307817176028037,0.45210536864101936
SAMPLE_04006,0.8674496431649519,0.4322099603193832,0.45058443693027966,0.2791355624938374,0.5607701736729739,0.37520662634417656,0.48949221400120446,0.921907616892248
SAMPLE_04007,0.9197842829401911,0.057416355013920145,0.07619436702556551,0.07617483863461012,0.036562192687341837,0.24895174499694525,0.1697662548574303,0.11191544881762337
SAMPLE_04008,0.5009375429091831,0.9165596957807571,0.9232158137438796,0.9999999999999999,0.29216927699440104,0.03610996316700572,0.33579728839763234,0.7359107730637153
SAMPLE_04009,0.874450593562718,0.7982743322585143,0.6831283354957152,0.2085739094587733,0.4104311825474569,0.3958989039886421,0.5725029418270647,0.4612462913974753
SAMPLE_04010,0.8917843105655283,0.3684943942117745,0.159052672529159,0.08913915312503279,0.27630329719046665,0.1448379617033315,0.23760560978081532,0.1601430551014166
SAMPLE_04011,0.5800427065021398,0.47572498246052397,0.3440577246954619,0.16867656319596375,0.6401166117575846,0.14838632636807453,0.37052986500586704,0.7758285062063989
SAMPLE_04012,0.8917838452130431,0.0740349817525612,0.11360867248173864,0.2170143813203231,0.6417258688641186,0.21989069150695942,0.1789481335016222,0.6735805509283885
SAMPLE_04013,0.6994739505337655,0.12267971501107777,0.2516269933900727,0.2966198225247669,0.3989001910211292,0.38342422506678836,0.7285857911157014,0.8935837164765199
SAMPLE_04014,0.7405593273053337,0.5040047423402991,0.48657987411275666,0.1558410037002369,0.4471262968932062,0.3477590733078848,0.3369851082589016,0.8393536456686748
SAMPLE_04015,0.9127845959565655,0.3873059509836628,0.37819001917704387,0.2582378377419925,0.23416129075336917,0.27413349725749114,0.28878888322076945,0.348826313299216
SAMPLE_04016,0.6167348601298028,0.2856286062340101,0.3506666037994708,0.08191175394291686,0.6473076435207916,0.1843764568947803,0.447683399252908,0.9447288867069362
SAMPLE_04017,0.8422806167687171,0.2746398869876602,0.5607926167352357,0.21343717877079021,0.579517120614861,0.5287647055151027,0.6752864274171857,0.884748519402168
SAMPLE_04018,0.8449501211209824,0.048433191814078784,0.03903582209000737,0.3904456637576771,0.9177254889438422,0.4811374204983706,0.3154038558159378,0.8782004444213569
SAMPLE_04019,0.9999999999999999,0.73647491923881,0.6776474305437078,0.8756116173443589,0.9999999999999999,0.9999999999999999,0.9999999999999999,0.9999999999999999
SAMPLE_04020,0.7101831268752679,0.46189281936503,0.5731339878956023,0.18375535324918846,0.5298682759939904,0.32749021065395695,0.5110055065622391,0.8105678190157244
SAMPLE_04021,0.313821942629981,0.7228951751348189,0.7736745810151167,0.9999999999999999,0.21393188545675998,0.05461300503966698,0.15810523915947725,0.7476876613313699
SAMPLE_04022,0.07895219254065614,0.4432789413992466,0.36792078921237403,0.9999999999999999,0.09761670628959429,0.190552582152385,0.15414090494354007,0.0981177278085717
SAMPLE_04023,0.7473831607101014,0.15669447937930261,0.11167667801787237,0.20274621286320685,0.3275717677180844,0.24477000211043493,0.14037648941725156,0.9289087893337065
SAMPLE_04024,0.8547816332525262,0.26183634029133984,0.22740388028961142,0.3353204678514351,0.34725382424068235,0.4161637473420487,0.2668385581018989,0.7875355140199196
SAMPLE_04025,0.3809815121460125,0.6545673318408831,0.5429056263072252,0.10873693955585587,0.12315699192117308,0.19946787335822602,0.17253869839755367,0.13102464450927157
SAMPLE_04026,0.8122760388418586,0.44284768754995935,0.6133649200906452,0.21221211716381425,0.7726326843547746,0.4153577126529586,0.6623475901997601,0.6099888868107495
SAMPLE_04027,0.7742905800256689,0.16645680823688047,0.19264408723098347,0.25119534242665753,0.1746697243402394,0.28530946098618,0.24460048184544392,0.1964542214413125
SAMPLE_04028,0.8854504736018729,0.210015968653734,0.2939394441144894,0.14476092729060872,0.35203422810537716,0.16861405719019673,0.16802738944598317,0.2651380269454356
SAMPLE_04029,0.90928405183456,0.026126708583242612,0.017075751856817832,0.1463187381377232,0.10318160931651615,0.1676663654931508,0.047531342509263885,0.04304163139187871
SAMPLE_04030,0.8034446871787002,0.702091385144677,0.7947923168645958,0.45666227581639324,0.6685068370087657,0.6500703181291068,0.8586401273631131,0.6367612913079792
SAMPLE_04031,0.7541691947617571,0.9545080475926176,0.9450337306105774,0.2031934852149129,0.5707695078592575,0.21737002043960005,0.6228777113820272,0.8527192560019283
SAMPLE_04032,0.8866172895403709,0.10846871625058592,0.08279725176193006,0.15688401674016067,0.7146183662773664,0.34023773275262736,0.07902140055167048,0.4311592791634806
SAMPLE_04033,0.726463601994817,0.9252176948152591,0.9422332833558438,0.161655553936668,0.7671586913226265,0.46941068137803865,0.8417683813328902,0.8826077550915578
SAMPLE_04034,0.31613981376134703,0.45122706043570415,0.46928608234924324,0.2939436901512165,0.4306340521054167,0.2458306001455734,0.4422455453739534,0.8484087575050414
SAMPLE_04035,0.8542831836962257,0.12059439238344008,0.07577093478687555,0.26817951009018537,0.1480082579629746,0.3501663986160731,0.09444438554686377,0.08158512122017325
SAMPLE_04036,0.9457846493368212,0.14714864496938534,0.11829317421989319,0.14716321300441296,0.09141054642883636,0.26495601894082554,0.12170435767627659,0.2208350641303615
SAMPLE_04037,0.7866018056209902,0.8869430930742231,0.8100558492347426,0.1520346489474755,0.6964958895208258,0.28870407891918404,0.6424329556366476,0.8720880043384589
SAMPLE_04038,0.9999999999999999,0.9495598540708704,0.9094645519111707,0.8854424041706606,0.9999999999999999,0.9999999999999999,0.9999999999999999,0.9999999999999999
SAMPLE_04039,0.5008158175815679,0.7666452748932469,0.7410654416124749,0.9999999999999999,0.1760213013203405,0.10961976998937395,0.2367455728803798,0.7833138922771063
SAMPLE_04040,0.9999999999999999,0.7984875548487577,0.7631928833308428,0.8802112679348675,0.9999999999999999,0.9999999999999999,0.9999999999999999,0.9999999999999999
SAMPLE_04041,0.7806922158241147,0.6404372535547772,0.6615296618951263,0.08854537762513655,0.5875061218771406,0.10879727413183567,0.27204228378485734,0.9705143037163939
SAMPLE_04042,0.7457378631090873,0.108057684424572,0.17546355635455688,0.24950468014155844,0.20651147406443254,0.2644900091516141,0.14959053603077851,0.1342648102630507
SAMPLE_04043,0.73466804662172,0.580201966132879,0.5900193113951,0.05888281278559935,0.6296557082321773,0.11196464911527627,0.248072422395183,0.7836834587574673
SAMPLE_04044,0.8811176275359922,0.43392975783887106,0.5628157989103482,0.1688175981167707,0.2401228388584397,0.21276185350767102,0.2565482375847258,0.3200208079786315
SAMPLE_04045,0.7048009174455822,0.26104494570857006,0.41496111151466974,0.3097376065311858,0.6784326344165559,0.40147370694853884,0.4891856069258949,0.9000482973886175
SAMPLE_04046,0.8624495730603159,0.02456004528412917,0.03054667341417487,0.20113376095978053,0.13708900385740116,0.29893954913189563,0.09340531893487908,0.07836036337786928
SAMPLE_04047,0.7972707858993864,0.04819198859826225,0.03825957550347733,0.201984578176234,0.2485682564128042,0.16927393139714192,0.08019087849668309,0.08429217350426985
SAMPLE_04048,0.8714484309303816,0.12418425930006916,0.1672505855626643,0.22181918048480573,0.24135897443264073,0.20093186035838004,0.1640349231678347,0.10217533356856148
SAMPLE_04049,0.7692349020358913,0.3099137591341656,0.21420844240750606,0.3881709030039656,0.4590682619895451,0.3868028160099108,0.5265516894784689,0.6042992064078918
SAMPLE_04050,0.9097845142451885,0.12561490279772283,0.15469580244782954,0.15840012675119358,0.05930535180059063,0.17830902805776877,0.21928487760765564,0.10791919110774904
SAMPLE_04051,0.8098350526195759,0.49331579954008875,0.7160719220262439,0.15080112602718385,0.5453259734554876,0.32639832475064995,0.61786130900812,0.878689090756664
SAMPLE_04052,0.42732327779225676,0.46439596648267734,0.39649669893040507,0.9999999999999999,0.4079786253240698,0.21641980003546052,0.19435651289601738,0.8276201830351517
SAMPLE_04053,0.8018354379609576,0.5113384873944138,0.8614480034201331,0.08288507203735498,0.6528517993109214,0.10730361789725588,0.34210136097534904,0.9098098211928145
SAMPLE_04054,0.6438668037750058,0.14498122557815366,0.1190358188848954,0.12282311804882076,0.47286169913222564,0.15168544054252123,0.24353794678250645,0.9683682681683872
SAMPLE_04055,0.47568364353785525,0.3392481630443902,0.24232231711353727,0.9999999999999999,0.3527110668146245,0.1563265001891768,0.1206773607161959,0.13304688068962162
SAMPLE_04056,0.6314716832787219,0.3149597977200488,0.2599123108723197,0.32538414807310334,0.6342542192773508,0.35550661595066096,0.21951350553148452,0.7669963540772549
SAMPLE_04057,0.7459009438291997,0.6886352783553398,0.7926510514256009,0.0802720124525291,0.5753105278867819,0.19855029816473901,0.39667386459588916,0.9616661421794062
SAMPLE_04058,0.924617960191181,0.06287323801823544,0.11963216465050469,0.1137910789304989,0.2667932992835061,0.18806888378399925,0.14194225156905116,0.2672951587822379
SAMPLE_04059,0.18835656994549263,0.7873094957944484,0.7506208961198719,0.9999999999999999,0.08265783552236759,0.03777625027214409,0.2871049991669291,0.5542316002691405
SAMPLE_04060,0.4060242418882174,0.6971729588584528,0.6523370666030486,0.16108706299064485,0.6746571685282482,0.1265840113684607,0.4715092617140475,0.8622587233817467
SAMPLE_04061,0.048911264503651186,0.3901920782867182,0.7546187866199165,0.1770461603271025,0.3766933880784672,0.33271835584325243,0.2397557984000323,0.9113665765332344
SAMPLE_04062,0.7575738053369552,0.3505325594687961,0.25149755300210347,0.14629999141994388,0.5041740571483696,0.3331865751122592,0.3622619869015785,0.9097252506493398
SAMPLE_04063,0.7725889364988788,0.16524911207563706,0.0765948434398818,0.16597098383911038,0.6481147497680638,0.30194135681612416,0.1631360441599648,0.9320352538351753
SAMPLE_04064,0.786607153260236,0.27329893606992284,0.27002018130890865,0.2011142784340921,0.42701909280410044,0.22452407217328463,0.36716223870577286,0.4387341280169914
SAMPLE_04065,0.3123323480902554,0.12109536091611689,0.09637073642299482,0.9999999999999999,0.18749365798290035,0.17468492945492764,0.04586327455182812,0.3416960215689724
SAMPLE_04066,0.9277846093415189,0.23854468708635876,0.27488691671849874,0.20177444102042208,0.08888180468277766,0.29084555760888037,0.40891916707541803,0.2679072018683083
SAMPLE_04067,0.9999999999999999,0.5745881256035585,0.5266782744579536,0.8718937047253967,0.9999999999999999,0.9999999999999999,0.9999999999999999,0.9999999999999999
SAMPLE_04068,0.7321240133487046,0.3741863078716895,0.3868799970092619,0.2581276060042791,0.39462418473783867,0.4497816046306599,0.4918518987609305,0.3122652009807563
SAMPLE_04069,0.3147836754568264,0.758988304358454,0.7890469069080568,0.9999999999999999,0.03780812746462254,0.2016876919929755,0.36797052373728156,0.23708099908732255
SAMPLE_04070,0.9062840813981337,0.038285408921715516,0.16758333092506678,0.1234965024983491,0.05828505207398818,0.18047096120424638,0.16767379002749286,0.11399148638920621
SAMPLE_04071,0.7760589767196266,0.4742513539748099,0.48303873476999415,0.3119089989340269,0.2792066578112273,0.44438452451297317,0.23465020761722416,0.43158297864971423
SAMPLE_04072,0.792931650749565,0.4637021148885878,0.551170618886262,0.24317024262111808,0.3121895094372518,0.4073501060455663,0.2783609371954378,0.22013993476029886
SAMPLE_04073,0.8047620336160071,0.020720313539258513,0.024897414315830403,0.05657736326279646,0.5064482639516485,0.1326848814202474,0.0406645650532483,0.23063865373065673
SAMPLE_04074,0.464135972758027,0.3860024182494263,0.4079065998391542,0.255806793771866,0.6152049006707957,0.21725009904986475,0.4460096448671825,0.6547072407799541
SAMPLE_04075,0.8477825709438565,0.28829007435822684,0.2631773094502689,0.3184223359098875,0.35557963392647907,0.32799888171457753,0.40404946237543193,0.3695306241689179
SAMPLE_04076,0.6201673762525717,0.24445813275843986,0.15793856968969217,0.15783474177416076,0.7552396009096418,0.21382230795477528,0.3298710809250269,0.8964397931636447
SAMPLE_04077,0.7936111293582553,0.36236447839774943,0.4425092253709353,0.33940399892333833,0.6695606097021038,0.42796183344296046,0.5299831226470071,0.7510480795477714
SAMPLE_04078,0.3447396748948816,0.46882517990124006,0.3940704038045954,0.9999999999999999,0.14664789184769983,0.08711021923401281,0.02897356254751504,0.07223283086473237
SAMPLE_04079,0.2608643139432946,0.4871283185045868,0.41132175786472736,0.9999999999999999,0.26448692643963706,0.23371026942414785,0.33481263435741543,0.8942599772719104
SAMPLE_04080,0.564538302988439,0.5931507513855893,0.6645952744729585,0.03253464487022358,0.41561359525937713,0.1488565632794243,0.29583645094062705,0.7063691373348926
SAMPLE_04081,0.9999999999999999,0.7905793503809666,0.7882171401196694,0.8733372926458958,0.9999999999999999,0.9999999999999999,0.9999999999999999,0.9999999999999999
SAMPLE_04082,0.8886173762932892,0.5250957219982597,0.6264879626541648,0.1779701733771735,0.7260318359756566,0.2053433154559526,0.6945882019388289,0.8392411282351553
SAMPLE_04083,0.8189490068958738,0.07274296182049517,0.09427701810459584,0.18100122037514169,0.6101531948261514,0.26097518701305594,0.14674644384279817,0.34241147162872687
SAMPLE_04084,0.7998756725794431,0.6992869619459146,0.8969234982381878,0.1097299629272809,0.8735783452620705,0.13883610670925267,0.6376943833659081,0.9282083727491056
SAMPLE_04085,0.9999999999999999,0.6590630883068023,0.3839281927786358,0.8797671327266583,0.9999999999999999,0.9999999999999999,0.9999999999999999,0.9999999999999999
SAMPLE_04086,0.8397818687382872,0.015322871892908499,0.06245482163771576,0.2531214281930286,0.15631919088029575,0.17700660567213988,0.05658104433083884,0.13050044614657028
SAMPLE_04087,0.714422262950288,0.5280753862475637,0.537153208406381,0.23455050527434107,0.36565936519685904,0.32372225555097145,0.5958653851397608,0.72807271424647
SAMPLE_04088,0.6204786150344157,0.8457093102413075,0.9324125708686886,0.08857685574549216,0.736948324675549,0.4019295478009147,0.5145200014678283,0.8808528057240331
SAMPLE_04089,0.6772923327631813,0.6096583682185079,0.8546331388075508,0.10806523411424383,0.7850642562740187,0.3707684078794532,0.5095481925430637,0.8893570281492121
SAMPLE_04090,0.7345362660036053,0.36850373907248957,0.5236253794885146,0.2723457273989292,0.7720198617699949,0.39282734739090386,0.43631012821282544,0.9397111864807969
SAMPLE_04091,0.2783522382969297,0.4326119906715359,0.4041987117380663,0.9999999999999999,0.19037757599395916,0.26788165872225395,0.1617357175320197,0.4080674580898399
SAMPLE_04092,0.8847837631584929,0.08854359247306007,0.18516408630126563,0.316052595842628,0.5360617267472971,0.30867502368614314,0.15403725152296313,0.32300867283412926
SAMPLE_04093,0.29667823942792954,0.24822733126958724,0.14677964095801443,0.21008274284345643,0.5634551772517505,0.2936571951370396,0.27735457633388133,0.8451677714786201
SAMPLE_04094,0.5227396635883198,0.33339134262117454,0.44690321636844843,0.09459736841264726,0.6565087370026255,0.0929714400434476,0.3113352028261129,0.8511817985599415
SAMPLE_04095,0.5838165915675139,0.9250889172937307,0.9239248545210135,0.9999999999999999,0.07308842313181574,0.09811643571554388,0.3704934723775535,0.18511797821922432
SAMPLE_04096,0.9341179452779806,0.16357669320917056,0.23716431659726497,0.23525900929903756,0.03528628679085899,0.2903095024835966,0.14623339886035244,0.03947727461948501
SAMPLE_04097,0.5187940623415684,0.3702931440803775,0.478876847998089,0.10606772468827322,0.6908316933806048,0.16157349894202083,0.3051921870520298,0.7945088114482062
SAMPLE_04098,0.6075419677799719,0.5409739596794951,0.6381111449837187,0.35175308235963476,0.5612218177257118,0.2981723244548422,0.3620483387059151,0.6896738150679352
SAMPLE_04099,0.7653214020734851,0.2549444845265702,0.3741727964867574,0.22660394266287695,0.6621627598666617,0.3212159917778558,0.4030958009963871,0.705910986941392
SAMPLE_04100,0.8522815185431021,0.9196732145296713,0.9039314399134324,0.2637204947268953,0.7939632011515976,0.5331672102445583,0.8588941456014949,0.7535060741272495
SAMPLE_04101,0.4273085245128607,0.5703302666687915,0.6073732923932071,0.9999999999999999,0.169880538054013,0.17987158873552264,0.5655140600237586,0.5297449800905055
SAMPLE_04102,0.8174469386849745,0.0829545138855888,0.16382233590962217,0.24695664215959215,0.6161024463961429,0.3898699168791957,0.14156227543827993,0.44074561900427056
SAMPLE_04103,0.38238951013238687,0.19148960579492025,0.17908211143580693,0.9999999999999999,0.1418093187385282,0.10211356108882089,0.08695453122491933,0.25392784457441697
SAMPLE_04104,0.7474352885129394,0.671576078989581,0.88388896395591,0.03019608352216655,0.7303554463092861,0.16183995585461053,0.6515614303922055,0.8893570544892477
SAMPLE_04105,0.9192845964048169,0.06741772836530309,0.0679243790451934,0.2188185733906524,0.03808675423549429,0.2745401798271667,0.06635805013333891,0.053710197217353844
SAMPLE_04106,0.8144440768389147,0.14859771419675707,0.2035892416476468,0.28601545144399754,0.24441733832515292,0.3490182580275033,0.3596605757895747,0.21102826783158557
SAMPLE_04107,0.7774464460747701,0.26527078746053,0.3171207106074808,0.019528682186017766,0.462217432448463,0.07714845138065358,0.4535287286344345,0.9585788835816018
SAMPLE_04108,0.35427405156152286,0.8300736881075705,0.7734257876058503,0.9999999999999999,0.29018507031954544,0.23517470535028673,0.15373903826056906,0.8109118105729041
SAMPLE_04109,0.34977125962029676,0.7278610389911746,0.7143700843496377,0.9999999999999999,0.0818188901684838,0.21202464333035528,0.17706915199855575,0.3777185740746055
SAMPLE_04110,0.5281515567103137,0.6079889584474832,0.6423003049193029,0.9999999999999999,0.050914127449075794,0.15446154244885052,0.2584248070463847,0.057346623042749796
SAMPLE_04111,0.2251577194721134,0.4354143707913547,0.39643946912035744,0.20763444252002503,0.15267601230524355,0.20165790181044763,0.1778421626830938,0.7394626578222708
SAMPLE_04112,0.8562835713723129,0.37474824195373724,0.2826075628947974,0.1595744263223183,0.044424309535239695,0.295967046607898,0.24313067909719052,0.033421040154061006
SAMPLE_04113,0.7932786641324755,0.25964873346381895,0.3548371206667321,0.3315433122181256,0.7201413278231181,0.3752476554572751,0.36277505442017116,0.8685416631701426
SAMPLE_04114,0.8201157640460772,0.05635923881657934,0.04583679791695086,0.1775699353087365,0.11172523477508152,0.19015888112462784,0.28827786803673977,0.14260730253951415
SAMPLE_04115,0.4781718123098471,0.42864129915151256,0.3859446020854015,0.10078388714580401,0.1794041847216547,0.1020098321715148,0.2891363862540246,0.26953915110187865
SAMPLE_04116,0.7922777627643585,0.5710307782116275,0.5586366060612612,0.38234227063477955,0.5623840430784102,0.4506553126781471,0.7037798903716149,0.9367823802769274
SAMPLE_04117,0.785434690159667,0.2369965097992929,0.1359455238502046,0.07065680077279735,0.13076551377244378,0.12237882084776035,0.11927892192616973,0.32811891741482047
SAMPLE_04118,0.8526164644131713,0.05286245650097596,0.035712338858153864,0.3460731808104243,0.8903841054061999,0.41640760005068644,0.3473297869825385,0.8105240155922278
SAMPLE_04119,0.836283227371066,0.08599305926267313,0.13090458227757756,0.11191259247227099,0.46121179224749353,0.20381891318653667,0.09829064110752825,0.2690798180462005
SAMPLE_04120,0.706458356505435,0.24770814377323183,0.2860103860680648,0.31829363842933595,0.7181913499256803,0.34362289669657303,0.4441599209605344,0.6391428306476221
SAMPLE_04121,0.7972761358098304,0.2967402494415198,0.521029697620421,0.2925103809543565,0.3135765491297805,0.30014280072544136,0.5178109248721244,0.3881269180844953
SAMPLE_04122,0.5418476187582795,0.43038264904365064,0.5700582705260411,0.11177289593128024,0.46461409689777056,0.2052520210408343,0.20631930163258533,0.7806472803867708
SAMPLE_04123,0.7590830607756737,0.2524188868126145,0.43026831993643666,0.3695898298147505,0.45650128291826947,0.4382255518099684,0.542965054508368,0.6711182875255686
SAMPLE_04124,0.7949452520235842,0.1234096802358519,0.0889744683923144,0.14712609932424006,0.16467702254976777,0.24891058757271975,0.29827928630010025,0.180532941962699
SAMPLE_04125,0.5409985738878941,0.28870513800165765,0.4254041973300113,0.09812683436754065,0.4561821216248876,0.3077665103947951,0.2137134939066482,0.9543784180637458
SAMPLE_04126,0.7705900692071771,0.022901293651450126,0.02296101064278614,0.16652542750636826,0.5483150410023955,0.12139702213176225,0.05819527730505647,0.39342180742303356
SAMPLE_04127,0.8567813436424159,0.32037941871328474,0.4072478883985374,0.20773372950256394,0.18237314840276783,0.22510858498239042,0.24704145830191182,0.19308089986277988
SAMPLE_04128,0.7799120956436973,0.8678812377241827,0.9362634345966416,0.17002894260221812,0.9004990730208497,0.3984002256853776,0.5800826373500918,0.8814210656389496
SAMPLE_04129,0.8247775253404424,0.37722969036393295,0.6230187329109613,0.30353717859061413,0.2835990639225395,0.28584810737806954,0.5378201177690203,0.3245708196310445
SAMPLE_04130,0.8696153307206101,0.4712797516855006,0.4589459562648561,0.40552666205107246,0.7227922019419442,0.5715668633622119,0.6477439980621679,0.5810564122668941
SAMPLE_04131,0.7548836523202529,0.5234325804549803,0.673870427430116,0.26364960723340186,0.589028808118242,0.2948720381527981,0.3712115505105821,0.9398831372308525
SAMPLE_04132,0.6111348859370516,0.5339189853649216,0.6033685349186444,0.09855197049531055,0.32452831453002173,0.14655247771353103,0.24758542407126713,0.8540255953495761
SAMPLE_04133,0.08756159368572121,0.12297159735744673,0.0759646011283878,0.9999999999999999,0.11592153142010544,0.10794907632336005,0.03066114552721089,0.7913279112739839
SAMPLE_04134,0.9132845335202252,0.04364514146183141,0.02302974487817941,0.14003186136465137,0.44452920049676636,0.20933726016715745,0.15055833590391818,0.1996936088295382
SAMPLE_04135,0.8526163040064321,0.2150103379169265,0.30977918707864793,0.2744785913977037,0.21732245162104757,0.2015287393422401,0.30501850350934184,0.25769660383320625
SAMPLE_04136,0.3686142047659502,0.5734517715240431,0.566580570881625,0.9999999999999999,0.04246746892016994,0.09662115991361028,0.2786386867554536,0.6898476186316485
SAMPLE_04137,0.537615512367484,0.6193398833591389,0.6151180662371867,0.06986413658165307,0.2544686202511474,0.127131416202064,0.46438984452218157,0.3034872083628048
SAMPLE_04138,0.9999999999999999,0.7254092019237417,0.6816900685414176,0.8839517541912856,0.9999999999999999,0.9999999999999999,0.9999999999999999,0.9999999999999999
SAMPLE_04139,0.889783992132728,0.05012734927146452,0.08755759186973319,0.2946246654595283,0.4369326749450785,0.2885462349375741,0.12157035421581584,0.35321603762732434
SAMPLE_04140,0.7255223033580624,0.21190756854674064,0.39144711549560696,0.08876385919266773,0.447636512588942,0.131641352172908,0.1797858589648446,0.9261559655631111
SAMPLE_04141,0.8419482797242628,0.25233152108968304,0.17972001547326505,0.15600263057513464,0.16481934488100375,0.26588724873906366,0.17152253223288172,0.20488305982337762
SAMPLE_04142,0.7869450983103095,0.0748647577290843,0.15128795565677802,0.263583517112613,0.6456508981756375,0.23233961500212252,0.3475722859049314,0.8643788386416997
SAMPLE_04143,0.8412805825640629,0.13700540224666083,0.21381243114241477,0.1295946029216204,0.43890639311502533,0.3513485295169659,0.24598704567261492,0.28765590729056434
SAMPLE_04144,0.8529498755917639,0.027725238408609215,0.026174417513732454,0.15194480835023097,0.0711815495023117,0.23249765985869286,0.10516529444600167,0.07452362338691246
SAMPLE_04145,0.8664489777444302,0.4324490411433267,0.4812138470010596,0.2404817981556757,0.29133465645189605,0.38644970604644086,0.5015457042349738,0.33416533467215903
SAMPLE_04146,0.7922749083469579,0.3998661937924099,0.498034810761113,0.32226969788059995,0.8055254158163722,0.3507294965448397,0.5834257321077334,0.6951164736674027
SAMPLE_04147,0.18980736739429988,0.18686954806797712,0.119668437643004,0.9999999999999999,0.03278227660283441,0.01977608170810974,0.05114534526071241,0.05471185578746517
SAMPLE_04148,0.921451291101188,0.27628037416671225,0.3010372393799153,0.22948922590669357,0.2747442391396543,0.382916032112885,0.40510881569774393,0.28977675089756444
SAMPLE_04149,0.44556033691938524,0.19753425461074053,0.3225432876359373,0.054694513932577474,0.23727557645253203,0.09681386579471736,0.30211815791577284,0.9227878630482527
SAMPLE_04150,0.4140190437343442,0.7377322147664129,0.6741795359909533,0.9999999999999999,0.12548740979189577,0.03610604367923075,0.15694631460414368,0.13635117509973818
SAMPLE_04151,0.9252846170753661,0.021593416378813672,0.059318180780747,0.14623388585785133,0.4045266264513483,0.12583582564154658,0.0623135138333487,0.26067904069115655
SAMPLE_04152,0.3383642481028498,0.31565085114190217,0.2689213901570089,0.9999999999999999,0.1646932110310317,0.20776744400963948,0.2630732784813406,0.5324934803987558
SAMPLE_04153,0.31054382891714655,0.234218936262441,0.2493659016946284,0.9999999999999999,0.1594737372593348,0.1341763882024471,0.19454319803728637,0.2612344028471621
SAMPLE_04154,0.8984508022650566,0.1384717180994011,0.1626162617477705,0.12059723863076147,0.11979196371587666,0.18454633975789295,0.2669278279827207,0.1858482863458995
SAMPLE_04155,0.6277399442335083,0.3160824223199076,0.3634861231665647,0.1235910783785886,0.49437191220078924,0.12713558301942263,0.22133823478527023,0.9481451376282772
SAMPLE_04156,0.7670009201575756,0.1802789695699185,0.18520143941618628,0.2037041674422185,0.2239058796648762,0.2621344271573775,0.3645956728772938,0.5229699951050901
SAMPLE_04157,0.47483485020615696,0.33889301531671556,0.37809961980265105,0.9999999999999999,0.03824717625486135,0.034276814775274576,0.09101931327944035,0.17399793688762966
SAMPLE_04158,0.794100755551076,0.6443654459097624,0.7912083942480495,0.07003274114442799,0.749321366756847,0.11564147445368542,0.46405945043373165,0.9671818284762481
SAMPLE_04159,0.5313658171203287,0.8687587231337184,0.8827208436411755,0.9999999999999999,0.045810250569410564,0.20464766447844301,0.6097963896651175,0.9115564045731952
SAMPLE_04160,0.8629503029070246,0.011641619805591495,0.031525068966833825,0.05759617789986932,0.3828144563635472,0.1457771806091867,0.04129914279289785,0.19418175943815114
SAMPLE_04161,0.6389685969948085,0.2610808413902991,0.4126193197448241,0.13198196627177805,0.49633930212484945,0.12250197944571627,0.31882863466015315,0.7897006114630609
SAMPLE_04162,0.19952365533996558,0.21256639387998336,0.2634913267149861,0.062210966667957,0.44619353150330354,0.055456154830221836,0.13277497732836768,0.7945816499275151
SAMPLE_04163,0.7332379069059244,0.5990378730277037,0.616716693573866,0.34898800717887696,0.9047388132487697,0.5104913203111996,0.7664513138571202,0.8927768460724581
SAMPLE_04164,0.08146576043928865,0.2421800062812871,0.2758291220882511,0.9999999999999999,0.028108472606708085,0.055284963438373275,0.01789084680573629,0.1167479951801404
SAMPLE_04165,0.8100784998479323,0.8887996314596701,0.8433426496877088,0.08760292009965236,0.7448798473963163,0.20160503594235124,0.406268424348597,0.9205008928550646
SAMPLE_04166,0.4270591852502714,0.4974344047570429,0.4317106112469875,0.14949666759174893,0.28703936158942317,0.2651170274208602,0.5421912165474347,0.49423417000767367
SAMPLE_04167,0.5954105092440227,0.4765565243489932,0.5861046645223875,0.11693377291101964,0.39171372021213946,0.24993293431724442,0.5239334138886133,0.7911459323927198
SAMPLE_04168,0.6333095586737997,0.5555390058812486,0.8367788912842464,0.11257358819454474,0.3358744115091177,0.1750315622609243,0.6395212611164356,0.8511776308873316
SAMPLE_04169,0.8927838168325384,0.3030340222430671,0.22398227692058145,0.188224314133876,0.3380752431021302,0.37477491081095266,0.2771923370954542,0.3194822878903659
SAMPLE_04170,0.5633621800317606,0.6578910330234942,0.7180472103501053,0.9999999999999999,0.12425548953895788,0.07661025879708644,0.15955253329096833,0.16705637366648274
SAMPLE_04171,0.7605809448131622,0.5760641518462319,0.4193194508582172,0.3398208737607917,0.2955897952521443,0.5109766215212797,0.374114129686697,0.7710563515108992
SAMPLE_04172,0.8521166202056288,0.30180940347310903,0.46183159141017066,0.1938569648028072,0.4815153611303284,0.4169471966901375,0.33388798206038395,0.3120300704853645
SAMPLE_04173,0.8691166181905841,0.2994870432618516,0.5452880152561241,0.4748211723979109,0.5930955270493941,0.5203539207304759,0.5964488692674356,0.528620284674906
SAMPLE_04174,0.47668644698164536,0.6542323582211009,0.5312341406623671,0.9999999999999999,0.05789124648162852,0.19877144562374824,0.1290153340799569,0.23341575740258347
SAMPLE_04175,0.5887728826116871,0.4396793014748589,0.35192306984524235,0.08714373465399662,0.4331563101511336,0.09450393356647857,0.27714368699883607,0.9536588888963616
SAMPLE_04176,0.8407825460598553,0.38535579727309355,0.40079004160294635,0.3220318387576527,0.4625213222359861,0.44183186507594796,0.6023490080308228,0.5206829682793916
SAMPLE_04177,0.07673030039095238,0.3264040900984528,0.15463149925652958,0.062035412681565025,0.2630880711737312,0.02910760716116414,0.186148090833467,0.9766298553209845
SAMPLE_04178,0.7865788170942634,0.24438678573892983,0.3553511152363509,0.3671340819181774,0.6724834738835987,0.5237571312699464,0.5404201082525975,0.9130078784685429
SAMPLE_04179,0.756742261692394,0.05686786964800407,0.04893409649437145,0.293216259124254,0.9226446992311972,0.3214116830981275,0.14984369562748015,0.862780348970259
SAMPLE_04180,0.9999999999999999,0.7043847990357677,0.5121331834585985,0.8849847645444888,0.9999999999999999,0.9999999999999999,0.9999999999999999,0.9999999999999999
SAMPLE_04181,0.6314387169504124,0.3147103394058579,0.3774503607108816,0.11008286680162449,0.42723711738233716,0.14567953658638405,0.28594531569364906,0.7667146217977345
SAMPLE_04182,0.767437373033991,0.35075371856790166,0.30181020982335527,0.2498758642556958,0.3138509556028473,0.3684515463329879,0.650793587541294,0.4956129759422968
SAMPLE_04183,0.5638860505701351,0.6020848185853033,0.5446949260304451,0.9999999999999999,0.14630598725722918,0.023609418895801853,0.026151452862325,0.0748074484285974
SAMPLE_04184,0.9072844169827619,0.07371427695065372,0.2837445294202201,0.2167777038038318,0.1640163235471813,0.20177557586178102,0.3363464825809629,0.1782414912252451
SAMPLE_04185,0.9017844473003224,0.08358492866983444,0.37298750822024107,0.14416403069655423,0.26256845094608794,0.20862979368253357,0.28454595968821655,0.20182426551779425
SAMPLE_04186,0.04881237414128848,0.5111495273105708,0.48827350847669015,0.9999999999999999,0.03345368935575252,0.057631519277014924,0.12940898671821063,0.10111013500783435
SAMPLE_04187,0.5066362002234867,0.31275497085230275,0.24029494905864163,0.09714969827258282,0.457332330336913,0.12299306292956128,0.5606746908201699,0.9385194541303996
SAMPLE_04188,0.6394754822785803,0.615721223614726,0.6202697798352531,0.03853282858622052,0.45781199701015385,0.09033958009207821,0.3282274863213678,0.9743876845771107
SAMPLE_04189,0.5667228698684441,0.4125932028819096,0.3918696571592496,0.11939969310797337,0.6461373685109169,0.21692074076191803,0.30996236633454866,0.9596378044099343
SAMPLE_04190,0.9074509668560604,0.07895324063387174,0.15267847697232534,0.2281983278591223,0.09823560066776575,0.2877730561020172,0.39181118761877765,0.1430573648931869
SAMPLE_04191,0.8307802226719176,0.2066517837627525,0.2699795337551655,0.2997183101010375,0.15750541965261095,0.37950170408007544,0.20980308623191443,0.3181737108996753
SAMPLE_04192,0.8621164516735403,0.1021885520782807,0.13082969704179095,0.234691241161312,0.17514578543784012,0.2745546916168518,0.2610326318742424,0.3041628437272954
SAMPLE_04193,0.7646892544873864,0.7171446617246697,0.786477388573534,0.18011750453556752,0.5937993825536265,0.35314188579710837,0.49621390603227933,0.5532947554441481
SAMPLE_04194,0.3089525576442373,0.11844278183897142,0.09034550212397924,0.0537156035573431,0.21407311005565458,0.08016712429929328,0.15853509754215223,0.12199826708668432
SAMPLE_04195,0.8292823121821711,0.20691428112274007,0.32514891384823164,0.32165592293884576,0.16741195865063638,0.24099707002109022,0.3136843887677029,0.4078890060749704
SAMPLE_04196,0.710379104040694,0.15657755372865811,0.2358350618989143,0.3276189036500258,0.45879488294335363,0.36462682410960257,0.41232717105748967,0.8376001992676083
SAMPLE_04197,0.8967840964100047,0.09266429374933818,0.14882672833320248,0.17653972988441755,0.14736747939358524,0.38434683575642864,0.1362226893236373,0.19991906159760187
SAMPLE_04198,0.7707589846824932,0.1894261950157973,0.20248114410313406,0.10254659302347427,0.4852065466891613,0.26857725237897456,0.23813633209944796,0.43069996896220986
SAMPLE_04199,0.7432854155155177,0.6106789634122685,0.5946007785596154,0.28436965542795545,0.38138737277042856,0.40702743443657935,0.46896601725560566,0.3979372042420739
SAMPLE_04200,0.1021945379376638,0.614557730801825,0.5230910471530825,0.9999999999999999,0.050103162670982054,0.06929032318196236,0.4787667062345823,0.2662492526477125
SAMPLE_04201,0.8432824733042023,0.03938989519892184,0.020033330752096838,0.06872483769529505,0.06617710360882662,0.13157976140172806,0.06378369359262342,0.015019931365166947
SAMPLE_04202,0.8262730523924338,0.4070387380058399,0.5283553070874387,0.39212721274696727,0.1909518299706784,0.3898012772683749,0.48848271213135797,0.17354144491447168
SAMPLE_04203,0.9067009892827096,0.2648579679320263,0.32332194291173655,0.17499864264994092,0.28030623105099306,0.235119870934422,0.404649829224661,0.3972977278908666
SAMPLE_04204,0.9016177565915595,0.561855451173673,0.6012679416540958,0.20366387166496333,0.15529510651829329,0.38263060585089836,0.3760127813167116,0.1634371286414996
SAMPLE_04205,0.8774507399340887,0.2719337028105292,0.42666563439745253,0.12067591285228461,0.3149896531130656,0.2462502447055492,0.387961715821567,0.4614932012936221
SAMPLE_04206,0.7010588612002235,0.3479287043762276,0.36739619146672253,0.24886363147850848,0.8140610472972141,0.3365334669774624,0.2912040566137931,0.8839171208241621
SAMPLE_04207,0.5277645664134709,0.7697994017680917,0.7148607359655155,0.9999999999999999,0.1629942144738285,0.025771112687542806,0.41044444102537053,0.2730443393099256
SAMPLE_04208,0.5794866902900841,0.2398812624416178,0.22967544816102364,0.09123075125732596,0.23757146122299466,0.12196154681456534,0.1484771599327947,0.2211446288968755
SAMPLE_04209,0.8951170407885214,0.33916200155602855,0.26653057596206164,0.16830585916533986,0.4015020205098858,0.285951981336022,0.2730140961302736,0.33792900320956687
SAMPLE_04210,0.3745941115411084,0.21685726704236544,0.15696798542281415,0.093431110114927,0.30904645907213446,0.1615746372417512,0.2342784698307242,0.904339531467218
SAMPLE_04211,0.8632839105791132,0.35224170555635537,0.47256600920540837,0.09416599071330002,0.18898818346723445,0.1303726699518556,0.08667088299717392,0.058982474907490215
SAMPLE_04212,0.722171709782184,0.2349168395060992,0.2707437770881723,0.3685744985363547,0.8886182890974357,0.36652973413941076,0.3058754044566254,0.8595732723416732
SAMPLE_04213,0.920451261992651,0.2176337661547324,0.16767652073491385,0.17935212525626038,0.19487259583591052,0.3056318528647938,0.14603979929269892,0.10835818418916073
SAMPLE_04214,0.39098982859254877,0.6298030081029948,0.4722906557955763,0.9999999999999999,0.14020572232162654,0.24484987087348997,0.1545940756490358,0.2680248031009209
SAMPLE_04215,0.7205312314919954,0.3725582508969924,0.41726713721342756,0.3652984178781937,0.7375839031451286,0.429559020092356,0.39706673750034455,0.944606495226092
SAMPLE_04216,0.8364462167827138,0.3151070066516521,0.44545193322973076,0.35016637817784635,0.18229724182900664,0.3508513986741486,0.4504306748100667,0.17405785298594384
SAMPLE_04217,0.3042223519814241,0.6047357714870388,0.6704988814734941,0.9999999999999999,0.13899925292383222,0.07846808723043475,0.6050552208069807,0.22871445327500728
SAMPLE_04218,0.7469258438864679,0.1646747496292443,0.35619041790956046,0.2570750193147815,0.6523617058984725,0.32752643944472876,0.6270797894926242,0.8769219828117758
SAMPLE_04219,0.02160204006235906,0.12853367900032436,0.08290150007699736,0.9999999999999999,0.042993236625548326,0.11495170643565311,0.028206881624212376,0.881483142204331
SAMPLE_04220,0.8652834882569171,0.5344687300777476,0.7498067449968541,0.2864258727345109,0.2834210379123785,0.30103279641388214,0.5198471762856027,0.4714552000896859
SAMPLE_04221,0.15753601095529532,0.28345178484365297,0.2740149706347107,0.9999999999999999,0.04511669140124377,0.17656927975133788,0.060245164061029984,0.10622224705576179
SAMPLE_04222,0.7411671829599664,0.1087969572492279,0.09209140047907634,0.3684184906281248,0.5910781065773774,0.5083121609901439,0.4098398592509955,0.8482245910508197
SAMPLE_04223,0.16363723086315585,0.264680810587343,0.21009885031657805,0.22876025529221478,0.24281412001411695,0.25294438954570986,0.13884597982077784,0.8461464029970677
SAMPLE_04224,0.7557202644789927,0.25183141799083136,0.3721042373965228,0.29303055405643746,0.4726364195637871,0.3725773681361924,0.2805419240388972,0.6946102147246884
SAMPLE_04225,0.8034430560573056,0.22330601667413846,0.2735652298805794,0.14435914636908032,0.14211314416987209,0.16723949249005798,0.18505471631725717,0.12247014722425895
SAMPLE_04226,0.762951157858097,0.15809131697860399,0.19153945281838725,0.23276480384164103,0.2130575327810646,0.3424671537912919,0.3113770218306652,0.1607929570351755
SAMPLE_04227,0.905284538264183,0.03860976639968847,0.11432913116689228,0.16027344726169515,0.11194138128505798,0.11611565989095567,0.09862104486799117,0.0890416793364914
SAMPLE_04228,0.48826305690957184,0.12482623483147345,0.2264743599251623,0.9999999999999999,0.3118328044156576,0.19164114749716057,0.09313804965536095,0.2283056891734076
SAMPLE_04229,0.7705921067242805,0.29172966873185713,0.35335247913671647,0.3187981144324804,0.2958250628824817,0.38908194985082883,0.21235297250896507,0.578822810550083
SAMPLE_04230,0.48321103455130165,0.5885382494312859,0.5774124899140982,0.12494722005901342,0.6642226441981978,0.2516714755721659,0.42174047431656314,0.7993821038376089
SAMPLE_04231,0.46266174174580604,0.24771924182441352,0.40803931248128367,0.1012398099609002,0.139847940512891,0.16820448117308595,0.18727253433563704,0.027897074290713315
SAMPLE_04232,0.5979907291695248,0.4045562475683613,0.543381720944706,0.10447746326267042,0.2884890131791704,0.2590574405920723,0.22022975893616856,0.9455774017845588
SAMPLE_04233,0.804607469083958,0.13601542281603815,0.11331794995247844,0.3236645829037539,0.3247637432629214,0.34560352692999663,0.19583068906769485,0.29540186349760683
SAMPLE_04234,0.7827559070776466,0.5354570605029338,0.4281940576471417,0.337092923742688,0.35864963469144184,0.3902489161481129,0.30635654449410843,0.6542925048169272
SAMPLE_04235,0.8964505092112162,0.033429987944699556,0.07539376751931991,0.17161012559602898,0.5169480676066865,0.1729125493229098,0.12083995350300439,0.3997867436230691
SAMPLE_04236,0.28141058366975485,0.31021937813812644,0.27682882675602116,0.9999999999999999,0.11864498131794514,0.12681496994738398,0.0235029142811441,0.055628473573005065
SAMPLE_04237,0.8019446406774424,0.023488921999057156,0.02091486436217046,0.26380583980580047,0.1587003859300687,0.18849542450808265,0.07121960055292603,0.01689022782386889
SAMPLE_04238,0.281763756207237,0.45296413208139585,0.48887631330420167,0.9999999999999999,0.43414953698908854,0.23438689905629304,0.2513890310150346,0.724549938415205
SAMPLE_04239,0.9236179146587926,0.9558008719127562,0.9096334500602525,0.2903565342102929,0.6548159123068588,0.6919572594108546,0.879714786403524,0.7118681671980727
SAMPLE_04240,0.06751290386009054,0.5592735107833922,0.6948551649443111,0.9999999999999999,0.02116716239992825,0.0491066341029671,0.4825505643839203,0.4331817878332317
SAMPLE_04241,0.7887679723237471,0.33901311179995275,0.3861217279883582,0.28430418213109876,0.19215748442803413,0.268386964259219,0.33560553830654155,0.09013271706525784
SAMPLE_04242,0.45553184882724185,0.6371794800407484,0.6633869016061338,0.1392793878288053,0.34348042694773856,0.19338209072355525,0.5404098979860115,0.8697859852411185
SAMPLE_04243,0.7081274569807298,0.14168019793423609,0.24941998112206676,0.3602246696178585,0.3697613593670225,0.4132419673763421,0.3772970514551717,0.8093039398988262
SAMPLE_04244,0.7882786636682801,0.4526965584435442,0.22643513236967672,0.16784567424820582,0.07059643028531284,0.22698596042219304,0.24044981123501258,0.1151595653721059
SAMPLE_04245,0.8761172309606844,0.04280515984516023,0.04523735527067617,0.08062688991434931,0.040199500134933765,0.2688542332411203,0.11668612599896278,0.11128690313272263
SAMPLE_04246,0.24481823020054524,0.4201515727407842,0.5278196759346653,0.9999999999999999,0.2562671606971239,0.2260093083658004,0.007379604613588434,0.0206512209392756
SAMPLE_04247,0.3830706061599176,0.07963134202685317,0.07233418908361987,0.10427491277115188,0.2974646601261075,0.15220253886211077,0.25390454195814616,0.9128883511647643
SAMPLE_04248,0.4363785022830825,0.4952626484974032,0.4898828911181946,0.25894442770043513,0.6087320873591944,0.3999293475982363,0.30518198154135234,0.8588358250523964
SAMPLE_04249,0.4334723622740612,0.4183133357737869,0.4758525599341637,0.16201582965961658,0.163867482686381,0.10201556650797095,0.19951690612424658,0.17211099939324098
SAMPLE_04250,0.2613566392582547,0.16232325679994122,0.10243773819182986,0.9999999999999999,0.054135279460453614,0.09777965998468126,0.013400108793280482,0.029745383331659617
SAMPLE_04251,0.6301059053544898,0.5112740882121583,0.3662939936097158,0.9999999999999999,0.23088500077698887,0.1896420292672166,0.10167511027745868,0.1924427811799816
SAMPLE_04252,0.74755821627366,0.07246270294215895,0.11437224603729294,0.08681181678319327,0.3990345454025443,0.22234658167299876,0.1946361888166834,0.13646080938655547
SAMPLE_04253,0.1497505370822005,0.4407241775992959,0.44856739862670203,0.9999999999999999,0.07150339898248134,0.0696419991724835,0.15676348767365672,0.19490609532214342
SAMPLE_04254,0.9082845501555612,0.3346578656289825,0.35819537710392535,0.2708649562604149,0.38659576549321495,0.5320393507355436,0.7054153824735891,0.3751321610585784
SAMPLE_04255,0.5015836937258289,0.5849695547722019,0.5909319665899013,0.08038785227777276,0.39965278764863815,0.18772769158151545,0.27075727574685554,0.8874499726882241
SAMPLE_04256,0.8752832944168175,0.10744998796834164,0.4592197294265944,0.14573891491903992,0.2469599912464614,0.21516339059669082,0.1452949021556366,0.3009630534276093
SAMPLE_04257,0.7754740791992365,0.6852801285117687,0.6004738849597948,0.04871233586367347,0.4728405811622118,0.06613822497793106,0.5862092249211646,0.8426099411743428
SAMPLE_04258,0.8324488621835333,0.23969455152357755,0.2819217191646276,0.20190644436441427,0.890737994391612,0.39877854185966133,0.2518044334586206,0.7916952912227981
SAMPLE_04259,0.8127805769911913,0.2195571748354282,0.30588917399322213,0.3284585415785111,0.6263468510014474,0.4423734148383471,0.45095081555940414,0.9463776934065479
SAMPLE_04260,0.8741147587698161,0.003085025438099827,0.006604466935412028,0.07828780383267014,0.08028712547515933,0.14657773987643125,0.0428728318172099,0.053706258108961256
SAMPLE_04261,0.027324110168031764,0.21239835183070094,0.16946149053491794,0.9999999999999999,0.044002355083216795,0.036117012261775695,0.013814146586093088,0.03761396255015898
SAMPLE_04262,0.7799230366138676,0.5138989822111761,0.6490995284810289,0.25938408033977384,0.5214833097110207,0.3251737868771239,0.27125128346748256,0.33561397125452264
SAMPLE_04263,0.9068678186269754,0.15219329789722,0.24412644189447433,0.23698641276736718,0.452639507906146,0.567339861997664,0.4893825945309189,0.3974420226614311
SAMPLE_04264,0.32763866336289166,0.6160634635800046,0.4946034024254953,0.1047263145125345,0.27509001448091114,0.152867495119581,0.12557230278429302,0.9478802561098267
SAMPLE_04265,0.8911177425432031,0.8788504564483268,0.8917671791775041,0.29040608176338395,0.7121835677428114,0.4486778706189168,0.8789002482883026,0.7640693087748704
SAMPLE_04266,0.8189476066661087,0.135678648159486,0.10423484077117048,0.20486809799456887,0.3595426072117195,0.3411985428607806,0.13283406161961006,0.7776322823218809
SAMPLE_04267,0.5346945239801421,0.09222247588490715,0.11253048726226092,0.173364501775282,0.4954045487422085,0.21044874213868206,0.26496504690889644,0.9663786782880053
SAMPLE_04268,0.23089895811496536,0.3317971548021772,0.3187117645205013,0.10626942810170517,0.18250527717649656,0.06979178604581603,0.12655982398643018,0.8543028445621919
SAMPLE_04269,0.28527294602605313,0.43608396465332283,0.4373795151733794,0.07506191394435713,0.17973040308372934,0.2429289844409961,0.2368357304011665,0.2335700501595988
SAMPLE_04270,0.8412772599907288,0.2538725668412799,0.309943895995044,0.22457761221844333,0.060588453640441825,0.24494480726721263,0.3210724811619067,0.13098764458680523
SAMPLE_04271,0.7788971924559942,0.6846606275037153,0.6663321559163922,0.08755086097317615,0.3593708938392897,0.3447809503615157,0.5966270827968488,0.8779298991278301
SAMPLE_04272,0.8534441259915251,0.059049122973258324,0.1783837494481429,0.21196228934321973,0.4313674189061195,0.3381455722295113,0.25301924007885496,0.34254011547399554
SAMPLE_04273,0.9999999999999999,0.4741944201132314,0.3149803639294942,0.8820835031281821,0.9999999999999999,0.9999999999999999,0.9999999999999999,0.9999999999999999
SAMPLE_04274,0.5425199391731544,0.5569892695190815,0.41840877792655506,0.18892195871212006,0.3919091191605415,0.22187450804514489,0.37359110395393247,0.9278119968253968
SAMPLE_04275,0.896117189764972,0.031064416983073304,0.03275010300747083,0.18550570152601217,0.05117622622539147,0.2506022910257014,0.03137170344039044,0.054331958415928305
SAMPLE_04276,0.7997617295900985,0.13328769282675745,0.1347514119963062,0.12483702921594003,0.09962228945970548,0.21913946093770695,0.13684791594471196,0.06430021945317432
SAMPLE_04277,0.8277824906679359,0.5368723596459626,0.6494086513092208,0.34836107021564783,0.6631374180145548,0.6427010262685371,0.7008122594993802,0.9510229609906182
SAMPLE_04278,0.45177081245240575,0.29359141346925804,0.31312546552445825,0.036361382643320415,0.3715040988311107,0.07812199096117448,0.07966691805746809,0.5464648966611658
SAMPLE_04279,0.05680213377553823,0.25762862261117775,0.26261014894047907,0.9999999999999999,0.04719905660909311,0.07531640939506462,0.11716098028965297,0.14323420542100407
SAMPLE_04280,0.7582650213516011,0.7034804416476954,0.6026188318208828,0.3476919720976551,0.36506792165117385,0.5239606584893116,0.5810550416061894,0.5308718980157389
SAMPLE_04281,0.9176179312988524,0.25600211817825724,0.39994527006552927,0.2755861904382093,0.4133911200145949,0.338821234561993,0.5317886378151547,0.521966197055751
SAMPLE_04282,0.7641606461622946,0.8310192591847672,0.8401330477103603,0.12793431311638742,0.36488933849515337,0.22931419290679045,0.47154829148411836,0.8399309197798719
SAMPLE_04283,0.3869298095495947,0.25150611457198035,0.27469072862719246,0.9999999999999999,0.6015027891871594,0.13213091836330035,0.04623837978894585,0.8706533297183656
SAMPLE_04284,0.0443037954801328,0.3382551912665903,0.2887774828372169,0.9999999999999999,0.10568948204470845,0.03510397332220379,0.07266920975384496,0.8224854221682271
SAMPLE_04285,0.8649502886169469,0.6092337757631963,0.7087412624453215,0.4240889848603095,0.8613127484714213,0.6365788551771581,0.9451198947149897,0.8391500886128385
SAMPLE_04286,0.4949274857175957,0.4170017032245875,0.5229728451742091,0.9999999999999999,0.049460421712655155,0.03311306339635969,0.07476560726357248,0.41174169456047294
SAMPLE_04287,0.668590153059807,0.6633474035628091,0.49184160503011665,0.10019892215708254,0.38556510349727957,0.12201909586000535,0.5425971293416668,0.8958001825580073
SAMPLE_04288,0.9049509844432233,0.3536370944484388,0.3887508299787439,0.2914302958357671,0.23819610635433247,0.19793364356077006,0.2686089562793195,0.16509774112439263
SAMPLE_04289,0.22292465480506596,0.2454304515651044,0.13936517304080384,0.9999999999999999,0.1583843512103186,0.10464174529196112,0.051439112567812306,0.7966933613037985
SAMPLE_04290,0.3948071487419646,0.5883969995944509,0.6124054683901672,0.9999999999999999,0.10206689746621908,0.16164946373893663,0.23944826073850792,0.07766578848961994
SAMPLE_04291,0.7713288842745718,0.7333170783948619,0.6982367814050578,0.06854544210558765,0.6770041590731215,0.19338440651886926,0.7289937647188565,0.9593405525651448
SAMPLE_04292,0.4756097875469588,0.31276825720776597,0.2702637558651982,0.19963392699489968,0.4092745501140259,0.18706564898347644,0.13556915973793168,0.8255675442662037
SAMPLE_04293,0.7236179874106917,0.3107229981127683,0.3710970559512181,0.30679331594245984,0.15374840585112506,0.3133979120254406,0.33740654915209933,0.11278656026083883
SAMPLE_04294,0.7687129481578976,0.08399445200224084,0.18143488937710633,0.1444651250756896,0.7079032086143389,0.211160460705083,0.08912997469779492,0.6253176915679892
SAMPLE_04295,0.80060966048834,0.09759299766087542,0.12927982616753103,0.25015483147922973,0.33907644918248725,0.3980060062860942,0.12117897291021222,0.2100232381583256
SAMPLE_04296,0.8216115187791873,0.5397947800842997,0.4955642918786648,0.394107929034788,0.5224654449401791,0.43315517814215265,0.4462818314878306,0.9302785936746776
SAMPLE_04297,0.1745718748856671,0.28578114546900335,0.28406469729500905,0.9999999999999999,0.00685243146088477,0.07761555130805955,0.2672094683000235,0.1356080799598962
SAMPLE_04298,0.9999999999999999,0.4824590964780473,0.3912754809282124,0.8830321485227562,0.9999999999999999,0.9999999999999999,0.9999999999999999,0.9999999999999999
SAMPLE_04299,0.9174511903600931,0.42568123521839085,0.461418237906116,0.2508782327823367,0.27300137694089277,0.3741619631323762,0.46723204847322214,0.26273648417002615
SAMPLE_04300,0.720380718894371,0.2600675539558836,0.15337926719797226,0.19083013834423995,0.20907295182584634,0.26279120094535435,0.18229305384675717,0.7774673371365852
SAMPLE_04301,0.7494218381443409,0.30181752597382117,0.3646340316397044,0.3341272302268475,0.7422050795744528,0.41617749799341636,0.4946843032992458,0.9226618034673537
SAMPLE_04302,0.8951176710494433,0.023015843524955896,0.10271355593098475,0.16823223273690452,0.5909283791120734,0.3579478438204998,0.0699398951882533,0.20955430290322002
SAMPLE_04303,0.8651156149585882,0.24653005367749767,0.3424441604448871,0.19326113093819666,0.11767927287608095,0.39091692988348253,0.2800121938725961,0.29819327822398844
SAMPLE_04304,0.3602208081005399,0.3035300830583535,0.26551945424616125,0.12049124384534225,0.3432839861701681,0.11698735113706517,0.2932743417207449,0.9343888292117555
SAMPLE_04305,0.8205999129032031,0.34976118408050555,0.3844404927653381,0.21380123503308884,0.6241243226532989,0.3586901802211822,0.3662547501254494,0.34830255949882555
SAMPLE_04306,0.1628334031804502,0.23346660605136704,0.20506928336233815,0.9999999999999999,0.18246808597822212,0.13229530379692916,0.14238747780506453,0.7397063468503191
SAMPLE_04307,0.9546180205778373,0.1878669306438851,0.1626265870788624,0.21962926905162897,0.21391687238142126,0.29352205169503454,0.46126301231848255,0.13381090949175503
SAMPLE_04308,0.4575978266623701,0.2956230831616823,0.32211614839828406,0.11427654869312345,0.26223481765376294,0.16854382142492794,0.10699678390388431,0.8965117976404954
SAMPLE_04309,0.23313160875859448,0.12163360861107064,0.1154231855367991,0.9999999999999999,0.025531382472524244,0.05510929351147393,0.04570727220065194,0.04186634543393519
SAMPLE_04310,0.9999999999999999,0.503642694960183,0.528986426200458,0.8872627077405483,0.9999999999999999,0.9999999999999999,0.9999999999999999,0.9999999999999999
SAMPLE_04311,0.5562518238524994,0.7332862434398303,0.7249845193793991,0.057701933630046186,0.6998465411081654,0.10949765368094362,0.530652084469124,0.9694866342464757
SAMPLE_04312,0.9147845557660793,0.009057031143716816,0.04155376542849869,0.06443757797645239,0.6905305135472353,0.1542296548064573,0.07093696845955565,0.35687740210936836
SAMPLE_04313,0.7872751884458188,0.16497770884287302,0.06657489240592142,0.19246444784796235,0.17123297897073855,0.22774912556715504,0.1863955240893762,0.09409905643512445
SAMPLE_04314,0.8166131514953008,0.6318069613507199,0.7352515359238945,0.2963713411214538,0.6000025720835963,0.37205810248322296,0.79665654054182,0.7978510924039014
SAMPLE_04315,0.6428873960223206,0.8903344394696703,0.8728531520657761,0.9999999999999999,0.3101167610372156,0.24096360144702375,0.4637624013996833,0.37565955995965383
SAMPLE_04316,0.7795991751934874,0.3777174943092402,0.393461082279404,0.27109411495426855,0.4777168685983286,0.37714926477681127,0.4907162617074434,0.9642176130527875
SAMPLE_04317,0.7591147716892231,0.3117474223708724,0.5860893101352874,0.14445357710795503,0.45825612486652045,0.23922365596595033,0.44799662580161026,0.8463736638063805
SAMPLE_04318,0.8257823846149324,0.15447839683393283,0.19746561063677293,0.2710510398745839,0.40999801789050894,0.4857142671778323,0.3562979028720869,0.4078679068566081
SAMPLE_04319,0.23446796994483773,0.3251777481338187,0.3624307918018671,0.10160224482749812,0.5215327244033641,0.06947002392781694,0.2716327606961835,0.7579079711135382
SAMPLE_04320,0.7947783545791072,0.32703641998807037,0.2626413173400734,0.24502091992326824,0.22117948947189145,0.2744996416669503,0.3042857050520916,0.749471353920246
SAMPLE_04321,0.2501304210797497,0.6810642827179634,0.613917949514031,0.9999999999999999,0.0952907738400317,0.18102437954852638,0.3155366891581727,0.10481365947724917
SAMPLE_04322,0.6276876012295523,0.5032680875548012,0.4642882823154925,0.10108890581733085,0.28592057707231777,0.10614072652722957,0.4118573051685086,0.9037229429679615
SAMPLE_04323,0.7900589733689005,0.4827856026550134,0.6562335344946251,0.07779600801203657,0.14311748983155193,0.35323332346625885,0.682223542368524,0.2818999653122993
SAMPLE_04324,0.40058832856649973,0.65095327526888,0.5473906326434758,0.16744331072367336,0.6115875276859879,0.24434275990997295,0.35397431267610346,0.8760440254856192
SAMPLE_04325,0.5175296626860492,0.8469606683691466,0.8152113826513496,0.9999999999999999,0.2652061917334232,0.01177041672782321,0.5112339304906904,0.41148795377369507
SAMPLE_04326,0.5725621340717598,0.5517098311863633,0.6729645431012468,0.08772796007376699,0.3482414748578781,0.10153165349378335,0.4840286776316094,0.36935466047600896
SAMPLE_04327,0.19127020965890834,0.31895157689505954,0.22839642218400208,0.9999999999999999,0.42771380042321006,0.23233570978295723,0.23130892464497488,0.25789559458305933
SAMPLE_04328,0.48558005334063575,0.5757984536288302,0.6366003344987738,0.9999999999999999,0.10422481222467855,0.13396915126740608,0.22503091941359382,0.7606014655881781
SAMPLE_04329,0.7444260057334919,0.4374897138788667,0.5668804411400407,0.3569476949174756,0.49150299097396716,0.42309776485298,0.3860438511406835,0.6558190113996472
SAMPLE_04330,0.7615971211032746,0.3076171840040986,0.2125866971094371,0.2326371398230259,0.3668237785675948,0.35695540198940623,0.29556377859447064,0.40205940306005405
SAMPLE_04331,0.8204469577113158,0.20164568558482865,0.14046487517160133,0.32281435596502034,0.3655621699193976,0.452234768669865,0.31342420939214616,0.4734284886123259
SAMPLE_04332,0.8211263432696355,0.2653056423921031,0.6805541081359077,0.08787783425392907,0.818524485442323,0.07929722182528666,0.5693792051661521,0.945358692069658
SAMPLE_04333,0.10163786198953086,0.12878882865773375,0.07704408852288677,0.9999999999999999,0.07803740477823502,0.1082872107443104,0.1311392001159742,0.1291384703280205
SAMPLE_04334,0.7472379303800931,0.5035614932807659,0.5974768907947308,0.17433987227565337,0.34756787399785044,0.20576035359020914,0.19073474204852264,0.9444927601544114
SAMPLE_04335,0.8767831880580299,0.08469877803157261,0.08186631116656358,0.17033152883472227,0.2747405771637692,0.20207643959671767,0.07950126438798152,0.12201974963292658
SAMPLE_04336,0.4951526806289376,0.2056036237504213,0.37129483048657336,0.12808595655079089,0.43109789435789136,0.19275767386961062,0.5196920533032398,0.9271743052311445
SAMPLE_04337,0.9999999999999999,0.6498795905687798,0.5596830232360064,0.8826992376023846,0.9999999999999999,0.9999999999999999,0.9999999999999999,0.9999999999999999
SAMPLE_04338,0.8214472241378306,0.3119899539294875,0.5545530503765855,0.06426168882178837,0.658692389785897,0.13905475698906603,0.4392247701992285,0.5525109166117892
SAMPLE_04339,0.7999229279073763,0.5387364151880528,0.9220127831539369,0.15747836447499078,0.7254951034572983,0.266594149895252,0.3438224143090691,0.8984369230606865
SAMPLE_04340,0.9999999999999999,0.5083620498588903,0.40017813909250505,0.874841117907707,0.9999999999999999,0.9999999999999999,0.9999999999999999,0.9999999999999999
SAMPLE_04341,0.7308856825602287,0.30354968926017567,0.30507191832607033,0.36762391025348606,0.6283011766314547,0.44295722121637626,0.3794871434859584,0.8463689875043978
SAMPLE_04342,0.7442244264925746,0.08842818264907427,0.12380761948761261,0.09078370147957322,0.6032663122475344,0.1815593036096891,0.057761891519460956,0.32890685280163356
SAMPLE_04343,0.3266590143927485,0.7856995213077522,0.7903803713604534,0.9999999999999999,0.11381988254996368,0.06730819842206533,0.5163289753182152,0.8307366234467102
SAMPLE_04344,0.6537333315272438,0.7465390749128322,0.6439569684307767,0.10395254771511397,0.07892923564922324,0.20433235109982162,0.4871265716985186,0.3221333622963317
SAMPLE_04345,0.2849008204602938,0.23929385843459833,0.22075074773537015,0.9999999999999999,0.02749965726722621,0.07377701462396387,0.04987787966466634,0.010966256293763642
SAMPLE_04346,0.6589964404266877,0.7776302570369729,0.6888176434957298,0.5326567080277743,0.2155942913269026,0.48932575926825417,0.6705546300815242,0.3467779354271248
SAMPLE_04347,0.7672705529422066,0.4480649904168312,0.40320008957447845,0.45825945280741004,0.5643960255687601,0.598553597974341,0.5709865502884113,0.9227291894029503
SAMPLE_04348,0.3054041879241539,0.4526128441952121,0.4580526536011895,0.1713707125527016,0.4703323371559275,0.3024376232496108,0.7029683158144413,0.7798733111455813
SAMPLE_04349,0.6558348198576023,0.25705966802945807,0.3016661015615798,0.12499346205858444,0.5326758415151451,0.09832872219632625,0.3409428903059941,0.8378514969723325
SAMPLE_04350,0.4849187857548497,0.6663481576314736,0.567952604519937,0.9999999999999999,0.06553151802434402,0.04211165532797057,0.25546840858123354,0.08544545840621592
SAMPLE_04351,0.9019511175669797,0.04872109052033219,0.11199376318812909,0.11290136990266207,0.2711651087708652,0.17017954210605032,0.21080569992214857,0.26591827642624954
SAMPLE_04352,0.442294778892475,0.3105441334959054,0.36300596435914456,0.1603105697224898,0.7212594460143866,0.22229642962161328,0.5088337121133204,0.9348886980895593
SAMPLE_04353,0.3554840440231783,0.6861862691041446,0.7220083392514605,0.08504918020474801,0.5859640076237547,0.12170482111186476,0.4284583256931809,0.777260813621613
SAMPLE_04354,0.26801079500927855,0.49926549804695,0.6567260730095654,0.05520316326078102,0.700250746475602,0.23876059648962775,0.19280430266767293,0.896563566639321
SAMPLE_04355,0.08517750826220843,0.46974534010573155,0.41217655000965037,0.9999999999999999,0.05189995719827034,0.1971763621724219,0.17372089263989543,0.04448944913708999
SAMPLE_04356,0.7237382528877261,0.40579344521307065,0.4244384660646041,0.33612893024005497,0.47087236764413565,0.3433868075095436,0.45002255665001667,0.8108226668228647
SAMPLE_04357,0.2962523262801331,0.31060877391889696,0.2960456416749031,0.9999999999999999,0.09491908118251904,0.08027630302790763,0.026627696869477205,0.03087184343932219
SAMPLE_04358,0.85777987900194,0.1990408400997214,0.43459035507896177,0.19016923181152656,0.2284529736624976,0.342712886512282,0.24298360138712077,0.0922961337518795
SAMPLE_04359,0.1388094810567489,0.25277225748998167,0.24149947451482773,0.08104681493682758,0.5891845082198865,0.14499986378765065,0.3112343050593086,0.9809935139474097
