sample_id,Ampicillin,Levofloxacin,Ciprofloxacin,Imipenem,Amoxicillin_Clavulanic_acid,Ertapenem,Cefotaxime,Cefuroxime
SAMPLE_03360,0.5863333333333333,0.141,0.15833333333333333,0.361,0.07433333333333333,0.39666666666666667,0.15566666666666665,0.056666666666666664
SAMPLE_03361,0.019666666666666666,0.33699999999999997,0.21166666666666667,1.0,0.038,0.248,0.05666666666666667,0.13333333333333333
SAMPLE_03362,0.23233333333333336,0.7953333333333333,0.7986666666666666,0.14800000000000002,0.41900000000000004,0.49466666666666664,0.7283333333333332,0.4766666666666666
SAMPLE_03363,0.077,0.399,0.283,1.0,0.06033333333333333,0.2796666666666667,0.39266666666666666,0.06133333333333333
SAMPLE_03364,0.2813333333333333,0.8029999999999999,0.8583333333333334,0.167,0.6869999999999999,0.49433333333333335,0.8543333333333333,0.8346666666666667
SAMPLE_03365,0.3476666666666666,0.5103333333333334,0.496,0.11133333333333334,0.4586666666666666,0.2743333333333333,0.8046666666666665,0.5953333333333334
SAMPLE_03366,0.27,0.8729999999999999,0.8409999999999999,1.0,0.07266666666666667,0.134,0.4486666666666667,0.7406666666666667
SAMPLE_03367,0.31866666666666665,0.8433333333333334,0.8163333333333332,0.30433333333333334,0.6503333333333333,0.294,0.7923333333333334,0.8593333333333333
SAMPLE_03368,0.18400000000000002,0.9403333333333334,0.94,1.0,0.15466666666666667,0.4166666666666667,0.7773333333333333,0.7256666666666667
SAMPLE_03369,0.514,0.9356666666666666,0.9249999999999999,0.06666666666666667,0.7636666666666666,0.6613333333333333,0.6343333333333333,0.8446666666666666
SAMPLE_03370,0.308,0.4746666666666666,0.5086666666666667,0.5503333333333332,0.545,0.5813333333333334,0.6196666666666667,0.7396666666666666
SAMPLE_03371,0.11299999999999999,0.10466666666666667,0.223,0.204,0.293,0.15366666666666667,0.20966666666666667,0.82
SAMPLE_03372,0.237,0.5203333333333333,0.639,0.4773333333333334,0.7366666666666667,0.3626666666666667,0.5263333333333333,0.7533333333333334
SAMPLE_03373,0.457,0.17533333333333334,0.19666666666666666,0.313,0.7386666666666667,0.44166666666666665,0.5750000000000001,0.734
SAMPLE_03374,0.06533333333333334,0.48300000000000004,0.525,1.0,0.34900000000000003,0.17033333333333334,0.058666666666666666,0.09600000000000002
SAMPLE_03375,0.379,0.5253333333333333,0.4703333333333333,0.11366666666666665,0.652,0.12366666666666666,0.4883333333333333,0.7536666666666667
SAMPLE_03376,0.1366666666666667,0.777,0.762,0.19933333333333333,0.6489999999999999,0.33099999999999996,0.6916666666666665,0.8316666666666667
SAMPLE_03377,0.3273333333333333,0.8203333333333335,0.7613333333333333,0.12300000000000001,0.6633333333333333,0.13333333333333333,0.482,0.5456666666666666
SAMPLE_03378,0.6900000000000001,0.222,0.16233333333333333,0.107,0.3826666666666667,0.2703333333333333,0.12733333333333333,0.48433333333333334
SAMPLE_03379,0.5783333333333333,0.317,0.28600000000000003,0.6433333333333333,0.8306666666666667,0.894,0.8180000000000001,0.7869999999999999
SAMPLE_03380,0.5996666666666667,0.7183333333333334,0.941,0.16933333333333334,0.8370000000000001,0.36766666666666664,0.8246666666666668,0.5023333333333334
SAMPLE_03381,0.23266666666666666,0.43966666666666665,0.4583333333333333,0.14033333333333334,0.7593333333333333,0.5756666666666667,0.8016666666666667,0.8406666666666668
SAMPLE_03382,0.7526666666666667,0.11966666666666666,0.138,0.513,0.19566666666666666,0.4466666666666667,0.2496666666666667,0.20433333333333334
SAMPLE_03383,0.6806666666666668,0.39599999999999996,0.3539999999999999,0.355,0.40199999999999997,0.44766666666666666,0.424,0.329
SAMPLE_03384,0.7503333333333333,0.6890000000000001,0.6593333333333334,0.7226666666666666,0.43366666666666664,0.9289999999999999,0.809,0.5313333333333333
SAMPLE_03385,0.15166666666666664,0.45933333333333337,0.5976666666666667,0.2583333333333333,0.5916666666666667,0.39866666666666667,0.531,0.694
SAMPLE_03386,0.5493333333333333,0.573,0.6686666666666666,0.21599999999999997,0.594,0.3516666666666666,0.6116666666666667,0.6356666666666667
SAMPLE_03387,0.017333333333333333,0.29,0.3073333333333334,1.0,0.08766666666666667,0.3173333333333333,0.07466666666666667,0.16133333333333333
SAMPLE_03388,0.022000000000000002,0.6389999999999999,0.511,1.0,0.35733333333333334,0.14,0.20266666666666666,0.698
SAMPLE_03389,0.7156666666666666,0.07466666666666666,0.453,0.31166666666666665,0.19266666666666668,0.32866666666666666,0.15966666666666665,0.051
SAMPLE_03390,0.8376666666666667,0.03666666666666667,0.044333333333333336,0.03266666666666667,0.798,0.17266666666666666,0.06633333333333334,0.26666666666666666
SAMPLE_03391,0.4543333333333333,0.47300000000000003,0.7136666666666667,0.47,0.2373333333333333,0.6826666666666666,0.6276666666666667,0.16833333333333333
SAMPLE_03392,0.7090000000000001,0.049666666666666665,0.09866666666666668,0.24166666666666667,0.109,0.3456666666666666,0.11133333333333334,0.21866666666666668
SAMPLE_03393,0.8263333333333334,0.3133333333333333,0.403,0.48900000000000005,0.5183333333333333,0.6293333333333333,0.41100000000000003,0.07933333333333333
SAMPLE_03394,0.8196666666666665,0.39666666666666667,0.425,0.4533333333333333,0.34833333333333333,0.5850000000000001,0.393,0.27233333333333337
SAMPLE_03395,0.6956666666666668,0.308,0.5586666666666668,0.231,0.079,0.35300000000000004,0.6143333333333333,0.21633333333333335
SAMPLE_03396,0.10766666666666667,0.4343333333333333,0.3706666666666667,1.0,0.147,0.10233333333333333,0.069,0.06966666666666667
SAMPLE_03397,0.2826666666666667,0.608,0.5826666666666667,0.2906666666666667,0.7643333333333334,0.44300000000000006,0.8303333333333334,0.7513333333333333
SAMPLE_03398,0.17766666666666667,0.7926666666666667,0.8943333333333333,0.379,0.6436666666666667,0.5596666666666666,0.7183333333333334,0.7313333333333333
SAMPLE_03399,0.08566666666666667,0.4776666666666667,0.4036666666666667,1.0,0.41033333333333327,0.12866666666666668,0.06033333333333334,0.05333333333333334
SAMPLE_03400,0.8768333333333334,0.258,0.33666666666666667,0.3043333333333333,0.3076666666666667,0.293,0.3376666666666667,0.25733333333333336
SAMPLE_03401,0.7783333333333333,0.125,0.08800000000000001,0.5073333333333333,0.6110000000000001,0.6816666666666666,0.26666666666666666,0.19933333333333333
SAMPLE_03402,0.2326666666666667,0.8009999999999998,0.7916666666666666,1.0,0.31,0.26,0.5726666666666667,0.208
SAMPLE_03403,0.7393333333333333,0.5139999999999999,0.4696666666666666,0.4346666666666667,0.5906666666666668,0.8553333333333333,0.2876666666666667,0.4343333333333333
SAMPLE_03404,0.5783333333333333,0.5950000000000001,0.5926666666666667,0.6856666666666666,0.805,0.7396666666666668,0.7316666666666668,0.715
SAMPLE_03405,0.35366666666666663,0.6646666666666666,0.851,0.4000000000000001,0.703,0.598,0.7733333333333334,0.8470000000000001
SAMPLE_03406,0.6096666666666667,0.5273333333333333,0.33166666666666667,0.25933333333333336,0.252,0.32566666666666666,0.6703333333333333,0.15433333333333332
SAMPLE_03407,1.0,0.626,0.37266666666666665,0.7976666666666667,1.0,1.0,1.0,1.0
SAMPLE_03408,0.5296666666666666,0.32033333333333336,0.32233333333333336,0.5836666666666667,0.8733333333333334,0.8126666666666668,0.7286666666666667,0.7486666666666667
SAMPLE_03409,0.055,0.6920000000000001,0.609,1.0,0.5533333333333333,0.12633333333333333,0.2103333333333333,0.6170000000000001
SAMPLE_03410,1.0,0.7666666666666666,0.6343333333333333,0.7999999999999999,1.0,1.0,1.0,1.0
SAMPLE_03411,0.6133333333333333,0.15533333333333335,0.10933333333333334,0.7243333333333334,0.783,0.891,0.6890000000000001,0.4186666666666667
SAMPLE_03412,0.6406666666666666,0.33899999999999997,0.26466666666666666,0.46166666666666667,0.8493333333333334,0.7423333333333333,0.20766666666666667,0.37233333333333335
SAMPLE_03413,0.5736666666666667,0.051333333333333335,0.09733333333333334,0.35200000000000004,0.49733333333333335,0.43900000000000006,0.15133333333333335,0.4003333333333334
SAMPLE_03414,0.007333333333333333,0.6066666666666667,0.5686666666666667,1.0,0.11599999999999999,0.02366666666666667,0.439,0.3236666666666667
SAMPLE_03415,0.8260000000000001,0.09633333333333333,0.12666666666666668,0.4163333333333334,0.1406666666666667,0.5353333333333333,0.2956666666666667,0.14633333333333332
SAMPLE_03416,0.7123333333333334,0.6626666666666666,0.6013333333333333,0.6880000000000001,0.8210000000000001,0.879,0.6766666666666667,0.7976666666666666
SAMPLE_03417,0.10366666666666667,0.311,0.24899999999999997,1.0,0.041,0.2813333333333333,0.063,0.034333333333333334
SAMPLE_03418,0.4753333333333334,0.305,0.44366666666666665,0.5076666666666666,0.42333333333333334,0.632,0.426,0.476
SAMPLE_03419,0.809,0.48900000000000005,0.4246666666666667,0.641,0.8543333333333333,0.8473333333333333,0.8530000000000001,0.42
SAMPLE_03420,0.6523333333333333,0.8826666666666667,0.7763333333333334,0.645,0.778,0.7696666666666667,0.9536666666666666,0.733
SAMPLE_03421,0.20466666666666666,0.5263333333333334,0.5196666666666667,0.079,0.214,0.2416666666666667,0.3403333333333333,0.21233333333333335
SAMPLE_03422,0.6906666666666667,0.6779999999999999,0.629,0.4423333333333333,0.8803333333333333,0.4203333333333334,0.8886666666666666,0.48966666666666675
SAMPLE_03423,0.134,0.6253333333333333,0.42366666666666664,0.18166666666666664,0.318,0.3426666666666667,0.4603333333333333,0.30433333333333334
SAMPLE_03424,0.18533333333333335,0.5823333333333333,0.6833333333333332,0.2976666666666667,0.4606666666666666,0.24566666666666667,0.6063333333333333,0.8093333333333333
SAMPLE_03425,0.5316666666666666,0.37533333333333335,0.418,0.6586666666666666,0.684,0.9483333333333334,0.44399999999999995,0.5163333333333333
SAMPLE_03426,0.49666666666666665,0.5296666666666666,0.6793333333333335,0.5936666666666667,0.7079999999999999,0.8330000000000001,0.8036666666666666,0.9193333333333333
SAMPLE_03427,0.734,0.21233333333333335,0.436,0.42166666666666663,0.5213333333333333,0.38533333333333336,0.16,0.317
SAMPLE_03428,0.15133333333333332,0.523,0.597,0.14200000000000002,0.5436666666666666,0.16566666666666666,0.35600000000000004,0.9569999999999999
SAMPLE_03429,0.043000000000000003,0.5126666666666666,0.5316666666666666,1.0,0.052,0.09166666666666667,0.6556666666666667,0.2343333333333333
SAMPLE_03430,0.7576666666666667,0.7520000000000001,0.755,0.614,0.5173333333333333,0.6983333333333333,0.6123333333333333,0.48900000000000005
SAMPLE_03431,0.5766666666666667,0.3496666666666666,0.3983333333333334,0.622,0.13033333333333333,0.5156666666666667,0.6013333333333333,0.23933333333333331
SAMPLE_03432,0.571,0.8026666666666666,0.807,0.3016666666666667,0.48533333333333334,0.7003333333333334,0.9373333333333332,0.7976666666666666
SAMPLE_03433,0.05833333333333333,0.5633333333333334,0.5793333333333334,1.0,0.12466666666666666,0.5956666666666667,0.06266666666666666,0.3586666666666667
SAMPLE_03434,0.7316666666666666,0.4093333333333333,0.38999999999999996,0.49066666666666664,0.44399999999999995,0.8263333333333334,0.48699999999999993,0.427
SAMPLE_03435,0.7116666666666666,0.023666666666666666,0.05766666666666667,0.325,0.29033333333333333,0.287,0.26966666666666667,0.21733333333333335
SAMPLE_03436,0.8793333333333333,0.383,0.15533333333333335,0.24133333333333332,0.3016666666666667,0.41966666666666663,0.6936666666666667,0.39999999999999997
SAMPLE_03437,0.7853333333333333,0.3336666666666666,0.33666666666666667,0.17833333333333332,0.144,0.3303333333333333,0.3296666666666666,0.19999999999999998
SAMPLE_03438,0.37233333333333335,0.8796666666666667,0.926,0.445,0.5613333333333334,0.3913333333333333,0.7676666666666666,0.32
SAMPLE_03439,0.8076666666666666,0.09800000000000002,0.021,0.4266666666666666,0.248,0.5870000000000001,0.19399999999999998,0.08433333333333333
SAMPLE_03440,0.6123333333333333,0.8913333333333333,0.9593333333333333,0.2383333333333333,0.6606666666666666,0.6970000000000001,0.7639999999999999,0.6723333333333333
SAMPLE_03441,0.38499999999999995,0.5946666666666668,0.632,0.214,0.5983333333333334,0.3063333333333333,0.7016666666666665,0.7616666666666667
SAMPLE_03442,0.7296666666666667,0.06666666666666667,0.065,0.582,0.6213333333333333,0.45133333333333336,0.3083333333333333,0.44366666666666665
SAMPLE_03443,0.8613333333333332,0.7736666666666667,0.8433333333333333,0.3213333333333333,0.8503333333333334,0.5243333333333333,0.6533333333333333,0.4630000000000001
SAMPLE_03444,0.1693333333333333,0.39799999999999996,0.31066666666666665,1.0,0.16633333333333333,0.04533333333333334,0.050333333333333334,0.593
SAMPLE_03445,0.613,0.36533333333333334,0.5750000000000001,0.6833333333333332,0.826,0.835,0.5976666666666667,0.7666666666666666
SAMPLE_03446,0.44166666666666665,0.5943333333333333,0.5176666666666666,0.5176666666666666,0.38099999999999995,0.6566666666666666,0.334,0.36166666666666664
SAMPLE_03447,0.6096666666666667,0.7223333333333333,0.8986666666666666,0.19733333333333333,0.63,0.3,0.7166666666666667,0.6073333333333333
SAMPLE_03448,0.7026666666666667,0.19233333333333333,0.24733333333333332,0.62,0.9093333333333332,0.8106666666666666,0.5633333333333334,0.5770000000000001
SAMPLE_03449,0.17800000000000002,0.06166666666666667,0.025333333333333333,0.3426666666666667,0.47666666666666674,0.5099999999999999,0.15666666666666665,0.6656666666666666
SAMPLE_03450,0.19599999999999998,0.19933333333333333,0.156,0.26533333333333337,0.5596666666666666,0.4736666666666667,0.5393333333333333,0.4756666666666667
SAMPLE_03451,0.04466666666666667,0.9483333333333334,0.9416666666666668,1.0,0.05633333333333334,0.236,0.6873333333333332,0.603
SAMPLE_03452,0.3083333333333333,0.4643333333333333,0.5536666666666666,0.14533333333333334,0.6880000000000001,0.262,0.4726666666666666,0.6816666666666666
SAMPLE_03453,0.17533333333333334,0.6980000000000001,0.6553333333333334,1.0,0.37566666666666665,0.29600000000000004,0.48499999999999993,0.249
SAMPLE_03454,0.638,0.315,0.3953333333333333,0.24933333333333332,0.4996666666666667,0.2806666666666667,0.298,0.27
SAMPLE_03455,0.6293333333333333,0.2253333333333333,0.27133333333333337,0.41500000000000004,0.307,0.5,0.27166666666666667,0.17633333333333334
SAMPLE_03456,0.8231666666666667,0.3913333333333333,0.328,0.18500000000000003,0.13433333333333333,0.35766666666666663,0.14333333333333334,0.18633333333333332
SAMPLE_03457,0.3713333333333333,0.8753333333333333,0.9623333333333334,0.21566666666666667,0.9363333333333332,0.7320000000000001,0.6553333333333333,0.6943333333333334
SAMPLE_03458,0.5973333333333334,0.557,0.9073333333333333,0.5676666666666667,0.7696666666666667,0.6386666666666666,0.7453333333333333,0.864
SAMPLE_03459,0.5920000000000001,0.34800000000000003,0.24,0.6483333333333333,0.8450000000000001,0.9456666666666665,0.7789999999999999,0.44300000000000006
SAMPLE_03460,0.5943333333333333,0.2343333333333333,0.268,0.5583333333333333,0.7156666666666666,0.6436666666666667,0.6356666666666667,0.39233333333333337
SAMPLE_03461,0.317,0.5006666666666667,0.7023333333333334,0.14733333333333334,0.7983333333333333,0.5316666666666667,0.7543333333333333,0.7456666666666667
SAMPLE_03462,0.27099999999999996,0.4443333333333333,0.3233333333333333,0.20266666666666666,0.6483333333333333,0.3626666666666667,0.4123333333333333,0.9359999999999999
SAMPLE_03463,1.0,0.8446666666666668,0.6223333333333333,0.794,1.0,1.0,1.0,1.0
SAMPLE_03464,0.7116666666666666,0.06699999999999999,0.11,0.17433333333333334,0.7533333333333334,0.216,0.11499999999999999,0.19433333333333336
SAMPLE_03465,0.5206666666666666,0.5626666666666666,0.39866666666666667,0.4203333333333334,0.391,0.6103333333333333,0.42166666666666663,0.40599999999999997
SAMPLE_03466,0.27366666666666667,0.878,0.7536666666666667,1.0,0.2583333333333333,0.21066666666666667,0.7213333333333333,0.2456666666666667
SAMPLE_03467,0.33466666666666667,0.8033333333333333,0.7996666666666666,0.44733333333333336,0.7396666666666666,0.6206666666666666,0.9076666666666666,0.7629999999999999
SAMPLE_03468,0.129,0.4453333333333333,0.31,0.129,0.6523333333333333,0.21333333333333335,0.311,0.39766666666666667
SAMPLE_03469,0.7640000000000001,0.07066666666666667,0.284,0.48533333333333334,0.383,0.5419999999999999,0.16466666666666666,0.225
SAMPLE_03470,0.8313333333333333,0.296,0.223,0.26066666666666666,0.1486666666666667,0.5323333333333333,0.23199999999999998,0.04
SAMPLE_03471,0.27899999999999997,0.8079999999999999,0.8523333333333333,1.0,0.18000000000000002,0.07166666666666667,0.5546666666666668,0.15366666666666665
SAMPLE_03472,0.7416666666666666,0.13599999999999998,0.09233333333333334,0.22666666666666666,0.6476666666666667,0.36400000000000005,0.09400000000000001,0.3093333333333334
SAMPLE_03473,0.2373333333333333,0.91,0.9336666666666668,1.0,0.38133333333333336,0.17200000000000001,0.48733333333333334,0.649
SAMPLE_03474,0.5496666666666666,0.23633333333333337,0.26666666666666666,0.4183333333333333,0.9096666666666667,0.6669999999999999,0.5449999999999999,0.459
SAMPLE_03475,0.294,0.5876666666666667,0.66,0.2006666666666667,0.7656666666666667,0.45966666666666667,0.6996666666666668,0.6866666666666666
SAMPLE_03476,0.6093333333333334,0.22033333333333335,0.16266666666666665,0.4523333333333333,0.2973333333333334,0.7133333333333334,0.215,0.03233333333333333
SAMPLE_03477,0.551,0.694,0.586,0.3336666666666666,0.4223333333333333,0.3793333333333333,0.6196666666666667,0.6443333333333333
SAMPLE_03478,0.6793333333333332,0.7166666666666667,0.7683333333333332,0.523,0.5326666666666666,0.8460000000000001,0.7306666666666667,0.26133333333333336
SAMPLE_03479,0.8633333333333333,0.7816666666666667,0.6736666666666666,0.43533333333333335,0.8363333333333335,0.789,0.747,0.7916666666666666
SAMPLE_03480,0.8313333333333334,0.593,0.6789999999999999,0.164,0.34833333333333333,0.38800000000000007,0.631,0.34900000000000003
SAMPLE_03481,0.902,0.10333333333333333,0.11433333333333333,0.4453333333333333,0.40399999999999997,0.5260000000000001,0.296,0.36033333333333334
SAMPLE_03482,0.2703333333333333,0.806,0.7866666666666666,0.311,0.2743333333333333,0.505,0.617,0.17533333333333334
SAMPLE_03483,0.6346666666666667,0.421,0.369,0.3176666666666667,0.4563333333333333,0.6766666666666666,0.6426666666666667,0.34
SAMPLE_03484,0.6003333333333333,0.8696666666666667,0.778,0.7120000000000001,0.8896666666666667,0.9416666666666668,0.9096666666666667,0.49300000000000005
SAMPLE_03485,0.24533333333333332,0.6823333333333332,0.676,0.041666666666666664,0.597,0.16,0.39466666666666667,0.453
SAMPLE_03486,0.125,0.8463333333333333,0.8156666666666667,1.0,0.32633333333333336,0.24833333333333332,0.232,0.159
SAMPLE_03487,0.5406666666666667,0.267,0.2753333333333333,0.711,0.34299999999999997,0.7483333333333334,0.36466666666666664,0.13033333333333333
SAMPLE_03488,0.5953333333333334,0.729,0.7303333333333333,0.14533333333333331,0.312,0.431,0.6470000000000001,0.7040000000000001
SAMPLE_03489,0.26333333333333336,0.4003333333333334,0.37400000000000005,0.37366666666666665,0.7346666666666667,0.39733333333333337,0.49100000000000005,0.7713333333333333
SAMPLE_03490,0.26699999999999996,0.9086666666666666,0.882,1.0,0.2933333333333334,0.21566666666666667,0.32066666666666666,0.19099999999999998
SAMPLE_03491,0.8183333333333334,0.4463333333333333,0.35833333333333334,0.5863333333333333,0.818,0.8333333333333334,0.5673333333333334,0.6736666666666666
SAMPLE_03492,0.5696666666666667,0.36333333333333334,0.44366666666666665,0.4383333333333333,0.3086666666666667,0.5123333333333334,0.4749999999999999,0.48133333333333334
SAMPLE_03493,0.835,0.856,0.8713333333333333,0.24066666666666667,0.288,0.8486666666666668,0.9456666666666665,0.4683333333333333
SAMPLE_03494,0.10266666666666667,0.5146666666666667,0.4159999999999999,1.0,0.241,0.35366666666666663,0.11466666666666668,0.49633333333333335
SAMPLE_03495,0.7183333333333333,0.4403333333333333,0.16066666666666665,0.5773333333333334,0.43,0.79,0.5416666666666666,0.3156666666666667
SAMPLE_03496,0.6016666666666667,0.09800000000000002,0.06766666666666667,0.20099999999999998,0.35000000000000003,0.375,0.15866666666666668,0.31566666666666665
SAMPLE_03497,0.49833333333333335,0.44133333333333336,0.4443333333333333,0.634,0.6226666666666666,0.8036666666666666,0.755,0.48533333333333334
SAMPLE_03498,0.12966666666666668,0.8206666666666668,0.6549999999999999,1.0,0.3453333333333333,0.10133333333333333,0.2376666666666667,0.413
SAMPLE_03499,0.6426666666666666,0.743,0.703,0.5883333333333333,0.5619999999999999,0.7093333333333334,0.7086666666666667,0.92
SAMPLE_03500,0.8763333333333333,0.684,0.778,0.5419999999999999,0.3496666666666666,0.6230000000000001,0.725,0.39966666666666667
SAMPLE_03501,0.22866666666666666,0.6396666666666666,0.7123333333333334,0.06366666666666666,0.637,0.22133333333333335,0.17733333333333334,0.902
SAMPLE_03502,0.8476666666666667,0.8446666666666666,0.7816666666666666,0.7286666666666667,0.412,0.8773333333333334,0.8856666666666667,0.26866666666666666
SAMPLE_03503,0.8716666666666666,0.2663333333333333,0.359,0.40599999999999997,0.236,0.4443333333333333,0.4566666666666666,0.27066666666666667
SAMPLE_03504,0.14833333333333334,0.4166666666666667,0.341,0.219,0.5846666666666667,0.5563333333333333,0.501,0.8953333333333333
SAMPLE_03505,0.6843333333333333,0.39399999999999996,0.5893333333333334,0.6796666666666665,0.695,0.741,0.7196666666666666,0.5703333333333334
SAMPLE_03506,0.15733333333333333,0.397,0.46,1.0,0.11800000000000001,0.06133333333333333,0.2853333333333333,0.30666666666666664
SAMPLE_03507,0.11399999999999999,0.5036666666666666,0.44966666666666666,1.0,0.10033333333333334,0.35533333333333333,0.10133333333333333,0.06866666666666667
SAMPLE_03508,0.8296666666666667,0.4546666666666667,0.48266666666666663,0.36066666666666664,0.2396666666666667,0.3316666666666666,0.4486666666666667,0.2436666666666667
SAMPLE_03509,0.8454999999999999,0.262,0.39566666666666667,0.36533333333333334,0.3666666666666667,0.7513333333333333,0.4216666666666667,0.22966666666666669
SAMPLE_03510,0.19800000000000004,0.6096666666666667,0.631,1.0,0.19633333333333333,0.08066666666666666,0.2973333333333333,0.5023333333333334
SAMPLE_03511,0.6666666666666666,0.09766666666666668,0.09666666666666666,0.24466666666666667,0.6426666666666666,0.5783333333333334,0.14933333333333335,0.4056666666666667
SAMPLE_03512,0.19366666666666665,0.5630000000000001,0.494,0.4713333333333334,0.6446666666666666,0.4653333333333333,0.5733333333333334,0.872
SAMPLE_03513,0.397,0.27133333333333337,0.4323333333333334,0.5523333333333332,0.5363333333333333,0.6736666666666666,0.771,0.8623333333333333
SAMPLE_03514,0.9049999999999999,0.3706666666666667,0.5096666666666666,0.4003333333333334,0.373,0.4123333333333334,0.42733333333333334,0.105
SAMPLE_03515,0.27899999999999997,0.6966666666666667,0.771,0.18033333333333335,0.539,0.10566666666666667,0.6676666666666667,0.8293333333333334
SAMPLE_03516,0.7546666666666667,0.8409999999999999,0.8723333333333333,0.46900000000000003,0.6116666666666667,0.8809999999999999,0.895,0.5226666666666667
SAMPLE_03517,0.016333333333333335,0.41933333333333334,0.318,1.0,0.242,0.10633333333333335,0.074,0.242
SAMPLE_03518,0.07266666666666667,0.3626666666666667,0.38466666666666666,1.0,0.3403333333333334,0.4226666666666667,0.12366666666666666,0.34933333333333333
SAMPLE_03519,0.49000000000000005,0.8576666666666667,0.8286666666666666,0.622,0.5356666666666666,0.7840000000000001,0.513,0.7176666666666667
SAMPLE_03520,0.5750000000000001,0.6506666666666666,0.582,0.4366666666666667,0.9209999999999999,0.6336666666666667,0.7833333333333332,0.8233333333333334
SAMPLE_03521,0.8383333333333333,0.22066666666666668,0.25533333333333336,0.436,0.327,0.5413333333333333,0.38866666666666666,0.4083333333333334
SAMPLE_03522,0.17333333333333334,0.4653333333333333,0.38566666666666666,1.0,0.08,0.103,0.2843333333333334,0.21766666666666667
SAMPLE_03523,0.5863333333333333,0.9256666666666667,0.9003333333333333,0.6496666666666666,0.9433333333333334,0.949,0.9666666666666667,0.9049999999999999
SAMPLE_03524,0.7143333333333334,0.07566666666666667,0.154,0.478,0.7533333333333334,0.5333333333333333,0.104,0.32766666666666666
SAMPLE_03525,0.48633333333333334,0.39433333333333337,0.502,0.7559999999999999,0.8763333333333332,0.949,0.619,0.6246666666666666
SAMPLE_03526,0.15533333333333332,0.3283333333333333,0.18166666666666667,1.0,0.3406666666666667,0.27666666666666667,0.12233333333333335,0.7223333333333333
SAMPLE_03527,0.819,0.29233333333333333,0.4796666666666667,0.24533333333333332,0.781,0.531,0.5633333333333334,0.5456666666666666
SAMPLE_03528,0.49499999999999994,0.4736666666666667,0.5633333333333334,0.5776666666666667,0.6386666666666666,0.7603333333333332,0.5723333333333334,0.839
SAMPLE_03529,0.15666666666666668,0.7716666666666666,0.6306666666666666,1.0,0.19833333333333333,0.4533333333333333,0.614,0.7936666666666666
SAMPLE_03530,0.9003333333333332,0.6173333333333334,0.41900000000000004,0.159,0.23666666666666666,0.3256666666666667,0.4836666666666667,0.246
SAMPLE_03531,0.7093333333333334,0.6726666666666666,0.5863333333333333,0.37433333333333335,0.618,0.6883333333333334,0.7186666666666666,0.33866666666666667
SAMPLE_03532,0.6649999999999999,0.5950000000000001,0.6263333333333333,0.598,0.6363333333333333,0.85,0.8013333333333333,0.782
SAMPLE_03533,0.6006666666666667,0.5219999999999999,0.5556666666666666,0.6779999999999999,0.5046666666666667,0.895,0.878,0.5656666666666667
SAMPLE_03534,0.06766666666666667,0.7833333333333332,0.765,1.0,0.5676666666666667,0.44133333333333336,0.652,0.7226666666666667
SAMPLE_03535,0.09499999999999999,0.4346666666666667,0.2926666666666667,1.0,0.26233333333333336,0.12866666666666665,0.029333333333333336,0.03833333333333333
SAMPLE_03536,0.19499999999999998,0.7933333333333333,0.8656666666666667,0.313,0.5673333333333334,0.41900000000000004,0.5673333333333334,0.6933333333333334
SAMPLE_03537,0.656,0.698,0.7763333333333332,0.7233333333333333,0.9,0.8986666666666666,0.8173333333333334,0.7766666666666667
SAMPLE_03538,0.08366666666666667,0.48866666666666675,0.5546666666666666,0.18699999999999997,0.4306666666666666,0.16833333333333333,0.3473333333333333,0.528
SAMPLE_03539,0.06433333333333334,0.3606666666666667,0.3466666666666667,0.10133333333333333,0.598,0.12266666666666666,0.5716666666666667,0.927
SAMPLE_03540,1.0,0.6113333333333334,0.3786666666666667,0.7996666666666666,1.0,1.0,1.0,1.0
SAMPLE_03541,0.6036666666666667,0.8056666666666666,0.7243333333333334,0.743,0.5996666666666667,0.9493333333333333,0.918,0.5193333333333333
SAMPLE_03542,0.624,0.793,0.8416666666666667,0.514,0.9540000000000001,0.6606666666666666,0.9433333333333334,0.6733333333333333
SAMPLE_03543,0.8273333333333334,0.6036666666666667,0.515,0.5166666666666667,0.49,0.6766666666666666,0.6176666666666667,0.3443333333333334
SAMPLE_03544,0.02666666666666667,0.4503333333333333,0.37366666666666665,1.0,0.21166666666666667,0.2753333333333333,0.11666666666666668,0.3176666666666666
SAMPLE_03545,0.7346666666666666,0.6326666666666667,0.6246666666666667,0.512,0.45133333333333336,0.593,0.7136666666666667,0.37133333333333335
SAMPLE_03546,0.7479999999999999,0.295,0.4036666666666667,0.44333333333333336,0.17633333333333331,0.6826666666666666,0.3626666666666667,0.055999999999999994
SAMPLE_03547,0.16666666666666666,0.40633333333333327,0.39866666666666667,1.0,0.5703333333333332,0.5546666666666668,0.11066666666666668,0.757
SAMPLE_03548,0.5796666666666667,0.16133333333333333,0.21233333333333335,0.155,0.229,0.35200000000000004,0.075,0.06633333333333334
SAMPLE_03549,0.49666666666666665,0.19933333333333333,0.21633333333333335,0.5373333333333333,0.7246666666666667,0.7443333333333334,0.5576666666666666,0.42333333333333334
SAMPLE_03550,0.6473333333333334,0.3353333333333333,0.32899999999999996,0.23700000000000002,0.5973333333333334,0.4160000000000001,0.249,0.38566666666666666
SAMPLE_03551,0.07533333333333334,0.7793333333333333,0.7003333333333334,1.0,0.113,0.21033333333333334,0.8406666666666668,0.30833333333333335
SAMPLE_03552,0.8116666666666666,0.2273333333333333,0.22033333333333335,0.401,0.32,0.7823333333333333,0.32,0.24233333333333337
SAMPLE_03553,0.814,0.20533333333333334,0.3096666666666667,0.4086666666666667,0.375,0.8046666666666668,0.40199999999999997,0.11133333333333333
SAMPLE_03554,0.5746666666666667,0.157,0.232,0.463,0.3253333333333333,0.5196666666666666,0.18866666666666665,0.07566666666666667
SAMPLE_03555,0.18200000000000002,0.128,0.06733333333333334,0.23666666666666666,0.6123333333333333,0.22699999999999998,0.107,0.4226666666666667
SAMPLE_03556,0.7186666666666667,0.39966666666666667,0.4046666666666667,0.48900000000000005,0.36433333333333334,0.8300000000000001,0.5516666666666667,0.244
SAMPLE_03557,0.8353333333333334,0.6236666666666667,0.6346666666666666,0.682,0.7066666666666667,0.8690000000000001,0.7756666666666666,0.8370000000000001
SAMPLE_03558,0.7040000000000001,0.275,0.18866666666666668,0.476,0.35633333333333334,0.5936666666666667,0.40166666666666667,0.2886666666666666
SAMPLE_03559,0.509,0.281,0.27133333333333337,0.43066666666666675,0.224,0.7053333333333334,0.4176666666666667,0.08800000000000001
SAMPLE_03560,0.14933333333333335,0.5103333333333334,0.4606666666666667,0.387,0.36800000000000005,0.4296666666666667,0.41566666666666663,0.7656666666666666
SAMPLE_03561,0.042333333333333334,0.30533333333333335,0.23,1.0,0.29633333333333334,0.23133333333333336,0.47900000000000004,0.133
SAMPLE_03562,0.8103333333333333,0.578,0.5313333333333333,0.5363333333333333,0.49466666666666664,0.414,0.38033333333333336,0.3056666666666667
SAMPLE_03563,0.2853333333333334,0.48133333333333334,0.6066666666666666,0.242,0.8053333333333335,0.2623333333333333,0.6926666666666667,0.6736666666666666
SAMPLE_03564,0.332,0.318,0.451,0.10533333333333333,0.616,0.44399999999999995,0.3303333333333333,0.8866666666666667
SAMPLE_03565,0.7736666666666666,0.294,0.2743333333333333,0.48900000000000005,0.29266666666666663,0.6636666666666667,0.7173333333333334,0.15933333333333333
SAMPLE_03566,0.6843333333333333,0.15666666666666665,0.06533333333333334,0.63,0.9129999999999999,0.5893333333333334,0.2966666666666667,0.621
SAMPLE_03567,0.2816666666666667,0.8056666666666668,0.7226666666666667,0.38566666666666666,0.7283333333333334,0.29233333333333333,0.6733333333333333,0.7243333333333334
SAMPLE_03568,0.08833333333333333,0.672,0.703,1.0,0.33266666666666667,0.2793333333333333,0.25566666666666665,0.4506666666666667
SAMPLE_03569,0.8916666666666666,0.304,0.3356666666666666,0.324,0.19666666666666666,0.515,0.43933333333333335,0.159
SAMPLE_03570,0.8633333333333334,0.9096666666666667,0.8736666666666667,0.25933333333333336,0.6073333333333334,0.57,0.9196666666666666,0.507
SAMPLE_03571,0.5296666666666666,0.5573333333333333,0.6006666666666667,0.531,0.7606666666666667,0.48266666666666663,0.7360000000000001,0.6796666666666668
SAMPLE_03572,0.535,0.576,0.5479999999999999,0.7519999999999999,0.7726666666666667,0.9206666666666666,0.6903333333333334,0.395
SAMPLE_03573,0.433,0.44300000000000006,0.4013333333333333,0.665,0.4723333333333333,0.8930000000000001,0.7046666666666667,0.8716666666666666
SAMPLE_03574,0.010333333333333333,0.1376666666666667,0.10566666666666664,1.0,0.17800000000000002,0.068,0.031,0.09599999999999999
SAMPLE_03575,0.26299999999999996,0.6890000000000001,0.6603333333333333,1.0,0.28833333333333333,0.217,0.338,0.09566666666666666
SAMPLE_03576,1.0,0.9583333333333334,0.9166666666666666,0.7953333333333333,1.0,1.0,1.0,1.0
SAMPLE_03577,0.5546666666666668,0.3993333333333333,0.2926666666666667,0.5990000000000001,0.20966666666666667,0.5973333333333333,0.5716666666666667,0.2763333333333333
SAMPLE_03578,0.6980000000000001,0.46166666666666667,0.3073333333333333,0.5963333333333334,0.4036666666666666,0.7633333333333333,0.611,0.31433333333333335
SAMPLE_03579,0.8250000000000001,0.2933333333333333,0.3,0.26866666666666666,0.18133333333333335,0.297,0.25033333333333335,0.3253333333333333
SAMPLE_03580,0.06433333333333334,0.26299999999999996,0.2006666666666667,1.0,0.33033333333333337,0.12433333333333334,0.06966666666666667,0.7276666666666666
SAMPLE_03581,0.22766666666666668,0.8039999999999999,0.7266666666666667,1.0,0.47533333333333333,0.32566666666666666,0.31033333333333335,0.8913333333333333
SAMPLE_03582,0.5333333333333333,0.7316666666666666,0.7783333333333333,0.24733333333333332,0.5266666666666667,0.7040000000000001,0.46599999999999997,0.8249999999999998
SAMPLE_03583,0.621,0.6470000000000001,0.6666666666666666,0.5353333333333333,0.4043333333333334,0.9126666666666666,0.7186666666666666,0.3443333333333334
SAMPLE_03584,0.29866666666666664,0.332,0.40399999999999997,0.19533333333333333,0.5673333333333334,0.36800000000000005,0.3546666666666667,0.5026666666666667
SAMPLE_03585,0.6566666666666667,0.4566666666666667,0.6230000000000001,0.4923333333333333,0.5783333333333333,0.5226666666666667,0.3116666666666667,0.42300000000000004
SAMPLE_03586,0.8076666666666666,0.22566666666666668,0.3353333333333333,0.2896666666666667,0.014333333333333332,0.3433333333333333,0.48666666666666664,0.12033333333333333
SAMPLE_03587,0.15266666666666667,0.7560000000000001,0.707,1.0,0.15333333333333335,0.19666666666666668,0.47933333333333333,0.4123333333333334
SAMPLE_03588,0.28400000000000003,0.9683333333333333,0.98,1.0,0.20233333333333334,0.13933333333333334,0.8856666666666667,0.641
SAMPLE_03589,0.5863333333333333,0.3793333333333333,0.8019999999999999,0.19800000000000004,0.452,0.36833333333333335,0.28733333333333333,0.9243333333333332
SAMPLE_03590,0.19066666666666665,0.5446666666666667,0.45366666666666666,1.0,0.35600000000000004,0.21733333333333335,0.24133333333333337,0.074
SAMPLE_03591,0.5586666666666668,0.8296666666666667,0.8793333333333333,0.10433333333333333,0.5680000000000001,0.16166666666666665,0.6,0.8036666666666666
SAMPLE_03592,0.6403333333333333,0.442,0.43566666666666665,0.4963333333333333,0.649,0.7776666666666667,0.6676666666666667,0.8746666666666666
SAMPLE_03593,0.6166666666666667,0.5473333333333333,0.44333333333333336,0.2783333333333333,0.43966666666666665,0.6366666666666666,0.35233333333333333,0.5323333333333333
SAMPLE_03594,1.0,0.876,0.799,0.7906666666666666,1.0,1.0,1.0,1.0
SAMPLE_03595,0.19999999999999998,0.8953333333333333,0.915,1.0,0.5366666666666666,0.20266666666666666,0.4303333333333333,0.7206666666666667
SAMPLE_03596,0.8496666666666667,0.17166666666666666,0.13166666666666668,0.37966666666666665,0.6263333333333333,0.482,0.32433333333333336,0.41933333333333334
SAMPLE_03597,0.16033333333333333,0.11299999999999999,0.11133333333333334,0.23066666666666666,0.6293333333333333,0.308,0.32666666666666666,0.8893333333333332
SAMPLE_03598,0.6083333333333333,0.11366666666666668,0.23999999999999996,0.4903333333333333,0.624,0.5700000000000001,0.31633333333333336,0.22766666666666668
SAMPLE_03599,0.16366666666666665,0.899,0.9116666666666666,1.0,0.010666666666666666,0.08433333333333333,0.6849999999999999,0.399
SAMPLE_03600,0.5353333333333333,0.8326666666666666,0.6966666666666668,0.6076666666666667,0.417,0.9156666666666666,0.6693333333333333,0.4123333333333334
SAMPLE_03601,0.3003333333333333,0.7103333333333333,0.8566666666666666,0.327,0.7743333333333333,0.6556666666666667,0.7516666666666666,0.802
SAMPLE_03602,0.5496666666666666,0.7343333333333333,0.656,0.22133333333333335,0.47300000000000003,0.4373333333333333,0.5976666666666667,0.627
SAMPLE_03603,0.47833333333333333,0.36200000000000004,0.20633333333333334,0.48933333333333334,0.36733333333333335,0.6763333333333333,0.3216666666666667,0.2806666666666667
SAMPLE_03604,1.0,0.9196666666666666,0.9029999999999999,0.791,1.0,1.0,1.0,1.0
SAMPLE_03605,0.326,0.7343333333333334,0.638,0.2026666666666667,0.7666666666666666,0.4633333333333334,0.9073333333333333,0.9066666666666667
SAMPLE_03606,0.168,0.47800000000000004,0.5293333333333333,1.0,0.4776666666666667,0.13999999999999999,0.24566666666666667,0.5716666666666667
SAMPLE_03607,0.831,0.021666666666666667,0.1376666666666667,0.22433333333333336,0.379,0.24033333333333337,0.05166666666666666,0.131
SAMPLE_03608,0.21866666666666668,0.6536666666666666,0.6186666666666666,0.33,0.582,0.5483333333333333,0.3623333333333334,0.6526666666666666
SAMPLE_03609,0.5803333333333334,0.06266666666666666,0.11199999999999999,0.426,0.12466666666666666,0.5486666666666666,0.07433333333333333,0.054
SAMPLE_03610,0.3333333333333333,0.28200000000000003,0.31899999999999995,0.6126666666666666,0.445,0.7290000000000001,0.252,0.726
SAMPLE_03611,0.7243333333333334,0.17233333333333334,0.22266666666666668,0.299,0.20933333333333334,0.4143333333333333,0.36633333333333334,0.106
SAMPLE_03612,0.6043333333333333,0.11499999999999999,0.08800000000000001,0.3293333333333333,0.10066666666666667,0.5316666666666667,0.17299999999999996,0.10666666666666667
SAMPLE_03613,0.48700000000000004,0.7166666666666667,0.6703333333333333,0.6376666666666667,0.629,0.7193333333333333,0.761,0.36933333333333335
SAMPLE_03614,0.6783333333333333,0.8250000000000001,0.8123333333333332,0.5773333333333334,0.694,0.803,0.9133333333333334,0.6006666666666667
SAMPLE_03615,0.6006666666666667,0.37299999999999994,0.5886666666666667,0.648,0.5003333333333333,0.8170000000000001,0.8036666666666666,0.49700000000000005
SAMPLE_03616,0.707,0.509,0.6013333333333334,0.6736666666666666,0.8116666666666666,0.8123333333333332,0.8466666666666667,0.49633333333333335
SAMPLE_03617,0.13833333333333334,0.28099999999999997,0.2996666666666667,0.131,0.49333333333333335,0.38033333333333336,0.36999999999999994,0.6933333333333334
SAMPLE_03618,0.3516666666666666,0.6646666666666666,0.847,0.09233333333333334,0.7773333333333333,0.22299999999999998,0.4023333333333334,0.7480000000000001
SAMPLE_03619,0.7683333333333334,0.9496666666666668,0.971,0.6769999999999999,0.9400000000000001,0.9366666666666666,0.9579999999999999,0.553
SAMPLE_03620,0.714,0.17933333333333334,0.14833333333333334,0.4546666666666666,0.36000000000000004,0.5703333333333332,0.22599999999999998,0.2846666666666667
SAMPLE_03621,0.6313333333333333,0.21333333333333335,0.3913333333333333,0.39799999999999996,0.6789999999999999,0.6190000000000001,0.38966666666666666,0.48500000000000004
SAMPLE_03622,0.048666666666666664,0.5840000000000001,0.4736666666666667,1.0,0.18366666666666667,0.17300000000000001,0.3396666666666666,0.08966666666666667
SAMPLE_03623,0.5953333333333333,0.38833333333333336,0.517,0.5453333333333333,0.8993333333333333,0.7693333333333333,0.4216666666666667,0.7183333333333334
SAMPLE_03624,0.24533333333333332,0.5343333333333334,0.7756666666666666,0.13333333333333333,0.6309999999999999,0.10166666666666667,0.789,0.6823333333333333
SAMPLE_03625,0.3806666666666667,0.9086666666666666,0.9093333333333332,1.0,0.6276666666666667,0.5433333333333333,0.8526666666666666,0.7646666666666667
SAMPLE_03626,0.6789999999999999,0.3443333333333333,0.4106666666666667,0.37733333333333335,0.291,0.7386666666666667,0.5513333333333333,0.413
SAMPLE_03627,0.7210000000000001,0.2823333333333333,0.4623333333333333,0.24833333333333332,0.9356666666666666,0.556,0.509,0.806
SAMPLE_03628,0.4156666666666667,0.6866666666666666,0.6633333333333333,0.773,0.9556666666666667,0.9053333333333334,0.9006666666666666,0.7040000000000001
SAMPLE_03629,0.5786666666666668,0.7603333333333334,0.7333333333333334,0.17433333333333334,0.7296666666666667,0.209,0.9093333333333332,0.6893333333333332
SAMPLE_03630,0.19466666666666665,0.224,0.20299999999999999,0.516,0.503,0.5833333333333333,0.20433333333333334,0.767
SAMPLE_03631,0.27199999999999996,0.4843333333333333,0.20433333333333334,0.09699999999999999,0.47433333333333333,0.11166666666666668,0.4523333333333333,0.9053333333333334
SAMPLE_03632,0.10133333333333333,0.19666666666666666,0.064,0.14833333333333334,0.6443333333333333,0.20666666666666667,0.30633333333333335,0.9613333333333333
SAMPLE_03633,0.19833333333333333,0.7296666666666667,0.5233333333333333,1.0,0.07266666666666666,0.12733333333333333,0.17800000000000002,0.5993333333333334
SAMPLE_03634,0.6613333333333333,0.34400000000000003,0.212,0.208,0.3006666666666667,0.5436666666666666,0.2876666666666667,0.13799999999999998
SAMPLE_03635,0.7243333333333334,0.472,0.5046666666666667,0.5483333333333333,0.6743333333333332,0.7146666666666667,0.86,0.38666666666666666
SAMPLE_03636,0.763,0.25699999999999995,0.24766666666666667,0.41966666666666663,0.8846666666666668,0.7086666666666668,0.4026666666666667,0.49900000000000005
SAMPLE_03637,0.6689999999999999,0.8286666666666666,0.6859999999999999,0.6313333333333334,0.7216666666666667,0.9043333333333333,0.8099999999999999,0.9050000000000001
SAMPLE_03638,0.8166666666666668,0.12066666666666669,0.19699999999999998,0.4143333333333334,0.338,0.2993333333333333,0.19766666666666668,0.24566666666666667
SAMPLE_03639,0.7963333333333334,0.07033333333333333,0.1376666666666667,0.36599999999999994,0.48866666666666675,0.5286666666666666,0.17466666666666666,0.07266666666666666
SAMPLE_03640,0.6683333333333334,0.593,0.5193333333333333,0.6043333333333334,0.6273333333333334,0.7463333333333333,0.507,0.8293333333333334
SAMPLE_03641,0.34333333333333327,0.7933333333333333,0.745,0.38066666666666665,0.8456666666666667,0.38133333333333336,0.894,0.9093333333333332
SAMPLE_03642,0.042333333333333334,0.38766666666666666,0.31666666666666665,1.0,0.29833333333333334,0.4120000000000001,0.09400000000000001,0.17899999999999996
SAMPLE_03643,0.8606666666666666,0.5046666666666667,0.5259999999999999,0.6549999999999999,0.36533333333333334,0.851,0.47400000000000003,0.19833333333333336
SAMPLE_03644,0.207,0.5123333333333333,0.5383333333333334,1.0,0.29833333333333334,0.3273333333333333,0.42700000000000005,0.2806666666666667
SAMPLE_03645,0.681,0.5886666666666667,0.332,0.62,0.5573333333333333,0.5990000000000001,0.35133333333333333,0.8596666666666667
SAMPLE_03646,0.6116666666666667,0.05766666666666667,0.05833333333333334,0.15433333333333332,0.442,0.2783333333333333,0.4093333333333333,0.7016666666666667
SAMPLE_03647,0.726,0.20133333333333334,0.3496666666666666,0.2776666666666667,0.13033333333333333,0.4746666666666666,0.38133333333333336,0.10633333333333334
SAMPLE_03648,0.779,0.30233333333333334,0.37033333333333335,0.47500000000000003,0.3006666666666667,0.6086666666666667,0.30333333333333334,0.3413333333333333
SAMPLE_03649,0.11433333333333334,0.5796666666666667,0.6563333333333333,0.09799999999999999,0.598,0.31833333333333336,0.285,0.6626666666666666
SAMPLE_03650,1.0,0.879,0.7746666666666666,0.7973333333333334,1.0,1.0,1.0,1.0
SAMPLE_03651,0.8223333333333334,0.17766666666666667,0.20333333333333334,0.3243333333333333,0.11900000000000001,0.41966666666666663,0.11833333333333333,0.04733333333333334
SAMPLE_03652,0.3713333333333333,0.308,0.27266666666666667,0.37533333333333335,0.723,0.555,0.6616666666666667,0.577
SAMPLE_03653,0.693,0.6030000000000001,0.823,0.29000000000000004,0.5556666666666666,0.4003333333333334,0.6893333333333334,0.41566666666666663
SAMPLE_03654,0.19066666666666665,0.5576666666666666,0.43966666666666665,0.16033333333333333,0.7793333333333333,0.26999999999999996,0.6266666666666666,0.9276666666666666
SAMPLE_03655,0.8300000000000001,0.5446666666666666,0.5353333333333333,0.39066666666666666,0.215,0.533,0.47733333333333333,0.2803333333333333
SAMPLE_03656,0.5463333333333332,0.941,0.898,0.43999999999999995,0.606,0.6573333333333333,0.9546666666666667,0.5966666666666667
SAMPLE_03657,0.7713333333333333,0.18833333333333332,0.11933333333333333,0.28400000000000003,0.11499999999999999,0.35766666666666663,0.10533333333333333,0.13366666666666668
SAMPLE_03658,0.8729999999999999,0.5313333333333333,0.5419999999999999,0.35400000000000004,0.40166666666666667,0.41566666666666663,0.6486666666666666,0.25166666666666665
SAMPLE_03659,0.7353333333333333,0.511,0.39599999999999996,0.5353333333333333,0.5306666666666667,0.8456666666666667,0.5796666666666667,0.41966666666666663
SAMPLE_03660,0.868,0.623,0.5836666666666667,0.3113333333333333,0.2663333333333333,0.6276666666666667,0.658,0.2896666666666667
SAMPLE_03661,0.83,0.08933333333333333,0.08233333333333333,0.11333333333333333,0.04466666666666666,0.342,0.06833333333333334,0.011999999999999999
SAMPLE_03662,0.147,0.5533333333333333,0.5133333333333333,1.0,0.17766666666666667,0.2833333333333333,0.5823333333333333,0.236
SAMPLE_03663,0.5566666666666668,0.7973333333333333,0.7146666666666667,0.399,0.6503333333333333,0.5676666666666667,0.8203333333333332,0.6106666666666667
SAMPLE_03664,0.8300000000000001,0.116,0.251,0.24666666666666667,0.11066666666666668,0.29733333333333334,0.3623333333333334,0.18333333333333335
SAMPLE_03665,0.8176666666666667,0.984,0.9906666666666667,0.7283333333333332,0.9596666666666666,0.9596666666666666,0.9700000000000001,0.761
SAMPLE_03666,0.2916666666666667,0.3993333333333333,0.49666666666666665,0.25366666666666665,0.47700000000000004,0.6366666666666667,0.5640000000000001,0.673
SAMPLE_03667,0.6103333333333333,0.7989999999999999,0.81,0.27399999999999997,0.8116666666666666,0.26866666666666666,0.49700000000000005,0.644
SAMPLE_03668,0.2803333333333333,0.7216666666666667,0.735,1.0,0.726,0.5086666666666667,0.35233333333333333,0.447
SAMPLE_03669,0.8393333333333333,0.3433333333333333,0.33199999999999996,0.30133333333333334,0.41933333333333334,0.7246666666666667,0.3433333333333333,0.2786666666666667
SAMPLE_03670,0.5533333333333333,0.11,0.06133333333333333,0.6103333333333333,0.15266666666666664,0.38533333333333336,0.17566666666666667,0.216
SAMPLE_03671,0.251,0.5303333333333333,0.8296666666666667,0.17466666666666666,0.7626666666666667,0.2896666666666667,0.498,0.8386666666666667
SAMPLE_03672,0.16633333333333333,0.73,0.5596666666666666,0.25666666666666665,0.4073333333333333,0.3286666666666666,0.25899999999999995,0.19366666666666665
SAMPLE_03673,0.17266666666666666,0.385,0.31466666666666665,0.14033333333333334,0.35966666666666675,0.14533333333333334,0.519,0.757
SAMPLE_03674,0.5433333333333333,0.35633333333333334,0.36000000000000004,0.33033333333333337,0.6900000000000001,0.8186666666666667,0.4166666666666667,0.3253333333333333
SAMPLE_03675,0.7086666666666667,0.03366666666666667,0.033,0.35233333333333333,0.08566666666666667,0.5373333333333333,0.08700000000000001,0.05300000000000001
SAMPLE_03676,0.8433333333333334,0.3606666666666667,0.4466666666666667,0.5506666666666666,0.29833333333333334,0.8023333333333333,0.691,0.25
SAMPLE_03677,0.7636666666666666,0.5766666666666667,0.5723333333333334,0.549,0.409,0.7033333333333333,0.702,0.25333333333333335
SAMPLE_03678,0.7253333333333334,0.9383333333333334,0.8569999999999999,0.7653333333333333,0.7436666666666666,0.9213333333333334,0.8593333333333333,0.8180000000000001
SAMPLE_03679,0.25133333333333335,0.9733333333333333,0.956,1.0,0.295,0.3606666666666667,0.8116666666666666,0.5963333333333334
SAMPLE_03680,0.8376666666666667,0.13533333333333333,0.08900000000000001,0.42133333333333334,0.18333333333333335,0.35600000000000004,0.3153333333333333,0.249
SAMPLE_03681,0.557,0.422,0.3526666666666667,0.49333333333333335,0.49333333333333335,0.7273333333333333,0.4186666666666666,0.9143333333333334
SAMPLE_03682,0.2466666666666667,0.5623333333333332,0.618,0.2946666666666667,0.528,0.4096666666666667,0.472,0.387
SAMPLE_03683,0.862,0.25733333333333336,0.4653333333333333,0.4296666666666667,0.6486666666666667,0.5533333333333333,0.35733333333333334,0.38566666666666666
SAMPLE_03684,0.835,0.2866666666666667,0.17166666666666666,0.40399999999999997,0.155,0.5966666666666667,0.19333333333333336,0.06566666666666666
SAMPLE_03685,0.6326666666666667,0.7686666666666667,0.826,0.7283333333333334,0.8376666666666667,0.9213333333333332,0.91,0.8566666666666668
SAMPLE_03686,0.5793333333333334,0.7373333333333334,0.8079999999999999,0.44333333333333336,0.7286666666666667,0.6933333333333334,0.7533333333333333,0.848
SAMPLE_03687,0.8583333333333334,0.22666666666666666,0.38399999999999995,0.37400000000000005,0.26466666666666666,0.4816666666666667,0.3983333333333334,0.17
SAMPLE_03688,0.775,0.3523333333333334,0.37333333333333335,0.29633333333333334,0.25333333333333335,0.6896666666666667,0.2836666666666667,0.09033333333333333
SAMPLE_03689,0.636,0.26133333333333336,0.25533333333333336,0.37433333333333335,0.3446666666666667,0.4506666666666666,0.24433333333333332,0.16533333333333333
SAMPLE_03690,0.5036666666666667,0.3096666666666667,0.2803333333333333,0.4656666666666667,0.21833333333333335,0.7026666666666667,0.205,0.21233333333333335
SAMPLE_03691,0.08333333333333333,0.8450000000000001,0.8306666666666667,1.0,0.6596666666666667,0.335,0.8103333333333333,0.8146666666666667
SAMPLE_03692,0.6433333333333334,0.09600000000000002,0.13433333333333333,0.22699999999999998,0.44766666666666666,0.34800000000000003,0.163,0.34766666666666673
SAMPLE_03693,0.4416666666666667,0.7946666666666666,0.8079999999999999,0.774,0.8353333333333334,0.9186666666666666,0.9390000000000001,0.6753333333333332
SAMPLE_03694,0.8333333333333334,0.2846666666666667,0.46366666666666667,0.5023333333333333,0.16166666666666668,0.862,0.6496666666666667,0.2373333333333333
SAMPLE_03695,0.852,0.142,0.32933333333333337,0.30666666666666664,0.09000000000000001,0.399,0.4603333333333333,0.18300000000000002
SAMPLE_03696,0.26866666666666666,0.6713333333333334,0.5640000000000001,0.48299999999999993,0.49333333333333335,0.35233333333333333,0.5816666666666667,0.7316666666666668
SAMPLE_03697,0.21933333333333335,0.30866666666666664,0.36000000000000004,0.26466666666666666,0.4053333333333333,0.774,0.7666666666666666,0.5313333333333333
SAMPLE_03698,0.19066666666666668,0.8406666666666668,0.7936666666666666,0.13433333333333333,0.7016666666666667,0.15,0.653,0.24033333333333332
SAMPLE_03699,0.2763333333333333,0.48299999999999993,0.3713333333333333,0.17633333333333334,0.6956666666666665,0.2113333333333333,0.32266666666666666,0.8603333333333333
SAMPLE_03700,0.7206666666666667,0.5353333333333333,0.341,0.6486666666666666,0.25199999999999995,0.4343333333333333,0.4426666666666666,0.552
SAMPLE_03701,0.1386666666666667,0.5763333333333334,0.42933333333333334,0.359,0.66,0.5823333333333333,0.6526666666666667,0.9256666666666667
SAMPLE_03702,0.9073333333333333,0.726,0.7050000000000001,0.7523333333333334,0.8283333333333335,0.9433333333333334,0.8336666666666667,0.41900000000000004
SAMPLE_03703,1.0,0.9643333333333333,0.9763333333333334,0.7863333333333333,1.0,1.0,1.0,1.0
SAMPLE_03704,0.7706666666666667,0.8253333333333334,0.8530000000000001,0.7156666666666666,0.5800000000000001,0.9276666666666666,0.7916666666666666,0.38033333333333336
SAMPLE_03705,0.5656666666666667,0.7123333333333334,0.7243333333333334,0.355,0.8853333333333334,0.393,0.8119999999999999,0.908
SAMPLE_03706,0.31066666666666665,0.38000000000000006,0.13833333333333334,0.09800000000000002,0.727,0.04800000000000001,0.5466666666666667,0.935
SAMPLE_03707,0.8611666666666666,0.15633333333333332,0.21466666666666664,0.26733333333333337,0.4156666666666667,0.5593333333333333,0.26266666666666666,0.22399999999999998
SAMPLE_03708,0.381,0.581,0.4423333333333333,1.0,0.085,0.25233333333333335,0.32866666666666666,0.15066666666666667
SAMPLE_03709,0.7563333333333334,0.11199999999999999,0.144,0.2856666666666667,0.7656666666666666,0.47100000000000003,0.21966666666666668,0.424
SAMPLE_03710,0.886,0.14033333333333334,0.17600000000000002,0.39866666666666667,0.15033333333333335,0.4226666666666667,0.17300000000000001,0.09866666666666667
SAMPLE_03711,0.572,0.8953333333333333,0.9380000000000001,0.22933333333333336,0.9463333333333334,0.29666666666666663,0.843,0.8916666666666666
SAMPLE_03712,0.5433333333333333,0.4506666666666667,0.5893333333333333,0.22466666666666665,0.6763333333333333,0.6033333333333334,0.5816666666666667,0.8223333333333334
SAMPLE_03713,0.7066666666666667,0.15966666666666665,0.3726666666666667,0.22466666666666665,0.22,0.399,0.21533333333333335,0.16966666666666666
SAMPLE_03714,0.6653333333333333,0.6216666666666666,0.29133333333333333,0.6960000000000001,0.6063333333333333,0.891,0.863,0.4263333333333333
SAMPLE_03715,0.7939999999999999,0.4603333333333333,0.22099999999999997,0.22866666666666668,0.7186666666666666,0.4076666666666667,0.32433333333333336,0.3246666666666667
SAMPLE_03716,0.26899999999999996,0.706,0.7893333333333333,0.18200000000000002,0.42133333333333334,0.20766666666666667,0.6193333333333334,0.9526666666666667
SAMPLE_03717,0.722,0.11266666666666668,0.046000000000000006,0.24966666666666662,0.09366666666666668,0.291,0.19366666666666665,0.059
SAMPLE_03718,0.8476666666666667,0.17666666666666667,0.33066666666666666,0.31466666666666665,0.231,0.3626666666666667,0.4746666666666666,0.19066666666666665
SAMPLE_03719,0.4666666666666666,0.8416666666666667,0.7673333333333333,0.7336666666666667,0.635,0.84,0.6663333333333333,0.575
SAMPLE_03720,0.617,0.6556666666666667,0.517,0.20133333333333336,0.6829999999999999,0.5026666666666667,0.7606666666666667,0.49866666666666665
SAMPLE_03721,0.157,0.49899999999999994,0.37166666666666665,1.0,0.22799999999999998,0.30833333333333335,0.274,0.055
SAMPLE_03722,1.0,0.8756666666666667,0.7696666666666667,0.801,1.0,1.0,1.0,1.0
SAMPLE_03723,0.08900000000000001,0.5640000000000001,0.421,1.0,0.2856666666666667,0.18400000000000002,0.12833333333333335,0.04766666666666667
SAMPLE_03724,0.36033333333333334,0.9540000000000001,0.8770000000000001,1.0,0.36400000000000005,0.38966666666666666,0.512,0.8039999999999999
SAMPLE_03725,0.22066666666666668,0.5106666666666667,0.661,0.286,0.5399999999999999,0.699,0.5156666666666667,0.8186666666666667
SAMPLE_03726,0.4706666666666666,0.6873333333333335,0.761,0.604,0.48933333333333334,0.6776666666666666,0.7823333333333333,0.7959999999999999
SAMPLE_03727,0.574,0.563,0.5156666666666667,0.5793333333333334,0.7433333333333333,0.6156666666666667,0.5526666666666666,0.36233333333333334
SAMPLE_03728,0.2966666666666667,0.4613333333333334,0.5,0.31633333333333336,0.5513333333333333,0.4073333333333333,0.41533333333333333,0.6709999999999999
SAMPLE_03729,0.3333333333333333,0.9883333333333333,0.9556666666666667,0.17166666666666666,0.9196666666666666,0.964,0.9329999999999999,0.826
SAMPLE_03730,0.5463333333333333,0.9573333333333333,0.9460000000000001,0.5726666666666667,0.8683333333333333,0.4713333333333334,0.912,0.661
SAMPLE_03731,0.6573333333333333,0.4373333333333333,0.5499999999999999,0.4856666666666667,0.39666666666666667,0.6766666666666666,0.527,0.303
SAMPLE_03732,0.57,0.9076666666666666,0.8556666666666667,1.0,0.18233333333333335,0.122,0.6463333333333333,0.48100000000000004
SAMPLE_03733,0.17333333333333334,0.8136666666666666,0.8013333333333333,1.0,0.4936666666666667,0.47833333333333333,0.2386666666666667,0.06533333333333333
SAMPLE_03734,0.598,0.584,0.6273333333333334,0.6483333333333333,0.789,0.8370000000000001,0.9056666666666667,0.6743333333333333
SAMPLE_03735,0.5576666666666666,0.7816666666666666,0.9533333333333333,0.3426666666666667,0.8556666666666667,0.7223333333333333,0.681,0.6536666666666667
SAMPLE_03736,0.718,0.609,0.48533333333333334,0.531,0.8106666666666666,0.8126666666666668,0.6903333333333332,0.8716666666666666
SAMPLE_03737,1.0,0.7133333333333333,0.6429999999999999,0.7973333333333334,1.0,1.0,1.0,1.0
SAMPLE_03738,0.834,0.24066666666666667,0.2843333333333333,0.49766666666666665,0.058666666666666666,0.3053333333333333,0.25133333333333335,0.07633333333333332
SAMPLE_03739,0.8153333333333332,0.36366666666666664,0.1396666666666667,0.5299999999999999,0.302,0.7856666666666667,0.30966666666666665,0.32699999999999996
SAMPLE_03740,0.5706666666666668,0.11133333333333334,0.06266666666666666,0.6203333333333334,0.8076666666666666,0.5106666666666667,0.25633333333333336,0.4216666666666667
SAMPLE_03741,0.5613333333333334,0.31466666666666665,0.3406666666666667,0.412,0.204,0.5846666666666667,0.38999999999999996,0.17400000000000002
SAMPLE_03742,0.6873333333333332,0.32,0.19699999999999998,0.3980000000000001,0.21533333333333335,0.565,0.12433333333333334,0.15166666666666667
SAMPLE_03743,0.20333333333333334,0.806,0.8266666666666667,0.07633333333333332,0.6223333333333333,0.23266666666666666,0.6676666666666667,0.38866666666666666
SAMPLE_03744,0.14400000000000002,0.8816666666666667,0.9116666666666666,0.35800000000000004,0.7559999999999999,0.4703333333333333,0.8053333333333333,0.6920000000000001
SAMPLE_03745,0.25766666666666665,0.6576666666666667,0.534,1.0,0.30633333333333335,0.09766666666666667,0.3036666666666667,0.5833333333333334
SAMPLE_03746,0.8573333333333334,0.132,0.242,0.4306666666666667,0.24033333333333337,0.5336666666666666,0.4183333333333333,0.2523333333333333
SAMPLE_03747,0.6053333333333334,0.797,0.7453333333333334,0.6336666666666666,0.9106666666666667,0.6773333333333333,0.8563333333333333,0.5586666666666666
SAMPLE_03748,0.155,0.49300000000000005,0.5016666666666666,1.0,0.18233333333333335,0.13166666666666665,0.11466666666666665,0.11800000000000001
SAMPLE_03749,0.6616666666666666,0.20566666666666666,0.4503333333333333,0.25,0.081,0.35133333333333333,0.5416666666666666,0.17566666666666667
SAMPLE_03750,0.21033333333333334,0.4603333333333333,0.5126666666666667,0.34400000000000003,0.6606666666666666,0.5843333333333334,0.7213333333333333,0.7336666666666667
SAMPLE_03751,0.3136666666666667,0.8446666666666668,0.851,1.0,0.050666666666666665,0.03666666666666667,0.20733333333333334,0.12033333333333333
SAMPLE_03752,0.07333333333333335,0.4803333333333333,0.43999999999999995,1.0,0.016666666666666666,0.12,0.09466666666666666,0.08700000000000001
SAMPLE_03753,0.13,0.29433333333333334,0.2776666666666667,1.0,0.11533333333333334,0.12799999999999997,0.28200000000000003,0.38566666666666666
SAMPLE_03754,0.037333333333333336,0.34,0.31766666666666665,1.0,0.462,0.3623333333333334,0.10500000000000002,0.6659999999999999
SAMPLE_03755,0.58,0.7799999999999999,0.8743333333333334,0.5283333333333333,0.7113333333333335,0.6976666666666667,0.8763333333333333,0.4426666666666667
SAMPLE_03756,0.22366666666666668,0.3793333333333333,0.23866666666666667,0.21866666666666665,0.49066666666666664,0.26566666666666666,0.28099999999999997,0.8543333333333333
SAMPLE_03757,0.7896666666666667,0.4246666666666667,0.524,0.4903333333333333,0.371,0.5983333333333333,0.2806666666666667,0.2336666666666667
SAMPLE_03758,0.4956666666666667,0.49099999999999994,0.4183333333333333,0.598,0.7603333333333334,0.7440000000000001,0.6053333333333334,0.7163333333333334
SAMPLE_03759,0.75,0.33899999999999997,0.3166666666666667,0.27699999999999997,0.9093333333333334,0.3933333333333333,0.35533333333333333,0.5670000000000001
SAMPLE_03760,0.544,0.8413333333333334,0.7913333333333333,0.63,0.92,0.5413333333333333,0.9289999999999999,0.7503333333333334
SAMPLE_03761,0.6643333333333333,0.23433333333333337,0.2416666666666667,0.43533333333333335,0.45533333333333337,0.5543333333333333,0.24,0.267
SAMPLE_03762,0.3363333333333333,0.661,0.638,1.0,0.57,0.3706666666666667,0.326,0.39433333333333326
SAMPLE_03763,0.5023333333333334,0.506,0.5373333333333333,0.646,0.312,0.783,0.5356666666666666,0.223
SAMPLE_03764,0.6373333333333333,0.3006666666666667,0.18466666666666667,0.6823333333333333,0.5619999999999999,0.723,0.5156666666666667,0.8153333333333332
SAMPLE_03765,0.7163333333333334,0.20033333333333334,0.2623333333333333,0.4186666666666667,0.3506666666666667,0.6393333333333334,0.539,0.39966666666666667
SAMPLE_03766,0.6083333333333333,0.284,0.43733333333333335,0.306,0.8366666666666666,0.44766666666666666,0.49899999999999994,0.381
SAMPLE_03767,0.7376666666666667,0.2866666666666667,0.131,0.431,0.19566666666666666,0.4126666666666667,0.39999999999999997,0.18466666666666667
SAMPLE_03768,0.076,0.16833333333333333,0.14533333333333334,1.0,0.16866666666666666,0.322,0.07133333333333335,0.7623333333333333
SAMPLE_03769,0.8213333333333334,0.07966666666666666,0.084,0.424,0.076,0.508,0.4196666666666667,0.037333333333333336
SAMPLE_03770,0.051333333333333335,0.589,0.4623333333333333,1.0,0.41333333333333333,0.41333333333333333,0.18200000000000002,0.858
SAMPLE_03771,0.6123333333333333,0.25366666666666665,0.3513333333333333,0.3353333333333333,0.2893333333333334,0.45966666666666667,0.443,0.30966666666666665
SAMPLE_03772,0.882,0.36133333333333334,0.3383333333333334,0.424,0.295,0.722,0.5956666666666667,0.36200000000000004
SAMPLE_03773,0.27066666666666667,0.6233333333333333,0.582,0.22966666666666669,0.705,0.3593333333333333,0.4406666666666667,0.8733333333333334
SAMPLE_03774,0.2806666666666667,0.944,0.878,0.4486666666666667,0.654,0.4963333333333333,0.7556666666666666,0.8126666666666668
SAMPLE_03775,0.778,0.5033333333333333,0.3316666666666666,0.5126666666666666,0.37200000000000005,0.785,0.5236666666666667,0.413
SAMPLE_03776,0.5596666666666666,0.3273333333333333,0.2973333333333333,0.4666666666666666,0.367,0.29433333333333334,0.22366666666666668,0.064
SAMPLE_03777,0.34800000000000003,0.38466666666666666,0.336,1.0,0.5326666666666666,0.2783333333333334,0.08933333333333333,0.4053333333333334
SAMPLE_03778,0.5579999999999999,0.30633333333333335,0.13799999999999998,0.5393333333333333,0.29033333333333333,0.537,0.351,0.17266666666666666
SAMPLE_03779,0.7309999999999999,0.40633333333333327,0.35600000000000004,0.4163333333333334,0.261,0.6136666666666667,0.4323333333333334,0.142
SAMPLE_03780,0.3876666666666666,0.43166666666666664,0.49799999999999994,0.689,0.5906666666666666,0.8923333333333333,0.8646666666666668,0.8570000000000001
SAMPLE_03781,0.29633333333333334,0.8153333333333334,0.7593333333333333,1.0,0.06133333333333333,0.17066666666666666,0.39799999999999996,0.6443333333333333
SAMPLE_03782,0.5576666666666666,0.7313333333333333,0.8426666666666666,0.222,0.8610000000000001,0.48,0.4303333333333334,0.7386666666666667
SAMPLE_03783,0.747,0.214,0.3313333333333333,0.30733333333333335,0.6253333333333333,0.773,0.4673333333333334,0.25233333333333335
SAMPLE_03784,0.7873333333333333,0.25266666666666665,0.40499999999999997,0.319,0.5186666666666667,0.6203333333333333,0.8033333333333333,0.4446666666666667
SAMPLE_03785,0.8553333333333333,0.8936666666666667,0.8516666666666666,0.3073333333333333,0.68,0.49300000000000005,0.9403333333333334,0.633
SAMPLE_03786,0.6056666666666667,0.7936666666666667,0.651,0.20700000000000005,0.7256666666666666,0.25966666666666666,0.6696666666666666,0.8576666666666667
SAMPLE_03787,0.6266666666666667,0.573,0.8036666666666666,0.17766666666666667,0.9193333333333333,0.27133333333333337,0.6866666666666666,0.9333333333333335
SAMPLE_03788,0.7759999999999999,0.23800000000000002,0.3626666666666667,0.18300000000000002,0.787,0.6096666666666667,0.3539999999999999,0.4446666666666667
SAMPLE_03789,0.35200000000000004,0.8296666666666667,0.797,1.0,0.6173333333333333,0.774,0.794,0.5913333333333334
SAMPLE_03790,0.08633333333333333,0.6563333333333333,0.655,0.206,0.5529999999999999,0.4543333333333333,0.4206666666666667,0.9586666666666667
SAMPLE_03791,0.7236666666666668,0.13033333333333333,0.17433333333333334,0.20133333333333334,0.03266666666666667,0.7313333333333333,0.23633333333333337,0.013666666666666666
SAMPLE_03792,0.5033333333333333,0.4013333333333333,0.4206666666666667,0.6996666666666668,0.5396666666666666,0.8230000000000001,0.24233333333333332,0.4003333333333334
SAMPLE_03793,0.23966666666666667,0.8893333333333334,0.7416666666666667,0.3436666666666666,0.4046666666666667,0.418,0.8206666666666668,0.8986666666666667
SAMPLE_03794,0.2733333333333334,0.9023333333333333,0.8653333333333334,1.0,0.16933333333333334,0.6346666666666666,0.7973333333333333,0.42700000000000005
SAMPLE_03795,0.5283333333333333,0.8306666666666667,0.826,0.777,0.7753333333333333,0.944,0.8853333333333332,0.8566666666666666
SAMPLE_03796,0.7153333333333333,0.5673333333333334,0.9073333333333333,0.5166666666666666,0.9613333333333333,0.9163333333333332,0.9613333333333333,0.6463333333333333
SAMPLE_03797,0.12833333333333333,0.46799999999999997,0.5716666666666667,0.561,0.40166666666666667,0.24133333333333332,0.19833333333333333,0.7496666666666666
SAMPLE_03798,0.6373333333333333,0.5,0.48866666666666675,0.39399999999999996,0.5176666666666666,0.4803333333333333,0.39633333333333337,0.18300000000000002
SAMPLE_03799,0.537,0.044000000000000004,0.027,0.5066666666666667,0.6880000000000001,0.6093333333333333,0.20866666666666667,0.45133333333333336
SAMPLE_03800,0.11299999999999999,0.6309999999999999,0.7876666666666666,0.35800000000000004,0.6829999999999999,0.5613333333333334,0.30733333333333335,0.37566666666666665
SAMPLE_03801,0.11166666666666668,0.5989999999999999,0.409,1.0,0.14466666666666667,0.152,0.031,0.06033333333333333
SAMPLE_03802,0.16066666666666665,0.9373333333333332,0.9146666666666666,1.0,0.12966666666666668,0.2333333333333333,0.37966666666666665,0.2733333333333334
SAMPLE_03803,0.6413333333333333,0.6833333333333332,0.8356666666666667,0.25366666666666665,0.7206666666666667,0.848,0.7886666666666667,0.44999999999999996
SAMPLE_03804,0.3056666666666667,0.314,0.427,0.32366666666666666,0.5713333333333334,0.6656666666666666,0.244,0.886
SAMPLE_03805,0.27166666666666667,0.8346666666666667,0.8603333333333333,0.144,0.5656666666666667,0.4366666666666667,0.7879999999999999,0.3926666666666667
SAMPLE_03806,0.6036666666666667,0.8079999999999999,0.7869999999999999,0.4116666666666667,0.7736666666666666,0.27366666666666667,0.6970000000000001,0.8076666666666666
SAMPLE_03807,0.7633333333333333,0.328,0.30233333333333334,0.256,0.19266666666666668,0.6333333333333333,0.30833333333333335,0.16433333333333333
SAMPLE_03808,0.5910000000000001,0.8300000000000001,0.7813333333333333,0.15833333333333335,0.8216666666666667,0.42733333333333334,0.8743333333333334,0.6013333333333333
SAMPLE_03809,0.35799999999999993,0.5266666666666667,0.552,0.2846666666666666,0.6689999999999999,0.516,0.409,0.9493333333333333
SAMPLE_03810,0.6466666666666667,0.25633333333333336,0.26566666666666666,0.37799999999999995,0.3986666666666667,0.30566666666666664,0.28200000000000003,0.16766666666666666
SAMPLE_03811,0.18700000000000003,0.5643333333333334,0.48933333333333334,1.0,0.321,0.17366666666666666,0.217,0.2823333333333333
SAMPLE_03812,0.43733333333333335,0.4093333333333333,0.36333333333333334,0.6686666666666667,0.48566666666666664,0.851,0.672,0.8006666666666667
SAMPLE_03813,0.081,0.658,0.5643333333333334,1.0,0.022000000000000002,0.065,0.27499999999999997,0.19599999999999998
SAMPLE_03814,0.7453333333333333,0.236,0.169,0.47500000000000003,0.52,0.421,0.49700000000000005,0.4013333333333333
SAMPLE_03815,0.081,0.46866666666666673,0.5106666666666667,1.0,0.109,0.07133333333333333,0.09733333333333334,0.06666666666666667
SAMPLE_03816,0.5843333333333334,0.715,0.7186666666666666,0.585,0.758,0.7663333333333334,0.7426666666666667,0.7326666666666667
SAMPLE_03817,0.8673333333333333,0.9249999999999999,0.9206666666666666,0.5886666666666667,0.8426666666666667,0.9426666666666667,0.8696666666666667,0.5443333333333333
SAMPLE_03818,0.8016666666666667,0.2743333333333333,0.19200000000000003,0.5226666666666667,0.3156666666666667,0.5266666666666667,0.7006666666666668,0.3873333333333333
SAMPLE_03819,0.5806666666666667,0.6980000000000001,0.7116666666666666,0.6263333333333333,0.6596666666666667,0.7636666666666668,0.8376666666666667,0.5936666666666667
SAMPLE_03820,0.5273333333333333,0.408,0.44799999999999995,0.6786666666666666,0.634,0.7799999999999999,0.4226666666666667,0.4503333333333333
SAMPLE_03821,0.12733333333333333,0.6573333333333333,0.539,1.0,0.38433333333333336,0.32066666666666666,0.19566666666666666,0.18566666666666665
SAMPLE_03822,0.6753333333333335,0.08466666666666667,0.11233333333333334,0.10433333333333333,0.37399999999999994,0.31266666666666665,0.21566666666666667,0.19233333333333333
SAMPLE_03823,0.726,0.16533333333333336,0.20299999999999999,0.421,0.8776666666666667,0.4773333333333334,0.117,0.37433333333333335
SAMPLE_03824,0.8663333333333333,0.8673333333333333,0.8569999999999999,0.6193333333333334,0.912,0.9523333333333333,0.9023333333333333,0.494
SAMPLE_03825,0.8283333333333333,0.25633333333333336,0.14633333333333334,0.3066666666666667,0.06066666666666667,0.437,0.238,0.05933333333333333
SAMPLE_03826,0.14133333333333334,0.32266666666666666,0.20933333333333334,0.48533333333333334,0.283,0.5226666666666667,0.574,0.9156666666666666
SAMPLE_03827,0.26299999999999996,0.47000000000000003,0.4873333333333334,0.252,0.6866666666666666,0.4166666666666667,0.5273333333333333,0.6323333333333334
SAMPLE_03828,0.8113333333333334,0.6653333333333333,0.5073333333333333,0.34600000000000003,0.49733333333333324,0.7469999999999999,0.782,0.36866666666666664
SAMPLE_03829,0.7556666666666666,0.7046666666666667,0.6236666666666667,0.4526666666666667,0.4093333333333334,0.7076666666666668,0.48266666666666663,0.244
SAMPLE_03830,0.35966666666666663,0.433,0.4276666666666667,0.128,0.7173333333333334,0.1396666666666667,0.7520000000000001,0.4643333333333333
SAMPLE_03831,0.8833333333333333,0.24500000000000002,0.31433333333333335,0.43,0.136,0.8130000000000001,0.3553333333333333,0.16
SAMPLE_03832,0.598,0.057666666666666665,0.052333333333333336,0.40066666666666667,0.2193333333333333,0.4566666666666667,0.2273333333333333,0.23066666666666666
SAMPLE_03833,0.032,0.604,0.465,1.0,0.026,0.21466666666666664,0.021666666666666667,0.532
SAMPLE_03834,0.6266666666666667,0.44300000000000006,0.416,0.43500000000000005,0.576,0.8366666666666668,0.5356666666666667,0.41966666666666663
SAMPLE_03835,0.17533333333333334,0.19033333333333333,0.09799999999999999,1.0,0.21666666666666667,0.2976666666666667,0.10433333333333333,0.7280000000000001
SAMPLE_03836,0.3403333333333333,0.5433333333333333,0.5806666666666667,0.08133333333333334,0.5286666666666666,0.13333333333333333,0.41333333333333333,0.944
SAMPLE_03837,0.8646666666666666,0.2133333333333333,0.212,0.3913333333333333,0.15733333333333333,0.5403333333333333,0.3176666666666667,0.19066666666666668
SAMPLE_03838,0.593,0.3686666666666667,0.3283333333333333,0.5016666666666666,0.746,0.7196666666666666,0.4023333333333334,0.7766666666666667
SAMPLE_03839,0.5286666666666666,0.8663333333333333,0.8649999999999999,0.2836666666666667,0.8456666666666667,0.5539999999999999,0.8826666666666667,0.7426666666666666
SAMPLE_03840,0.133,0.7623333333333333,0.6920000000000001,1.0,0.17866666666666667,0.20000000000000004,0.20566666666666666,0.06133333333333333
SAMPLE_03841,0.8316666666666667,0.4586666666666667,0.5413333333333333,0.35600000000000004,0.5376666666666666,0.7576666666666667,0.6646666666666667,0.4143333333333333
SAMPLE_03842,0.03,0.383,0.27566666666666667,1.0,0.011666666666666667,0.166,0.018000000000000002,0.006333333333333334
SAMPLE_03843,0.552,0.762,0.7533333333333333,0.2683333333333333,0.8073333333333333,0.3873333333333333,0.7833333333333333,0.7696666666666667
SAMPLE_03844,0.618,0.2406666666666667,0.21633333333333335,0.40166666666666667,0.5696666666666667,0.42,0.393,0.47733333333333333
SAMPLE_03845,0.3196666666666667,0.7656666666666667,0.9196666666666666,0.26666666666666666,0.7966666666666667,0.37666666666666665,0.5556666666666666,0.9223333333333333
SAMPLE_03846,0.7576666666666667,0.33699999999999997,0.36399999999999993,0.347,0.42333333333333334,0.4606666666666667,0.5803333333333334,0.3156666666666667
SAMPLE_03847,0.2763333333333333,0.9266666666666667,0.9216666666666667,1.0,0.8283333333333333,0.24533333333333332,0.5843333333333334,0.8146666666666667
SAMPLE_03848,0.6306666666666666,0.20266666666666666,0.37866666666666665,0.22433333333333336,0.26933333333333337,0.397,0.429,0.375
SAMPLE_03849,0.07566666666666667,0.855,0.8296666666666667,0.18100000000000002,0.38966666666666666,0.14300000000000002,0.37033333333333335,0.4406666666666667
SAMPLE_03850,0.39166666666666666,0.884,0.8380000000000001,1.0,0.03833333333333333,0.23833333333333337,0.6883333333333334,0.3916666666666666
SAMPLE_03851,0.7776666666666666,0.33,0.44966666666666666,0.46900000000000003,0.5116666666666667,0.6616666666666666,0.501,0.3933333333333333
SAMPLE_03852,0.8003333333333332,0.47433333333333333,0.527,0.5563333333333333,0.42700000000000005,0.6506666666666666,0.3246666666666667,0.22233333333333336
SAMPLE_03853,0.5746666666666667,0.8643333333333333,0.951,0.3166666666666667,0.7496666666666667,0.6246666666666667,0.91,0.3276666666666667
SAMPLE_03854,0.559,0.5246666666666667,0.7246666666666667,0.31,0.7386666666666667,0.6933333333333334,0.5536666666666666,0.8176666666666668
SAMPLE_03855,0.079,0.33166666666666667,0.23399999999999999,1.0,0.11866666666666668,0.08233333333333333,0.43133333333333335,0.17166666666666666
SAMPLE_03856,0.8253333333333334,0.4633333333333333,0.35133333333333333,0.507,0.333,0.8550000000000001,0.3333333333333333,0.2476666666666667
SAMPLE_03857,0.7973333333333333,0.5533333333333332,0.4553333333333333,0.25933333333333336,0.42133333333333334,0.6013333333333333,0.8133333333333334,0.38033333333333336
SAMPLE_03858,0.4443333333333334,0.488,0.49133333333333334,0.24066666666666667,0.6733333333333333,0.5876666666666667,0.4293333333333333,0.6576666666666667
SAMPLE_03859,0.032999999999999995,0.39599999999999996,0.5083333333333333,1.0,0.09366666666666668,0.17633333333333334,0.13933333333333334,0.312
SAMPLE_03860,0.06133333333333333,0.4336666666666667,0.3173333333333333,1.0,0.3166666666666667,0.12333333333333335,0.029666666666666664,0.14033333333333334
SAMPLE_03861,0.818,0.18833333333333335,0.4053333333333333,0.3476666666666666,0.14733333333333334,0.4013333333333333,0.7353333333333333,0.3136666666666667
SAMPLE_03862,0.632,0.9746666666666667,0.976,0.333,0.5846666666666667,0.514,0.9146666666666667,0.4456666666666667
SAMPLE_03863,0.6213333333333333,0.559,0.613,0.4533333333333333,0.3463333333333333,0.5956666666666667,0.5636666666666666,0.361
SAMPLE_03864,0.315,0.8959999999999999,0.903,1.0,0.017,0.07266666666666667,0.26566666666666666,0.442
SAMPLE_03865,0.466,0.24833333333333332,0.32566666666666666,0.36966666666666664,0.2996666666666667,0.4753333333333334,0.443,0.3073333333333333
SAMPLE_03866,0.10099999999999999,0.7276666666666666,0.7450000000000001,1.0,0.307,0.409,0.267,0.653
SAMPLE_03867,0.59,0.7520000000000001,0.6256666666666667,0.18533333333333335,0.738,0.5176666666666666,0.7896666666666666,0.957
SAMPLE_03868,0.049999999999999996,0.746,0.6886666666666666,1.0,0.049666666666666665,0.169,0.4843333333333333,0.26966666666666667
SAMPLE_03869,0.7646666666666667,0.59,0.69,0.31966666666666665,0.3443333333333334,0.7050000000000001,0.625,0.3123333333333333
SAMPLE_03870,0.2733333333333334,0.9329999999999999,0.8426666666666667,1.0,0.36166666666666664,0.31699999999999995,0.6463333333333333,0.5473333333333333
SAMPLE_03871,0.6813333333333333,0.06999999999999999,0.032,0.2693333333333333,0.207,0.49833333333333335,0.09933333333333334,0.09266666666666667
SAMPLE_03872,0.8533333333333334,0.834,0.7746666666666667,0.7243333333333334,0.8836666666666666,0.9470000000000001,0.8140000000000001,0.702
SAMPLE_03873,0.126,0.6986666666666667,0.6673333333333332,0.33899999999999997,0.44799999999999995,0.49100000000000005,0.5763333333333334,0.5146666666666667
SAMPLE_03874,0.887,0.49866666666666665,0.5643333333333334,0.19799999999999998,0.39266666666666666,0.314,0.6960000000000001,0.3853333333333333
SAMPLE_03875,0.5673333333333334,0.7616666666666667,0.7779999999999999,0.6076666666666667,0.8746666666666667,0.8483333333333333,0.965,0.8569999999999999
SAMPLE_03876,0.6453333333333333,0.09433333333333334,0.243,0.359,0.49133333333333334,0.6153333333333334,0.33233333333333337,0.4676666666666667
SAMPLE_03877,0.8803333333333333,0.07466666666666666,0.10166666666666667,0.4173333333333333,0.105,0.4543333333333333,0.08700000000000001,0.10566666666666664
SAMPLE_03878,0.27066666666666667,0.2833333333333333,0.5790000000000001,0.4066666666666667,0.7166666666666667,0.5826666666666668,0.25666666666666665,0.9006666666666666
SAMPLE_03879,0.13766666666666666,0.307,0.135,1.0,0.2853333333333333,0.20866666666666667,0.23266666666666666,0.7663333333333333
SAMPLE_03880,0.31033333333333335,0.9246666666666666,0.8793333333333333,0.333,0.7956666666666666,0.6476666666666667,0.7853333333333333,0.6046666666666667
SAMPLE_03881,0.345,0.715,0.746,0.383,0.5756666666666667,0.42566666666666664,0.7603333333333332,0.6546666666666666
SAMPLE_03882,0.6213333333333334,0.9233333333333332,0.8466666666666667,0.049999999999999996,0.5203333333333333,0.27899999999999997,0.9146666666666666,0.727
SAMPLE_03883,0.8573333333333334,0.13233333333333333,0.18000000000000002,0.24166666666666667,0.6376666666666667,0.482,0.3006666666666667,0.53
SAMPLE_03884,1.0,0.7723333333333334,0.7016666666666667,0.8023333333333333,1.0,1.0,1.0,1.0
SAMPLE_03885,0.12866666666666668,0.31833333333333336,0.26266666666666666,0.41733333333333333,0.2813333333333334,0.454,0.2723333333333333,0.8166666666666668
SAMPLE_03886,0.5043333333333334,0.4076666666666666,0.39999999999999997,0.5056666666666666,0.3273333333333333,0.6443333333333333,0.605,0.36566666666666664
SAMPLE_03887,0.12566666666666668,0.17900000000000002,0.053,0.22166666666666668,0.634,0.26899999999999996,0.43966666666666665,0.7866666666666666
SAMPLE_03888,0.5616666666666666,0.22866666666666668,0.14966666666666667,0.49,0.45766666666666667,0.5843333333333334,0.19400000000000003,0.41133333333333333
SAMPLE_03889,1.0,0.8953333333333333,0.8576666666666667,0.7966666666666667,1.0,1.0,1.0,1.0
SAMPLE_03890,0.7596666666666666,0.763,0.8690000000000001,0.48299999999999993,0.47800000000000004,0.7696666666666667,0.7696666666666667,0.36533333333333334
SAMPLE_03891,0.27266666666666667,0.4883333333333333,0.21133333333333335,0.25966666666666666,0.6946666666666667,0.34600000000000003,0.8543333333333334,0.793
SAMPLE_03892,0.6653333333333333,0.3263333333333333,0.2783333333333333,0.4713333333333334,0.26999999999999996,0.6386666666666666,0.293,0.242
SAMPLE_03893,0.12500000000000003,0.68,0.641,1.0,0.37266666666666665,0.2293333333333333,0.38400000000000006,0.6906666666666667
SAMPLE_03894,0.007333333333333333,0.3356666666666667,0.213,1.0,0.021666666666666667,0.3393333333333333,0.152,0.04666666666666666
SAMPLE_03895,0.17966666666666664,0.4923333333333333,0.5566666666666666,0.2173333333333333,0.38766666666666666,0.2513333333333333,0.5353333333333333,0.9323333333333333
SAMPLE_03896,0.34,0.5136666666666666,0.37366666666666665,0.30033333333333334,0.36500000000000005,0.5033333333333333,0.48100000000000004,0.6116666666666667
SAMPLE_03897,0.49499999999999994,0.6533333333333333,0.6193333333333334,0.722,0.7140000000000001,0.868,0.7643333333333334,0.6883333333333334
SAMPLE_03898,0.5656666666666667,0.8396666666666667,0.961,0.4856666666666667,0.9326666666666666,0.8883333333333333,0.84,0.77
SAMPLE_03899,0.7513333333333333,0.08466666666666667,0.05433333333333334,0.381,0.11433333333333333,0.5283333333333333,0.22066666666666665,0.07766666666666668
SAMPLE_03900,0.17200000000000001,0.98,0.9716666666666667,1.0,0.5256666666666666,0.105,0.6316666666666667,0.88
SAMPLE_03901,0.872,0.16033333333333333,0.06166666666666667,0.27699999999999997,0.4076666666666667,0.5476666666666666,0.24366666666666667,0.1406666666666667
SAMPLE_03902,0.3116666666666666,0.9700000000000001,0.9783333333333332,0.25666666666666665,0.9006666666666666,0.862,0.8300000000000001,0.915
SAMPLE_03903,0.09699999999999999,0.876,0.9056666666666667,1.0,0.09200000000000001,0.17066666666666666,0.767,0.484
SAMPLE_03904,0.2333333333333333,0.373,0.413,0.18000000000000002,0.82,0.16,0.457,0.6346666666666666
SAMPLE_03905,0.64,0.656,0.6466666666666667,0.6923333333333334,0.397,0.8743333333333333,0.4156666666666667,0.49733333333333335
SAMPLE_03906,0.431,0.305,0.44799999999999995,1.0,0.42966666666666664,0.6433333333333333,0.35366666666666663,0.5456666666666666
SAMPLE_03907,0.8426666666666667,0.2803333333333333,0.5276666666666666,0.34,0.149,0.39633333333333337,0.4366666666666667,0.10166666666666667
SAMPLE_03908,0.16666666666666666,0.4570000000000001,0.35933333333333334,1.0,0.26033333333333336,0.20933333333333334,0.2966666666666667,0.292
SAMPLE_03909,0.2843333333333333,0.17933333333333334,0.068,0.25499999999999995,0.6136666666666666,0.17633333333333334,0.2243333333333333,0.9143333333333333
SAMPLE_03910,0.4656666666666667,0.15766666666666665,0.727,0.41700000000000004,0.19433333333333333,0.5176666666666667,0.286,0.14166666666666666
SAMPLE_03911,0.57,0.6263333333333333,0.5353333333333333,0.7493333333333334,0.9236666666666666,0.968,0.8213333333333334,0.7559999999999999
SAMPLE_03912,0.5746666666666667,0.8329999999999999,0.8176666666666668,0.6493333333333333,0.506,0.8029999999999999,0.8936666666666667,0.5806666666666667
SAMPLE_03913,0.8143333333333334,0.06533333333333334,0.11866666666666666,0.26099999999999995,0.507,0.2603333333333333,0.242,0.449
SAMPLE_03914,0.22433333333333336,0.6606666666666666,0.5559999999999999,1.0,0.21633333333333335,0.49099999999999994,0.4466666666666666,0.458
SAMPLE_03915,1.0,0.806,0.8253333333333334,0.779,1.0,1.0,1.0,1.0
SAMPLE_03916,1.0,0.7533333333333333,0.7053333333333334,0.7836666666666666,1.0,1.0,1.0,1.0
SAMPLE_03917,0.6983333333333334,0.6283333333333333,0.5943333333333333,0.7216666666666667,0.5306666666666667,0.9223333333333334,0.758,0.6636666666666666
SAMPLE_03918,0.274,0.25,0.24333333333333332,0.213,0.4856666666666667,0.21933333333333335,0.6466666666666666,0.8253333333333334
SAMPLE_03919,0.4493333333333333,0.5333333333333333,0.45199999999999996,0.6076666666666667,0.6859999999999999,0.8433333333333334,0.747,0.5866666666666666
SAMPLE_03920,0.23466666666666666,0.7373333333333333,0.605,0.6203333333333333,0.7726666666666667,0.503,0.6649999999999999,0.749
SAMPLE_03921,0.19033333333333333,0.4606666666666667,0.43966666666666665,1.0,0.8333333333333334,0.3096666666666667,0.20833333333333337,0.7999999999999999
SAMPLE_03922,0.7183333333333333,0.33166666666666667,0.596,0.12166666666666666,0.20033333333333334,0.264,0.3553333333333333,0.2833333333333333
SAMPLE_03923,0.7903333333333333,0.9186666666666667,0.9033333333333333,0.6983333333333334,0.7639999999999999,0.931,0.926,0.5903333333333333
SAMPLE_03924,0.19333333333333336,0.7903333333333333,0.6880000000000001,1.0,0.5653333333333334,0.29633333333333334,0.3413333333333333,0.36433333333333334
SAMPLE_03925,0.5016666666666666,0.3506666666666667,0.39866666666666667,0.669,0.38066666666666665,0.82,0.7546666666666666,0.8536666666666667
SAMPLE_03926,0.36166666666666664,0.7143333333333334,0.8093333333333333,1.0,0.4366666666666667,0.14833333333333334,0.589,0.5033333333333333
SAMPLE_03927,0.8323333333333333,0.644,0.6709999999999999,0.233,0.077,0.68,0.6026666666666668,0.10066666666666667
SAMPLE_03928,0.8156666666666667,0.08066666666666666,0.056333333333333326,0.2743333333333333,0.6076666666666667,0.4226666666666667,0.16433333333333333,0.3253333333333333
SAMPLE_03929,0.625,0.162,0.34500000000000003,0.28333333333333327,0.38466666666666666,0.5013333333333333,0.37966666666666665,0.40399999999999997
SAMPLE_03930,0.71,0.057666666666666665,0.06066666666666667,0.292,0.31699999999999995,0.301,0.12233333333333334,0.049999999999999996
SAMPLE_03931,0.2733333333333334,0.205,0.206,0.27899999999999997,0.547,0.45766666666666667,0.23066666666666666,0.9536666666666666
SAMPLE_03932,0.02766666666666667,0.27666666666666667,0.3273333333333333,1.0,0.11466666666666665,0.058,0.08766666666666667,0.038
SAMPLE_03933,0.381,0.9103333333333333,0.9473333333333334,0.09399999999999999,0.6416666666666667,0.2823333333333333,0.5866666666666666,0.93
SAMPLE_03934,0.236,0.7363333333333334,0.6893333333333334,0.09433333333333334,0.5626666666666666,0.15066666666666664,0.5513333333333333,0.7476666666666666
SAMPLE_03935,0.5416666666666666,0.7040000000000001,0.6176666666666667,0.7516666666666666,0.8293333333333334,0.924,0.7203333333333332,0.8450000000000001
SAMPLE_03936,0.34933333333333333,0.5626666666666668,0.47766666666666674,0.2916666666666667,0.7183333333333334,0.41933333333333334,0.782,0.824
SAMPLE_03937,0.8569999999999999,0.20066666666666666,0.26300000000000007,0.45999999999999996,0.6916666666666668,0.6823333333333332,0.6366666666666667,0.5103333333333334
SAMPLE_03938,0.61,0.5990000000000001,0.7736666666666666,0.6033333333333334,0.887,0.9369999999999999,0.9010000000000001,0.7483333333333334
SAMPLE_03939,0.5726666666666667,0.9556666666666667,0.9083333333333333,0.24900000000000003,0.7826666666666666,0.30033333333333334,0.9283333333333333,0.844
SAMPLE_03940,0.375,0.702,0.6253333333333333,0.212,0.424,0.22966666666666669,0.4963333333333333,0.8556666666666667
SAMPLE_03941,0.6756666666666667,0.4056666666666667,0.3443333333333333,0.1456666666666667,0.7779999999999999,0.5796666666666667,0.18200000000000002,0.3623333333333334
SAMPLE_03942,0.7399999999999999,0.15833333333333335,0.19633333333333333,0.2826666666666667,0.3443333333333333,0.6023333333333333,0.39399999999999996,0.145
SAMPLE_03943,0.773,0.111,0.05533333333333334,0.39233333333333337,0.26966666666666667,0.5316666666666666,0.23933333333333331,0.139
SAMPLE_03944,0.6166666666666667,0.082,0.08233333333333333,0.26366666666666666,0.502,0.2986666666666667,0.15166666666666664,0.12333333333333334
SAMPLE_03945,0.8446666666666666,0.5710000000000001,0.283,0.701,0.5096666666666667,0.9113333333333333,0.5,0.7273333333333333
SAMPLE_03946,0.26533333333333337,0.7743333333333333,0.8646666666666668,0.19166666666666668,0.7053333333333334,0.36799999999999994,0.39766666666666667,0.8823333333333334
SAMPLE_03947,0.5630000000000001,0.17500000000000002,0.27,0.5663333333333334,0.6053333333333333,0.9183333333333334,0.47233333333333327,0.409
SAMPLE_03948,0.13,0.4076666666666666,0.2333333333333333,1.0,0.055333333333333325,0.114,0.24133333333333332,0.4026666666666667
SAMPLE_03949,0.5566666666666668,0.7263333333333333,0.8286666666666666,0.211,0.8363333333333333,0.3893333333333333,0.6523333333333333,0.8816666666666667
SAMPLE_03950,0.5583333333333335,0.49833333333333335,0.6946666666666667,0.383,0.49700000000000005,0.657,0.5116666666666666,0.9250000000000002
SAMPLE_03951,0.11566666666666665,0.443,0.35600000000000004,0.11466666666666668,0.12633333333333333,0.32366666666666666,0.25433333333333336,0.307
SAMPLE_03952,1.0,0.7000000000000001,0.7026666666666667,0.7823333333333333,1.0,1.0,1.0,1.0
SAMPLE_03953,0.5256666666666667,0.4126666666666667,0.4689999999999999,0.43100000000000005,0.9193333333333333,0.7176666666666667,0.38166666666666665,0.91
SAMPLE_03954,0.746,0.9296666666666665,0.8773333333333334,0.7096666666666667,0.581,0.7999999999999999,0.8453333333333334,0.8233333333333333
SAMPLE_03955,0.3093333333333334,0.8823333333333333,0.8069999999999999,0.237,0.41533333333333333,0.37933333333333336,0.5123333333333333,0.40399999999999997
SAMPLE_03956,0.18400000000000002,0.9203333333333333,0.9066666666666666,1.0,0.16,0.21066666666666667,0.3516666666666666,0.208
SAMPLE_03957,0.6549999999999999,0.08166666666666667,0.09233333333333334,0.4466666666666666,0.21333333333333335,0.49566666666666664,0.15366666666666667,0.09300000000000001
SAMPLE_03958,0.07733333333333332,0.9249999999999999,0.9153333333333334,1.0,0.13999999999999999,0.3423333333333333,0.2793333333333334,0.13266666666666668
SAMPLE_03959,0.13599999999999998,0.40599999999999997,0.39633333333333337,0.5313333333333333,0.3093333333333333,0.577,0.46399999999999997,0.7473333333333333
SAMPLE_03960,0.7906666666666666,0.009,0.016333333333333335,0.3146666666666667,0.6396666666666667,0.38533333333333336,0.032,0.10100000000000002
SAMPLE_03961,0.5926666666666667,0.41333333333333333,0.4713333333333333,0.309,0.3476666666666666,0.5933333333333333,0.3666666666666667,0.166
SAMPLE_03962,0.09033333333333333,0.739,0.6513333333333334,0.17500000000000002,0.7353333333333335,0.13933333333333334,0.6906666666666667,0.9683333333333333
SAMPLE_03963,0.3396666666666666,0.898,0.8396666666666667,0.7083333333333334,0.5840000000000001,0.597,0.6126666666666667,0.641
SAMPLE_03964,0.07833333333333334,0.6859999999999999,0.6323333333333333,1.0,0.11833333333333335,0.15833333333333333,0.3303333333333333,0.20633333333333334
SAMPLE_03965,0.6466666666666666,0.03866666666666666,0.017666666666666667,0.383,0.09166666666666667,0.5379999999999999,0.17733333333333334,0.023666666666666666
SAMPLE_03966,0.011999999999999999,0.40700000000000003,0.42799999999999994,1.0,0.19066666666666668,0.5223333333333334,0.10033333333333334,0.3113333333333333
SAMPLE_03967,0.379,0.7253333333333334,0.719,0.22466666666666668,0.9036666666666667,0.26033333333333336,0.6553333333333333,0.8336666666666667
SAMPLE_03968,0.596,0.904,0.8716666666666667,0.26299999999999996,0.8969999999999999,0.7123333333333334,0.6510000000000001,0.7276666666666666
SAMPLE_03969,0.07066666666666667,0.31766666666666665,0.19799999999999998,1.0,0.3073333333333333,0.19699999999999998,0.062,0.16933333333333334
SAMPLE_03970,0.16633333333333333,0.8743333333333334,0.915,0.34600000000000003,0.7966666666666667,0.7583333333333333,0.699,0.8443333333333335
SAMPLE_03971,0.6653333333333333,0.025000000000000005,0.04566666666666667,0.21433333333333335,0.212,0.4463333333333333,0.17200000000000001,0.12833333333333333
SAMPLE_03972,0.8300000000000001,0.20000000000000004,0.1743333333333333,0.488,0.36600000000000005,0.6669999999999999,0.409,0.2866666666666667
SAMPLE_03973,0.043000000000000003,0.743,0.6933333333333334,1.0,0.15533333333333332,0.19233333333333333,0.13166666666666668,0.18499999999999997
SAMPLE_03974,0.5616666666666666,0.3566666666666667,0.2733333333333333,0.5036666666666667,0.4413333333333333,0.7703333333333333,0.19999999999999998,0.22366666666666668
SAMPLE_03975,0.208,0.619,0.5766666666666667,1.0,0.12666666666666668,0.12733333333333333,0.781,0.6573333333333333
SAMPLE_03976,0.11133333333333333,0.5053333333333333,0.39566666666666667,1.0,0.38966666666666666,0.40599999999999997,0.13133333333333333,0.71
SAMPLE_03977,0.5636666666666666,0.28099999999999997,0.15333333333333335,0.453,0.7603333333333332,0.7676666666666666,0.7523333333333334,0.8793333333333333
SAMPLE_03978,0.669,0.47100000000000003,0.5593333333333333,0.4073333333333333,0.6303333333333333,0.5673333333333334,0.6756666666666667,0.5910000000000001
SAMPLE_03979,0.5393333333333333,0.5456666666666666,0.535,0.27399999999999997,0.8403333333333333,0.454,0.6733333333333333,0.6306666666666666
SAMPLE_03980,0.8150000000000001,0.014333333333333332,0.13633333333333333,0.37966666666666665,0.617,0.3356666666666667,0.08,0.3403333333333333
SAMPLE_03981,1.0,0.5786666666666668,0.3363333333333333,0.7879999999999999,1.0,1.0,1.0,1.0
SAMPLE_03982,0.18266666666666667,0.8336666666666667,0.864,0.09066666666666667,0.476,0.30633333333333335,0.3446666666666667,0.5770000000000001
SAMPLE_03983,0.8246666666666665,0.6953333333333335,0.5936666666666667,0.5516666666666667,0.6406666666666667,0.9136666666666665,0.691,0.4053333333333333
SAMPLE_03984,0.5496666666666666,0.27133333333333337,0.486,0.2896666666666667,0.166,0.5326666666666666,0.7696666666666667,0.4703333333333333
SAMPLE_03985,0.769,0.043666666666666666,0.13366666666666668,0.19000000000000003,0.4703333333333333,0.3056666666666667,0.20866666666666667,0.4143333333333334
SAMPLE_03986,0.7416666666666666,0.048666666666666664,0.266,0.353,0.127,0.4749999999999999,0.4143333333333333,0.2293333333333333
SAMPLE_03987,0.1416666666666667,0.8170000000000001,0.7356666666666666,1.0,0.3673333333333333,0.285,0.6236666666666667,0.6153333333333334
SAMPLE_03988,0.7826666666666667,0.22999999999999998,0.25366666666666665,0.333,0.4876666666666667,0.4743333333333333,0.429,0.4003333333333334
SAMPLE_03989,0.4073333333333333,0.9456666666666665,0.8956666666666667,1.0,0.448,0.38533333333333336,0.47700000000000004,0.3873333333333333
SAMPLE_03990,0.8513333333333333,0.3016666666666667,0.37966666666666665,0.5306666666666667,0.448,0.5583333333333332,0.48233333333333334,0.18966666666666665
SAMPLE_03991,0.5693333333333334,0.8393333333333333,0.8536666666666667,0.7250000000000001,0.7636666666666666,0.7443333333333334,0.8303333333333334,0.7626666666666666
SAMPLE_03992,0.07833333333333334,0.26766666666666666,0.219,1.0,0.418,0.11966666666666666,0.073,0.7789999999999999
SAMPLE_03993,0.27066666666666667,0.39266666666666666,0.295,0.418,0.5443333333333333,0.5623333333333334,0.4506666666666666,0.8033333333333333
SAMPLE_03994,0.7306666666666666,0.48633333333333334,0.4533333333333333,0.4726666666666666,0.37399999999999994,0.702,0.761,0.377
SAMPLE_03995,0.09999999999999999,0.484,0.49666666666666665,1.0,0.07933333333333333,0.11566666666666668,0.24866666666666662,0.35733333333333334
SAMPLE_03996,0.04633333333333333,0.8143333333333334,0.7206666666666667,1.0,0.41100000000000003,0.11466666666666668,0.08933333333333333,0.05366666666666667
SAMPLE_03997,0.11933333333333333,0.5783333333333333,0.608,1.0,0.04599999999999999,0.09399999999999999,0.5116666666666666,0.4406666666666667
SAMPLE_03998,0.08033333333333333,0.27266666666666667,0.164,1.0,0.86,0.242,0.104,0.8546666666666667
SAMPLE_03999,0.17466666666666666,0.713,0.738,1.0,0.10433333333333333,0.48899999999999993,0.425,0.21833333333333335
SAMPLE_04000,0.5766666666666667,0.8883333333333333,0.9089999999999999,0.26399999999999996,0.8783333333333333,0.31,0.3076666666666667,0.7203333333333334
SAMPLE_04001,0.5976666666666667,0.4643333333333333,0.9186666666666667,0.18466666666666665,0.9026666666666667,0.3026666666666667,0.36433333333333334,0.8296666666666667
SAMPLE_04002,0.602,0.2896666666666667,0.27166666666666667,0.332,0.148,0.515,0.3223333333333333,0.131
SAMPLE_04003,0.7836666666666666,0.08033333333333333,0.07966666666666666,0.3986666666666667,0.36999999999999994,0.3256666666666667,0.14533333333333334,0.17899999999999996
SAMPLE_04004,0.14366666666666666,0.8879999999999999,0.7873333333333333,1.0,0.254,0.18200000000000002,0.16166666666666665,0.18033333333333332
SAMPLE_04005,0.294,0.5796666666666667,0.6036666666666667,0.07933333333333333,0.35566666666666674,0.14533333333333334,0.36166666666666664,0.41033333333333327
SAMPLE_04006,0.7626666666666666,0.6136666666666667,0.5643333333333334,0.5556666666666666,0.759,0.7443333333333334,0.7643333333333334,0.8476666666666667
SAMPLE_04007,0.8673333333333333,0.09433333333333334,0.11933333333333333,0.15166666666666667,0.06133333333333333,0.4956666666666667,0.31733333333333336,0.13566666666666666
SAMPLE_04008,0.25899999999999995,0.959,0.9506666666666667,1.0,0.4716666666666667,0.072,0.5543333333333333,0.5910000000000001
SAMPLE_04009,0.7766666666666667,0.908,0.8066666666666666,0.41533333333333333,0.6076666666666667,0.783,0.8056666666666666,0.46900000000000003
SAMPLE_04010,0.8113333333333334,0.545,0.2416666666666667,0.17766666666666664,0.45599999999999996,0.289,0.4336666666666667,0.226
SAMPLE_04011,0.33899999999999997,0.6589999999999999,0.46466666666666673,0.33666666666666667,0.7983333333333333,0.29633333333333334,0.6323333333333333,0.6190000000000001
SAMPLE_04012,0.8113333333333334,0.13133333333333333,0.16733333333333333,0.43166666666666664,0.7703333333333333,0.4386666666666667,0.32866666666666666,0.6030000000000001
SAMPLE_04013,0.428,0.20933333333333334,0.36800000000000005,0.5903333333333333,0.5916666666666667,0.7613333333333333,0.9103333333333333,0.7939999999999999
SAMPLE_04014,0.541,0.6833333333333332,0.6143333333333333,0.311,0.618,0.6843333333333333,0.5870000000000001,0.701
SAMPLE_04015,0.8533333333333334,0.5336666666666667,0.49933333333333335,0.5116666666666666,0.38233333333333336,0.5443333333333333,0.5093333333333333,0.39866666666666667
SAMPLE_04016,0.34099999999999997,0.4346666666666666,0.4956666666666667,0.16333333333333333,0.824,0.36800000000000005,0.7280000000000001,0.894
SAMPLE_04017,0.7123333333333334,0.4343333333333333,0.6920000000000001,0.42566666666666664,0.7720000000000001,0.8936666666666667,0.8730000000000001,0.7799999999999999
SAMPLE_04018,0.7176666666666667,0.07966666666666668,0.06233333333333333,0.711,0.9466666666666667,0.8833333333333334,0.5523333333333333,0.7686666666666667
SAMPLE_04019,1.0,0.856,0.8026666666666666,0.7840000000000001,1.0,1.0,1.0,1.0
SAMPLE_04020,0.4486666666666667,0.592,0.665,0.3666666666666667,0.635,0.6383333333333333,0.7586666666666666,0.685
SAMPLE_04021,0.151,0.843,0.8690000000000001,1.0,0.36066666666666664,0.109,0.2896666666666667,0.5983333333333333
SAMPLE_04022,0.027333333333333334,0.625,0.5173333333333333,1.0,0.17033333333333334,0.38033333333333336,0.2773333333333334,0.1366666666666667
SAMPLE_04023,0.5226666666666667,0.24566666666666662,0.16033333333333333,0.40399999999999997,0.5186666666666667,0.48700000000000004,0.255,0.8616666666666667
SAMPLE_04024,0.7373333333333333,0.36533333333333334,0.3176666666666667,0.666,0.5216666666666666,0.7893333333333334,0.4613333333333333,0.6436666666666667
SAMPLE_04025,0.19699999999999998,0.8043333333333332,0.684,0.217,0.215,0.39833333333333326,0.32133333333333336,0.18800000000000003
SAMPLE_04026,0.6523333333333333,0.5896666666666667,0.709,0.423,0.8969999999999999,0.7410000000000001,0.851,0.597
SAMPLE_04027,0.5766666666666667,0.262,0.2886666666666667,0.49800000000000005,0.26766666666666666,0.5680000000000001,0.442,0.24733333333333332
SAMPLE_04028,0.7986666666666666,0.3423333333333334,0.4136666666666667,0.28833333333333333,0.5439999999999999,0.336,0.308,0.32866666666666666
SAMPLE_04029,0.8463333333333333,0.04066666666666666,0.018666666666666665,0.2913333333333334,0.17266666666666666,0.33433333333333337,0.08733333333333333,0.054
SAMPLE_04030,0.6346666666666667,0.824,0.8733333333333334,0.7583333333333333,0.8019999999999999,0.9573333333333333,0.9476666666666667,0.5613333333333334
SAMPLE_04031,0.556,0.984,0.9740000000000001,0.4053333333333333,0.762,0.43366666666666664,0.8583333333333334,0.7443333333333332
SAMPLE_04032,0.801,0.17,0.13066666666666668,0.31266666666666665,0.8616666666666667,0.6773333333333333,0.15066666666666664,0.4136666666666667
SAMPLE_04033,0.5426666666666666,0.971,0.975,0.32266666666666666,0.8936666666666667,0.855,0.944,0.7746666666666666
SAMPLE_04034,0.16766666666666666,0.6333333333333333,0.6190000000000001,0.5846666666666667,0.555,0.49066666666666664,0.7166666666666667,0.7213333333333333
SAMPLE_04035,0.7363333333333334,0.19400000000000003,0.11066666666666668,0.5326666666666666,0.26266666666666666,0.6806666666666666,0.17400000000000002,0.12033333333333333
SAMPLE_04036,0.9193333333333333,0.2156666666666667,0.17566666666666667,0.293,0.16433333333333336,0.5273333333333333,0.23066666666666666,0.22566666666666668
SAMPLE_04037,0.5906666666666667,0.9553333333333334,0.8873333333333333,0.30333333333333334,0.8583333333333334,0.569,0.867,0.7546666666666667
SAMPLE_04038,1.0,0.9843333333333333,0.951,0.8003333333333335,1.0,1.0,1.0,1.0
SAMPLE_04039,0.25566666666666665,0.8776666666666667,0.8346666666666667,1.0,0.2653333333333333,0.219,0.38633333333333336,0.6269999999999999
SAMPLE_04040,1.0,0.8986666666666666,0.8486666666666666,0.7903333333333333,1.0,1.0,1.0,1.0
SAMPLE_04041,0.592,0.7983333333333333,0.781,0.17666666666666667,0.7443333333333334,0.21733333333333335,0.48900000000000005,0.9426666666666668
SAMPLE_04042,0.5193333333333333,0.17666666666666667,0.26433333333333336,0.4966666666666666,0.33899999999999997,0.527,0.27899999999999997,0.18266666666666667
SAMPLE_04043,0.5406666666666666,0.7476666666666668,0.7280000000000001,0.11733333333333335,0.7533333333333333,0.22366666666666668,0.4386666666666666,0.63
SAMPLE_04044,0.79,0.5913333333333334,0.6629999999999999,0.3363333333333334,0.40099999999999997,0.42399999999999993,0.43900000000000006,0.3373333333333333
SAMPLE_04045,0.438,0.40599999999999997,0.5526666666666666,0.6166666666666666,0.8446666666666666,0.785,0.7633333333333333,0.807
SAMPLE_04046,0.7526666666666667,0.04066666666666666,0.03866666666666666,0.401,0.24233333333333332,0.596,0.17633333333333334,0.11
SAMPLE_04047,0.6223333333333333,0.08800000000000001,0.066,0.4023333333333334,0.3416666666666666,0.3376666666666666,0.15466666666666665,0.12166666666666666
SAMPLE_04048,0.7706666666666667,0.19433333333333333,0.24166666666666667,0.4413333333333333,0.401,0.39999999999999997,0.3016666666666667,0.151
SAMPLE_04049,0.5663333333333335,0.38333333333333336,0.27099999999999996,0.745,0.5823333333333333,0.7546666666666667,0.7586666666666667,0.5276666666666666
SAMPLE_04050,0.8473333333333333,0.19499999999999998,0.22133333333333335,0.31533333333333335,0.09833333333333334,0.35533333333333333,0.38033333333333336,0.147
SAMPLE_04051,0.624,0.6763333333333333,0.8250000000000001,0.301,0.7176666666666667,0.6489999999999999,0.8153333333333334,0.7723333333333334
SAMPLE_04052,0.22166666666666668,0.646,0.5353333333333333,1.0,0.5393333333333333,0.4103333333333334,0.3013333333333333,0.6920000000000001
SAMPLE_04053,0.6113333333333334,0.6646666666666667,0.9213333333333334,0.16533333333333333,0.8293333333333334,0.21433333333333335,0.588,0.8246666666666665
SAMPLE_04054,0.3673333333333333,0.243,0.18433333333333335,0.245,0.5946666666666666,0.303,0.443,0.9390000000000001
SAMPLE_04055,0.24466666666666667,0.47066666666666673,0.3406666666666666,1.0,0.48900000000000005,0.31233333333333335,0.22333333333333338,0.163
SAMPLE_04056,0.5059999999999999,0.486,0.3846666666666667,0.6193333333333333,0.805,0.6796666666666668,0.3933333333333333,0.6150000000000001
SAMPLE_04057,0.5539999999999999,0.8130000000000001,0.879,0.16,0.7363333333333334,0.3953333333333333,0.644,0.9256666666666667
SAMPLE_04058,0.8769999999999999,0.10966666666666668,0.18133333333333335,0.22666666666666666,0.4283333333333334,0.375,0.26699999999999996,0.3323333333333333
SAMPLE_04059,0.08633333333333333,0.876,0.8366666666666666,1.0,0.1406666666666667,0.07533333333333332,0.47433333333333333,0.496
SAMPLE_04060,0.18600000000000003,0.8230000000000001,0.7573333333333333,0.3213333333333333,0.8386666666666667,0.25266666666666665,0.747,0.743
SAMPLE_04061,0.019,0.574,0.8513333333333334,0.35333333333333333,0.5816666666666667,0.6623333333333333,0.4326666666666667,0.828
SAMPLE_04062,0.543,0.4163333333333333,0.315,0.2916666666666667,0.6779999999999999,0.6626666666666666,0.6253333333333334,0.8243333333333333
SAMPLE_04063,0.5730000000000001,0.25966666666666666,0.11966666666666666,0.331,0.793,0.602,0.303,0.8686666666666666
SAMPLE_04064,0.601,0.39433333333333326,0.36833333333333335,0.4013333333333334,0.6003333333333333,0.44833333333333325,0.5546666666666668,0.4303333333333333
SAMPLE_04065,0.13466666666666668,0.20533333333333334,0.15233333333333332,1.0,0.3213333333333333,0.3463333333333333,0.08966666666666667,0.393
SAMPLE_04066,0.8833333333333333,0.353,0.37799999999999995,0.40166666666666667,0.148,0.5790000000000001,0.6793333333333335,0.326
SAMPLE_04067,1.0,0.7483333333333334,0.6716666666666667,0.7796666666666668,1.0,1.0,1.0,1.0
SAMPLE_04068,0.49433333333333335,0.5433333333333333,0.5246666666666666,0.5143333333333333,0.5930000000000001,0.8466666666666667,0.761,0.3686666666666667
SAMPLE_04069,0.163,0.882,0.8726666666666666,1.0,0.065,0.39266666666666666,0.496,0.25299999999999995
SAMPLE_04070,0.8403333333333333,0.06733333333333333,0.24366666666666667,0.246,0.10033333333333333,0.35966666666666675,0.3086666666666667,0.16766666666666666
SAMPLE_04071,0.58,0.6123333333333333,0.5746666666666667,0.6190000000000001,0.4573333333333333,0.8666666666666666,0.4283333333333334,0.4523333333333333
SAMPLE_04072,0.6136666666666667,0.578,0.6303333333333333,0.4833333333333334,0.43966666666666665,0.8019999999999999,0.48666666666666664,0.2816666666666667
SAMPLE_04073,0.6373333333333333,0.03166666666666667,0.036,0.11266666666666665,0.6933333333333334,0.26466666666666666,0.07466666666666666,0.2843333333333333
SAMPLE_04074,0.22799999999999998,0.557,0.5533333333333333,0.49099999999999994,0.802,0.43366666666666664,0.6986666666666667,0.5573333333333333
SAMPLE_04075,0.7233333333333333,0.4336666666666667,0.38233333333333336,0.6323333333333333,0.5143333333333334,0.6516666666666667,0.6776666666666666,0.3993333333333333
SAMPLE_04076,0.3513333333333333,0.37233333333333335,0.24266666666666667,0.315,0.8823333333333334,0.4266666666666667,0.4053333333333333,0.8003333333333332
SAMPLE_04077,0.6150000000000001,0.5346666666666667,0.5830000000000001,0.6676666666666667,0.8156666666666667,0.8276666666666667,0.7879999999999999,0.6429999999999999
SAMPLE_04078,0.18299999999999997,0.6506666666666666,0.5406666666666667,1.0,0.24633333333333332,0.17400000000000002,0.055999999999999994,0.104
SAMPLE_04079,0.11633333333333333,0.659,0.5459999999999999,1.0,0.4196666666666667,0.46666666666666673,0.41,0.8013333333333333
SAMPLE_04080,0.298,0.7623333333333333,0.775,0.06466666666666666,0.614,0.29733333333333334,0.5023333333333334,0.5743333333333333
SAMPLE_04081,1.0,0.892,0.8776666666666667,0.781,1.0,1.0,1.0,1.0
SAMPLE_04082,0.805,0.6806666666666666,0.7346666666666666,0.355,0.855,0.41,0.895,0.7136666666666667
SAMPLE_04083,0.6656666666666666,0.127,0.13899999999999998,0.36066666666666664,0.7996666666666666,0.521,0.269,0.39199999999999996
SAMPLE_04084,0.614,0.8290000000000001,0.9463333333333334,0.21899999999999997,0.9413333333333332,0.2773333333333333,0.8586666666666667,0.8603333333333333
SAMPLE_04085,1.0,0.8109999999999999,0.5256666666666666,0.7893333333333334,1.0,1.0,1.0,1.0
SAMPLE_04086,0.7073333333333333,0.026333333333333334,0.09833333333333333,0.5046666666666667,0.26866666666666666,0.353,0.10433333333333333,0.18366666666666667
SAMPLE_04087,0.457,0.709,0.6823333333333332,0.4669999999999999,0.5413333333333333,0.6349999999999999,0.844,0.5876666666666667
SAMPLE_04088,0.47933333333333333,0.9293333333333335,0.9636666666666667,0.17666666666666667,0.859,0.7933333333333333,0.79,0.7713333333333333
SAMPLE_04089,0.4076666666666667,0.7596666666666666,0.9233333333333333,0.21566666666666667,0.9009999999999999,0.7263333333333333,0.7736666666666666,0.7936666666666667
SAMPLE_04090,0.49700000000000005,0.5486666666666666,0.659,0.5426666666666667,0.8956666666666666,0.7760000000000001,0.7076666666666668,0.8826666666666667
SAMPLE_04091,0.14333333333333334,0.5986666666666667,0.5476666666666666,1.0,0.33066666666666666,0.5233333333333333,0.2846666666666667,0.4216666666666667
SAMPLE_04092,0.7973333333333333,0.14966666666666667,0.271,0.6286666666666666,0.722,0.6136666666666667,0.289,0.299
SAMPLE_04093,0.15366666666666667,0.359,0.21966666666666668,0.4186666666666667,0.7256666666666667,0.5856666666666667,0.48133333333333334,0.718
SAMPLE_04094,0.291,0.5023333333333334,0.596,0.18866666666666668,0.8119999999999999,0.18566666666666667,0.5466666666666667,0.7233333333333333
SAMPLE_04095,0.318,0.9780000000000001,0.9636666666666667,1.0,0.13433333333333333,0.19600000000000004,0.637,0.242
SAMPLE_04096,0.896,0.2713333333333333,0.3506666666666667,0.4666666666666666,0.056999999999999995,0.5786666666666666,0.26566666666666666,0.05499999999999999
SAMPLE_04097,0.2866666666666667,0.5476666666666666,0.6206666666666667,0.21166666666666667,0.8293333333333334,0.32266666666666666,0.5423333333333333,0.6859999999999999
SAMPLE_04098,0.332,0.7130000000000001,0.7663333333333333,0.6869999999999999,0.7326666666666668,0.5933333333333334,0.6163333333333333,0.6013333333333334
SAMPLE_04099,0.559,0.36033333333333334,0.49433333333333335,0.45133333333333336,0.8390000000000001,0.6349999999999999,0.6576666666666666,0.572
SAMPLE_04100,0.7323333333333334,0.967,0.9486666666666667,0.5223333333333333,0.9086666666666666,0.9169999999999999,0.9329999999999999,0.6266666666666666
SAMPLE_04101,0.21566666666666667,0.735,0.7066666666666667,1.0,0.284,0.359,0.7363333333333334,0.4749999999999999
SAMPLE_04102,0.6626666666666666,0.147,0.225,0.492,0.7423333333333333,0.769,0.25566666666666665,0.43166666666666664
SAMPLE_04103,0.17200000000000001,0.31433333333333335,0.27133333333333337,1.0,0.2396666666666667,0.204,0.16833333333333333,0.3176666666666667
SAMPLE_04104,0.5563333333333333,0.7999999999999999,0.9456666666666665,0.060000000000000005,0.863,0.3233333333333333,0.8666666666666667,0.7923333333333332
SAMPLE_04105,0.8663333333333334,0.11299999999999999,0.10166666666666667,0.4346666666666667,0.064,0.5456666666666666,0.123,0.07666666666666666
SAMPLE_04106,0.6566666666666667,0.23766666666666666,0.289,0.5693333333333334,0.39766666666666667,0.6893333333333334,0.5956666666666667,0.28200000000000003
SAMPLE_04107,0.588,0.4206666666666667,0.39433333333333326,0.03866666666666667,0.6653333333333333,0.154,0.7296666666666667,0.9193333333333333
SAMPLE_04108,0.17733333333333334,0.9253333333333335,0.8649999999999999,1.0,0.4633333333333334,0.461,0.2856666666666667,0.658
SAMPLE_04109,0.18566666666666665,0.848,0.8143333333333334,1.0,0.146,0.42333333333333334,0.3193333333333333,0.4206666666666667
SAMPLE_04110,0.271,0.763,0.761,1.0,0.09200000000000001,0.30833333333333335,0.46799999999999997,0.083
SAMPLE_04111,0.10433333333333333,0.598,0.5396666666666666,0.3983333333333334,0.25866666666666666,0.40266666666666673,0.3236666666666667,0.6176666666666666
SAMPLE_04112,0.7403333333333334,0.5183333333333333,0.38800000000000007,0.3183333333333333,0.076,0.5863333333333333,0.4296666666666667,0.045000000000000005
SAMPLE_04113,0.6143333333333333,0.32633333333333336,0.42,0.656,0.8693333333333334,0.7403333333333334,0.6273333333333334,0.757
SAMPLE_04114,0.668,0.10100000000000002,0.07533333333333334,0.3539999999999999,0.19933333333333333,0.3793333333333333,0.5166666666666666,0.19833333333333333
SAMPLE_04115,0.24833333333333332,0.6096666666666667,0.5376666666666666,0.20099999999999998,0.30233333333333334,0.20366666666666666,0.5063333333333334,0.305
SAMPLE_04116,0.6123333333333334,0.7210000000000001,0.699,0.674,0.757,0.8770000000000001,0.8936666666666667,0.8763333333333333
SAMPLE_04117,0.5986666666666667,0.38133333333333336,0.2026666666666667,0.1406666666666667,0.225,0.24433333333333332,0.2253333333333333,0.37166666666666665
SAMPLE_04118,0.733,0.09166666666666667,0.05566666666666667,0.6833333333333332,0.9369999999999999,0.8233333333333334,0.6026666666666666,0.6576666666666667
SAMPLE_04119,0.7003333333333334,0.15033333333333335,0.19633333333333333,0.223,0.654,0.4066666666666667,0.18566666666666667,0.325
SAMPLE_04120,0.44133333333333336,0.37166666666666676,0.38933333333333336,0.632,0.867,0.6766666666666667,0.7083333333333334,0.5576666666666666
SAMPLE_04121,0.6223333333333333,0.45,0.6686666666666667,0.569,0.48866666666666664,0.596,0.789,0.39233333333333337
SAMPLE_04122,0.3046666666666667,0.6143333333333333,0.7046666666666667,0.223,0.618,0.41,0.37799999999999995,0.6659999999999999
SAMPLE_04123,0.5459999999999999,0.40199999999999997,0.5813333333333333,0.7236666666666666,0.6583333333333333,0.8503333333333334,0.7716666666666666,0.5579999999999999
SAMPLE_04124,0.6176666666666667,0.21133333333333335,0.13733333333333334,0.293,0.2883333333333334,0.49499999999999994,0.5139999999999999,0.22499999999999998
SAMPLE_04125,0.29866666666666664,0.441,0.5630000000000001,0.19566666666666666,0.6686666666666667,0.608,0.393,0.9106666666666667
SAMPLE_04126,0.5690000000000001,0.036,0.02766666666666667,0.332,0.7493333333333334,0.24233333333333337,0.11133333333333333,0.4246666666666667
SAMPLE_04127,0.7413333333333333,0.40166666666666667,0.4363333333333334,0.4143333333333334,0.309,0.4493333333333333,0.4506666666666667,0.237
SAMPLE_04128,0.5843333333333333,0.944,0.9656666666666668,0.3393333333333333,0.9359999999999999,0.789,0.8283333333333333,0.7766666666666667
SAMPLE_04129,0.6773333333333333,0.5596666666666666,0.7383333333333333,0.604,0.445,0.5646666666666667,0.797,0.38000000000000006
SAMPLE_04130,0.767,0.5443333333333333,0.5066666666666667,0.6863333333333334,0.8516666666666667,0.9433333333333334,0.8340000000000001,0.5256666666666666
SAMPLE_04131,0.5559999999999999,0.6613333333333333,0.7693333333333333,0.5253333333333333,0.7839999999999999,0.5756666666666667,0.533,0.8843333333333333
SAMPLE_04132,0.35133333333333333,0.7066666666666667,0.7306666666666667,0.19666666666666668,0.5099999999999999,0.29233333333333333,0.433,0.7240000000000001
SAMPLE_04133,0.039,0.20233333333333334,0.11833333333333333,1.0,0.19933333333333336,0.21566666666666667,0.05933333333333334,0.6713333333333334
SAMPLE_04134,0.8543333333333334,0.074,0.029333333333333333,0.27899999999999997,0.6543333333333333,0.4163333333333334,0.28099999999999997,0.27099999999999996
SAMPLE_04135,0.733,0.34766666666666673,0.4333333333333333,0.5459999999999999,0.35400000000000004,0.40099999999999997,0.5263333333333333,0.3123333333333333
SAMPLE_04136,0.18366666666666664,0.7373333333333334,0.6896666666666667,1.0,0.07033333333333333,0.19299999999999998,0.496,0.5640000000000001
SAMPLE_04137,0.2956666666666667,0.7816666666666666,0.7436666666666666,0.13933333333333334,0.41733333333333333,0.254,0.7396666666666668,0.35766666666666663
SAMPLE_04138,1.0,0.862,0.8013333333333333,0.7976666666666666,1.0,1.0,1.0,1.0
SAMPLE_04139,0.8073333333333333,0.09166666666666667,0.13533333333333333,0.5700000000000001,0.5916666666666667,0.5756666666666667,0.23166666666666666,0.37733333333333335
SAMPLE_04140,0.5099999999999999,0.345,0.5316666666666667,0.17700000000000002,0.6309999999999999,0.263,0.33433333333333337,0.8563333333333333
SAMPLE_04141,0.7116666666666666,0.35733333333333334,0.25133333333333335,0.3106666666666667,0.2846666666666667,0.5296666666666666,0.313,0.2713333333333333
SAMPLE_04142,0.6016666666666667,0.12366666666666666,0.2273333333333333,0.5246666666666666,0.8253333333333334,0.464,0.6066666666666666,0.7416666666666667
SAMPLE_04143,0.7103333333333333,0.23166666666666666,0.32066666666666666,0.2583333333333333,0.6193333333333334,0.6966666666666667,0.4383333333333333,0.317
SAMPLE_04144,0.7336666666666666,0.04833333333333333,0.041333333333333326,0.3033333333333333,0.123,0.46399999999999997,0.19666666666666668,0.11066666666666665
SAMPLE_04145,0.7606666666666667,0.6109999999999999,0.629,0.4789999999999999,0.4573333333333333,0.7503333333333333,0.7646666666666665,0.38666666666666666
SAMPLE_04146,0.6123333333333334,0.52,0.5983333333333334,0.641,0.9133333333333334,0.6970000000000001,0.7989999999999999,0.66
SAMPLE_04147,0.081,0.303,0.17933333333333334,1.0,0.05466666666666667,0.03933333333333333,0.09966666666666667,0.08266666666666667
SAMPLE_04148,0.8706666666666667,0.34299999999999997,0.39166666666666666,0.4543333333333333,0.369,0.7603333333333334,0.5116666666666666,0.2763333333333333
SAMPLE_04149,0.23733333333333337,0.3203333333333333,0.45166666666666666,0.109,0.36800000000000005,0.19333333333333336,0.523,0.8526666666666666
SAMPLE_04150,0.20533333333333334,0.866,0.783,1.0,0.213,0.07200000000000001,0.29200000000000004,0.15333333333333332
SAMPLE_04151,0.8783333333333333,0.03333333333333333,0.083,0.29133333333333333,0.5936666666666667,0.251,0.11333333333333333,0.32466666666666666
SAMPLE_04152,0.14766666666666667,0.4693333333333333,0.38533333333333336,1.0,0.2503333333333333,0.415,0.47066666666666673,0.5016666666666666
SAMPLE_04153,0.13833333333333334,0.3743333333333334,0.36966666666666664,1.0,0.2823333333333333,0.268,0.3546666666666667,0.323
SAMPLE_04154,0.8246666666666668,0.20866666666666667,0.22199999999999998,0.24033333333333337,0.213,0.36833333333333335,0.385,0.22766666666666668
SAMPLE_04155,0.48733333333333334,0.48433333333333334,0.49966666666666665,0.24666666666666667,0.6976666666666667,0.254,0.38399999999999995,0.8993333333333333
SAMPLE_04156,0.5619999999999999,0.26766666666666666,0.24866666666666667,0.4056666666666667,0.377,0.5213333333333333,0.5826666666666667,0.498
SAMPLE_04157,0.22833333333333336,0.508,0.48600000000000004,1.0,0.06666666666666667,0.06833333333333334,0.17366666666666664,0.22066666666666665
SAMPLE_04158,0.6169999999999999,0.8013333333333333,0.874,0.1396666666666667,0.8863333333333333,0.231,0.5916666666666667,0.9366666666666666
SAMPLE_04159,0.27599999999999997,0.9446666666666665,0.9386666666666666,1.0,0.08,0.4086666666666667,0.8033333333333333,0.8296666666666667
SAMPLE_04160,0.7536666666666667,0.018,0.044333333333333336,0.11466666666666668,0.5226666666666667,0.2906666666666667,0.07666666666666666,0.257
SAMPLE_04161,0.37433333333333335,0.41566666666666663,0.561,0.26333333333333336,0.6936666666666667,0.24466666666666667,0.5643333333333332,0.6499999999999999
SAMPLE_04162,0.08433333333333333,0.331,0.387,0.124,0.5933333333333334,0.11066666666666668,0.2436666666666667,0.6533333333333333
SAMPLE_04163,0.49433333333333335,0.762,0.7533333333333333,0.6913333333333332,0.9463333333333334,0.9223333333333334,0.9253333333333335,0.793
SAMPLE_04164,0.028999999999999998,0.38799999999999996,0.4033333333333333,1.0,0.05033333333333334,0.11033333333333332,0.03366666666666667,0.14033333333333334
SAMPLE_04165,0.6303333333333333,0.9616666666666666,0.9186666666666667,0.17466666666666666,0.8713333333333333,0.4026666666666667,0.682,0.8456666666666667
SAMPLE_04166,0.20766666666666667,0.6286666666666666,0.5663333333333332,0.29833333333333334,0.465,0.5286666666666666,0.6953333333333332,0.4776666666666667
SAMPLE_04167,0.3303333333333333,0.6556666666666667,0.7253333333333334,0.23333333333333336,0.586,0.49900000000000005,0.7273333333333333,0.6356666666666667
SAMPLE_04168,0.37366666666666665,0.7239999999999999,0.9036666666666666,0.22466666666666665,0.531,0.3496666666666666,0.8683333333333333,0.7226666666666667
SAMPLE_04169,0.8133333333333334,0.4693333333333333,0.3343333333333333,0.3746666666666667,0.5076666666666667,0.7176666666666667,0.4883333333333333,0.36000000000000004
SAMPLE_04170,0.3086666666666667,0.8109999999999999,0.8273333333333333,1.0,0.22066666666666668,0.15300000000000002,0.29233333333333333,0.22266666666666668
SAMPLE_04171,0.5489999999999999,0.7359999999999999,0.561,0.6743333333333333,0.4593333333333333,0.8563333333333333,0.6013333333333333,0.6706666666666666
SAMPLE_04172,0.7319999999999999,0.414,0.5863333333333334,0.38566666666666666,0.6256666666666666,0.8183333333333334,0.47733333333333333,0.32566666666666666
SAMPLE_04173,0.766,0.458,0.68,0.7073333333333333,0.7846666666666667,0.8706666666666667,0.8256666666666668,0.5013333333333333
SAMPLE_04174,0.22833333333333336,0.7783333333333333,0.6676666666666667,1.0,0.10133333333333333,0.39666666666666667,0.23399999999999996,0.2346666666666667
SAMPLE_04175,0.331,0.5956666666666667,0.4683333333333333,0.17366666666666666,0.633,0.18866666666666665,0.49099999999999994,0.9103333333333334
SAMPLE_04176,0.7093333333333334,0.49066666666666664,0.441,0.6073333333333334,0.544,0.8180000000000001,0.8483333333333333,0.49366666666666664
SAMPLE_04177,0.02666666666666667,0.49933333333333324,0.23199999999999998,0.12366666666666666,0.426,0.058,0.33899999999999997,0.9546666666666667
SAMPLE_04178,0.6010000000000001,0.3753333333333333,0.49866666666666665,0.7186666666666667,0.8130000000000001,0.9286666666666665,0.8039999999999999,0.8333333333333334
SAMPLE_04179,0.5413333333333333,0.09866666666666668,0.06966666666666667,0.5836666666666667,0.9659999999999999,0.64,0.2803333333333333,0.7406666666666667
SAMPLE_04180,1.0,0.8250000000000001,0.641,0.7996666666666666,1.0,1.0,1.0,1.0
SAMPLE_04181,0.35633333333333334,0.4483333333333334,0.49933333333333335,0.21966666666666668,0.625,0.291,0.43500000000000005,0.6289999999999999
SAMPLE_04182,0.5626666666666668,0.5186666666666667,0.4363333333333333,0.43599999999999994,0.4796666666666667,0.7193333333333335,0.8536666666666667,0.4843333333333333
SAMPLE_04183,0.3,0.7706666666666667,0.6926666666666667,1.0,0.24033333333333332,0.04700000000000001,0.050333333333333334,0.11133333333333334
SAMPLE_04184,0.8423333333333334,0.13166666666666665,0.3006666666666667,0.432,0.28633333333333333,0.4026666666666667,0.5236666666666667,0.228
SAMPLE_04185,0.8313333333333333,0.13366666666666668,0.5163333333333333,0.287,0.4123333333333333,0.41500000000000004,0.48533333333333334,0.2663333333333333
SAMPLE_04186,0.016666666666666666,0.6743333333333332,0.6296666666666667,1.0,0.055333333333333325,0.11499999999999999,0.2376666666666667,0.133
SAMPLE_04187,0.25733333333333336,0.48133333333333334,0.35000000000000003,0.19366666666666665,0.6413333333333333,0.2456666666666667,0.8186666666666667,0.8823333333333333
SAMPLE_04188,0.383,0.7376666666666667,0.7223333333333333,0.07666666666666667,0.665,0.18033333333333335,0.4713333333333333,0.9506666666666667
SAMPLE_04189,0.29933333333333334,0.4916666666666667,0.4606666666666667,0.23833333333333337,0.7760000000000001,0.433,0.48866666666666664,0.9223333333333333
SAMPLE_04190,0.8426666666666667,0.13033333333333333,0.233,0.4543333333333333,0.16733333333333333,0.5713333333333334,0.617,0.19466666666666668
SAMPLE_04191,0.6893333333333334,0.3106666666666667,0.39199999999999996,0.5950000000000001,0.26566666666666666,0.7506666666666666,0.36833333333333335,0.37400000000000005
SAMPLE_04192,0.7520000000000001,0.17766666666666667,0.19900000000000004,0.4676666666666667,0.2946666666666667,0.5466666666666667,0.474,0.317
SAMPLE_04193,0.5763333333333334,0.8446666666666666,0.8726666666666666,0.35799999999999993,0.717,0.7026666666666667,0.6683333333333333,0.5379999999999999
SAMPLE_04194,0.141,0.20266666666666666,0.14166666666666666,0.107,0.36533333333333334,0.16,0.297,0.17133333333333334
SAMPLE_04195,0.6863333333333332,0.33866666666666667,0.4663333333333333,0.6393333333333334,0.2733333333333334,0.4796666666666667,0.5506666666666667,0.41900000000000004
SAMPLE_04196,0.4493333333333333,0.255,0.35200000000000004,0.6506666666666666,0.652,0.7166666666666668,0.6843333333333333,0.6960000000000001
SAMPLE_04197,0.8213333333333334,0.1506666666666667,0.21966666666666668,0.35133333333333333,0.26066666666666666,0.7596666666666666,0.25666666666666665,0.21766666666666667
SAMPLE_04198,0.5693333333333332,0.29633333333333334,0.30133333333333334,0.20433333333333334,0.6913333333333332,0.5339999999999999,0.43566666666666665,0.4566666666666667
SAMPLE_04199,0.5146666666666667,0.7513333333333332,0.6943333333333334,0.5653333333333334,0.562,0.8043333333333332,0.7463333333333334,0.43133333333333335
SAMPLE_04200,0.043666666666666666,0.7503333333333333,0.6393333333333334,1.0,0.09333333333333334,0.13833333333333334,0.6506666666666667,0.3023333333333333
SAMPLE_04201,0.7143333333333333,0.07033333333333333,0.028666666666666663,0.13699999999999998,0.12133333333333333,0.26266666666666666,0.122,0.019
SAMPLE_04202,0.6803333333333333,0.5346666666666667,0.6543333333333333,0.6970000000000001,0.317,0.766,0.7549999999999999,0.233
SAMPLE_04203,0.8411666666666666,0.41533333333333333,0.4626666666666666,0.34833333333333333,0.459,0.46799999999999997,0.6789999999999999,0.4186666666666667
SAMPLE_04204,0.831,0.7016666666666667,0.6993333333333333,0.4056666666666667,0.2743333333333333,0.7600000000000001,0.6346666666666666,0.229
SAMPLE_04205,0.7826666666666666,0.42733333333333334,0.5750000000000001,0.24033333333333332,0.488,0.4883333333333333,0.6373333333333333,0.4653333333333334
SAMPLE_04206,0.4356666666666667,0.4106666666666667,0.424,0.496,0.9153333333333333,0.6703333333333333,0.498,0.7770000000000001
SAMPLE_04207,0.2853333333333334,0.8893333333333334,0.8266666666666668,1.0,0.2876666666666667,0.051333333333333335,0.6749999999999999,0.334
SAMPLE_04208,0.3116666666666667,0.36333333333333334,0.328,0.18199999999999997,0.373,0.24333333333333332,0.27066666666666667,0.2906666666666667
SAMPLE_04209,0.818,0.47500000000000003,0.37866666666666665,0.3353333333333333,0.5943333333333333,0.5693333333333334,0.44566666666666666,0.381
SAMPLE_04210,0.169,0.3333333333333333,0.2353333333333333,0.18633333333333335,0.49266666666666675,0.32266666666666666,0.428,0.8163333333333332
SAMPLE_04211,0.7543333333333333,0.4526666666666667,0.5263333333333333,0.18766666666666665,0.3276666666666667,0.26,0.15933333333333335,0.08700000000000001
SAMPLE_04212,0.4723333333333333,0.37166666666666665,0.37999999999999995,0.7156666666666666,0.9386666666666666,0.7276666666666666,0.5223333333333333,0.7326666666666668
SAMPLE_04213,0.8686666666666666,0.347,0.24100000000000002,0.357,0.33066666666666666,0.598,0.2623333333333333,0.15666666666666665
SAMPLE_04214,0.17633333333333334,0.781,0.6153333333333334,1.0,0.24966666666666668,0.4883333333333333,0.2896666666666667,0.33699999999999997
SAMPLE_04215,0.4693333333333333,0.5260000000000001,0.5373333333333333,0.7183333333333334,0.8716666666666667,0.8433333333333334,0.608,0.8933333333333332
SAMPLE_04216,0.7006666666666667,0.4613333333333333,0.5873333333333334,0.6806666666666666,0.313,0.6933333333333334,0.7233333333333333,0.22466666666666665
SAMPLE_04217,0.13399999999999998,0.7653333333333333,0.7943333333333333,1.0,0.24766666666666667,0.15666666666666665,0.8220000000000001,0.2833333333333333
SAMPLE_04218,0.5216666666666666,0.26833333333333337,0.4703333333333333,0.5126666666666666,0.8059999999999999,0.6526666666666667,0.8606666666666666,0.766
SAMPLE_04219,0.002,0.217,0.13066666666666668,1.0,0.07566666666666667,0.22966666666666666,0.05433333333333334,0.7713333333333333
SAMPLE_04220,0.7583333333333334,0.701,0.8396666666666667,0.5706666666666667,0.45333333333333337,0.5993333333333334,0.7713333333333333,0.4583333333333333
SAMPLE_04221,0.06466666666666666,0.444,0.4013333333333333,1.0,0.08033333333333333,0.3526666666666667,0.11733333333333333,0.13633333333333333
SAMPLE_04222,0.511,0.18733333333333335,0.13833333333333334,0.7120000000000001,0.754,0.9166666666666666,0.6846666666666666,0.7186666666666667
SAMPLE_04223,0.07166666666666667,0.4123333333333334,0.301,0.45599999999999996,0.395,0.505,0.25166666666666665,0.715
SAMPLE_04224,0.5393333333333333,0.336,0.4586666666666667,0.5836666666666667,0.6816666666666666,0.7393333333333333,0.5046666666666667,0.574
SAMPLE_04225,0.6346666666666666,0.35766666666666663,0.40066666666666667,0.2876666666666667,0.24233333333333332,0.3336666666666667,0.335,0.16566666666666666
SAMPLE_04226,0.5539999999999999,0.25733333333333336,0.2896666666666667,0.46399999999999997,0.3646666666666667,0.6813333333333333,0.5426666666666666,0.21333333333333337
SAMPLE_04227,0.8383333333333333,0.061,0.164,0.319,0.19799999999999998,0.2316666666666667,0.17833333333333334,0.12033333333333333
SAMPLE_04228,0.23866666666666667,0.214,0.2853333333333333,1.0,0.39233333333333337,0.3826666666666667,0.17933333333333334,0.2936666666666667
SAMPLE_04229,0.569,0.4196666666666667,0.4136666666666667,0.6343333333333333,0.467,0.7639999999999999,0.38999999999999996,0.5216666666666666
SAMPLE_04230,0.2563333333333333,0.7576666666666667,0.7113333333333333,0.24933333333333332,0.8203333333333332,0.5023333333333334,0.6786666666666666,0.651
SAMPLE_04231,0.22233333333333336,0.385,0.554,0.20199999999999999,0.2456666666666667,0.336,0.3443333333333333,0.037000000000000005
SAMPLE_04232,0.32866666666666666,0.5876666666666667,0.6893333333333334,0.20833333333333334,0.43533333333333335,0.5166666666666667,0.39866666666666667,0.8936666666666667
SAMPLE_04233,0.637,0.21566666666666667,0.162,0.642,0.5116666666666667,0.681,0.349,0.3553333333333333
SAMPLE_04234,0.5933333333333333,0.7163333333333334,0.582,0.6683333333333333,0.5383333333333333,0.7719999999999999,0.535,0.5670000000000001
SAMPLE_04235,0.8206666666666668,0.05466666666666666,0.11333333333333334,0.342,0.6920000000000001,0.3446666666666667,0.22466666666666665,0.43900000000000006
SAMPLE_04236,0.11833333333333333,0.47300000000000003,0.3906666666666667,1.0,0.20533333333333334,0.25333333333333335,0.045000000000000005,0.08033333333333333
SAMPLE_04237,0.6316666666666667,0.040333333333333325,0.026,0.526,0.274,0.37566666666666665,0.13299999999999998,0.018666666666666668
SAMPLE_04238,0.12000000000000001,0.636,0.624,1.0,0.49666666666666676,0.46799999999999997,0.38899999999999996,0.6253333333333334
SAMPLE_04239,0.875,0.9836666666666667,0.9496666666666668,0.5783333333333334,0.8330000000000001,0.963,0.9539999999999998,0.5833333333333334
SAMPLE_04240,0.023333333333333334,0.7316666666666666,0.8059999999999999,1.0,0.035333333333333335,0.09799999999999999,0.7416666666666666,0.45766666666666667
SAMPLE_04241,0.6053333333333334,0.5146666666666667,0.5326666666666666,0.5663333333333332,0.32966666666666666,0.5343333333333334,0.585,0.13266666666666668
SAMPLE_04242,0.2376666666666667,0.7946666666666667,0.7883333333333334,0.27799999999999997,0.539,0.38633333333333336,0.7543333333333333,0.7496666666666667
SAMPLE_04243,0.4453333333333333,0.2373333333333333,0.36633333333333334,0.6943333333333334,0.536,0.8006666666666667,0.6063333333333333,0.6736666666666666
SAMPLE_04244,0.6043333333333333,0.617,0.3336666666666667,0.33466666666666667,0.12233333333333334,0.453,0.438,0.14733333333333334
SAMPLE_04245,0.7799999999999999,0.06866666666666667,0.06366666666666666,0.16066666666666665,0.068,0.536,0.2113333333333333,0.157
SAMPLE_04246,0.10433333333333333,0.569,0.64,1.0,0.314,0.45133333333333336,0.013333333333333336,0.02666666666666667
SAMPLE_04247,0.18499999999999997,0.13233333333333333,0.10733333333333334,0.208,0.46900000000000003,0.304,0.45133333333333336,0.834
SAMPLE_04248,0.2383333333333333,0.6509999999999999,0.6236666666666667,0.516,0.7513333333333333,0.7583333333333333,0.543,0.7403333333333334
SAMPLE_04249,0.2313333333333333,0.601,0.6253333333333333,0.323,0.27699999999999997,0.20366666666666666,0.35333333333333333,0.23299999999999998
SAMPLE_04250,0.10899999999999999,0.26799999999999996,0.16133333333333333,1.0,0.102,0.19533333333333336,0.024999999999999998,0.041666666666666664
SAMPLE_04251,0.37033333333333335,0.6676666666666667,0.48466666666666663,1.0,0.39266666666666666,0.3383333333333333,0.19533333333333336,0.253
SAMPLE_04252,0.523,0.12766666666666668,0.17633333333333334,0.17300000000000001,0.5756666666666667,0.44366666666666665,0.3543333333333334,0.18066666666666667
SAMPLE_04253,0.06666666666666667,0.5873333333333334,0.5726666666666667,1.0,0.13166666666666668,0.139,0.24833333333333338,0.25666666666666665
SAMPLE_04254,0.8443333333333333,0.504,0.5056666666666666,0.5379999999999999,0.5763333333333334,0.9306666666666666,0.9006666666666666,0.38199999999999995
SAMPLE_04255,0.2856666666666667,0.754,0.733,0.16033333333333336,0.605,0.375,0.426,0.7840000000000001
SAMPLE_04256,0.7783333333333333,0.17733333333333334,0.6093333333333334,0.2906666666666667,0.39466666666666667,0.42933333333333334,0.27366666666666667,0.3593333333333333
SAMPLE_04257,0.5903333333333334,0.8053333333333333,0.715,0.09699999999999999,0.6789999999999999,0.132,0.77,0.711
SAMPLE_04258,0.6926666666666667,0.37033333333333335,0.4093333333333333,0.4023333333333334,0.9433333333333334,0.79,0.45533333333333337,0.6356666666666667
SAMPLE_04259,0.6533333333333333,0.31233333333333335,0.33866666666666667,0.6513333333333333,0.7686666666666667,0.842,0.5866666666666667,0.895
SAMPLE_04260,0.7759999999999999,0.0026666666666666666,0.004666666666666666,0.156,0.145,0.29266666666666663,0.079,0.07
SAMPLE_04261,0.007,0.3453333333333333,0.255,1.0,0.07766666666666666,0.072,0.02566666666666666,0.051
SAMPLE_04262,0.5876666666666667,0.6926666666666667,0.758,0.5156666666666667,0.7306666666666667,0.643,0.48466666666666675,0.345
SAMPLE_04263,0.8415,0.256,0.3413333333333333,0.4716666666666667,0.5379999999999999,0.8069999999999999,0.6363333333333333,0.37666666666666665
SAMPLE_04264,0.15266666666666664,0.7593333333333333,0.6366666666666666,0.209,0.44999999999999996,0.30533333333333335,0.2363333333333333,0.899
SAMPLE_04265,0.8099999999999999,0.9583333333333334,0.9576666666666668,0.575,0.8453333333333334,0.8733333333333334,0.959,0.6543333333333333
SAMPLE_04266,0.6656666666666666,0.22166666666666668,0.16466666666666666,0.408,0.5423333333333333,0.676,0.25066666666666665,0.6413333333333333
SAMPLE_04267,0.2786666666666667,0.15933333333333333,0.17533333333333334,0.34600000000000003,0.6466666666666666,0.4203333333333333,0.43733333333333335,0.9349999999999999
SAMPLE_04268,0.10633333333333334,0.507,0.4573333333333333,0.212,0.31033333333333335,0.13933333333333334,0.2333333333333333,0.7279999999999999
SAMPLE_04269,0.15266666666666664,0.5586666666666668,0.5316666666666666,0.1496666666666667,0.312,0.484,0.43133333333333335,0.29866666666666664
SAMPLE_04270,0.7103333333333334,0.39666666666666667,0.4333333333333333,0.44799999999999995,0.10066666666666667,0.48866666666666664,0.5566666666666666,0.18499999999999997
SAMPLE_04271,0.5843333333333333,0.8336666666666667,0.791,0.17466666666666666,0.5459999999999999,0.6833333333333332,0.8376666666666667,0.7646666666666667
SAMPLE_04272,0.7346666666666666,0.09833333333333333,0.2603333333333333,0.4226666666666667,0.5403333333333333,0.673,0.40199999999999997,0.3406666666666667
SAMPLE_04273,1.0,0.6483333333333333,0.4383333333333333,0.794,1.0,1.0,1.0,1.0
SAMPLE_04274,0.306,0.727,0.5626666666666666,0.377,0.5923333333333333,0.443,0.6190000000000001,0.8610000000000001
SAMPLE_04275,0.82,0.04900000000000001,0.041666666666666664,0.36900000000000005,0.09166666666666667,0.49866666666666665,0.05833333333333333,0.07966666666666668
SAMPLE_04276,0.6273333333333333,0.21966666666666668,0.20866666666666667,0.24866666666666667,0.16866666666666666,0.43566666666666665,0.25366666666666665,0.09366666666666668
SAMPLE_04277,0.6833333333333332,0.6589999999999999,0.7679999999999999,0.6793333333333335,0.8346666666666667,0.9506666666666667,0.899,0.9056666666666667
SAMPLE_04278,0.22266666666666668,0.4493333333333333,0.445,0.07233333333333335,0.5613333333333334,0.156,0.14666666666666667,0.5083333333333333
SAMPLE_04279,0.023333333333333334,0.3786666666666667,0.37433333333333335,1.0,0.08066666666666666,0.15033333333333335,0.22166666666666665,0.20466666666666666
SAMPLE_04280,0.5443333333333333,0.7959999999999999,0.6766666666666667,0.6883333333333334,0.43900000000000006,0.9153333333333333,0.816,0.49400000000000005
SAMPLE_04281,0.863,0.4086666666666667,0.5406666666666667,0.5476666666666666,0.6216666666666666,0.6713333333333334,0.775,0.496
SAMPLE_04282,0.5680000000000001,0.9279999999999999,0.91,0.25533333333333336,0.5573333333333333,0.458,0.722,0.7076666666666666
SAMPLE_04283,0.18299999999999997,0.3986666666666667,0.40166666666666667,1.0,0.7963333333333334,0.26399999999999996,0.08966666666666667,0.762
SAMPLE_04284,0.019666666666666666,0.465,0.37566666666666665,1.0,0.18900000000000003,0.07,0.142,0.681
SAMPLE_04285,0.7576666666666667,0.7200000000000001,0.7996666666666666,0.7480000000000001,0.9489999999999998,0.9483333333333333,0.9580000000000001,0.714
SAMPLE_04286,0.26266666666666666,0.5663333333333332,0.6686666666666667,1.0,0.08333333333333333,0.066,0.13866666666666666,0.4106666666666667
SAMPLE_04287,0.409,0.8086666666666668,0.6376666666666666,0.19966666666666666,0.5493333333333333,0.24366666666666667,0.7723333333333332,0.7999999999999999
SAMPLE_04288,0.8376666666666667,0.48733333333333323,0.4670000000000001,0.5803333333333334,0.37800000000000006,0.39399999999999996,0.4843333333333333,0.2306666666666667
SAMPLE_04289,0.09266666666666666,0.3686666666666667,0.20866666666666667,1.0,0.249,0.209,0.10066666666666668,0.6543333333333333
SAMPLE_04290,0.22233333333333336,0.761,0.7393333333333333,1.0,0.17233333333333334,0.32233333333333336,0.4146666666666667,0.11366666666666665
SAMPLE_04291,0.5956666666666667,0.8646666666666666,0.8106666666666666,0.13666666666666666,0.8256666666666667,0.38633333333333336,0.9103333333333333,0.9216666666666667
SAMPLE_04292,0.25166666666666665,0.455,0.371,0.3983333333333334,0.5996666666666667,0.37366666666666665,0.246,0.7469999999999999
SAMPLE_04293,0.47533333333333333,0.478,0.5133333333333333,0.6096666666666667,0.27066666666666667,0.624,0.5503333333333333,0.159
SAMPLE_04294,0.5656666666666667,0.146,0.2623333333333333,0.28800000000000003,0.8633333333333333,0.421,0.166,0.5419999999999999
SAMPLE_04295,0.629,0.15633333333333332,0.19566666666666666,0.4983333333333333,0.423,0.7639999999999999,0.22,0.26666666666666666
SAMPLE_04296,0.6709999999999999,0.6436666666666667,0.611,0.749,0.7283333333333334,0.7946666666666667,0.7203333333333334,0.8636666666666666
SAMPLE_04297,0.07166666666666667,0.44766666666666666,0.41333333333333333,1.0,0.009666666666666667,0.155,0.4816666666666667,0.1406666666666667
SAMPLE_04298,1.0,0.6506666666666666,0.5253333333333333,0.7956666666666669,1.0,1.0,1.0,1.0
SAMPLE_04299,0.8626666666666667,0.559,0.5663333333333334,0.5,0.43966666666666665,0.7436666666666666,0.7113333333333333,0.29233333333333333
SAMPLE_04300,0.46900000000000003,0.403,0.23566666666666666,0.38000000000000006,0.36066666666666664,0.5233333333333333,0.33266666666666667,0.6553333333333333
SAMPLE_04301,0.5266666666666667,0.467,0.5103333333333334,0.6616666666666666,0.8729999999999999,0.8213333333333334,0.7516666666666666,0.8513333333333334
SAMPLE_04302,0.818,0.041,0.15766666666666665,0.3356666666666667,0.7656666666666666,0.7120000000000001,0.13366666666666668,0.25566666666666665
SAMPLE_04303,0.758,0.345,0.43966666666666665,0.385,0.20099999999999998,0.775,0.49366666666666664,0.359
SAMPLE_04304,0.19600000000000004,0.45533333333333337,0.38999999999999996,0.24033333333333332,0.506,0.2336666666666667,0.5013333333333333,0.8723333333333333
SAMPLE_04305,0.669,0.417,0.41566666666666663,0.4263333333333334,0.7483333333333334,0.6896666666666667,0.446,0.33433333333333337
SAMPLE_04306,0.07233333333333333,0.37200000000000005,0.3053333333333333,1.0,0.28733333333333333,0.2643333333333333,0.25499999999999995,0.6136666666666667
SAMPLE_04307,0.9369999999999999,0.29533333333333334,0.23266666666666666,0.436,0.36133333333333334,0.5766666666666667,0.7103333333333333,0.19099999999999998
SAMPLE_04308,0.2373333333333333,0.441,0.449,0.228,0.4126666666666667,0.33666666666666667,0.19433333333333333,0.8046666666666668
SAMPLE_04309,0.11033333333333332,0.19933333333333336,0.16633333333333333,1.0,0.041666666666666664,0.11000000000000003,0.08899999999999998,0.05933333333333333
SAMPLE_04310,1.0,0.6716666666666667,0.674,0.8040000000000002,1.0,1.0,1.0,1.0
SAMPLE_04311,0.297,0.858,0.8249999999999998,0.115,0.8330000000000001,0.21866666666666665,0.6926666666666667,0.9413333333333332
SAMPLE_04312,0.8573333333333334,0.013,0.056999999999999995,0.12833333333333333,0.838,0.30766666666666664,0.13399999999999998,0.40199999999999997
SAMPLE_04313,0.6023333333333334,0.27266666666666667,0.09866666666666667,0.38399999999999995,0.2956666666666667,0.4546666666666667,0.335,0.13066666666666668
SAMPLE_04314,0.661,0.7673333333333333,0.8256666666666667,0.5883333333333334,0.7946666666666666,0.7363333333333334,0.9363333333333334,0.673
SAMPLE_04315,0.36866666666666664,0.9633333333333333,0.9413333333333332,1.0,0.385,0.4576666666666666,0.7263333333333333,0.39699999999999996
SAMPLE_04316,0.5870000000000001,0.5396666666666666,0.4613333333333333,0.5403333333333333,0.6869999999999999,0.739,0.6766666666666667,0.931
SAMPLE_04317,0.5603333333333333,0.48133333333333334,0.7283333333333334,0.28833333333333333,0.6619999999999999,0.4776666666666667,0.7273333333333335,0.7246666666666667
SAMPLE_04318,0.6793333333333335,0.24933333333333332,0.28933333333333333,0.5403333333333333,0.5886666666666667,0.867,0.617,0.422
SAMPLE_04319,0.11133333333333333,0.48900000000000005,0.49400000000000005,0.20266666666666666,0.7286666666666667,0.1386666666666667,0.46466666666666673,0.6166666666666667
SAMPLE_04320,0.6173333333333334,0.48900000000000005,0.38399999999999995,0.48699999999999993,0.36433333333333334,0.5463333333333333,0.5356666666666666,0.613
SAMPLE_04321,0.10633333333333334,0.819,0.7413333333333333,1.0,0.167,0.36166666666666664,0.5596666666666668,0.149
SAMPLE_04322,0.3476666666666666,0.632,0.613,0.20166666666666666,0.45366666666666666,0.212,0.662,0.8150000000000001
SAMPLE_04323,0.608,0.645,0.7566666666666667,0.155,0.25333333333333335,0.7006666666666667,0.8893333333333334,0.3443333333333333
SAMPLE_04324,0.19066666666666665,0.775,0.6436666666666667,0.334,0.7593333333333333,0.4876666666666667,0.612,0.7666666666666666
SAMPLE_04325,0.28833333333333333,0.9416666666666668,0.9010000000000001,1.0,0.431,0.023333333333333334,0.767,0.39399999999999996
SAMPLE_04326,0.3066666666666667,0.7176666666666667,0.7949999999999999,0.17500000000000002,0.52,0.20266666666666666,0.7300000000000001,0.36866666666666664
SAMPLE_04327,0.07833333333333334,0.47700000000000004,0.33899999999999997,1.0,0.6283333333333334,0.46366666666666667,0.308,0.32366666666666666
SAMPLE_04328,0.24033333333333337,0.7483333333333334,0.7616666666666667,1.0,0.18800000000000003,0.26766666666666666,0.33966666666666673,0.6406666666666666
SAMPLE_04329,0.5166666666666667,0.6146666666666667,0.6859999999999999,0.7026666666666667,0.6833333333333332,0.8336666666666667,0.6350000000000001,0.558
SAMPLE_04330,0.551,0.47666666666666674,0.317,0.462,0.5196666666666667,0.7063333333333333,0.49099999999999994,0.4133333333333334
SAMPLE_04331,0.6686666666666666,0.326,0.209,0.6416666666666666,0.5426666666666666,0.8556666666666667,0.5503333333333335,0.47733333333333333
SAMPLE_04332,0.6513333333333333,0.3553333333333333,0.779,0.17533333333333334,0.9289999999999999,0.15833333333333335,0.7336666666666667,0.8946666666666667
SAMPLE_04333,0.042666666666666665,0.20833333333333334,0.11866666666666666,1.0,0.14033333333333334,0.2163333333333333,0.24433333333333337,0.17299999999999996
SAMPLE_04334,0.5579999999999999,0.6839999999999998,0.734,0.34766666666666673,0.5143333333333334,0.411,0.34900000000000003,0.8913333333333333
SAMPLE_04335,0.7813333333333333,0.138,0.12033333333333333,0.3393333333333333,0.408,0.40266666666666673,0.14666666666666667,0.17733333333333334
SAMPLE_04336,0.25166666666666665,0.3313333333333333,0.5063333333333334,0.25566666666666665,0.5403333333333333,0.385,0.6943333333333334,0.86
SAMPLE_04337,1.0,0.7989999999999999,0.6920000000000001,0.795,1.0,1.0,1.0,1.0
SAMPLE_04338,0.6706666666666666,0.4586666666666666,0.6763333333333333,0.128,0.7926666666666667,0.2773333333333333,0.6769999999999999,0.5140000000000001
SAMPLE_04339,0.6173333333333333,0.7176666666666667,0.972,0.31433333333333335,0.856,0.531,0.5673333333333334,0.8056666666666668
SAMPLE_04340,1.0,0.6806666666666666,0.5416666666666666,0.782,1.0,1.0,1.0,1.0
SAMPLE_04341,0.48966666666666664,0.44733333333333336,0.4263333333333333,0.7183333333333333,0.7966666666666667,0.863,0.6406666666666666,0.7130000000000001
SAMPLE_04342,0.5163333333333333,0.15166666666666664,0.16833333333333333,0.18099999999999997,0.7836666666666666,0.36199999999999993,0.11233333333333334,0.3786666666666667
SAMPLE_04343,0.1416666666666667,0.8963333333333333,0.8806666666666666,1.0,0.19933333333333333,0.13433333333333333,0.767,0.6866666666666666
SAMPLE_04344,0.3833333333333333,0.872,0.7723333333333332,0.20733333333333334,0.14366666666666666,0.4056666666666666,0.6646666666666666,0.2803333333333333
SAMPLE_04345,0.149,0.3666666666666667,0.32,1.0,0.047999999999999994,0.14733333333333334,0.09733333333333333,0.012666666666666666
SAMPLE_04346,0.3906666666666667,0.8803333333333333,0.7886666666666667,0.7703333333333333,0.312,0.8476666666666667,0.854,0.35733333333333334
SAMPLE_04347,0.5623333333333332,0.5373333333333333,0.42700000000000005,0.7239999999999999,0.7673333333333333,0.9076666666666666,0.7756666666666666,0.8513333333333333
SAMPLE_04348,0.15266666666666667,0.605,0.5966666666666667,0.3419999999999999,0.6786666666666666,0.5616666666666666,0.8983333333333334,0.6446666666666666
SAMPLE_04349,0.38466666666666666,0.39666666666666667,0.429,0.24933333333333332,0.7343333333333333,0.19633333333333333,0.594,0.7073333333333335
SAMPLE_04350,0.26533333333333337,0.819,0.7113333333333333,1.0,0.11599999999999999,0.084,0.4533333333333333,0.12566666666666668
SAMPLE_04351,0.8316666666666667,0.08600000000000001,0.165,0.225,0.43966666666666665,0.33966666666666673,0.38866666666666666,0.3136666666666667
SAMPLE_04352,0.21666666666666667,0.4486666666666667,0.43133333333333335,0.31966666666666665,0.8563333333333333,0.444,0.7080000000000001,0.8746666666666666
SAMPLE_04353,0.20066666666666666,0.8336666666666668,0.8296666666666667,0.16966666666666666,0.7636666666666666,0.243,0.6836666666666668,0.6243333333333333
SAMPLE_04354,0.119,0.6546666666666667,0.7683333333333334,0.11000000000000003,0.848,0.476,0.35700000000000004,0.8029999999999999
SAMPLE_04355,0.035666666666666666,0.652,0.5613333333333334,1.0,0.09399999999999999,0.39366666666666666,0.314,0.062
SAMPLE_04356,0.4756666666666667,0.5366666666666667,0.5306666666666667,0.6666666666666666,0.6793333333333335,0.6813333333333332,0.727,0.659
SAMPLE_04357,0.136,0.4793333333333334,0.42966666666666664,1.0,0.17233333333333334,0.16033333333333336,0.051,0.043000000000000003
SAMPLE_04358,0.7433333333333335,0.32266666666666666,0.5403333333333333,0.379,0.34933333333333333,0.681,0.4136666666666667,0.1376666666666667
SAMPLE_04359,0.05866666666666667,0.4016666666666666,0.35233333333333333,0.16166666666666665,0.7120000000000001,0.2896666666666667,0.549,0.9636666666666667
