sample_id,Ampicillin,Levofloxacin,Ciprofloxacin,Imipenem,Amoxicillin_Clavulanic_acid,Ertapenem,Cefotaxime,Cefuroxime
SAMPLE_03360,0.7670231478265408,0.11682572616301634,0.1408157133238498,0.2967332559898831,0.0801570615071367,0.1977068363169875,0.10350650356681435,0.1399754020725491
SAMPLE_03361,0.14531933609760708,0.3588946151141666,0.1729394819515072,1.0,0.039019600752217026,0.09564889186809981,0.04611475873166257,0.07975735714530123
SAMPLE_03362,0.3959892896321964,0.6098220892666026,0.5659607135987273,0.06691921411613337,0.34959574742589755,0.1752702634745674,0.4933115042516466,0.6355544103492359
SAMPLE_03363,0.2455892693772845,0.16799295186846533,0.2436070188818311,1.0,0.06389918749119085,0.14451091626463114,0.20605550488403615,0.15042404610612364
SAMPLE_03364,0.5102705398287309,0.5928005485900351,0.7186590852936199,0.12019918738078171,0.3586280295644009,0.29515450291414264,0.5845034284598091,0.8781857607998937
SAMPLE_03365,0.6401784837887979,0.21839296794067192,0.4441850000087383,0.05875200498084107,0.3442414450049942,0.11391523963132036,0.5180183303480035,0.6760099125822143
SAMPLE_03366,0.39840231471614784,0.7128020486217507,0.7623439213809842,1.0,0.04941637946374016,0.09101144783748691,0.20633328194884526,0.8316231275802316
SAMPLE_03367,0.6126295013380642,0.7361050161940381,0.7186003346977059,0.10306506201944413,0.5426334157352114,0.19697427529061828,0.5132405467753699,0.9315685973333299
SAMPLE_03368,0.3739295744631597,0.8126036285592839,0.8624375198264633,1.0,0.048993723396369246,0.15859989483806206,0.503097551187465,0.8079505614677889
SAMPLE_03369,0.7369211414777235,0.8690058361188957,0.8705862095825105,0.025589572787480187,0.5739404617647935,0.2864092162269515,0.3057484009044813,0.8793090947305515
SAMPLE_03370,0.5360402015641543,0.25046634446876315,0.25638167162182,0.3262064180025293,0.34889292378975456,0.3165955196535903,0.27368927524865566,0.872987897756983
SAMPLE_03371,0.3416044638440874,0.07051142284333252,0.16230455139064387,0.06964755227010631,0.1719017796088624,0.12500917012910231,0.13473331236027752,0.9372081123771154
SAMPLE_03372,0.4341008620511288,0.3747196530105412,0.5656597480946293,0.21281886538972855,0.3832440851570474,0.1797601315840613,0.3320759265506959,0.8562229378210794
SAMPLE_03373,0.5905139027050051,0.09685766643485788,0.3685881454422855,0.228501165755882,0.48550419436394443,0.1933369269462844,0.3368641857245417,0.9095645416419783
SAMPLE_03374,0.2424695763043848,0.3400055618331016,0.40755179182066015,1.0,0.10687268768901348,0.03612806424954357,0.09077556948561111,0.022252526753998535
SAMPLE_03375,0.6337578535100998,0.33941278412266607,0.271234875153227,0.05191384089563966,0.4192621623443915,0.03314094971239361,0.3247380801004136,0.8282324812580175
SAMPLE_03376,0.4214325215228754,0.680974225668507,0.7022122609813948,0.11495540533041686,0.5213109825369481,0.17043571584217446,0.4648937165209629,0.8789090659706824
SAMPLE_03377,0.5933018863669342,0.6034669282237071,0.6462940552789066,0.06724774757008506,0.3837523816350942,0.11096379549258502,0.3792593387738414,0.6512617243897945
SAMPLE_03378,0.8458939297157497,0.23411846543281473,0.05610772998941037,0.06736845433143157,0.361937066121618,0.14280959019151077,0.08053526792004875,0.3566669998867889
SAMPLE_03379,0.8197428266092592,0.15154349216233393,0.20513844803694795,0.30058742379284437,0.6368443664551237,0.41561205064312007,0.6139847508949299,0.924493839259898
SAMPLE_03380,0.7673285851722969,0.5462278890026393,0.8926003318297697,0.0814698436435102,0.6569983745701397,0.18299755780094576,0.5767398119435567,0.5135246259409298
SAMPLE_03381,0.4400098332992751,0.2575829670337355,0.44121150862953,0.07113643654500466,0.4948839542296033,0.16524201320547294,0.5478692741979988,0.8910148943534406
SAMPLE_03382,0.8944126459672848,0.09680500915067958,0.14458005005087324,0.20326214434545678,0.17028255138918025,0.25068960433481025,0.15123626630051282,0.16943571794425596
SAMPLE_03383,0.8370370694945097,0.15928541620091874,0.26785896833775447,0.13050940658599944,0.13213103258667475,0.17689961495445305,0.506162411315055,0.3332042776170695
SAMPLE_03384,0.8700758172517495,0.6022560442250504,0.6531681688774915,0.31259209363774487,0.22968000371732214,0.4742076962867334,0.533161756727053,0.6120238750812872
SAMPLE_03385,0.40701635602830477,0.3767363275845617,0.528810879518965,0.10867569654311768,0.3391401600158632,0.186168057070185,0.5096774749241191,0.865192633922572
SAMPLE_03386,0.5384306214470173,0.34205261669915993,0.5286604344093668,0.11064396048625186,0.33473948536929615,0.21372083840652698,0.36273259849584366,0.8380815707591198
SAMPLE_03387,0.08297945198137738,0.3775553408407822,0.2295007407384275,1.0,0.052156143922557324,0.1558367672739126,0.10558882557110164,0.18712858843079538
SAMPLE_03388,0.036230965504414694,0.4393513206735362,0.40435449534953904,1.0,0.2654197998938702,0.058963640837032746,0.18459426091462017,0.7989789030438204
SAMPLE_03389,0.8377272645271336,0.09721350387882657,0.45239160614226254,0.1357862084291728,0.12904978328893074,0.17868690491319628,0.1427691265832718,0.16399343104855407
SAMPLE_03390,0.9012459097738525,0.03819076122146692,0.039939802401848544,0.02044653074200835,0.46008717603967525,0.0810810678923097,0.031051077442132206,0.2299069994477637
SAMPLE_03391,0.7173353925787543,0.38763077096353205,0.5922738301826447,0.2688960850416535,0.11306181309359967,0.34729467126962077,0.34491517248413467,0.10595829017698916
SAMPLE_03392,0.8315592805202212,0.02857326237743621,0.04810702873321193,0.1264028260969125,0.06512651950151895,0.1867165836231283,0.12712224136342107,0.15755472790351352
SAMPLE_03393,0.9054103868925842,0.15468805815760028,0.30512998510160194,0.24544671811005586,0.4215651188560295,0.3468243379388377,0.3044589150298487,0.2125206849309107
SAMPLE_03394,0.9094128137059835,0.33784430901446094,0.37471349637281937,0.22583355219607745,0.17170920578988466,0.24116219792932928,0.3302859499586491,0.2759964439691197
SAMPLE_03395,0.8397350425065209,0.15183614760232908,0.2844608114014183,0.1576441410905495,0.08347223530696869,0.2713754806459619,0.4173380930470993,0.2548863924198028
SAMPLE_03396,0.264698248383647,0.3180270522272467,0.2912232024485984,1.0,0.12713445117836242,0.08039840784329359,0.046304811337895185,0.10722673627014867
SAMPLE_03397,0.5812277829421483,0.47425027281862714,0.6584086708341994,0.1343959726716331,0.6551367748445229,0.2072794004959025,0.645558428748804,0.8582047396547867
SAMPLE_03398,0.4445591583544754,0.6585065661777538,0.7674402974250307,0.10449808260799583,0.49422891103902106,0.1933983150241021,0.3727675471719389,0.8603588113422254
SAMPLE_03399,0.15473170957767715,0.31515899660159064,0.3178645142610266,1.0,0.26580465223908084,0.13193193949018645,0.013593953047008384,0.0421122760378352
SAMPLE_03400,0.9190795038967579,0.35992027623682377,0.19295528720394542,0.17133530906129182,0.15507536831614616,0.11889270354834226,0.2072887178659947,0.2707867076628616
SAMPLE_03401,0.8485778164590736,0.06634092769590613,0.14756437860882543,0.33108734927544253,0.4190028164847528,0.34812609589581045,0.11393785398261054,0.40101355983641707
SAMPLE_03402,0.3995039467360682,0.7393085856088468,0.7604805098888807,1.0,0.11704097963708072,0.10847010024761797,0.2510181058706715,0.08186604218698768
SAMPLE_03403,0.875743589851719,0.4136514060826493,0.286084489101271,0.25171341278216136,0.5278755621267731,0.4041252800210073,0.2175222957066001,0.3696272839701694
SAMPLE_03404,0.7679498505913025,0.5393646520168487,0.3932267192827186,0.5269206328763576,0.5431295193121065,0.472702443848695,0.5629555724400154,0.8300194856928094
SAMPLE_03405,0.7577968782410577,0.3977293778388364,0.678109047255836,0.2447900072131695,0.638258898576527,0.26909301897314214,0.6351730989894482,0.8999005757173228
SAMPLE_03406,0.8712429247245042,0.3557291246411256,0.21737598918152157,0.16074249810978666,0.16959545306740323,0.1822990012082438,0.39052339264495683,0.15232303980779066
SAMPLE_03407,1.0,0.3677507422234305,0.18475043001385125,0.8847276779491273,1.0,1.0,1.0,1.0
SAMPLE_03408,0.7612190562259062,0.14530171725751412,0.15874242796999694,0.25864006857819766,0.6133846013949322,0.4272807226833792,0.5604936268825438,0.8603494198624602
SAMPLE_03409,0.0696832212742004,0.5030476137081474,0.48850810034312725,1.0,0.4597095634074123,0.09230008641032693,0.05990956498074671,0.7833591371218873
SAMPLE_03410,1.0,0.5395951613683929,0.4213645043859422,0.8814836968862367,1.0,1.0,1.0,1.0
SAMPLE_03411,0.810741536526484,0.2100437501240246,0.15175904904923898,0.4263677019065388,0.5183357065835229,0.47239703978509273,0.3185523508788536,0.4020596119000849
SAMPLE_03412,0.7830628859609521,0.2925134176438593,0.32932686531004834,0.22943460072779184,0.7174419424094673,0.3478588192835107,0.08389113191823762,0.45677716324698797
SAMPLE_03413,0.80972270262392,0.1029807008868525,0.0886953774481319,0.15932231452432558,0.35895438886638986,0.26817439462988657,0.30704940541740816,0.3225865425894048
SAMPLE_03414,0.042115796196624304,0.4269970586429863,0.3721476315972895,1.0,0.057694489367862055,0.0393149556443823,0.31291040323707753,0.3071108908834763
SAMPLE_03415,0.9035784474279773,0.11576345504591123,0.16921322566578006,0.1503467671853719,0.16253587657784438,0.31133472707771676,0.1490811474510371,0.06881185998264173
SAMPLE_03416,0.7857289243408977,0.6593601663646813,0.49087890385857147,0.2493012832412165,0.7026236819503102,0.4225893035703899,0.27982179791395634,0.8253799924211485
SAMPLE_03417,0.21385225932809893,0.21074851398280667,0.2122276371826797,1.0,0.01440931202881886,0.12183721530528424,0.017021230833804944,0.011469022800174391
SAMPLE_03418,0.7196424816990445,0.25998351666185265,0.4370966523827916,0.2560079659729537,0.35121927339744385,0.2862350815257186,0.2923084182490788,0.4513965596765255
SAMPLE_03419,0.8860790751895882,0.23961356116428628,0.4402809075446635,0.35512529709745627,0.7004533821893881,0.43258206469310506,0.564995223283688,0.4947937775549024
SAMPLE_03420,0.8308526447817061,0.8265586703022745,0.7217895434505038,0.3371674156466428,0.7213485561826563,0.39924088082311887,0.8573589560860839,0.8414117758345394
SAMPLE_03421,0.5350675387990619,0.4771440805433806,0.5093867679905923,0.10412420175519797,0.14701559935826375,0.10167948709028564,0.2247627983158361,0.2029892552851481
SAMPLE_03422,0.8427386139399613,0.5776461703793633,0.6395069004892011,0.2584496393550534,0.6495022882849911,0.25655140141457533,0.7072928385667099,0.6115496221116802
SAMPLE_03423,0.31691305027992456,0.3753350378319811,0.37193641960272966,0.12032415908113105,0.18063558546966713,0.1302472960687928,0.1959780274564408,0.4010618150584414
SAMPLE_03424,0.41621515832981815,0.42612577775818505,0.4183073469806798,0.1637817886744444,0.23654559281962825,0.21212864575787635,0.3379173859425278,0.9243426599050895
SAMPLE_03425,0.7699961465310077,0.29247068567441076,0.3103923296838433,0.44441961813048225,0.6231445285686643,0.48571974816067226,0.22881878184069376,0.5739373395991916
SAMPLE_03426,0.7646910697766527,0.31725033871094394,0.3217714259062153,0.2687414724748064,0.530816979252574,0.3745458734344079,0.5517155797102908,0.9522730072902967
SAMPLE_03427,0.8510779317174294,0.10207745763128423,0.2035815465326698,0.18310690800786594,0.3349694204055691,0.18181394236040255,0.12762500842272198,0.27889607427970237
SAMPLE_03428,0.36287477599262424,0.4251538576707145,0.35135695370949216,0.12453447706121412,0.3969231244122755,0.06897909040140199,0.2072416659657339,0.9719124740565452
SAMPLE_03429,0.23999500106977617,0.3209251583323221,0.4118991587355184,1.0,0.006346156360268319,0.059313570821086625,0.3906082744160656,0.08274272414764988
SAMPLE_03430,0.8379841175459981,0.5056021812643117,0.693962388816078,0.2565254003171398,0.36328049483442865,0.40068829080159607,0.42656690548377796,0.6485444838037315
SAMPLE_03431,0.7837034216026855,0.08844023245762248,0.1688565954218752,0.1708841824582838,0.07712097737769257,0.23617185984332317,0.3712912734946256,0.2360779591250309
SAMPLE_03432,0.7251053586967413,0.7679814102991291,0.7687656173883337,0.1587644268619183,0.43903193281902175,0.37661155334178775,0.7872277577692552,0.923766213855528
SAMPLE_03433,0.1997823628753956,0.5076531444214012,0.4257031248361582,1.0,0.07019207084602022,0.2503938590608587,0.08253413315629746,0.4147431754954297
SAMPLE_03434,0.9005780619341897,0.19866654743936846,0.3284498189346587,0.23285112979640343,0.2504318587826403,0.4024383993310409,0.29792549522987366,0.3534249178393286
SAMPLE_03435,0.8142379052451636,0.012166926715516073,0.03705330249771571,0.18171059061700912,0.14990589775371618,0.143537235903494,0.10718117286713702,0.16677522320587526
SAMPLE_03436,0.9149126169939292,0.1931809376829096,0.07808598930370195,0.09310638620774558,0.18001116607339346,0.23601261704158985,0.5727001497388433,0.29379392368092483
SAMPLE_03437,0.7822067484695756,0.26168416317644355,0.1430196664578025,0.06846254500233108,0.07358818824881962,0.13699226725637226,0.23758721081950096,0.2610246433012757
SAMPLE_03438,0.5617192512655718,0.717023889801684,0.8082712934791614,0.22980918758865365,0.43695827725964864,0.22946349938140315,0.5971650832947994,0.2950072748995938
SAMPLE_03439,0.9076628165261653,0.16072172633410195,0.043776518244215204,0.23212493556215089,0.17101256419760635,0.2348938373562269,0.22235283261013136,0.07066917045699504
SAMPLE_03440,0.8001682804398925,0.7119264406013215,0.8299650231721527,0.14190612326941565,0.5843904403252234,0.29343338191802243,0.5549082157788073,0.8404426621135802
SAMPLE_03441,0.5450471794563901,0.5248445648750061,0.34530667390095815,0.17860362058509638,0.5381293701027842,0.22088022577474686,0.32528615781091824,0.8911684657149332
SAMPLE_03442,0.8114037926838971,0.07931772198987908,0.02455272940379398,0.166751520673151,0.4512201365040458,0.23600546068162126,0.2122754219607899,0.44328466881056994
SAMPLE_03443,0.8990794132293368,0.6258135697294223,0.7512926390232241,0.2268246185214716,0.7081990974174168,0.328858936821792,0.26706649903747254,0.45944283554730225
SAMPLE_03444,0.15090193635112947,0.27407467692085874,0.30379460434778593,1.0,0.10124721147416088,0.10913404648725303,0.030883073074253944,0.6097302085742515
SAMPLE_03445,0.7702160808856344,0.21258248260814733,0.4353796223197915,0.2843034736990136,0.5719903298083067,0.3893858050759423,0.4839033292699778,0.827211779631262
SAMPLE_03446,0.7418547813602612,0.3956938605707675,0.3971677128389115,0.292333211567497,0.2531441099712278,0.3080533369925785,0.22525526039049765,0.4141431176300303
SAMPLE_03447,0.6119441957975251,0.5802722847436826,0.849803898678759,0.14191899292820706,0.3422001944465713,0.15393115165697852,0.6425299416957055,0.7175980306594623
SAMPLE_03448,0.8217368547347015,0.1212202754343131,0.14977289171384733,0.3014371436529358,0.7544378831021219,0.437456442810824,0.31435691690314754,0.544408311900958
SAMPLE_03449,0.40146551692420923,0.037505703686992214,0.059438652555704116,0.1403531278743146,0.2447103509148138,0.21153887004454947,0.12162055876114057,0.8130493724481269
SAMPLE_03450,0.4665100806913861,0.12352110928594096,0.09858662247278942,0.08298682656945254,0.2939728851612352,0.20610348932579933,0.1954704522480523,0.38544512374140505
SAMPLE_03451,0.27326756862440527,0.9315934784264639,0.945880000731306,1.0,0.05979012539340636,0.11992106872041926,0.5722853901385454,0.689861985786347
SAMPLE_03452,0.4625209082628626,0.26400668177466774,0.48067594937087765,0.07482413213896309,0.5100391594253441,0.20010672711686553,0.2548101985503068,0.8408261313442156
SAMPLE_03453,0.37958785007654877,0.4708588800900934,0.5045188023157635,1.0,0.13553086229358277,0.1687185465563002,0.30037632061803987,0.3040485278737333
SAMPLE_03454,0.7862365002058365,0.29851601168890163,0.3492404192275187,0.08761290896023172,0.25666279042905393,0.1596743515378309,0.25191940595664875,0.22488315854891006
SAMPLE_03455,0.8343817046177948,0.1301726321380633,0.1530212928711045,0.1917446122382741,0.20732975003412937,0.2788806141947318,0.1660407010207651,0.1500425831354117
SAMPLE_03456,0.8953291212763446,0.25172039729386464,0.3010659550262142,0.036634043230184696,0.11194115663189921,0.16530502163393607,0.07675325132971045,0.2381108269131011
SAMPLE_03457,0.6439506077571455,0.7280585349183966,0.90315417130441,0.11694767353013809,0.8100086313507615,0.3844725399735464,0.48847496456562944,0.8569975635946964
SAMPLE_03458,0.7984715375843904,0.2980323984759843,0.9206870661535063,0.16282260516414954,0.6092911947517818,0.2790820262116826,0.6133579013606982,0.9405596455342495
SAMPLE_03459,0.7753840636109599,0.20811946617844856,0.0814335880492429,0.2577653515187994,0.6100873450990073,0.589003081625558,0.40952985265853026,0.3898329091171981
SAMPLE_03460,0.7973852624757116,0.1450096424119644,0.29059461145599386,0.29460707844439604,0.5442476693188536,0.4007112863884688,0.2635139614554809,0.41319085735916383
SAMPLE_03461,0.6383858027247888,0.5487222293243534,0.5549427223497142,0.14733823979073488,0.5673262826960793,0.29171354784607695,0.4064908303232331,0.8331025791598281
SAMPLE_03462,0.46264756431368687,0.39831647798059594,0.2287131888131691,0.08996153193689496,0.355524236768803,0.20506709302337864,0.17148583599814488,0.9507477906081703
SAMPLE_03463,1.0,0.6278315019816251,0.4111727591829719,0.883004326264887,1.0,1.0,1.0,1.0
SAMPLE_03464,0.922579497710719,0.015166469281022285,0.022962028371013084,0.09880091550652767,0.46088681601846193,0.1326258368090183,0.062027263340490586,0.23560422522995333
SAMPLE_03465,0.7888730885252038,0.543543591492095,0.3822919845202372,0.23567840040696664,0.3508419309231258,0.3187213730945902,0.22070093699102603,0.3378462191571349
SAMPLE_03466,0.3923504158763953,0.6919945468878298,0.6380998074651554,1.0,0.08409180697765986,0.0949575741231306,0.552161507628192,0.05883287374372395
SAMPLE_03467,0.6466255820394551,0.6572883952665869,0.7117391524670644,0.2138932016012546,0.5875109394396081,0.3291709349004521,0.7139360526392565,0.8687542473096701
SAMPLE_03468,0.36615364043062887,0.309667956870049,0.2488751202154252,0.10960582557375668,0.40271249221165234,0.13549562253605607,0.1938201418438272,0.4522156824543506
SAMPLE_03469,0.8760788536748185,0.04013404266878774,0.2167914338467885,0.2071609068399567,0.17304748894657912,0.19424146669280723,0.07959978657130982,0.17748493940161186
SAMPLE_03470,0.9027457284571596,0.3419539114655961,0.1651134726423454,0.1415462517683132,0.1016572274905928,0.2905610254749765,0.2110342459165744,0.038742261250433944
SAMPLE_03471,0.33594677807703655,0.47395521824330733,0.6711534257578271,1.0,0.08407450816381902,0.02663167834001979,0.28712189038169117,0.10228529991139793
SAMPLE_03472,0.843408409895724,0.10953187056841324,0.036690557790716415,0.13169491690606724,0.482756420766502,0.17372787972390016,0.052403886894772406,0.39384721597455696
SAMPLE_03473,0.4890191523832172,0.8231338441402554,0.9368157448145624,1.0,0.31494373782141266,0.08562882772385957,0.30987192083766096,0.7972485869284847
SAMPLE_03474,0.7857299981159329,0.2601561148591151,0.3982618341396612,0.22022496952120557,0.7322841375476815,0.3227468936752505,0.43937762277907205,0.4353844375629748
SAMPLE_03475,0.6141681923887959,0.5059809558498436,0.5948911584044597,0.09533101373735008,0.6725613700123751,0.240806742627274,0.492492663965295,0.7954843955952968
SAMPLE_03476,0.7678808628957698,0.10289611364686996,0.15664500645028323,0.22913410531256753,0.3743413964180337,0.309322024175268,0.03126603370674172,0.033177435522624255
SAMPLE_03477,0.6828589964366575,0.50758414374958,0.38065152514804457,0.15228619679942113,0.24604782710374895,0.19771318025074164,0.3655002996079948,0.7822617672620564
SAMPLE_03478,0.8595703681999596,0.5078424387728904,0.5510616061738591,0.27158058298818366,0.46707924734835193,0.45711420285008886,0.4210537554290069,0.2617302007830833
SAMPLE_03479,0.9194128049609758,0.5168988236609887,0.4753116241743503,0.11298714123737931,0.5577927242273656,0.37178356532735995,0.4678609732192163,0.9209431176433791
SAMPLE_03480,0.8170677610625612,0.5924838645956996,0.5499990129801198,0.05785442005122362,0.12680997225642285,0.20157854473142747,0.4402070846337607,0.40888846486911207
SAMPLE_03481,0.8854113499115526,0.043603529797282395,0.03498781838578281,0.1821921652209394,0.13093942300330816,0.21680897564214832,0.18592745923868648,0.36268153482729726
SAMPLE_03482,0.49359158096920414,0.6136560727582696,0.6116954216199268,0.14705852566580285,0.11211541359685898,0.25036150130500207,0.3995030622984956,0.2115735127337246
SAMPLE_03483,0.8589029982663026,0.16259516419463943,0.3266092414396181,0.21117896631315727,0.30790605707529767,0.38369727061402165,0.42080588439867644,0.3858841634021434
SAMPLE_03484,0.8242102330128345,0.7915819790446855,0.6726341477834064,0.3572388095939814,0.6733685064186838,0.45128337023842147,0.723696176661955,0.6109042058415092
SAMPLE_03485,0.5285239168007475,0.4784975483843438,0.6239856875158794,0.032566774592074604,0.4953159692438111,0.07596883105533901,0.266958374016353,0.39595588391086006
SAMPLE_03486,0.29500569149223743,0.706540866126529,0.7283141332887921,1.0,0.1325629748967225,0.07364691328236682,0.11013929008831794,0.07732933414029097
SAMPLE_03487,0.7620368566055173,0.11415089954925578,0.11061534493233992,0.32546272633740453,0.19146171042926186,0.30972143392246704,0.1793952480410338,0.221712405569784
SAMPLE_03488,0.612525622215752,0.5813224422472515,0.5854816659408153,0.05961021451896288,0.30665386939036776,0.2727799345508776,0.3633564999867433,0.8386639098023614
SAMPLE_03489,0.4677849086719995,0.3755470481367267,0.3274446953410025,0.17824293753615406,0.5431687754272712,0.14002202029538727,0.2330325275045415,0.8105057458316809
SAMPLE_03490,0.34404970930283296,0.797789534681362,0.7328419520121054,1.0,0.11505512665612894,0.07318426681423044,0.12822662137126825,0.13940142376364276
SAMPLE_03491,0.8740784764835082,0.49419638462063237,0.362625769627029,0.27396402533734454,0.4185424476830498,0.33591175204689455,0.2657769714013742,0.6761811671445302
SAMPLE_03492,0.774338896973374,0.1522875213052579,0.2558777285311938,0.2467959970031597,0.13466718063919214,0.24476880526796324,0.2398107829545139,0.47969145135216507
SAMPLE_03493,0.8690714156795578,0.5951647502669244,0.7957216828041185,0.1533886567654008,0.2255927472648795,0.41824052167396714,0.8746668732856728,0.4428248717534994
SAMPLE_03494,0.1631850972586641,0.3964260128510104,0.4595782299177035,1.0,0.17438136801205467,0.1525380200559818,0.09821216520461673,0.5020167782386894
SAMPLE_03495,0.8579116776894882,0.328805324054855,0.07124164661616912,0.3651137997109327,0.2916420648878519,0.2963071675175738,0.48815698034733296,0.2855726045720002
SAMPLE_03496,0.8325739693419894,0.14367700660455762,0.0976377903373913,0.16899477495325804,0.2549311310383331,0.2303074487662399,0.10474715716945127,0.22045595453520306
SAMPLE_03497,0.7425735197794314,0.32451363873376765,0.4207099189437657,0.308290415223256,0.4445954374046207,0.3435727199443341,0.3878525522086183,0.5415916433071702
SAMPLE_03498,0.3407304008221915,0.5703453008948542,0.49239943532337893,1.0,0.3673643213776041,0.09329954649805154,0.21213084185673317,0.4228323108667342
SAMPLE_03499,0.8545779778715652,0.5644819418941974,0.45067595030972746,0.2283233600664343,0.42575297386687744,0.35189831763260837,0.5519803008525428,0.9657928332701273
SAMPLE_03500,0.9372462342773176,0.49225076796204914,0.7453840646774504,0.21147455601897547,0.21371068543111335,0.3566583320492627,0.4617078439803185,0.43661419097317666
SAMPLE_03501,0.4801781938676891,0.5799075405061139,0.586303842027874,0.07112076524402278,0.45325082637164316,0.05797647417437011,0.08099458428869126,0.961447822408853
SAMPLE_03502,0.8745787832525891,0.5489336130378181,0.47766134183694764,0.319895100181354,0.2803757999902881,0.44597993374097705,0.6248056181626,0.32401846203552975
SAMPLE_03503,0.9135794900496318,0.30432981723228747,0.29832483003010923,0.19301937477670003,0.15818754762220566,0.16390992799084772,0.3074918237565808,0.22217925217703044
SAMPLE_03504,0.3847714585714402,0.4757927720916837,0.19479538906704283,0.07030730094402526,0.479322740516502,0.16666718502311584,0.3298834716008294,0.9444861832423656
SAMPLE_03505,0.8250394842254554,0.3782189573183753,0.5292865553312969,0.2631825038613087,0.4325673330420638,0.2944854411915937,0.4822859453062791,0.47723812535823396
SAMPLE_03506,0.227989422350574,0.31500219190923684,0.2564795631403931,1.0,0.1201785502043684,0.04012567019857541,0.23987900067671958,0.20547978841238437
SAMPLE_03507,0.23296105578850856,0.3583875271633263,0.36515320414803953,1.0,0.05943506710685286,0.2380127925634365,0.04568086810533962,0.038736962242128505
SAMPLE_03508,0.9029125248940817,0.22400147388726954,0.4052086934973978,0.1536404384627431,0.16073746773997163,0.2329178472543925,0.3490054935140614,0.2941505361313043
SAMPLE_03509,0.8630752454868478,0.21418550332684677,0.24200609213240026,0.23524151329811838,0.1386634603579431,0.2737157059761547,0.18281761593692605,0.18735452211522008
SAMPLE_03510,0.30393782813505027,0.4662939262421118,0.5644623180195595,1.0,0.13339292786173826,0.050296736717702274,0.1396129701750794,0.5602836301703206
SAMPLE_03511,0.8317387750259408,0.08815757474130423,0.11785549276154818,0.11998364464944063,0.5221561657821393,0.22641779515981159,0.07871799358405492,0.3069182389179079
SAMPLE_03512,0.41559823146665514,0.4507577502917967,0.4044147872640418,0.3487617371147643,0.3316100188708859,0.2467394810836593,0.4043222055504062,0.9434024273916221
SAMPLE_03513,0.7051781477347574,0.23320566739687038,0.5154075069809714,0.3212821386638195,0.4492802638287471,0.42751765610872255,0.556589876390994,0.925022929502295
SAMPLE_03514,0.9277462584424834,0.39295458736539846,0.28890921222850713,0.2214400167787515,0.16039684539145083,0.1928052429577297,0.36462285428256147,0.0934944709646384
SAMPLE_03515,0.4582048137453028,0.5067260523136279,0.7252165646785547,0.09877091987197646,0.4735769504047277,0.12598328922519983,0.33495182412377744,0.8712839436489497
SAMPLE_03516,0.8825791362421913,0.6318842591731985,0.7819137807813059,0.22944392700987343,0.43801391066755013,0.4033555163012744,0.6488172527438187,0.32000938084680414
SAMPLE_03517,0.060530343436977364,0.247988191914653,0.3273550227859547,1.0,0.20327455132758887,0.09329922637752223,0.03220750901630992,0.17817978036465662
SAMPLE_03518,0.08986520101387453,0.2744709061616597,0.30794203994215213,1.0,0.17439397773048343,0.15401784301116736,0.06811910142008562,0.25915981463186966
SAMPLE_03519,0.7195855979895982,0.8081007069895763,0.6385943491281925,0.3245023668712926,0.45872381354098346,0.3917110656921574,0.2953925658150911,0.8387334812971379
SAMPLE_03520,0.6402924317547132,0.4948643766459367,0.5747809195545444,0.23827632090613393,0.7135046159502743,0.27965200262253254,0.5478020077785948,0.9203066051603395
SAMPLE_03521,0.9147460249152244,0.08149606523548286,0.11734651829047305,0.18428202534803426,0.13015802042841135,0.20934247730499353,0.23914252985183873,0.3104731368710548
SAMPLE_03522,0.42364410118239537,0.40517683837148805,0.2581937774418662,1.0,0.06708190262266851,0.03545916144767129,0.13148356167262465,0.18236821633209577
SAMPLE_03523,0.8434079260423113,0.8880747441190706,0.8856636484412554,0.3333453378279057,0.766610626848125,0.654264643527347,0.9351148335996218,0.9474736281682214
SAMPLE_03524,0.873911133663228,0.04546593843234811,0.0946074871745795,0.17131864818527948,0.7619610877972625,0.17814808988006325,0.048455591238407404,0.4222623101686197
SAMPLE_03525,0.7333408993451358,0.20896302698183172,0.26840292375175323,0.44153232829726785,0.7696934038065325,0.612852901621227,0.38160442103682385,0.7644534334002022
SAMPLE_03526,0.25224248827780194,0.20880980979538266,0.1890003274389586,1.0,0.1504650556374526,0.17057149814264327,0.10722153999569453,0.8341848399755138
SAMPLE_03527,0.8875790701649988,0.14584174389646112,0.34448913526746444,0.1655305047413565,0.6402955966268867,0.21052938281648373,0.4011701842523368,0.5851022993216661
SAMPLE_03528,0.7677071649149021,0.31324637876430744,0.17912480764589506,0.3288944866815574,0.50587638627421,0.4335630477517135,0.2866533851116978,0.9219781960726721
SAMPLE_03529,0.20808267193325794,0.6570466554947869,0.5866556743768403,1.0,0.1168640872140563,0.3205448553478822,0.2920856397012803,0.885474831265373
SAMPLE_03530,0.9249124560668487,0.5025057053988828,0.2812636101249152,0.12911259373187597,0.17248220200243994,0.21221702518150595,0.22116417522209408,0.17909222072437492
SAMPLE_03531,0.8457441239409118,0.46106933508569503,0.5953705983240454,0.24729751583049286,0.3785273950399487,0.35036903018276316,0.4184066540156138,0.21137365203136965
SAMPLE_03532,0.8267343590513683,0.4472178735376824,0.5526315985668839,0.1970011568078525,0.4940825313579319,0.5414823982316518,0.43492252030838985,0.8776024523344855
SAMPLE_03533,0.7883785285137402,0.3185578980829201,0.38323356601394754,0.2739701892461975,0.29102400640931747,0.5021442015124938,0.6817489495456458,0.6797530205382676
SAMPLE_03534,0.16513401055932633,0.5629318568323745,0.5964130649253248,1.0,0.39289290584804193,0.1756397081669964,0.4138879096771636,0.7767413158092216
SAMPLE_03535,0.12508158559213786,0.19669388478878633,0.20329246296526698,1.0,0.0791098964884732,0.08729083455996377,0.006816495231037933,0.07781972465860856
SAMPLE_03536,0.4275265719654081,0.5547282994346824,0.7574591700702249,0.20060719892279616,0.3605974262091839,0.27139150935451717,0.42524104199309387,0.9096703712888881
SAMPLE_03537,0.803073326920622,0.46783140867364365,0.5099727308404777,0.37964306586937024,0.79628461778111,0.5680097441555654,0.500427036958411,0.90837540628988
SAMPLE_03538,0.3673731820515121,0.306490340119207,0.43045716708579873,0.14643920298305282,0.22711332033630116,0.12422219962560171,0.23975240775943335,0.6073963375882296
SAMPLE_03539,0.21209222835255134,0.30998990020076733,0.34638515876530923,0.055243753636752504,0.4679520458188009,0.14045457024552588,0.271515881649709,0.9523568705407195
SAMPLE_03540,1.0,0.41465551279006907,0.09866563782436852,0.8864255524429989,1.0,1.0,1.0,1.0
SAMPLE_03541,0.7707004413071661,0.6390887657753479,0.4560817605925703,0.3503705170308155,0.4037919485821689,0.5024425674870627,0.7292551731095198,0.6083771844416106
SAMPLE_03542,0.7838911466472424,0.6764375650182973,0.6991142341938517,0.32345692967886697,0.847926572109184,0.39493363798202796,0.7483967364351003,0.7780421443743788
SAMPLE_03543,0.8918276817732613,0.3504514086488104,0.3987669867804701,0.25352182019344377,0.3590651084496865,0.22338385077689762,0.31533795162918127,0.15354321991542655
SAMPLE_03544,0.173676621787646,0.26043103749407026,0.21825872211512126,1.0,0.06965922879544166,0.16471013545817123,0.057113746777596536,0.26280007580887876
SAMPLE_03545,0.8040384649078282,0.49380237490385237,0.40861945311092307,0.30713626872507216,0.2505031718088263,0.3082376273121439,0.5004309003809353,0.2966115123914645
SAMPLE_03546,0.8765764902646838,0.1461101013591401,0.19065984916815565,0.26296451984816693,0.15333834423996856,0.3807015867440093,0.16523897797993048,0.14428950264283824
SAMPLE_03547,0.3492196636722823,0.34840671940224843,0.3279412834446269,1.0,0.3328146256222389,0.4003636824424959,0.07049788387831443,0.8700550885150211
SAMPLE_03548,0.7885589732213665,0.07705880346275343,0.19515423322787817,0.09640621984146715,0.11632668511539924,0.1512007031816503,0.05856712959439658,0.06000320406077525
SAMPLE_03549,0.7663788676397063,0.12145257028303583,0.21368524904059055,0.2672465534651692,0.4614965190826632,0.38891831344801125,0.30529975740266146,0.6356444855428807
SAMPLE_03550,0.82124199686367,0.17948272425983106,0.16061575092137786,0.16661383669213517,0.3588408890610524,0.2645722187817905,0.11093292548157083,0.3715418515102836
SAMPLE_03551,0.26781371548393923,0.4915659772887767,0.5894534925786953,1.0,0.017813103638776858,0.1408942015513182,0.5388075407269468,0.20803619979285476
SAMPLE_03552,0.8880789802796867,0.2794207905160554,0.145769276591343,0.14604520466968604,0.1950567585289688,0.3658058550949619,0.14256359913888916,0.20825677255944697
SAMPLE_03553,0.8098814038514202,0.1231216793310981,0.31601731242284553,0.2258929443606066,0.21575320121204924,0.4028937031412135,0.24706139601008312,0.2368134573762214
SAMPLE_03554,0.7700343953795675,0.17827209645305447,0.08182128241194245,0.29838019556270523,0.12004634161826075,0.25087436534667584,0.10714428382295813,0.13001725835134945
SAMPLE_03555,0.3841572311995233,0.09665634792487549,0.04135096718827816,0.15586290915632767,0.3576364490898874,0.16174427759577795,0.06747461926001463,0.4119999227786139
SAMPLE_03556,0.8904126593925703,0.2635352837367983,0.2687116608028063,0.24509943848440346,0.23035758693242694,0.3904874298446672,0.221519354914686,0.2221853642468228
SAMPLE_03557,0.8392428275402037,0.48773544019601917,0.5013056791604777,0.3064650347480455,0.3968510903145579,0.437452266721212,0.46338404918205056,0.9346858870381823
SAMPLE_03558,0.852243771704158,0.23427748692698902,0.11953191176398631,0.24043691027529387,0.14715396064336134,0.30789614315972197,0.1752202281280457,0.2747301711729831
SAMPLE_03559,0.7343237193926387,0.20501895783309101,0.22899143270340733,0.21457610306521374,0.1968187858172558,0.332663854240382,0.43483232267471994,0.1185918635499881
SAMPLE_03560,0.47244680178646964,0.37818440396775066,0.3206750035982552,0.2030051297349885,0.18148972524311147,0.25071358355545736,0.15062345856365011,0.8466844002496192
SAMPLE_03561,0.21486752946518511,0.14052158284686345,0.22549692683142677,1.0,0.05712280208226858,0.040466280877029186,0.1822843572894568,0.12041928130645244
SAMPLE_03562,0.823393297871418,0.33978073767682865,0.5043742907270556,0.270039484441466,0.3472446709672813,0.19875597359793684,0.19422163606816462,0.23346718340083614
SAMPLE_03563,0.4358473918066599,0.3052641830952331,0.5412315571464839,0.14010699750642785,0.5622222880657723,0.12139431616883131,0.4098176702394103,0.8641316461636457
SAMPLE_03564,0.6600422042227659,0.32240112007180677,0.3626855216599063,0.07068898096137895,0.4977161625272641,0.20765611738263043,0.16100328858492996,0.9579493272522279
SAMPLE_03565,0.8719118340678609,0.20613705962796308,0.20465655415286896,0.23347512826428526,0.14931849470255176,0.39956686068139835,0.3947399550600937,0.13412303937934286
SAMPLE_03566,0.8494101841034458,0.03758430080217166,0.012392132131810157,0.27055810028823957,0.7029715287316258,0.3558436665850556,0.11294395892559145,0.7119374003010583
SAMPLE_03567,0.7536189396192786,0.6644614348239328,0.6404231507552347,0.15819769660232177,0.5083599083766002,0.17117233498496767,0.4541601094193366,0.8481324049669106
SAMPLE_03568,0.1781673720396739,0.3774752821999055,0.5402353693837221,1.0,0.10317066768207897,0.11431147714659833,0.12522729540936736,0.44145879890789597
SAMPLE_03569,0.9264126205706513,0.16732324355631842,0.17400385385944922,0.1345954292306857,0.17570051114297097,0.2273858587054511,0.27833239559242784,0.13946850075804962
SAMPLE_03570,0.8515759334995785,0.845896426715947,0.5925010290926171,0.19016013390002903,0.3830939037271383,0.289188151085484,0.7365402112074364,0.6321849301649063
SAMPLE_03571,0.7400172656571935,0.38258503894371776,0.40737621971443255,0.22106222623310748,0.617270957993613,0.3233539822509476,0.5234393649452499,0.7895021311200223
SAMPLE_03572,0.8010688217774227,0.3858116119131818,0.2740267410721282,0.3915512741195212,0.4813657615190561,0.538913200183815,0.4373378927416521,0.2862003712518291
SAMPLE_03573,0.7056691420347901,0.2791987740952384,0.3574016959225147,0.3421669175488761,0.38165105752085726,0.48780493637997024,0.48006685374908586,0.9269741423106551
SAMPLE_03574,0.05828598633792023,0.08059328632644971,0.04632712840945227,1.0,0.09353444856989615,0.03012024425253018,0.010377364484312002,0.016473513840626383
SAMPLE_03575,0.3940728354206224,0.4807308829494723,0.5222339448771466,1.0,0.183358765556391,0.11096868598926483,0.08585639760470974,0.0437764320655974
SAMPLE_03576,1.0,0.9477067224338191,0.8461731499507914,0.8798129562672727,1.0,1.0,1.0,1.0
SAMPLE_03577,0.7918956761779825,0.1998182100009932,0.3306940188744498,0.28767558477407007,0.2000173740480254,0.28722692349881823,0.428234740425549,0.18562013614376546
SAMPLE_03578,0.8905791446752389,0.33135909706050193,0.1784729789697415,0.37716735024209574,0.24852288571626413,0.46378471334671645,0.518156176159497,0.39240390014142007
SAMPLE_03579,0.8749121692064239,0.11671494098860999,0.35822987941633294,0.1750198839195663,0.09569628508244495,0.2439832434174577,0.2556500731899787,0.3079474574271963
SAMPLE_03580,0.16748795375321063,0.14813130105391023,0.1417483045887417,1.0,0.1557629202452375,0.1802773686424072,0.05593443509531171,0.8721338824308248
SAMPLE_03581,0.42390479257218694,0.5070507110879942,0.5670276106173168,1.0,0.22682370725276882,0.08949162463559497,0.14546650545694065,0.9229025113593156
SAMPLE_03582,0.778144244851098,0.6815309656422281,0.6748009767628347,0.1434207847236356,0.3963125715819145,0.33579275399788283,0.2597066693077444,0.9290025969518494
SAMPLE_03583,0.9099118841144695,0.35280736218096614,0.5485493494185285,0.222688859888281,0.26405940052253973,0.53945058855843,0.4389985009799444,0.26281279136038976
SAMPLE_03584,0.4817266672587843,0.16521554788789297,0.29893516049808055,0.11797447695048155,0.429689699136231,0.19266233945083924,0.34904263715086825,0.7023930299388752
SAMPLE_03585,0.8034004193328568,0.10394370397630824,0.2885365341286139,0.30364358244594736,0.43027726331532823,0.33031155019424274,0.147414861964079,0.40230406916300376
SAMPLE_03586,0.9155790384274975,0.09287816057844762,0.2578865876273605,0.08832483346266512,0.012490547185801986,0.22311838968341668,0.21093226715826727,0.047250633527628136
SAMPLE_03587,0.35485926440454685,0.5642025211947229,0.6404371128240458,1.0,0.09853693376057485,0.07514858437473813,0.2918462589282912,0.3010524627392944
SAMPLE_03588,0.46760335485678417,0.7221217166192784,0.8479742401151966,1.0,0.10630221501754217,0.12724137765483093,0.6820995648808408,0.6807541368075161
SAMPLE_03589,0.7474304785865318,0.36155590230426626,0.743853580988878,0.11202197125331367,0.36996629805890763,0.19002743810507305,0.18997161256020828,0.9673578297583691
SAMPLE_03590,0.22439616616339164,0.40961219750390987,0.26969618578499277,1.0,0.22212938799039914,0.15870294961314582,0.05491928409657758,0.03883818482605697
SAMPLE_03591,0.7513100717602539,0.7280239114878767,0.7154013793649331,0.042596036412199244,0.4247531998275571,0.11351642765241059,0.3597121095808963,0.9014245207194622
SAMPLE_03592,0.8305768634564823,0.27176035354042677,0.38120017362784986,0.27647935179379124,0.43250148152403756,0.3621057817667869,0.25591899120561196,0.9280772448802896
SAMPLE_03593,0.7971965952308504,0.4388016530120139,0.39060633851457965,0.1678145538357299,0.2264359965871131,0.36761769604664035,0.22144391401807112,0.5508854968844032
SAMPLE_03594,1.0,0.7809389528995327,0.7962666807156109,0.8837519190596607,1.0,1.0,1.0,1.0
SAMPLE_03595,0.381637884375878,0.7034232283402087,0.8182938161851429,1.0,0.38310397335018553,0.1687253895524494,0.33549842344674735,0.8298855188164826
SAMPLE_03596,0.910579497755319,0.1571364296016593,0.09769348021969707,0.23306010275379183,0.5186477068377683,0.29511054709072326,0.15442810136605245,0.42470598142612664
SAMPLE_03597,0.3424659514921057,0.07928284133241302,0.09959491707240851,0.12484469027560505,0.46888553743904626,0.17926986900777545,0.1516606732617714,0.9260800146557524
SAMPLE_03598,0.8315715140078435,0.04171547793482526,0.09845708030520041,0.25906576326434066,0.4974398021311828,0.3033779661819574,0.15217742151223515,0.25045009368665416
SAMPLE_03599,0.2876940446683051,0.725003288723681,0.7518446769749958,1.0,0.04549640957471621,0.06200923930958156,0.5170383652072663,0.26320151011855397
SAMPLE_03600,0.769717036447279,0.6650629660750319,0.6369240282751383,0.23780556628832547,0.2529579785664751,0.47973098637476924,0.4648538180959615,0.3825479534369767
SAMPLE_03601,0.5500164314473235,0.6325277549880409,0.6677689117908479,0.173707866637059,0.6076547707501042,0.34193740825445645,0.5557404395176316,0.8870985021059201
SAMPLE_03602,0.6318009174483911,0.5098159128975432,0.5210028849015682,0.10315610054728121,0.30252115511791045,0.28209634612224427,0.33888510002278244,0.8304505042206605
SAMPLE_03603,0.7265085686992849,0.32398644341677324,0.12899928005649197,0.3554814430171418,0.28115786346623456,0.3650651942545735,0.22917688512402967,0.15694891585734133
SAMPLE_03604,1.0,0.9098586842254941,0.8472388126932575,0.8793392913784319,1.0,1.0,1.0,1.0
SAMPLE_03605,0.5525970361251057,0.6231716521164474,0.4427009354463208,0.11329867898731319,0.5172903323714564,0.20471359631698688,0.6707892331374918,0.9575042340543027
SAMPLE_03606,0.46713693379263477,0.22795991962914894,0.34342808635396327,1.0,0.16864492222030725,0.06417549248511172,0.1097927825249316,0.485650784329103
SAMPLE_03607,0.9247462014500349,0.0051858432610617415,0.019017282344725585,0.06584331163525355,0.22417581361621497,0.14284363862914845,0.018913310542808905,0.11862570919432573
SAMPLE_03608,0.4583397257581365,0.3774732975901235,0.4154254442862809,0.178167357793198,0.34978603647382106,0.20418687546116776,0.2389244976051374,0.8369421268828673
SAMPLE_03609,0.7762034913357945,0.049301296858834436,0.039212558054278784,0.2082019539985623,0.07147794918397352,0.22767330819273418,0.1136840989368151,0.10580193142415964
SAMPLE_03610,0.49227376902480957,0.2752964353104156,0.33242456132863585,0.325608207903351,0.36411904078951524,0.34248434737864114,0.14682011901142805,0.7770196404002792
SAMPLE_03611,0.8920772754437296,0.1321912130638338,0.27640027383646937,0.10471256616803139,0.11371044261671118,0.19485807603504537,0.3188697784329937,0.10315146959882818
SAMPLE_03612,0.7643625826840662,0.07601308591294256,0.07426874638357714,0.14969700116832024,0.10944295138522098,0.27381910048281005,0.0697838962240866,0.08464691242736183
SAMPLE_03613,0.7450098311049757,0.4600250239484794,0.4790810888012804,0.35549211266114095,0.22400171035831506,0.408363215348223,0.4714891586534589,0.3614942648456587
SAMPLE_03614,0.8800777260023288,0.6606191414944997,0.6142206009403965,0.2477247561382556,0.5761841761407708,0.44342127839939843,0.713292778398471,0.6294501374786496
SAMPLE_03615,0.7742274361808041,0.2051492734420013,0.3594682555758569,0.3482350549996215,0.33943072316061695,0.38252262926616537,0.5104665631293781,0.4340084571856764
SAMPLE_03616,0.8505764389069298,0.31196158159841136,0.43061932137063486,0.39849526811629116,0.4481060133494017,0.44817505076187875,0.4909620415133133,0.48563849452083996
SAMPLE_03617,0.4696804329377883,0.16343927838107566,0.19351921236860503,0.09394824552924898,0.4445978249520719,0.15248136076060798,0.2570973437877411,0.837926612667092
SAMPLE_03618,0.6555453943480547,0.562990349252481,0.7319983054948396,0.04876490675652418,0.5558537920923285,0.07699693535297152,0.22821948745193016,0.8714233650564018
SAMPLE_03619,0.8232266378971778,0.8219404278141861,0.8776605361790322,0.3935300504053018,0.7749793359937447,0.5998814894736645,0.7946470427641541,0.7077469567991864
SAMPLE_03620,0.8570755379431535,0.12585040095870792,0.11277479922713696,0.2682289493405138,0.24711309966292028,0.37013513747476895,0.13752257116055558,0.22360635932703482
SAMPLE_03621,0.8168989292646521,0.19408087917721617,0.1929098088085289,0.23441822164905307,0.36590532422946176,0.3679383735030746,0.1788994407439028,0.48298401778702593
SAMPLE_03622,0.10040189402208768,0.4354068711975452,0.2729371083345182,1.0,0.08737553367836641,0.07315675299100756,0.17538600455549627,0.05407304660148678
SAMPLE_03623,0.7248692599494441,0.2513559240111245,0.3956243283650396,0.2863288305818176,0.6636475080857662,0.38298751853050794,0.24401252111510535,0.8115417615303061
SAMPLE_03624,0.47023367989798326,0.5520786157220209,0.6912506853685125,0.08094502366664585,0.49570870380403187,0.08050469640359408,0.4867469088904096,0.8677396572968799
SAMPLE_03625,0.5815963208326548,0.780523600866167,0.8320616061734325,1.0,0.2158012251693004,0.24561068152685267,0.7025578925285338,0.8973515613228309
SAMPLE_03626,0.8420776810689885,0.30162446555137024,0.32435595314636156,0.11005850797152263,0.17720380284965428,0.41092799992924856,0.42274707493746816,0.40875811506744386
SAMPLE_03627,0.8484035220043855,0.23718844304886183,0.17625439615120708,0.13221249524691323,0.7496366453520442,0.33788286155923125,0.1929563968247634,0.9019154782105683
SAMPLE_03628,0.6873031546299394,0.2824477202740903,0.5306203139128791,0.656418698547794,0.9059853898886814,0.5288079113786669,0.6279810619983996,0.841498641606428
SAMPLE_03629,0.7438271516542567,0.5351643702088734,0.5987439594892403,0.08945756599038951,0.5164257311608367,0.1030249260932581,0.8891969126830725,0.8232388212635491
SAMPLE_03630,0.43291644301819365,0.09399311119678543,0.2804506782078063,0.35257534311249705,0.4747800748940385,0.3067538450328646,0.11771344886539972,0.8994297096076556
SAMPLE_03631,0.48527372065723934,0.3750629317636033,0.09385758888749465,0.045423326362470345,0.2866446633148266,0.0368027996777186,0.27588398570460776,0.974224684139634
SAMPLE_03632,0.2221416823184625,0.13855183026801143,0.09031370113842112,0.10732428271898171,0.4081971235658667,0.145180524804009,0.24554772695571697,0.9820505006437477
SAMPLE_03633,0.24077735602358438,0.4756438980366733,0.4789988629441517,1.0,0.14411654474637448,0.04797189263657512,0.16862339884507757,0.659294211941676
SAMPLE_03634,0.8038712002161283,0.1962992376605537,0.18542783345805675,0.16862744724549028,0.15728981315236262,0.3593187498098779,0.4194242303477088,0.1452637142884881
SAMPLE_03635,0.764035390116117,0.2474490055371939,0.39447907903922563,0.2568831326530695,0.39716932337807537,0.3928959502679125,0.633765799540569,0.21588898589231997
SAMPLE_03636,0.9207462108168301,0.07525843494054296,0.1246772431680812,0.1682158054306117,0.7421355044751332,0.3429060239803346,0.14959807075711828,0.47272543081611085
SAMPLE_03637,0.8299102601695949,0.5347195294278559,0.44677442485194435,0.31373445704787395,0.47315294577469036,0.44257050824556804,0.41802867211726746,0.9323194209900356
SAMPLE_03638,0.8702455186149023,0.06038313640312801,0.07953504235293253,0.11178816261618939,0.14860034671142502,0.12695889483106232,0.10240654545308642,0.09453218314368539
SAMPLE_03639,0.8722451786883338,0.07184888229870537,0.09044380038829342,0.17096746636882,0.29529580370756,0.22526927648044337,0.19804596203175284,0.0813375438063043
SAMPLE_03640,0.8544104882983566,0.2727103625630119,0.3272156463883558,0.26273036670620076,0.5615131558477398,0.3942687719681425,0.2752024245785858,0.9238018508273396
SAMPLE_03641,0.5439121089268,0.5690560300811586,0.5875154068658275,0.1582182439623392,0.6204369336085052,0.21672157793187938,0.6902728762465166,0.9569382940700367
SAMPLE_03642,0.06922336898594329,0.23848690411608628,0.38890637953385326,1.0,0.28203014847958785,0.12470755932882904,0.04820237550159892,0.2665225299918605
SAMPLE_03643,0.8535786015540876,0.5595375755930759,0.4299534981881665,0.26651952651248323,0.12682639193333567,0.5590050746780799,0.44631665455484776,0.1976469117870186
SAMPLE_03644,0.3475589628270587,0.377098742981149,0.3061799589755415,1.0,0.1859782668169352,0.15803298834353263,0.3146743484696075,0.32426363108284023
SAMPLE_03645,0.7499963412292582,0.32761055445837717,0.1542454143431544,0.24467459377015555,0.3396711183162065,0.26766404055630894,0.2763726996978836,0.9266807809831621
SAMPLE_03646,0.7888933459344205,0.026386588764683184,0.05463302610177858,0.17108720957292645,0.39903393045856383,0.15283457524666755,0.15527548382288134,0.8419533725117001
SAMPLE_03647,0.8765788446466843,0.08174445597836257,0.20682886700311257,0.13608040221893236,0.10902039745107414,0.2753326947487277,0.190185037840017,0.08645293551417146
SAMPLE_03648,0.8605775734063512,0.11951081221720541,0.21120834252242998,0.1728737654513665,0.2281922943440977,0.3034424155619511,0.15104912146615204,0.3157294593432277
SAMPLE_03649,0.22742323463090355,0.5503171681668618,0.6022765170176723,0.0521302847065539,0.3788333236018485,0.14960443163837836,0.3297154331180559,0.8130090925671235
SAMPLE_03650,1.0,0.7419245210543484,0.5838388173951559,0.8830823130678944,1.0,1.0,1.0,1.0
SAMPLE_03651,0.8680749774180296,0.12144912239395339,0.16101843792074522,0.15168494941550384,0.13464018495600877,0.24680992144963043,0.09995478737048051,0.04910315194966373
SAMPLE_03652,0.6623676290318872,0.1862267111184584,0.1698779081793572,0.1816930844748158,0.5916299910194738,0.2928217442287314,0.3418872557608007,0.6243289306664265
SAMPLE_03653,0.8487351933596767,0.4980140890865818,0.693066923308661,0.11548941174729592,0.4243055158943328,0.24220826260673795,0.49669125001623504,0.4892336207505057
SAMPLE_03654,0.43848098448325057,0.2975486679706346,0.4405325068621719,0.13218550283540242,0.5359727126881279,0.15387186340633943,0.3713112926456433,0.955839990323627
SAMPLE_03655,0.8557413545219672,0.3177309574859471,0.37578495689811203,0.20754902914206966,0.1842361277477242,0.2771848596027305,0.25904291813293295,0.2653734397534926
SAMPLE_03656,0.7522834744845304,0.8230888850313846,0.814625873618999,0.22097824599705315,0.4459843080718042,0.34524234618940086,0.7756909544761279,0.6495142618550606
SAMPLE_03657,0.9035794668555817,0.12830826896315314,0.1295567224762787,0.07477939453010225,0.06801543110111631,0.21569894874657136,0.11697848516358736,0.2529686046484572
SAMPLE_03658,0.9155794692855843,0.4765532919167089,0.31302782939265794,0.20629830024541804,0.19840553099102293,0.21472637067588218,0.39083576960321836,0.34177850743781296
SAMPLE_03659,0.796563821773782,0.41603483214487413,0.34990010039793934,0.20904463846511875,0.3536630325298527,0.45524015455509526,0.3865129933352341,0.5006035037782445
SAMPLE_03660,0.9002460915621129,0.44951335310879986,0.4636183443750873,0.21256018804321855,0.19900667155212182,0.35956769443029996,0.3596596650461176,0.24550692431708387
SAMPLE_03661,0.8872456433009333,0.0851160333208307,0.04738302815660867,0.08036630558792253,0.04003147865900329,0.18421075235720943,0.0332551360993529,0.018820245576492242
SAMPLE_03662,0.31002149165951026,0.36091098143853956,0.3682616842040337,1.0,0.03930924617263427,0.14833217933463166,0.2853210210685532,0.31828471605407554
SAMPLE_03663,0.5647482651125048,0.7491490840646013,0.6452341436835962,0.2214799895256339,0.34452323289966047,0.23929650510810047,0.5215522582677915,0.824608321607154
SAMPLE_03664,0.8729113913782356,0.10693074015058886,0.2074455421128935,0.12504199473482336,0.06074755979394261,0.21922867156492323,0.18127906067995106,0.2278732188976893
SAMPLE_03665,0.8670783513646538,0.8862530863128893,0.8254967652915286,0.4504717114957395,0.7927886041504886,0.6666654116299541,0.9712031656424497,0.8364101937807783
SAMPLE_03666,0.6122288844012718,0.2162591618452678,0.3594699160850282,0.10637249436259258,0.30379121693511,0.30003292727032754,0.35898959534701985,0.8706797383229261
SAMPLE_03667,0.8150060850049892,0.562495450381953,0.5658939085774743,0.1594295969638689,0.6419172518079406,0.05297798755857167,0.31581861923575094,0.7936330704484403
SAMPLE_03668,0.5216057514821683,0.5910940313647597,0.5963004233465738,1.0,0.5118157376320837,0.26407626624275415,0.1543548086669854,0.34109430068874314
SAMPLE_03669,0.9080792516479597,0.3142828549199048,0.21256192442774174,0.1428212561842684,0.2958904886226756,0.2670466762697538,0.21628992065753216,0.15684589687799616
SAMPLE_03670,0.7822168914884186,0.017780169322977896,0.01851718347151607,0.3295379590175001,0.09984385740800793,0.22747125493993942,0.06324853649806296,0.06633991942702155
SAMPLE_03671,0.45377618752513343,0.3163478372551478,0.6726031752391086,0.07990897296595297,0.510935275469236,0.15119351221775898,0.37025359815005876,0.9281306300977773
SAMPLE_03672,0.5195927660690918,0.6115613512031429,0.32726899641360724,0.07713118020671962,0.29995853226885727,0.15539921499963488,0.16092765027343647,0.18660799803229533
SAMPLE_03673,0.40948429864289726,0.1806737550082782,0.3367555646801394,0.07199902269333829,0.2719804616965462,0.1500840426266159,0.25011699103953755,0.8943247894431934
SAMPLE_03674,0.7913050667895496,0.25782188484044133,0.240950546192612,0.12256845929209265,0.4136218738843458,0.37512664052799854,0.3898337484623593,0.33633774569083247
SAMPLE_03675,0.927496099289536,0.045341247737741334,0.035551353339566286,0.1933402749422769,0.12065501572523304,0.17610473616090194,0.03640158283138772,0.13401366554123695
SAMPLE_03676,0.9140806599241238,0.257352559806217,0.23702747215994002,0.1836066919390027,0.20041722869342335,0.4083436456723381,0.395135848258572,0.31378339782940007
SAMPLE_03677,0.8899120010053461,0.31193306070279925,0.6388611985856791,0.30608921597816335,0.22512315232201188,0.3588295460378855,0.4376536039987039,0.2532348656518031
SAMPLE_03678,0.9157462067425123,0.7751306987151115,0.7603880177340638,0.46422857818219354,0.6148876248504569,0.4505460056774532,0.6403468060794029,0.9182367645429488
SAMPLE_03679,0.545843607135047,0.93166777161688,0.9246720573035552,1.0,0.10111113813837361,0.15620257491597633,0.4163493581468768,0.6877279968349714
SAMPLE_03680,0.8715786613747076,0.07314783537029561,0.15802195750254092,0.2016477010349074,0.15722262547652127,0.17480417029877598,0.0936216489009078,0.17621265592374333
SAMPLE_03681,0.7678941446906737,0.3273367997976093,0.2618824757121793,0.17049840190714247,0.348789271296414,0.39796884035355057,0.25930356616271377,0.953300145812957
SAMPLE_03682,0.5100083473077054,0.28991410274131807,0.3219743540167095,0.15849905843767811,0.3184180399704638,0.17393445790177947,0.23863757833057428,0.471263209043789
SAMPLE_03683,0.9284128206323903,0.1694867344497907,0.4136078033264865,0.21902656233528517,0.43776197552155544,0.2599118384574286,0.15719318021499834,0.3059084328886432
SAMPLE_03684,0.8257431870751872,0.20655742340054278,0.24796014875003772,0.1879830911429862,0.1394186960123193,0.3176526360895636,0.15916254841741512,0.05370714370452394
SAMPLE_03685,0.848910952725137,0.7378763047754354,0.7867587653673258,0.3654707358119822,0.5509857726404876,0.5594012341216339,0.738508626828329,0.9401480423064359
SAMPLE_03686,0.6978014872933341,0.5147566847868962,0.7700123899623792,0.20272684201843078,0.5838964404055627,0.32027918546045453,0.5526480319604352,0.8960743350365248
SAMPLE_03687,0.9139961748289096,0.1652484748949944,0.3217462533265794,0.17907160455992388,0.202691949428783,0.34736855584086396,0.20681843387968352,0.06536740273178245
SAMPLE_03688,0.8978283926437356,0.11530919647403698,0.3434189201860932,0.1455584548807933,0.2554602402534444,0.3524341137457531,0.1657775699496048,0.04774648768971518
SAMPLE_03689,0.9264129551157697,0.12537444563013034,0.1292324196359911,0.2580038304125696,0.2852996784895064,0.2523866178853121,0.1794051983471008,0.29979997173788064
SAMPLE_03690,0.7578823227997009,0.11725956638571894,0.33155872761939675,0.30287582509724886,0.3230550666682368,0.4262487175021827,0.16185649751895517,0.09985767160533132
SAMPLE_03691,0.27138137888202435,0.7648490444587729,0.7876216163442591,1.0,0.5356483143596972,0.20869938573659802,0.46898197774091316,0.8784949180757242
SAMPLE_03692,0.8605772268044591,0.04617038355744537,0.1117210775040744,0.1152727406013385,0.36165563893934405,0.1526246297615206,0.06563991306738272,0.24545352449963165
SAMPLE_03693,0.7120290609708938,0.542497344614268,0.606880156394251,0.5478289506296667,0.6981581290492187,0.5109896247252678,0.8390222181506137,0.7952997992702295
SAMPLE_03694,0.9200783818435136,0.22069996700556105,0.2949901837134628,0.2389185778263644,0.04358697608911993,0.44315730145790067,0.5753536939657169,0.1509927798425007
SAMPLE_03695,0.9240795351337494,0.08271516698633387,0.13287837804673913,0.11754772705086328,0.08354029816059094,0.2265111992291667,0.20104788505470933,0.06688518804826965
SAMPLE_03696,0.567559880344832,0.5206373974987073,0.4802962308722877,0.28785414146036925,0.29955104729199333,0.19607782258128742,0.3261328790845579,0.8836130179928261
SAMPLE_03697,0.39681921501189094,0.2707893513570841,0.4449895759582471,0.10702368716545246,0.4462416735238664,0.3450180768574191,0.4648608538220904,0.5128059368646828
SAMPLE_03698,0.5548150221110328,0.5171249807848951,0.6190543140203927,0.06526803866583168,0.4532201566874098,0.05497700926143933,0.3551150652146296,0.26033478370791135
SAMPLE_03699,0.5385806118283615,0.35082631412522924,0.1633107713386665,0.12557452050959983,0.45573425760710196,0.20762974113818208,0.18567917893048153,0.9404469064894463
SAMPLE_03700,0.7950669723819488,0.3825215618171126,0.13125523262744804,0.30674989544220094,0.282064785522118,0.2772764406072539,0.32311603548037243,0.3422826953447352
SAMPLE_03701,0.4547050100779045,0.37259446462789414,0.5832222852270696,0.11639652440576914,0.38347797175962206,0.323358071228435,0.5519324930675494,0.935725303414942
SAMPLE_03702,0.9529133226997164,0.6100239724148377,0.637953681956816,0.4273753459392606,0.596522428770337,0.4624223034344672,0.3868882103407486,0.37259133035552305
SAMPLE_03703,1.0,0.9872917291911094,0.9804693021812063,0.8783446856801133,1.0,1.0,1.0,1.0
SAMPLE_03704,0.7620548134646107,0.6428267197686134,0.748644804102574,0.3650427965029613,0.5006360219736925,0.458998779319828,0.5238049386099932,0.2467106969878165
SAMPLE_03705,0.7390247070914227,0.6601376267762157,0.4742506276505839,0.19430626819607855,0.7256101270054905,0.2586050417107581,0.6507853401785659,0.9394923317461701
SAMPLE_03706,0.4952746437081489,0.2772478835096088,0.10625902607488397,0.0689231267229511,0.4793485818985499,0.05663514483003464,0.34521110663342186,0.9715419382598582
SAMPLE_03707,0.8662452850703883,0.23598751543236013,0.09340598058747018,0.18011617787747392,0.24042743598767008,0.327165985288636,0.12376009966122904,0.18239853149312513
SAMPLE_03708,0.6163144184717061,0.4552848540075048,0.2697603389348028,1.0,0.053765855717318,0.14384261961920164,0.0939774867585662,0.11726264424448442
SAMPLE_03709,0.860075925863474,0.06765603546448958,0.11800522517524528,0.15748077077235836,0.7067409696660496,0.2408885700430902,0.10986590883165454,0.3766694367379195
SAMPLE_03710,0.8318019552377733,0.13426334313205113,0.09080814288083662,0.15290073596481182,0.06491070466178955,0.2351829369385103,0.1221196923632745,0.1058492878728874
SAMPLE_03711,0.7544197036437749,0.7930930574740223,0.7748091180284716,0.07006601539454618,0.8347470342447628,0.1377571715168364,0.6323977455055628,0.930128729333987
SAMPLE_03712,0.7533774912202318,0.30409744745605866,0.4956457316118967,0.12562184727509543,0.47003071292403553,0.30570383114331484,0.308157405706861,0.9452686944493053
SAMPLE_03713,0.9455795921885066,0.2292919580254124,0.26391061751388883,0.2177221220193755,0.15966294628830158,0.16161944590800198,0.13230098054128953,0.2761625466630595
SAMPLE_03714,0.83740610695946,0.472588083035841,0.26126239493292813,0.3379487752684951,0.32872976198056697,0.43994572042188707,0.5976573436082573,0.39326224298482415
SAMPLE_03715,0.9220795079168569,0.42182177501772045,0.14268277816215474,0.15657437853896938,0.5509554345835654,0.14182482060396007,0.4131765557418303,0.5304469428400801
SAMPLE_03716,0.5420852605440497,0.5868203272465047,0.7409797925112382,0.19506991324801223,0.2542804665073649,0.07347886408736255,0.3981988383659762,0.9678710234342651
SAMPLE_03717,0.8564106316306681,0.03345916623284193,0.023273086208691722,0.0712065591757396,0.07198202805453287,0.18156387891749406,0.10295324240761647,0.0858856983840332
SAMPLE_03718,0.8590699300238018,0.26189810613318054,0.17880770071899732,0.1552041135440899,0.10813121356429237,0.22022823721225698,0.17396602178766996,0.09100596052053883
SAMPLE_03719,0.736474577993905,0.7674561004583338,0.6663533344379013,0.3764619652491754,0.4736160759062098,0.4694419105265663,0.49685931453838694,0.6724440258917267
SAMPLE_03720,0.7934026161950043,0.4330767179752075,0.3443593440868472,0.1329802172360282,0.5475408395590837,0.24246750021473512,0.5839901622203445,0.3350771884003171
SAMPLE_03721,0.2985684431979772,0.2909432119314489,0.3985577416270192,1.0,0.12703375782170626,0.1553784293814182,0.11062035761832173,0.057524712629257645
SAMPLE_03722,1.0,0.7888185631121174,0.7802362135650491,0.8842386323295041,1.0,1.0,1.0,1.0
SAMPLE_03723,0.21601167352591583,0.3275293523209684,0.2978834515208111,1.0,0.2401999206847058,0.08881584705904451,0.04441612109421287,0.02483823325976075
SAMPLE_03724,0.5237697532971352,0.8864025210838831,0.8649196108236508,1.0,0.18021650264466785,0.2308358011481724,0.25844051547674657,0.8785938811370075
SAMPLE_03725,0.46103982333533056,0.39050830857442403,0.5782005552948184,0.0997739177218554,0.3521595624829122,0.30949562820706716,0.3033408757194795,0.9477103774552676
SAMPLE_03726,0.7364624109041892,0.4567116437144574,0.6566432043716326,0.2901481009264922,0.3436702845175044,0.3915801545626524,0.6242142838728055,0.9153409985244585
SAMPLE_03727,0.7960660521006155,0.30252128189880334,0.39698610916892496,0.37669967122059456,0.5648150274630823,0.3659182307165699,0.31970746847199105,0.40306423154499116
SAMPLE_03728,0.4719868768275838,0.19341740835156918,0.3079096442814261,0.182379581462522,0.35316805561856834,0.17779664808307777,0.27911141339784795,0.821814747137683
SAMPLE_03729,0.5426031189159175,0.9383577746811539,0.8904111175397533,0.0915581498874916,0.8656564695739679,0.6828533185175659,0.7666933218311138,0.9421192144833233
SAMPLE_03730,0.7408346022712771,0.765704637486472,0.7206622936466934,0.31288466080841504,0.4912455506312611,0.2565170278989092,0.7506656699958738,0.6266796066978311
SAMPLE_03731,0.7677256784344033,0.2989647481034819,0.41165183673149264,0.24311423432303916,0.24572656978238594,0.3278081299413742,0.25057031111438716,0.4491856232269773
SAMPLE_03732,0.5224134100507447,0.6584268398898503,0.8721600589142131,1.0,0.06715306964926923,0.045653305658767115,0.49049485258203007,0.4097047761013004
SAMPLE_03733,0.31793249163832504,0.6707549844294711,0.7423678490935249,1.0,0.1901003795608298,0.30086508854233984,0.04996880652513259,0.04096412195039897
SAMPLE_03734,0.8002361094083673,0.431453220928418,0.44548851942679024,0.33856232162955435,0.6368676988127688,0.4291622993672594,0.6658801866478629,0.840815419177618
SAMPLE_03735,0.7344508620359766,0.5859283684580978,0.9249349150815735,0.14286716552535406,0.6683625194449442,0.3448188449183996,0.4505573118222621,0.8082190336505566
SAMPLE_03736,0.8835788812100116,0.3656900939330334,0.3372175928544875,0.27085582323796203,0.5346432940187464,0.518475797187896,0.44882345408987856,0.9382067621415042
SAMPLE_03737,1.0,0.5828781455423792,0.5110453023832666,0.8847500784829524,1.0,1.0,1.0,1.0
SAMPLE_03738,0.9019961309141562,0.0973569272435151,0.16849615503979348,0.1428863693617894,0.041902111049860635,0.17440566012020284,0.06322559924183153,0.039044634364576565
SAMPLE_03739,0.8782445157593413,0.2913664046462683,0.12755795219599675,0.27206176025390766,0.23471305692948619,0.4265982033204145,0.15155865946716396,0.3468192727682593
SAMPLE_03740,0.7469334963927823,0.028929890390440496,0.04011851762930821,0.1485024527958092,0.5739151149976243,0.3532447922341033,0.18061317064301277,0.3385002606276908
SAMPLE_03741,0.7436752734635521,0.14221302246101092,0.08995774256698305,0.19360083425824343,0.1165086284578364,0.26611892535114934,0.11986767627024715,0.07397599616870876
SAMPLE_03742,0.8514915700931287,0.1226609984320311,0.29757996888830224,0.19435076155767123,0.1559530519477292,0.29107595792235913,0.09852724904135103,0.24998706149186511
SAMPLE_03743,0.4006547294436484,0.7023974293098485,0.5210808769162929,0.0652846162258609,0.45304314476790775,0.11908457824678796,0.4518039174605575,0.29351368824549695
SAMPLE_03744,0.3512871292523562,0.7468247776010568,0.8100787292389602,0.13736711019378017,0.580358547029934,0.27501517052509705,0.47483963784586536,0.7864184453342691
SAMPLE_03745,0.30585957257371166,0.5407748887674232,0.4327488313995517,1.0,0.1953373253675485,0.07112520146089632,0.14455729090503722,0.6385753849501306
SAMPLE_03746,0.8714123182665754,0.1421619036841894,0.2706223176059237,0.25341651854360886,0.20437716471406325,0.2937582571656792,0.34207968791244864,0.20767601817739523
SAMPLE_03747,0.8315734786058917,0.4672158823178487,0.5783631544285982,0.3249915766973934,0.589910298087763,0.4246195240557383,0.5381887890963326,0.48177636739639396
SAMPLE_03748,0.2222070331907675,0.3126402154721182,0.3842962550720038,1.0,0.09963824966371532,0.11011047137786885,0.09836001205012043,0.09004735250749381
SAMPLE_03749,0.7863703960539066,0.08788134182579942,0.3295270999949821,0.0991850625962505,0.038256702212100695,0.2347158035537749,0.22778178420644646,0.10715297788099369
SAMPLE_03750,0.44793658212872495,0.41617705505076685,0.603881347717125,0.25621384134379727,0.6568646154731984,0.2562172094428571,0.6059937160137643,0.8884301026917238
SAMPLE_03751,0.5215770181425927,0.6981536415898525,0.7125595056828153,1.0,0.028532543329726753,0.03078615177530395,0.11597258489689877,0.02329613206417782
SAMPLE_03752,0.22587800781796968,0.4882353743403519,0.2506045465393326,1.0,0.019370225353929287,0.08960661891157966,0.07312699293020665,0.03511497827367033
SAMPLE_03753,0.38925042331327586,0.34102345387989075,0.19327964493428937,1.0,0.07179161177856379,0.06264384434610318,0.1281989944358776,0.30453573094764974
SAMPLE_03754,0.0316530214297079,0.37773828526516207,0.2034581173336047,1.0,0.24219862723695523,0.14834375159588206,0.056045548954271156,0.8427873597609614
SAMPLE_03755,0.8118997940202362,0.4483561748152358,0.7482441375422028,0.3517661716543172,0.45717827255820886,0.5337781567791838,0.6324549843226255,0.5258809240056692
SAMPLE_03756,0.470472360236594,0.3930517327679878,0.12201346982150485,0.09193185713159582,0.24872981728520238,0.1712376797324331,0.10529662355329003,0.9195767624140687
SAMPLE_03757,0.8739121356922954,0.19414195732153597,0.4243999537277804,0.18436373501456255,0.21176719173605868,0.1550565058003357,0.2051859978685499,0.21093390523253075
SAMPLE_03758,0.7507272236298265,0.31942359913850704,0.491645641602664,0.27980187022876396,0.6005797879521617,0.4031804951513989,0.338663013701389,0.8196708769689618
SAMPLE_03759,0.8689117699864191,0.20266981651148708,0.16946617613445705,0.050475154903815746,0.6931101718132189,0.12109172595144595,0.14804201316147989,0.6015924797102112
SAMPLE_03760,0.7345206517032323,0.7728819902857864,0.6019343649345881,0.3693238867082755,0.7302526547358197,0.21196670126251466,0.6870803535077,0.871806144801228
SAMPLE_03761,0.7998675591373032,0.23847045874748052,0.15082269755962419,0.16221753597716695,0.2143607480630157,0.40109744539951336,0.16643568142665888,0.17311059828125056
SAMPLE_03762,0.43695091206400877,0.3626882570422696,0.4797175597987807,1.0,0.30372581902247403,0.1727004731793984,0.13932243095950775,0.3220022960595484
SAMPLE_03763,0.750872686961775,0.309408214053866,0.2935178898222274,0.3261506657232601,0.18679819165345385,0.3387512914120217,0.2852790297507304,0.3367470138224582
SAMPLE_03764,0.8617434313042889,0.13732358168691136,0.1506369706427918,0.3158824285694153,0.4387473107345116,0.453661792882465,0.19172210158804331,0.9006205305432204
SAMPLE_03765,0.8247429695373836,0.2754916168426274,0.16602178540059992,0.20092032644217292,0.2574362345224848,0.28002181142799415,0.20934116070122383,0.21222470224688383
SAMPLE_03766,0.843735560868248,0.2911173108158705,0.32914096255617653,0.18927190594434376,0.5590704270383071,0.2365999222400224,0.3003845522516123,0.3821626435656913
SAMPLE_03767,0.9032461468678361,0.12594969678856222,0.06923430932921784,0.19774402772628633,0.11640257850936246,0.22196282488394004,0.28286906387378885,0.15914293431255672
SAMPLE_03768,0.21722306474532144,0.08243364545626072,0.044585573029652145,1.0,0.10788997310089282,0.16509316439950225,0.05776508121026533,0.8215377940250488
SAMPLE_03769,0.8987459691296136,0.06001195870062648,0.047702163943413464,0.35153826615581485,0.10884812978888508,0.30662648132237835,0.17879777477563352,0.058920027833259184
SAMPLE_03770,0.12255642803881762,0.43348919542963077,0.42164084637937205,1.0,0.21173088118194794,0.17287539654713543,0.09747429774181085,0.8725648180161272
SAMPLE_03771,0.8295449923613356,0.14331426554126703,0.235252720740252,0.15873110387879583,0.1196752098307769,0.25354501558440384,0.2250731624543437,0.160538132389369
SAMPLE_03772,0.9099123228274875,0.12644587289761527,0.22889343542540436,0.18717927540301663,0.2137306339404,0.3382059197087217,0.2615543223921966,0.2876862156811458
SAMPLE_03773,0.5174925577581125,0.5261537656461552,0.4734033423203954,0.16466283461953243,0.5706634444690426,0.19377754643520653,0.3139382912388678,0.9224801382352164
SAMPLE_03774,0.5583409114181178,0.8469999517311377,0.8300486093285067,0.2371820641465439,0.5193994801852528,0.21536972519824327,0.6642925979700589,0.9337217615664116
SAMPLE_03775,0.9047460013202507,0.4244368877088581,0.1295389205440955,0.2981177411270875,0.22356205819329847,0.4157915336661789,0.19549968470935042,0.4208713902460486
SAMPLE_03776,0.866744073506005,0.21691074283468817,0.2497753393783792,0.24406522513924594,0.17072665156987102,0.17281692204583102,0.12907465972293994,0.07555370075007609
SAMPLE_03777,0.5491042753692494,0.22539607471494755,0.24077040068620467,1.0,0.37828455828168245,0.13922431276141925,0.04904997048528653,0.38034875139622626
SAMPLE_03778,0.786224233386623,0.1530176194443955,0.213736960364736,0.312923223028942,0.08781764271576514,0.32322936410324116,0.13186786636256836,0.4124480874493909
SAMPLE_03779,0.8514092053155996,0.3110185676052213,0.30913990608704817,0.19999766096410296,0.1747850811623586,0.3165889951563539,0.27119943293390064,0.17403113488309974
SAMPLE_03780,0.6621527252666803,0.3028287980567116,0.5350512500588279,0.3209538414353638,0.47915477357560576,0.48645817583999607,0.589643704325744,0.9197682767163067
SAMPLE_03781,0.44793009681411156,0.6899313492108974,0.6190917104450409,1.0,0.03539313944315388,0.034800737397067974,0.20328763500095803,0.6865054333396587
SAMPLE_03782,0.75543894515871,0.5639151604429321,0.8403040317145278,0.06847205930159606,0.7089681325686987,0.2532380179529862,0.2287316314881644,0.8603771174476538
SAMPLE_03783,0.8640774842959174,0.17718782048768758,0.2873984295910453,0.1984987590406109,0.27663012637232687,0.3658394284912967,0.4057750525793211,0.23922866242758348
SAMPLE_03784,0.8082209942264744,0.21781974481458036,0.27406461862845616,0.20744959251546566,0.2922346390877152,0.45412500597326233,0.4794227925723535,0.3360442472619477
SAMPLE_03785,0.9172461477141156,0.7510096384492082,0.8416839133736161,0.16893419223988615,0.5704924638115283,0.18119805321644367,0.8173228190774076,0.7846094250602973
SAMPLE_03786,0.7864417821359142,0.6200741198389549,0.542787902635959,0.08394046116285228,0.4096371028344966,0.09650645006233083,0.5139394897719306,0.8583481702215845
SAMPLE_03787,0.8165646858464124,0.3050366282129029,0.6560267792897612,0.08440394185942461,0.8162527140589064,0.14671692052619215,0.2810131317297507,0.9593268595583142
SAMPLE_03788,0.9344129282191938,0.05660227438790611,0.23022819665703437,0.13915012866790505,0.6372150161330529,0.3312648116534245,0.3933794641453643,0.47241447735325004
SAMPLE_03789,0.6121279237878847,0.7071678395199892,0.7731534399653068,1.0,0.32811818547735966,0.44311621766180187,0.6389784797261854,0.6846593443938351
SAMPLE_03790,0.27939137516343804,0.5915757230292531,0.4226723670751129,0.09460860762482316,0.4147665919015103,0.19744335249768735,0.1893102012357874,0.9726846697535718
SAMPLE_03791,0.8465773833699348,0.12190326505639398,0.22181003381699926,0.13907291350071704,0.03617178238692849,0.44191000485012866,0.23566650510475715,0.04362880425324535
SAMPLE_03792,0.7601386194652627,0.19443797690297038,0.24369935436912316,0.3656495348189209,0.29051228799669915,0.40971028862582703,0.09891656479038939,0.3240600652025737
SAMPLE_03793,0.4998818765457616,0.7638656763994939,0.5725711626863534,0.2731001243394639,0.3093925844662375,0.2292765422137322,0.584893370845015,0.9365060049191696
SAMPLE_03794,0.5368026445771324,0.7996637031931217,0.830507848251772,1.0,0.056597193254260256,0.28999987179405456,0.7305505675442292,0.39953055878626254
SAMPLE_03795,0.7699601069516697,0.8263325634842926,0.7471413232914936,0.7771064814610584,0.5929188567710043,0.6242430017926323,0.8656085343955868,0.9322880254005457
SAMPLE_03796,0.8347317767390929,0.5946508395725768,0.7874673116592577,0.3128040249232059,0.8475606578287993,0.4788629790450378,0.9123958422076632,0.7882162649626688
SAMPLE_03797,0.25928615946855466,0.27595097610687724,0.3192080666867944,0.29647483586600726,0.30365521302438175,0.1143360565436798,0.11478340467948693,0.891987418697759
SAMPLE_03798,0.797710711526235,0.26490637277086715,0.32830723072687157,0.25761750905969655,0.24444928997953985,0.2572419565980658,0.31346138799348017,0.24564824529227797
SAMPLE_03799,0.7543283684382318,0.013755834667523318,0.025469022472906083,0.2548782320127821,0.45944828301810814,0.30078633538281246,0.048186515172307855,0.35823861781107
SAMPLE_03800,0.3034012921194766,0.6404622335665808,0.687750020885572,0.19726739800420337,0.443558577935972,0.21684863864337026,0.2263279957544426,0.4718544697295565
SAMPLE_03801,0.2862771365601204,0.4272270658175521,0.2471513694469059,1.0,0.029557266324223876,0.050981514103452336,0.05300875622457384,0.037408632472242014
SAMPLE_03802,0.4834378887448391,0.8383749834892461,0.8302826842127444,1.0,0.07773183565343726,0.08313314295046495,0.1791367893787826,0.1798220010611387
SAMPLE_03803,0.7651920837151929,0.650198507161258,0.5121540199106905,0.1918017672378361,0.4403838431531151,0.3604872696118049,0.5302671761972578,0.458573442734157
SAMPLE_03804,0.5268225883642725,0.20720519817073452,0.34973898757876476,0.15058206155671025,0.36323185816439446,0.3148207598691135,0.157061876695183,0.9505205437459412
SAMPLE_03805,0.5182664709109385,0.6391368659559582,0.7470792364071155,0.17216157716827965,0.281040363947777,0.1896192107404707,0.5432945431914824,0.29873908819068096
SAMPLE_03806,0.78442368455902,0.6924634477339799,0.730551768365221,0.13612134862097156,0.670581642590424,0.23482942123878167,0.4616835328331176,0.8263194553218514
SAMPLE_03807,0.8722457102310537,0.16644092759977958,0.20637176202048674,0.11330323933358424,0.12407229760370914,0.2534805494811475,0.16245788050699117,0.09631802835789302
SAMPLE_03808,0.7741832846597612,0.6106946741198573,0.561875214825075,0.06042207838619627,0.48741050713276735,0.20129349717338313,0.7257645840728464,0.7767377427196537
SAMPLE_03809,0.6152282310931507,0.3510987986860952,0.41633420569097296,0.10846609813396116,0.5220268056947169,0.22851987124800846,0.23813268473876972,0.9498826105259008
SAMPLE_03810,0.7922094524848741,0.06894212922379703,0.14953096428724283,0.24486579997001054,0.20549989283538087,0.18808363614823287,0.14552873187644946,0.14725420107014517
SAMPLE_03811,0.39001976413703693,0.3270540680458077,0.3887535614154089,1.0,0.17655361697583558,0.03962288948481013,0.16596274333254432,0.2610468286914632
SAMPLE_03812,0.7037787735945975,0.2088235818771499,0.33499468972082647,0.35054226439819375,0.2737129316739148,0.4575566909501946,0.43763443900875243,0.8840544038898601
SAMPLE_03813,0.2364137490977889,0.5959036112425332,0.5310858160700463,1.0,0.07789096722871114,0.03563879687426745,0.20992991022543325,0.10977172532815768
SAMPLE_03814,0.8630715591712429,0.1346222451835397,0.13726912830257326,0.25394731745381033,0.2686978115757078,0.2416751427200876,0.26686114811524236,0.2935880381851007
SAMPLE_03815,0.16225468374468996,0.31977689357074157,0.37973701639437146,1.0,0.04952743099163787,0.1173064955709051,0.061200365777645316,0.05276234266959966
SAMPLE_03816,0.7723886827151483,0.6139018461581831,0.6725852089992277,0.3545202135857532,0.4933473167523091,0.46505209759063926,0.5372133279050935,0.90293283476896
SAMPLE_03817,0.9010794241470379,0.8041427593299539,0.790168373154955,0.3162850252700416,0.7418910445456882,0.455910542209674,0.6728143279082739,0.6695062048132385
SAMPLE_03818,0.8987454614722123,0.15213727354618434,0.14041607855781452,0.3097764202365693,0.13211481637664585,0.26639393468742445,0.41331918790380084,0.38999439220824683
SAMPLE_03819,0.8070875686716261,0.5345380646395959,0.580042251461073,0.29888736129918586,0.6716463351965293,0.3346057556158328,0.6276126811827171,0.7579588049197938
SAMPLE_03820,0.7741448052156497,0.2950397546733662,0.26387158931380006,0.3271576800615415,0.3834605930828987,0.40583396639746083,0.5447318326693612,0.4073660516558759
SAMPLE_03821,0.28928484859207587,0.47904818088457535,0.3302572560260828,1.0,0.17897079355383205,0.11868083529756056,0.12550589553419172,0.10873177270062936
SAMPLE_03822,0.7962143769544734,0.03347788932075317,0.07093093292583263,0.08554910235367438,0.1958061770434489,0.21937391938246956,0.14166327602882106,0.24297397779964403
SAMPLE_03823,0.8810788006589548,0.1049589810454978,0.23449277836972038,0.1715843445537181,0.6712317701083443,0.20765669154570485,0.03428088870404066,0.40844344483416295
SAMPLE_03824,0.8610786383661342,0.6552316414272005,0.7049242045028978,0.3142763603742865,0.525357031960785,0.44326963847033485,0.6536655527515844,0.5373270699594541
SAMPLE_03825,0.8854123812592946,0.10320170818224957,0.1482701478280564,0.2083665035661857,0.08648133907946151,0.308672236132289,0.13549887129952534,0.02476698002652948
SAMPLE_03826,0.5282115742610041,0.3763779111107938,0.20442557940272266,0.30363760659999206,0.2001936419044537,0.4028653252705167,0.6028104961081867,0.9434208923590903
SAMPLE_03827,0.45913069820228686,0.25318074380509203,0.4091176708669211,0.14108156428635288,0.4182847184525108,0.23973970437615802,0.17964830610503382,0.7086027700463755
SAMPLE_03828,0.8804117841013495,0.4613008943690685,0.4379292450861535,0.16430448217733443,0.43112327122867045,0.44352002649518757,0.6518084944495575,0.3171765028385738
SAMPLE_03829,0.8585784371368932,0.4180302513174592,0.38914421261306403,0.21055722136915164,0.22519977345062797,0.2836822953040063,0.2626354481865068,0.35758670899891987
SAMPLE_03830,0.6318892602490775,0.2968322897167348,0.323227563001891,0.07725414481934624,0.5056797134139491,0.09204414409045791,0.4972136089683465,0.450763475171413
SAMPLE_03831,0.9264127580965391,0.26781678749890764,0.19174978987513447,0.14751633803325132,0.04326310901894401,0.4340434854083684,0.22142566207076747,0.09174655585008228
SAMPLE_03832,0.7696852728978881,0.07184008939183736,0.0648883493726967,0.2567281259833323,0.08115985311780845,0.24423406603574127,0.16474827597095426,0.26040668571542586
SAMPLE_03833,0.12502519369759857,0.42023507681850225,0.3658478290351638,1.0,0.04563206654613443,0.09597419269593828,0.020730469999875985,0.7092645848621828
SAMPLE_03834,0.8080575373695529,0.28906404065631897,0.23604513494948165,0.19130443718986223,0.3457289688535655,0.3816072956347333,0.39312026395033106,0.4429425269811679
SAMPLE_03835,0.3349706329761617,0.09125720399663227,0.10255036252172767,1.0,0.15334293021965745,0.1336835541517386,0.050328963879176555,0.8408773273535133
SAMPLE_03836,0.5888790315802853,0.40173164535380357,0.34766082842613,0.04258736060708511,0.3001502807689811,0.06565991738457783,0.2977895786184016,0.9733698168863065
SAMPLE_03837,0.8852459528487825,0.06933046464019525,0.17472216788635708,0.17788917813600993,0.19286666435655753,0.20508013886025644,0.1863011752770693,0.151837066710386
SAMPLE_03838,0.8122292742040049,0.26624975915952354,0.29202733567873607,0.1965330000386412,0.578933705626513,0.2989828449696513,0.42440551605320187,0.8899615788988513
SAMPLE_03839,0.6333889753119237,0.7300568176792387,0.7865122381332793,0.17050957673313252,0.7133849758976526,0.2883303392098724,0.5876841040917359,0.8635317123458203
SAMPLE_03840,0.21318113597989247,0.5993266939486275,0.5756416354351087,1.0,0.054478471860259184,0.06446956295150313,0.10257604213737971,0.015571766325945188
SAMPLE_03841,0.8251265385983824,0.4561041882124441,0.5565762044507199,0.22227873947103363,0.2800614843967565,0.32139066441542186,0.4774001172623701,0.3789278494705629
SAMPLE_03842,0.19969765954829774,0.35418077279088056,0.14911372299584252,1.0,0.013138039227748546,0.03712919334645329,0.019476153833701177,0.022203748478970522
SAMPLE_03843,0.6564291322708427,0.574050954296514,0.5822088641774683,0.11662327418175217,0.6968246381172076,0.22807703415628872,0.62210792025633,0.890120300658347
SAMPLE_03844,0.7952322647454912,0.18400125115503524,0.32003253935765474,0.20959531177582752,0.558938592845881,0.2607141007817984,0.3391327352413903,0.456054952108636
SAMPLE_03845,0.502877208341858,0.5112906033663526,0.8034519606341322,0.1255232853584753,0.6061109572871674,0.19930909364894914,0.27293753817515204,0.9716097798566783
SAMPLE_03846,0.8927448083493479,0.11640113780908867,0.24454697040445533,0.3067816355347298,0.30698187566839574,0.2293858324155174,0.385370623866242,0.28993119653939503
SAMPLE_03847,0.6023636868043551,0.7860412221500812,0.8227295321957794,1.0,0.5324463192304335,0.12835230567061226,0.4086200634269659,0.912030308927698
SAMPLE_03848,0.7803806226364081,0.0817972646886351,0.5392094415199966,0.14870101227326984,0.14619377976157816,0.18694022908927027,0.19244291617803758,0.35982170078287845
SAMPLE_03849,0.29182784545109025,0.6857594745225684,0.69402617637774,0.05890351142913195,0.3367091461575571,0.062469366747179,0.2865582372921939,0.48939652322195437
SAMPLE_03850,0.6132182214908375,0.7011039190714206,0.6961909682503056,1.0,0.02645107253218152,0.09338688808930035,0.35532964455563265,0.1216388139333999
SAMPLE_03851,0.8602359064654255,0.10403951026948163,0.29313941039166247,0.20539581540704568,0.35578808914470106,0.26486367865189825,0.24858930443882177,0.35301454143451305
SAMPLE_03852,0.9356628119567667,0.19754575638261263,0.4357161964904433,0.1938422191020108,0.19678192540768422,0.25335486902538745,0.12365256915042153,0.08436946696350907
SAMPLE_03853,0.6642031647201727,0.6868747129428616,0.8190692418105436,0.13575560835227002,0.4518997162919092,0.3628489439746013,0.6839285144097595,0.24709079229454053
SAMPLE_03854,0.7519654419491147,0.47068165727674605,0.6502877267103461,0.174500936802799,0.5147914386911465,0.3312728490150888,0.2847998608612696,0.9003240872724505
SAMPLE_03855,0.1992180808585126,0.23468138617813766,0.16106593444625283,1.0,0.07691757654760882,0.10679696024908077,0.15831311560257866,0.14907341569363688
SAMPLE_03856,0.9099127469631706,0.39403455575649404,0.28199119696030245,0.19071265069445958,0.2018055231340813,0.4119126343010058,0.268002147352406,0.2190441266091402
SAMPLE_03857,0.894244417464165,0.35162487722988267,0.49299876053443886,0.17196959095117803,0.306479705676012,0.27314032874916677,0.6004076165962465,0.4627654418759698
SAMPLE_03858,0.4139208191468391,0.24519174697966423,0.2735732652294143,0.17945156504528378,0.4759856620448537,0.35340691926403134,0.2976394839168509,0.8595159522446302
SAMPLE_03859,0.0683888412003206,0.26666069827104183,0.28627530663889506,1.0,0.08200603033141446,0.11083044578504643,0.09216355615080458,0.25042634122462337
SAMPLE_03860,0.10220086946476362,0.24877980616750925,0.21665691804818626,1.0,0.11918239199615342,0.05862663994872926,0.013622966785078279,0.15745758029771048
SAMPLE_03861,0.8624103050232619,0.2563495907207057,0.4252268831241839,0.1861452315005034,0.0797050150623351,0.18813030344342938,0.5012707529658229,0.2903633916424792
SAMPLE_03862,0.7633768962598488,0.8738145897124201,0.833980882430803,0.1263621503550215,0.5207342947508834,0.25383566124630325,0.6841333236395908,0.488551146820667
SAMPLE_03863,0.7441256730900071,0.3711702318634923,0.6400342990621704,0.26040485203080443,0.33377621123162243,0.3340811097878365,0.3710241882015757,0.4234658779078188
SAMPLE_03864,0.588617252649125,0.7955728409607145,0.7311052591037913,1.0,0.021178519591810056,0.029791647884173447,0.08599053941845262,0.38046822577235234
SAMPLE_03865,0.7244321478954673,0.14886521461955968,0.3772405534767357,0.2166415217827168,0.3458361418375602,0.16459796596161397,0.21197324539210402,0.16989237819775832
SAMPLE_03866,0.218073434341555,0.6654702707516795,0.6948294292007022,1.0,0.11259717476987333,0.19652578710879173,0.11343958877592145,0.8101909255244364
SAMPLE_03867,0.7611357893954975,0.6018350302970263,0.5498261615188821,0.051090610310265225,0.6312400656384551,0.16863220473819177,0.5350176449009393,0.9706895396169988
SAMPLE_03868,0.232091262566444,0.5042463179065578,0.6338069857684178,1.0,0.01472491143677558,0.03814104434978743,0.2787536515341905,0.17221120663608397
SAMPLE_03869,0.837381936742027,0.5678750118802388,0.6226567459922798,0.16350485928925532,0.2803491678174993,0.41220411010177266,0.5013897511434847,0.2985568929000101
SAMPLE_03870,0.4125785440939487,0.826701975036734,0.6413750789587398,1.0,0.31498841022082846,0.1211905190285427,0.40113751352581356,0.635428063798626
SAMPLE_03871,0.8429090663892411,0.08404569838057227,0.028156997307552684,0.18881689138756202,0.1722311069441312,0.27166348141009733,0.07193113870730881,0.08778853585114985
SAMPLE_03872,0.9364128438883889,0.5608622667319952,0.758569126319617,0.35501920469920734,0.6507931120649509,0.42894644321762454,0.4781571248132069,0.8221508547034564
SAMPLE_03873,0.276130725552483,0.453040658347376,0.493662549674152,0.16884991501804017,0.3329527652395752,0.2205420592559854,0.25834020858874074,0.7244143343315737
SAMPLE_03874,0.873238737635945,0.6339345857225241,0.3785021725549307,0.11581128251965425,0.3752051989193756,0.25667399050365014,0.38953045475746534,0.419710887800471
SAMPLE_03875,0.823075024769318,0.6433574221130218,0.5834507675498538,0.3192231249571482,0.6536012867045728,0.5014923209823519,0.9634578403305389,0.916268756183376
SAMPLE_03876,0.8532421443164062,0.06921490348476717,0.0857477782089456,0.13926513169425356,0.19358393376029814,0.29860611882800014,0.13457339278956362,0.5278791904356903
SAMPLE_03877,0.8820763304438843,0.04976728204617584,0.07209058161299627,0.1368553661846011,0.07119344409932045,0.21485886710586954,0.053918698890830966,0.07111261584942062
SAMPLE_03878,0.3763787010473612,0.2901731204179969,0.5017162646069813,0.2137264355278081,0.6241364470748872,0.26478247085853784,0.21946608389984051,0.9444866341524607
SAMPLE_03879,0.21546206887670183,0.25955882768775357,0.2486547801703572,1.0,0.13139703149204462,0.1443332709518558,0.07932534121287141,0.8549065760237632
SAMPLE_03880,0.5577579618565105,0.8240956050142978,0.6893832920693377,0.11465150850322021,0.7638684636165869,0.3476004978381929,0.5098585561029313,0.5984956587093737
SAMPLE_03881,0.5606752523656646,0.6123916819085502,0.6182700255691417,0.1922461844792443,0.3058507589610871,0.24095876798197335,0.4368803544268207,0.8132847017608443
SAMPLE_03882,0.7904251606648776,0.7967457753855507,0.6591736658501259,0.06506734834674381,0.4352969943850912,0.09132507329070727,0.7028225517882326,0.788816072124459
SAMPLE_03883,0.9062461039645566,0.07931950978037185,0.0869479862406375,0.06620775368186403,0.4469625406285842,0.14855381616581043,0.13371203218813082,0.3577785537978
SAMPLE_03884,1.0,0.693887260509011,0.6035889581230612,0.8879432383145638,1.0,1.0,1.0,1.0
SAMPLE_03885,0.4581515827982429,0.2538591089596428,0.18906526655441153,0.23034621216377094,0.22031628575210044,0.2329552756267747,0.07541166229520685,0.9184006620697079
SAMPLE_03886,0.7290951490494582,0.22954760239940095,0.16999903184181725,0.30025141273538836,0.18711757913352287,0.29840744293916116,0.3239126748799852,0.3454884688364702
SAMPLE_03887,0.35867047292341714,0.10772534018981528,0.06155277096944003,0.13904498105505766,0.3585876888984082,0.14450456310817078,0.2824347164511035,0.8851241592973557
SAMPLE_03888,0.7858964115474143,0.15771057727244134,0.05745510041526111,0.2762886724367599,0.2808175627991236,0.36227459563070696,0.13608676325030294,0.29694452333445126
SAMPLE_03889,1.0,0.8343488063574689,0.7182341762295581,0.8831782956863257,1.0,1.0,1.0,1.0
SAMPLE_03890,0.8527415657508535,0.6421708927837726,0.6739134393420685,0.23766920951169448,0.29044632925331004,0.35810580132457664,0.4363781250817452,0.4610809645497581
SAMPLE_03891,0.6372297552003375,0.36390468111784036,0.19364944923355715,0.1304138988769401,0.5266752153813917,0.16289953354716227,0.7380983042514704,0.8941906613677859
SAMPLE_03892,0.8624114218137551,0.27427049030994977,0.36096199611196766,0.17525572747781257,0.2535954379946281,0.2975291136484104,0.1828386360807049,0.21775279453178453
SAMPLE_03893,0.2578354729530009,0.4422412837545512,0.49335092639746364,1.0,0.4051351819947463,0.12033386397294035,0.3850793864839466,0.729684125520216
SAMPLE_03894,0.10606677790172057,0.1688572853365714,0.2362649419514399,1.0,0.017838542995005098,0.16335039922955566,0.06484073793980229,0.01226674896979954
SAMPLE_03895,0.4171876564460577,0.3961781809864729,0.4072648458375048,0.11396798918761489,0.16652676600786975,0.18008747553567653,0.2653590353935444,0.9683617823320696
SAMPLE_03896,0.5619437437518533,0.2260470370647049,0.4035527696505307,0.2031602251405195,0.22684070948065432,0.262770742043822,0.27160149937539585,0.7207868161964281
SAMPLE_03897,0.777620868566635,0.3640595001957778,0.4193761414339031,0.3128297484795708,0.4547084641847868,0.4160409617012991,0.3740166077956607,0.8407284181619752
SAMPLE_03898,0.773408899998625,0.6690892297201356,0.9592498424924838,0.24752412681472735,0.8426909436739274,0.43898191811017473,0.6633283149213949,0.8845877693494506
SAMPLE_03899,0.9107459762563035,0.03830865887192373,0.17489951580982255,0.25607680428108287,0.10324485003440487,0.34576852129358127,0.23002523762908972,0.06323013762428294
SAMPLE_03900,0.27508668065307984,0.8838604994961898,0.8950485560990618,1.0,0.3137885514733709,0.056958915885551666,0.4282012946171795,0.9330625972470025
SAMPLE_03901,0.9358295441186733,0.07176770713340822,0.06308360841621265,0.20034649502431515,0.2741954497868323,0.1262702735220481,0.22330176361382215,0.19486216385927618
SAMPLE_03902,0.62243913082081,0.9508209182872698,0.8575291295268253,0.1715811085216716,0.8050334818273479,0.3866304384061364,0.5281586207018731,0.9181604012111901
SAMPLE_03903,0.23472522828386175,0.5933338845306357,0.8518780504678893,1.0,0.07519344756190847,0.06815817806978051,0.34318999555023305,0.36126144358152934
SAMPLE_03904,0.5237899628165888,0.18907672343812126,0.377689931028516,0.10527585919270144,0.6012264325296717,0.07482751643008194,0.2813013996138214,0.8568247826751598
SAMPLE_03905,0.8532447196842579,0.34562386751125007,0.5534066170207665,0.3601237912611049,0.23252929311442472,0.44976029155093195,0.3425737123573128,0.5687214616005165
SAMPLE_03906,0.6918519464238428,0.2722964027140342,0.34710903032795615,1.0,0.3743898922880535,0.2470319593793295,0.3111593835950302,0.6580677726502324
SAMPLE_03907,0.9132459216531874,0.1665588468416256,0.5447786991489836,0.15140090120045757,0.1265578600027766,0.23987873568686904,0.2266192723284187,0.06753620868533758
SAMPLE_03908,0.329973771407112,0.5420789369997638,0.3582627389806569,1.0,0.2268253502236086,0.1406717108198819,0.13984402581636438,0.20856927721491883
SAMPLE_03909,0.4486028314394333,0.11359854826094215,0.09800587080290271,0.09080672670374476,0.5186458645724147,0.07734020088884294,0.19713285680417958,0.9592209002368397
SAMPLE_03910,0.7233832233438893,0.15993644776320323,0.38569700534780726,0.21278292800300613,0.12040278953058253,0.2709442410607282,0.11517845013950058,0.19746720955055974
SAMPLE_03911,0.7687215304396338,0.4607631533273322,0.39961201788593953,0.37410131591429213,0.8086710031914724,0.560424838996499,0.6250151013822423,0.834601099892487
SAMPLE_03912,0.7371416495946601,0.6422610968453177,0.7260575640449848,0.3882979092199085,0.2849309947330744,0.40534388661627596,0.8063353745998729,0.6615640082385028
SAMPLE_03913,0.850744408506579,0.07167486776757873,0.12239400221576788,0.19801184567224245,0.4166902119508826,0.13983604789002124,0.12410724962235457,0.44073823141069857
SAMPLE_03914,0.47695114629200047,0.4780435893364918,0.5389573647880876,1.0,0.1226661009210835,0.24822014095603098,0.37727316222993124,0.6017568960117117
SAMPLE_03915,1.0,0.8226391322841581,0.8788132042219678,0.8749697174534362,1.0,1.0,1.0,1.0
SAMPLE_03916,1.0,0.5808332179857361,0.61496157240335,0.8652423556045361,1.0,1.0,1.0,1.0
SAMPLE_03917,0.8197291577189896,0.37874537331292124,0.391826797587438,0.37864850649558596,0.3888404990504119,0.4775557890008585,0.5145259015586983,0.7985986631088868
SAMPLE_03918,0.4966127908459711,0.1747222957964268,0.17162028270501956,0.08566071573311493,0.24703967200315746,0.16721287054198664,0.3296542072724036,0.9040354080924113
SAMPLE_03919,0.7021588461869824,0.49285852040905753,0.3839554423812185,0.36394070635743087,0.5067931156498494,0.5119470658796361,0.458803693202423,0.666667540614742
SAMPLE_03920,0.4435559886371553,0.5368946795717107,0.48986916490819615,0.2744482705810613,0.5371605078634305,0.2294347160715248,0.3960328535047839,0.863349522196593
SAMPLE_03921,0.25831886360217915,0.33725032488902346,0.3769166343650648,1.0,0.5291120583379323,0.11065725398051275,0.0899005192251576,0.9167248016640599
SAMPLE_03922,0.9247461865002222,0.17692579305838912,0.3402497267799446,0.07643353328088918,0.1651924525172448,0.12823763831088203,0.2056196122324064,0.32108176614720274
SAMPLE_03923,0.8254008553765433,0.7085370415094204,0.6186641542480891,0.3132342813589578,0.6014790799552983,0.5417196499212531,0.7213746000915583,0.5625169557259392
SAMPLE_03924,0.3110925702563724,0.5733384185362439,0.4065649925518395,1.0,0.4479122668616884,0.1488828533323288,0.32805111648100493,0.3686670914756731
SAMPLE_03925,0.7413170490727878,0.30168626034122303,0.3921095458535046,0.3099687763585968,0.28897521547186816,0.36356013494058587,0.5190368372171376,0.9279361487390551
SAMPLE_03926,0.5785928518553448,0.5777233833801008,0.6832842296559606,1.0,0.13928435848547233,0.04179491008764662,0.37159672580492564,0.49555898376191543
SAMPLE_03927,0.8463970918678778,0.28134916048834757,0.6556115307083558,0.2712734512648716,0.1453749987506905,0.21756439229539742,0.34396593394402475,0.10677262427006914
SAMPLE_03928,0.8589115995712028,0.09135649887034387,0.021174662005557995,0.2014335197891504,0.5306856766594532,0.23313786693880156,0.13893639923289247,0.20748561147565125
SAMPLE_03929,0.8224021718094547,0.09128550704469239,0.2973344274754662,0.12609507300384087,0.20234154619333214,0.31920537310591923,0.23078513954761495,0.39867330352285046
SAMPLE_03930,0.8520776952956897,0.00955973777077607,0.022651489555151477,0.16882351430962525,0.27864314859104417,0.28953650864627883,0.05878873360875181,0.08969934716244517
SAMPLE_03931,0.43472464764784874,0.12786563834215361,0.2206103394142006,0.12126956893065807,0.33842728319877596,0.21236640192807563,0.1324145414670818,0.963317461988606
SAMPLE_03932,0.11924483397714476,0.35816011319782737,0.1903708729752372,1.0,0.0435296862198022,0.0857960455182644,0.009359617339636944,0.057229037298137345
SAMPLE_03933,0.6586533164441406,0.8318415313227349,0.8768193170384515,0.07792466776061316,0.5227201929209055,0.19341356625870176,0.41812758864323557,0.9707824147622937
SAMPLE_03934,0.520303478489449,0.5169402685145363,0.5594182742318446,0.10776691362194302,0.4745387085350389,0.07168920958729376,0.30398730704594473,0.8482648167756451
SAMPLE_03935,0.7803916710886711,0.4993622968591288,0.3100526850792097,0.3609250797671665,0.5663675796372147,0.5651819787749637,0.46751533708438464,0.8980243432311843
SAMPLE_03936,0.6443188017530905,0.5436455895940882,0.5033604952890482,0.12823725065689748,0.5391103177435118,0.17846621841389032,0.4887916591013205,0.8743474419403795
SAMPLE_03937,0.8780789093061834,0.08512469548170316,0.11017921211622426,0.2212829928285928,0.40101036852269534,0.302548113376412,0.28442828732700176,0.4371367055442013
SAMPLE_03938,0.785736597535911,0.44683262728918305,0.499473165856853,0.2886161826134078,0.6879509729282376,0.5348560577921969,0.724940608702868,0.8692596212866552
SAMPLE_03939,0.7824211922407964,0.8760846161080607,0.8857759190082126,0.12624486014546402,0.6399800359148311,0.20702947149808826,0.7327175892063591,0.9027176119225231
SAMPLE_03940,0.5496416886488449,0.3766607647880123,0.5793356283828296,0.09810586263958401,0.42880272153097465,0.15824733491334636,0.3506006382041631,0.9327528143387869
SAMPLE_03941,0.8590749990560285,0.25660469619448617,0.21754806000647736,0.09364105476012644,0.5903796049644155,0.3641818258750722,0.06119222658300562,0.30376808016245727
SAMPLE_03942,0.9020782470954969,0.15455042038226763,0.1462631998698506,0.10321938279352909,0.1617939386386743,0.2085327690250358,0.29427406363931913,0.11094585619080152
SAMPLE_03943,0.8654118133637401,0.048068430910162156,0.061184754711703655,0.23551688593165096,0.11976076972687949,0.24898606726471412,0.04799308961364215,0.14343237688070082
SAMPLE_03944,0.7710028942594873,0.08370168340751642,0.08509992924326319,0.22881071309676324,0.25562951084379154,0.14650778350597102,0.14561719623981442,0.09345492188346083
SAMPLE_03945,0.8942456488422652,0.18727403501245868,0.12726583617351456,0.24604986956539623,0.4599502490477837,0.3745969137468833,0.37678562572593743,0.8881712734032511
SAMPLE_03946,0.3913987614840702,0.5460416134311608,0.6616128118594832,0.0829424043265704,0.4022050981231586,0.11445257944637341,0.12943821690367968,0.9466093053561073
SAMPLE_03947,0.8003876526416114,0.11206393917609826,0.1635397116997387,0.23031052577134264,0.2816279313329015,0.45159303666420714,0.30866568909750014,0.4140676288747392
SAMPLE_03948,0.20892341221599706,0.2531059116674286,0.1488497689742265,1.0,0.062080069223224704,0.058639937832600054,0.09922453707487537,0.3723891343849375
SAMPLE_03949,0.7534198043506025,0.37519874802575426,0.7644271951966032,0.09840608447799208,0.5995985758208188,0.172914046183035,0.34809031091369624,0.9360073042018091
SAMPLE_03950,0.8384042314918907,0.2979336083865816,0.3356953298844283,0.15561067309126836,0.3884533460077463,0.285319827311304,0.33722365410303007,0.9644848513449811
SAMPLE_03951,0.3283025211232223,0.32067095366170495,0.36966802947424315,0.07262583597246794,0.14395238203758356,0.11957226981483414,0.14819126339353733,0.3617032166968298
SAMPLE_03952,1.0,0.5376747023194262,0.6007632805342549,0.8754904507752399,1.0,1.0,1.0,1.0
SAMPLE_03953,0.752268848118566,0.17760200742270885,0.4220233310480532,0.19814523158150446,0.8056001938206951,0.28001848336250734,0.1904641259405312,0.9153755704188891
SAMPLE_03954,0.8657449157231861,0.7180662280962883,0.736477151783148,0.295993377474467,0.47094748368414663,0.40406370508520145,0.6185306441539306,0.915289748567647
SAMPLE_03955,0.6630338246348312,0.5505143022615084,0.7213211971925855,0.09271086937580121,0.42854181006898784,0.18244848701656757,0.3951696138165053,0.26728557741311765
SAMPLE_03956,0.45179517431356203,0.67574421532693,0.8725900902201543,1.0,0.049263388378200046,0.08698293959920173,0.29997162569574365,0.18529630151516852
SAMPLE_03957,0.8372388733999292,0.07870530533072231,0.100267406038971,0.2513703239644963,0.17826246691234549,0.33151480712525355,0.09277593695701297,0.1569358294469128
SAMPLE_03958,0.23460929031702474,0.755555323803192,0.810815020001062,1.0,0.05512179668595806,0.15951729896477654,0.1103934063187228,0.04249612967968383
SAMPLE_03959,0.40663628865089047,0.2629942058858369,0.37973265797150235,0.2797384337380906,0.21318713913377424,0.3263035998718253,0.2882790201096552,0.8949341763385614
SAMPLE_03960,0.8567451544184846,0.010526971267035489,0.02346794828282263,0.25500110369132656,0.3668157579153972,0.19283407667343622,0.01073886302894884,0.10137376015429381
SAMPLE_03961,0.8769935023825304,0.2687162251544252,0.4060954286639049,0.18923164953008167,0.27553027613033526,0.26114626660279183,0.29172478005744557,0.23625869883290854
SAMPLE_03962,0.3046886814642747,0.5599226468970863,0.3915260079039887,0.10512603273665454,0.5264138245322826,0.12968792254719919,0.5390363098267477,0.9832599884247548
SAMPLE_03963,0.5475647315099298,0.7596299747116843,0.7794192853126284,0.3349849062832334,0.3011479845866594,0.28606541615233716,0.43943772467031655,0.8353329877397337
SAMPLE_03964,0.22607422823648207,0.5105049303305121,0.5011172464352583,1.0,0.09921981917593878,0.07046647243136349,0.17751959216043903,0.08750586306564398
SAMPLE_03965,0.8849108834173702,0.029192928171053865,0.024965973602173112,0.21496492001586015,0.08305136399799741,0.27026165727424256,0.06610924910505461,0.02672914048201236
SAMPLE_03966,0.04594603528579718,0.35445607602853013,0.3180749149448915,1.0,0.1233935518576921,0.22884021098304833,0.1846183585581586,0.4832153836379287
SAMPLE_03967,0.5297849813219566,0.4431821124310622,0.514848405883807,0.14570673485227234,0.7450994654903764,0.08453136270986542,0.4416251090535141,0.8540624313959224
SAMPLE_03968,0.7565733982451,0.7544918121291562,0.8041105270240736,0.11430936263923466,0.7850194833029136,0.3891522941955616,0.4085950753349912,0.7687377781393885
SAMPLE_03969,0.10689249703275568,0.2840817900644275,0.19972713738427944,1.0,0.23709665139442904,0.10627384507740745,0.04952323897709895,0.11772164199289052
SAMPLE_03970,0.3965943825190585,0.7599643504910343,0.8181844337501587,0.14065160068220936,0.5653097670984679,0.4236609607845026,0.47787654284999637,0.9133610135015611
SAMPLE_03971,0.7897079520936525,0.023889773021130822,0.01198337753870004,0.1126647216862765,0.07028792619400052,0.29259349403859997,0.1008714604966002,0.06671058954998405
SAMPLE_03972,0.8772427062130705,0.19185749600531238,0.1952087847005617,0.23429122053534868,0.24262209524755754,0.2821650971038848,0.24196754524461467,0.17761718508336327
SAMPLE_03973,0.1666404932214093,0.6452374773222764,0.5117971303483503,1.0,0.08026331125303567,0.09380365651646118,0.050542746254945745,0.13763615932465667
SAMPLE_03974,0.7905666916481222,0.2753269334223421,0.2628084445919693,0.2766557179109409,0.3874547505984739,0.38280107312535494,0.2694594373969028,0.22556753628949672
SAMPLE_03975,0.34119192743884547,0.42011011816914484,0.4600242843048714,1.0,0.24943955654006572,0.06348999287959377,0.5232102060084256,0.6541981682431912
SAMPLE_03976,0.1727421407932016,0.47515756547393506,0.2303712797809493,1.0,0.19667372943480196,0.18827583556102367,0.0770193831664386,0.8497859905550851
SAMPLE_03977,0.8282164545365409,0.11365506711906764,0.10366769345762622,0.15995235801431587,0.661635150986511,0.3929626220600654,0.43157686885894714,0.9463475916464394
SAMPLE_03978,0.8295422284629924,0.3438254630366142,0.5300099699472614,0.2956524553892074,0.5393667782503937,0.33068487311872097,0.3827937443573627,0.7602795157364717
SAMPLE_03979,0.6752003628312973,0.3916622381384456,0.41216616659404676,0.08966307670252331,0.4862950787002425,0.19985647444080995,0.3412614948732044,0.7397015413629648
SAMPLE_03980,0.8554119499782964,0.02460999093134511,0.1755727010788876,0.1886138304043349,0.438088583040686,0.18136159064036428,0.030438331551347925,0.32122215805342824
SAMPLE_03981,1.0,0.2508577895056928,0.21463104426978163,0.8816871634778953,1.0,1.0,1.0,1.0
SAMPLE_03982,0.48444774697667153,0.6672799927071031,0.6798710337647536,0.07208386693180695,0.2918966793305102,0.09931667412250353,0.19771294950439902,0.6990065564513108
SAMPLE_03983,0.8720789851212922,0.6387701641001269,0.38106613027074365,0.25107530597324934,0.2616182537118448,0.569129954961337,0.46141905884108814,0.4245930274164992
SAMPLE_03984,0.7793093118542678,0.3028289960764293,0.4390398710545207,0.10208180832462524,0.07084662826632372,0.2887417487263085,0.5871762182410076,0.4852234560006572
SAMPLE_03985,0.9079124130255524,0.03264333993114996,0.047628711492794545,0.031117146068223762,0.296560745553163,0.15401985878613525,0.10197551872111672,0.41697967159625937
SAMPLE_03986,0.8684088309367242,0.02691385531419308,0.13658654970847278,0.18698715938526822,0.10169999840563453,0.30189269931535534,0.26753619699928377,0.16987693743558785
SAMPLE_03987,0.32233763803728016,0.6555221461491043,0.539340240208573,1.0,0.3624236689516389,0.13183374511925564,0.21273429017094986,0.7933459527905093
SAMPLE_03988,0.8959125250463531,0.12358291466274304,0.1025504259822979,0.13453315527634394,0.3271106324552295,0.3222107279814393,0.17837674535489534,0.2882812495612832
SAMPLE_03989,0.6428422555860976,0.8382140187803473,0.925870659094256,1.0,0.30030053588997574,0.228784240359628,0.2800078795631311,0.27770691851439555
SAMPLE_03990,0.846373200741763,0.2970022064302499,0.34926357037268274,0.29790852064559725,0.24116834820874955,0.19135881005669098,0.3922967244006763,0.19519377877107846
SAMPLE_03991,0.6429339872830083,0.684312629998068,0.6412595254587656,0.3334250533351562,0.3551894056195043,0.37087817667530926,0.477733483517981,0.8673719504058504
SAMPLE_03992,0.1222961382348278,0.13975458307649707,0.20100066737592223,1.0,0.24149972566800254,0.09597441047041433,0.06858944931638046,0.8780264741691959
SAMPLE_03993,0.5844183434584735,0.3493612611367934,0.3341338942673195,0.23874847324442372,0.41939043016025135,0.27514806021100746,0.335887129974327,0.8793935974664804
SAMPLE_03994,0.8952458400701752,0.3668516055448733,0.4458210965539779,0.2528891653983063,0.2331167121021126,0.44873263634952026,0.38663076498377835,0.3531391887881964
SAMPLE_03995,0.18615626431747792,0.2316813030509799,0.37460047784189665,1.0,0.06444626326159929,0.06466014307900664,0.10959587549853027,0.3437503021363622
SAMPLE_03996,0.15947352068948636,0.5472926370277362,0.5775922843700716,1.0,0.42765353630887026,0.16567633580986052,0.019743030245590713,0.06657425040044025
SAMPLE_03997,0.30034632076617684,0.5518034594822783,0.4425373092467979,1.0,0.020276306597286572,0.06713490268342072,0.29275013133494965,0.3353688028072206
SAMPLE_03998,0.17104616707986697,0.09549119229379702,0.12872066878818816,1.0,0.5788071312770771,0.1624414590426547,0.0731041703073162,0.9178522911670497
SAMPLE_03999,0.4305843093945253,0.583881028713201,0.7081972821807692,1.0,0.05527949152170428,0.15013021729578252,0.2524889701733503,0.14261019888063498
SAMPLE_04000,0.6465828939519783,0.6855341216001114,0.8112323767787785,0.1327368567617787,0.5850992909720504,0.19583363969601536,0.15932865531141568,0.85038335962598
SAMPLE_04001,0.7912065253357203,0.35242831492826665,0.8294058149961256,0.08713810726477322,0.8254178284416354,0.14291943548736802,0.32143394019498445,0.8981747405733804
SAMPLE_04002,0.7853810140974289,0.11460019840052282,0.16017599844664115,0.16533147430991899,0.07966117660276682,0.2433389025052798,0.13532672114471,0.05696223174584081
SAMPLE_04003,0.8740785147635128,0.046581913811309786,0.13499078958702432,0.22745661249063592,0.2371982116675343,0.1338649375629019,0.04874635702077574,0.2153514727599809
SAMPLE_04004,0.20005713881552473,0.7577037279383777,0.6117377320032892,1.0,0.09922861044987988,0.10424121919436902,0.030187012439186735,0.08296786595319927
SAMPLE_04005,0.5392635033597959,0.4112097762147727,0.5643436931315804,0.07699474100146872,0.2759308246015414,0.11921697783235015,0.16493042105306724,0.5363654287993397
SAMPLE_04006,0.8664100349973689,0.43001945409930864,0.37626872899975644,0.32799408023036075,0.47482292810777255,0.38270110251032996,0.4611840480620962,0.9067816179010189
SAMPLE_04007,0.8658266609075183,0.06536100936613717,0.08361145516950777,0.09993648619571338,0.05120603057704441,0.31523422656077965,0.26300084599850454,0.07918034677722802
SAMPLE_04008,0.29939354563635,0.9187716009793288,0.8029210977661351,1.0,0.24108696299911014,0.04662271574182908,0.3432549544416795,0.624422187125816
SAMPLE_04009,0.8454082722213024,0.7649600244314885,0.7092400568006436,0.2980908766147682,0.5836640501880052,0.34152099355625715,0.6368425683018344,0.5258471723182763
SAMPLE_04010,0.8957457081666569,0.4661034102751149,0.2724097170190123,0.08886930829180863,0.44557868255366095,0.20914383821773608,0.41199514788305647,0.38653731588801954
SAMPLE_04011,0.6439196198423567,0.38968250410069083,0.3509370007936478,0.10551956667906723,0.5850278814067041,0.0995867799438682,0.36896963702546487,0.7958571527356562
SAMPLE_04012,0.8423880053191464,0.15643694702231825,0.1369176648053587,0.20798449859960913,0.6236947781227116,0.2116965207547778,0.18780695614111892,0.5070248172095384
SAMPLE_04013,0.6847424138924183,0.19231534391373864,0.30483520759021276,0.3236455075451146,0.467971828055713,0.4259690265863376,0.6163778888446738,0.9053119385791939
SAMPLE_04014,0.6907235670919467,0.5327449005630142,0.48155862659479615,0.17004642741531442,0.6069850920172043,0.3581558104180789,0.4343819234380322,0.803455540145854
SAMPLE_04015,0.9064128100808935,0.31875087840371574,0.36963231499920857,0.27077641177565487,0.239390872253041,0.23817515509416234,0.38126841974365205,0.22511243258381858
SAMPLE_04016,0.6743693852053053,0.2670053804025919,0.35968726115205896,0.04794653311000512,0.7948249495821263,0.11665410047465888,0.38686297422752103,0.9379835786341284
SAMPLE_04017,0.8937408043288827,0.24393442114037295,0.41227259687311113,0.1584713583356161,0.4615949179407399,0.40404377642650413,0.6128177792567788,0.8774762491501911
SAMPLE_04018,0.8097398000145907,0.05897406962418794,0.09188841038434195,0.35007544441378263,0.8506787799074145,0.500171851398313,0.2758271076042616,0.8951833203093087
SAMPLE_04019,1.0,0.7409116957112398,0.7163416333077652,0.8718120199820578,1.0,1.0,1.0,1.0
SAMPLE_04020,0.7149996223028813,0.5055563250717385,0.5887382188233466,0.21559022790220364,0.45212049539771715,0.28434104921317344,0.3913103026914274,0.7357540091050165
SAMPLE_04021,0.39480904054959326,0.7251464401010903,0.7693961700900191,1.0,0.08565964191134498,0.0771538220777627,0.18825410616616978,0.6531956534925102
SAMPLE_04022,0.11043786875142246,0.37634116475492735,0.5187811011704293,1.0,0.03404155084115171,0.230095147370072,0.12172952856340723,0.08584375241079063
SAMPLE_04023,0.7568638863075989,0.14541680300234341,0.24710150264292843,0.22185220577941245,0.5397984892406641,0.33713607464188755,0.2602552020706302,0.9384490220869708
SAMPLE_04024,0.7796811243501267,0.3738110908192689,0.30265338155942983,0.299070465307771,0.3774536353422538,0.35251727344868605,0.29344673285466794,0.7323537099003514
SAMPLE_04025,0.49942900113575395,0.7676344580381174,0.717729738358018,0.18007921239881003,0.19857281552964148,0.20457591458700003,0.16422254980727596,0.214575083076507
SAMPLE_04026,0.7987190831541136,0.3669347666043741,0.5086911380936217,0.2411696447724094,0.6568061080904128,0.38670894436463543,0.670200412394064,0.5535087427837642
SAMPLE_04027,0.8046192585155374,0.31273631488096026,0.13914486333778003,0.28771468199685435,0.21222716472855627,0.3440348556222463,0.21472890695132701,0.1478789312170013
SAMPLE_04028,0.8995792414170876,0.25809735412417556,0.3358471793242692,0.14744751999195146,0.3649104623639689,0.16600778699304392,0.27092081034037696,0.3004571303280601
SAMPLE_04029,0.8869111024156988,0.031596760933515655,0.014309606061276292,0.16084450687651092,0.09554400872080096,0.19224875823737372,0.05301637048174679,0.04536877459490906
SAMPLE_04030,0.8165729077912425,0.598954445199659,0.7233640417878935,0.3665857725388878,0.6526994003658819,0.6102204714949919,0.7616914660916655,0.7198508263509479
SAMPLE_04031,0.7343893942010273,0.9538784407347226,0.8212551822556127,0.19265907817103248,0.670504637377224,0.22921077709913848,0.6203897634489364,0.8703517907470298
SAMPLE_04032,0.8874122785940906,0.055286924292476884,0.09483888431498017,0.24256281700946866,0.501452061940283,0.3554781329652135,0.05025015028998749,0.44788000795989813
SAMPLE_04033,0.7630298341848869,0.9430261898194943,0.9052896731453183,0.18087095526196473,0.822786534896903,0.3573855281265835,0.8586633118167257,0.8753055038907067
SAMPLE_04034,0.34722001323015117,0.513788519815417,0.5426986582416895,0.29806859321399687,0.39613975755621617,0.2509474081104879,0.4432693376888238,0.8639602643561459
SAMPLE_04035,0.8967452596190897,0.1433995268917753,0.2150569837484946,0.2242503026876714,0.2786960272834941,0.30768214070607686,0.10016958942490116,0.1466613715256347
SAMPLE_04036,0.9189126809110368,0.15309633939178402,0.10242894805729202,0.07807729859977543,0.15613421050733398,0.33573842518127406,0.13087913693270367,0.25503568045628133
SAMPLE_04037,0.7514240973085271,0.7853272707655197,0.8062881145354965,0.11933150305768808,0.6217477565392155,0.2549136666289537,0.5423128751363766,0.857291381542802
SAMPLE_04038,1.0,0.9666793379601077,0.9613930090332672,0.8864447482672164,1.0,1.0,1.0,1.0
SAMPLE_04039,0.5454565412164196,0.689459240590787,0.6908409873607708,1.0,0.11291255931308956,0.10196951980568095,0.17220239202221044,0.6368725871657424
SAMPLE_04040,1.0,0.8190640425394673,0.7609324141422823,0.878445592329232,1.0,1.0,1.0,1.0
SAMPLE_04041,0.7039066636260587,0.6252039325295086,0.6533788467069227,0.11949169700998642,0.5187251021109138,0.0891546012041522,0.21279667976428954,0.9672693112478292
SAMPLE_04042,0.7840689907131424,0.11121969649667773,0.16741490504368514,0.2784686618423217,0.156672180029579,0.24682773178344972,0.16648485601730972,0.07597435592867138
SAMPLE_04043,0.6353631285209491,0.47739107228204114,0.6668205205962248,0.10637513042933303,0.5250765486019985,0.23644777468996042,0.28220581837146397,0.8458483176719286
SAMPLE_04044,0.8577432630077197,0.3865525743344287,0.55217990803331,0.16165292623289615,0.34926890695623214,0.26230070552987844,0.197998583950064,0.3402269770988524
SAMPLE_04045,0.7115748096857637,0.3195967162488521,0.5482331570011238,0.3079228404577679,0.6762470803307163,0.405362720928761,0.37902869202538647,0.8988171397101119
SAMPLE_04046,0.8660785781544271,0.05039627495549696,0.03950614842262873,0.20377916680476152,0.23467780914730604,0.2973278427128159,0.049660431328024904,0.10918921131902642
SAMPLE_04047,0.7708933475484105,0.07338602736820769,0.023099290740112355,0.14091126955387082,0.36727390249747904,0.16278850685598678,0.09154494314314546,0.2828203620956114
SAMPLE_04048,0.896412544789819,0.13270369790567355,0.20756353214521508,0.22679405331400224,0.37902736136320186,0.23787237874102904,0.1235371109169737,0.254994002920546
SAMPLE_04049,0.8035562585817722,0.2569727342495651,0.1262438760103125,0.49859045625931214,0.4905573312189343,0.3649544567995621,0.45118618821711826,0.5770203827911617
SAMPLE_04050,0.9087456524352123,0.0715187005626936,0.1555671682277179,0.12534352734215323,0.05036439437012155,0.21102294308636604,0.20590670272670045,0.11435667903925131
SAMPLE_04051,0.8041009364612209,0.6267289544781864,0.7463022355624942,0.13103766457492633,0.6200853955097834,0.3483490090751214,0.5412274606875035,0.8965960048399229
SAMPLE_04052,0.4053647255771001,0.39939129730006767,0.41913218084548376,1.0,0.3814098793892828,0.15719906086501775,0.23177227289752544,0.8166711440021035
SAMPLE_04053,0.7999535485556177,0.4483417865160339,0.7514308265742885,0.08078216780296484,0.7080989064862344,0.11272797432069623,0.462002711258805,0.9240337952899471
SAMPLE_04054,0.5899561296386685,0.1593546428049809,0.18857260112342533,0.10600291203416054,0.35318429015699504,0.1423585699935727,0.1876609469723241,0.956832097223498
SAMPLE_04055,0.44001977168726725,0.3861255592970874,0.2435888090368926,1.0,0.2617916293206812,0.17643779473563587,0.22622818211604018,0.12325890253648589
SAMPLE_04056,0.5630329672924609,0.2317798334250878,0.2262034643075812,0.2852233178714157,0.62383243852418,0.295029052819441,0.1771151514583051,0.8261032497820733
SAMPLE_04057,0.6677577330665363,0.7806865867467199,0.784370770794884,0.20004458836379557,0.500787256824472,0.2050629837287001,0.4897414020035736,0.963661598123752
SAMPLE_04058,0.8994127493381798,0.12025196418742604,0.06380007992841757,0.1795433605216681,0.14448947437697207,0.15943092141375223,0.05564912559842478,0.2540606172475508
SAMPLE_04059,0.18094123428319386,0.6894100403316501,0.7565895806181381,1.0,0.12148590783286424,0.02578470223328952,0.28871844390863305,0.5213233933630369
SAMPLE_04060,0.48039962492475735,0.7261815734631144,0.6208473918148854,0.11409610526665077,0.7729471941093591,0.15396248103465765,0.3404464809571407,0.846963439352827
SAMPLE_04061,0.06338617168865923,0.4812187503027918,0.5916467634297509,0.18756574880950663,0.46877017580947694,0.3666536306977147,0.3196197223117877,0.9319600710676856
SAMPLE_04062,0.7615228134280982,0.2594122035934959,0.223107519331291,0.15290381933956645,0.6559357946896045,0.31921378292864994,0.2723662671802583,0.9017050699834341
SAMPLE_04063,0.7635544010119515,0.16768854489714263,0.10231494012482735,0.1344180286923192,0.6072655131601992,0.32000981778403975,0.1603718877044379,0.927888718613177
SAMPLE_04064,0.8237263604475158,0.19594998788123616,0.19260046666268077,0.1819998200334599,0.3372634066807544,0.38585290127135485,0.22150194188441474,0.4049849987356774
SAMPLE_04065,0.32253665653315616,0.10416173285368042,0.11279918403087867,1.0,0.18189609938184034,0.18026674632545184,0.05969074172700353,0.3535741847586523
SAMPLE_04066,0.9270795380877739,0.2652512595793827,0.24501957071953698,0.19076476585924748,0.10653204625297963,0.33444217304693036,0.4131173426941332,0.22435074121934134
SAMPLE_04067,1.0,0.5314549260992589,0.45635933080843616,0.869983909740633,1.0,1.0,1.0,1.0
SAMPLE_04068,0.7397831651835851,0.3335981791070516,0.26386807043915783,0.26779122721573373,0.4733580133584872,0.4096619239828167,0.4645002184201218,0.33765430210531944
SAMPLE_04069,0.3242597194099047,0.644632679338804,0.750722534091449,1.0,0.07040391986981134,0.16171142482300577,0.32605222802446865,0.24236970662265245
SAMPLE_04070,0.926079335913641,0.03558228062365218,0.08666054727611411,0.10206791075354416,0.09419387316508374,0.1954753525049606,0.08991637621458813,0.22185757157825306
SAMPLE_04071,0.8053825736000637,0.43574622073828934,0.6857805530528557,0.27546900013298486,0.2784873013642362,0.4333630296856277,0.45198621693779306,0.3679918514210645
SAMPLE_04072,0.8975773173382233,0.4624976797403485,0.5464299608155707,0.31574013929569406,0.18713915775171444,0.34207349705708956,0.44289761117272497,0.2103445159166837
SAMPLE_04073,0.774210957356214,0.03432939283318326,0.02275169099929199,0.05164198294730431,0.47596974941877473,0.15023813705015335,0.079341471744367,0.3077187189188146
SAMPLE_04074,0.4731934421325652,0.3398888391057664,0.3972664836516339,0.2226308291082627,0.5202711760544239,0.21086438799160503,0.6416558301647999,0.6877568131374683
SAMPLE_04075,0.8474116812325289,0.2522987232880974,0.1285407549771143,0.22188151240891518,0.24522851968429002,0.2983347270567229,0.31943816176196127,0.22696276333254217
SAMPLE_04076,0.5280127007235808,0.40218996640322185,0.27014704810476464,0.2737752263690326,0.7476819980787577,0.15537027676990203,0.17349027687786278,0.8840808917033747
SAMPLE_04077,0.8052991778758762,0.43304545183524223,0.3904841608690806,0.2795994638652703,0.6578356014368005,0.5021241101936962,0.5691517161789146,0.8189746421392363
SAMPLE_04078,0.29155773769017723,0.4674348297808754,0.38281976735669554,1.0,0.2245787047347253,0.09966438492218085,0.03814697730210455,0.07969915269969867
SAMPLE_04079,0.4020180506105168,0.29625822425474774,0.3628550935961876,1.0,0.3113631180556949,0.18183714682325552,0.17717135081979823,0.8800835884984288
SAMPLE_04080,0.6540081282053948,0.5757810048006409,0.7136875017069824,0.07447593393152943,0.3884536871832065,0.16359130840187394,0.360244148119363,0.7115472665002618
SAMPLE_04081,1.0,0.8409451639680985,0.8154330469943616,0.8731452530607993,1.0,1.0,1.0,1.0
SAMPLE_04082,0.8347367177599276,0.5216915347074451,0.6149640398968442,0.22685496298678637,0.7528425560926368,0.183303104901255,0.7393391366606821,0.8026267151703769
SAMPLE_04083,0.807235245816228,0.03352242358136356,0.0759920394790638,0.13727335858491976,0.6038766200724712,0.3161505243989184,0.06938228274445338,0.4121500607669435
SAMPLE_04084,0.7961485060785403,0.5892842139172734,0.8921893587878165,0.11116528198502618,0.8866139568151553,0.11708400860514986,0.7010376506411381,0.9238944719416113
SAMPLE_04085,1.0,0.6543589498742379,0.39310259672724224,0.8825789714728447,1.0,1.0,1.0,1.0
SAMPLE_04086,0.8345725221181408,0.03228071973404712,0.0796015720138766,0.23052702906760345,0.1613130427940535,0.18832539352255145,0.10693416743867433,0.1515661937346703
SAMPLE_04087,0.7296908330639612,0.602850911421422,0.4108159129054031,0.2919358340299562,0.44782702312885503,0.28991735507922906,0.45379393153077663,0.6471043724378172
SAMPLE_04088,0.5478529837124635,0.8850469323235138,0.8744681609779718,0.11046749451678792,0.7356717220986951,0.39615906963643904,0.5342265383835729,0.9022232701291217
SAMPLE_04089,0.772728153600699,0.6987633590865643,0.8739585012440201,0.14846822904934215,0.794961662164068,0.3227507928260516,0.6201058037842013,0.8796903345482365
SAMPLE_04090,0.7190425921743713,0.3736071658643778,0.43813507369309884,0.2907013119221439,0.7440859714731993,0.3935558567501238,0.4870366580124971,0.9296842663567755
SAMPLE_04091,0.20894189082735082,0.43023000194627325,0.516812475548734,1.0,0.171153949878797,0.25638679559074146,0.24312736881847088,0.41915558108708795
SAMPLE_04092,0.8785788015973919,0.09681736876396184,0.2464159535909773,0.3402285463536525,0.43942755776544346,0.34096174089779674,0.09962933610013942,0.38606263059502177
SAMPLE_04093,0.43312013041393793,0.2606203444597249,0.11028544462276296,0.17148947121703428,0.5302603354517452,0.269871253556075,0.19761220688438652,0.8466336325831565
SAMPLE_04094,0.37793017684358426,0.34630369586451126,0.5511264254967208,0.13776983841051574,0.46008655084220174,0.10002340547860034,0.4016663819670635,0.8860409382227972
SAMPLE_04095,0.5193035841772263,0.8891123306477601,0.9151002224756059,1.0,0.05579610899741446,0.1328214368540373,0.488597620192734,0.1434385680458939
SAMPLE_04096,0.9364130121233614,0.18741741566876716,0.15081473038541465,0.2242890031472233,0.02486205497257714,0.25930916307840884,0.158626429405374,0.06595852444405148
SAMPLE_04097,0.5657513582521432,0.3815208674092412,0.5754956351449743,0.0976114016584803,0.6554503026707517,0.14589693973186596,0.3188176981676467,0.7840138748007068
SAMPLE_04098,0.6434275211280259,0.6163395282748639,0.6739627298641109,0.40754544912647783,0.5340778288183926,0.39818612988551627,0.3043993518197679,0.7288924658449217
SAMPLE_04099,0.7821502328015412,0.2806436062505275,0.4573611362822222,0.2684277338340929,0.6947582297251056,0.4253743290424686,0.3921483065350674,0.6597129970988016
SAMPLE_04100,0.890578518469052,0.894973385446354,0.7859726201970969,0.24234403816384567,0.7149369703366535,0.5225482079612013,0.7768399600224029,0.7674123849034296
SAMPLE_04101,0.45807024071166624,0.7141551293568656,0.6615210492739991,1.0,0.1773176849971544,0.2797834133189458,0.5332786377156337,0.5852122202927721
SAMPLE_04102,0.7534637234215904,0.10269561509256454,0.1764608957381592,0.29817543926309564,0.6128343653165962,0.44642426642672917,0.29952455192840055,0.422364936051162
SAMPLE_04103,0.2167040831160587,0.1425379375439322,0.30232535902446656,1.0,0.16861499670989027,0.0826242573539719,0.27985721016215886,0.33231001281303707
SAMPLE_04104,0.7827231987262036,0.6271186002812315,0.8705013981692888,0.03391861939231867,0.7218783659880055,0.1040518787981938,0.646666666077416,0.8959570586666935
SAMPLE_04105,0.9250795372639589,0.06587541033639267,0.08176500249108759,0.1815435518805512,0.07022061439688905,0.27946396499901577,0.07448246101640439,0.059642072624680735
SAMPLE_04106,0.839574711912324,0.1649530711039779,0.2637582447406717,0.2080582875540122,0.2538734666808776,0.3093084226392756,0.2853002988089747,0.21357456503875877
SAMPLE_04107,0.7724646766844302,0.16073663653827897,0.3157100610474189,0.10527271922363313,0.45804962737778787,0.09609496912213121,0.37044286206856003,0.9432427774676466
SAMPLE_04108,0.4347112046848805,0.817308837771169,0.7301086668332634,1.0,0.1658954011423781,0.20265519721187392,0.16082353709086972,0.8316492979865366
SAMPLE_04109,0.1783493597766309,0.6908263316248489,0.69132758219291,1.0,0.1341764203025673,0.28030685718257065,0.21344913681235844,0.24770367633203097
SAMPLE_04110,0.5908474908320029,0.7137203773379996,0.7118659601853915,1.0,0.09321595845641478,0.1578736842242151,0.31983678705447666,0.08999139738832117
SAMPLE_04111,0.269403989670061,0.44411781776961834,0.35038179247279866,0.22490045571737777,0.18049506448791044,0.19662759784094067,0.3417868123057136,0.7753336842008217
SAMPLE_04112,0.7912253794172508,0.35910155191813686,0.17069862961968416,0.1296872477826359,0.05319417125992679,0.24671932115673653,0.3417487946682931,0.03083789224465168
SAMPLE_04113,0.8107388129476103,0.2508954305541242,0.34874491148034814,0.3304789413524954,0.6846515694444484,0.36550840864618234,0.4009485345762077,0.8168805380056104
SAMPLE_04114,0.8097404756633355,0.1776215752817437,0.04458267163772893,0.16846499937523576,0.12257193817102416,0.2771560754160379,0.15586958554375968,0.14556310742247838
SAMPLE_04115,0.5675952251331873,0.5554666017387623,0.5396810824452449,0.10675583781745542,0.18826217781509516,0.11976845964141182,0.2518095024130668,0.34512762111208833
SAMPLE_04116,0.8530761978591437,0.5731806167504601,0.5133185802450888,0.2918813454434291,0.5313059359404563,0.4559021131767021,0.5252590381236437,0.9045382311749444
SAMPLE_04117,0.8604101596144766,0.4258176769605454,0.08656382342961291,0.09225519360654884,0.09557316471460928,0.15804405318489992,0.12293235291721263,0.12924925742775617
SAMPLE_04118,0.8269100594317298,0.03427873201276512,0.04006519627502422,0.34430413939963017,0.7979000606463966,0.3804292649653593,0.27296542254941336,0.8086442953895419
SAMPLE_04119,0.802706449256804,0.01904602266156186,0.08711218400863117,0.18699837831094238,0.532356829097266,0.2243079990227657,0.08022805414557863,0.33674438777984206
SAMPLE_04120,0.7099702813079236,0.1936952700556895,0.3210807423906811,0.2969663183403164,0.741205779837099,0.37789839346550613,0.4477453272931153,0.6885411549439523
SAMPLE_04121,0.807736321982556,0.3422235315525708,0.3960175507845002,0.2445016061161124,0.6095990582034455,0.3044174997931,0.6512657228813983,0.40693892733841175
SAMPLE_04122,0.4963089983094646,0.4960843846638717,0.4686726843920453,0.09919339478217089,0.47352622871477507,0.1744145427128156,0.20120440029871955,0.8204478290011672
SAMPLE_04123,0.769228355006457,0.2654881612627914,0.4340420941422527,0.29588003920181366,0.5696960106977833,0.4320901259443548,0.5477335851085601,0.6310181575219096
SAMPLE_04124,0.8209066912552986,0.08473111547094897,0.09580806848068472,0.0745939926986111,0.17401008797323017,0.2577749563036068,0.2374556691828908,0.12608663520470198
SAMPLE_04125,0.5307053122922294,0.38586619205719586,0.47000420816663474,0.09342877049221106,0.6030464829890205,0.2995438506454121,0.3761548815158428,0.9599087808567999
SAMPLE_04126,0.7778832471389421,0.03309129662131039,0.012108594895493784,0.16238292976480778,0.5649226332187866,0.1689910297614889,0.15676599988580076,0.23698811474314546
SAMPLE_04127,0.8490747690560072,0.29980470247974195,0.30479676853512083,0.19802824200969663,0.13676050190758687,0.2727201618423196,0.4363685913896903,0.15089273929172245
SAMPLE_04128,0.7938018764427526,0.7811272387825396,0.9336433125659688,0.18679719891598504,0.8350099032916771,0.41931388114992574,0.6629690436656924,0.8921983114973078
SAMPLE_04129,0.9151628821912501,0.23235902655327464,0.7364523718208295,0.2255192688572984,0.2335139423871303,0.2814118867312429,0.5494071503219872,0.42689496466897786
SAMPLE_04130,0.8647446425113854,0.3574480087870444,0.4514152564860614,0.3130088779467464,0.5563913158224368,0.46258916638232217,0.5372398023001359,0.5526746649163812
SAMPLE_04131,0.5752596883529264,0.4644901007755518,0.4366998521148169,0.2624972399881639,0.49184440711174704,0.3222078906437101,0.468884774742369,0.9503674254827311
SAMPLE_04132,0.5985923529953219,0.6107265174061722,0.6156273084812443,0.07679723404973969,0.33108430327453475,0.17406729653987582,0.3047425034967183,0.8909934961543344
SAMPLE_04133,0.13104160111974572,0.11238084469235607,0.12212994571305544,1.0,0.12327841979763633,0.05112731216619648,0.047285114980566055,0.7026256807975768
SAMPLE_04134,0.9394127423648586,0.03131279794638547,0.10479759969313568,0.12082770405561175,0.4282266554904601,0.20432098627725212,0.20686655316710484,0.14429473359706507
SAMPLE_04135,0.8675774012926543,0.35551685797684573,0.4477913452824588,0.1852765214065814,0.20604400907426984,0.19629136581827505,0.4327292715360199,0.23566958720135656
SAMPLE_04136,0.32992692253855227,0.5658365631210657,0.7211464240608939,1.0,0.24682924152492583,0.13352141097398407,0.2687757919422496,0.5618795359579007
SAMPLE_04137,0.5182258186815698,0.6077848345281041,0.6525725722829143,0.09809461691162315,0.2378709672601492,0.10465758415071247,0.536487601076294,0.4032009246699986
SAMPLE_04138,1.0,0.5955789504153999,0.5016181005320746,0.8825634565627629,1.0,1.0,1.0,1.0
SAMPLE_04139,0.8660771262612192,0.0327622095198408,0.026970796577761875,0.2281954650762541,0.2948370057315988,0.17725934859225156,0.10048012346745272,0.27203787452723405
SAMPLE_04140,0.7034785194694346,0.29748725924313835,0.2133957109259994,0.1072099659064448,0.47667745390436755,0.0865204160326251,0.2296246384738986,0.9358462007583794
SAMPLE_04141,0.8100728252895721,0.3001988791745931,0.3084939038775897,0.17950612393006807,0.11833009663497301,0.30833182476634335,0.1933288225195104,0.22277750973335297
SAMPLE_04142,0.8055582039165163,0.06704595978552258,0.2505994101556687,0.31219961209212355,0.585375425398284,0.2126327772005792,0.2013296179866612,0.8735321276724071
SAMPLE_04143,0.8662432731238301,0.23396273275436058,0.202433771885966,0.1352708726725183,0.3870464117765389,0.3352990637371705,0.37499427177598443,0.3599342617429844
SAMPLE_04144,0.875578474918006,0.028064580821596963,0.05124644542608748,0.07349107163729955,0.11129982008232156,0.2889304254007849,0.17682628098358097,0.1337677697766143
SAMPLE_04145,0.906579258498212,0.5134415750146248,0.42068884028975406,0.31638497900930473,0.328614414915603,0.47631417954863153,0.5937014080725923,0.36712686245186976
SAMPLE_04146,0.804230201989856,0.31691101201557564,0.48398812170833255,0.3465281828463774,0.8200611779733586,0.26478453858016715,0.4206318481471053,0.7417294879634144
SAMPLE_04147,0.20888726009658132,0.2794991625017596,0.32035646567586995,1.0,0.03315143449315205,0.013119967066759107,0.05369228546804031,0.014794727937537583
SAMPLE_04148,0.9064125713841513,0.1448701969950933,0.17190100221089466,0.3219531694207905,0.14381703243654348,0.24361889026351552,0.31811802071057854,0.225214676142216
SAMPLE_04149,0.548091287217089,0.2921384492113883,0.24052235219669094,0.06123610321258947,0.2439934844195994,0.142555691033777,0.32898468353164595,0.9442049762716795
SAMPLE_04150,0.43919087181469096,0.6171536768276921,0.6307564099441485,1.0,0.1665439066248837,0.031621984331095206,0.08254948028919135,0.08491233958309383
SAMPLE_04151,0.8912458469076494,0.042403390928424274,0.051019773867093346,0.1313839679623143,0.33641112251444316,0.12074558494916518,0.0617881419042623,0.22267332871547335
SAMPLE_04152,0.3620950783323927,0.42794087608216025,0.3226578055839611,1.0,0.0967802917423151,0.1383430340295401,0.1532749467666774,0.6025524336040091
SAMPLE_04153,0.40572240748378186,0.3031125796165033,0.16637884074951548,1.0,0.1770985032806142,0.0854788656656984,0.1780834594579157,0.1890467831792047
SAMPLE_04154,0.9197459228446179,0.10947051648742896,0.12924536887714233,0.2150367018429737,0.11809187124484104,0.20396076513063743,0.22764941742269118,0.33568099087253406
SAMPLE_04155,0.45951605461832223,0.3809089413754616,0.3644778844107736,0.13083932815516186,0.6816014134757731,0.09669691025988468,0.24336187266881606,0.9471421533993454
SAMPLE_04156,0.7974607499123867,0.1278702470905248,0.11136565300886525,0.1954666938453488,0.24241593591772975,0.23287491698984356,0.4296054255911578,0.4817216270632726
SAMPLE_04157,0.4770688364390816,0.3614802705568013,0.29136758351313247,1.0,0.03327595326533941,0.09230164578285467,0.0499889921497863,0.1913419437925279
SAMPLE_04158,0.7888093683860036,0.6431111318558866,0.7516169278714415,0.058078403857519015,0.7194749173431634,0.08984830447156059,0.3723564361925542,0.9614255538300931
SAMPLE_04159,0.515619776169869,0.9078129427685899,0.9047433191407259,1.0,0.06719576696983683,0.1845878726524284,0.3972876336075902,0.8888854829667256
SAMPLE_04160,0.8342332589436885,0.012961239563744037,0.023869905137997645,0.04032695294600949,0.34656404185849,0.15562168393796183,0.032265456582618805,0.1948956778843803
SAMPLE_04161,0.5122756420933957,0.24306622307163833,0.5687559734418463,0.17487204059737554,0.5628183068502788,0.12891222828928395,0.4737646395875803,0.8077854683836626
SAMPLE_04162,0.32969291840282505,0.19830220607004873,0.31521974650444706,0.08684272620467567,0.2973784704350887,0.06796753202272197,0.10729523328882423,0.8050240125515549
SAMPLE_04163,0.7396835203946359,0.6203080431233514,0.708486247441839,0.3347988221250215,0.835721653968305,0.471879557010503,0.673750784150712,0.8919373036044631
SAMPLE_04164,0.1901494471808233,0.22346639914652994,0.19910895032089215,1.0,0.030099325305248763,0.03781855242012105,0.0430566935124801,0.194074622696083
SAMPLE_04165,0.8071238836142185,0.7868882115816905,0.7843600308591805,0.11440339630642858,0.747755131055308,0.2548919234926483,0.3452904898850629,0.767234757600078
SAMPLE_04166,0.39089470179940383,0.5378631949917319,0.47567746567343516,0.17034066230234265,0.2757858692103179,0.20045304080243895,0.5109671136577641,0.5983130428258696
SAMPLE_04167,0.546789169564087,0.44913179875929526,0.6858881445167986,0.08251270775833765,0.3332676498771233,0.17324283241491756,0.47451099820405673,0.8170688675401792
SAMPLE_04168,0.5559165959249897,0.6302710253672432,0.8118865052987883,0.12052071339609832,0.27644762863479755,0.18024492207831727,0.7559872577657045,0.8648597753182149
SAMPLE_04169,0.9279129836552265,0.37541354613806255,0.2879052190035787,0.23351551961239822,0.2810514062349016,0.3185857591464428,0.2018679453077981,0.2825083237815138
SAMPLE_04170,0.4489273414702799,0.6685281375411447,0.7314512836980607,1.0,0.09581765386454706,0.09221269044404894,0.27624451986648335,0.1665955866706057
SAMPLE_04171,0.7565278788001094,0.4841090632997664,0.5819362090284829,0.3902086238510048,0.4034455535571667,0.48592900892480967,0.37602564768199365,0.7997458851969765
SAMPLE_04172,0.8909081205170832,0.16089427415832597,0.6131700509822327,0.23540428591171328,0.4073026251711979,0.3803668578980184,0.20073285243835504,0.3361464447895749
SAMPLE_04173,0.8565755600442782,0.26277180326581595,0.3057634812695774,0.4121291037382066,0.5393840633203307,0.5347178092590198,0.6184938204120195,0.5816704563270382
SAMPLE_04174,0.3526282177196807,0.5901818380647392,0.37824653348919013,1.0,0.036869329707092856,0.13723230260780145,0.13247264312321608,0.23066124218580025
SAMPLE_04175,0.6055544942443016,0.4407344704007085,0.2736558418735529,0.09709635161512715,0.531024747369371,0.07835852456549544,0.23745332962038235,0.9011684935264239
SAMPLE_04176,0.8539105407339103,0.538592257142266,0.43981535816903217,0.3952205374240173,0.4110642951339492,0.48796116815105517,0.443156417870232,0.5154053688993934
SAMPLE_04177,0.2652388043609413,0.3463518285749866,0.1644022944714525,0.03990274057087534,0.2911801005527155,0.13538903996551532,0.34782091622291506,0.970105799618955
SAMPLE_04178,0.8353889515464223,0.3030664896098975,0.36688766598639977,0.3353707202695846,0.6439840120501575,0.4585442416888478,0.4514494190800893,0.8355787152882593
SAMPLE_04179,0.772028978444534,0.048231873123779315,0.060995385009911494,0.23982249780789092,0.9299276957898793,0.3334667333859774,0.36469556367571926,0.8789941188361087
SAMPLE_04180,1.0,0.7294772829388152,0.36975913696751656,0.8793553486501302,1.0,1.0,1.0,1.0
SAMPLE_04181,0.5873096921471658,0.3167482413677952,0.4788835051587169,0.14677900344124997,0.4674858230574251,0.15082686167418485,0.17523918026304902,0.7750697389010317
SAMPLE_04182,0.7551982759016467,0.469507312780752,0.27735145303428244,0.20283399124339802,0.3090574841442514,0.31161533445717493,0.6188134717003424,0.40894569460737484
SAMPLE_04183,0.639472450924409,0.6377095174639829,0.5971597433957759,1.0,0.29865359688032567,0.07963430389285867,0.03267519034633009,0.10339905946770632
SAMPLE_04184,0.8784121111555432,0.07119734388139301,0.23133547300900292,0.2894951947625192,0.12739888893845042,0.2784166235454737,0.345776270870652,0.2800658343852463
SAMPLE_04185,0.9129128303287739,0.04670518112234735,0.23065180167630056,0.1745353569386875,0.27814875187186683,0.223292194877815,0.2523800569421926,0.28256041627211925
SAMPLE_04186,0.2042553494080032,0.5967725505380763,0.5035605102186387,1.0,0.09462143090739869,0.038963938674166275,0.11150756964805268,0.16959671089351114
SAMPLE_04187,0.5539222004949084,0.43054774858825356,0.16254626200704697,0.1223172796723553,0.3565352380798022,0.1138583169063971,0.5387426656990266,0.9359494372307308
SAMPLE_04188,0.6356073645803915,0.6305371746531536,0.5434525275527389,0.07375222725654461,0.5397613934044772,0.17878878690937283,0.375184744443206,0.9752026970857062
SAMPLE_04189,0.4951018866477911,0.38518881816740386,0.29800638389768097,0.08763563008207957,0.603505137142496,0.12775650911648853,0.3111614011475715,0.9466631559536917
SAMPLE_04190,0.895579199319696,0.19601373109350984,0.2649555801844205,0.18446336331655497,0.19354029609830808,0.2908775504362692,0.2583717110726078,0.09550726399880566
SAMPLE_04191,0.8334066673173262,0.1997879437331165,0.3878663114373765,0.3335536207299155,0.24852685826922277,0.3038889735859747,0.2637359440435473,0.4491380053030082
SAMPLE_04192,0.7897366525116862,0.11413135840222007,0.1830117679426364,0.1811174363259539,0.20208467504709945,0.22727985140381277,0.16876170390298692,0.27881067939214144
SAMPLE_04193,0.6196424590065199,0.624774616856887,0.6752517273108192,0.18724699525543972,0.5158381262185238,0.3290416091362163,0.42325223796109823,0.6020169189222452
SAMPLE_04194,0.47357901391431256,0.12349138968375006,0.17897887501596912,0.06044903028203463,0.31213036299822194,0.1356835169355946,0.11484637285279439,0.17069938961177944
SAMPLE_04195,0.8744107198914748,0.32837711856121554,0.31864764177269933,0.30350115824631896,0.21150438357094353,0.2298927736534275,0.40059850820126414,0.533366342568176
SAMPLE_04196,0.6679138280636512,0.13608155311574757,0.21350505314219037,0.32537129753362765,0.5418907320960965,0.4056300082570797,0.5088552754118578,0.8581255631180842
SAMPLE_04197,0.7882165669590704,0.1888071133597638,0.26494403951284456,0.1272323557829101,0.1445751873793884,0.3744921361975145,0.1885645266491485,0.11240751431041757
SAMPLE_04198,0.8002376258769548,0.17152513222588942,0.14773109747992957,0.13247531472261032,0.4039746420183939,0.3381425932510169,0.35358851996299745,0.49130926466746666
SAMPLE_04199,0.7618849729643062,0.49860607144582425,0.48880012567060466,0.24217582163851978,0.5328299901164619,0.35807178213157026,0.4965364641179718,0.2821831079773386
SAMPLE_04200,0.20036064429947897,0.5369017088388877,0.600063680088686,1.0,0.025639918153236102,0.143004451619258,0.5063131114420973,0.17803176060890002
SAMPLE_04201,0.8257407842621696,0.053597991649474985,0.022223853562599438,0.08663515430632429,0.057566249376340244,0.11000232040338218,0.07700336884107312,0.022887724936959487
SAMPLE_04202,0.7823762002620382,0.32615485006806355,0.30011454316749797,0.30664242866735697,0.20504428324081203,0.29361832690644096,0.4413700770259314,0.17822698731000053
SAMPLE_04203,0.8939120911211038,0.30274513982219453,0.2318295948276543,0.1902329129214132,0.2460489266703518,0.1937715751651076,0.29209648234422814,0.39137539411976263
SAMPLE_04204,0.8765787300185821,0.4828608368307604,0.7144675907468535,0.18948603406916836,0.19186360372300548,0.3914905420887269,0.33625322449884076,0.18274715864295704
SAMPLE_04205,0.9055790350468751,0.3738274446722307,0.43212352905768103,0.1329193382206651,0.31043314253852516,0.21638685275646247,0.21026229970338375,0.4664754050656049
SAMPLE_04206,0.6998489612197857,0.25329146915426504,0.38890571131781626,0.31180349738804525,0.7259632606126935,0.2779657304435672,0.38884480180200726,0.8381862121545574
SAMPLE_04207,0.5043324013969218,0.6913448038404739,0.7044177378840262,1.0,0.14828865939600544,0.09245941186574187,0.4863242714339728,0.22277069499200858
SAMPLE_04208,0.6486300636335538,0.15997014305843774,0.2431798883331385,0.0797909677079181,0.21638923446661748,0.17863491691222794,0.1753637550991167,0.2103277009606197
SAMPLE_04209,0.8971622408930426,0.4306346235753179,0.20753157824694568,0.22465932936057148,0.5203650771691453,0.32946732818130636,0.37417665319985366,0.48568984394039955
SAMPLE_04210,0.4361344274762941,0.173394052110524,0.2368593524122039,0.1739231654488466,0.3182115361250303,0.15428480500223155,0.2199355033884939,0.897076772326294
SAMPLE_04211,0.8950792075380285,0.32918318152183945,0.5151048558763823,0.10401935528911867,0.14621095203368045,0.14644618586787905,0.14369529068065703,0.060473971384421364
SAMPLE_04212,0.7235866225717543,0.2068037324835803,0.21546514767576525,0.3577922874724397,0.8330915953680217,0.38905143990296404,0.28709477034542774,0.8900995299210979
SAMPLE_04213,0.8722455678632386,0.3393674195476394,0.1342124668356512,0.21605281618883398,0.19663762849109354,0.29161498515310813,0.14403344467747414,0.16954607085942167
SAMPLE_04214,0.4794611999112036,0.6892851956251385,0.5926087547833511,1.0,0.10934107704078977,0.24684704113650285,0.32608241958791556,0.37874933915854414
SAMPLE_04215,0.7227930998899339,0.38866471848851125,0.46524727448376274,0.37806638654727615,0.5832218067536057,0.5051860119974242,0.2812455953932488,0.941901586929792
SAMPLE_04216,0.8782394641101178,0.3004283151006426,0.5075486681559517,0.39004120381594426,0.24107704385264472,0.3344029308480238,0.49680349739048246,0.1950859289753073
SAMPLE_04217,0.2958010530824051,0.5455862430556094,0.6610554475895626,1.0,0.08442796335116202,0.14654951053928494,0.6168888476683749,0.3623332130147023
SAMPLE_04218,0.738908997089625,0.10731342881853986,0.2400203527874507,0.2941235540395148,0.6041382761260115,0.3204707776478674,0.5017407778793382,0.8556301425862949
SAMPLE_04219,0.018631537148404206,0.13898113278498142,0.10113008837538608,1.0,0.038277001453336734,0.14902541889222168,0.052550900442032145,0.8155196838332548
SAMPLE_04220,0.7985506270363332,0.6882925652820875,0.7694203301827269,0.17223193343912138,0.40111593225604814,0.3553543402813552,0.5112876533758511,0.565167883501183
SAMPLE_04221,0.14549604490711487,0.21533409509032744,0.33580093412089274,1.0,0.07657751812943984,0.13031493478815256,0.025757432729509592,0.03887371295640782
SAMPLE_04222,0.7212118603620302,0.12775892955624374,0.12909067209037411,0.43981829728746746,0.6450668345824273,0.6063350737539175,0.41447704365285065,0.7654848304747612
SAMPLE_04223,0.16695815166299316,0.16854124931548467,0.17335899616881367,0.22743541508804566,0.19002189240646675,0.27413430932102983,0.12630141597155928,0.8570252919974378
SAMPLE_04224,0.7368504045086197,0.2999051532864821,0.37825986137738743,0.20914731937966097,0.5375151248308007,0.31726480410925706,0.2607525511188373,0.7552891699366615
SAMPLE_04225,0.8018885423350852,0.15584889578658345,0.29135477464470305,0.10721340595311256,0.10234419203917905,0.16073937102609082,0.14677309113255987,0.050810694061928785
SAMPLE_04226,0.752536085497141,0.199118986561139,0.1720500202934797,0.2550766961875741,0.14405767627502936,0.23080224685604014,0.23061364943849003,0.11478361442792834
SAMPLE_04227,0.9052457616771593,0.026755663740696697,0.08255298782568987,0.12683729318619225,0.11153734553012826,0.13060659934391167,0.07453209040370037,0.0720949539516976
SAMPLE_04228,0.32269858450820754,0.1178423138002333,0.163722587807771,1.0,0.10695017821801388,0.2250894590609143,0.045391950845117136,0.2010244548641148
SAMPLE_04229,0.7852975217363057,0.2772194870493318,0.37677938887699625,0.3607553431750767,0.33225155110970056,0.3834546459590871,0.2579036067323519,0.49171255174566963
SAMPLE_04230,0.4673056431359559,0.6474231175074092,0.5147265551211464,0.1343556501304702,0.6887961417247355,0.16696890691245572,0.3735329776743189,0.7753883639744467
SAMPLE_04231,0.5564117399367033,0.218910202316349,0.4615398018902197,0.12248066304800084,0.11984662169047763,0.1889492332164692,0.20495972400159584,0.06852124099520193
SAMPLE_04232,0.657347169339312,0.4933034328897954,0.6763379744712712,0.12152388540672363,0.34668148236069424,0.21269025124855148,0.2420336955372576,0.9538934587281227
SAMPLE_04233,0.7915651999792687,0.1380787493431775,0.15305424453625774,0.2705316629354392,0.32541321112678623,0.36617112783659733,0.31930244500552474,0.2368355123456356
SAMPLE_04234,0.8110507639013571,0.4797871111769505,0.43454919666942476,0.3358089382170685,0.495873865432366,0.4106423892261338,0.4337734007483167,0.6389949210100049
SAMPLE_04235,0.8238942240340041,0.03345673820520141,0.16932514509064675,0.10802037762168921,0.5176987514110836,0.18785288590224788,0.0997168051474426,0.41714432607029184
SAMPLE_04236,0.24668816311139552,0.2810329889848173,0.257331592715247,1.0,0.05152948723757002,0.09129069686132908,0.01982439993228197,0.05718882508984253
SAMPLE_04237,0.7824001683733921,0.015604251192333444,0.025330138651961705,0.2106867168530022,0.15800023246554046,0.2227242421276079,0.11764592437623331,0.05030861751075426
SAMPLE_04238,0.3380792890428389,0.5628587146464699,0.470979947240713,1.0,0.39332524349286513,0.2888318578089935,0.26864489406056025,0.7714389888364686
SAMPLE_04239,0.9210791778124965,0.9244940030808697,0.7980159913279581,0.28940105298929936,0.6179875667195794,0.6407606962966083,0.8523992128790894,0.6886709642672078
SAMPLE_04240,0.09957154194100741,0.6892713742676742,0.7340086570608813,1.0,0.05624710199632136,0.022459122488992792,0.41374841967991655,0.30468872587413415
SAMPLE_04241,0.7863847367274635,0.49153939144021797,0.5138686422469091,0.30496808616168697,0.12430191698907805,0.28691275499310964,0.23123940123969722,0.27664037027297317
SAMPLE_04242,0.47851658955683585,0.5791304205840637,0.6817770680393614,0.19799845680774017,0.5878850202228576,0.10881981876813546,0.5225670386065824,0.85330693677798
SAMPLE_04243,0.7128264730929962,0.28940982124765596,0.3473872687800353,0.3448535216008161,0.40935637654267093,0.4495315824512769,0.49469846650097776,0.7383614524157573
SAMPLE_04244,0.8560780146176685,0.3212843647296708,0.19171499514983092,0.14591253025198644,0.1560898683210139,0.23940013807159244,0.273624061766614,0.08059200990098209
SAMPLE_04245,0.829231454806473,0.04981015759838188,0.09467467651844197,0.03078097439817447,0.03672680154556314,0.19513359175141853,0.12760213188987046,0.1306998206154873
SAMPLE_04246,0.2437896623333777,0.24052239638948303,0.40136235401992026,1.0,0.21596393440162248,0.18707477743433987,0.005743005535534293,0.027566664427420576
SAMPLE_04247,0.4315084600877972,0.10030803783913911,0.07950558308483494,0.13894862882467662,0.3046927621398361,0.137900530492425,0.2326275428058853,0.9540604729998081
SAMPLE_04248,0.4547664508470151,0.4664669537865483,0.4596403108672298,0.2704733165445473,0.46054174709483175,0.3365875286059097,0.4209725405785663,0.8394073198624902
SAMPLE_04249,0.4692555987736739,0.45072032541509144,0.5591279745196999,0.15777694559666228,0.2079961444060524,0.13219084090408792,0.3214847312798297,0.2891313929749045
SAMPLE_04250,0.1105432945127282,0.3328982592029221,0.10345472887883128,1.0,0.02294596358252765,0.04246111455173746,0.01006713917488586,0.030640028803157384
SAMPLE_04251,0.5295018651182543,0.4946287741551259,0.2352740585642049,1.0,0.2246287462121903,0.09312769843364087,0.09170627653142947,0.20127715039056931
SAMPLE_04252,0.7389596701339964,0.06828997904932048,0.047147371154106305,0.17209243485246328,0.24475020174052659,0.2579159374398715,0.17862981115011678,0.11363960307195382
SAMPLE_04253,0.16791144148372567,0.35598956343119437,0.3059015149230271,1.0,0.027876825017398583,0.08265451359984444,0.039861649980467026,0.13743120772608758
SAMPLE_04254,0.8877458535759375,0.3499414894186766,0.3446402652766358,0.2375888148206484,0.3426844404553592,0.5001246719894783,0.655966134303967,0.3298627816705917
SAMPLE_04255,0.7554498147779667,0.5500986456486275,0.6557355743413713,0.06914696961453301,0.5623470390927131,0.15808941578928545,0.23637541231830336,0.8896617385610499
SAMPLE_04256,0.786217376376073,0.11031942251473498,0.3943918164479736,0.09757160442965847,0.37300240396823325,0.274956329408874,0.1288205517490842,0.2023390667073055
SAMPLE_04257,0.7363230554953455,0.5311417704687075,0.5440993939530762,0.04193230448766676,0.4261067606194481,0.07950033080640999,0.5404652204738329,0.8514269222703563
SAMPLE_04258,0.8047403452082782,0.11763860706004395,0.15561378809084703,0.29464884456020785,0.8172472567490663,0.4137843733932576,0.24682630132878886,0.7474730846174146
SAMPLE_04259,0.8304057832440035,0.23471971311694595,0.28266374027329566,0.2808390567672677,0.6968563833794821,0.39761276727377753,0.3958044389887353,0.9388262721881446
SAMPLE_04260,0.8592441287468762,0.00908203946498167,0.01166214137233959,0.0898848416511398,0.08292083900830469,0.12070489487884242,0.029648809342479442,0.16704003623191174
SAMPLE_04261,0.028784216370698557,0.17976845926326063,0.2601454788852574,1.0,0.08933393345252406,0.04914983412647166,0.02424674350950118,0.09549960404896815
SAMPLE_04262,0.7780370497786027,0.5859681869433669,0.37137538554121063,0.20638585725770633,0.4073798227678964,0.3588877855574528,0.23285422871390757,0.22801330540686077
SAMPLE_04263,0.8842456440938693,0.14614194069083322,0.30869100470223054,0.19148710038485528,0.33882492559767163,0.5027811734428108,0.38273864848767014,0.4006891318549529
SAMPLE_04264,0.3064199536566733,0.5924063308419525,0.5159448108034167,0.14391646781078357,0.2712849800309664,0.17725804919314406,0.12956193153599405,0.9718213782302432
SAMPLE_04265,0.8670787094085299,0.8845212207270479,0.8083890155006637,0.2763339592514922,0.6392171822479908,0.42272584945689995,0.7963521597422013,0.7640507358976827
SAMPLE_04266,0.8132416288898328,0.1726742466673965,0.1337334767678735,0.14554568446135843,0.41190034900478795,0.29341343009755105,0.1302057272311592,0.7827756011243088
SAMPLE_04267,0.38503408808591233,0.14332577161036708,0.19153925455652449,0.17836927549763257,0.5665343492073998,0.1871404373466177,0.19362674875736022,0.9498226434441357
SAMPLE_04268,0.18897735362664364,0.45878766159253687,0.3087293058393145,0.1289297314975103,0.27309837421163663,0.17234199280616538,0.1967632423664249,0.9057197923412716
SAMPLE_04269,0.3600218907786698,0.4637908673902008,0.5273389563468911,0.07526949384279873,0.19806660614751792,0.2615249039385539,0.2405064343337308,0.3475581873798158
SAMPLE_04270,0.8682392599583701,0.19316145421229713,0.36726348872573883,0.19733598152680262,0.08425822552414797,0.30365222080763044,0.29811600978980385,0.13322377200331487
SAMPLE_04271,0.7748610792000572,0.6342458758389681,0.6696983867371066,0.12101363359125968,0.3461372517698865,0.3220321067644983,0.6103391045961843,0.910423200888441
SAMPLE_04272,0.8566519074729231,0.05543165076053567,0.14573627558654773,0.17209320975935066,0.43150175136031066,0.28984048944515073,0.24299490302212218,0.19290347400377672
SAMPLE_04273,1.0,0.43701416543939847,0.1534986251616643,0.8865866335764844,1.0,1.0,1.0,1.0
SAMPLE_04274,0.47506409054343035,0.4439268851882209,0.5020323461489186,0.08626591252190556,0.3751393309348853,0.16006995334005725,0.25928228680270843,0.9298626938643978
SAMPLE_04275,0.9145794102334819,0.024852952541125472,0.04224296959558157,0.16703424212083623,0.0444623693647977,0.3012346851481972,0.033423521985419084,0.02015564408489577
SAMPLE_04276,0.8292104329886498,0.11261409101845019,0.2372254542604259,0.14101527093439453,0.11447863625283253,0.27093040466644525,0.20468026964314429,0.22573591400241508
SAMPLE_04277,0.7710608924206932,0.7525332949147483,0.5652297551160193,0.35462235121417846,0.699079760395146,0.711642421861052,0.6020154910499788,0.9587908301101171
SAMPLE_04278,0.5104064032721087,0.2826872759229559,0.36354267169168747,0.0757727863244148,0.464285817599146,0.114993464882294,0.12263812934799342,0.5830180568306942
SAMPLE_04279,0.09342647646646406,0.2546781180235491,0.286380453585658,1.0,0.026476664842765833,0.07634415664460686,0.12475768291573429,0.18477341903566397
SAMPLE_04280,0.764207303538351,0.5123377753282715,0.5749532015628339,0.29954610774188406,0.43696378989218154,0.49779540505070274,0.46021893448701323,0.4855446960320324
SAMPLE_04281,0.9150794799789089,0.31378944436980427,0.30790689336446553,0.22057708524202352,0.36541469002919486,0.3109535508263456,0.3662490936786624,0.5489565255357236
SAMPLE_04282,0.7348569982579412,0.8490780692794819,0.816599983882158,0.10512204495828123,0.3937516889294076,0.16221409125906835,0.4830577754083053,0.7730768122839347
SAMPLE_04283,0.24868282037247677,0.25555456176538327,0.35876083355747546,1.0,0.6126696465668915,0.13616118494337362,0.06099598134550532,0.8746191088065793
SAMPLE_04284,0.02463361296295408,0.22406844254433744,0.17402224911678366,1.0,0.08500494073811497,0.06562729904232711,0.08347588403586156,0.756668494432654
SAMPLE_04285,0.8073814094080801,0.5974519269427003,0.6616223490147164,0.39810323317056745,0.843203833147198,0.6426843011548331,0.904548299075792,0.8349943563540059
SAMPLE_04286,0.42419790559038345,0.38483008026537896,0.41991888272387823,1.0,0.03256901159425752,0.04696808211268958,0.07806809529091979,0.3895220337942727
SAMPLE_04287,0.6421197092889436,0.6733840260105233,0.6326225459403402,0.1083589774732398,0.349034308694679,0.15946888727784564,0.6879060999641733,0.9018355463941632
SAMPLE_04288,0.9039125471919223,0.3528807162296327,0.30518500230423484,0.13441781929497731,0.14219876607222692,0.20204458870792333,0.2861656036079602,0.07831480538862304
SAMPLE_04289,0.12219604041842483,0.34420016182727065,0.12866530516082275,1.0,0.08609481579256584,0.05362643579324291,0.05490090385162047,0.7726957664425176
SAMPLE_04290,0.4372570325854286,0.5394522074852153,0.5447175054640621,1.0,0.11756591635823449,0.18763181252920177,0.24280637450264533,0.10268413204910311
SAMPLE_04291,0.6276252339808119,0.8165546367562269,0.717746543732849,0.05997526994186727,0.620335597100679,0.14058140508825445,0.6220934196164559,0.9615901163399104
SAMPLE_04292,0.5872998380767872,0.23753798261659803,0.3585822500337436,0.18228570185540732,0.5541208816700112,0.18219459743786812,0.22162822075839003,0.8851307305250489
SAMPLE_04293,0.745696199060957,0.260051729599246,0.297652982579052,0.26814852685923307,0.14469367192719262,0.28493782497413916,0.3683448313384178,0.08639955568337934
SAMPLE_04294,0.7751478022977786,0.09040044218667159,0.09387210994362152,0.1757520594673823,0.592477698403215,0.2965555908265398,0.12447786736269596,0.6240479661023275
SAMPLE_04295,0.8500667281024257,0.17662678065322396,0.09371819495784585,0.1987800694225546,0.38101126577832345,0.36290467036048035,0.2300306463085804,0.29716412632735073
SAMPLE_04296,0.8040559495002062,0.5886038455145272,0.42457157947432445,0.3068235631429713,0.4796847188726908,0.424729844504394,0.3943472712182723,0.9160092332838417
SAMPLE_04297,0.23701609957448946,0.33176251396430023,0.26084054962361136,1.0,0.005573504853580666,0.1307722240724389,0.19754355605501728,0.03342358800291002
SAMPLE_04298,1.0,0.351696305834115,0.28662131182284123,0.881100769149721,1.0,1.0,1.0,1.0
SAMPLE_04299,0.8524114600905801,0.5761845146598975,0.5327266619393742,0.26485703997446114,0.3746916902462363,0.35863582627175417,0.48228497192737446,0.20988070339057702
SAMPLE_04300,0.7200569147680714,0.3311830948631018,0.12740961495562833,0.20785561000932262,0.2636917718471758,0.2964718290103498,0.13917346314928944,0.7764705691417859
SAMPLE_04301,0.7580424167836619,0.19560972911620245,0.3577585912363332,0.3314806382857576,0.6846711941872686,0.418641847863968,0.37653742423381215,0.9133731975247402
SAMPLE_04302,0.8985792991942716,0.03419092157667909,0.12915229399832126,0.10034520260187153,0.6098382260069274,0.3427340294576071,0.08784210913382193,0.27617643084523996
SAMPLE_04303,0.8472343682555981,0.2226859938218101,0.4629599473618282,0.12185627108680103,0.22251640231127107,0.26571949729019,0.3213471443550841,0.42764924339872773
SAMPLE_04304,0.3907317863527909,0.4578143915126389,0.3649892473765304,0.094603783243303,0.40476304734386737,0.13436972629486948,0.2815298182955329,0.9412614329707485
SAMPLE_04305,0.8652428696607468,0.25783741484015216,0.48724252809641355,0.2433659752523703,0.6273318855048204,0.37629425852883525,0.325766420265281,0.3756292040545601
SAMPLE_04306,0.1895605950772652,0.18756456565627272,0.17091207523267832,1.0,0.20302776983583046,0.141179822931592,0.13252951557671744,0.7637821957817088
SAMPLE_04307,0.9139127494218864,0.3525488165897476,0.18161869361632116,0.3199521100924574,0.17662504093903408,0.3356642033264732,0.3913096369652721,0.11262767813432624
SAMPLE_04308,0.37907869328734656,0.4850417725347549,0.3833785491169341,0.10313307987385509,0.27497554970075994,0.13133851284378045,0.10886517392869655,0.8583316064461729
SAMPLE_04309,0.19116245482926716,0.17946384363210643,0.1825203224113628,1.0,0.03343018015830911,0.025288598534347367,0.0392227576142036,0.02496261393865174
SAMPLE_04310,1.0,0.528503769023935,0.4192692242444466,0.8838943022205745,1.0,1.0,1.0,1.0
SAMPLE_04311,0.4735978262657734,0.7136047799014378,0.6947845949943535,0.05674645762434974,0.6021238244491363,0.07565601633812577,0.5022762331843003,0.9720127443587185
SAMPLE_04312,0.9064126030675526,0.051038466261290404,0.12620528783363502,0.05852027342792234,0.6258492412878628,0.13737147150354867,0.11376735265922733,0.3516221288406985
SAMPLE_04313,0.8013814456339365,0.1726499841786746,0.08785244494337958,0.2556044222475175,0.14827563417937106,0.2569230394979977,0.3912097550614647,0.08314385931162985
SAMPLE_04314,0.8437284748705864,0.7126617316837129,0.7626124175441007,0.302634224356748,0.5327630977579134,0.3951146050573377,0.7296783236752489,0.741216704920862
SAMPLE_04315,0.5857585610704259,0.8263038916281302,0.9172004538693694,1.0,0.23824129267948907,0.21728935851354417,0.4813857891226221,0.2581711465203701
SAMPLE_04316,0.8455776358027425,0.4730657387174238,0.22101428973988935,0.2204042328317918,0.4005666355750497,0.36178396152059167,0.30207404173062197,0.9562483879343598
SAMPLE_04317,0.6753732203359246,0.26918829237711517,0.5521895024280035,0.1412645538543424,0.4818095715935346,0.27003813969080886,0.5136009881191996,0.8477430277115949
SAMPLE_04318,0.7775554853792422,0.2139724552176402,0.1025672815019627,0.17467789348496304,0.38027175415888204,0.4738157240951966,0.3421567976520291,0.4354652596909312
SAMPLE_04319,0.3368074318991113,0.49442272097094264,0.4135495818457088,0.10770186882152573,0.645205574673167,0.10485866800736665,0.28488615722230326,0.783013225955406
SAMPLE_04320,0.8197424695830111,0.3396962230867094,0.31319820770606194,0.21063803490125416,0.25764491966022585,0.369316830427482,0.31178384723981784,0.77973559550919
SAMPLE_04321,0.2709183483750373,0.586111976089763,0.6380177984010106,1.0,0.07763080124593054,0.212868382205439,0.43772400867101285,0.07033792835474038
SAMPLE_04322,0.5232232171555057,0.4401481509600518,0.6437072442215659,0.15124076421479887,0.3403730204925045,0.12719712920135778,0.5185298998927743,0.8999831377215253
SAMPLE_04323,0.7782074467243218,0.39873016552511864,0.688496909045522,0.12634559189202288,0.15116587453582728,0.3625435516630669,0.6410147357282197,0.34432242865846574
SAMPLE_04324,0.4596014890439984,0.666128003882112,0.5977847190074073,0.12457957772701209,0.6250550430337796,0.23793542262355777,0.32659512275305663,0.859148879522992
SAMPLE_04325,0.5368782993956194,0.7860039961843015,0.7835238716082926,1.0,0.17010046213303584,0.007950722683972617,0.31475658379967403,0.22288365785034225
SAMPLE_04326,0.5847217112363574,0.7421775126324205,0.652768936456798,0.09781465850475712,0.3309988277238373,0.10792572432105381,0.5790192193143666,0.37383877222202255
SAMPLE_04327,0.21013339449550447,0.3062152766835306,0.1627127575742959,1.0,0.48097250639610195,0.2317605172744922,0.2562159943689202,0.3241410176388699
SAMPLE_04328,0.43240888735798194,0.5895182848164086,0.6012651474469823,1.0,0.06995295298958337,0.13266806716224996,0.16444439432649455,0.7383320513033815
SAMPLE_04329,0.7284597092792243,0.29468389925049476,0.3598230376562044,0.4605442463149266,0.3581208125510874,0.39004240999169537,0.5278621690996912,0.7332414650003991
SAMPLE_04330,0.7972217822138941,0.21473127636912934,0.1532832033628591,0.24930877936354195,0.3947411977552274,0.3258260717979757,0.1702745089552867,0.4869149332217884
SAMPLE_04331,0.8445705858303107,0.34468294931325555,0.11714378580416006,0.3138578704477763,0.3702150023474673,0.4497952930200614,0.3709777660524045,0.5240816363530982
SAMPLE_04332,0.8251426517092724,0.22228434619468057,0.7016439042870346,0.11029131540933987,0.8342246831285671,0.07797947529774527,0.48453244450861566,0.9410985706850256
SAMPLE_04333,0.2384419812011756,0.15045394133658993,0.13549624195394377,1.0,0.037106370602447356,0.07230908889369968,0.14433497083868105,0.16737287416947305
SAMPLE_04334,0.5522401142432547,0.6246518924705842,0.6262764720284539,0.2055987508089976,0.45502469479251006,0.15754719629678995,0.2179430865029245,0.9629362693444772
SAMPLE_04335,0.919245980386378,0.16976820739767737,0.13681423061804707,0.1485157967375322,0.1062163572353424,0.18363828781237007,0.10064886529156539,0.08181062968731531
SAMPLE_04336,0.47261665329816943,0.267907865878308,0.4504024701126934,0.16040894743146966,0.3214191479373483,0.1740714623184023,0.47910771464758584,0.9224990091125365
SAMPLE_04337,1.0,0.685059763467346,0.5014690604475076,0.8842240306135112,1.0,1.0,1.0,1.0
SAMPLE_04338,0.8142313275452027,0.3654242125019075,0.5371764428056466,0.08264215714566805,0.5045021176058554,0.09693464508426597,0.4187102206135757,0.4457673630829912
SAMPLE_04339,0.7995541359400751,0.5775696212584032,0.8864488267511264,0.1295031191359648,0.6680711326468466,0.2741822344660281,0.4486851653381782,0.8909099737167057
SAMPLE_04340,1.0,0.4568072401808989,0.4050728127689085,0.8760173954846397,1.0,1.0,1.0,1.0
SAMPLE_04341,0.7363555701732807,0.3873453723499154,0.43092592477827607,0.33358655887920813,0.6409147642872218,0.4745646408889506,0.6223097229379638,0.8422147192854861
SAMPLE_04342,0.765887145366833,0.07096318182848428,0.04698517544692127,0.08772014039529792,0.47100919487174814,0.21641584975712483,0.05520614420423406,0.3300223813753961
SAMPLE_04343,0.26016972537130734,0.7873819656013645,0.7915417844633956,1.0,0.15223866456653445,0.09347358841479983,0.46298551052907877,0.8060448711433161
SAMPLE_04344,0.6943898820074252,0.6998650699916835,0.6887010359414145,0.11985108525516788,0.15185933689879375,0.19628670280237648,0.48914174361886353,0.24142372239197188
SAMPLE_04345,0.25130361885216246,0.3293888104887135,0.24333657001022663,1.0,0.10798557395033537,0.03495908007339675,0.011518443629063088,0.010651762227535066
SAMPLE_04346,0.6940636189775204,0.6150224113357996,0.4712703874140247,0.4169590784290741,0.23548702466109986,0.3814749017543256,0.5483711388703357,0.27417664338474074
SAMPLE_04347,0.7970676873359179,0.4702732069700978,0.4792542999428069,0.41900314530045885,0.5625736553751491,0.5204279938111454,0.4502114221631665,0.9372639565046519
SAMPLE_04348,0.47115659136628796,0.5359263091959781,0.6625978233181696,0.16981385548614533,0.4577464927869326,0.25221509049737045,0.6366646513238289,0.8582168715560557
SAMPLE_04349,0.6261217842819996,0.27113147508684504,0.35511108273415115,0.18069083617552578,0.49520037572449815,0.14008110696140827,0.5848288998415756,0.8057053063558011
SAMPLE_04350,0.45876585211485194,0.6176054931654054,0.604606189531962,1.0,0.15548911782953073,0.0279646520337851,0.3261322326985885,0.07103745383998232
SAMPLE_04351,0.8500771025588305,0.08306943115394695,0.13434393912168902,0.06776754818101875,0.2771105488617076,0.16399254401688224,0.15608803364323984,0.3545175161401575
SAMPLE_04352,0.46981838807879944,0.3117257484175048,0.43893161993246876,0.13661639779693668,0.702186117530069,0.1683318247816596,0.295460236328023,0.9226114018944234
SAMPLE_04353,0.6267149737936257,0.7309339100460088,0.7528717959639439,0.0701071990369393,0.5840238597610488,0.1600522211022546,0.3108075813925033,0.8051909999188058
SAMPLE_04354,0.24222135071543682,0.4789235669972716,0.5482063227222445,0.06860676210433353,0.6087516609725654,0.1844428921261022,0.25156907819120744,0.9033689242530334
SAMPLE_04355,0.11215647449400667,0.38806110441742475,0.2606329200659159,1.0,0.04321808974606536,0.21481810575982657,0.1910203047101258,0.04860740381399456
SAMPLE_04356,0.7133810058058643,0.43305980338189687,0.19057889289768526,0.3436077193878585,0.37207254266077816,0.47728672229117425,0.4748689434104656,0.781815222570873
SAMPLE_04357,0.3878539829556665,0.3959116283870474,0.29492690020578305,1.0,0.043997154429882106,0.11747292188927627,0.031011830481738577,0.03247235598227906
SAMPLE_04358,0.8512243767564158,0.4060483263649033,0.4009935091434368,0.2024388128526632,0.18679528212897412,0.3588340045467065,0.19606109538259153,0.184869512662234
SAMPLE_04359,0.19820597046297708,0.22322819258200155,0.22119901154887925,0.10466986711148979,0.4800780312191818,0.14185009349854366,0.29936351094501745,0.9767775293843627
