sample_id,Ampicillin,Levofloxacin,Ciprofloxacin,Imipenem,Amoxicillin_Clavulanic_acid,Ertapenem,Cefotaxime,Cefuroxime
SAMPLE_03360,0.7701349951833174,0.10936351525917416,0.1477376239677599,0.2322460145052372,0.06739795040003418,0.2034624960667426,0.10469129777543214,0.11778035757369135
SAMPLE_03361,0.13337392456092778,0.3344081838707524,0.17761370583886693,1.0,0.047161378287544235,0.11429678641462397,0.04974926621193306,0.08634679823067865
SAMPLE_03362,0.42977088061697677,0.6260734074616924,0.5794591117944441,0.059861861431305674,0.39166950112198906,0.18210489013118777,0.4877460438719611,0.6128667649522574
SAMPLE_03363,0.2559340701750013,0.17430773839076252,0.24279353580480306,1.0,0.0670382781120511,0.15346485598673978,0.2174201346386993,0.1535013080717187
SAMPLE_03364,0.4883209124345563,0.5735878352634566,0.7094501191276006,0.12532162282491235,0.378893491973877,0.33512615782657623,0.5952350796568957,0.8964008839492749
SAMPLE_03365,0.643401240887126,0.21651177306499741,0.4567706982211226,0.04020485586791238,0.3645686942005118,0.12489987738692775,0.5252399907001173,0.685512691625375
SAMPLE_03366,0.3821565452592142,0.7012156559271017,0.783358557597539,1.0,0.05760303431450342,0.0919809036024662,0.21957853932398846,0.8484433882620386
SAMPLE_03367,0.6220835206768084,0.7379059985006455,0.7438314314489781,0.1189893242256247,0.5337284254217234,0.18422299369892536,0.5405575244559723,0.9141879631635089
SAMPLE_03368,0.3955110341479184,0.8113074588382414,0.8404889627428285,1.0,0.053389955432228284,0.16257191904331858,0.5249554029509956,0.8169058921974751
SAMPLE_03369,0.7238620008287342,0.88629881215054,0.8662641559095979,0.046705461464043724,0.5668165035443894,0.3543618826289907,0.26896094678139415,0.8903551487488672
SAMPLE_03370,0.5548202554735134,0.20657032467896982,0.25920546313735904,0.31231727776949786,0.3389746470432283,0.3590781392055522,0.2649625462101108,0.8718222765651042
SAMPLE_03371,0.34955670659990257,0.07276755403315906,0.17748754630389713,0.08130126036083167,0.14942430251914682,0.11963507262171195,0.16257271423714895,0.9363207044761174
SAMPLE_03372,0.4440225922249838,0.3721541042479787,0.536514503019086,0.17968702448431895,0.35861681131806195,0.2027565032075973,0.35621196914737085,0.8680191179948804
SAMPLE_03373,0.5843527311707069,0.09671954300336708,0.40653122024347554,0.17876898271067695,0.49735933823774714,0.2065960255396176,0.3400879249124784,0.9209241937216366
SAMPLE_03374,0.24797665382082337,0.34680771346187944,0.3856352094038904,1.0,0.11350012262748096,0.071441655434724,0.1000136825433679,0.02330320729768561
SAMPLE_03375,0.630673895740888,0.42808670941136356,0.29070125044648093,0.04053024655920923,0.41901725374721777,0.05328623131757977,0.3550742266816412,0.8410502930685881
SAMPLE_03376,0.43704981183235675,0.7305882326515287,0.7017560961670417,0.11298289448957055,0.48132585173600534,0.1286945643301901,0.5097491988193251,0.8783374984909504
SAMPLE_03377,0.5489324873235665,0.5857194632758149,0.6439455297200181,0.08305251245734717,0.41543999585256125,0.11111874898532421,0.38087324908200015,0.6851039561562415
SAMPLE_03378,0.8429186289635444,0.21691559277497618,0.06354771811551894,0.07549212423709159,0.3770242765215177,0.16438463706496254,0.06670906424989635,0.3537667292007297
SAMPLE_03379,0.8245078050556165,0.167522325373485,0.1689624712598819,0.3005843621700391,0.6257906994338699,0.44909155348625374,0.6395910397902258,0.9243839128050638
SAMPLE_03380,0.7621659087206355,0.5719221462247244,0.9121365268898836,0.09574545024470447,0.6607373411241769,0.14937352909759244,0.5838850109261186,0.4866519567419909
SAMPLE_03381,0.4311978312932369,0.2682239030335307,0.4912135895882662,0.06658586027944362,0.4928775684312753,0.14964540196496398,0.5526048987388243,0.8899298310014281
SAMPLE_03382,0.8831763936322664,0.09675196053802741,0.12525248256334082,0.17875471939563964,0.15821960438673752,0.2662477402101867,0.11119578133994727,0.14821560175202614
SAMPLE_03383,0.8409938948808586,0.18132610298481422,0.30272972316629765,0.12980672009130176,0.13288033731831445,0.15494529695224524,0.44424245156985076,0.32304681746835573
SAMPLE_03384,0.8719239892154481,0.5410820332253279,0.6263246608638448,0.2993476088302932,0.23989613244504585,0.452116731919821,0.5541849675649412,0.6204667176002046
SAMPLE_03385,0.4099120830956802,0.39776504838542626,0.4956248551523231,0.10526703179082005,0.33483856531817935,0.1935055004816147,0.5138579957217533,0.8622554500114381
SAMPLE_03386,0.6394672074800756,0.35870130389393884,0.5608173948645383,0.10517200816004608,0.34490953847569145,0.24870108199994384,0.34704487394838646,0.8452756069835092
SAMPLE_03387,0.08016829000534603,0.34096390568960955,0.22269799971681942,1.0,0.041946558712103586,0.13381714885540108,0.059471126676501875,0.15735359577595054
SAMPLE_03388,0.03414877233429158,0.452518983054808,0.37485715445647144,1.0,0.26226002999878967,0.06260107318391664,0.15596146699337585,0.8016532230820754
SAMPLE_03389,0.832669370319232,0.10303113124299058,0.42061991387804987,0.13431682955403892,0.12185133037376714,0.19582190969280114,0.14404153846414672,0.1737588844295918
SAMPLE_03390,0.9082601565658313,0.03787762198140825,0.03639520955495618,0.02506234974624169,0.4813730600782273,0.11349825502602517,0.030757683738860314,0.23612478356366134
SAMPLE_03391,0.7120148878365015,0.44519812453602314,0.566364593492322,0.2705686912228324,0.1344832206181364,0.3099956231679265,0.3183234936238854,0.12397560874845559
SAMPLE_03392,0.8546704881087122,0.02994463353163082,0.051666978453906845,0.1029508468631416,0.06022714728742079,0.14881917264699143,0.08193406253262302,0.1290218292664357
SAMPLE_03393,0.8578422327346646,0.11705304515187581,0.3107730276235769,0.2150718923211947,0.4188877336862,0.30789454795076815,0.24624522606893626,0.2194402223732037
SAMPLE_03394,0.9102601596179527,0.3194958506863319,0.3465833984995521,0.20214086134185225,0.17991226325385473,0.26010530828919154,0.337366422616113,0.2700365350577959
SAMPLE_03395,0.8538370898153613,0.1369552789388745,0.2621577566883815,0.15109842513283367,0.08983614942198438,0.27251088520997196,0.42078294862247906,0.21987305512139624
SAMPLE_03396,0.2722400717228178,0.3626563313243582,0.3098383576590862,1.0,0.14071153722049182,0.09447943119680725,0.05036755998005845,0.0894570865380967
SAMPLE_03397,0.576700320800964,0.4981398536013685,0.6325966792837152,0.0910217409307865,0.6386798458734727,0.18707835227745875,0.6806035248257465,0.87281827851053
SAMPLE_03398,0.44018388720300927,0.665190643996943,0.765329477298111,0.09493312683438417,0.46405298948165535,0.17209450522021416,0.37744074386420007,0.8595916768304547
SAMPLE_03399,0.1482511905822622,0.3285554004320185,0.2972504153052353,1.0,0.2741318490545259,0.15592809437792718,0.019299963594172704,0.05078286510636772
SAMPLE_03400,0.9069268260057253,0.36852472839515626,0.18829814385498753,0.1757441237696008,0.17021001363542668,0.12553987452707155,0.23444882481271412,0.27274040772829766
SAMPLE_03401,0.8400086298465217,0.07731372059761381,0.17190778860995035,0.32201106009277786,0.43292287854936357,0.3153959435043191,0.1216042997781621,0.39008322888930247
SAMPLE_03402,0.41622370404952247,0.7495601536718339,0.725532299585103,1.0,0.12868794932048225,0.15347036763453994,0.24405345815631466,0.09163334386311094
SAMPLE_03403,0.9313433946306492,0.4265641429695791,0.2112756911320986,0.24162725847525737,0.5047839173889506,0.3996086181276493,0.16272023718776427,0.37273809454625706
SAMPLE_03404,0.7702747672317289,0.5641197481252967,0.39590580864112257,0.5146819058339979,0.5691837440243004,0.36872365018147213,0.5620057259858413,0.806572718465018
SAMPLE_03405,0.6612348087485309,0.36320375257264853,0.6658242974265447,0.30204418583564707,0.5733567081709615,0.2716298456234602,0.610350010851316,0.8991327358652306
SAMPLE_03406,0.8659229843097904,0.3798569891416872,0.24589979518960553,0.22293510472449335,0.15590530323726348,0.18527788850681856,0.3961450423185911,0.15829472519429288
SAMPLE_03407,1.0,0.3921994966146237,0.1959218501693417,0.882876950345453,1.0,1.0,1.0,1.0
SAMPLE_03408,0.8138337035341752,0.135425196000912,0.14635508679571158,0.263739911135844,0.5920781595003826,0.4158642534273175,0.5362666256671851,0.8450461236320992
SAMPLE_03409,0.05376673528537873,0.5075563760007615,0.45935254211012966,1.0,0.46094722783101394,0.06760992889778333,0.057108558700986335,0.773241055052225
SAMPLE_03410,1.0,0.5904500629963603,0.43781684604680526,0.8792033165074347,1.0,1.0,1.0,1.0
SAMPLE_03411,0.8123397426695642,0.20708033034613044,0.15462195794118405,0.45738394555139095,0.5419950209050953,0.475139665418717,0.2728389482733359,0.4071923173383297
SAMPLE_03412,0.8285029083000399,0.2782762099333922,0.3386123063490031,0.20431263685169163,0.7073335707902559,0.33341895173622627,0.07370965808835504,0.47642158019201886
SAMPLE_03413,0.8069966814990968,0.09040933445752876,0.0597536173864588,0.188345434194887,0.3293631297859802,0.20020889268685607,0.19633536688112702,0.328237897343964
SAMPLE_03414,0.04734318903022988,0.4296279578143989,0.37501875094099635,1.0,0.06785277941288101,0.04444436344228265,0.31920124551780477,0.32733911330588616
SAMPLE_03415,0.8780927489041174,0.08853363855507629,0.1304331361267667,0.133007037379667,0.16686358542519725,0.2757410626862058,0.11124778024593363,0.06864885719151473
SAMPLE_03416,0.8103391132478279,0.6744368056794965,0.5135079841095186,0.31416071591028183,0.7102720860655911,0.4400732051264715,0.3129813678159471,0.8256524515082037
SAMPLE_03417,0.2259403758899152,0.24021599248780975,0.1929416425036675,1.0,0.017814593898638015,0.14581527631044153,0.017715138283544297,0.01749746252486184
SAMPLE_03418,0.722439668233951,0.25770144098357745,0.4186499728240427,0.24720590673718104,0.34891023785307357,0.2735176903953435,0.29847381615116886,0.4231769718390026
SAMPLE_03419,0.8605084581517992,0.2633854017919616,0.3521498643306688,0.35846972739110844,0.693897061170613,0.43995189861799694,0.5411641455629893,0.4901950065522239
SAMPLE_03420,0.8571658185999627,0.8179853584799869,0.7474789867887294,0.31232009446973713,0.7276655225618108,0.366702770619433,0.8647279843571605,0.8372828935024421
SAMPLE_03421,0.5344191288817683,0.48170401749171515,0.529337009983394,0.0992254024765331,0.16593547156959557,0.1302298981624532,0.22712988061673062,0.18203278114114296
SAMPLE_03422,0.9051767069163585,0.5763222311436138,0.6793107976328712,0.26469899756444376,0.6501149014085308,0.2510514028883629,0.7380887986971536,0.6082795609477114
SAMPLE_03423,0.2994597582597014,0.43895859413786714,0.34343583630045654,0.10405877936792159,0.21670362730573534,0.16138384374204723,0.20759846185927916,0.39714337499426877
SAMPLE_03424,0.4155030835982919,0.4262563733226058,0.4255031118169697,0.16797908631532563,0.2414354734485426,0.15734968270469085,0.2977930547982256,0.9125433710762225
SAMPLE_03425,0.7671201474854583,0.30070313793627096,0.27616924014639505,0.418089565949454,0.637211272175068,0.5139420799695775,0.21166606253098433,0.5606377924952576
SAMPLE_03426,0.7699729467950498,0.3246972453455286,0.2886124679593326,0.23764676374008864,0.5316350275407427,0.33787430125624457,0.5616105121185125,0.9559789778309984
SAMPLE_03427,0.8453422142414053,0.12056985254003086,0.17690585634414183,0.19887895386142881,0.3378622647384427,0.18523856848704065,0.12846242429408405,0.2801139351433916
SAMPLE_03428,0.359718220553072,0.4313126538578855,0.37146019930306196,0.1020477962963512,0.4018125932597926,0.11463670555664339,0.22157603492097114,0.9715497848558385
SAMPLE_03429,0.24987137747047355,0.31235800701755584,0.41522333978541837,1.0,0.0085237935814402,0.0937955076648452,0.3932398777502296,0.08901066605464691
SAMPLE_03430,0.8480039068085479,0.4897862014222802,0.683224723586026,0.2625125594836439,0.37835250311730495,0.3864720882395647,0.4287372272807126,0.6500406071208481
SAMPLE_03431,0.7893211212732342,0.09829882418355987,0.19648167039590486,0.16591184206729806,0.07858821302215456,0.24210690103878152,0.38203990085786904,0.22305304206852308
SAMPLE_03432,0.7112105870310523,0.7643375548246633,0.7522446502029096,0.19662445866675268,0.4241232168208359,0.3781808226965809,0.8204264042348814,0.929771583045785
SAMPLE_03433,0.20304505341484183,0.43992499617326575,0.37765806949036573,1.0,0.053777736438436495,0.3602524596151826,0.052104062255170946,0.39910402912905923
SAMPLE_03434,0.8653408482176306,0.2155239125516255,0.33171419360687593,0.2580586995347524,0.22880222204686748,0.37852362432786973,0.3067514227720058,0.36926431719173813
SAMPLE_03435,0.8078368621221442,0.014226464802850232,0.0408332146552917,0.18432794047941073,0.15472426438424702,0.16058083461091657,0.10400536682405369,0.17635691798079306
SAMPLE_03436,0.9300935964632653,0.19742110849743255,0.06816237958378069,0.11947195851881498,0.17154472876207622,0.2394807091580737,0.5439267874916809,0.28597047946608756
SAMPLE_03437,0.8028324770456682,0.21249548795698467,0.14844056085384189,0.07550850743428106,0.07162653735872926,0.15797868415211974,0.22997588202075775,0.22922595109559
SAMPLE_03438,0.5540541072504018,0.6958494853869003,0.8189411643323775,0.21507387168872133,0.4353437594295104,0.23969623196646792,0.5745854773321999,0.2804572711160658
SAMPLE_03439,0.9050933758766708,0.18503787526979196,0.05451066344101323,0.23137226284652906,0.15051761812647332,0.25915346005096324,0.20107879997339378,0.07533852949740077
SAMPLE_03440,0.8002244541572126,0.7037840801278319,0.8510264834556538,0.15245531230688641,0.5742709311196107,0.2895814666344959,0.5387897727237825,0.8312056422416954
SAMPLE_03441,0.6424093602152368,0.537697031495805,0.30115598644121466,0.15558432518912163,0.5152600846253926,0.22112496863639908,0.3338337738860176,0.8877095887180696
SAMPLE_03442,0.8306734904579169,0.07028864229687076,0.021897246445088912,0.2040225709275549,0.43959072212656214,0.23856933218840165,0.21116500414573824,0.4553924061685669
SAMPLE_03443,0.8840099866459092,0.6201912597347162,0.7365861959544708,0.22829249273694913,0.6992260950049565,0.3088067318029306,0.2527995809767617,0.4862435349608309
SAMPLE_03444,0.14492262690864519,0.2696245348600998,0.343152159164862,1.0,0.10728086238501253,0.10027407709220762,0.04457166350910956,0.6377098770944748
SAMPLE_03445,0.7943301981778972,0.18509068663643868,0.45301386483521155,0.3023355755010181,0.5816346288926639,0.35902379918731303,0.5018733935148634,0.8329010776129121
SAMPLE_03446,0.7290230799074983,0.35258036849201324,0.3607675055072357,0.26505500054703157,0.263643417276014,0.3023462499258128,0.21526306158812947,0.3739756853853633
SAMPLE_03447,0.6491957295900739,0.5946873165507367,0.8546215825735457,0.11708740797772844,0.3492203635671634,0.13396700531311773,0.6142642194390476,0.7006477266568621
SAMPLE_03448,0.7990042350347732,0.10668532288185927,0.1403655375969752,0.3207254135930444,0.7652415821394174,0.4329869100426411,0.30627817065143187,0.5701642747315052
SAMPLE_03449,0.39724047499461446,0.051665289254076645,0.07119816021355231,0.1344345991293509,0.2962942526766129,0.2645960927613429,0.11028698116953418,0.8355920527730742
SAMPLE_03450,0.4915319468337589,0.14539647129379052,0.12940611871445723,0.08707233871595775,0.27561536008997867,0.2064392656555795,0.20971433504924947,0.39178353858652437
SAMPLE_03451,0.26602421474661864,0.9361677037863609,0.9366173413241285,1.0,0.07182398701434949,0.13083730269298263,0.5711488050747214,0.7031993270948113
SAMPLE_03452,0.45146298666487034,0.2864170484932822,0.45259076120531094,0.0857657558909678,0.5144367712585216,0.18937827569207316,0.20531024922165844,0.8381191658075433
SAMPLE_03453,0.35102854484131557,0.4509592136594391,0.49204872947340816,1.0,0.13402344311364098,0.16080664889700216,0.3098441497670489,0.356454102529836
SAMPLE_03454,0.7768317062148824,0.2901421777623807,0.3774836062010297,0.11960895898371397,0.2315442369266776,0.14854454642067064,0.2292621554729269,0.19824706700196465
SAMPLE_03455,0.8238120093442995,0.11369125362675492,0.1615258562624726,0.18885897067647311,0.19118989604637082,0.2954358912982495,0.1612033060710433,0.14410163281581045
SAMPLE_03456,0.8936768105503672,0.26600760589981964,0.2955843554133082,0.04673571955936038,0.10252255204570361,0.1740849590198177,0.07828951146878088,0.24295318844474956
SAMPLE_03457,0.6332516134688884,0.7201355591990741,0.9229322115699334,0.10728669507850686,0.7982009900677125,0.3812053592277196,0.4717410781749399,0.8666329423113419
SAMPLE_03458,0.7974583372887558,0.2910141543258622,0.9258889548382196,0.22115051587643497,0.6003927278340417,0.30403742815604157,0.6318702131509636,0.9287455475592714
SAMPLE_03459,0.7699967785859121,0.2084525560946567,0.07174060526067991,0.2729053281392598,0.6350802011270452,0.5860925998334683,0.4343836301312308,0.4036501470082723
SAMPLE_03460,0.8024869067845872,0.16031752327741722,0.2688089341669503,0.2661682088694955,0.5515204021837876,0.4163001150319061,0.28806081207396356,0.40281355345850545
SAMPLE_03461,0.634320200321253,0.454632202216963,0.5944885409326058,0.15809017375716844,0.539992926222574,0.264987967068598,0.4576432400386492,0.8573745520201798
SAMPLE_03462,0.43935822291885546,0.4649061603093555,0.20764548044101733,0.08739579383829801,0.37779937102597894,0.25207925538053,0.1464032857581717,0.9464563883412763
SAMPLE_03463,1.0,0.6745334403190166,0.4366021420044264,0.8798558660171998,1.0,1.0,1.0,1.0
SAMPLE_03464,0.8971765928462742,0.02157678508250894,0.016522544502522857,0.14658335917014403,0.47747565986430257,0.15420527475508536,0.05829981931794275,0.2349211716074216
SAMPLE_03465,0.775440662342437,0.5193226358222962,0.34667691752828705,0.2607475294860333,0.3390200660394798,0.35754145183142705,0.23225954743044894,0.31079453611088603
SAMPLE_03466,0.39888764880891986,0.6909259403929422,0.6415339760306897,1.0,0.09378800242299239,0.07226803701531138,0.5471007307265189,0.0585038028172689
SAMPLE_03467,0.649558702270488,0.6576493744179219,0.7136632098564006,0.1729938154646312,0.5549217332215963,0.2965565314364814,0.7236375621209673,0.8729614898275313
SAMPLE_03468,0.3505632462166824,0.29728714564274794,0.23765097958877712,0.10071191997269414,0.4004440108846069,0.14314170585363434,0.21126478969917087,0.43926188532167054
SAMPLE_03469,0.8670094565489188,0.03545524694140227,0.17565805276333435,0.19624450552633152,0.1828566243686549,0.19433678296855858,0.10123539263896789,0.16053437701205314
SAMPLE_03470,0.9210935249504715,0.3280305172684749,0.14598880080834908,0.10905600575249602,0.0961792283078572,0.3032966727874318,0.19561458802324044,0.03061233738014776
SAMPLE_03471,0.34797247743418125,0.5148292700082644,0.6618494392137885,1.0,0.09360345661698907,0.029603772885887406,0.270876104944436,0.13268552770824776
SAMPLE_03472,0.8175056399468585,0.11313784816163817,0.02868515225354938,0.1370310027112474,0.5119065840357069,0.16427229798750556,0.05037252189693891,0.4032661401765236
SAMPLE_03473,0.4824897856145322,0.8345816633107941,0.9276050292598634,1.0,0.3006183096078827,0.12695324489054344,0.271013702347652,0.7938097166874893
SAMPLE_03474,0.8191710070177245,0.263613153828561,0.3594872026209537,0.207699019438665,0.7264278878682893,0.30460493684354284,0.4114272338284023,0.45402292633670494
SAMPLE_03475,0.600008648936885,0.5121225011992429,0.6331974672983395,0.10539185564805575,0.6851773319278309,0.2211907241073678,0.5028977779177816,0.8048961642853516
SAMPLE_03476,0.7563190903062029,0.10146273939969763,0.1366850238506259,0.24377859463146526,0.3527432559700677,0.3324827433622802,0.031787109252527736,0.04085677348212656
SAMPLE_03477,0.6745678890676923,0.5300754997159816,0.39777212837817744,0.14096363601680642,0.23747129530632527,0.21882337418788422,0.38612698608916246,0.7459413936667134
SAMPLE_03478,0.8535059651688712,0.48753204625353447,0.5200612668669415,0.27432339870883354,0.4804925826431446,0.4607305418678144,0.44752782219423226,0.2536918198726771
SAMPLE_03479,0.8999264637260407,0.5443857664942724,0.5060303177245009,0.14513014233947188,0.5606844488155545,0.41070703753507437,0.5047441171791222,0.931325288703952
SAMPLE_03480,0.8188370230007596,0.6103207002235018,0.5592552756918013,0.07598992596438055,0.1332579814932116,0.20179813584091952,0.469040002911784,0.41892919115341454
SAMPLE_03481,0.9325102272139405,0.04790259639263485,0.029380971461915914,0.21014772888790298,0.13555944805715442,0.24658577225479134,0.17011851421484817,0.34904362213405604
SAMPLE_03482,0.5135347899536903,0.6239635835484761,0.603036352274325,0.1467270017308354,0.09934402511806917,0.25969324724507314,0.44068817060092785,0.19396999729385522
SAMPLE_03483,0.8196662135155162,0.150743459522493,0.3056472926901136,0.22434213569552808,0.3470775450108444,0.3797988208711799,0.3686353961216311,0.4012471203921192
SAMPLE_03484,0.8479989903645553,0.7770605921683481,0.6645779957081364,0.3728539277116852,0.6930381599743713,0.4640879725475351,0.7348518924311025,0.6078733757905286
SAMPLE_03485,0.49288871802700285,0.4978613347964975,0.6447394786270633,0.02652755303696075,0.48161119148927745,0.06994863457744442,0.2752757226738622,0.42687791271347386
SAMPLE_03486,0.29956696217105955,0.6986866435299126,0.7202265210358589,1.0,0.1808850581918759,0.0772751038938064,0.10521456592208465,0.07155756980095881
SAMPLE_03487,0.7529739707379409,0.09892114025041551,0.10532121026515764,0.31689655452437077,0.20872871602282472,0.3255554847895683,0.20689771271131166,0.24820006551702795
SAMPLE_03488,0.6329076667168639,0.6077459421146125,0.5960832793619538,0.0650723622905489,0.30204483738967275,0.2687525761454409,0.40971200472149305,0.8446447514770719
SAMPLE_03489,0.44811944907603274,0.41731375097933976,0.35259411898248333,0.20886975059459034,0.55391296912716,0.13003945128394584,0.18895405103574,0.7995165340245284
SAMPLE_03490,0.3620667474413764,0.7940040942112644,0.765783337800763,1.0,0.12849995015540974,0.09118729621195201,0.13469868649277444,0.14106721399509486
SAMPLE_03491,0.8368417916517537,0.46896387861389494,0.33084606939171757,0.2818475413491521,0.5180502253491401,0.34235374796528056,0.2324931388576383,0.6713043024416183
SAMPLE_03492,0.7786307782834935,0.15508656768632795,0.24701152441998642,0.2468469723898941,0.1284321669315984,0.26130609657616916,0.23820606876393638,0.5082141086337171
SAMPLE_03493,0.8803426559929817,0.6095984824375964,0.7741329399734554,0.1339577828231106,0.19935235670749651,0.41829946910163496,0.8371494784360114,0.43945218628066784
SAMPLE_03494,0.15213324507039624,0.3768350042798072,0.45901892023927504,1.0,0.1879849746313259,0.13316336997886047,0.10224163247736398,0.49380814157828856
SAMPLE_03495,0.8356744591227214,0.38100238968508426,0.07740837567308428,0.3470193432565392,0.28995687879129467,0.25381806722813743,0.5001570980667627,0.2751353629412416
SAMPLE_03496,0.820001263524046,0.09072623403131139,0.09871684578480061,0.17696641750587486,0.29686613996792677,0.20987767700280768,0.11207008750178372,0.19968361844895738
SAMPLE_03497,0.760926055658177,0.34062136734930976,0.3790235795881841,0.30196524604784014,0.45952670975456555,0.38120080266421585,0.4003113141343553,0.5237153677841305
SAMPLE_03498,0.3367771502910147,0.5739277121269757,0.48344350763372723,1.0,0.3695462707109998,0.08311605108558935,0.21608468641271486,0.4161923038742079
SAMPLE_03499,0.9116767839300386,0.559519396322592,0.46598518421972823,0.2562086729760744,0.43208773387981725,0.3362492702789097,0.5563153255404292,0.971440494739566
SAMPLE_03500,0.9330103407862167,0.4911774763494763,0.739358114326885,0.22174837547548645,0.2224970384558534,0.3682697134084961,0.48356407855184047,0.4489479778739033
SAMPLE_03501,0.48103920816484824,0.5498638497426567,0.6102826177963034,0.07020356059134807,0.3999378662625299,0.05512723024465375,0.09282260495120762,0.9636401773511716
SAMPLE_03502,0.8966766359780369,0.567327703820858,0.4691385355432023,0.3306615695624184,0.2642640003095017,0.4918210129043776,0.6185188921795944,0.3282454756992266
SAMPLE_03503,0.898093374926791,0.2843701820614296,0.29877083640024255,0.2123729751573901,0.14855489008849515,0.16996926896288772,0.2754572312018816,0.1857770800357667
SAMPLE_03504,0.4000873644597129,0.4814595115730754,0.1982023370413803,0.10027794947963793,0.4560246809976394,0.1628045162175283,0.3713749264387519,0.9479761903074317
SAMPLE_03505,0.8156459786367374,0.3895318295838187,0.5107180333125719,0.2884257987987015,0.44930984301755306,0.3298893533960772,0.4848930623321518,0.4935703683992224
SAMPLE_03506,0.22383547628805206,0.2822843192138055,0.25111527768995845,1.0,0.12046191628714441,0.058942913611250314,0.229506550662015,0.2559051673904096
SAMPLE_03507,0.23164593115768609,0.3402889917046863,0.37265704745800976,1.0,0.06456174497786901,0.21681950018445892,0.05227488626051319,0.038743837038308054
SAMPLE_03508,0.9371768890031591,0.23268002812918662,0.44623041106504063,0.1635526051167924,0.16650288205973618,0.23985749244811527,0.3059874017188823,0.283116121335802
SAMPLE_03509,0.8701749997349636,0.163679427208757,0.2025557414538767,0.23554718871503663,0.11613093861068688,0.32088180377272485,0.1652908041960268,0.14100532853490041
SAMPLE_03510,0.2553143057003549,0.45663574601860424,0.5435776003807211,1.0,0.15172104022780217,0.02543537253031953,0.15523508749474924,0.57116695082657
SAMPLE_03511,0.8356673618422299,0.10678704199773148,0.1318690673605073,0.1213158923903064,0.5232745186396914,0.23647121123338413,0.07459618645167157,0.2872992714467624
SAMPLE_03512,0.3983186803244902,0.44865045167039747,0.44038676811679245,0.3065136698609394,0.3121874001976077,0.2409155922772968,0.3948428326005244,0.9352439140955425
SAMPLE_03513,0.6994904425565643,0.2019842107301985,0.5670869426612943,0.3270690759660743,0.42755571090586436,0.3885062844898864,0.53120190840661,0.9308740726533713
SAMPLE_03514,0.9247603163405347,0.4131278446681796,0.28381263006462637,0.23286848126153056,0.15443906906484836,0.2053509569727554,0.4044823249982164,0.13269186203936517
SAMPLE_03515,0.464332217705868,0.5163634969787316,0.7526001028075255,0.10288888405429251,0.49167793207877936,0.1076135154523163,0.363565734080372,0.8808885010560903
SAMPLE_03516,0.8846765800819827,0.6437527722932525,0.7720675696205113,0.24897379584490947,0.41867891067093016,0.3722687524072372,0.6507207150046102,0.27314519485208544
SAMPLE_03517,0.054215759616274846,0.26274770085602417,0.3191339101809816,1.0,0.21695143433678915,0.09760530906940362,0.03343722579410145,0.18700561644806923
SAMPLE_03518,0.10128852567636473,0.2906229907288801,0.2631538552240976,1.0,0.17038558253228298,0.14463287523598511,0.07547057017331839,0.2590114467507111
SAMPLE_03519,0.7168531474079217,0.8491762628536073,0.6680974308966612,0.310898587632701,0.44433222080996765,0.37490244161116926,0.30402027527773745,0.8479694793335266
SAMPLE_03520,0.6477009967477396,0.5172419621773228,0.6187564265826196,0.24649054894666206,0.7211457357731904,0.297852022621901,0.5672116556238225,0.9206006219071101
SAMPLE_03521,0.8993430334171937,0.07909827610840901,0.12470867204153788,0.23597669477904187,0.1220185974696821,0.24418388851731138,0.21405816924055895,0.29647767616290693
SAMPLE_03522,0.4501505637255501,0.36142002496354203,0.2163353802332924,1.0,0.05645373593234395,0.05911740396300176,0.13150546660407753,0.19275131676943197
SAMPLE_03523,0.8756738102182919,0.8215405549998269,0.862650885812096,0.3168723360890416,0.7974963904146266,0.6184960552685764,0.9163587781743052,0.9478875311006879
SAMPLE_03524,0.8473406840014905,0.045703736039554695,0.08079604611811972,0.1332761773389061,0.7556824520188736,0.20778716778553188,0.039187845434741186,0.4322822074948648
SAMPLE_03525,0.7342866811230099,0.2022699543334222,0.23893074874877307,0.4619856763105238,0.7855036811648599,0.592224433682776,0.4266824211044852,0.7845125187441746
SAMPLE_03526,0.27864754577454887,0.22663990972750708,0.24116635293828162,1.0,0.1310888830694352,0.17240679000465875,0.09782341376811766,0.8421599752466002
SAMPLE_03527,0.8935100719988098,0.11237986139863718,0.33897384840834616,0.14475023149289193,0.6071982018960315,0.19233458663366176,0.3928046110104284,0.5979077665570726
SAMPLE_03528,0.7701365160184217,0.2874056384051395,0.18825498234007504,0.3221114928832808,0.4857994521037858,0.440842129395652,0.3122499364593398,0.9326083185235365
SAMPLE_03529,0.21954001520568633,0.5461470711057695,0.5509204959855706,1.0,0.11342500033079755,0.2487566518347231,0.2779504038890544,0.8856777655972836
SAMPLE_03530,0.9342602904681894,0.5457833694582767,0.2653965001425527,0.11109202636685314,0.15995241615610853,0.24863783829004577,0.2369175996132783,0.16451378085501578
SAMPLE_03531,0.8286744561510753,0.48816761409913356,0.5648918417305033,0.26330906529596665,0.36943704951395673,0.3462150811691569,0.39267889111795484,0.19677727885419977
SAMPLE_03532,0.8191648663318636,0.4317405493003298,0.5788114831719908,0.20068859570553707,0.4994738750626143,0.507644958926184,0.42481504454147195,0.8856090277846329
SAMPLE_03533,0.8538357139770809,0.28598785484194167,0.31416032101608776,0.271992921215716,0.28697258980253293,0.480429011220246,0.6492266740756591,0.6772963497722788
SAMPLE_03534,0.15106421519477292,0.631651704739947,0.5993482736922122,1.0,0.3746746606673075,0.22516063145531867,0.4259959666315762,0.7963190335724639
SAMPLE_03535,0.11346771359397374,0.2239143027779928,0.2178376600718405,1.0,0.1023702535965092,0.12611429181210315,0.006128876138927181,0.10084283847822688
SAMPLE_03536,0.41904335172332563,0.5602857949730333,0.7398488729319384,0.17157974605887258,0.3694282592626984,0.2576431323379311,0.3917704668314661,0.8987705186095062
SAMPLE_03537,0.846507781771385,0.4887168347761628,0.5213559814558081,0.37647191732709306,0.7872086362454352,0.5483135722907793,0.4999254835749939,0.9195189868798185
SAMPLE_03538,0.3838814743975749,0.30109144048944864,0.3771971200338409,0.13683352537060017,0.24331759111112256,0.12016056326302249,0.24900104548924973,0.5966952419766454
SAMPLE_03539,0.1765791623422682,0.33708279283141873,0.36395428302149146,0.061872697813841464,0.46851148620464356,0.12741471267905596,0.2707110339743832,0.9513250620395011
SAMPLE_03540,1.0,0.4432685727684851,0.12058772181112862,0.8868821566360128,1.0,1.0,1.0,1.0
SAMPLE_03541,0.7861636841601658,0.6863304054252758,0.44593736108150495,0.3584247189332672,0.4169383866995972,0.5252283057574939,0.7322114795954682,0.5949878031455234
SAMPLE_03542,0.8010000282984528,0.6908266110891451,0.7322167417264736,0.2963393866604419,0.8446973168706429,0.3911617227231217,0.7681258327735824,0.7859752782737155
SAMPLE_03543,0.9228434742177895,0.378663882897355,0.3747281632294051,0.2463655619932334,0.348771300548913,0.22193415523888646,0.2875957384646813,0.1382398442656627
SAMPLE_03544,0.17115993771917892,0.2657764466353385,0.22321195601528798,1.0,0.07545467807015493,0.16532614864209472,0.054922691518478575,0.2542258523103016
SAMPLE_03545,0.7996612252283994,0.48408972463538263,0.41723686369572893,0.280212322907521,0.277027927351031,0.32088311082486537,0.5124113452550284,0.31690044905249326
SAMPLE_03546,0.8793416714465916,0.12052043899929213,0.1583645625942463,0.2684753181303559,0.14573490588769628,0.3133828234781046,0.11613022428875008,0.15542680643893567
SAMPLE_03547,0.35306649272656765,0.325699396750919,0.32992671303936566,1.0,0.2740544794918686,0.42514321674913613,0.0585192380344309,0.8646954485378766
SAMPLE_03548,0.7532997041251668,0.0757879735490616,0.2588488732134112,0.0641130459722868,0.10322102426688927,0.17978671086549275,0.06749892142782447,0.047537768936740804
SAMPLE_03549,0.7716619387836812,0.11400644902061985,0.1939395924688312,0.2536404645265039,0.44229129358677777,0.39420693075967833,0.27766290367198954,0.6531816171452455
SAMPLE_03550,0.8170045054343472,0.15821906530851165,0.15554665273290935,0.15639987776472297,0.395921995431836,0.17956199968826075,0.10657112786934411,0.37789860452938306
SAMPLE_03551,0.21553679433666673,0.4722609867434474,0.4752158446643936,1.0,0.022060968863701787,0.09279496966225932,0.5538775823956599,0.2419367511575029
SAMPLE_03552,0.8851767307792089,0.3021151732914988,0.16982490537872869,0.11014396828555424,0.19286822951001426,0.38107075649662586,0.16572635958647583,0.17475704214509324
SAMPLE_03553,0.8216670612923658,0.11659699464721308,0.2837947579655527,0.2122195121830233,0.22880652887182448,0.4122043788923421,0.23758555317767643,0.24362937772698548
SAMPLE_03554,0.7684736267093607,0.15857894826220092,0.08206253117918547,0.23565910334992007,0.11155517796597242,0.23869125822810133,0.1118657841899005,0.11005307029311101
SAMPLE_03555,0.393656564594215,0.09009193112980468,0.04225627898364181,0.12395289341490423,0.3749325099990716,0.14002112606579042,0.09691173180314892,0.42590824137142114
SAMPLE_03556,0.8473424334136559,0.25855624091441637,0.2203814148665022,0.2775217071399366,0.21516914318504723,0.3701913406759465,0.18303315123229558,0.23589093052119064
SAMPLE_03557,0.8311740413042941,0.4665077044874517,0.518490403893559,0.3245589582941388,0.3884010790927239,0.45843004040367563,0.4664482942623567,0.9428430792896035
SAMPLE_03558,0.8743404746018117,0.22459618494619848,0.12184406680173446,0.2137490856378918,0.15764330846146368,0.34046491377337695,0.1687934505284244,0.2879504327745086
SAMPLE_03559,0.7386183154635759,0.20711796312020664,0.23772941380939294,0.24319981076121275,0.20956986150348061,0.3325111568020521,0.38022473189525374,0.09784957278787193
SAMPLE_03560,0.5105970267881655,0.3681513741818996,0.3291865260446325,0.16718783208342833,0.19264131526809508,0.22706599054765322,0.19080862246156746,0.8475820577077078
SAMPLE_03561,0.2044299663201102,0.12404204636952092,0.21011234528125727,1.0,0.05619782485387819,0.06827145331718024,0.195369846020646,0.14190383648759833
SAMPLE_03562,0.8392545010269301,0.3441416224944389,0.4955554166584427,0.28214880294267464,0.3306373163194528,0.18820922068769738,0.23633496457753114,0.2305014969743573
SAMPLE_03563,0.4494805686507264,0.29599599918599057,0.5184273215256969,0.11581255847535157,0.5623248433311855,0.1507071878429793,0.4206752772679547,0.858889408948145
SAMPLE_03564,0.6696409905791346,0.35373761405630627,0.34150259340040784,0.053706230607015806,0.5047559386838032,0.1797283753925426,0.16150133777602144,0.9574577712392702
SAMPLE_03565,0.8355075662890201,0.2351852203548115,0.20012341389334032,0.25557468669575634,0.16312983351318444,0.36553060543621013,0.38447401330234043,0.14607241440150687
SAMPLE_03566,0.799337550243781,0.03430525202523486,0.0130916547571598,0.2926842909128924,0.6724115926748335,0.3418155330854909,0.07989456628860955,0.7073543320899898
SAMPLE_03567,0.754851158821815,0.6839002893173813,0.6208629689716636,0.19549650298939208,0.5042995013030236,0.17012725969801998,0.42994278993980345,0.8538572671887219
SAMPLE_03568,0.1765444022517388,0.36276811375414353,0.4985997325245846,1.0,0.11045327105103583,0.10911179041537575,0.11119436873334415,0.45564884249157755
SAMPLE_03569,0.9216767909996011,0.14783408467107845,0.19937238835958315,0.1212797668387687,0.1707198889781163,0.2222253850565447,0.30124543233756257,0.10335790357002059
SAMPLE_03570,0.854756661264086,0.8770414878913637,0.5606103701017869,0.20718267091712422,0.3559553142810793,0.2657075920735077,0.7219420167446866,0.6286695169752012
SAMPLE_03571,0.7414591255303646,0.3795453929589292,0.4266500780493093,0.28560438196799476,0.628183262522501,0.29255424177135114,0.48039766414916185,0.7955742885464312
SAMPLE_03572,0.7821549840031962,0.3675834984564632,0.2785013184511054,0.3862122724607535,0.48374468432861706,0.5520603616905437,0.4149298338103181,0.2682844422624329
SAMPLE_03573,0.7047495271979897,0.23568354887995083,0.35418306449859466,0.312733653802241,0.3758923017025817,0.46533451866439984,0.5270975117517173,0.926482403574867
SAMPLE_03574,0.05263713120452793,0.08777127124746686,0.04731835728222937,1.0,0.08900816123393719,0.059270431755859485,0.00880496888271636,0.016426595986396775
SAMPLE_03575,0.4031752931945008,0.4825289757816497,0.4883016580851716,1.0,0.18721562775266623,0.13563049682727363,0.08777257349502268,0.04486188359588404
SAMPLE_03576,1.0,0.9405320375101445,0.8033386362430297,0.880246428115095,1.0,1.0,1.0,1.0
SAMPLE_03577,0.769154631654327,0.22887096154323033,0.32446099143009105,0.2903842345196429,0.1879875875472704,0.278768679436046,0.41911842663705545,0.20717031488779702
SAMPLE_03578,0.8750093662976947,0.36796087833626145,0.16309557375764996,0.37299435127719766,0.2524131363081262,0.43772285139778583,0.49393248301866116,0.40439634235627087
SAMPLE_03579,0.8665095995502713,0.11448791270938614,0.3712312311013378,0.1452177424015646,0.08560579573241162,0.17808800995661106,0.25091573841786075,0.25705563368560314
SAMPLE_03580,0.15142564832220526,0.1602665654237201,0.1457756890616294,1.0,0.1490853691487149,0.11911501851328907,0.05047000705717204,0.8620091496670439
SAMPLE_03581,0.4220308787344217,0.5200407247823933,0.6017400452024873,1.0,0.2704979107332046,0.09029432944076209,0.1487761848768599,0.9173838010750794
SAMPLE_03582,0.784815994799891,0.6677049150735359,0.6749107346761343,0.15795645624671079,0.41439863098009483,0.29287124166777356,0.26136242416751465,0.9226565800873296
SAMPLE_03583,0.8931764224081307,0.35846143096756583,0.5457001578982794,0.2323151202608345,0.23380528816443433,0.5147004240111605,0.46232438050498603,0.2275171355204611
SAMPLE_03584,0.4595705935529953,0.20290344958942633,0.3101953270872157,0.13443203326275371,0.4064826452542719,0.2169765574262155,0.3488336040691566,0.6595246426240202
SAMPLE_03585,0.817669534660547,0.11967305840644708,0.22952387573254684,0.29637596685860285,0.47321750725932143,0.33451678007709873,0.16273643119045628,0.3771610239974452
SAMPLE_03586,0.8913429966808128,0.07466025539862484,0.27292495359999336,0.13027354794533744,0.013858712840420501,0.23728420629876995,0.21164603371432317,0.04242359851556818
SAMPLE_03587,0.375798095732569,0.5525798709530437,0.6340675935317964,1.0,0.10945272372464013,0.08878041919902423,0.2621997254662903,0.30794250405111684
SAMPLE_03588,0.47669060661720586,0.7330359866783149,0.8464653829648698,1.0,0.13093844246402553,0.07277409881298198,0.6773112024750974,0.6768398708715051
SAMPLE_03589,0.6412108885267509,0.35609612996551043,0.6845946145827724,0.08210432288099978,0.33909006780234,0.15102680107375677,0.1743584639471505,0.9691021159707545
SAMPLE_03590,0.22704938434022057,0.42359310591726484,0.24009030659830016,1.0,0.23285998332878663,0.1938271229827433,0.05468241895849399,0.0327222697034477
SAMPLE_03591,0.6491990626994616,0.6800192943684126,0.7030903116094112,0.04604672564919862,0.43307369577318433,0.11830885634248721,0.3608970490201895,0.9005142231280607
SAMPLE_03592,0.8575082485712762,0.3121236031589663,0.3861289255953537,0.27744668718753474,0.4163605799905268,0.36518972416639706,0.2903930416959864,0.9274112353658888
SAMPLE_03593,0.7903148964506923,0.4415710857229327,0.393018968318133,0.13801787970652313,0.22349961060800405,0.3291267159137556,0.1764543367353572,0.5320165076346829
SAMPLE_03594,1.0,0.7904385587765128,0.7596227116982437,0.8833128597262709,1.0,1.0,1.0,1.0
SAMPLE_03595,0.37868864324416607,0.7201126912744529,0.7878902865991139,1.0,0.36353861210572547,0.14196401181083534,0.2955452376262214,0.8357869938024445
SAMPLE_03596,0.9148435149347408,0.1960045707872624,0.09413210957477336,0.2508902047955751,0.4937711339421389,0.2957826964046913,0.1255671014188213,0.4215051923942663
SAMPLE_03597,0.3325423695885979,0.09356036461115824,0.10798831668355918,0.11339639764307217,0.5007552944665801,0.18334985533107725,0.15354381654678395,0.9249737625747115
SAMPLE_03598,0.7874937681870415,0.046759992312420624,0.08922670992479834,0.295119129681499,0.4908416645013384,0.28652639491909526,0.17693179471760487,0.26819700978067007
SAMPLE_03599,0.25527547831681163,0.717043956723161,0.7622643024964064,1.0,0.0446062991048229,0.08761772088929483,0.5125339114259614,0.3046040027686029
SAMPLE_03600,0.7728309569402149,0.6464914634755379,0.6122909177911362,0.26397869978334815,0.23882089321295202,0.4786526608388779,0.4573289184483862,0.35235895091153635
SAMPLE_03601,0.5463291450851009,0.6553708223723711,0.6603515794448367,0.20869591662765077,0.613974605793131,0.367169835115106,0.587682952632674,0.882498646407677
SAMPLE_03602,0.6421503236866068,0.5037107416071578,0.5548060419827487,0.1078550813655709,0.3195592494714842,0.3366473821985171,0.3346852066961038,0.8348644443678319
SAMPLE_03603,0.7270460608922527,0.3389264937370353,0.12567665169656034,0.32411309736019517,0.27743019395702806,0.3889441221556198,0.18978502918155737,0.16535102244846916
SAMPLE_03604,1.0,0.9136151519356677,0.8624327749218808,0.878254470016373,1.0,1.0,1.0,1.0
SAMPLE_03605,0.5753406424336471,0.6359338213597566,0.3938682190956495,0.10921886616800637,0.513310551695684,0.17638099092786527,0.674201803686858,0.943456363730512
SAMPLE_03606,0.45620731939002634,0.2655926971763965,0.3258631439058956,1.0,0.1644938453198692,0.051448878101465284,0.10781296056631057,0.5104062332431091
SAMPLE_03607,0.9245934943760317,0.005103215455198184,0.019153257175917846,0.0569187488379643,0.21819298496872913,0.1335165653284823,0.017828506799867323,0.16274267578084786
SAMPLE_03608,0.44052636617450386,0.38517023651196813,0.4589833804361942,0.14514803492084635,0.40549288720292437,0.20089479166033142,0.28263505472601286,0.8423334728529277
SAMPLE_03609,0.7706438595448137,0.05133087481557072,0.0387729028373862,0.16089344176167633,0.06792954840993576,0.23026037093731058,0.12003435582653113,0.08225140177623289
SAMPLE_03610,0.5293803122936649,0.2611003611614455,0.31932098199739645,0.32701760347008446,0.315888151527085,0.29262576356563835,0.12694985438394688,0.7850658980320397
SAMPLE_03611,0.8787579047261889,0.12412449060360203,0.3166918708994133,0.11828762482305505,0.12886368096891535,0.2111387544012117,0.32856032240294253,0.0987803514005415
SAMPLE_03612,0.7778137467525695,0.09252054052771452,0.09465243755074104,0.17385527582396856,0.09442912053938513,0.26013876768933214,0.07255783492502368,0.1079543620809823
SAMPLE_03613,0.753802805784073,0.4629304276894082,0.46998696518330374,0.33592083436998466,0.22325351748023292,0.4211330174942294,0.4591086924448692,0.2871124955772557
SAMPLE_03614,0.8825084747122343,0.6147094139004291,0.5952359907013419,0.2453748289142707,0.5660123196401686,0.39149476733278843,0.6950016987990407,0.6174219236877072
SAMPLE_03615,0.7925015859598201,0.17830358351822534,0.32768035135570805,0.3278154085671719,0.34609921915711406,0.36262505998660305,0.4671144791341454,0.4271942588915232
SAMPLE_03616,0.9158426400744726,0.32106074046884014,0.42085138769977004,0.38656325125083413,0.45226144743453905,0.481322922550058,0.43190976133898656,0.4838842317232378
SAMPLE_03617,0.47988911523682726,0.18115883737604882,0.20370614700449907,0.0974157351371911,0.3818058733589103,0.16714015433930882,0.2761252090239575,0.8387622922446569
SAMPLE_03618,0.6262843182644938,0.6029236044856362,0.7361469990870626,0.03419105642502912,0.572269706147291,0.0492818476519597,0.2014054803218174,0.8564532830229732
SAMPLE_03619,0.8079976859466665,0.8253140678533017,0.8733673389273418,0.3659861110769281,0.7658378049950565,0.562229782268253,0.8131218055228,0.7101475532383712
SAMPLE_03620,0.8495046581285566,0.1415829103055633,0.16124624682856703,0.27730368834083735,0.2411914423870149,0.31657348489309245,0.11579894359185006,0.20969677471870007
SAMPLE_03621,0.8231698650198085,0.1465215894351471,0.24216218744532084,0.2424690904191286,0.3508720778012945,0.28294074693694854,0.16538005328189834,0.4576783316700506
SAMPLE_03622,0.10315836326707566,0.4083449828899401,0.30091272531373936,1.0,0.08725434578045786,0.10949376086866881,0.20195235426797314,0.06170771789305999
SAMPLE_03623,0.7334483495057248,0.25480125799928993,0.43679218020360877,0.305283840583315,0.656362669403897,0.40678214275181024,0.24420140770164814,0.8403637453257718
SAMPLE_03624,0.48767682437972704,0.5782573354598479,0.6792730180659231,0.07656565181734551,0.5171280630556291,0.067949097510916,0.41104390557049403,0.8587463620512577
SAMPLE_03625,0.59919692402668,0.7270721642853131,0.78701843970114,1.0,0.23902338933742415,0.23482083383451102,0.666238896292305,0.8971898583075251
SAMPLE_03626,0.8775096910794349,0.31565818104684656,0.2749669000627561,0.12799785882536863,0.1651695058006001,0.32787697927600085,0.37381280554099905,0.3700045794362408
SAMPLE_03627,0.8903432905590578,0.2702243902911273,0.18736664116951993,0.13801613414179142,0.7349045174590731,0.2817209863473821,0.19186896372327478,0.9024861794136544
SAMPLE_03628,0.6839182131983363,0.3295208342040401,0.5154608206418121,0.6542346355247743,0.8781426939724916,0.4929948414178984,0.6733815343347305,0.8469573691751529
SAMPLE_03629,0.6695194715865147,0.5277945681531834,0.569719586889242,0.11908148253743338,0.5136984823119555,0.10703074926173883,0.8968477848800155,0.8240577936711725
SAMPLE_03630,0.40604777746189286,0.07604752482013794,0.28123140904422445,0.3381820063352716,0.513538353494374,0.33568319995026275,0.11918362277580614,0.8886427862062114
SAMPLE_03631,0.5153707864738392,0.369606063339446,0.08744600696118732,0.0680587939329303,0.2883251791722675,0.050110996010796535,0.33034416803808997,0.9695255730012021
SAMPLE_03632,0.22867241494753815,0.13250810768198634,0.11199466732054997,0.07687893463911387,0.3926415014077659,0.13680064153574667,0.23467603835124662,0.9797053361128552
SAMPLE_03633,0.2638413235509412,0.4540629820628435,0.45343327229208763,1.0,0.14806657717386662,0.07460088481089451,0.17925195147399695,0.6944512846933576
SAMPLE_03634,0.8022206797511924,0.17989380107883662,0.14738435833612212,0.17429656832197085,0.15634009246959302,0.2765332869874235,0.4220076503472665,0.14898815340306623
SAMPLE_03635,0.7978329610347854,0.2283411684844103,0.3788459427090046,0.24766726383220417,0.40569273043283516,0.35982371802082713,0.6294060163567875,0.24143803328629126
SAMPLE_03636,0.9049266865994624,0.07384423155434705,0.1620666193324286,0.18305453416978332,0.7745058438501249,0.3417629507177683,0.13588242600160744,0.48697978169936
SAMPLE_03637,0.881342300190596,0.5195652527181016,0.454811649653373,0.31333156811749957,0.4944517487216011,0.434266706010635,0.40583249502618185,0.9457928630336505
SAMPLE_03638,0.8533427606952149,0.07019739813201084,0.07277840720033996,0.09492127200853136,0.1791450581489655,0.13114542169158727,0.09940764704852523,0.11626628407483836
SAMPLE_03639,0.8981767107560206,0.07254405189856145,0.06254363839775254,0.16737058611716316,0.3227021390063758,0.19560028887177006,0.11238728436921797,0.07351918846066956
SAMPLE_03640,0.8306734623170179,0.2761054267095561,0.3626136552020149,0.22858986825841604,0.5592150656565847,0.39195213221564495,0.28897804868729055,0.9080392418150269
SAMPLE_03641,0.5810460919151279,0.5607117099136208,0.6148580260981447,0.1604616094459807,0.5946002202303331,0.24274441978033434,0.6452529950702655,0.9592636000950108
SAMPLE_03642,0.06557466259403948,0.2948766457907469,0.3897555842424503,1.0,0.2990455259985716,0.11497616413961251,0.04133379959167495,0.29901457465505404
SAMPLE_03643,0.8525095530786293,0.5206889365122562,0.437200963093563,0.2930556484100044,0.13142778286856022,0.5265088456726138,0.4011402597094211,0.1859579167673056
SAMPLE_03644,0.3746697844899611,0.3847091533584983,0.3029711680841437,1.0,0.17523956620868597,0.18486456318843003,0.32674769601844034,0.29502622337337825
SAMPLE_03645,0.7498516534961965,0.37204312426993685,0.2152463555509211,0.2734716595334936,0.3631924111833066,0.2639914028639363,0.2746953362559384,0.945374962626954
SAMPLE_03646,0.8013367283794541,0.033177755024764215,0.04948807773384406,0.1921150254932024,0.36196333774744516,0.17961059026388213,0.168432952480614,0.8442474982872288
SAMPLE_03647,0.897342942112444,0.06174485006813773,0.23081416100473615,0.1543097366606847,0.11093746424513029,0.18911380025795374,0.17615594012639874,0.08027378436609689
SAMPLE_03648,0.8700080844411322,0.10790263243156709,0.2572204408364698,0.15655087186583067,0.23639363076482475,0.30197303783641455,0.1926510705221905,0.3090837210267984
SAMPLE_03649,0.23983920255666838,0.5308555594008749,0.6046369477837341,0.03371718928354755,0.3842172078114009,0.15008538733887214,0.3528501721428621,0.8150474590674981
SAMPLE_03650,1.0,0.7671110296792527,0.6228037226933647,0.8826310736201057,1.0,1.0,1.0,1.0
SAMPLE_03651,0.8563389772463648,0.09613276428066769,0.1203505503392258,0.19227207436828211,0.14028127657227274,0.25088339093291084,0.07105386035257688,0.030551287016346962
SAMPLE_03652,0.6688740057255412,0.2141160319905859,0.20855777505184914,0.15049671234753662,0.611924116687939,0.2880646196444956,0.3327562108889064,0.6011895087803083
SAMPLE_03653,0.8509196435224857,0.5163917122101007,0.662123076163901,0.15185563026847085,0.40142762980711755,0.13416636180460256,0.5181591740998964,0.4535344990789506
SAMPLE_03654,0.39140976320491366,0.30621001950254434,0.4506330306133554,0.09421678009073939,0.5226673628405119,0.15984540843655587,0.40268486170527373,0.9557972212040352
SAMPLE_03655,0.8988428410928331,0.3285957365030696,0.3666557869151603,0.19134215022007134,0.17804158659055222,0.27391176608949147,0.28908510062932524,0.27475334333568846
SAMPLE_03656,0.7460064209922579,0.815513042447124,0.8013242271632202,0.20740407862749669,0.439796006211736,0.33680872473756196,0.7838361063675219,0.6691473749267497
SAMPLE_03657,0.9011768214703993,0.11798088192569098,0.124999966580469,0.06981904245449373,0.07047079759094332,0.21089670343260375,0.08223806325300898,0.24305293151766613
SAMPLE_03658,0.9186768194817805,0.49895885891846525,0.2900431822945805,0.2068101976381328,0.18820776964995245,0.22093377678684875,0.3485611470919948,0.3770907987965747
SAMPLE_03659,0.8075052195568158,0.45820730303509594,0.3793532223287902,0.21351525976233318,0.31686802738618686,0.44106193641968244,0.385718418997092,0.4936752414347595
SAMPLE_03660,0.885676709039247,0.4725984829236947,0.4614578088622874,0.18103770566661878,0.18604961177159834,0.35711533110261395,0.34729381604154336,0.26123900558506047
SAMPLE_03661,0.8675086303129913,0.1210938301906551,0.04417690053587928,0.09797383581957726,0.053555007192268606,0.19303713554401705,0.02908596958297392,0.019792960769138078
SAMPLE_03662,0.29428248716548044,0.35592611060978685,0.3422488280140053,1.0,0.03811457315920533,0.1511411727540738,0.3144234235850394,0.32558711257729833
SAMPLE_03663,0.573802710544674,0.7230475447706358,0.6386372318883494,0.2605601076100535,0.30704076703252914,0.27506157096814077,0.4864068243710578,0.8095963346987318
SAMPLE_03664,0.8523390783401803,0.15623132548294508,0.21783473331250328,0.1278927062388151,0.054961995117307635,0.1530103360958818,0.14624085555700056,0.24054325925825687
SAMPLE_03665,0.8630095041402679,0.888542733747659,0.8275231774770957,0.388908670068135,0.7989850340234638,0.6453172495204131,0.9750700393671377,0.844318418604656
SAMPLE_03666,0.6417439444880497,0.23400547315066378,0.31033670293962246,0.097566739273392,0.288119827364899,0.29568568161485603,0.368901965239223,0.8640849898141003
SAMPLE_03667,0.808352336484619,0.6292125054399027,0.6194991435957873,0.09533120938934204,0.6446455660515893,0.06560629434313497,0.31085730768992614,0.7862575024607834
SAMPLE_03668,0.5198364189386919,0.6098978394705448,0.6059465474028978,1.0,0.5112318582389512,0.2611491319493761,0.16015017912499957,0.35804498102282134
SAMPLE_03669,0.900843475616504,0.32891167496382373,0.21220740669245897,0.13738518870913358,0.24332636853764716,0.2673000438641143,0.2340694977644769,0.15042627209374113
SAMPLE_03670,0.763305447509607,0.013286477427096589,0.017891489105914066,0.3618885316067503,0.08776689794351343,0.2110256726121517,0.053236512060532495,0.070514839629469
SAMPLE_03671,0.4434527211014849,0.37603025962649256,0.6975996797133099,0.07502901760287863,0.541569671404378,0.14547529669123985,0.3817831103538814,0.9129961521928662
SAMPLE_03672,0.4749070591017794,0.6058016134536368,0.32738288577199626,0.09534192712066682,0.31272393238337304,0.15055719121324782,0.1724704914871043,0.16684387890248295
SAMPLE_03673,0.422791999016117,0.15460433450175484,0.3994564172606617,0.07394111031860053,0.25437271653287985,0.1475159714961876,0.23946698546473538,0.9039821697194199
SAMPLE_03674,0.8074404219484187,0.2501459707571916,0.1945971141745465,0.1580823079876399,0.4405810643401554,0.37302978900049916,0.2880282530045788,0.3300389878174771
SAMPLE_03675,0.9070097951802614,0.0399309491126268,0.028656377130688578,0.23854728962009297,0.09046982546939622,0.1769834391801785,0.03398402237471558,0.125811507809977
SAMPLE_03676,0.9278435947643651,0.25181980356264755,0.2721698492610655,0.16838131269499002,0.21364773412233923,0.39347637370385213,0.4260269871136533,0.36655816377600925
SAMPLE_03677,0.8736753575041132,0.2738166075599908,0.6254583069255499,0.30791197027770245,0.22486100108027018,0.3016631781732485,0.45932637829924206,0.25711705985023686
SAMPLE_03678,0.8775093628306905,0.7741399053408695,0.7494558358500926,0.4698963325576433,0.6274620122425214,0.46085382161352895,0.6502157280692515,0.9141961317959089
SAMPLE_03679,0.5231186830430092,0.9293346511485265,0.9045601633690801,1.0,0.09691045919459967,0.18528988810102334,0.44989024837922964,0.6980836638189746
SAMPLE_03680,0.8705095498468803,0.08135449475407558,0.19618466538268486,0.1905574087851296,0.15748791078632107,0.1718948808934438,0.1013434921246767,0.17393695513712187
SAMPLE_03681,0.76966206299988,0.281723686306719,0.17798161007439556,0.19036418758912543,0.3277262585484276,0.37515784511189937,0.23106523212947327,0.9644387314256946
SAMPLE_03682,0.5314913793926899,0.3124508546362192,0.35274093721290767,0.1580309243891358,0.3444390816191917,0.16171932296898428,0.2628549128474301,0.4782295878846111
SAMPLE_03683,0.9286768386508945,0.18706596716830212,0.45855682067118964,0.1963325316479636,0.4523681219978435,0.2588757489570429,0.1350827823756757,0.25936463598038284
SAMPLE_03684,0.8110057412393823,0.2121763586832727,0.2588902731044809,0.18077818025107012,0.12724200492704363,0.35139382568163036,0.1525579440481197,0.06931612700696893
SAMPLE_03685,0.8380075253471034,0.7351291079887612,0.7852653000896137,0.3900001271546981,0.5433670061593883,0.5598821307692857,0.7424640432863963,0.9373682498651887
SAMPLE_03686,0.6903057984796077,0.5220881602422722,0.7688562417395797,0.15564111024539407,0.5899371626874319,0.35237283073578113,0.615222768628509,0.8952861571401096
SAMPLE_03687,0.9195935162350597,0.16093880412406697,0.3446347006869868,0.182842822798104,0.2059442778503477,0.3419093692058677,0.1510821767151678,0.0598928661064611
SAMPLE_03688,0.8510069764508859,0.1094359180564894,0.30624008751363574,0.16848560864693699,0.25876455564201956,0.38203531634240107,0.13384649814986982,0.04957283133600818
SAMPLE_03689,0.9130099757626283,0.1471243985098217,0.12108820490155477,0.27025007533386136,0.2781795440026338,0.21328545307863594,0.25503447509078114,0.30325176038704893
SAMPLE_03690,0.7518122849086498,0.10445548441217484,0.36750956362086495,0.31672787823001924,0.3177838658792141,0.3854760650889891,0.16429685060344607,0.09585021565346535
SAMPLE_03691,0.25934646261962807,0.8050628648253112,0.7986417282599629,1.0,0.5383293539578113,0.20573569822409932,0.5192431156647733,0.8856511509099236
SAMPLE_03692,0.8833421065049871,0.047753645806447496,0.10950939054504377,0.09583877505241394,0.38863316098418815,0.15081999250604158,0.06555013120230399,0.2949805777324832
SAMPLE_03693,0.7141591562576155,0.47776320272798484,0.6036168138496784,0.6121438158306121,0.7160793333298249,0.5127648872572963,0.8209405810463589,0.7848938384287318
SAMPLE_03694,0.9175097282939982,0.24190152037178406,0.28584583801676333,0.24137834182559967,0.043523600468180663,0.4421193332079374,0.5776960573158938,0.1518399917378367
SAMPLE_03695,0.8875928633436648,0.07765105763664672,0.12949474430445979,0.1334289893279005,0.09011754099287976,0.20557937638735213,0.18579505247377465,0.05024443274593491
SAMPLE_03696,0.5516533076308716,0.4955473648107074,0.4764311168750618,0.2576522000450512,0.3027684445187616,0.23010589419216687,0.3759796205283108,0.8572507867367201
SAMPLE_03697,0.3482905810266238,0.2771260297965618,0.45622070546392735,0.14496140319706188,0.4316469057752882,0.37986636592035045,0.4841159080516282,0.49904177125407884
SAMPLE_03698,0.5289375512062142,0.5137918707085664,0.6344821360413395,0.07453723694513498,0.4748969491815015,0.08097348161202754,0.3663400887342115,0.2863426379301664
SAMPLE_03699,0.5521185947013371,0.3630413381968436,0.21876932059729443,0.11324687625533682,0.4594842831359409,0.26444947630683135,0.18522103550655117,0.9429334304464815
SAMPLE_03700,0.8088387327348951,0.37916819767610155,0.15157854958324118,0.29796285275121326,0.24389581804403815,0.308943367474713,0.33840185881831664,0.3683839927203052
SAMPLE_03701,0.4262395510020675,0.3687166920701635,0.5722526846266097,0.12768002835803718,0.3819796958856854,0.395702963287987,0.5383783130720897,0.9327585109740003
SAMPLE_03702,0.9365937274681746,0.5595331735508634,0.6333946387903551,0.46566529760940295,0.56678970673173,0.47118105367735497,0.37934996426624845,0.3394487164272906
SAMPLE_03703,1.0,0.9762157499153187,0.9710202036462392,0.880452838114026,1.0,1.0,1.0,1.0
SAMPLE_03704,0.8178348001333595,0.6319504976601438,0.7465989204157212,0.35368636281036236,0.4553008958144812,0.41609004836563174,0.46220356337249235,0.2168263442617684
SAMPLE_03705,0.729018933996106,0.6543844227055555,0.4338469345980326,0.1813004392910542,0.7254846179928152,0.24376796265032094,0.665016183735301,0.929011091356067
SAMPLE_03706,0.47253798581815065,0.29040496597805543,0.10157230274230712,0.07403272697591527,0.5407511094230787,0.0764498588184097,0.310716211912596,0.9691080234164823
SAMPLE_03707,0.8821766531633306,0.20816175982521373,0.11992325877954461,0.19824321233494516,0.22156917442677293,0.34324190964576784,0.13258591483793808,0.1954611974331903
SAMPLE_03708,0.6119655783060743,0.4444924328372647,0.25795928755550945,1.0,0.05668863233726098,0.13525053649946153,0.07771970769380343,0.10517551320069207
SAMPLE_03709,0.8455064417978142,0.06728282517903432,0.11997868941181579,0.1355558671367022,0.7042697943612823,0.2154461436995272,0.10805495552714522,0.36514070891620126
SAMPLE_03710,0.819167084310344,0.11961652074031379,0.0816722456353767,0.18214207715065994,0.05988253219886805,0.29061478942614904,0.10071461195224805,0.09673445101313874
SAMPLE_03711,0.7619668539762494,0.7935679832346897,0.7857439187962405,0.04818693618920486,0.8349937214448738,0.15062231825136504,0.6583901986658822,0.930875161915774
SAMPLE_03712,0.7541017585195671,0.2779380307574095,0.4117498342830597,0.09605748310740356,0.5011496607270062,0.268468363815229,0.334371702156432,0.9484908311729454
SAMPLE_03713,0.8855098652838609,0.17252484139465052,0.28716590995052,0.1884288172742123,0.1567005888295916,0.14297674446346392,0.12887194413956357,0.27120453461617766
SAMPLE_03714,0.8820098162143324,0.48230207411382936,0.2717540671917048,0.3610474000636783,0.3375659619769107,0.4522926145219732,0.6105341659368397,0.373995690644365
SAMPLE_03715,0.9264269085412568,0.42166951379466894,0.13961996586252112,0.23969781901588716,0.5262676126888375,0.12534102187118795,0.4198510843886352,0.5335296270998999
SAMPLE_03716,0.577849584721663,0.6268327664740213,0.7221621265476394,0.1636770719028033,0.24922379485454665,0.06045048122674944,0.40449668802025596,0.9693304041058306
SAMPLE_03717,0.8033385840360618,0.03185554404936779,0.023890074584413067,0.12462657540312325,0.056844198504587516,0.14732040774062644,0.11410519734643866,0.07881339529988902
SAMPLE_03718,0.8530882061451402,0.24137557843256607,0.17775974436686437,0.18024828047964347,0.11309897691872889,0.22227633878301042,0.15221937493554957,0.09055110401096644
SAMPLE_03719,0.740884796689355,0.7562747240591665,0.6041433695866534,0.3858145228583133,0.4824699073313904,0.43298682280675904,0.44724406909074627,0.6973221465104626
SAMPLE_03720,0.7774961032971497,0.4184531791071049,0.39394011641625193,0.13255901941321607,0.5493253186442247,0.24551027475443507,0.6300118568826372,0.36359983354833597
SAMPLE_03721,0.29703480395815585,0.3350276149606996,0.38141817214139234,1.0,0.11767052030076118,0.12130622235266458,0.11335432375101978,0.04381021751468164
SAMPLE_03722,1.0,0.8104703973296641,0.7526007644318591,0.8820664413999149,1.0,1.0,1.0,1.0
SAMPLE_03723,0.2014584887037111,0.2589678864887492,0.2805907330781059,1.0,0.24087158038862477,0.08494640255032139,0.042701075361662316,0.025113377782305442
SAMPLE_03724,0.5421523562580955,0.8747581071849206,0.8666053346205076,1.0,0.15955408086169673,0.18720016855765878,0.3250868559783495,0.8872618950134451
SAMPLE_03725,0.4484852026417115,0.392289859059136,0.5523672869298116,0.15652112218859754,0.3351849384387876,0.3167516708272052,0.3302955008789044,0.9409741724922881
SAMPLE_03726,0.7217073133940086,0.5025525013460862,0.6412642630629379,0.29346599279340385,0.3579200389992949,0.3515540841063051,0.6191650340036776,0.923042029937406
SAMPLE_03727,0.8030025506891993,0.31922021350185664,0.38553418163281217,0.39141366028721924,0.5934724143281536,0.3356745944986914,0.3194397951019539,0.43902836422578145
SAMPLE_03728,0.44835824489043796,0.18971198131949962,0.32151344190620795,0.1839348619744331,0.36365296602756614,0.15489187651562777,0.2832959023757493,0.8283180139985993
SAMPLE_03729,0.5797069334306151,0.9278534887190866,0.9108803209837768,0.1113065233312168,0.8588306763257686,0.6974854842998092,0.7587401593265672,0.9392872089560531
SAMPLE_03730,0.7574557156919939,0.7229767354007729,0.7309753345044088,0.30240466874542293,0.5272359922918431,0.3024548534449926,0.7555804158022881,0.6480665253010938
SAMPLE_03731,0.7674971810143723,0.32187543778213923,0.4214490225161462,0.23626662943317975,0.2579629548316184,0.34379852680965506,0.23288154634443664,0.4480511650517185
SAMPLE_03732,0.47921401006090125,0.665945641973718,0.8637116105719018,1.0,0.06993225784623902,0.05061427649132083,0.49134603857861114,0.41879678611255383
SAMPLE_03733,0.31041194309170783,0.6873465087087306,0.7599168545714887,1.0,0.22399463150258483,0.35684227608921615,0.05950978871853037,0.03604184144882466
SAMPLE_03734,0.7819860941775765,0.4289129806618054,0.4322992548845546,0.3699871118338681,0.6291819956179219,0.43515919561968375,0.614137125091673,0.8225976508733143
SAMPLE_03735,0.7429512104616245,0.6068482041981166,0.9334281315661248,0.14463563124406667,0.6656135434716859,0.3819330235689357,0.45255889748834505,0.7967333757224406
SAMPLE_03736,0.8696760060141645,0.3480790586964418,0.3820300107410609,0.27853609275110713,0.5264588613878508,0.5205713004654774,0.41375042375091703,0.9482402572413948
SAMPLE_03737,1.0,0.5262221901476942,0.4713721549415941,0.8818229841113264,1.0,1.0,1.0,1.0
SAMPLE_03738,0.9047600423942233,0.08834923015506571,0.2145835492257237,0.1234926908422069,0.04676725696202576,0.14737923811673107,0.06386801447488052,0.03763961543546209
SAMPLE_03739,0.8730084642492313,0.2916559874299569,0.10662314934528935,0.29150313609733075,0.2201812625373566,0.4184697977217966,0.14325753463531637,0.3578015023044827
SAMPLE_03740,0.75078084856537,0.026334239219269473,0.027836831243790695,0.18061865395332974,0.5575117536174886,0.31958246928915246,0.15363332493365262,0.317681219139593
SAMPLE_03741,0.7397938934120304,0.14922838774426816,0.08920841435772485,0.17787547971083992,0.10023034627058279,0.23439859201543567,0.10893078340641335,0.06786867086676461
SAMPLE_03742,0.838586111591451,0.11228261893497696,0.258594195516186,0.17648520486207853,0.1442726778425793,0.27797481767921867,0.10286914061700014,0.2233518604205023
SAMPLE_03743,0.43807511838963553,0.7430313152303438,0.5038184824710101,0.06476470257147565,0.4502649969336348,0.1589521512172541,0.48057945217243186,0.3198708993883483
SAMPLE_03744,0.36180621603836954,0.7333870749745834,0.8188023087169858,0.1382828045376275,0.5806090810013106,0.23043192195875373,0.534044257053288,0.7966920735985601
SAMPLE_03745,0.3083658512617031,0.5179000952193369,0.4320860757173761,1.0,0.17299109257463913,0.07843705617250034,0.15624108534917835,0.6335530157730827
SAMPLE_03746,0.8506758822420496,0.12421487929093342,0.27351416570718723,0.2363354006603478,0.17782601960748012,0.28522090752899787,0.30826080693807995,0.2121944619018171
SAMPLE_03747,0.8130039486959644,0.47611665013473564,0.5748097916790545,0.2902688552900022,0.5832632778352432,0.42659683273351556,0.5628749759621127,0.48003423920436283
SAMPLE_03748,0.20395274009127765,0.33821772467202116,0.38448062440562425,1.0,0.08801087112384154,0.10935894165039999,0.08061684766103971,0.09659230607898275
SAMPLE_03749,0.7861501732398448,0.09074469982504198,0.35199310903870934,0.0955034367607801,0.04663222573605132,0.18368929700119585,0.2471945114112074,0.10934040172235056
SAMPLE_03750,0.4677395552225292,0.41623804471747894,0.5897540212921311,0.2581845955540162,0.6613447021616039,0.3102840894966853,0.622165438209761,0.8864315676008561
SAMPLE_03751,0.49078748921389864,0.706103571002826,0.7124408459219451,1.0,0.035214143027162484,0.02726728942838284,0.11709792806699108,0.02810361131141843
SAMPLE_03752,0.2452657587731928,0.46475855801827587,0.2425366428955671,1.0,0.020993659101125692,0.12858261754485734,0.06889602254497938,0.034222647230488734
SAMPLE_03753,0.3525622124327672,0.3425860784763929,0.17433866422697275,1.0,0.07255836659697185,0.07477780236632824,0.14511737096998417,0.29183029043933606
SAMPLE_03754,0.033985640005697086,0.32827437733366427,0.19607639959305712,1.0,0.2349581954371981,0.15030365497795675,0.05220654007223386,0.8531860741021948
SAMPLE_03755,0.816499278104167,0.4850637925896957,0.7201374700103942,0.3433039758173142,0.46832858777705977,0.523666140660192,0.6342433592569601,0.521950940542708
SAMPLE_03756,0.4939899125266139,0.39851046233385445,0.10580958487671027,0.07171838600115496,0.26149738931559485,0.16074673837871756,0.13745437204094088,0.9153085671300945
SAMPLE_03757,0.8640094736603139,0.22293775838058685,0.41852454115461313,0.14589710457849842,0.18671075124653777,0.158842755699188,0.14252255421528381,0.19353771458131253
SAMPLE_03758,0.743629026995656,0.36436141547201506,0.45868286799838104,0.26089826226130086,0.6209207034711809,0.38166598469223223,0.34440900599891144,0.8387010358042197
SAMPLE_03759,0.8576758550875132,0.21960376911125087,0.15035735746012885,0.07775805280133329,0.6836351518291413,0.1330429677067669,0.1682943496157611,0.6084859847898676
SAMPLE_03760,0.7503047036791499,0.733313407684408,0.6252284525020917,0.3963870118438413,0.7264655063550745,0.21095327746625148,0.7231699996603751,0.8683009944577282
SAMPLE_03761,0.7738023498774145,0.20744448205655672,0.1426294671359053,0.1281145292086076,0.2035633131034073,0.32803578100038505,0.1767724759621735,0.18230384508547548
SAMPLE_03762,0.4969545386108867,0.37260480846302024,0.46840785641875365,1.0,0.29769730455632604,0.15947238833988828,0.14516456880324685,0.2963566992486697
SAMPLE_03763,0.7499840525737431,0.32130569312303814,0.2682118981781081,0.3246478979584587,0.1742589451396186,0.3384045471068257,0.26841045367358773,0.31911728972453834
SAMPLE_03764,0.8568405087093545,0.10876064912389412,0.17577103419680767,0.3222056851750055,0.42422133715362376,0.43286311123928134,0.1973590280859952,0.9070541913964909
SAMPLE_03765,0.8535081691571111,0.26920047291433336,0.1718199449672745,0.19343003155256677,0.22522110268551948,0.2736749248795832,0.20098905655825536,0.21730699373259227
SAMPLE_03766,0.8663393563948023,0.262980238975926,0.3326559843943661,0.18815026522595388,0.547641806199474,0.23202757505089083,0.28460226980592357,0.35186047133757686
SAMPLE_03767,0.9059268101336386,0.11081493565341166,0.0862222022085228,0.1701609078257843,0.11325785784210253,0.18590305306726543,0.294125720465274,0.14002600470132134
SAMPLE_03768,0.21474228755015273,0.08450500308805957,0.07978796788372854,1.0,0.10470626408170644,0.19873831398006606,0.06436666007179748,0.8388888997970119
SAMPLE_03769,0.8998433981023846,0.06518776872518649,0.04430758880937399,0.3465176488022897,0.10272473872891436,0.3086253587860387,0.18377360827424322,0.05768757991487161
SAMPLE_03770,0.12380212085106054,0.44578533209596116,0.4102870496471671,1.0,0.2235149207107086,0.15029568987202907,0.09179155350301989,0.8914950219556607
SAMPLE_03771,0.8176439460502808,0.13553346298652152,0.2538911264049216,0.13879253751433004,0.12117559989471823,0.19866179722664848,0.23582177910783425,0.1717379407659643
SAMPLE_03772,0.8998423863834213,0.11508554846836547,0.22612874268647065,0.18326729426344,0.22036459047883927,0.3371814893945568,0.23247840986333107,0.2569630108805724
SAMPLE_03773,0.553834387589554,0.5037321083669156,0.4829117578521888,0.1888327326190558,0.5766383442365854,0.1917801084991236,0.39364031453272796,0.9303889925761442
SAMPLE_03774,0.5594869998930608,0.8257980439925212,0.8421977035088777,0.2203280240850318,0.5233689765239222,0.24260889583051823,0.6630341020764039,0.9246959102786887
SAMPLE_03775,0.8901767266653602,0.4391317777109217,0.12645707225879388,0.299440210746083,0.20825110388296703,0.40815120914897507,0.17857912349963356,0.4209368311311995
SAMPLE_03776,0.841174724154591,0.20111742860858214,0.23936981260963813,0.2891398874794299,0.16792594438419214,0.17238239038644967,0.11263280824032142,0.09194416146440348
SAMPLE_03777,0.5413734392248879,0.23903699016031604,0.2698388892547915,1.0,0.35447579168421417,0.13332098173225776,0.058444742672903484,0.3633263552974685
SAMPLE_03778,0.8163384954064488,0.16572338206764897,0.22618156908390963,0.27103318434001505,0.09761834015683143,0.2961725388486077,0.18642648730005015,0.4038020973150729
SAMPLE_03779,0.8663407415827498,0.2785880035611308,0.31068751854772947,0.20028201296157072,0.1767836829214642,0.29899476079428994,0.23875863598464675,0.13544556298571758
SAMPLE_03780,0.6660332351250933,0.29276893960838685,0.4710884612779356,0.34068345011419027,0.4802736809407019,0.46739808894324425,0.5515579818782015,0.9124196045149786
SAMPLE_03781,0.4452276786798415,0.6985330765002142,0.6211070111759001,1.0,0.04263928765184601,0.032603106896095205,0.20941847629527355,0.6978228497499852
SAMPLE_03782,0.7443833869939438,0.5830303594217267,0.8483355312022987,0.05372743553063727,0.7063207006800973,0.250253746214377,0.23726203482608788,0.8634826608593282
SAMPLE_03783,0.8644213869128401,0.14491992131668066,0.2941077865287781,0.23678372869480174,0.26009146284897494,0.35666250429951285,0.2900056374943269,0.23026939738285795
SAMPLE_03784,0.8291692347424405,0.23521921787025374,0.23634266213211552,0.21478836732414372,0.2940880006771161,0.37680891675454325,0.47929361666133896,0.3097085986468998
SAMPLE_03785,0.936093575278587,0.7704848792701722,0.810081138465468,0.20447880381765016,0.5460692906900577,0.19597675839249404,0.8201266822317397,0.7986296993186264
SAMPLE_03786,0.7804867801764963,0.5959953821656725,0.541937096851131,0.08092454307838774,0.42501230457033357,0.08529139394809938,0.48581382835195935,0.8563218974645738
SAMPLE_03787,0.822599060424746,0.34979670347404657,0.6230021814343711,0.0985356896314324,0.8080468917797394,0.22302694507646786,0.2814244127521973,0.9544437278547896
SAMPLE_03788,0.8945099055767257,0.07200799890671816,0.2373363854292719,0.10336852765724534,0.6918699961904486,0.2795788873786309,0.43058442895653354,0.44999611618582747
SAMPLE_03789,0.6199752681678135,0.6819734678954595,0.7507368976720433,1.0,0.328402831617123,0.4039889448178193,0.6257952635873223,0.6648552929762774
SAMPLE_03790,0.2717638804854203,0.6208405644624382,0.45383386464490144,0.08553508579348595,0.4379080726698896,0.17417545904401946,0.17320286105994193,0.97225206296855
SAMPLE_03791,0.8758420452774727,0.15460940265879744,0.24174197077437753,0.13172155319050607,0.04054404180854272,0.401825207732615,0.253383026807439,0.03910929303805505
SAMPLE_03792,0.7435828812974283,0.20445281791080566,0.2677986032212007,0.3573007845189309,0.28445326556618916,0.3935519513674149,0.10914948939791469,0.28753395121814374
SAMPLE_03793,0.5209310647197348,0.7322087843287204,0.5768152325214289,0.29174304521016414,0.28379323716889854,0.20441799685353368,0.5519516062175628,0.9347662869501165
SAMPLE_03794,0.5365702812530612,0.8127275206983419,0.796739033349708,1.0,0.06950423198703651,0.2975895448410832,0.7208295202040539,0.39698500600514613
SAMPLE_03795,0.7740433237449731,0.8180393788793083,0.7440687048495971,0.7567335505751324,0.5661161809115428,0.6333304011628267,0.8825634853263589,0.9334348727056883
SAMPLE_03796,0.9005101404021301,0.6079205710387485,0.7972951680248302,0.29242811828874027,0.8632623492905513,0.467740330291437,0.9346431485099316,0.786776040427238
SAMPLE_03797,0.2776954537097241,0.2809502625578413,0.3160585889489677,0.1808819618754754,0.31073645827873125,0.09962627449998855,0.11076005483987073,0.8836548954791279
SAMPLE_03798,0.7898167316070432,0.3000393635599349,0.29092550051257826,0.2670281370326438,0.237151747653988,0.27423704796054826,0.2976547380463755,0.237772190042444
SAMPLE_03799,0.7529634711096952,0.012399872711771577,0.02054786493291017,0.2747776610287124,0.4583582581939654,0.2939515392001682,0.0506089965010533,0.32111570144749885
SAMPLE_03800,0.29477752716829064,0.6451787545463101,0.7241911271356443,0.18759413665913774,0.40022150303104903,0.22280281862748696,0.2318468032156198,0.4399264337289409
SAMPLE_03801,0.2717404633226837,0.4023953466187352,0.22526380259059833,1.0,0.03254085336738406,0.0626273431524328,0.04433620074186922,0.036305120631931094
SAMPLE_03802,0.4684998761060457,0.8348447124542802,0.8527641176059569,1.0,0.08749743222687417,0.07978437714916888,0.15877246479799761,0.18658076461409273
SAMPLE_03803,0.7829851554303789,0.6506667317672581,0.48681977804845544,0.14992182802509768,0.4429911879640035,0.34343328983393745,0.5314537814441777,0.4390048305654761
SAMPLE_03804,0.55092998482621,0.20444916526503565,0.4069054202201277,0.1706925631587031,0.37014106415054665,0.33486112521596034,0.19115039762255404,0.9481730386703949
SAMPLE_03805,0.5349697525897315,0.5786497264288514,0.7410675227344055,0.15283777252430006,0.31935916576149015,0.25050821569873494,0.5266621119237573,0.3629383534352779
SAMPLE_03806,0.7877954727602734,0.6825276522348003,0.7103689926675534,0.12361694446104002,0.650866861084523,0.27131097482955085,0.486664499000513,0.8170694084545875
SAMPLE_03807,0.8738430513573208,0.16511578816797526,0.21334234205858318,0.11144143500017109,0.13047492084472984,0.2860166822900785,0.1745712333910927,0.09473447184134734
SAMPLE_03808,0.7576766521926988,0.6311411381231553,0.5550897817782273,0.06937050976899731,0.4796693112406988,0.20624692834021263,0.7478219523936629,0.7907445536759576
SAMPLE_03809,0.6214131212291645,0.36693129190473417,0.39886069522807877,0.14350512117707612,0.5039081806702141,0.28533738670255515,0.25903877821606247,0.9437571290021013
SAMPLE_03810,0.7836530166319302,0.07657335830973153,0.11954220987512479,0.20465136868320496,0.2006746876985651,0.1875969380616109,0.13549315570787288,0.13135813337937727
SAMPLE_03811,0.387964820166308,0.31658113679386624,0.4124900455062779,1.0,0.15241667791881114,0.04476876128323009,0.14412854226838548,0.2089231318118635
SAMPLE_03812,0.7058336799438659,0.1763269728446179,0.30288328479782795,0.3410940301086466,0.27500640546127125,0.44639746251449985,0.48167273550181633,0.877329295478606
SAMPLE_03813,0.23445629350428326,0.5704981954932595,0.4949613255526135,1.0,0.08689456942954375,0.06696424556418844,0.2192888940921286,0.14463547390177997
SAMPLE_03814,0.8640902612047481,0.12909366982601542,0.13346367090041977,0.247585382439861,0.2854083100383641,0.22558295648987226,0.2748983945378272,0.2826907112340339
SAMPLE_03815,0.17018668347867638,0.32024883685486527,0.4190706590807509,1.0,0.039699446423247964,0.10194024806058169,0.057945003262433833,0.054721334926036376
SAMPLE_03816,0.7583916376911188,0.5748241677063708,0.6394284382162885,0.35949902589469795,0.5150717715391622,0.47110224082452584,0.5605463716565695,0.8975373624821483
SAMPLE_03817,0.9080101627552184,0.8222878892397163,0.813563440360553,0.3031615553971301,0.7692443989667357,0.45569061710201547,0.7161985083104507,0.6803879076993004
SAMPLE_03818,0.8927592795834733,0.13938791459587507,0.12634714531448032,0.31988109826178024,0.12062683337634894,0.2752858493922308,0.44041676999649493,0.4032518397267115
SAMPLE_03819,0.7760218863212628,0.540661196255688,0.5954477020021414,0.2731255859801351,0.6455328637045569,0.3394996576355881,0.6076835829436525,0.7641691186100883
SAMPLE_03820,0.7822651113886612,0.2567344559379366,0.2553442281463881,0.32330996983013754,0.4006383190432298,0.3943888795786529,0.5397710231252755,0.4200873812440505
SAMPLE_03821,0.2861017518276051,0.4532847316441644,0.33557741222715354,1.0,0.1784318602551946,0.09778966083540501,0.22373853905395363,0.08522967124773263
SAMPLE_03822,0.8098325173084802,0.03530750777412205,0.05874578016452458,0.0926006793186564,0.21804916959224618,0.2355452057113999,0.1522292629257513,0.22457377105710197
SAMPLE_03823,0.8595087543724302,0.09607332872151411,0.22676083267965372,0.18596510201753125,0.6947936035021964,0.15961479811475562,0.0403027451499542,0.4262730284225541
SAMPLE_03824,0.8528427590951,0.6404902592663062,0.7147301012895606,0.3055929668056265,0.5471421312994873,0.4505889505613816,0.6764795252565883,0.5483914678123418
SAMPLE_03825,0.8731765436839583,0.10627937867359397,0.1600068204428125,0.19690823784942954,0.09313823189689478,0.2864020417584559,0.13898977525002099,0.02175839132126991
SAMPLE_03826,0.5301788059799224,0.31513156600129066,0.18592342539023055,0.3087017943142637,0.19949456237335395,0.43397618165338925,0.590643481664428,0.933811668239869
SAMPLE_03827,0.47808915159297616,0.27661092330469667,0.4213200035430714,0.11262620080561428,0.380861583239008,0.1999919655257002,0.19260438881122768,0.7289909728452366
SAMPLE_03828,0.8923430217391513,0.4619350060498747,0.5167710401139156,0.13998640223671885,0.43183497347171873,0.4331862251248188,0.6221444158207137,0.3205302084542116
SAMPLE_03829,0.8841764334225227,0.4277432380566629,0.39084615553340823,0.20469510530637816,0.2430259658388329,0.27864676962871654,0.21828354116330245,0.38635809852477243
SAMPLE_03830,0.5961578128533501,0.2883558511433621,0.33166645309688486,0.07203812238273676,0.5017801757789233,0.12391043904033205,0.4831327020130638,0.4532330868319986
SAMPLE_03831,0.9211768460463675,0.3072905609097867,0.2317140712111436,0.12412335536263136,0.04136517853193315,0.41638182677958163,0.19178138669017614,0.10320990192735433
SAMPLE_03832,0.7786352745540964,0.05791155593462601,0.06367662733250744,0.20657191504032224,0.07151263535730175,0.2397604208409072,0.15778797092115465,0.27010507688853747
SAMPLE_03833,0.15659034563479948,0.4006936325647916,0.3580615371581474,1.0,0.043278057904115284,0.1001141767096682,0.011194687130221495,0.6989166301277825
SAMPLE_03834,0.8436679042065749,0.23238600664408932,0.2452569003535198,0.20375662705144068,0.3330874427113659,0.34430744524622936,0.3769699856418345,0.43539491299080824
SAMPLE_03835,0.3691131509269899,0.09509486121737587,0.10677568115498402,1.0,0.1576290037522004,0.10977522102043727,0.06276798085544556,0.8381453431094902
SAMPLE_03836,0.5932756182926469,0.4088961660430612,0.2973455649324652,0.04187248564568,0.3057146833271476,0.05945990348197989,0.27187698513978253,0.9759172493435131
SAMPLE_03837,0.8800098996590777,0.05988477253576946,0.1948768718479894,0.17345645194840856,0.2142056826648249,0.2390546155375054,0.17197850325509853,0.12663960856829942
SAMPLE_03838,0.7983331478334954,0.21880147695804597,0.30353767408175353,0.20958183377678602,0.578594905990072,0.3183114978479906,0.42909058708482206,0.8958919519714892
SAMPLE_03839,0.5513065222918532,0.7052894133805891,0.8027659970062557,0.18612509223871967,0.7175013939894719,0.2964260695163559,0.4973018217081766,0.8587253518521296
SAMPLE_03840,0.22790350046373228,0.6090678828224917,0.5855188186322995,1.0,0.06377766914797016,0.07894391737428177,0.11431146615772553,0.011903967677930942
SAMPLE_03841,0.8428299782040516,0.4346326432892934,0.5952951782645974,0.20182964139500337,0.28664604892316164,0.2913940165555871,0.49310819807892287,0.4068454081717021
SAMPLE_03842,0.2103119134235639,0.35244447768138015,0.15344377193051056,1.0,0.012247431024753059,0.0646154724801771,0.01200834423458891,0.023496843104630932
SAMPLE_03843,0.6562653818434432,0.556460465416488,0.6059130264861056,0.09978336905993127,0.7031185022072192,0.22734858842384256,0.5890885620507413,0.8770015241262852
SAMPLE_03844,0.7990018294247908,0.17854897968172528,0.2838728868028007,0.228033889244698,0.546419588001249,0.28943441139947285,0.3140136545084765,0.41804674970556943
SAMPLE_03845,0.5285518409451689,0.49901550519082183,0.8221206192153894,0.11907514667150298,0.6192596834493734,0.21031211383814666,0.2828839580260434,0.9706624964373374
SAMPLE_03846,0.8732575720495364,0.13209811343110217,0.20899218581551032,0.3358512700170391,0.29427846074576336,0.22153008748340586,0.3293927554322431,0.268845190679627
SAMPLE_03847,0.6177878345154459,0.7982618725540584,0.8195518831470773,1.0,0.5380137068367451,0.1473017505310687,0.38967189818468106,0.8969062792292045
SAMPLE_03848,0.782495344573249,0.07495752451337617,0.5156900763694091,0.11359329707258925,0.1408089786389611,0.17472595929407436,0.17968436430287651,0.35341310463040365
SAMPLE_03849,0.22715196350860858,0.6525212505791917,0.679173610515235,0.048359129385367565,0.39226191191539633,0.07861349164739,0.3122589915743444,0.48157910438911616
SAMPLE_03850,0.6162728683641681,0.7043346765658147,0.6832916975952665,1.0,0.029340067213610925,0.13392209967270619,0.3677281009144709,0.11878005729030414
SAMPLE_03851,0.903842761624448,0.13305855129012392,0.29085816153163313,0.2031279047465982,0.36260386550191526,0.24989091939930924,0.2892706217932175,0.4225450382138519
SAMPLE_03852,0.9171769383443559,0.19982574253809768,0.4205436090351834,0.19878983016438834,0.19444038529472052,0.2819202878531455,0.10162894649162443,0.08892608109478156
SAMPLE_03853,0.6566539608700103,0.7145399653101732,0.802807726860589,0.1802119874184544,0.4227983314783091,0.39874673474684513,0.6808117760134718,0.2298931582320915
SAMPLE_03854,0.7585991636132743,0.45833642271398584,0.6528821299523616,0.19161771453947724,0.5283575835146052,0.3459416338494014,0.25722972966539476,0.9012577480969752
SAMPLE_03855,0.21847543426763227,0.25072609963320913,0.1748251522109101,1.0,0.07985091843305055,0.11460998893338303,0.14629222495500008,0.14922758272473843
SAMPLE_03856,0.9038434757045541,0.4060769222610126,0.28520501220542094,0.15622675311524775,0.18572177620834351,0.43292723181807524,0.24529737554404626,0.1742835958384648
SAMPLE_03857,0.8828392324001686,0.3598617728025184,0.5096065753196206,0.17438718406717346,0.30020559489567983,0.25765299268551894,0.6109845459596814,0.4311074930999741
SAMPLE_03858,0.4150140128268748,0.28544035426993974,0.2751271641061246,0.15235260322740643,0.476569930666129,0.3707229213713903,0.3015893698262909,0.8681440208670614
SAMPLE_03859,0.08032794506581177,0.2747924654814299,0.28788740318930217,1.0,0.08724429084091348,0.12265996942145191,0.08545342368722983,0.2822985089984626
SAMPLE_03860,0.08389242006236575,0.26072366609133824,0.2291862562596249,1.0,0.13201890942780392,0.1031056060670973,0.010544638217315935,0.19043042185138342
SAMPLE_03861,0.877341225201675,0.20816934618236876,0.4338578093168847,0.17571814530324065,0.06690669649797565,0.21842082801916515,0.4991652629543768,0.2923532513622532
SAMPLE_03862,0.769320302092642,0.8953704059539414,0.8525361766409363,0.12305726220088814,0.529191435313724,0.19915424445085816,0.6948133535394445,0.5183212839900091
SAMPLE_03863,0.7656426920768735,0.37078838037611245,0.6495690885166813,0.2416992171822161,0.34088605808431816,0.3259960193923047,0.4210437687329473,0.3782231007118052
SAMPLE_03864,0.5627014988283711,0.799256647684746,0.7460788071064399,1.0,0.01836639285994165,0.05677390237228233,0.10940814777138785,0.3850669143037443
SAMPLE_03865,0.7290934945009808,0.14101685180474038,0.42435504142358854,0.19219081292389323,0.3269951000895759,0.1961002715264166,0.2326107155794656,0.2104266654035885
SAMPLE_03866,0.2786550149469379,0.5548878699896893,0.7096370099171183,1.0,0.12077404890211078,0.2175075349575605,0.10731387384933139,0.8050478581742414
SAMPLE_03867,0.6510581622425435,0.6232820379349437,0.5827727028613386,0.048025716527202625,0.6208222305062191,0.1748961036722908,0.5444785884404747,0.9669351224163416
SAMPLE_03868,0.21071748113359473,0.4920980378865092,0.5928583468345584,1.0,0.01796114267387682,0.039105906754929615,0.31064299332893897,0.18782296557674988
SAMPLE_03869,0.8328258774697872,0.5614163089900233,0.6179013931307592,0.15184317893216728,0.273213363028371,0.3465179367172255,0.5186319379810742,0.3004731384674826
SAMPLE_03870,0.4285525722216987,0.8403075720649456,0.6779712839883998,1.0,0.33983275196209684,0.1264711778760385,0.42865595450494226,0.6434567612053388
SAMPLE_03871,0.8318393646653426,0.08707913386158875,0.026965494913117935,0.1964901359650797,0.12798202908711628,0.2809576759967412,0.07815276093234785,0.07393107376088667
SAMPLE_03872,0.9091766393848989,0.5317327777306338,0.7620363554659635,0.34484400155918465,0.6444691166338373,0.40794675877091086,0.47387583737734273,0.8145664492755436
SAMPLE_03873,0.3118301649346032,0.4341905258610773,0.4394772580612447,0.1296303117139835,0.3540264786215421,0.21241214358556648,0.245761512079528,0.7064977657673359
SAMPLE_03874,0.8740063310519035,0.6341452590421377,0.3579411180332619,0.15204579333029072,0.3737592758347091,0.2489439891662641,0.39322838858061226,0.4466021282736782
SAMPLE_03875,0.8358404338806571,0.6129487028789824,0.5791100150804496,0.2991167289152371,0.6522076510786383,0.45273459670399013,0.9633040915913187,0.9268126363552271
SAMPLE_03876,0.8501726457954792,0.06407409263044521,0.07855601188530073,0.1433861252516163,0.21611128125020262,0.26618683175122426,0.1535737323378046,0.5327800148450963
SAMPLE_03877,0.8746730601288644,0.03899923882151375,0.06075473966651533,0.10777458072486693,0.05822173022402983,0.2261015114455025,0.04355853224253499,0.06230498344993813
SAMPLE_03878,0.4219826218643669,0.282144855185194,0.5275230056721084,0.22932793135476262,0.6030159018866454,0.25460141273739584,0.2629168813194188,0.9454221745513496
SAMPLE_03879,0.22026542292574014,0.2971163675178258,0.25936201940599135,1.0,0.13318516071689357,0.12695167614411718,0.07945222747422057,0.8623268148855163
SAMPLE_03880,0.5757492197576259,0.8308734050327213,0.7171739051372644,0.12810004018775215,0.7283607376992105,0.3247048806784667,0.5696964526245392,0.6024621131134786
SAMPLE_03881,0.5747515328015589,0.602578473421309,0.6155285294239486,0.2179713621140882,0.27944009593552904,0.23489856774393136,0.38915610559635205,0.8287384634836851
SAMPLE_03882,0.8013292593954982,0.8071690626325675,0.671486881903835,0.07802637774224778,0.4249406575409256,0.10415304137178803,0.7275943886176148,0.7798076400166107
SAMPLE_03883,0.9077601560833077,0.07334850668512678,0.09002069229089683,0.065948325649596,0.4428785123122606,0.14280415781139225,0.13405466439770128,0.3630350871031683
SAMPLE_03884,1.0,0.6751568878373548,0.6958705483419748,0.8868752989825397,1.0,1.0,1.0,1.0
SAMPLE_03885,0.4782951909609481,0.2260866125373058,0.22672478181046793,0.21542275117340018,0.23134789683258097,0.22596600499446354,0.06768808751648872,0.9054115254893789
SAMPLE_03886,0.729976915915466,0.2340428572233157,0.17447429929981081,0.26401736509827406,0.1688612892071168,0.30216326184690306,0.34875256676207655,0.26688653821532826
SAMPLE_03887,0.3840713392990299,0.12747089715722482,0.06182947681126133,0.10625829535692151,0.37487364793723305,0.1187280884539348,0.26019203763056276,0.8742968732834154
SAMPLE_03888,0.7583214714797877,0.13539170998240874,0.055124950140239604,0.26089438108090235,0.2830990980217994,0.34452024877785387,0.16088818718688883,0.3174750104818176
SAMPLE_03889,1.0,0.8322365688081349,0.7497222944554394,0.8827865843394973,1.0,1.0,1.0,1.0
SAMPLE_03890,0.8458389203155451,0.647816940331797,0.647917785124438,0.24355428369378537,0.25741013703961635,0.33731196217535975,0.3821915752120908,0.5079530231963368
SAMPLE_03891,0.6416338092896421,0.38939588229298644,0.2065778176270356,0.11909448708094265,0.5479645851117596,0.1279992210204876,0.7354275834497738,0.9066210045198192
SAMPLE_03892,0.8475077592181686,0.20638169220082783,0.3552864257148166,0.1463232339933445,0.24348343605604894,0.2639993457072106,0.1807495409288419,0.21500483491979006
SAMPLE_03893,0.24982405160833107,0.4850901266552728,0.4921340245057707,1.0,0.4049088185931255,0.11445206175994488,0.38664879570896626,0.7532343554556367
SAMPLE_03894,0.08418899244645563,0.18049121062978904,0.24099386853864033,1.0,0.018313590888026338,0.20419395487939032,0.0671555369081185,0.014487746421583465
SAMPLE_03895,0.4284503085661553,0.39605804254741506,0.4065880976446044,0.08105393224917085,0.1672874743806657,0.17951776148091572,0.2184403791114777,0.9625561361546613
SAMPLE_03896,0.5831406609659014,0.24149353472319773,0.4121314741574963,0.2033372157707166,0.20445668267676587,0.28038571737526996,0.24068599355479883,0.7086717306013369
SAMPLE_03897,0.7764111249676342,0.3560018014020095,0.4536252911255487,0.34007425035736605,0.4861369374854019,0.4129454909000455,0.37295995770262375,0.834281199040795
SAMPLE_03898,0.7790429455577484,0.6832434706595136,0.9417997634004149,0.23640800597603112,0.828734491993889,0.4518776582346938,0.7138875989036364,0.8836588552357922
SAMPLE_03899,0.9141764596012809,0.041626587896451184,0.2060974573336974,0.2634648447869834,0.08557727499259629,0.3232349834436825,0.16048265836102252,0.04550733852854604
SAMPLE_03900,0.2689660243785529,0.8924516723650442,0.8738729990224022,1.0,0.3073100960865828,0.08261033847116274,0.45311701268223337,0.9315302875982255
SAMPLE_03901,0.9250101836833103,0.07622530206848727,0.10015273830856489,0.21847344337125202,0.26439010017419556,0.14288052642519156,0.1769175132639406,0.21083776800432458
SAMPLE_03902,0.5987605150567035,0.9429476884194745,0.8844207211655426,0.1831939265076655,0.8299419727347903,0.39483167150100734,0.5268757729597116,0.9164741467298493
SAMPLE_03903,0.23637560090267665,0.6160080853592372,0.8381280065812512,1.0,0.0801477205337011,0.08812043464070456,0.3210194091487477,0.35941834024056274
SAMPLE_03904,0.5247743008314192,0.1889911136101975,0.3844737645166305,0.09654077216343912,0.613008888944033,0.10764838371174328,0.3340448566706587,0.8513393326571412
SAMPLE_03905,0.8273394225360966,0.32531609165053477,0.494831815616951,0.3544200253551256,0.23681795383811122,0.4431953518405788,0.3245876776202871,0.5434699412123118
SAMPLE_03906,0.6829939135149324,0.33179804682397257,0.35693280888219575,1.0,0.3476546197474607,0.3093641964589497,0.3247849489871834,0.6739044359643875
SAMPLE_03907,0.8743431695156942,0.17255329490162058,0.5177752001923934,0.13452456078564842,0.1317991540104246,0.25387362472692837,0.21406362234129425,0.0680561656461976
SAMPLE_03908,0.32562741194432815,0.5299852203699646,0.4029641766693626,1.0,0.20636421854033485,0.11411518176239273,0.1272462168799615,0.19808077299747515
SAMPLE_03909,0.4323353031734461,0.11837480740636075,0.06772853909497137,0.10407712405061241,0.48983711454309936,0.07799618436398259,0.18004896964565892,0.9532199352917796
SAMPLE_03910,0.7207028814355863,0.144241786032053,0.42596064023027175,0.18032091753412882,0.11248825085674151,0.27544946610800664,0.16204116030963606,0.1960729501505083
SAMPLE_03911,0.7956702225919482,0.4441085186260595,0.4638154907368084,0.3666008407638205,0.8244989124792502,0.5713067923174161,0.6036503756595382,0.8531855732873599
SAMPLE_03912,0.7496048392895098,0.6515072177979063,0.7711100311897876,0.3740753172856295,0.2899738000497109,0.4393916006131133,0.7875086681634971,0.6541237768349444
SAMPLE_03913,0.8995100244075855,0.07410458470361968,0.08846572857526266,0.21570300132424025,0.45407481898280827,0.12982029909436246,0.10001332781599856,0.42263317922366994
SAMPLE_03914,0.48598381612397157,0.44354614835512507,0.5165245713109616,1.0,0.12221126061583731,0.2012536000072682,0.41240313367861386,0.5541841507445715
SAMPLE_03915,1.0,0.8195259428401815,0.823060563387653,0.8707513186101118,1.0,1.0,1.0,1.0
SAMPLE_03916,1.0,0.6251467536397334,0.5982270803270374,0.8657559893382023,1.0,1.0,1.0,1.0
SAMPLE_03917,0.7948287043413489,0.3693473873661954,0.3943149216137628,0.37451327026410697,0.37556358554120106,0.5130262599414287,0.5115875748145987,0.8020946875018042
SAMPLE_03918,0.5042966847909622,0.14663540154504548,0.17225207460093145,0.11371131761441923,0.28108408774996957,0.15899976923718842,0.3466357985516364,0.8968991855862944
SAMPLE_03919,0.7018574674941551,0.44634628961162015,0.39295296026448195,0.3561928298406697,0.5078999291502323,0.4930854313915951,0.366893417927141,0.6828035487826906
SAMPLE_03920,0.44125140244821887,0.5575808413425316,0.4888991482976411,0.2464683956612826,0.5388664445534417,0.27141390979495017,0.39720912576097656,0.8600169945885032
SAMPLE_03921,0.27801617413616836,0.3810261366512828,0.3969451831797245,1.0,0.5311435929349557,0.12361814968408026,0.09014650841406976,0.9199945663776099
SAMPLE_03922,0.8870098699403031,0.13493168979108627,0.35373431711806713,0.05943206741646377,0.16872757934894012,0.1532755197452063,0.18807853103240185,0.28529791929116555
SAMPLE_03923,0.8288315673720854,0.7351332547478556,0.6525656389192442,0.28470075732848155,0.603966272305281,0.5387494260197017,0.7459718752092547,0.5737149201894423
SAMPLE_03924,0.2946564874776057,0.557839632634591,0.460081518946516,1.0,0.438749451682783,0.14015439677259622,0.3271658073943255,0.3392707264822866
SAMPLE_03925,0.7401472466847252,0.2621412558867817,0.38472636379266,0.333500862042025,0.2711178419451121,0.36004649157925794,0.5226928761622848,0.9313485683735088
SAMPLE_03926,0.6029845727362191,0.5759458141047108,0.6830680496212134,1.0,0.1330974032640807,0.05010224538058512,0.3552301533764106,0.437612577922053
SAMPLE_03927,0.8461703714213809,0.31874349577510613,0.6686084077347112,0.2081816252787969,0.1362536962642947,0.2597782495079417,0.3386709702818213,0.0831914398324725
SAMPLE_03928,0.875342966507602,0.08957375532601543,0.02074224363611476,0.203280063529864,0.5573574123483592,0.21966583351351904,0.12484077950557587,0.1964710318544145
SAMPLE_03929,0.8515063482464214,0.08257423773482382,0.2659282173204631,0.10688404817925265,0.2134543834503196,0.267958509080382,0.17789460678157798,0.37557104977968225
SAMPLE_03930,0.8278402164958094,0.00686847095531911,0.019492482771971027,0.14933142936491756,0.2518782540643746,0.29291911313724045,0.061307169434656736,0.07642315593380752
SAMPLE_03931,0.42491601638660903,0.12929732309089215,0.19994327757147393,0.14841228108005913,0.348432196882833,0.20044263213253613,0.15280329188274536,0.9537458712202922
SAMPLE_03932,0.15652379608619899,0.37588623189411524,0.18907915131837183,1.0,0.04861217186088889,0.11262541160125969,0.006552475318765603,0.06362142564372159
SAMPLE_03933,0.6374712316155257,0.8298650547329107,0.9020840513739259,0.10773672714937216,0.530810477792136,0.1964847290170306,0.42409041384390755,0.9669217695125584
SAMPLE_03934,0.5085286726183016,0.5581377049115387,0.5546182760947873,0.08549188269855215,0.48010168671829634,0.09913754788886438,0.3203944971305199,0.859661578632575
SAMPLE_03935,0.7928347952798528,0.4660762844640129,0.29129217233904253,0.3695243876864661,0.6008011833494824,0.5788419926296435,0.5274083495476416,0.9034255267170184
SAMPLE_03936,0.6443203878627382,0.5367555497161558,0.5192639966821775,0.11926117013030983,0.5458242358161782,0.1578738634229603,0.5281339718149233,0.870205766591206
SAMPLE_03937,0.9155101446782,0.0852301809185825,0.10887104428104277,0.2289546292585988,0.4199249277021104,0.3248599420457001,0.26495356278953797,0.4457128683529358
SAMPLE_03938,0.8258380154012528,0.46156762882289337,0.5164493319958707,0.2985005192582119,0.7050774825070256,0.5463924318729992,0.7205319000710587,0.878399079232375
SAMPLE_03939,0.7892446236606516,0.8749588440176883,0.845258727336824,0.09457437251092134,0.6437008322608666,0.17301897659121476,0.7531940735340255,0.9002322190881127
SAMPLE_03940,0.5819673215106949,0.42473353495826416,0.564311721845023,0.11856025183199354,0.4247007806059215,0.11664079615243861,0.38261873427793147,0.9335283631472946
SAMPLE_03941,0.8561713323398927,0.2610397644451594,0.21718765529556536,0.056290445123435416,0.5961084443159974,0.40497045722246977,0.0631033134441833,0.30751384153188555
SAMPLE_03942,0.8650075348872476,0.12049318950144655,0.1163791576012149,0.10964696310636285,0.1566525458717642,0.22002517988710946,0.3150836434232967,0.09156806917705686
SAMPLE_03943,0.8628426995506318,0.0441481223464749,0.055561631997524785,0.2812344683708886,0.11446082084810072,0.3335340673734623,0.04785690637012631,0.1307558703069815
SAMPLE_03944,0.7753019518776645,0.07795102134831036,0.09025016983755565,0.1679917545298836,0.258003703691186,0.1393449821718324,0.14938522684909467,0.06941181796716836
SAMPLE_03945,0.9280102063232836,0.20752031839658483,0.1546571154595085,0.26379950511762207,0.48138575520169286,0.38292341147222025,0.40277770361249954,0.8999273635501138
SAMPLE_03946,0.39218050737539994,0.6042305381812556,0.6348712193623165,0.07970055054044684,0.3764058692333971,0.13327519953553976,0.17964526794768368,0.9491845074437906
SAMPLE_03947,0.8009992010593887,0.08536038927670038,0.13317211785492136,0.24120466436646354,0.2548926783596884,0.43121687005951603,0.3005888402391146,0.43519813776006133
SAMPLE_03948,0.1732080333773741,0.2793048940973697,0.12449781260660897,1.0,0.07426931399023855,0.05360818132583047,0.09457598222825249,0.3658419425662621
SAMPLE_03949,0.705153093761441,0.3430300909806841,0.7531044046144989,0.10646305565639408,0.5892291446877288,0.1580645299715138,0.3345599877274469,0.9339479032057676
SAMPLE_03950,0.8370047023771913,0.3231388997409816,0.3591896036429324,0.15704985110050496,0.3997206144768422,0.2808908612325811,0.3251576675962378,0.9667971274431862
SAMPLE_03951,0.32787934684189246,0.30901378153779857,0.35913555878121056,0.05186831447952568,0.1495878154812104,0.13105425597800824,0.12211499744198012,0.36854193671068597
SAMPLE_03952,1.0,0.5200300210038579,0.5613072398121447,0.8770531262039244,1.0,1.0,1.0,1.0
SAMPLE_03953,0.7279806685406829,0.21343533707522308,0.4274413520022302,0.19813758531067202,0.8017650584992112,0.295790006008923,0.2026733854765523,0.9130825575264978
SAMPLE_03954,0.8313352860596073,0.7084410019759895,0.7438640828122945,0.3115317460955547,0.45569977530028904,0.38291819253810977,0.6519536806696203,0.9194180228446893
SAMPLE_03955,0.6678358277357613,0.5088273082780498,0.7162513162861748,0.10865794103172095,0.4060500575162442,0.19585266206490703,0.4303165271012044,0.28335222929114234
SAMPLE_03956,0.46976895902620436,0.6941275947352809,0.8574124945700811,1.0,0.06197441565735822,0.07544574109411657,0.321535904376809,0.22756415525659482
SAMPLE_03957,0.840003208145762,0.08367437531524619,0.09231147607872749,0.22289300090534062,0.1974732248548196,0.31693974110444306,0.10107379922917567,0.14183185512037777
SAMPLE_03958,0.23495158494214805,0.7635617906852094,0.8175867654077866,1.0,0.07370135977717968,0.13214074015247126,0.12318785160342792,0.038546053094849056
SAMPLE_03959,0.4289847773848946,0.2855037431334348,0.47786278089834766,0.28422040364754353,0.20416747375917077,0.4245243291598599,0.3398208891726501,0.8873278214315701
SAMPLE_03960,0.8575096309940904,0.00888773219667014,0.025464620725203252,0.24703844212083703,0.3636643818156474,0.24235940977669868,0.00733438113349383,0.10795977658365441
SAMPLE_03961,0.8994250829400501,0.2473491257473705,0.38763883743571576,0.16647333904810624,0.2513024349374816,0.22927817889903657,0.2436418217005756,0.21890217181244043
SAMPLE_03962,0.3382316288893342,0.5983279274580146,0.4271900631077052,0.09354683379559826,0.5251430977356231,0.13568355695867687,0.5088094744158304,0.9815535355061837
SAMPLE_03963,0.5335591681724937,0.7399520668015882,0.7296167906886644,0.34669160706162044,0.29746396822632504,0.23963438366299922,0.4363179472211988,0.8194715908053922
SAMPLE_03964,0.22749732319804322,0.524073450064267,0.4836586365258634,1.0,0.09692416054289635,0.11763806579213178,0.14862674861397696,0.11059117851327767
SAMPLE_03965,0.8800921049366227,0.03611438866065224,0.02815881175907268,0.2005190585384197,0.07432355584519093,0.25511496071459566,0.06837240045289926,0.026406330726007926
SAMPLE_03966,0.04939639428665448,0.3049706130182344,0.30371312449992927,1.0,0.11896490595990294,0.211345519794718,0.0654927200648255,0.4175851250870747
SAMPLE_03967,0.5399625166602411,0.4748549156910538,0.48595489303697287,0.12698664830730957,0.7286244369352628,0.08931865683785259,0.4018450283833604,0.8417238319312215
SAMPLE_03968,0.7729995795948152,0.7629660602764861,0.7872623543736178,0.11245154674146314,0.7693567328339666,0.3918419989130988,0.42459269498627905,0.782361219937328
SAMPLE_03969,0.11491385361834086,0.29983893377266735,0.18942932335337048,1.0,0.2551416795019439,0.1408977397847314,0.057508797627759206,0.138106863301783
SAMPLE_03970,0.40504474361534565,0.7607160622582508,0.7986631781999021,0.1554720641962866,0.5653835926976561,0.45951343655222493,0.4595359202480945,0.9285027011662718
SAMPLE_03971,0.8013316877959296,0.021049762464727062,0.016400704989830685,0.165292275112491,0.07770766727881723,0.2833533765758176,0.11922271408618862,0.07158777643134803
SAMPLE_03972,0.862506116160133,0.2008154811168344,0.169668997906223,0.22758866885870827,0.2514463132507436,0.26329187676554566,0.21846199554001094,0.17116872506786465
SAMPLE_03973,0.17669393956999757,0.6533276039402459,0.5169003319763115,1.0,0.08867841213148207,0.0914580963127132,0.05028837658824772,0.1401653150620883
SAMPLE_03974,0.8143314737358859,0.2840419112290254,0.2922859190952216,0.2403799880422058,0.4030138041166267,0.3794677822908525,0.2647255361771622,0.2630388666430819
SAMPLE_03975,0.34310103580336865,0.46523184553952757,0.4157942554031248,1.0,0.23700248937185683,0.06377691728031898,0.5443946360927145,0.6446648339070375
SAMPLE_03976,0.18473991088148056,0.45695660359674495,0.20225765931011827,1.0,0.19067128827564173,0.17131883876585963,0.07396428203321248,0.8497596891814359
SAMPLE_03977,0.8111679801580662,0.11466367429143048,0.10106584551962906,0.16855974161613888,0.6695480512694585,0.451546818177338,0.3959624598792244,0.950902864038313
SAMPLE_03978,0.8279953288371567,0.2901271892156582,0.5619687821017354,0.25682678243941737,0.5523745063447068,0.33076939844922193,0.37861117705720765,0.7662301339572515
SAMPLE_03979,0.6751341107960952,0.3910230111280476,0.471733245358415,0.11230298483668338,0.5145567390385601,0.21533464121480042,0.3679462535827753,0.7593315953666548
SAMPLE_03980,0.8575095199144994,0.02776646791905673,0.15038503318722152,0.15045527870965075,0.4384111274686722,0.14644201582154898,0.03232203475891646,0.32066875982990345
SAMPLE_03981,1.0,0.286083219945256,0.18692185472518624,0.8807118025061995,1.0,1.0,1.0,1.0
SAMPLE_03982,0.47870663035907,0.6806583891984772,0.5993288236660154,0.06869935272774984,0.28905994507629235,0.06011020236679449,0.20050646034883313,0.7111832675440966
SAMPLE_03983,0.8476755736520761,0.6036897832039508,0.38964954531150864,0.2379937398207626,0.25898283592483734,0.5859416116910374,0.4936614453480023,0.4117150936409778
SAMPLE_03984,0.7927466259799965,0.2990809066951594,0.4823425246238082,0.12446756158156588,0.07200381261464259,0.3261424756439453,0.5786139143125095,0.4426037009123313
SAMPLE_03985,0.9200101669403622,0.03176845230359443,0.05451539794891159,0.023882445832457,0.293523205997001,0.15470111537942857,0.12041517967693621,0.4225605190495041
SAMPLE_03986,0.8753407811080128,0.026428319923873456,0.13714907678359473,0.16293184952149548,0.08997244045020518,0.2810874042659972,0.24749694995476218,0.13010896021103466
SAMPLE_03987,0.3051000611637254,0.6643254320696681,0.4980221112335389,1.0,0.3664082985903986,0.10778454431927556,0.22059379106233581,0.8069091190487934
SAMPLE_03988,0.9063433821765474,0.14426213519525996,0.08529216306180112,0.15598935125625082,0.3093227730515858,0.3412362448981933,0.20307810955880903,0.29946848523417513
SAMPLE_03989,0.6416645005018028,0.8545747492796351,0.924265899216745,1.0,0.30265699326233675,0.20305168133424326,0.25606210832188064,0.25825424420142074
SAMPLE_03990,0.816166385041953,0.31751158815536135,0.31644233428378554,0.3031954452862973,0.24924194016903406,0.21364928887489185,0.3531545503006216,0.2073047678218163
SAMPLE_03991,0.647676328019189,0.7538470810796796,0.6487277479888985,0.3446499129914664,0.37964493234574004,0.36878625205975457,0.4318769859691709,0.8526454064697419
SAMPLE_03992,0.13454863361587793,0.16951495943081551,0.2198632801152058,1.0,0.2392145452194854,0.08794292323636266,0.07782919355573807,0.8806738739270153
SAMPLE_03993,0.5710893330583428,0.32858494445896214,0.29939676428802,0.20820750075141706,0.42937432480444204,0.28482657045335674,0.3553994979855565,0.8542389179714114
SAMPLE_03994,0.8725095952505227,0.36384826324350816,0.43190097197898264,0.2613735842251643,0.23938094663805284,0.444211400755894,0.3956444624093852,0.36154781176845396
SAMPLE_03995,0.19922210960641032,0.23557333817451404,0.36097018476981146,1.0,0.054456448973331746,0.04611067873403433,0.11557580519497145,0.3339341499380426
SAMPLE_03996,0.1543471282979895,0.5419313573103098,0.5472523818534798,1.0,0.40603844965480196,0.16082832715528222,0.03468758719332478,0.07058633374349499
SAMPLE_03997,0.28687930335497663,0.5416304693805645,0.44786720112433454,1.0,0.020101646832656566,0.08744531949914432,0.34800426834932924,0.3330062055518476
SAMPLE_03998,0.1601441450597291,0.10580492415858078,0.1826463706299034,1.0,0.6051054979631596,0.16086225336145923,0.07782858939765729,0.9250072068239049
SAMPLE_03999,0.3518445319810673,0.5863479719796658,0.6947723749483101,1.0,0.05747940056698109,0.16091408253992576,0.25392305861831926,0.16318844210645517
SAMPLE_04000,0.656898278504877,0.7288292599144448,0.7861894333871439,0.09893100443588533,0.5889931473566448,0.17634821314187432,0.1904894023575202,0.8480279326447108
SAMPLE_04001,0.7950492687042554,0.33449835396083144,0.8327001130302585,0.0804285648284397,0.8353240977719106,0.19126830221513474,0.312826065730138,0.8988626860291243
SAMPLE_04002,0.7884991077753272,0.13368934287587753,0.15226061512392855,0.22045118694374816,0.06562196013568729,0.23641225320971804,0.1345751951168092,0.05298859984043408
SAMPLE_04003,0.8378417764980004,0.04206285959198025,0.15670229414948375,0.1353468063388447,0.21536436886567067,0.1598757467162831,0.03670716349313529,0.22414910867233118
SAMPLE_04004,0.21063930150879367,0.747948718984405,0.6178769706119631,1.0,0.10503440705496254,0.09585129329023157,0.03330927245350529,0.10819923406767659
SAMPLE_04005,0.5332844792444149,0.44654525230633524,0.6067775305662448,0.05089706098258775,0.25580086056472545,0.0988226382895521,0.1821860574533349,0.521743701028434
SAMPLE_04006,0.8516735834223033,0.44011953638710843,0.3772870532360914,0.33106478257964184,0.4390025302359067,0.3607650897643016,0.4394533457700349,0.9153851695925155
SAMPLE_04007,0.8940093245904421,0.051239486566932585,0.08244778916418477,0.10292789033860684,0.050483553103848604,0.3551144878534995,0.25052566957068106,0.07340481706933022
SAMPLE_04008,0.284419478275459,0.911263916599371,0.819942632393137,1.0,0.2266472513053236,0.02660007386041048,0.30659846379132205,0.6258464035993936
SAMPLE_04009,0.8346721402618426,0.8019859721482077,0.6748201856271173,0.2526824728708371,0.5723428927572692,0.3521054278638915,0.6311751438944,0.5053514833145956
SAMPLE_04010,0.9160935145843739,0.4340835484402429,0.2478793368335222,0.06482621182624418,0.44301804440360243,0.19502260343425065,0.42811712277509956,0.4009359567555991
SAMPLE_04011,0.6443389275516159,0.44557275904218885,0.276106174447319,0.09778705237769639,0.5895440274318471,0.1598260366546251,0.40089675285213316,0.8030179664564854
SAMPLE_04012,0.8410011968363849,0.16602216092409736,0.12340052971502025,0.19966457432063564,0.6251032715200211,0.23001408057101913,0.18897889260005535,0.523950325260879
SAMPLE_04013,0.6845233329922156,0.2462246250973953,0.28049706854250567,0.3248003084408587,0.46184290889984064,0.45080961919029616,0.651377561434924,0.9087112149763519
SAMPLE_04014,0.5925846352937588,0.557509652981617,0.4791956734393815,0.13272383811147442,0.575058795542613,0.34375341957945105,0.4404713416136882,0.797970773388204
SAMPLE_04015,0.9064268197718537,0.27531566731286317,0.4145550861308059,0.25206369780453036,0.24723215425101558,0.22403133149211624,0.399345479342203,0.2418142556863521
SAMPLE_04016,0.7505439147608306,0.339591442040886,0.3697442683069748,0.06823631959501557,0.7897624468689715,0.13700248458213,0.37835085183573225,0.9341134905641102
SAMPLE_04017,0.8650064272412594,0.24536190592704854,0.3495379292433357,0.13943742884504062,0.45812962537742996,0.3663281350798659,0.6362807206733593,0.8927255391887343
SAMPLE_04018,0.8011701224085266,0.07988648272950855,0.23348615942949907,0.3908044273285378,0.8763358672925483,0.4601837527568982,0.3532320086980044,0.9029962057071339
SAMPLE_04019,1.0,0.6987945753426232,0.6939212787731818,0.8761793062188536,1.0,1.0,1.0,1.0
SAMPLE_04020,0.70955774777202,0.49119405507337566,0.5967130192515322,0.23134063544561123,0.41931095073916075,0.29881979585190277,0.40071044288639374,0.7530350509762447
SAMPLE_04021,0.3983108825376526,0.7133007340000415,0.8038966898807767,1.0,0.08452273307982373,0.03827678082181776,0.20792933382342754,0.6740533380294267
SAMPLE_04022,0.09927787425536533,0.378227704455227,0.5069576638152952,1.0,0.03209220867830799,0.26240661912016644,0.11101005575433133,0.1039759454225189
SAMPLE_04023,0.7586388240053001,0.16589367987820403,0.29146349010842054,0.25121032571174756,0.5312971878560426,0.3702714493238545,0.24550819007399755,0.9370281463179283
SAMPLE_04024,0.791318454374953,0.3606178249302915,0.3177291470985718,0.300284803299518,0.37369630653755376,0.3344837592454335,0.26251589413663146,0.7106136256315778
SAMPLE_04025,0.5223956848399463,0.7745264188339502,0.7355383029330099,0.12914447614661023,0.18620432062358794,0.22284617111063199,0.167146386699871,0.20332143896803662
SAMPLE_04026,0.7899960671209886,0.3826108000255033,0.5224465606244934,0.21682792823091923,0.6762874751288401,0.3600142092104927,0.682708679813263,0.5610768124257708
SAMPLE_04027,0.798368210236075,0.2543509388740644,0.13642964708121486,0.2900856803927172,0.18315739988945912,0.347691285599297,0.19942942754850534,0.1303805992540676
SAMPLE_04028,0.9170101616474203,0.24339495492208124,0.37147958339197984,0.13494899660303633,0.36446362030514856,0.1683366314028686,0.28844402637985567,0.3231562122297382
SAMPLE_04029,0.8830096580713616,0.031075969521973834,0.023037055085837872,0.18046581031673387,0.09827185266287895,0.1941592941320964,0.05972153637132938,0.04613835862601638
SAMPLE_04030,0.7933341047809528,0.6445681471082436,0.7238065094728166,0.37141867486297037,0.65289810120718,0.6251349129342052,0.8146161165819524,0.7105488234824111
SAMPLE_04031,0.7454264727421689,0.9585819438339058,0.8300185829690236,0.18690282237330663,0.671035214552204,0.2588950866854,0.6253313947622446,0.8651838266108351
SAMPLE_04032,0.8941768793366816,0.053121359517139484,0.11257671566585406,0.22926370309669433,0.5133677797587692,0.33858264065216354,0.040879795441593,0.4356683292209536
SAMPLE_04033,0.7737245010516445,0.9454741456944469,0.9183221370008043,0.2188735656425911,0.8231608255137638,0.4164304525143764,0.8286585878214846,0.8955121573683087
SAMPLE_04034,0.3637107755024326,0.4779403258758945,0.4955912499469376,0.32259240037272696,0.4172994161892125,0.3073214629929891,0.44501906691642373,0.8473228196491253
SAMPLE_04035,0.9031767044303098,0.1607406905391778,0.24558790688830429,0.2574977872330059,0.27795745690555307,0.32016504789047867,0.09027381208160704,0.18301729974591935
SAMPLE_04036,0.9300936002995475,0.18114673886658872,0.09965718859463615,0.07933112946023987,0.13390622854753498,0.32513113732127047,0.1103792811707747,0.293529452015655
SAMPLE_04037,0.7597861894298727,0.7991319803689574,0.8103998863373438,0.1267554891235523,0.6576468282804533,0.2712146374022057,0.5341975524036415,0.8580937734955363
SAMPLE_04038,1.0,0.9692883624473351,0.9550370474475705,0.8849382429332759,1.0,1.0,1.0,1.0
SAMPLE_04039,0.5187964278511958,0.6749141870203328,0.721599721494931,1.0,0.12841966837612168,0.07160245028218973,0.1889983065086859,0.6553585935226297
SAMPLE_04040,1.0,0.8417957652736936,0.7513847897065566,0.8819038731675659,1.0,1.0,1.0,1.0
SAMPLE_04041,0.7137135754746571,0.6445686975542813,0.692463844477331,0.11574867837138074,0.5183160632534078,0.09761945114094853,0.21715960469024556,0.9685668668419769
SAMPLE_04042,0.7604934095913418,0.11095311542378668,0.19434257369727928,0.27241222175567686,0.14495742004222162,0.2774519950377403,0.1874926734126582,0.09268032703867485
SAMPLE_04043,0.660496952085065,0.48794538492264783,0.6773511761679445,0.09409570932667888,0.534909479202492,0.22438544557777956,0.2827640156655497,0.8381547217001105
SAMPLE_04044,0.8670072494450238,0.42046797521715806,0.5612759934633424,0.16020389091027726,0.3608947584367692,0.26866379351536857,0.20133127990968294,0.3332094267302621
SAMPLE_04045,0.7117548134083883,0.31212833125280304,0.5135081458746914,0.303674739522601,0.6716274761594402,0.4477426909219156,0.33490339043088757,0.9021202145410734
SAMPLE_04046,0.8350075002061472,0.05429072925547027,0.04632203776912585,0.20493982889387055,0.19111900215476674,0.2595856360867812,0.05257053842621902,0.09859675235546675
SAMPLE_04047,0.7733314218647003,0.07707029475826441,0.023402656273179973,0.17055479040158983,0.33326550603174965,0.15457657991539045,0.09972026493930523,0.2707963960971958
SAMPLE_04048,0.9250102417265493,0.1327762361822131,0.23652839732160072,0.16539895597332568,0.36960416967169707,0.2537316858426598,0.13717903700809603,0.2660380832177304
SAMPLE_04049,0.8034936690404886,0.2609716680530938,0.18855955765484964,0.43295248993399826,0.5085413659894318,0.3606449431506503,0.4976284132460339,0.5827240097547965
SAMPLE_04050,0.9210934500390411,0.06777873695305037,0.13561530855402382,0.14205849770496506,0.05156251111268182,0.19482670873383226,0.17343023300041904,0.09771097389557143
SAMPLE_04051,0.8059195011717,0.5712631341031551,0.7604673012609597,0.1414520902488737,0.6325832097483323,0.39125431533300675,0.5297570338306857,0.8849380418248116
SAMPLE_04052,0.4177414522263111,0.4274046391019173,0.38552720881283764,1.0,0.36273082466147666,0.167654537107596,0.24709510152695868,0.8155156416580878
SAMPLE_04053,0.8061509925016612,0.40520010197283984,0.7487181274243822,0.10440046623918796,0.6964832095126552,0.1619892956444714,0.44831226314945377,0.9149622036790119
SAMPLE_04054,0.5869808662468524,0.16282477800909764,0.1653168702117846,0.122824560442289,0.35063938797977123,0.17085935996167717,0.1999116354827028,0.9558692007738485
SAMPLE_04055,0.4367844639854947,0.3973288282537117,0.231061705326362,1.0,0.26036488823789916,0.1700232113273997,0.2216637062952309,0.12294777741325483
SAMPLE_04056,0.56136411442955,0.2759630353634851,0.23918125637586535,0.27451761640638933,0.622490300583816,0.2849818829431466,0.2086680368795177,0.8046100670770913
SAMPLE_04057,0.7416727945939176,0.818393190371679,0.8079960607917147,0.19056533451934063,0.5183685429990005,0.18766321918121787,0.5314783879845466,0.966057634325341
SAMPLE_04058,0.8891767543674056,0.12014553231865721,0.049909185530806074,0.1570063462529008,0.17131192168633141,0.12751877981689802,0.06173987498485528,0.2451626142294918
SAMPLE_04059,0.14567962036106918,0.7158926666835761,0.750459301776871,1.0,0.1398563553925749,0.018267911021339175,0.2898226073374096,0.526137784352813
SAMPLE_04060,0.46857162475503705,0.727067471341713,0.5855469189612375,0.11581707988821305,0.7608082482687708,0.1818440282653164,0.380125288980488,0.8576920405295635
SAMPLE_04061,0.05477957763158566,0.4660354605418503,0.5872816031551051,0.19411807261320482,0.47946737459286864,0.34389404268487,0.1452159312031513,0.9315683178731432
SAMPLE_04062,0.7524629882738834,0.2697373396507129,0.2102923742242493,0.11386195311507555,0.6618106198037128,0.28943116172138544,0.2951854806702456,0.9102317496831986
SAMPLE_04063,0.751483177154773,0.1955711862166543,0.09928046967798815,0.13289738697742384,0.6045467970901839,0.3018658991644158,0.17624339775238884,0.9379225641235045
SAMPLE_04064,0.8273360920989887,0.18463231023344007,0.20469980493401185,0.18190781595675012,0.34547497622472434,0.3614848594756965,0.2362634535560701,0.42291994010320944
SAMPLE_04065,0.27813679745614517,0.1176081281767703,0.11471508002226707,1.0,0.18149297739514464,0.18353168959458946,0.05677229425958262,0.3905246068192043
SAMPLE_04066,0.8806764235900837,0.21334209572997279,0.2583523228151905,0.19577032816512888,0.09595002400211886,0.3036876814441779,0.4180410532038591,0.18430823672774144
SAMPLE_04067,1.0,0.508783191822628,0.5300408625975035,0.8667404850816418,1.0,1.0,1.0,1.0
SAMPLE_04068,0.7313352670179185,0.3395349927092479,0.2719852626195661,0.25358353061760164,0.5063617060817696,0.39508740276912735,0.45710513000079867,0.3099508632583877
SAMPLE_04069,0.30204072106556523,0.6547603175334561,0.7105138679718488,1.0,0.07635632354939498,0.14746146442587907,0.3161549865805391,0.22119154565956395
SAMPLE_04070,0.8956762304835658,0.04515032582337442,0.08265100041003232,0.14298994154610076,0.09330124106576082,0.2210642185744881,0.09651105775984688,0.22062863024835377
SAMPLE_04071,0.7857926773025734,0.4197300713402653,0.6852880160710206,0.2783009196211042,0.2995570346137547,0.4274596482077762,0.44326017057841677,0.39939075032963056
SAMPLE_04072,0.8551728889100216,0.4331116964556939,0.4922795895576722,0.3127985756914479,0.18335316559007597,0.31202356878460497,0.45300403806208334,0.24181651856820177
SAMPLE_04073,0.7809927484663377,0.0406562704173104,0.016882279800273833,0.06277392803593893,0.47615289892289664,0.1730632621698109,0.07313135120605936,0.3235117641628289
SAMPLE_04074,0.4541079182797631,0.3051229358030815,0.30094393942677566,0.20080244649031792,0.5291734007737217,0.19788740115478015,0.6155261455960646,0.6453501830027495
SAMPLE_04075,0.8451759043974574,0.25983577745317804,0.1171804517544933,0.28051397230120284,0.25231913922034666,0.27536486481290817,0.3360884728038932,0.23457849228032604
SAMPLE_04076,0.5407369891226654,0.38763403460022827,0.2475349798518987,0.24903471012922956,0.7389534030029379,0.2035528187107441,0.18465919072697862,0.881672005506358
SAMPLE_04077,0.8103225195570303,0.4425156151428461,0.4290707273807792,0.29377442209119997,0.6377164592256391,0.5019811900581181,0.5561267642831904,0.8149809009873679
SAMPLE_04078,0.31743037176110084,0.45726277607126853,0.4147915891034456,1.0,0.24986314154415262,0.06944888914666685,0.03757177458299827,0.06530362191238376
SAMPLE_04079,0.4184716948484534,0.32959139804953724,0.35582007307330743,1.0,0.3645188823672159,0.1873838452913137,0.1810130331078512,0.8734588294648471
SAMPLE_04080,0.6598845731198276,0.5544546981866371,0.7172916678193797,0.03420003621233013,0.3692676404133851,0.14765771221502313,0.34450914524604226,0.7008938817585826
SAMPLE_04081,1.0,0.8092144052083324,0.7993252900846577,0.8750780438233615,1.0,1.0,1.0,1.0
SAMPLE_04082,0.8593392743336605,0.5532378213541791,0.6449481057554358,0.24637886109105817,0.7663081458609446,0.18611566962288192,0.7069322314808693,0.8010032604466211
SAMPLE_04083,0.8009981938674592,0.044576242742521616,0.06640195763236943,0.13407994595519884,0.6017291344856037,0.2659294932507104,0.07306195272009987,0.44708375986578464
SAMPLE_04084,0.8048737113767225,0.5715500068228494,0.9070756057079432,0.11808591661644598,0.8902545193993439,0.16367386846009616,0.7012564618703998,0.9274685580542575
SAMPLE_04085,1.0,0.6077987917406084,0.38457347606962267,0.8825592819854287,1.0,1.0,1.0,1.0
SAMPLE_04086,0.8216678719913049,0.03182257675776553,0.0794574176984929,0.251950657276343,0.15812194965488877,0.17759866961412157,0.08558706931061291,0.1710277758571789
SAMPLE_04087,0.7251165434754153,0.5994367636204938,0.42409077264304884,0.2803366597798599,0.41320569171886967,0.28229971539956766,0.43767094341398893,0.6518281373117254
SAMPLE_04088,0.5807552315513199,0.8748024634589591,0.8707449186456002,0.09447409644558757,0.7486777259294868,0.39634878365813103,0.5566352989190053,0.9049046654688313
SAMPLE_04089,0.768170959012501,0.6687014013885841,0.8835614249866146,0.11606480462872781,0.7689751071892872,0.33006345617964467,0.6415181603682392,0.8989722734781589
SAMPLE_04090,0.7159970240598363,0.38791860593158234,0.3520613317452226,0.27626464827950625,0.7183238381137369,0.4008931159864044,0.500219929093154,0.9364429184107546
SAMPLE_04091,0.21594194651207965,0.43554760612717885,0.5095167683148881,1.0,0.17508097415767854,0.2758616324041478,0.23474803306885533,0.44135606782935555
SAMPLE_04092,0.8935098121829792,0.1003548553534302,0.2298450667180382,0.3184848287649773,0.46130131054665013,0.3360362731571165,0.09759295399676005,0.3575898602103564
SAMPLE_04093,0.4009779058555989,0.2869987552583575,0.10863823702697786,0.2125595559760837,0.48342923673868055,0.2601033158082828,0.19512582397131495,0.8487263020054647
SAMPLE_04094,0.40576472354012816,0.3553772466341827,0.5422789924234661,0.11511669220310639,0.4669372969488679,0.10814962398594317,0.4086186017500745,0.880218299154543
SAMPLE_04095,0.5230600095196751,0.9048276078286747,0.9191024189727196,1.0,0.06299492512531513,0.11811636858662673,0.4963385468235117,0.16120643779039165
SAMPLE_04096,0.9172601846516064,0.20554924480827602,0.15258687983645963,0.27499661994223146,0.024608183573364174,0.26129156815789856,0.1320634711490032,0.06579603018810412
SAMPLE_04097,0.5861873329976416,0.4204919270559335,0.6119805431885874,0.0732072291628001,0.6635533587674424,0.13926973507128057,0.3315510924906679,0.8122614012613121
SAMPLE_04098,0.6520092351206734,0.5405125239239811,0.6808966813193549,0.37219369596696666,0.5148356278782079,0.35057918521295517,0.24194243239231092,0.7238127893171724
SAMPLE_04099,0.7735492694921309,0.2740811653669295,0.44970671624057745,0.2942743534874353,0.6929884572090923,0.41962371306138474,0.3478990495125545,0.6547553901465282
SAMPLE_04100,0.9261768591526771,0.8602440407354321,0.7791392781960964,0.24347955292121337,0.7086410189171872,0.5126685207102378,0.7784105790973296,0.7574638297159739
SAMPLE_04101,0.478336550018085,0.7318700324944384,0.6668257148631267,1.0,0.2039525655662766,0.2219972188753049,0.4907413741199357,0.5837582890864408
SAMPLE_04102,0.806155548669455,0.09352173185985756,0.15220291252536866,0.2980930718462139,0.6136334260339664,0.3990724901927888,0.29247647419293804,0.4152963990873719
SAMPLE_04103,0.2401716991094476,0.16128027224516156,0.2731455393521682,1.0,0.16592619971233105,0.07326982831558844,0.26777899537841443,0.3298102171271261
SAMPLE_04104,0.779408339189802,0.6322731794928358,0.8750361417555548,0.028187252629445353,0.7138413542053907,0.1066425650375048,0.6542432772159954,0.9035865067032057
SAMPLE_04105,0.9201768407696178,0.07308271803104935,0.06300635900861823,0.17506843822608156,0.07252605750915858,0.26616438074653725,0.06677684414361051,0.062494416686468414
SAMPLE_04106,0.8166692461201601,0.14071581174435857,0.2264913054415703,0.24608239973832383,0.28312708152267796,0.3266718278241901,0.3282923129898907,0.19927376021249715
SAMPLE_04107,0.7758383796880219,0.17632396815438284,0.3351205452580314,0.1052165562243391,0.4143199656255615,0.12196798266515359,0.38168532606992056,0.9382394435365764
SAMPLE_04108,0.44370744532072937,0.8533777233940756,0.7187385201302838,1.0,0.17774293445216713,0.19172691053027455,0.17305282705821137,0.8211088766723644
SAMPLE_04109,0.1695588058008142,0.6520175228086603,0.6888078744583432,1.0,0.18100518699134077,0.3421783962900042,0.20656716209011344,0.25323969671547303
SAMPLE_04110,0.5760994714282726,0.7146657926752049,0.7241094926568539,1.0,0.08839818126153978,0.1283071858018144,0.32159207397271394,0.08342626557090715
SAMPLE_04111,0.24510297182608617,0.38228079311063223,0.32890858003082885,0.21663894037763418,0.1721873797223833,0.2067695551368444,0.35956976954453196,0.7528942239208924
SAMPLE_04112,0.7960028820537124,0.34981097022412655,0.16613996965654024,0.140881395372962,0.04749617284184762,0.26831831651636057,0.31165748513338315,0.03915018602661745
SAMPLE_04113,0.8180031884268384,0.2802869408798663,0.32772017125009284,0.3330085906886958,0.6873398730916825,0.3915230271978057,0.44187424538752895,0.828200235135088
SAMPLE_04114,0.802670187621148,0.18082158905186224,0.04374204696356926,0.18475075326998122,0.13527926901766268,0.2818788386242787,0.15996301594687876,0.15227346705787176
SAMPLE_04115,0.561849030311153,0.5540734655398454,0.5255164926599795,0.09795696707528825,0.2185867452806885,0.10701763493354488,0.24130004662138466,0.329567757822998
SAMPLE_04116,0.867506887653865,0.5463049919501677,0.5404188144161187,0.2899369430216561,0.5237889330600191,0.44665060384058697,0.5380088864621293,0.9129473384599731
SAMPLE_04117,0.8135063609844864,0.4465846876312378,0.08378256658133933,0.10985641013927332,0.10583399244159225,0.1729083601060566,0.1258009641637448,0.1005524929566413
SAMPLE_04118,0.8146725444836886,0.03776955788322446,0.1451114412911917,0.3449207787867757,0.7915217528004328,0.3498073254618983,0.285836716277037,0.8076892155348436
SAMPLE_04119,0.8156688291309655,0.03050833125676887,0.07948801729183151,0.17814159395526363,0.5094320722871797,0.22022778766210016,0.08443167461727642,0.3133715911459476
SAMPLE_04120,0.7182150972535045,0.2117968500558084,0.30899970199782406,0.31611105069411904,0.7545801062982938,0.35801931209723087,0.4318988987208022,0.7136633530608401
SAMPLE_04121,0.8218380094275566,0.31305139419014205,0.3808889669342285,0.2390173654198311,0.6051773822360291,0.2560780291503517,0.6415083996602002,0.4093445118403364
SAMPLE_04122,0.5174751882441898,0.5910508661907226,0.4498248925686356,0.11870898335858454,0.4685374402984855,0.1774238287929033,0.2029936993957249,0.8096983224087086
SAMPLE_04123,0.7536559932055007,0.23467560359158585,0.3865207190374623,0.3058256667610554,0.5788794359181467,0.44217903790750634,0.49820514459488535,0.5916002702748159
SAMPLE_04124,0.8160044884135973,0.07624737104363628,0.09212290622273164,0.08785677572043372,0.19840934457953252,0.3407609239002038,0.2292683167369651,0.10869486967147612
SAMPLE_04125,0.53094838781758,0.367512806349821,0.4996290582662557,0.10722884936268083,0.6040718862462492,0.30636446959097063,0.3977275442750118,0.9549599589937896
SAMPLE_04126,0.7674731736119931,0.026820358409438888,0.014153200275350844,0.17647476271228496,0.5752932583357575,0.1791972429887435,0.14966910515714588,0.26296073238439976
SAMPLE_04127,0.8633367332033242,0.30905974208209275,0.3146625810550775,0.19849855869008065,0.1343015113516141,0.25498451587506793,0.3846236318021313,0.14260904331526858
SAMPLE_04128,0.7969606438476858,0.7800677847686635,0.9530258255837674,0.17913694824051526,0.8167171039618133,0.4061305282214543,0.6746223769153432,0.8914283983644503
SAMPLE_04129,0.9036763130521162,0.23746864579553661,0.7102190814990726,0.22033619350850178,0.23216525926261408,0.23583246300925687,0.5396583932774273,0.462393347801131
SAMPLE_04130,0.8280072396231719,0.3564126600578439,0.44824007661848625,0.3257396493455217,0.5610845269958524,0.46203939902079993,0.5242147732317843,0.5909307190172091
SAMPLE_04131,0.587851951188979,0.4224990529267867,0.4234743333507459,0.18573665174178025,0.4756246416551169,0.26985263534571957,0.4460093185368415,0.9421583442722408
SAMPLE_04132,0.5679963405097802,0.6188742486405653,0.6000898588621963,0.08438673518934918,0.33139158414813613,0.161673505103578,0.30824946751056614,0.9045930859477989
SAMPLE_04133,0.1243753522909326,0.10561417485394162,0.13160855641534708,1.0,0.13712023818918606,0.09744180022113928,0.06387389262891081,0.712368482907263
SAMPLE_04134,0.9436768652167492,0.041120551588104744,0.09286890865774056,0.16033200264762204,0.4204225389334587,0.24411538676326855,0.18032483062860558,0.14873119616263814
SAMPLE_04135,0.8580907276482701,0.2964840790649625,0.48170246214706824,0.19147219975254187,0.22786038339331544,0.20169392520714988,0.497195951746657,0.2209559351314263
SAMPLE_04136,0.2881190918411011,0.5267498227101486,0.6171576092503744,1.0,0.23331169779249306,0.12064215256513743,0.3144494563706038,0.5956380881472264
SAMPLE_04137,0.5867907980575384,0.5920299018580171,0.6609280285887928,0.12792508470814581,0.21713736781215992,0.1396937740595253,0.554150375961503,0.4022573072565654
SAMPLE_04138,1.0,0.603566872717938,0.514966233364373,0.8814153681284363,1.0,1.0,1.0,1.0
SAMPLE_04139,0.8771749573711523,0.05428312731113531,0.02806743801741277,0.24628073474465595,0.3425379874288686,0.2890545793983964,0.09002880399027959,0.25210603998759074
SAMPLE_04140,0.7324724182630848,0.2670758513627426,0.2105757988532727,0.11409723083499008,0.4807000599347889,0.10649353606614652,0.18847916581472457,0.9204863576299332
SAMPLE_04141,0.8391730716833713,0.30286760576315225,0.2663052105888516,0.1760349432629681,0.1379542300536049,0.2665375951615412,0.20233259115295663,0.23207125744814752
SAMPLE_04142,0.8131700440354495,0.06679672502885323,0.2201597064690834,0.32635042854627205,0.5836735178410755,0.1868372279081103,0.26115361394685505,0.8690550699681077
SAMPLE_04143,0.8624250045469155,0.18340243906005263,0.19112386476486118,0.13296698741283836,0.3559570056739665,0.346653873333409,0.24011447844928382,0.359122341121658
SAMPLE_04144,0.8628424110560735,0.026618343580840316,0.055932389526254817,0.0746190164081489,0.09632798366155443,0.268721056898131,0.1373013859542213,0.09423738940960234
SAMPLE_04145,0.9051768131224661,0.53101077238852,0.38786461673204053,0.3420814762777634,0.3459477555085745,0.48453486424849723,0.5738154621050442,0.4099880182332084
SAMPLE_04146,0.8055007262974427,0.34191876963070555,0.4803864517471353,0.30533833960939083,0.8230863311436019,0.23252758508077342,0.3824218009445272,0.7419733956380423
SAMPLE_04147,0.2131959399742174,0.27935867739466214,0.31922245432207286,1.0,0.030222396214399087,0.03144251842019932,0.06931201381684872,0.015261651083479726
SAMPLE_04148,0.8930099454766673,0.14062437383972584,0.1290561495269809,0.32169201652428586,0.1347212687065337,0.23403201251091946,0.27742554268367337,0.24086988843572557
SAMPLE_04149,0.4872746555490939,0.31956931824360346,0.23272341827440451,0.07185793533780006,0.2472219964181034,0.13315708850318705,0.31171269322717315,0.9451518316783216
SAMPLE_04150,0.4163033639086648,0.6279221867789573,0.6056205737672686,1.0,0.13912294398008707,0.033766372374595365,0.10136254128797474,0.09238868402476094
SAMPLE_04151,0.9124268396430952,0.04273146979777041,0.046192952533841744,0.11156718687723705,0.3126876384276012,0.1459671457588855,0.05482247215070208,0.21033167882873843
SAMPLE_04152,0.34984616855016226,0.43705348765216795,0.3036305010432313,1.0,0.10577424330891386,0.10228502654242097,0.20465999889247777,0.5910286421686672
SAMPLE_04153,0.38693536171121035,0.32896122108259396,0.16465263284639042,1.0,0.15862111437754062,0.10664519701806961,0.18227238324040254,0.2161840968283954
SAMPLE_04154,0.8775093450027234,0.1254586787925868,0.146715392158595,0.23866327306447205,0.10526294305620615,0.18986241235889398,0.20288861712601386,0.3100290925673283
SAMPLE_04155,0.46631791469058004,0.3406237455599301,0.4275151517202921,0.15283182551253066,0.696924909321077,0.11805959069078631,0.25318116617855213,0.9399997779663961
SAMPLE_04156,0.8027378021111178,0.11011330507023687,0.10238398365692729,0.2097801242214836,0.22292980861192435,0.2643427642577351,0.4667299953622259,0.5130178884979848
SAMPLE_04157,0.4520714200173721,0.2998823070426555,0.2407093137027504,1.0,0.03013406953283223,0.06960936180086605,0.054341577364428226,0.21255779419132986
SAMPLE_04158,0.7915207134398587,0.6632572473733392,0.7202983826152045,0.07152368665887675,0.7055366159581096,0.0781371721053,0.42851080690202686,0.9563536346619026
SAMPLE_04159,0.48760377702658064,0.9008931416687903,0.8722273648870738,1.0,0.08559023797541655,0.17566233040640744,0.4016670083783107,0.8948552189263009
SAMPLE_04160,0.855674881336303,0.013628779647086586,0.02359176785773264,0.06681367377269508,0.304024444320808,0.16576633238347352,0.028778874511238416,0.15995480495035372
SAMPLE_04161,0.5098794119626743,0.2871273876572721,0.5571342585809751,0.13451183278817838,0.5857986941727713,0.157765351966819,0.43569075254799444,0.8133455465663408
SAMPLE_04162,0.30180201022888675,0.21716488107717194,0.2388898359628394,0.06654997891274286,0.2589387300903594,0.06211639029778691,0.13242677013974938,0.8159924052160734
SAMPLE_04163,0.7381240113060523,0.6002104166534679,0.6739599761253182,0.3497152777428242,0.8431556231190713,0.4902643942362463,0.6888505455931944,0.9034045303500824
SAMPLE_04164,0.2046173964144454,0.22012536267372756,0.21196652711123082,1.0,0.03309759302134156,0.03361167888980975,0.04663415534674289,0.18705972888689476
SAMPLE_04165,0.8065421762442143,0.8266973801151518,0.7744646613922223,0.10597362053152687,0.7497653677713441,0.2871076316077129,0.3484137562899434,0.7865840502910997
SAMPLE_04166,0.34936949405305995,0.5192856221811786,0.47407649189442436,0.17273954266720037,0.2624802629382116,0.18591492502120324,0.4832434601996046,0.5861360683713339
SAMPLE_04167,0.5131824162054636,0.4560216594246918,0.6905978224750178,0.06070583578456086,0.3111460878620357,0.21013912983211017,0.4904781143436702,0.8061988061234091
SAMPLE_04168,0.5856915761061479,0.5797753906266248,0.7487576180929343,0.14483236459849916,0.262866712636529,0.14881759859251475,0.7730772824408608,0.8608033687975922
SAMPLE_04169,0.9161768895149212,0.3786844904325326,0.3232468697925591,0.20521016669853911,0.2602020579252054,0.32963431907307544,0.2369770330115436,0.27764991444954407
SAMPLE_04170,0.43460818737903545,0.7130131365559822,0.7383806899140487,1.0,0.08514349605644242,0.0878029376611115,0.24858631850918733,0.15908018362391388
SAMPLE_04171,0.7626295028337986,0.45255415742836713,0.6601362654081572,0.3701181655353507,0.41702400656548444,0.5055038708150179,0.31794208491489506,0.794897758201768
SAMPLE_04172,0.8896735898358674,0.17090278314834453,0.6226042822379484,0.21876712126306225,0.4070772797005442,0.371913351882304,0.22655238061977204,0.32450903428537387
SAMPLE_04173,0.8523389430141091,0.2794648767544263,0.27244235491249935,0.4039214063653205,0.5580459471723047,0.5483601632988828,0.6213490757060238,0.5739817586389715
SAMPLE_04174,0.36120699046065424,0.5787560373551213,0.3617886055406977,1.0,0.04105122415598482,0.12335111721322768,0.1525612251283775,0.18730498212106694
SAMPLE_04175,0.6163146361750953,0.4241718979827661,0.24322963564847624,0.10549974292377831,0.5530908144231359,0.08715304485261892,0.2222046248677374,0.9021989435364512
SAMPLE_04176,0.840674936501235,0.4909857141976614,0.4247608253222238,0.36835107434155706,0.41716885904100887,0.5305040090591937,0.44187520983552064,0.4989927822608561
SAMPLE_04177,0.28150050556689793,0.31319091535162225,0.16215636304564476,0.03951989056130918,0.2930093246342552,0.12836025300975656,0.31394673640479936,0.9743776742484338
SAMPLE_04178,0.8078284312379371,0.21984760280126187,0.36447823893149933,0.3116817837061624,0.6303067953908792,0.41338883827415307,0.47869430417070635,0.8239191384804252
SAMPLE_04179,0.772486424458261,0.04981097244779175,0.06150749939571219,0.27049166041133094,0.9328235342964956,0.3127815454060014,0.3426386445482774,0.8834069668600407
SAMPLE_04180,1.0,0.7083959641444562,0.39339890871774863,0.8808608286280079,1.0,1.0,1.0,1.0
SAMPLE_04181,0.603348327145207,0.3091414271958448,0.4451112833912368,0.12700481399787208,0.4645714461686075,0.11588445778696292,0.1850869485966054,0.7942274545535335
SAMPLE_04182,0.75980143473026,0.4454401410451265,0.2640118610437556,0.22844557244923633,0.3237028357678714,0.30284035864821307,0.6280809760798425,0.45150628094989054
SAMPLE_04183,0.6503235719335989,0.6079335403017538,0.6017206692076433,1.0,0.31047669034758246,0.07827537132209086,0.034425067174164006,0.09373769032777125
SAMPLE_04184,0.8755095473538763,0.06766654576502801,0.22945033626906314,0.2992423019176413,0.1094121820350246,0.24733496635106172,0.3238714337196494,0.2896479952547869
SAMPLE_04185,0.9348435080068809,0.046451651548830866,0.23385274560474273,0.17592964701257507,0.24506837830244832,0.20804168676876297,0.2625164060248804,0.28193962846262277
SAMPLE_04186,0.18817367804386556,0.5799193588292391,0.5591985254286496,1.0,0.09299793179523407,0.07327447255440014,0.10715962872182257,0.1770373600387627
SAMPLE_04187,0.5816899064630515,0.4424967254617523,0.1636645185633902,0.08995182672808635,0.3921891086609658,0.14566039651897603,0.5042007228646592,0.9081358414131374
SAMPLE_04188,0.6348438248987665,0.6577806545994467,0.549871523078689,0.0776999214381866,0.5443879647931815,0.19396008109576565,0.3639488594788186,0.9755902258822123
SAMPLE_04189,0.5020877473595826,0.4185717723953346,0.2980317147200517,0.0773824773836474,0.5718322279366892,0.15314404361461398,0.34504341301496033,0.9429587352754547
SAMPLE_04190,0.9135098248669908,0.15409371286149015,0.2140372345130779,0.19350719784887602,0.1685760497383843,0.354448059087071,0.24485206376329452,0.09030053676082006
SAMPLE_04191,0.8251707366813159,0.18681844417684557,0.4336571975728194,0.3316247104412124,0.21478269089884097,0.30860059457603983,0.25966856263867505,0.43034333933864777
SAMPLE_04192,0.8051707543218514,0.12426528182989112,0.17170296488635584,0.19069714729128087,0.21881109583795433,0.25556202472220785,0.1323670005984332,0.29640958706627685
SAMPLE_04193,0.6319166362946467,0.6469051897047391,0.6793509872048233,0.19902183642223034,0.5130251331954732,0.2992615372769125,0.45260364487968413,0.5721969178896709
SAMPLE_04194,0.4997417281431763,0.13269473739303544,0.21395196460692223,0.09074677423271071,0.3375373356898302,0.12488971746664908,0.1105663903784212,0.17054734671849386
SAMPLE_04195,0.8718414834567432,0.32071594461119246,0.34639504250964415,0.2863752120161277,0.2016952085603443,0.23538038013131615,0.42826857078213365,0.49957470831659256
SAMPLE_04196,0.6817907572248586,0.14044127344088342,0.2585572053695919,0.3388025850384302,0.5456772928048526,0.42391879276409966,0.4460966443668567,0.8440216229111065
SAMPLE_04197,0.7856651356016995,0.14697393099445596,0.24482926552284717,0.13427654445592546,0.12397441892120362,0.32273378431273536,0.16419421258402372,0.11091361551359191
SAMPLE_04198,0.801999372006344,0.15615247746929956,0.1540160602871084,0.17306276255577127,0.40265699020845647,0.3192243724478704,0.2794445024026642,0.4805749148877565
SAMPLE_04199,0.75234922214561,0.549089337772259,0.4937066517335856,0.25890100041924946,0.5484181659508511,0.38089637347521205,0.4574749897543256,0.2841770158460285
SAMPLE_04200,0.1879349147514364,0.5362027334400092,0.5875042661646628,1.0,0.023936748258166635,0.13897070478190426,0.5172505603798282,0.18627261592068456
SAMPLE_04201,0.829006404936987,0.049158925685321736,0.020947779355805385,0.123985971022701,0.05236137528415964,0.14707385788255012,0.08228419169956001,0.023655567246204844
SAMPLE_04202,0.7796414260687483,0.29770407634199364,0.2971575021139893,0.26221610402172985,0.19954482995226588,0.27563573845464934,0.40232823812025703,0.1695574443430134
SAMPLE_04203,0.891843250896005,0.2721247187812633,0.24314917051233087,0.15748066377826234,0.23587740649708355,0.2049998756256468,0.3073297487814723,0.394904824485935
SAMPLE_04204,0.875509483952874,0.4728193361153185,0.7211423896216198,0.16047762088113085,0.1970814336845381,0.4058646241128255,0.353784282916665,0.18731775082571278
SAMPLE_04205,0.8876767484584958,0.3665574040797502,0.46537365704662936,0.14514891469391264,0.29784019589892824,0.2171854079356058,0.23577852338088726,0.48067181550495075
SAMPLE_04206,0.6916020979339051,0.21687463656029932,0.39654762207633387,0.24590499940251095,0.7132603688370546,0.27457360572140255,0.3159869184379397,0.8456516190303996
SAMPLE_04207,0.49927228397102386,0.6999762794179256,0.6992599895447026,1.0,0.16795814152168573,0.096769733405502,0.4419502696504973,0.19432858260026564
SAMPLE_04208,0.624682064490127,0.21006797433892033,0.24231925001690857,0.08656721076227482,0.2116894690797334,0.16816598451932072,0.19468376866863807,0.18551402325445684
SAMPLE_04209,0.9110934101797253,0.4188141146085071,0.23194707848568907,0.20141164140114956,0.5098825428677173,0.31553720212967346,0.3756944011699752,0.4799939138040523
SAMPLE_04210,0.4271137511944255,0.23115936419770114,0.2714625588948327,0.1690301332248087,0.3385550229456097,0.20163885707017415,0.2172891648082641,0.91183298498202
SAMPLE_04211,0.919676876516798,0.343092812210994,0.4846042959499605,0.10535551490992141,0.1461421953021948,0.17359382793984843,0.1603558079484955,0.046919921064339176
SAMPLE_04212,0.719706612672588,0.15598201885002944,0.17877737203438038,0.3254360315385784,0.8289621225640292,0.38963257566578624,0.29618633215240997,0.8866212949141888
SAMPLE_04213,0.8981767458365977,0.3385021208092678,0.12539167901133547,0.21171235812679262,0.19326045735148842,0.2691540465254053,0.1314259763317542,0.1777493156456546
SAMPLE_04214,0.4584052477374867,0.6614954782813367,0.6145054918203265,1.0,0.11848768980444299,0.22836171893601992,0.3257365351201329,0.3783037757942527
SAMPLE_04215,0.7170270839735963,0.3672001781619097,0.39287138515350645,0.3858474461432085,0.5722956276708469,0.4526333229155326,0.3145720772462398,0.9571569281055659
SAMPLE_04216,0.8578376525809333,0.27407547395841325,0.4861476872799822,0.37748544773920606,0.20168143977559982,0.2851543365817342,0.4904449694727786,0.20140241792523855
SAMPLE_04217,0.32239625630393753,0.49300643786290177,0.620972900575884,1.0,0.0640697268395957,0.10113585686072504,0.5595208511856422,0.319314174554276
SAMPLE_04218,0.746943104537289,0.10587950010632854,0.23302061911317615,0.29999005422898833,0.611316268589948,0.33760889926763654,0.5374403955716647,0.832924306597538
SAMPLE_04219,0.01903013831550677,0.13048360844241103,0.09435032022847058,1.0,0.04289135089698119,0.12844996793099805,0.058959293573578875,0.8369290376572871
SAMPLE_04220,0.8056662849453666,0.7059045850300387,0.7689925801196622,0.18861394388789043,0.40279804452167545,0.31955014453152186,0.4750364768848742,0.5581348737392011
SAMPLE_04221,0.12843666309760235,0.23831989707245266,0.3345138232146965,1.0,0.0785814424036736,0.11344897213297894,0.04037580831538167,0.042299535177921
SAMPLE_04222,0.7177258972036772,0.11193228141945596,0.08665630241033982,0.4251043120219833,0.6581442385256685,0.6446473013804438,0.4486223083178903,0.7443446544102925
SAMPLE_04223,0.18761952899816456,0.1753193462397531,0.20758913822944447,0.20295681625624978,0.20720052435043573,0.2851997577084529,0.12695097880586473,0.8589511444627933
SAMPLE_04224,0.7331896142841897,0.3020091668741164,0.37144848822323795,0.21453224875382088,0.5285812028431798,0.32390063848424466,0.2865265171991666,0.7680043078683224
SAMPLE_04225,0.8208397167603012,0.16202200729109115,0.2510312847950279,0.08701672845492699,0.10715985384826862,0.1348682846776835,0.14741987249579813,0.05628879668807677
SAMPLE_04226,0.7526453679299021,0.23458841952073295,0.19760218831126425,0.25339041067348617,0.13615828021648158,0.2418809268513597,0.2057232855314277,0.15866162063131264
SAMPLE_04227,0.9048434813969409,0.030573078426936566,0.08702209417966619,0.128134043769544,0.09321524613142043,0.13826313835041487,0.07014851402517873,0.05928101720158708
SAMPLE_04228,0.3333196554825611,0.09994468159325001,0.19513746905696538,1.0,0.11353432414658693,0.25110220416627177,0.06243307085082368,0.23153671679210996
SAMPLE_04229,0.7802863749743267,0.24623044438017194,0.3945532065287393,0.35651616469664044,0.34612925498722336,0.36647139281005053,0.19891794649481315,0.46772977217248357
SAMPLE_04230,0.457118400470126,0.6729838161250647,0.47924124021055253,0.12777133951560002,0.6837869635097265,0.17564721340258715,0.42180423575198017,0.7732549435576642
SAMPLE_04231,0.599019303528451,0.2420782256035559,0.4731657387030267,0.11072119568623566,0.11206280865036035,0.1863646786724989,0.2289870170947778,0.08829617629698801
SAMPLE_04232,0.761382278658242,0.4716162359956363,0.6736980309800544,0.1089528612649274,0.3676711015677591,0.18893142980770244,0.22774315606679846,0.9459325918134712
SAMPLE_04233,0.7829967711387031,0.12432156861364453,0.1655360388140883,0.2866637802416046,0.3102345115735634,0.3382787890250301,0.29703236661324695,0.18975848057116035
SAMPLE_04234,0.7678021056261222,0.44805668660478276,0.4198210432100874,0.3430958925189896,0.48210340564714715,0.388095588445432,0.413445880163746,0.6092101504287066
SAMPLE_04235,0.8364996088988513,0.022148687096609776,0.14540270754629459,0.14580810453202625,0.5128414907828711,0.14929835630333596,0.11727852621117428,0.41600672403345573
SAMPLE_04236,0.23344348822794378,0.25681060024562385,0.26871294891106823,1.0,0.059416071438700896,0.11161030650046086,0.021026528957209568,0.05610421774651776
SAMPLE_04237,0.7951690310805797,0.015494170645937382,0.02215981998042422,0.24036946625832445,0.15065910612285516,0.2447333746227206,0.09003627863504965,0.026972317561962958
SAMPLE_04238,0.33991320132156655,0.544213008301232,0.3999340091957003,1.0,0.40827968112917246,0.22880808683567871,0.2712630273023192,0.7711350383405731
SAMPLE_04239,0.9146765819197582,0.919695307197014,0.8131135996916996,0.28466649949109535,0.6104380325623234,0.6343878364447089,0.8542454427232109,0.6985449790677065
SAMPLE_04240,0.09969668361973909,0.7008984378771296,0.7108969914859853,1.0,0.05005207008065809,0.03726699539016705,0.43499459306321386,0.304987531579607
SAMPLE_04241,0.8006667411313336,0.4928815789515247,0.5365408274338959,0.2870419257003206,0.12518956703834214,0.2956016303642623,0.21900539617340314,0.2839570460417269
SAMPLE_04242,0.4506507986911085,0.5494007741058582,0.6946604057771518,0.16838255965141008,0.5802842272974769,0.1291364284140034,0.5059977909521995,0.8643755201967914
SAMPLE_04243,0.7189140840974168,0.2643215380438038,0.3313713739991048,0.35812997395356116,0.41430988861517376,0.4625221252594315,0.5040176909778099,0.7465498407000625
SAMPLE_04244,0.8550090091461477,0.3490040316607288,0.19647441117189712,0.13753579919872602,0.14827100993345263,0.2420153942424034,0.35294279337995,0.0789232112383414
SAMPLE_04245,0.8375047261008177,0.06259219592509752,0.06639288643826542,0.0818532617478606,0.04315889551494153,0.1922555178632987,0.12503340903391433,0.1486803130187666
SAMPLE_04246,0.2557324666643442,0.2890494832617425,0.4252988330309908,1.0,0.20956254570249172,0.18420428526250232,0.004754183609512414,0.03363516623790619
SAMPLE_04247,0.47454340451155835,0.09117389764616077,0.08769212147994318,0.12392472720898119,0.3038548756020336,0.16960984207401777,0.22828813308808607,0.9530428215243154
SAMPLE_04248,0.4334097039827283,0.46172329962027703,0.40429447594486223,0.25474993937979795,0.47543301281143735,0.3464764255893275,0.35926730974176196,0.831907383270817
SAMPLE_04249,0.4694978057416702,0.4016872379554192,0.5477852349649583,0.14428283831453673,0.20703971822145842,0.12729631720933485,0.31794147043408255,0.31079496007007523
SAMPLE_04250,0.1203157133057339,0.326999912412956,0.11685647076919581,1.0,0.02752524962417744,0.06930052766844487,0.006304564527669901,0.0222910982376973
SAMPLE_04251,0.5158137791244447,0.5014607832098115,0.2504013629854468,1.0,0.21593915264817437,0.06327013658400836,0.0982206532293284,0.1823496274914247
SAMPLE_04252,0.7404959768951871,0.06916581690117998,0.04386510356641081,0.15941320430413114,0.2566665260407496,0.291012323946224,0.25037591742051896,0.110591332247531
SAMPLE_04253,0.1604413521601425,0.35322018383502973,0.3188693474969569,1.0,0.02368810744254076,0.09477456788850253,0.03145236776619811,0.1314962147417681
SAMPLE_04254,0.8836765619305098,0.34628202561818017,0.3102409265209509,0.23043288128573822,0.33735573760914545,0.479845465933279,0.6506979269632036,0.3618063570223211
SAMPLE_04255,0.7543409233916454,0.6004574607279648,0.6560171742747165,0.08876328986885079,0.5721304045459419,0.1636979853094604,0.2521992705234945,0.8845790861204004
SAMPLE_04256,0.7956523598432068,0.10134119276326145,0.42987279614728147,0.12247882650568778,0.3577131544265914,0.2792889990470497,0.13453000584049746,0.19283719991511156
SAMPLE_04257,0.7156709283984584,0.584433247423424,0.5603715145137254,0.037882306542446315,0.4475420541339338,0.09180308212074995,0.5398600805501006,0.8642713457335791
SAMPLE_04258,0.7975039427315962,0.11652105341755967,0.15627249605801696,0.2775070959230682,0.8284980388495786,0.3966547632074475,0.23600349742930168,0.7233742385435074
SAMPLE_04259,0.8255032012132046,0.24300023683293975,0.2916783112474179,0.3159513011457232,0.6922665780193682,0.3540329788487727,0.398301363614073,0.9398819540619481
SAMPLE_04260,0.8635097424773099,0.004406954198650143,0.011031281556381778,0.08579308602163564,0.07940535324686392,0.16161152927132422,0.03741694271285739,0.1273033534817058
SAMPLE_04261,0.03207393663488853,0.1820677257206496,0.26129519884778235,1.0,0.09772166399794921,0.05327836938012307,0.017792462466387545,0.11113899598597311
SAMPLE_04262,0.7951645670317113,0.5841631583766048,0.3590398326662431,0.2177380548768768,0.4094644723885377,0.28089950853742107,0.2599147263999556,0.21622830261861273
SAMPLE_04263,0.8693430000907785,0.15822989791037323,0.32187977711839844,0.17608564338910349,0.3188568342963125,0.3829498841666351,0.3768400827775167,0.4031196338110332
SAMPLE_04264,0.2410633445110485,0.5524530673504628,0.517857648632353,0.1212715451055699,0.28473764247334044,0.16356755517112745,0.1034784029446345,0.9666030059088231
SAMPLE_04265,0.8753430706418446,0.8655314911438532,0.8112737483232582,0.3106740629593195,0.6672968248387554,0.42235110243532964,0.8015999891116219,0.7680770151986147
SAMPLE_04266,0.8048385490479014,0.16911381103639778,0.1276380669877404,0.1711595772796956,0.39356076469976203,0.2864974143423182,0.15143655167390954,0.7871310395076363
SAMPLE_04267,0.4090236788959068,0.15229728423415434,0.162966018700129,0.17858065425355663,0.5431555019756142,0.22397670438539502,0.191861234986475,0.9421467804527046
SAMPLE_04268,0.1808017275029931,0.3910366658914489,0.30505174012621405,0.13434351357168534,0.2655517083966344,0.17807358894666384,0.16749303794652978,0.9138556206034854
SAMPLE_04269,0.3593133182535286,0.44996237900268127,0.516950826752741,0.05607186894985209,0.19426421056486867,0.2659869420551331,0.2760243351142058,0.3111286893654384
SAMPLE_04270,0.8265026235353703,0.1776547579605543,0.3611933209821966,0.20016967138213515,0.07192826393168161,0.24814249516461298,0.2685776040726062,0.1345159830238289
SAMPLE_04271,0.7703139207263365,0.6109309614963129,0.6910494635884099,0.1494975901377708,0.3863009444758126,0.36223632698357167,0.5873345767216007,0.896505695023077
SAMPLE_04272,0.8615050664236841,0.04685508047013223,0.14746215612259955,0.13749088990930217,0.43977538104390984,0.2476022265180902,0.2507210450432089,0.20538170748088763
SAMPLE_04273,1.0,0.46230465161302675,0.18708143203884167,0.8848132689798902,1.0,1.0,1.0,1.0
SAMPLE_04274,0.4885202252030446,0.4705850629740512,0.5049336823484601,0.1139364662529397,0.3474406194194237,0.18383155130990206,0.25860019377740545,0.9317305624770613
SAMPLE_04275,0.9031768110391986,0.026751652136411407,0.04612621572583577,0.1862295694175367,0.040318908663887695,0.33536566715578175,0.028247032272449527,0.019991415052968572
SAMPLE_04276,0.8289143003323256,0.09726606626872959,0.23540079538510292,0.09719698239399317,0.11996750587230821,0.2578260717425493,0.1904798495547034,0.19947249042182122
SAMPLE_04277,0.7896674675391524,0.7227344201820758,0.6028635084584215,0.3391980865284911,0.7207672363266797,0.6922940676926808,0.6212911480392199,0.9621643408620953
SAMPLE_04278,0.5246632905510183,0.24608119147094415,0.3469588283455899,0.07986456851928023,0.4691581141717235,0.1092886146450256,0.12588803049341726,0.5941235017235523
SAMPLE_04279,0.1011330442008162,0.32895414147595053,0.32761414253118654,1.0,0.025996700010014237,0.10635889449703,0.1099901425693798,0.21663820287695357
SAMPLE_04280,0.7643063644433965,0.5431740758858847,0.563337542640648,0.34225785911500806,0.4463726553939524,0.5296495289927603,0.44831542342620484,0.5030451947000361
SAMPLE_04281,0.9080101509554344,0.35133027157513563,0.28880355192426355,0.212039857721176,0.35376301151415224,0.2897504045847677,0.3852784946197509,0.5831393808736298
SAMPLE_04282,0.639186262583933,0.8320610464423479,0.8339661524861381,0.09794873499335424,0.4312487884092608,0.15513059704814613,0.4854405656933563,0.7962558951673306
SAMPLE_04283,0.28206825902399074,0.26812019555662187,0.3258025771933113,1.0,0.6105954431708768,0.13663644885444884,0.07285859966669926,0.8775723465164481
SAMPLE_04284,0.020762946381296117,0.22148792126522937,0.21834656023537813,1.0,0.09792289858196285,0.06793664909127697,0.08731330528155136,0.7520380498311021
SAMPLE_04285,0.8524995766324559,0.6536469131674109,0.6546921615850501,0.3889046332299045,0.8530780083533864,0.7256266759105744,0.8973961861911504,0.8369235494257673
SAMPLE_04286,0.417445009455435,0.4379885255286848,0.4355630731242551,1.0,0.04233235734525313,0.03310585331815377,0.08184693686547438,0.3902474664918145
SAMPLE_04287,0.6472787473664064,0.67607358918963,0.612953741669052,0.09410199444869961,0.35409089778651665,0.14505013483643417,0.65848767645042,0.9017862979905047
SAMPLE_04288,0.886842892826256,0.37777707594329946,0.32502766070765937,0.1722296627951415,0.16721079906770142,0.22638459883604464,0.23611304318610035,0.060365744341522885
SAMPLE_04289,0.10771510787668717,0.31007669164925755,0.14523731029239692,1.0,0.08792501960418153,0.07110738075415433,0.04414892505902014,0.7892239148684895
SAMPLE_04290,0.4636427402303376,0.5388154796515092,0.5755066698934159,1.0,0.12415060854159773,0.22641657511453137,0.22906562280832224,0.11683860070540257
SAMPLE_04291,0.6293846607023191,0.8432454385150701,0.696956563426782,0.05604673048341405,0.6160388367275105,0.12265275182812078,0.6085338701591707,0.9459908827408898
SAMPLE_04292,0.5666130404181856,0.22690772703386802,0.3128639765919499,0.18309980512739066,0.5344866837934659,0.21333364703610574,0.24162847681285507,0.8757519334594774
SAMPLE_04293,0.7392614207570749,0.29667239178516536,0.28477478357576413,0.25393198873596573,0.12350610094059106,0.2969914070788523,0.33488434124574307,0.08596877101898126
SAMPLE_04294,0.7627408522038821,0.08393653346238603,0.09292508391780516,0.16215512813757077,0.6006188345638341,0.2697304121877924,0.1298067246249904,0.6360937053583112
SAMPLE_04295,0.857671746075749,0.20441058228639275,0.1039001827563352,0.22040135482544634,0.360961140471862,0.351943030444653,0.2240748954603216,0.30868521762402173
SAMPLE_04296,0.7793103381720377,0.5223192818683627,0.3855796168955964,0.3560268071935499,0.46460717220388176,0.4261874140587225,0.4009313442885722,0.9144811965352808
SAMPLE_04297,0.23988376162927977,0.30756514055023965,0.272832854627292,1.0,0.004551689560023685,0.13930365330112993,0.18566967959382794,0.02864731252175718
SAMPLE_04298,1.0,0.3370584736802201,0.30744480887130166,0.8843507348544976,1.0,1.0,1.0,1.0
SAMPLE_04299,0.8720096701924437,0.5518450543864836,0.4863806921908604,0.29597927064267987,0.40150876516970413,0.36814722362873203,0.4837679668511147,0.20650443136504168
SAMPLE_04300,0.7158507676712028,0.32890344737216515,0.12813057987444315,0.2214416162887507,0.26539103775450507,0.2808022996721099,0.2041063722106607,0.788094564777502
SAMPLE_04301,0.763993107728832,0.17110301644403889,0.35564845074500284,0.33958980970957103,0.6999524150819896,0.42674760460652017,0.4419224384984764,0.9170669563291756
SAMPLE_04302,0.9091767565213122,0.026930153385017926,0.11855542674389388,0.13158903003618677,0.6196548233222308,0.3412596645273851,0.08714120769246611,0.30390812215760044
SAMPLE_04303,0.8735080210781125,0.2022263260869161,0.4448083655346583,0.1230381706292383,0.19697725492499404,0.27024806704842397,0.22502431147099747,0.4049508788979095
SAMPLE_04304,0.3891592269012941,0.44407576180325464,0.34081112443848316,0.09438100073028535,0.4270028480209144,0.15235837877250125,0.30328048993677115,0.9300551569463438
SAMPLE_04305,0.8620048602393326,0.2708197025145682,0.5334257236040685,0.2496154982374008,0.6406695199904175,0.3983688884919813,0.31274829151231,0.3592056397113149
SAMPLE_04306,0.20399010997174857,0.24759564252262256,0.1874894702275364,1.0,0.18169293126603697,0.13095507913009108,0.13354103611398926,0.7516517073964462
SAMPLE_04307,0.9196768780006226,0.3067046390560382,0.20972505803726027,0.32750602618060537,0.17041942089325068,0.3134132034504743,0.3644311442445758,0.11163938572736051
SAMPLE_04308,0.36070934411153116,0.5132577804158026,0.40650082192540965,0.1099099862120218,0.28344070019761974,0.12897101346729506,0.11586160264671529,0.8603648479312884
SAMPLE_04309,0.19339360164008026,0.17709670971584673,0.17112137691476492,1.0,0.042642756024927245,0.03610462864806143,0.04645178536164536,0.040101116051696084
SAMPLE_04310,1.0,0.5131317490743158,0.45095378281160425,0.8841953736668027,1.0,1.0,1.0,1.0
SAMPLE_04311,0.47316285130532987,0.7754975638840578,0.6918438185576394,0.06819912388500966,0.6069308020095597,0.0909555366497836,0.4875966107414892,0.9679229991364873
SAMPLE_04312,0.918843497330591,0.07247829437526046,0.11681781610274514,0.12017899724536592,0.6521999066245578,0.11639585402947902,0.11626950050642533,0.38129603402551904
SAMPLE_04313,0.7864649102835835,0.18271332914253932,0.0836832173495078,0.30079865768751135,0.14789938083117712,0.2653065476472314,0.3861898593202196,0.11872718237534999
SAMPLE_04314,0.8044982979354252,0.7229788393314145,0.7087201696309295,0.3173889526992628,0.4988292437842715,0.3984710867665379,0.7610536930628107,0.7555300884090347
SAMPLE_04315,0.58065478010439,0.8434706877407654,0.9049255212748669,1.0,0.25444414260367876,0.22008710722447114,0.4598275461041246,0.22648378919075232
SAMPLE_04316,0.8535085675613228,0.42508811335878643,0.21073338432429434,0.2601983270348241,0.4149692008940955,0.3563837696670802,0.2930295583715151,0.9578741457186264
SAMPLE_04317,0.6607531940365741,0.2525142249668653,0.5523199176822047,0.15315144199814412,0.44615101128903056,0.2941994088100913,0.47126968495257593,0.8603978746549505
SAMPLE_04318,0.7599882320978986,0.25887956538669676,0.09901732900856872,0.21821204003601904,0.3651697616203018,0.38479129643680055,0.32045723349862953,0.44740228621242306
SAMPLE_04319,0.3206689030120745,0.44549250617083447,0.39092376628397696,0.08959754026731613,0.6551616102469596,0.15549062889775908,0.25309454839475193,0.7470258669996017
SAMPLE_04320,0.8435089209187947,0.387098329723904,0.3548781081724749,0.2542225856422068,0.2526566505809789,0.3195384536978092,0.2797580167850641,0.7828809769456839
SAMPLE_04321,0.25726464537391047,0.6135613948380851,0.586725303065428,1.0,0.08904321277370818,0.22627647812068072,0.4837382438115503,0.09434354409048107
SAMPLE_04322,0.5647498704255591,0.4497721843140634,0.58298101416138,0.14284637122734803,0.35852788763704324,0.18500775629180288,0.5045718375109154,0.8997675080352534
SAMPLE_04323,0.7761967004952486,0.38226674210137757,0.6914416470063742,0.10845564924865073,0.13854835757966552,0.35481625700002195,0.66976115216664,0.36305909853418694
SAMPLE_04324,0.4747677064607566,0.7011354772952365,0.586245892872131,0.12096320044329414,0.6445825537429646,0.2570580404035052,0.33947293362763326,0.8571480370077478
SAMPLE_04325,0.5260471639262125,0.7929814199973088,0.802017311304908,1.0,0.1727298079515981,0.032765863641194486,0.2957259415432909,0.2337717320488332
SAMPLE_04326,0.596932870919784,0.6672659282164896,0.646254591977399,0.10041135401669396,0.3295896393531758,0.11907663863679128,0.6042810991910617,0.35575549717346244
SAMPLE_04327,0.2428004896667544,0.2953655636286825,0.1656949122104471,1.0,0.4914583180095352,0.21815315750359537,0.28673085081067273,0.32054117128465776
SAMPLE_04328,0.4141504398375102,0.5998277075159186,0.6384259222847345,1.0,0.0745411964970593,0.11394414952446158,0.17946766991967128,0.7355675709083391
SAMPLE_04329,0.7220725189142858,0.31219491435183955,0.34855213703484383,0.39812948841456774,0.37483415696028954,0.4087121630805567,0.5281031091755182,0.6930300667150586
SAMPLE_04330,0.7723008482364833,0.23338022916809043,0.14311726004368924,0.23592948822374796,0.41244791465080805,0.3115336526674758,0.1765658345410357,0.4613660911337286
SAMPLE_04331,0.8753402679107565,0.356692463924703,0.12135548976947874,0.3376898585241227,0.3766472035672356,0.450331781102457,0.35395164948826097,0.5193969017173357
SAMPLE_04332,0.8280407156652643,0.20261123577484397,0.7383190855341271,0.09873076376704132,0.8180579210938611,0.11304079937460715,0.5479939503973041,0.9336432558668516
SAMPLE_04333,0.2362336723095741,0.1626967752847403,0.14695074187367288,1.0,0.04537660504565363,0.0882785496093219,0.12452521870472807,0.17124479626780048
SAMPLE_04334,0.6647306433690509,0.6658754640118856,0.6301128575024773,0.16677856353742904,0.4814716123806385,0.13863013143220013,0.20416869054890235,0.9536896723540255
SAMPLE_04335,0.8998433161513764,0.1321531239707135,0.11134368480929183,0.14361987485516386,0.10176194623053561,0.199218145393197,0.0783808042055248,0.07766385231844691
SAMPLE_04336,0.4809391799628938,0.24461651311969448,0.45505894574168787,0.16786952962984047,0.3540997658833894,0.18192917459433966,0.5177018238369061,0.9259397927148416
SAMPLE_04337,1.0,0.6654935699858288,0.5114433106739822,0.8854050110591298,1.0,1.0,1.0,1.0
SAMPLE_04338,0.8161653012922556,0.35159761735582495,0.5032899657795622,0.08989955094144023,0.4854530356662141,0.0963804034300934,0.4301918951169892,0.45758688569439665
SAMPLE_04339,0.8007695912993115,0.6042419137283342,0.8941228705432086,0.1519771507044873,0.6821089332223982,0.2642848679164325,0.4419402067123521,0.877532472328886
SAMPLE_04340,1.0,0.4456658933718694,0.3797137762091979,0.874752430892368,1.0,1.0,1.0,1.0
SAMPLE_04341,0.7481516842424649,0.35010272089653194,0.5837129687781832,0.3191827889568399,0.6373732530486337,0.4573244456955207,0.5743512281160913,0.8377260149194423
SAMPLE_04342,0.7412878911528586,0.08192183427208098,0.03918327555781319,0.1021834211465084,0.49823808678405845,0.1786631257027158,0.05404724714423896,0.3448482498216526
SAMPLE_04343,0.29802854596533274,0.7691668749532321,0.8039726748577258,1.0,0.1657731112358885,0.09794252081676809,0.44349363471995984,0.8066820388393667
SAMPLE_04344,0.7804746127225222,0.695741641769664,0.6527694028411011,0.11523850197306157,0.14526536618940217,0.19705696084145313,0.47910327163828154,0.24458393893277924
SAMPLE_04345,0.22973927462917826,0.325916013123574,0.2403687461866843,1.0,0.10419735146110524,0.0662873248658336,0.012189695807479485,0.006941487080388211
SAMPLE_04346,0.6990366442876639,0.656351742841333,0.5071755419063584,0.6085587579370865,0.23167807276011487,0.383283369916236,0.5220514626571733,0.3365602539865507
SAMPLE_04347,0.795334195145746,0.4693829406869506,0.5197037096326811,0.43773230515167294,0.5657187467492084,0.5426128405800278,0.4452770929401748,0.9422860588522777
SAMPLE_04348,0.48882619927265347,0.5338095659489778,0.6694412002871486,0.20392084384153775,0.43606126074958584,0.2796622858810943,0.6423070152781428,0.8591187218958921
SAMPLE_04349,0.6236752853474808,0.23884182262757556,0.2986198711599052,0.15695686972027995,0.5141674352595029,0.20339401227438078,0.5800210613909943,0.8166874452934374
SAMPLE_04350,0.4673437460308296,0.6114420633915276,0.6005887657529002,1.0,0.14274475615491772,0.06165283299121861,0.3410255591422845,0.07118936878346219
SAMPLE_04351,0.8666756950750285,0.10195202684000684,0.09881756906751282,0.10811695854305871,0.26383483404807817,0.1648467455387176,0.15686270519305695,0.36590944001304404
SAMPLE_04352,0.5149198603678586,0.2674293427764394,0.47392459919866614,0.19261855595646044,0.7263134010470134,0.14375282954222302,0.28776794731596844,0.912571370665626
SAMPLE_04353,0.6147992486183393,0.7001449767702507,0.7853613381686937,0.04453864850636575,0.621740922948723,0.19772957263348157,0.3277210250796227,0.8027747623323449
SAMPLE_04354,0.24950021223542926,0.4661962061710991,0.5441628330557646,0.05270339227554949,0.5937069888186548,0.18019289243128503,0.26069667558551823,0.8990236653279435
SAMPLE_04355,0.11477045536685522,0.4185241197038838,0.29258655377144843,1.0,0.04890765721417638,0.2517403616280414,0.2121996508275779,0.0513691609695963
SAMPLE_04356,0.7128634763587388,0.4517126012636101,0.14549596280753802,0.34627506506219347,0.3708910572571541,0.46733172901275555,0.4637474052680932,0.7766610528770848
SAMPLE_04357,0.3699390953760345,0.3946612692333937,0.2934924626889115,1.0,0.046581477979775604,0.11627907856547987,0.037538521369845666,0.040150619012588845
SAMPLE_04358,0.8378283186014892,0.37429493909652656,0.3424002100309885,0.16356471623899535,0.23919169785309155,0.3392696329670486,0.19002952754910124,0.1789192964390865
SAMPLE_04359,0.19393979430554098,0.24408151156534325,0.24087257771786355,0.0917409346182976,0.478760322457605,0.1670166011158175,0.3121954233572039,0.9745578198808731
