sample_id,Ampicillin,Levofloxacin,Ciprofloxacin,Imipenem,Amoxicillin_Clavulanic_acid,Ertapenem,Cefotaxime,Cefuroxime
SAMPLE_03360,0.9998553991317749,0.0005454699276015162,0.0006862835143692791,0.016641592606902122,0.004314738791435957,0.0014742135535925627,0.011980803683400154,0.004555420018732548
SAMPLE_03361,0.07509985566139221,0.05013199895620346,0.03732511028647423,1.0,0.009480031207203865,0.00019886557129211724,0.0004205986042506993,0.11854250729084015
SAMPLE_03362,0.5026243925094604,0.2919558882713318,0.32281845808029175,0.0003334060893394053,0.14167802035808563,0.00028288873727433383,0.045132897794246674,0.9640766978263855
SAMPLE_03363,0.4264276921749115,0.2557130753993988,0.2969946265220642,1.0,0.047474220395088196,0.000606088840868324,0.013402603566646576,0.012749689631164074
SAMPLE_03364,0.6337996125221252,0.5517398118972778,0.7850529551506042,0.0030459482222795486,0.24805553257465363,0.003694877726957202,0.060421861708164215,0.9525651931762695
SAMPLE_03365,0.8406279683113098,0.17715691030025482,0.14070871472358704,6.761155964341015e-05,0.055065132677555084,0.00041872457950375974,0.24466726183891296,0.7367571592330933
SAMPLE_03366,0.24506644904613495,0.277334988117218,0.20794525742530823,1.0,0.06440000981092453,0.00039912606007419527,0.08293597400188446,0.9901970028877258
SAMPLE_03367,0.745970606803894,0.7490469217300415,0.6460438966751099,0.0038463547825813293,0.41222628951072693,0.002998778596520424,0.04662969708442688,0.9890872240066528
SAMPLE_03368,0.43461471796035767,0.8279698491096497,0.9170012474060059,1.0,0.051489293575286865,0.00011716488370439038,0.3685353696346283,0.9965128898620605
SAMPLE_03369,0.9782766103744507,0.9763100743293762,0.9695417284965515,0.0001322249590884894,0.563139796257019,0.0029334239661693573,0.5533003211021423,0.9984167218208313
SAMPLE_03370,0.9766362309455872,0.02699904702603817,0.5049054622650146,0.13088995218276978,0.062170397490262985,0.010116766206920147,0.01427578367292881,0.9994301795959473
SAMPLE_03371,0.8677066564559937,0.45589619874954224,0.3847830891609192,0.007163800299167633,0.1451646387577057,0.009702232666313648,0.06715814769268036,0.9970660209655762
SAMPLE_03372,0.8286694288253784,0.5328032374382019,0.5289286971092224,0.00998335424810648,0.12761983275413513,0.002737355185672641,0.006641224958002567,0.9988886713981628
SAMPLE_03373,0.5348451733589172,0.003997678402811289,0.0017153853550553322,0.00025795030524022877,0.024501392617821693,3.862679295707494e-05,0.00042988089262507856,0.9967325925827026
SAMPLE_03374,0.24837669730186462,0.06727254390716553,0.13728566467761993,1.0,0.0223679319024086,0.00045807062997482717,0.010931821539998055,0.036670319736003876
SAMPLE_03375,0.8317944407463074,0.3198447823524475,0.3736414313316345,0.0014364467933773994,0.3246992528438568,0.0016844378551468253,0.13879385590553284,0.9412336349487305
SAMPLE_03376,0.7054276466369629,0.6592121720314026,0.7882931232452393,0.002878340194001794,0.3421657681465149,0.004474454093724489,0.34549328684806824,0.9511308670043945
SAMPLE_03377,0.768263578414917,0.41934943199157715,0.46408262848854065,0.0012257990892976522,0.29292401671409607,0.0021847800817340612,0.12957027554512024,0.6503182053565979
SAMPLE_03378,0.9973140954971313,0.030553480610251427,0.03404349833726883,0.008101604878902435,0.1909404695034027,0.017928719520568848,0.03132595866918564,0.10577406734228134
SAMPLE_03379,0.9997204542160034,0.01927550695836544,0.06018296629190445,0.011159439571201801,0.36526480317115784,0.04471084475517273,0.02373960241675377,0.9868812561035156
SAMPLE_03380,0.9130110740661621,0.34818464517593384,0.8436670303344727,0.00020022252283524722,0.2771148979663849,0.00029290313250385225,0.1887037754058838,0.08104865252971649
SAMPLE_03381,0.7794339060783386,0.44052743911743164,0.5803242921829224,0.0005782789667136967,0.44201022386550903,0.001568815321661532,0.5151300430297852,0.9942970275878906
SAMPLE_03382,0.9990967512130737,0.06392236799001694,0.1319970190525055,0.00524189043790102,0.18316952884197235,0.014359434135258198,0.04585642367601395,0.17764820158481598
SAMPLE_03383,0.9992634654045105,0.10917339473962784,0.135068878531456,0.009534263983368874,0.23282566666603088,0.0060652270913124084,0.12710624933242798,0.2559770941734314
SAMPLE_03384,0.9943400621414185,0.11491505056619644,0.2113856077194214,0.031101852655410767,0.12744757533073425,0.038275159895420074,0.15510335564613342,0.21345937252044678
SAMPLE_03385,0.6602068543434143,0.24031579494476318,0.43307241797447205,0.0036298218183219433,0.23496289551258087,0.0032130745239555836,0.029349083080887794,0.9242902994155884
SAMPLE_03386,0.978478729724884,0.9612820744514465,0.9532386064529419,0.0012959882151335478,0.1386183798313141,0.002395463176071644,0.30800166726112366,0.9973034858703613
SAMPLE_03387,0.11651109158992767,0.01269974373281002,0.018953796476125717,1.0,0.03338029235601425,0.000986183062195778,0.0005384504911489785,0.04170607775449753
SAMPLE_03388,0.38060060143470764,0.04500703141093254,0.05127011984586716,1.0,0.021714812144637108,8.262541086878628e-05,0.0008614682592451572,0.9933809041976929
SAMPLE_03389,0.9991965293884277,0.31646591424942017,0.5023629665374756,0.030614763498306274,0.4520466923713684,0.033452004194259644,0.4468993544578552,0.4298235774040222
SAMPLE_03390,0.9997192621231079,0.027134638279676437,0.06723865866661072,0.011852857656776905,0.5191623568534851,0.026172179728746414,0.0567641481757164,0.3453616797924042
SAMPLE_03391,1.0,0.9939624667167664,0.9999595880508423,0.8139311671257019,0.8091920018196106,0.3653365671634674,0.7759662866592407,0.9999984502792358
SAMPLE_03392,0.999036431312561,0.21966440975666046,0.2804701030254364,0.045257359743118286,0.2860158085823059,0.10003050416707993,0.28134971857070923,0.25918036699295044
SAMPLE_03393,0.9985270500183105,0.16521349549293518,0.22232115268707275,0.02566336654126644,0.09315724670886993,0.033489711582660675,0.2521153390407562,0.20465373992919922
SAMPLE_03394,0.9994561076164246,0.15405985713005066,0.3538808822631836,0.007779424544423819,0.20356376469135284,0.02960829995572567,0.1575969010591507,0.40108227729797363
SAMPLE_03395,0.9986122846603394,0.19278761744499207,0.3927761912345886,0.014970451593399048,0.31073543429374695,0.016859237104654312,0.2881643772125244,0.3966243863105774
SAMPLE_03396,0.5562704801559448,0.38154861330986023,0.3145790994167328,1.0,0.032608259469270706,9.386443707626313e-05,0.0035536158829927444,0.012824669480323792
SAMPLE_03397,0.5424381494522095,0.5283141136169434,0.35596585273742676,0.00032160006230697036,0.19188515841960907,0.00047779548913240433,0.04603635519742966,0.9525501132011414
SAMPLE_03398,0.9684298634529114,0.7272072434425354,0.7073496580123901,0.0033329022116959095,0.5440133810043335,0.0057695843279361725,0.4369245171546936,0.9452716708183289
SAMPLE_03399,0.47522681951522827,0.2094970941543579,0.19268354773521423,1.0,0.02673744596540928,0.00010611968900775537,0.0016723204171285033,0.021324511617422104
SAMPLE_03400,0.9991856813430786,0.09001101553440094,0.2630099952220917,0.011016619391739368,0.17168599367141724,0.02013859897851944,0.17787188291549683,0.3817172348499298
SAMPLE_03401,0.9997512698173523,0.004475563298910856,0.019739631563425064,0.014771779999136925,0.35560256242752075,0.035978518426418304,0.024581367149949074,0.12576472759246826
SAMPLE_03402,0.3109786808490753,0.34031763672828674,0.38121333718299866,1.0,0.03898251801729202,0.0002953011426143348,0.09165225923061371,0.035023514181375504
SAMPLE_03403,0.9997977018356323,0.06352940946817398,0.24893192946910858,0.01634335145354271,0.18560190498828888,0.08099429309368134,0.0966559574007988,0.47581052780151367
SAMPLE_03404,1.0,0.8879249691963196,1.0,0.9942574501037598,8.617186963988388e-10,1.0,1.0,1.0
SAMPLE_03405,0.984505295753479,0.011506202630698681,0.015709461644291878,0.0010985098779201508,0.3789905905723572,0.004017438739538193,0.6490201950073242,0.9936970472335815
SAMPLE_03406,0.999472439289093,0.08599840104579926,0.1931445300579071,0.017663398757576942,0.3031752407550812,0.015181978233158588,0.0974266454577446,0.5870236158370972
SAMPLE_03407,1.0,0.3056647479534149,0.13549549877643585,0.9997162818908691,1.0,1.0,1.0,1.0
SAMPLE_03408,0.9984210133552551,0.008189829997718334,0.15941616892814636,0.08236164599657059,0.9446762204170227,0.20477382838726044,0.7109783887863159,0.992173969745636
SAMPLE_03409,0.10245032608509064,0.40566927194595337,0.3330409526824951,1.0,0.03998183459043503,9.97728348011151e-05,0.0025121874641627073,0.8611283302307129
SAMPLE_03410,1.0,0.3891213536262512,0.28037509322166443,0.9999974966049194,1.0,1.0,1.0,1.0
SAMPLE_03411,0.9999822378158569,0.0008693491108715534,0.000572781718801707,0.12991906702518463,0.7919491529464722,0.03792886435985565,0.0006676990306004882,0.9835965037345886
SAMPLE_03412,0.9994798898696899,0.04164521023631096,0.10145719349384308,0.04759728163480759,0.3317966163158417,0.1602020561695099,0.06073673442006111,0.34443140029907227
SAMPLE_03413,0.9998716115951538,0.0839201882481575,0.12320816516876221,0.02783859334886074,0.39513155817985535,0.04925515502691269,0.0848124697804451,0.3400932550430298
SAMPLE_03414,0.40836891531944275,0.39300331473350525,0.4802855849266052,1.0,0.028663527220487595,0.00036023076972924173,0.27035823464393616,0.546424925327301
SAMPLE_03415,0.9985277056694031,0.046341776847839355,0.07254096865653992,0.027180099859833717,0.10181158781051636,0.029729735106229782,0.10018853098154068,0.130652517080307
SAMPLE_03416,0.9998237490653992,0.40249699354171753,0.21881365776062012,0.032855577766895294,0.4212985932826996,0.03970234841108322,0.12528586387634277,0.9055944681167603
SAMPLE_03417,0.49878963828086853,0.056405890733003616,0.0758402943611145,1.0,0.027671802788972855,0.0005705322837457061,0.024121511727571487,0.007581678219139576
SAMPLE_03418,0.9999653697013855,0.39854201674461365,0.27855950593948364,0.15548279881477356,0.5545441508293152,0.42515769600868225,0.577142596244812,0.9255220293998718
SAMPLE_03419,0.9995183944702148,0.4528898596763611,0.45597830414772034,0.03434360772371292,0.220108300447464,0.10232816636562347,0.5237704515457153,0.3175830841064453
SAMPLE_03420,0.9992125630378723,0.6851552128791809,0.6470576524734497,0.07582101970911026,0.37815582752227783,0.04330360144376755,0.6009610891342163,0.9209375381469727
SAMPLE_03421,0.7630964517593384,0.7256810665130615,0.6255345940589905,0.00018063970492221415,0.05611622333526611,0.001184303080663085,0.05795473977923393,0.15345823764801025
SAMPLE_03422,0.9995194673538208,0.5613125562667847,0.5467672944068909,0.02101846970617771,0.4685845375061035,0.06316301971673965,0.5267754793167114,0.5724776983261108
SAMPLE_03423,0.47779202461242676,0.000591958116274327,0.005028051324188709,0.0007175158825702965,0.0008147815242409706,0.0005938640097156167,0.0004222555144224316,0.02964901551604271
SAMPLE_03424,0.387011855840683,0.2240084707736969,0.4261210560798645,0.0004199020622763783,0.10896949470043182,0.0014292254345491529,0.026598293334245682,0.9202502965927124
SAMPLE_03425,0.9999896287918091,0.2986508309841156,0.2257801592350006,0.19358912110328674,0.6281965970993042,0.33924993872642517,0.07551975548267365,0.9759325981140137
SAMPLE_03426,0.9999829530715942,0.30403879284858704,0.5244629979133606,0.0014698061859235168,0.6888530850410461,0.24691076576709747,0.22109515964984894,0.9995377659797668
SAMPLE_03427,0.9989450573921204,0.05512635037302971,0.10567688941955566,0.012329663150012493,0.16546359658241272,0.028823941946029663,0.0408354215323925,0.18980583548545837
SAMPLE_03428,0.8241512179374695,0.13095839321613312,0.10020303726196289,7.193438068497926e-05,0.15359529852867126,0.00042504211887717247,0.019634583964943886,0.995428740978241
SAMPLE_03429,0.32385143637657166,0.2986410856246948,0.27413302659988403,1.0,0.027883240953087807,0.00016265889280475676,0.1051185131072998,0.10363447666168213
SAMPLE_03430,0.9994368553161621,0.4758884310722351,0.5922191739082336,0.021573424339294434,0.5593965649604797,0.0264724250882864,0.17990365624427795,0.8197436332702637
SAMPLE_03431,0.9999758005142212,0.00014192464004736394,0.00023979358957149088,0.0008687844383530319,0.0044337003491818905,0.0003111943951807916,0.019625194370746613,0.005644211545586586
SAMPLE_03432,0.8500396013259888,0.491421639919281,0.7494536638259888,0.0002082858991343528,0.29154378175735474,0.004207478370517492,0.4810524582862854,0.9787577390670776
SAMPLE_03433,0.30521702766418457,0.519558846950531,0.5364586710929871,1.0,0.03544476628303528,0.0077973781153559685,0.008621720597147942,0.13625389337539673
SAMPLE_03434,0.999160647392273,0.18851730227470398,0.362050861120224,0.007841387763619423,0.1342589557170868,0.0526505708694458,0.13418981432914734,0.26718807220458984
SAMPLE_03435,0.9997007250785828,0.020517900586128235,0.03971344232559204,0.0038288761861622334,0.0653972178697586,0.003384040202945471,0.057897455990314484,0.12998327612876892
SAMPLE_03436,0.9996160268783569,0.033980004489421844,0.10476027429103851,0.008016916923224926,0.127925843000412,0.015419947914779186,0.07020343095064163,0.21001024544239044
SAMPLE_03437,0.9995946884155273,0.0344490222632885,0.08642381429672241,0.0037385046016424894,0.06510183960199356,0.0034327686298638582,0.04431060701608658,0.039558593183755875
SAMPLE_03438,0.9990302920341492,0.9993613958358765,0.9998605847358704,0.00997824314981699,0.5375216007232666,0.00028506695525720716,0.5112971663475037,0.9363042116165161
SAMPLE_03439,0.998260498046875,0.14751724898815155,0.12836213409900665,0.016635466367006302,0.07896803319454193,0.03109101951122284,0.11472755670547485,0.0576995424926281
SAMPLE_03440,0.8593263626098633,0.8757452964782715,0.9432498812675476,0.0003187012916896492,0.18818536400794983,0.0011446690186858177,0.30070579051971436,0.9793357849121094
SAMPLE_03441,0.7914888858795166,0.8077083826065063,0.6083471179008484,0.0009714695625007153,0.1286676824092865,0.0016419731546193361,0.08803762495517731,0.9862695932388306
SAMPLE_03442,0.999799370765686,0.002028596354648471,0.0023636319674551487,0.0016767882043495774,0.05225849896669388,0.00322432117536664,0.03604841232299805,0.044809117913246155
SAMPLE_03443,0.9989465475082397,0.31950703263282776,0.46281328797340393,0.027668189257383347,0.2504867911338806,0.05903121829032898,0.33232441544532776,0.38419705629348755
SAMPLE_03444,0.18145599961280823,0.3333519995212555,0.289652943611145,1.0,0.0311692263931036,0.00013348271022550762,0.003799157217144966,0.9001321792602539
SAMPLE_03445,0.9996262788772583,0.012273630127310753,0.003909426275640726,0.033601295202970505,0.10736503452062607,0.012007644400000572,0.0327298678457737,0.9950678944587708
SAMPLE_03446,0.9999738931655884,0.8925841450691223,0.7592238187789917,0.11158411204814911,0.583392322063446,0.029681885614991188,0.2252446711063385,0.8352721929550171
SAMPLE_03447,0.904873251914978,0.36265116930007935,0.8039231300354004,8.624799374956638e-05,0.43555885553359985,0.00022324462770484388,0.1317392736673355,0.673355221748352
SAMPLE_03448,0.9995397329330444,0.0335509367287159,0.024972282350063324,0.1152939572930336,0.6678261160850525,0.1990768015384674,0.1857527196407318,0.9483362436294556
SAMPLE_03449,0.862700343132019,0.011381713673472404,0.004784871824085712,0.00042435876093804836,0.282225638628006,0.0012178572360426188,0.010410580784082413,0.9869213104248047
SAMPLE_03450,0.48356762528419495,5.6433949794154614e-05,5.578262425842695e-05,0.00021169074170757085,0.10738935321569443,0.00016909284749999642,0.00015302750398404896,0.2173168659210205
SAMPLE_03451,0.34880632162094116,0.9660722613334656,0.9866722226142883,1.0,0.058931946754455566,0.0010789226507768035,0.3017743229866028,0.991128146648407
SAMPLE_03452,0.6581541299819946,0.05647309496998787,0.2671622633934021,0.00010166154243052006,0.13726311922073364,0.0006954901618883014,0.024675380438566208,0.9175893664360046
SAMPLE_03453,0.1575997918844223,0.03487864136695862,0.027352740988135338,1.0,0.01375851035118103,3.8633756048511714e-05,0.009209271520376205,0.046754390001297
SAMPLE_03454,0.9991673231124878,0.48239007592201233,0.3307522237300873,0.02221819944679737,0.3228294253349304,0.012626046314835548,0.13450482487678528,0.30382370948791504
SAMPLE_03455,0.9987842440605164,0.048804301768541336,0.1679989993572235,0.01172088086605072,0.09155459702014923,0.03781599923968315,0.08173579722642899,0.06611093878746033
SAMPLE_03456,0.9990614652633667,0.12155646085739136,0.32710331678390503,0.009692206978797913,0.09962521493434906,0.05092388391494751,0.07283731549978256,0.11641714721918106
SAMPLE_03457,0.7390388250350952,0.32978150248527527,0.7331162691116333,0.00011829673167085275,0.3293748199939728,0.004365864675492048,0.0915912315249443,0.9576355218887329
SAMPLE_03458,0.9864518046379089,0.07993117719888687,0.692780613899231,0.000986721832305193,0.540390133857727,0.010059786960482597,0.5012495517730713,0.9764572381973267
SAMPLE_03459,0.9999187588691711,0.9930486679077148,0.9996938705444336,0.40813127160072327,0.7863472700119019,0.8217703104019165,0.9996026158332825,0.9869028329849243
SAMPLE_03460,0.9997598528862,0.021607765927910805,0.0498848482966423,0.0042470907792449,0.19904756546020508,0.010473736561834812,0.032918207347393036,0.30005767941474915
SAMPLE_03461,0.7161105871200562,0.014595940709114075,0.3045855462551117,0.0006261736853048205,0.26796555519104004,0.0028898194432258606,0.03734617680311203,0.9800021052360535
SAMPLE_03462,0.8758420944213867,0.09087537974119186,0.07883970439434052,0.0003604619996622205,0.13420864939689636,0.0019233248895034194,0.05747275799512863,0.9962756037712097
SAMPLE_03463,1.0,0.43141692876815796,0.17228615283966064,0.9997116327285767,1.0,1.0,1.0,1.0
SAMPLE_03464,0.9997256994247437,0.026483038440346718,0.0613178126513958,0.010871641337871552,0.24815818667411804,0.025589410215616226,0.026300277560949326,0.08839328587055206
SAMPLE_03465,0.9998762011528015,0.47289562225341797,0.3009282946586609,0.03573686629533768,0.2134937345981598,0.011355699971318245,0.05531742423772812,0.2695750892162323
SAMPLE_03466,0.44753798842430115,0.6162804961204529,0.5971406102180481,1.0,0.0492510087788105,0.00033177091972902417,0.04533592239022255,0.028316523879766464
SAMPLE_03467,0.9897205233573914,0.5926796197891235,0.6385494470596313,0.0037506178487092257,0.4212428629398346,0.01894078031182289,0.8104141354560852,0.9813112020492554
SAMPLE_03468,0.5415748953819275,0.035132501274347305,0.05749582499265671,0.007571902126073837,0.13150785863399506,0.005292187444865704,0.036599960178136826,0.34708791971206665
SAMPLE_03469,0.9991922378540039,0.22256991267204285,0.4717422127723694,0.01416983176022768,0.13694043457508087,0.022469159215688705,0.3563104271888733,0.3869977593421936
SAMPLE_03470,0.9994827508926392,0.24175181984901428,0.4345301687717438,0.013081115670502186,0.2486262023448944,0.04207596927881241,0.20375747978687286,0.26342013478279114
SAMPLE_03471,0.5513111352920532,0.5362781882286072,0.5588598847389221,1.0,0.07027431577444077,0.00011606600310187787,0.04535156488418579,0.09352613985538483
SAMPLE_03472,0.9991108179092407,0.0235319584608078,0.1612643599510193,0.007932610809803009,0.3962877690792084,0.016228925436735153,0.06862981617450714,0.38905709981918335
SAMPLE_03473,0.4381652772426605,0.9759052395820618,0.9877802729606628,1.0,0.08886799961328506,4.2659041355364025e-05,0.10126670449972153,0.9989910125732422
SAMPLE_03474,0.9997456669807434,0.48237094283103943,0.6454578638076782,0.017166923731565475,0.60136878490448,0.04472639039158821,0.3565630316734314,0.6628780364990234
SAMPLE_03475,0.7542387843132019,0.3558700978755951,0.6341120004653931,0.0001570009917486459,0.3237260580062866,0.000604298897087574,0.270710289478302,0.8576700091362
SAMPLE_03476,0.9998376965522766,0.49376755952835083,0.5423245429992676,0.026855075731873512,0.49729084968566895,0.0775841549038887,0.37377166748046875,0.3252817690372467
SAMPLE_03477,0.9767001271247864,0.7283941507339478,0.5377264022827148,0.0005150324432179332,0.28200215101242065,0.0009298183722421527,0.2364768236875534,0.9910195469856262
SAMPLE_03478,0.9947850108146667,0.25683948397636414,0.32279902696609497,0.017199475318193436,0.11679597944021225,0.03353085368871689,0.22277450561523438,0.1088305339217186
SAMPLE_03479,0.9986473917961121,0.07710704207420349,0.3400317132472992,0.0032261356245726347,0.21374373137950897,0.021587539464235306,0.03856711834669113,0.8334932327270508
SAMPLE_03480,0.9996377825737,0.16666734218597412,0.36544084548950195,0.010761327110230923,0.3311038613319397,0.015253064222633839,0.16292308270931244,0.22140531241893768
SAMPLE_03481,0.9985572695732117,0.06469378620386124,0.1273389756679535,0.028297418728470802,0.1645117700099945,0.042918749153614044,0.08927227556705475,0.19797372817993164
SAMPLE_03482,0.7085577845573425,0.6991466879844666,0.5863678455352783,2.6786481612361968e-05,0.0026440515648573637,0.00018316178466193378,0.08716816455125809,0.14621269702911377
SAMPLE_03483,0.9995487928390503,0.5538859367370605,0.5719026327133179,0.03864581882953644,0.4232596457004547,0.1171969622373581,0.4779883325099945,0.5523899793624878
SAMPLE_03484,0.9996916651725769,0.008969414979219437,0.04106565937399864,0.004847416188567877,0.0994277372956276,0.008004585281014442,0.03221253305673599,0.41320815682411194
SAMPLE_03485,0.8849067687988281,0.7034974098205566,0.8461724519729614,0.0007080266950652003,0.607559323310852,0.0036013599019497633,0.27143895626068115,0.7834789752960205
SAMPLE_03486,0.46272191405296326,0.5634958148002625,0.6595350503921509,1.0,0.06367284059524536,0.00035910820588469505,0.016071269288659096,0.03345223516225815
SAMPLE_03487,1.0,5.306218099576654e-06,4.9668589781504124e-05,0.9997591972351074,2.7367066195438383e-06,0.9999717473983765,0.9903850555419922,1.0
SAMPLE_03488,0.5655392408370972,0.07160405069589615,0.27024486660957336,0.002661564853042364,0.18666677176952362,0.005024647805839777,0.05621183663606644,0.9789568185806274
SAMPLE_03489,0.7688838243484497,0.267980694770813,0.5018323659896851,0.002850111573934555,0.28505396842956543,0.002500152913853526,0.07330762594938278,0.9718185663223267
SAMPLE_03490,0.4730680584907532,0.7259858250617981,0.784197211265564,1.0,0.11664821207523346,0.008780525997281075,0.0667366236448288,0.058200985193252563
SAMPLE_03491,0.9992769360542297,0.06423252820968628,0.26527857780456543,0.007262442260980606,0.20970022678375244,0.029065102338790894,0.16398337483406067,0.7028576135635376
SAMPLE_03492,0.9935623407363892,0.029294461011886597,0.02366834506392479,0.007846353575587273,0.03166749328374863,0.0016016538720577955,0.03230985254049301,0.07583503425121307
SAMPLE_03493,0.9988706707954407,0.28354761004447937,0.2839083969593048,0.018179327249526978,0.07872533053159714,0.0408865325152874,0.32896605134010315,0.15839745104312897
SAMPLE_03494,0.4333336353302002,0.35806286334991455,0.3499336242675781,1.0,0.05962616205215454,0.00012803872232325375,0.0029884560499340296,0.3516775369644165
SAMPLE_03495,0.9994525909423828,0.19666579365730286,0.2519461512565613,0.02499554678797722,0.2646474242210388,0.037372540682554245,0.2569059431552887,0.45731601119041443
SAMPLE_03496,0.994799792766571,0.21125444769859314,0.31856510043144226,0.02160199172794819,0.23731479048728943,0.0721084326505661,0.11070571094751358,0.30105599761009216
SAMPLE_03497,0.9988282322883606,0.061880119144916534,0.0791148990392685,0.0015463352901861072,0.07708071917295456,0.0037392794620245695,0.016405027359724045,0.08956991136074066
SAMPLE_03498,0.43607884645462036,0.3608415424823761,0.36172404885292053,1.0,0.11769149452447891,9.45822466746904e-05,0.03268880024552345,0.6563898921012878
SAMPLE_03499,0.9999850392341614,0.23803886771202087,0.4771495759487152,0.0016601585084572434,0.5003913640975952,0.0991651862859726,0.03764136880636215,0.9981778860092163
SAMPLE_03500,0.999642550945282,0.287179172039032,0.5776655077934265,0.014095122925937176,0.45057886838912964,0.016661139205098152,0.2604355812072754,0.4371925890445709
SAMPLE_03501,0.900002658367157,0.3865147829055786,0.42037373781204224,5.5493008403573185e-05,0.2690261900424957,0.00023939250968396664,0.03894747048616409,0.9948870539665222
SAMPLE_03502,0.9989984631538391,0.9920188784599304,0.9952642321586609,0.22005562484264374,0.5028195381164551,0.6346608996391296,0.9616419672966003,0.8403563499450684
SAMPLE_03503,0.9995439648628235,0.08170364797115326,0.2928479015827179,0.010038433596491814,0.2565510869026184,0.020454976707696915,0.1757163405418396,0.3561607897281647
SAMPLE_03504,0.721897542476654,0.10666559636592865,0.21598318219184875,0.00019043844076804817,0.3583381772041321,0.0010608546435832977,0.03494070842862129,0.9931504130363464
SAMPLE_03505,0.9948793649673462,0.32325127720832825,0.46461400389671326,0.102359339594841,0.3319108784198761,0.05637263134121895,0.4945945739746094,0.7328826189041138
SAMPLE_03506,0.35007336735725403,0.23925717175006866,0.22314640879631042,1.0,0.03875577449798584,0.001311899395659566,0.09949043393135071,0.3862904906272888
SAMPLE_03507,0.5461530685424805,0.2812575101852417,0.3515261113643646,1.0,0.035123780369758606,0.0005112741491757333,0.018474752083420753,0.029612988233566284
SAMPLE_03508,0.9997001886367798,0.1287839114665985,0.28779369592666626,0.010176683776080608,0.29723426699638367,0.02058301866054535,0.0975683331489563,0.4136393666267395
SAMPLE_03509,0.9983290433883667,0.1564885973930359,0.2855488359928131,0.016963668167591095,0.11339344829320908,0.03589731082320213,0.2140488624572754,0.15374575555324554
SAMPLE_03510,0.332902729511261,0.3574959635734558,0.3756241798400879,1.0,0.035364650189876556,0.0001499400968896225,0.035514429211616516,0.3608667552471161
SAMPLE_03511,0.9998510479927063,0.039984457194805145,0.03196405619382858,0.017040202394127846,0.44447335600852966,0.029696082696318626,0.029418909922242165,0.27360281348228455
SAMPLE_03512,0.5443515777587891,0.6173619031906128,0.6824434995651245,0.005399049259722233,0.17674560844898224,0.009655555710196495,0.08357302099466324,0.9957809448242188
SAMPLE_03513,0.7756062150001526,0.01792786456644535,0.07188796997070312,0.0017219098517671227,0.036352869123220444,0.00021232392464298755,0.0016404436901211739,0.9953315854072571
SAMPLE_03514,0.9992939829826355,0.13712184131145477,0.27172133326530457,0.012806552462279797,0.18654116988182068,0.01918722316622734,0.1626545935869217,0.22054466605186462
SAMPLE_03515,0.3161002993583679,0.510400116443634,0.6270339488983154,0.002016860991716385,0.09087927639484406,0.002998834941536188,0.22791559994220734,0.9713800549507141
SAMPLE_03516,0.9981868863105774,0.24042025208473206,0.2998337149620056,0.008293872699141502,0.09134772419929504,0.010868795216083527,0.46258383989334106,0.17563435435295105
SAMPLE_03517,0.27168336510658264,0.19948409497737885,0.21210849285125732,1.0,0.024143602699041367,0.0013010033871978521,0.018030431121587753,0.09118518978357315
SAMPLE_03518,0.0399651937186718,0.005816613789647818,0.007308486849069595,1.0,0.011110227555036545,3.809445843216963e-05,0.0006084961933083832,0.012216338887810707
SAMPLE_03519,0.9998718500137329,0.9437934160232544,0.9957469701766968,0.5503654479980469,0.6362529993057251,0.22958645224571228,0.3339183032512665,0.9992719888687134
SAMPLE_03520,0.8363771438598633,0.838047206401825,0.7025436162948608,0.000989169580861926,0.10412289202213287,0.000608381989877671,0.023680509999394417,0.9959807395935059
SAMPLE_03521,0.9984501600265503,0.09076252579689026,0.21722304821014404,0.00887940265238285,0.1120840534567833,0.013699142262339592,0.14989805221557617,0.18575504422187805
SAMPLE_03522,0.30878669023513794,0.1864696443080902,0.20342883467674255,1.0,0.051248855888843536,0.0025812177918851376,0.0501536950469017,0.08340178430080414
SAMPLE_03523,0.9990886449813843,0.5766886472702026,0.5466591715812683,0.1609385758638382,0.4729033410549164,0.20065326988697052,0.710106611251831,0.9796086549758911
SAMPLE_03524,0.9998321533203125,0.011966267600655556,0.03461799770593643,0.004684431478381157,0.5134962797164917,0.009405775927007198,0.012512755580246449,0.45337924361228943
SAMPLE_03525,0.9995608329772949,0.040540292859077454,0.0184747576713562,0.007808815687894821,0.43458765745162964,0.012391285039484501,0.004405210260301828,0.6632298231124878
SAMPLE_03526,0.5935575366020203,0.3006249666213989,0.13522693514823914,1.0,0.04746697470545769,2.1986672436469235e-05,0.0006825927412137389,0.9881278872489929
SAMPLE_03527,0.999392032623291,0.0648086667060852,0.20223820209503174,0.006423701997846365,0.3811982274055481,0.024760182946920395,0.1216987743973732,0.45177268981933594
SAMPLE_03528,0.9999955892562866,0.01886329986155033,0.0806075781583786,0.0025216802023351192,0.32800617814064026,0.02943364903330803,0.01902764104306698,0.9991785883903503
SAMPLE_03529,0.4779331088066101,0.6545222997665405,0.6955028772354126,1.0,0.057851385325193405,0.043542616069316864,0.2811794877052307,0.9840032458305359
SAMPLE_03530,0.9990583658218384,0.1253015100955963,0.15061147511005402,0.013132460415363312,0.05607372522354126,0.025686245411634445,0.12568412721157074,0.06606819480657578
SAMPLE_03531,0.9994748830795288,0.1949516087770462,0.1861644685268402,0.06926371157169342,0.5046366453170776,0.04542746767401695,0.20463895797729492,0.764083743095398
SAMPLE_03532,0.9999364018440247,0.05577988550066948,0.040861427783966064,0.007524375803768635,0.3487570881843567,0.03701236471533775,0.022562293335795403,0.9899318814277649
SAMPLE_03533,0.9947957992553711,0.5357401967048645,0.7037548422813416,0.045894987881183624,0.2120598554611206,0.11373573541641235,0.3342517018318176,0.7958363890647888
SAMPLE_03534,0.303326278924942,0.31567493081092834,0.29932618141174316,1.0,0.0525105819106102,0.0001803339837351814,0.1625087857246399,0.9857048988342285
SAMPLE_03535,0.34461650252342224,0.09929964691400528,0.12762629985809326,1.0,0.016377482563257217,0.00020941300317645073,0.002641756786033511,0.04788907617330551
SAMPLE_03536,0.7466413974761963,0.3148987293243408,0.3215908110141754,0.017717890441417694,0.048769306391477585,0.0039483183063566685,0.009413043968379498,0.934278666973114
SAMPLE_03537,0.9993997812271118,0.075748011469841,0.3019028306007385,0.016189780086278915,0.8570911288261414,0.0170122142881155,0.025665346533060074,0.9942892789840698
SAMPLE_03538,0.7241438627243042,0.5642545223236084,0.4960935115814209,0.02394856885075569,0.3601723313331604,0.012829149141907692,0.07115214318037033,0.8371443748474121
SAMPLE_03539,0.33050376176834106,0.3197835385799408,0.4342755377292633,0.001310830470174551,0.11390777677297592,0.002072244882583618,0.08517665416002274,0.9936359524726868
SAMPLE_03540,1.0,0.1304333508014679,0.10077469050884247,0.9999282956123352,1.0,1.0,1.0,1.0
SAMPLE_03541,0.9998056292533875,0.8904615640640259,0.8603565096855164,0.08706314861774445,0.44935494661331177,0.378795325756073,0.9271793365478516,0.5756212472915649
SAMPLE_03542,0.9986451864242554,0.8499781489372253,0.8519817590713501,0.021107399836182594,0.4424379765987396,0.0897802785038948,0.5920974016189575,0.8454755544662476
SAMPLE_03543,0.9993687868118286,0.05172538757324219,0.15587028861045837,0.010282272472977638,0.15031757950782776,0.01193895936012268,0.19895336031913757,0.342064768075943
SAMPLE_03544,0.03586454316973686,0.03572773560881615,0.04034366458654404,1.0,0.0071237413212656975,0.00023358917678706348,0.00014932324120309204,0.07179395109415054
SAMPLE_03545,0.9996633529663086,0.02052192948758602,0.09467892348766327,0.0032997909002006054,0.0098239341750741,0.003932301886379719,0.05703599378466606,0.043107133358716965
SAMPLE_03546,0.998577892780304,0.11827371269464493,0.18272757530212402,0.01816265657544136,0.10126323997974396,0.0319056399166584,0.13170725107192993,0.1225157231092453
SAMPLE_03547,0.42906802892684937,0.27842336893081665,0.1214665025472641,1.0,0.2483218014240265,0.012182381935417652,0.006356977857649326,0.9995843768119812
SAMPLE_03548,0.9916769862174988,0.3911152482032776,0.39413967728614807,0.030580634251236916,0.2939634919166565,0.015898501500487328,0.03327434882521629,0.39532583951950073
SAMPLE_03549,0.996263325214386,0.050931744277477264,0.05709394812583923,0.00894122663885355,0.22852599620819092,0.011641763150691986,0.026234159246087074,0.3300707936286926
SAMPLE_03550,0.9998201131820679,0.04257199540734291,0.063413105905056,0.01025056466460228,0.40364885330200195,0.01614600419998169,0.02263795956969261,0.3160204291343689
SAMPLE_03551,0.3106798529624939,0.21933981776237488,0.2085130214691162,1.0,0.03558817505836487,0.0004993416951037943,0.03830156475305557,0.04398123174905777
SAMPLE_03552,0.9992267489433289,0.04710989445447922,0.10317984968423843,0.02124977670609951,0.13213703036308289,0.0985516905784607,0.05340821295976639,0.18624494969844818
SAMPLE_03553,0.9993202090263367,0.21711361408233643,0.3510451316833496,0.01509530283510685,0.32509732246398926,0.03890163451433182,0.1344214379787445,0.253667414188385
SAMPLE_03554,0.999983012676239,0.018951689824461937,0.029583077877759933,0.17954085767269135,0.032559074461460114,0.008606679737567902,0.12326759099960327,0.04433703050017357
SAMPLE_03555,0.9201140403747559,0.011468232609331608,0.01085157785564661,0.012053651735186577,0.5165935158729553,0.0068306089378893375,0.01844334974884987,0.25249606370925903
SAMPLE_03556,0.9975614547729492,0.12294213473796844,0.1592879593372345,0.010180426761507988,0.09241613000631332,0.039268799126148224,0.07599470019340515,0.05461646243929863
SAMPLE_03557,0.9998769760131836,0.041802652180194855,0.4089713990688324,0.008529752492904663,0.2566651701927185,0.04777834191918373,0.05392866209149361,0.9920126795768738
SAMPLE_03558,0.9993424415588379,0.10704527050256729,0.2153225690126419,0.011090866290032864,0.09202881157398224,0.04286690801382065,0.11936314404010773,0.09103872627019882
SAMPLE_03559,0.9999690055847168,3.051581370527856e-05,0.0014572648797184229,0.009120390750467777,0.0008249317179434001,3.4773951483657584e-05,0.00014552168431691825,0.02286076918244362
SAMPLE_03560,0.9423025846481323,0.10941530764102936,0.06960126012563705,0.3118838965892792,0.12040654569864273,0.22516357898712158,0.2216608226299286,0.9982188940048218
SAMPLE_03561,0.08743242919445038,0.01458699069917202,0.016510765999555588,1.0,0.007470266427844763,1.755356788635254e-05,0.0022365148179233074,0.03454816713929176
SAMPLE_03562,0.9996970295906067,0.336090624332428,0.4271678030490875,0.021568000316619873,0.37014567852020264,0.030582919716835022,0.10439281165599823,0.3944632112979889
SAMPLE_03563,0.6102074384689331,0.07889670878648758,0.03248563036322594,0.0002685804502107203,0.016683924943208694,0.0001653779618209228,0.006187775172293186,0.7097975015640259
SAMPLE_03564,0.9221065640449524,0.03262559697031975,0.047864727675914764,1.3550425137509592e-05,0.24307942390441895,0.00016055417654570192,0.016627933830022812,0.9922119379043579
SAMPLE_03565,0.999737560749054,0.006133546121418476,0.00803639180958271,0.005951365921646357,0.052433401346206665,0.0052489591762423515,0.05818899720907211,0.08096598088741302
SAMPLE_03566,0.9997568130493164,0.003614420536905527,0.004177285823971033,0.023180890828371048,0.5332349538803101,0.11839604377746582,0.024030255153775215,0.9479323625564575
SAMPLE_03567,0.8425639867782593,0.5371845960617065,0.699732780456543,0.012978194281458855,0.36662501096725464,0.008096138015389442,0.3022539019584656,0.9203139543533325
SAMPLE_03568,0.052014898508787155,0.0447806790471077,0.0755833238363266,1.0,0.011734560132026672,5.97546822973527e-05,0.005814488977193832,0.7635992169380188
SAMPLE_03569,0.9996360540390015,0.12951995432376862,0.2919074594974518,0.012683277018368244,0.19258718192577362,0.03909478336572647,0.16738803684711456,0.2997981905937195
SAMPLE_03570,0.9986783862113953,0.0981275886297226,0.09450354427099228,0.007963209412992,0.16988761723041534,0.02430771104991436,0.07604101300239563,0.3363262116909027
SAMPLE_03571,0.9996021389961243,0.28498125076293945,0.23977994918823242,0.029548373073339462,0.4203615188598633,0.010196761228144169,0.08405333012342453,0.842657744884491
SAMPLE_03572,0.9999377131462097,0.3306717276573181,0.36494797468185425,0.028343062847852707,0.25487348437309265,0.061357419937849045,0.13461241126060486,0.18651911616325378
SAMPLE_03573,0.9779899716377258,0.006873539183288813,0.008563991636037827,0.32787564396858215,0.01290703285485506,0.18065278232097626,0.0034248519223183393,0.9999448657035828
SAMPLE_03574,0.23102036118507385,0.12400676310062408,0.17118386924266815,1.0,0.03667633980512619,0.0005169109790585935,0.00507631991058588,0.039399974048137665
SAMPLE_03575,0.3977101147174835,0.3198142349720001,0.28783702850341797,1.0,0.027706900611519814,0.00017848990682978183,0.003657820401713252,0.02064042165875435
SAMPLE_03576,1.0,0.9724735021591187,0.7701040506362915,0.9999944567680359,1.0,1.0,1.0,1.0
SAMPLE_03577,0.9996239542961121,0.020596109330654144,0.012781629338860512,0.004885786212980747,0.019486023113131523,0.0022962328512221575,0.00489092105999589,0.033906057476997375
SAMPLE_03578,0.9998510479927063,0.01763429120182991,0.017358992248773575,0.01395193487405777,0.07635275274515152,0.0025547323748469353,0.05107364058494568,0.29328450560569763
SAMPLE_03579,0.9987425804138184,0.3183697462081909,0.22384004294872284,0.013672523200511932,0.10283466428518295,0.035656411200761795,0.20907318592071533,0.08183104544878006
SAMPLE_03580,0.3700393736362457,0.03205960988998413,0.055244751274585724,1.0,0.03731556236743927,8.931567572290078e-05,0.0015078114811331034,0.9972144961357117
SAMPLE_03581,0.12446997314691544,0.0978178158402443,0.0789937973022461,1.0,0.020969100296497345,7.30162428226322e-05,0.002380155259743333,0.9656500816345215
SAMPLE_03582,0.9624041318893433,0.2457239180803299,0.3807181417942047,0.00020953730563633144,0.34341245889663696,0.014418669044971466,0.4860506057739258,0.9915254712104797
SAMPLE_03583,0.9976955652236938,0.23594865202903748,0.3120884299278259,0.015066121704876423,0.10412862151861191,0.034391097724437714,0.1438145488500595,0.10792791843414307
SAMPLE_03584,0.47908368706703186,0.0005548378103412688,0.0020734593272209167,0.0003244031104259193,0.008485191501677036,0.0001023356307996437,3.933051630156115e-05,0.1900280863046646
SAMPLE_03585,0.9998809695243835,0.006822708062827587,0.020643536001443863,0.007861031219363213,0.2227204293012619,0.01693658158183098,0.03043649159371853,0.06966206431388855
SAMPLE_03586,0.9980490803718567,0.08972203731536865,0.172906294465065,0.018012013286352158,0.10540880262851715,0.01562475971877575,0.19190137088298798,0.1518387645483017
SAMPLE_03587,0.7053079605102539,0.8500256538391113,0.875566840171814,1.0,0.006811367813497782,0.0008972088107839227,0.16252301633358002,0.3808656334877014
SAMPLE_03588,0.860374927520752,0.7562995553016663,0.8706739544868469,1.0,0.019919712096452713,3.241042577428743e-05,0.6026670336723328,0.998080849647522
SAMPLE_03589,0.995199978351593,0.20580081641674042,0.5256389379501343,0.0011830434668809175,0.09497971087694168,0.005961346440017223,0.037272848188877106,0.9981829524040222
SAMPLE_03590,0.4005681574344635,0.41712522506713867,0.36889365315437317,1.0,0.06450767815113068,7.270467176567763e-05,0.001603391021490097,0.005979063920676708
SAMPLE_03591,0.8864004015922546,0.34738439321517944,0.6892160177230835,0.001072936924174428,0.2301817387342453,0.0022798520512878895,0.066569022834301,0.9171018600463867
SAMPLE_03592,0.9998284578323364,0.04965636879205704,0.0837571918964386,0.001666861935518682,0.10218558460474014,0.014347468502819538,0.016897525638341904,0.9850481748580933
SAMPLE_03593,0.99656742811203,0.14376209676265717,0.08439316600561142,0.047985874116420746,0.17991986870765686,0.07094527781009674,0.05148041248321533,0.3777768611907959
SAMPLE_03594,1.0,0.3109445571899414,0.23725362122058868,0.9999946355819702,1.0,1.0,1.0,1.0
SAMPLE_03595,0.3033778667449951,0.8298665881156921,0.773996889591217,1.0,0.04808015376329422,4.038280530949123e-05,0.0178237184882164,0.9820156097412109
SAMPLE_03596,0.9995136260986328,0.025105377659201622,0.049797095358371735,0.01975291408598423,0.4077492654323578,0.02346767485141754,0.037248674780130386,0.22563019394874573
SAMPLE_03597,0.5899792909622192,0.049468375742435455,0.08047570288181305,0.004991219379007816,0.32217007875442505,0.008389167487621307,0.09173179417848587,0.987666130065918
SAMPLE_03598,0.9991320371627808,0.020232731476426125,0.018948297947645187,0.013065571896731853,0.15181156992912292,0.006799572147428989,0.06523286551237106,0.06721421331167221
SAMPLE_03599,0.3780697286128998,0.5626918077468872,0.5148706436157227,1.0,0.058237574994564056,0.005346049554646015,0.4015726149082184,0.4703857898712158
SAMPLE_03600,0.9993985295295715,0.37681299448013306,0.4298727512359619,0.03660358861088753,0.08708737045526505,0.06265002489089966,0.01587001048028469,0.46875816583633423
SAMPLE_03601,0.821358859539032,0.015678996220231056,0.3105281591415405,8.294508734252304e-05,0.11127916723489761,0.0008505370351485908,0.012510853819549084,0.9589741826057434
SAMPLE_03602,0.9787876009941101,0.9672104120254517,0.9712157249450684,0.0015017548575997353,0.15237858891487122,0.0021361566614359617,0.3036254048347473,0.9972596168518066
SAMPLE_03603,0.9994089007377625,0.05172784999012947,0.2604304850101471,0.014321905560791492,0.07390173524618149,0.0364617183804512,0.2058333456516266,0.3666554093360901
SAMPLE_03604,1.0,0.4483727514743805,0.5335301160812378,0.9999278783798218,1.0,1.0,1.0,1.0
SAMPLE_03605,0.7129649519920349,0.19849629700183868,0.2477465122938156,0.0001138264560722746,0.13360461592674255,0.0005552469519898295,0.11858592182397842,0.9957467317581177
SAMPLE_03606,0.5790001749992371,0.34305888414382935,0.5390521287918091,1.0,0.11237940937280655,0.0007461803033947945,0.013619035482406616,0.9408769607543945
SAMPLE_03607,0.9992252588272095,0.012806248851120472,0.09087979793548584,0.009571929462254047,0.17546607553958893,0.016523081809282303,0.04829951748251915,0.1139477863907814
SAMPLE_03608,0.9995535612106323,0.00029650237411260605,0.19090530276298523,0.0015163846546784043,0.022132374346256256,7.949606697366107e-07,1.4425441285936813e-08,0.9971736669540405
SAMPLE_03609,0.9998918771743774,0.19805707037448883,0.24625186622142792,0.01462565641850233,0.39692166447639465,0.042211271822452545,0.06872954219579697,0.40782928466796875
SAMPLE_03610,1.0,0.9999998211860657,1.0,0.9999892115592957,0.9588295817375183,0.8030861020088196,0.9999960064888,1.0
SAMPLE_03611,0.999213695526123,0.16653230786323547,0.333052396774292,0.03150106593966484,0.3660309612751007,0.0454975888133049,0.1761968582868576,0.2978716194629669
SAMPLE_03612,0.9997749328613281,0.02429690584540367,0.05526518076658249,0.005357636604458094,0.17385829985141754,0.006548866629600525,0.025912214070558548,0.07484108209609985
SAMPLE_03613,1.0,0.5178819894790649,0.40085846185684204,0.9131225347518921,0.00806889496743679,0.9906622171401978,0.9999009966850281,0.9962041974067688
SAMPLE_03614,0.9816349148750305,0.20743274688720703,0.29282617568969727,0.039410945028066635,0.1796291470527649,0.047372352331876755,0.14262478053569794,0.28548669815063477
SAMPLE_03615,0.9997849464416504,0.04074765741825104,0.047859590500593185,0.08620594441890717,0.3010907471179962,0.018340658396482468,0.40439820289611816,0.45919013023376465
SAMPLE_03616,0.9970992207527161,0.0776212066411972,0.08480983227491379,0.01546391099691391,0.08853121101856232,0.03281091898679733,0.054445765912532806,0.15519174933433533
SAMPLE_03617,0.2734682261943817,0.010262479074299335,0.007281182799488306,0.000658879813272506,0.0079693254083395,0.0006541764596477151,0.03583421930670738,0.769926905632019
SAMPLE_03618,0.6659702062606812,0.6219003796577454,0.6527985334396362,0.0010423818603157997,0.37164491415023804,0.0021585547365248203,0.13243967294692993,0.8719361424446106
SAMPLE_03619,0.9981757998466492,0.29267796874046326,0.43789416551589966,0.016776518896222115,0.08610418438911438,0.03247538581490517,0.46887391805648804,0.31842008233070374
SAMPLE_03620,0.9992009997367859,0.059434372931718826,0.11129266023635864,0.00897967629134655,0.06228424981236458,0.029543891549110413,0.06423468887805939,0.040198151022195816
SAMPLE_03621,0.9945279955863953,0.2968146502971649,0.5054957270622253,0.019548052921891212,0.28665995597839355,0.048892341554164886,0.19707950949668884,0.3358181118965149
SAMPLE_03622,0.34840989112854004,0.1638919711112976,0.19476455450057983,1.0,0.029148241505026817,0.0013514332240447402,0.0674118846654892,0.10111260414123535
SAMPLE_03623,0.9990065693855286,0.08111248910427094,0.05547962710261345,0.041045479476451874,0.28766798973083496,0.02155686728656292,0.0312730111181736,0.9943907856941223
SAMPLE_03624,0.6766613721847534,0.5692921876907349,0.7104840874671936,0.0038364778738468885,0.25428467988967896,0.003171886084601283,0.26778873801231384,0.9066404104232788
SAMPLE_03625,0.972468376159668,0.9669198989868164,0.9752925038337708,1.0,0.06508586555719376,0.06990289688110352,0.7494880557060242,0.9993932843208313
SAMPLE_03626,0.9995132684707642,0.23879222571849823,0.30286240577697754,0.027164358645677567,0.24918639659881592,0.08832317590713501,0.14263567328453064,0.6181915998458862
SAMPLE_03627,0.999855637550354,0.271879106760025,0.35459330677986145,0.02876732312142849,0.5030556917190552,0.055872075259685516,0.3622399568557739,0.9431220889091492
SAMPLE_03628,1.0,0.9595116376876831,0.9998090863227844,0.9986696243286133,0.3657051622867584,0.5162751078605652,0.9997546076774597,1.0
SAMPLE_03629,0.8352777361869812,0.5820539593696594,0.732710063457489,0.0018633768195286393,0.31176233291625977,0.001721231616102159,0.24768474698066711,0.8235098719596863
SAMPLE_03630,0.24374499917030334,0.002084309235215187,0.0004263794398866594,0.021106932312250137,0.0007429076358675957,0.00031921849586069584,0.007053742650896311,0.9998331069946289
SAMPLE_03631,0.7512785196304321,0.06941617280244827,0.07286716997623444,0.0002646170905791223,0.32882100343704224,0.0008921042899601161,0.05299746245145798,0.9959880113601685
SAMPLE_03632,0.3224791884422302,0.09548027813434601,0.04210953786969185,0.0004174643545411527,0.060087770223617554,0.001010252977721393,0.022996412590146065,0.9960017204284668
SAMPLE_03633,0.13482430577278137,0.38079315423965454,0.32319191098213196,1.0,0.015597492456436157,0.00027813127962872386,0.015966318547725677,0.8172668218612671
SAMPLE_03634,0.9984400868415833,0.14845797419548035,0.2545992434024811,0.01650461181998253,0.16391083598136902,0.04623251408338547,0.07475818693637848,0.11573431640863419
SAMPLE_03635,0.9993690252304077,0.20898756384849548,0.1861676573753357,0.05880134552717209,0.08006585389375687,0.09355419129133224,0.17890211939811707,0.3674337863922119
SAMPLE_03636,0.9998957514762878,0.058713220059871674,0.100424624979496,0.0124568622559309,0.5107327103614807,0.060506682842969894,0.05086493492126465,0.38041257858276367
SAMPLE_03637,0.9999745488166809,0.11837883293628693,0.3945778012275696,0.0019514061277732253,0.4874477982521057,0.0177764855325222,0.034956060349941254,0.9949976801872253
SAMPLE_03638,0.9996964335441589,0.0147321168333292,0.06247548386454582,0.010148830711841583,0.18505436182022095,0.024501198902726173,0.058959752321243286,0.33017364144325256
SAMPLE_03639,0.9995034337043762,0.05239073559641838,0.08282649517059326,0.009593477472662926,0.2577485740184784,0.029599154368042946,0.07006014138460159,0.13659392297267914
SAMPLE_03640,0.9985511898994446,0.05881599336862564,0.11699048429727554,0.0011903517879545689,0.15149037539958954,0.010334552265703678,0.04118198901414871,0.9620614051818848
SAMPLE_03641,0.9643265604972839,0.7971553802490234,0.9084367752075195,0.0006952043040655553,0.39951038360595703,0.016567502170801163,0.5804849863052368,0.9982991218566895
SAMPLE_03642,0.2691168189048767,0.10870087146759033,0.10201787948608398,1.0,0.09736189991235733,6.386430322891101e-05,0.0004229983314871788,0.016983818262815475
SAMPLE_03643,0.9992116093635559,0.23095929622650146,0.39169207215309143,0.021371660754084587,0.09752105176448822,0.05789029598236084,0.30152472853660583,0.1752873659133911
SAMPLE_03644,0.9999178051948547,1.053391861205455e-05,0.001070093596354127,1.0,1.5963163605192676e-05,0.0002301444037584588,0.2770082950592041,0.46581754088401794
SAMPLE_03645,0.9996557235717773,0.08993041515350342,0.18235501646995544,0.009855961427092552,0.35945212841033936,0.02238529734313488,0.06492435187101364,0.9668408632278442
SAMPLE_03646,0.9961806535720825,0.013393325731158257,0.023522134870290756,0.09032756835222244,0.23674650490283966,0.04905052110552788,0.026171166449785233,0.9729336500167847
SAMPLE_03647,0.997778594493866,0.07583508640527725,0.2202032059431076,0.015154898166656494,0.1057901382446289,0.027190953493118286,0.10828226804733276,0.13933300971984863
SAMPLE_03648,0.9994418025016785,0.18339572846889496,0.40166935324668884,0.007181202061474323,0.10777068138122559,0.05117710679769516,0.12643632292747498,0.15677779912948608
SAMPLE_03649,0.4857202172279358,0.2661968171596527,0.4976108968257904,0.00042025657603517175,0.3553374409675598,0.00077577936463058,0.04191094636917114,0.8510247468948364
SAMPLE_03650,1.0,0.7324312329292297,0.7937725186347961,0.9999687075614929,1.0,1.0,1.0,1.0
SAMPLE_03651,0.9980522990226746,0.12751159071922302,0.17937327921390533,0.021999679505825043,0.11100627481937408,0.027380485087633133,0.20445485413074493,0.16537295281887054
SAMPLE_03652,0.9886686205863953,0.009608482010662556,0.005995720159262419,0.0004415703588165343,0.6562103033065796,0.0021082921884953976,0.0677422434091568,0.9975663423538208
SAMPLE_03653,0.9997417330741882,0.15633146464824677,0.35895949602127075,0.010995959863066673,0.3956959843635559,0.01188225019723177,0.12116682529449463,0.2837151885032654
SAMPLE_03654,0.26574844121932983,0.07470129430294037,0.038818638771772385,0.0002975983079522848,0.06576491892337799,0.0007144864066503942,0.018742531538009644,0.9945217370986938
SAMPLE_03655,0.9988414645195007,0.11367230117321014,0.2293962985277176,0.029155034571886063,0.10848573595285416,0.02693709172308445,0.2185790240764618,0.16112032532691956
SAMPLE_03656,0.8644987940788269,0.5748977065086365,0.5632766485214233,2.8109676350140944e-05,0.12688808143138885,6.804597796872258e-05,0.007467391435056925,0.968479335308075
SAMPLE_03657,0.9988462328910828,0.2722909450531006,0.47609591484069824,0.02025531977415085,0.10396288335323334,0.046038754284381866,0.1459025889635086,0.1014382615685463
SAMPLE_03658,0.9991422891616821,0.11346752941608429,0.24651579558849335,0.010467840358614922,0.18797284364700317,0.01117425411939621,0.08382963389158249,0.2290893793106079
SAMPLE_03659,0.9993419647216797,0.23923078179359436,0.35480445623397827,0.03027309477329254,0.24530649185180664,0.11891667544841766,0.2670143246650696,0.2778889536857605
SAMPLE_03660,0.9991661310195923,0.32265737652778625,0.3299272060394287,0.025055721402168274,0.08553101122379303,0.048348985612392426,0.34415966272354126,0.22510702908039093
SAMPLE_03661,0.9992601275444031,0.10878908634185791,0.15026454627513885,0.00879930704832077,0.10915078967809677,0.017304453998804092,0.2360171377658844,0.08302897214889526
SAMPLE_03662,0.15058347582817078,0.4795312285423279,0.37061554193496704,1.0,0.060612183064222336,0.005891426000744104,0.01826384849846363,0.04908666014671326
SAMPLE_03663,0.7629151344299316,0.027812421321868896,0.0005567208863794804,0.07605735212564468,0.0018229810521006584,0.0012769046006724238,0.3312600255012512,0.9977688789367676
SAMPLE_03664,0.9990869760513306,0.27266725897789,0.2552991807460785,0.017508666962385178,0.19901630282402039,0.023783892393112183,0.34014272689819336,0.2530503273010254
SAMPLE_03665,0.9990102648735046,0.5684691667556763,0.6111589670181274,0.025505300611257553,0.11049027740955353,0.05518488213419914,0.5479004979133606,0.4902280867099762
SAMPLE_03666,0.8149009943008423,0.26185306906700134,0.3824113607406616,0.0015816340455785394,0.2957621216773987,0.006827318575233221,0.17298659682273865,0.9988864660263062
SAMPLE_03667,0.9276093244552612,0.19498972594738007,0.26408979296684265,0.0019558118656277657,0.39241474866867065,0.0027248982805758715,0.08138138800859451,0.9255321621894836
SAMPLE_03668,0.9999874234199524,0.9957820177078247,0.9977761507034302,1.0,0.9872227907180786,0.9933290481567383,0.9985982179641724,0.9999985694885254
SAMPLE_03669,0.9983693957328796,0.19483569264411926,0.2387995719909668,0.016674891114234924,0.07191038131713867,0.029519155621528625,0.16924722492694855,0.12014968693256378
SAMPLE_03670,0.999688982963562,0.005015167873352766,0.0013580675004050136,0.0006116685690358281,0.0066806660033762455,0.00012387882452458143,0.0023506295401602983,0.02025510184466839
SAMPLE_03671,0.2868698835372925,0.23020358383655548,0.47477126121520996,0.0013511443976312876,0.14766985177993774,0.002793391002342105,0.13597701489925385,0.9874785542488098
SAMPLE_03672,0.6887035965919495,0.31933823227882385,0.28702762722969055,0.0010802162578329444,0.2626354992389679,0.0019144803518429399,0.04130827635526657,0.2779211401939392
SAMPLE_03673,0.5504137277603149,0.06680680811405182,0.06717826426029205,0.007106618024408817,0.0689062550663948,0.004010878503322601,0.019227052107453346,0.9773165583610535
SAMPLE_03674,0.9995914697647095,0.2294524610042572,0.31514492630958557,0.011376654729247093,0.36225026845932007,0.033365797251462936,0.12663915753364563,0.25163593888282776
SAMPLE_03675,0.9996759295463562,0.18065647780895233,0.28548845648765564,0.01235228218138218,0.11166205257177353,0.12973611056804657,0.15110181272029877,0.22914659976959229
SAMPLE_03676,0.9998172521591187,0.16385743021965027,0.31293660402297974,0.018965590745210648,0.2146787941455841,0.09264805167913437,0.126816987991333,0.24441616237163544
SAMPLE_03677,0.9980436563491821,0.20721881091594696,0.2553248405456543,0.010661644861102104,0.0736771821975708,0.02798241749405861,0.15209557116031647,0.0698557123541832
SAMPLE_03678,0.9996213912963867,0.23003025352954865,0.34587469696998596,0.01232059020549059,0.371818482875824,0.047588542103767395,0.06217915564775467,0.9088219404220581
SAMPLE_03679,0.581609845161438,0.9409686326980591,0.9572442770004272,1.0,0.08046479523181915,4.7736259148223326e-05,0.49685773253440857,0.9721077084541321
SAMPLE_03680,0.9992381930351257,0.15021908283233643,0.24841269850730896,0.016862647607922554,0.12023384869098663,0.06877484917640686,0.12614598870277405,0.12302067130804062
SAMPLE_03681,0.9998306035995483,0.046904731541872025,0.07784091681241989,0.0010332779493182898,0.20526130497455597,0.055173080414533615,0.026131991297006607,0.9989079236984253
SAMPLE_03682,0.9332507848739624,0.2735910415649414,0.17616422474384308,0.0006335515063256025,0.2666870951652527,0.0007012159912846982,0.0045385947450995445,0.45976319909095764
SAMPLE_03683,0.9991296529769897,0.13326913118362427,0.2315312623977661,0.025618430227041245,0.2028001844882965,0.05726493522524834,0.10412020981311798,0.2309078723192215
SAMPLE_03684,0.9998682737350464,0.36433202028274536,0.45668110251426697,0.014964100904762745,0.4309479296207428,0.03461284935474396,0.1848970502614975,0.18245616555213928
SAMPLE_03685,0.9998875856399536,0.27149397134780884,0.1777246743440628,0.10556018352508545,0.3546060621738434,0.07477039098739624,0.21685275435447693,0.9720584154129028
SAMPLE_03686,0.9870160222053528,0.0571710579097271,0.7690790891647339,0.0008590783691033721,0.3450886309146881,0.009065620601177216,0.3375268876552582,0.9918060302734375
SAMPLE_03687,0.9997695088386536,0.20544414222240448,0.5359423756599426,0.015728121623396873,0.3013494610786438,0.03895308077335358,0.2603790760040283,0.3010168969631195
SAMPLE_03688,0.998651385307312,0.11262421309947968,0.1561306267976761,0.02056407555937767,0.0805276483297348,0.05907059460878372,0.06499597430229187,0.04960508644580841
SAMPLE_03689,0.999810516834259,0.031636595726013184,0.04181649535894394,0.016637152060866356,0.3065718114376068,0.10592939704656601,0.0391714945435524,0.446092426776886
SAMPLE_03690,0.9998930096626282,5.980168680252973e-06,0.0007421877817250788,0.004634389653801918,0.0004620154795702547,0.00010399054735898972,5.340780990081839e-05,0.03796632960438728
SAMPLE_03691,0.3292359411716461,0.9681075811386108,0.9680531620979309,1.0,0.061141908168792725,0.0001942778762895614,0.4221416115760803,0.9989930987358093
SAMPLE_03692,0.9998833537101746,0.030774671584367752,0.15466883778572083,0.01989513263106346,0.5305172204971313,0.1253538578748703,0.0570928156375885,0.459217369556427
SAMPLE_03693,1.0,1.0,1.0,0.9999955892562866,0.9999372363090515,0.9999998807907104,1.0,1.0
SAMPLE_03694,0.997510552406311,0.20896558463573456,0.1702558547258377,0.015402412042021751,0.12595853209495544,0.02463870868086815,0.272444486618042,0.12480086088180542
SAMPLE_03695,0.9992257356643677,0.09367261081933975,0.31216561794281006,0.015405790880322456,0.206416055560112,0.01765422523021698,0.22322353720664978,0.20041008293628693
SAMPLE_03696,0.6412593722343445,0.6091271638870239,0.6750066876411438,0.0035839073825627565,0.3041323721408844,0.007776258047670126,0.16323286294937134,0.9857163429260254
SAMPLE_03697,0.7973260283470154,0.009514756500720978,0.01984008587896824,0.0005889454623684287,0.5026109218597412,0.0012085858033969998,0.08737234771251678,0.5871127843856812
SAMPLE_03698,0.562667727470398,0.5354427099227905,0.550752580165863,0.004393675830215216,0.25095266103744507,0.004310821183025837,0.03971651941537857,0.10617665201425552
SAMPLE_03699,0.5222458243370056,0.12178485095500946,0.06327150762081146,5.4051681217970327e-05,0.1165626049041748,0.00016133271856233478,0.011974921450018883,0.9740191698074341
SAMPLE_03700,0.9997925758361816,0.03268460929393768,0.056369759142398834,0.008545530028641224,0.17008019983768463,0.03714054450392723,0.04780217632651329,0.3446430563926697
SAMPLE_03701,0.9527538418769836,0.5515066385269165,0.5108164548873901,0.01370088942348957,0.3796258568763733,0.03382150083780289,0.6014577746391296,0.9897030591964722
SAMPLE_03702,0.9969617128372192,0.23211541771888733,0.31337475776672363,0.01972944661974907,0.09811221063137054,0.028657566756010056,0.45337122678756714,0.29195064306259155
SAMPLE_03703,1.0,0.9959709048271179,0.9927151799201965,0.9999081492424011,1.0,1.0,1.0,1.0
SAMPLE_03704,0.9998425245285034,0.5515374541282654,0.48376256227493286,0.057891540229320526,0.4542487561702728,0.14267536997795105,0.22338362038135529,0.5082140564918518
SAMPLE_03705,0.9398099780082703,0.5874639749526978,0.6434752941131592,0.029128050431609154,0.24143186211585999,0.016112718731164932,0.522936999797821,0.9938990473747253
SAMPLE_03706,0.6703967452049255,0.21925000846385956,0.29658347368240356,0.0007805024506524205,0.21163737773895264,0.0020430954173207283,0.1853182315826416,0.99785315990448
SAMPLE_03707,0.9992071390151978,0.026743421331048012,0.08670518547296524,0.01373068057000637,0.1454278528690338,0.020086240023374557,0.11347451061010361,0.0801791399717331
SAMPLE_03708,0.4971134066581726,0.35261327028274536,0.38680553436279297,1.0,0.17705300450325012,0.0010405729990452528,0.016016867011785507,0.022923050448298454
SAMPLE_03709,0.999884307384491,0.06224602460861206,0.10373954474925995,0.006012427620589733,0.5602547526359558,0.02937762439250946,0.06416891515254974,0.5181218981742859
SAMPLE_03710,0.998797595500946,0.12425969541072845,0.23409685492515564,0.009412771090865135,0.13194356858730316,0.021066073328256607,0.19547809660434723,0.2730620801448822
SAMPLE_03711,0.9859479069709778,0.3582858741283417,0.7315285801887512,0.0005585068138316274,0.5790392160415649,0.0013854712015017867,0.22197742760181427,0.9725400805473328
SAMPLE_03712,0.9999094009399414,0.04668368026614189,0.25412851572036743,0.0016083127120509744,0.4408978521823883,0.034940388053655624,0.0638529434800148,0.9949819445610046
SAMPLE_03713,0.9995237588882446,0.14950308203697205,0.2681642174720764,0.016142917796969414,0.09171362221240997,0.03627295792102814,0.5046612024307251,0.19468283653259277
SAMPLE_03714,0.99993896484375,0.02199154905974865,0.03413517028093338,0.004644003231078386,0.02934957481920719,0.003121346700936556,0.09009555727243423,0.12534384429454803
SAMPLE_03715,0.9997397661209106,0.03496967628598213,0.06137736886739731,0.009914870373904705,0.3202142119407654,0.01818503811955452,0.029617512598633766,0.2799960970878601
SAMPLE_03716,0.7452813386917114,0.3504043221473694,0.35992127656936646,0.0004712977970484644,0.10788016021251678,0.0015906147891655564,0.08825453370809555,0.9974333047866821
SAMPLE_03717,0.9995635747909546,0.0007449394906871021,0.00042056190432049334,0.0011166667100042105,0.01353842206299305,0.0001681621215539053,0.004330827388912439,0.011734439060091972
SAMPLE_03718,0.999106764793396,0.10874583572149277,0.22152623534202576,0.024155382066965103,0.13601283729076385,0.026642879471182823,0.19385875761508942,0.18361106514930725
SAMPLE_03719,0.9999969601631165,0.0015741862589493394,0.0001133872865466401,0.05504825711250305,0.002288057003170252,0.0001475778262829408,0.010275652632117271,0.009473013691604137
SAMPLE_03720,0.9998564720153809,0.39440393447875977,0.34968966245651245,0.05523012951016426,0.4285193979740143,0.07052658498287201,0.3337896764278412,0.8195082545280457
SAMPLE_03721,0.33252352476119995,0.0726788341999054,0.05039571598172188,1.0,0.01800554431974888,0.0001133831829065457,0.007574992720037699,0.006659652106463909
SAMPLE_03722,1.0,0.589285671710968,0.3628939092159271,0.9997909665107727,1.0,1.0,1.0,1.0
SAMPLE_03723,0.19623789191246033,0.3408249020576477,0.42262887954711914,1.0,0.041493892669677734,0.00046930654207244515,0.0008039142121560872,0.013284020125865936
SAMPLE_03724,0.13574548065662384,0.3053883910179138,0.32009491324424744,1.0,0.004295454826205969,1.8749047740129754e-05,0.000366415100870654,0.9995737075805664
SAMPLE_03725,0.24777236580848694,0.2660922408103943,0.8045040369033813,0.0009501447784714401,0.33225032687187195,0.002761329058557749,0.0504889190196991,0.9991416931152344
SAMPLE_03726,0.9915844202041626,0.026587162166833878,0.021893497556447983,0.018199022859334946,0.03391214832663536,0.012835443019866943,0.012096082791686058,0.9888815879821777
SAMPLE_03727,0.9998200535774231,0.5003393888473511,0.4964168965816498,0.017040928825736046,0.5595374703407288,0.05997111275792122,0.08352018892765045,0.8527809977531433
SAMPLE_03728,0.9375299215316772,0.20238924026489258,0.14691244065761566,0.003006821498274803,0.6391928195953369,0.001681801164522767,0.012385312467813492,0.9814141988754272
SAMPLE_03729,0.9457825422286987,0.9656074643135071,0.965957760810852,1.9741823052754626e-05,0.5860874056816101,0.06996716558933258,0.8981459736824036,0.9976972341537476
SAMPLE_03730,0.9932077527046204,0.5858614444732666,0.5565521717071533,0.3291558027267456,0.07948124408721924,0.03710601478815079,0.4297049045562744,0.6543787717819214
SAMPLE_03731,0.9999333620071411,0.031011397019028664,0.016733363270759583,0.1238606721162796,0.15140724182128906,0.02183188684284687,0.1530262678861618,0.2955853044986725
SAMPLE_03732,0.844793438911438,0.8932591676712036,0.8965255618095398,1.0,0.02509932778775692,0.00022937695030122995,0.2809017598628998,0.24807655811309814
SAMPLE_03733,0.2530350387096405,0.32097265124320984,0.40404343605041504,1.0,0.01415619719773531,1.3613132978207432e-05,0.0002510194608476013,0.0011408778373152018
SAMPLE_03734,0.9999195337295532,0.31640806794166565,0.22190432250499725,0.007990168407559395,0.028926771134138107,0.00395395141094923,0.4644116759300232,0.7135608196258545
SAMPLE_03735,0.9735849499702454,0.423454612493515,0.9479061365127563,0.0013873424613848329,0.7724747061729431,0.008862652815878391,0.46831899881362915,0.9268550872802734
SAMPLE_03736,0.999537467956543,0.06323132663965225,0.1865408718585968,0.009180134162306786,0.3329732418060303,0.018272649496793747,0.11755597591400146,0.9956721067428589
SAMPLE_03737,1.0,0.2915659248828888,0.33612364530563354,0.9999915361404419,1.0,1.0,1.0,1.0
SAMPLE_03738,0.9991964101791382,0.058940209448337555,0.11910612881183624,0.011743145994842052,0.07886289060115814,0.03330916911363602,0.05836976692080498,0.06734175980091095
SAMPLE_03739,0.9991308450698853,0.011034508235752583,0.032050278037786484,0.019599834457039833,0.1499301642179489,0.008287832140922546,0.03911440074443817,0.5349847078323364
SAMPLE_03740,0.9983708262443542,3.508803274598904e-05,0.00010543059033807367,0.0015264168614521623,0.01856434904038906,0.00037085977965034544,0.0009418441914021969,0.06083659082651138
SAMPLE_03741,0.9994955062866211,0.016446661204099655,0.002268359297886491,0.0012848010519519448,0.0024252301082015038,0.0004363073967397213,0.0014542302815243602,0.004090454429388046
SAMPLE_03742,0.9999009966850281,0.32082080841064453,0.47511476278305054,0.012672511860728264,0.5100947618484497,0.06591515243053436,0.11225336790084839,0.4100418984889984
SAMPLE_03743,0.5685902833938599,0.6001293063163757,0.7315521240234375,0.0013935330789536238,0.2553257346153259,0.0015393251087516546,0.029383603483438492,0.11013885587453842
SAMPLE_03744,0.960353672504425,0.9801084399223328,0.9821915626525879,0.009345529600977898,0.632979691028595,0.007500276900827885,0.6137604713439941,0.956183135509491
SAMPLE_03745,0.4850562512874603,0.3780132532119751,0.3211703896522522,1.0,0.035563062876462936,0.00036995013942942023,0.007436408195644617,0.6796647310256958
SAMPLE_03746,0.9992035627365112,0.15713608264923096,0.1706940084695816,0.012131361290812492,0.11484398692846298,0.023715347051620483,0.12046809494495392,0.09306841343641281
SAMPLE_03747,0.9984232187271118,0.06919018924236298,0.08707165718078613,0.09862571954727173,0.23896531760692596,0.05479533597826958,0.15977783501148224,0.6006366610527039
SAMPLE_03748,0.32972490787506104,0.47096696496009827,0.42933645844459534,1.0,0.020679358392953873,0.0018647393444553018,0.022276144474744797,0.07757934182882309
SAMPLE_03749,0.998892605304718,0.09569035470485687,0.14732295274734497,0.0019630715250968933,0.053800929337739944,0.0018346976721659303,0.07124292850494385,0.06936509907245636
SAMPLE_03750,0.80940181016922,0.029576342552900314,0.04182814806699753,0.00895780324935913,0.12439514696598053,0.01621517725288868,0.25500839948654175,0.9704750776290894
SAMPLE_03751,0.43934115767478943,0.6526077389717102,0.731441855430603,1.0,0.03881806507706642,0.0003577630559448153,0.014562815427780151,0.01673470437526703
SAMPLE_03752,0.4167407155036926,0.3317720293998718,0.33811455965042114,1.0,0.0417509451508522,0.001612400054000318,0.08531823754310608,0.12702175974845886
SAMPLE_03753,0.38042426109313965,0.2680341303348541,0.23210366070270538,1.0,0.032979998737573624,0.0004891378921456635,0.003171489806845784,0.09960665553808212
SAMPLE_03754,0.05417977645993233,0.166179820895195,0.06757902354001999,1.0,0.012312314473092556,6.909415242262185e-05,0.00040228775469586253,0.9989492297172546
SAMPLE_03755,0.9999579191207886,0.003764564637094736,0.006459970958530903,0.1089014858007431,0.038910891860723495,0.05204346030950546,0.2335004359483719,0.03603021055459976
SAMPLE_03756,0.48294010758399963,0.42864933609962463,0.4410557150840759,0.0006900917505845428,0.07069700211286545,0.0018193511059507728,0.038944464176893234,0.9932125806808472
SAMPLE_03757,0.9993158578872681,0.07474317401647568,0.31286364793777466,0.004627064801752567,0.1789298802614212,0.014570971019566059,0.10168559849262238,0.27694106101989746
SAMPLE_03758,0.9988071322441101,0.10240669548511505,0.2202601432800293,0.011784628033638,0.21488454937934875,0.011434318497776985,0.06722409278154373,0.9558852314949036
SAMPLE_03759,0.9998229742050171,0.004942352417856455,0.014974094927310944,0.00810514111071825,0.3146820664405823,0.011190935969352722,0.018480200320482254,0.3547644019126892
SAMPLE_03760,0.9930839538574219,0.09112882614135742,0.00826000701636076,0.0009475559927523136,0.0013918012846261263,2.4874685550457798e-05,0.004635891877114773,0.9195684194564819
SAMPLE_03761,0.9986104965209961,0.14797428250312805,0.22419233620166779,0.02869231440126896,0.14928849041461945,0.09644035249948502,0.09950225055217743,0.19492129981517792
SAMPLE_03762,0.5280562043190002,0.4216029644012451,0.2937066853046417,1.0,0.009584382176399231,0.0006737290532328188,0.00939107034355402,0.2042803019285202
SAMPLE_03763,0.9999912977218628,0.00015198708570096642,7.360991003224626e-05,0.15977218747138977,0.004141864366829395,0.007854728028178215,0.012419136241078377,0.014150867238640785
SAMPLE_03764,0.9998618960380554,0.017874624580144882,0.10534713417291641,0.02794460952281952,0.3959923982620239,0.006784734781831503,0.009424901567399502,0.991777241230011
SAMPLE_03765,0.9994754791259766,0.07431197166442871,0.15749752521514893,0.007494751363992691,0.16013237833976746,0.040519122034311295,0.17149411141872406,0.4593614637851715
SAMPLE_03766,0.9997099041938782,0.02691955305635929,0.08161719143390656,0.008464260958135128,0.31924355030059814,0.05303557589650154,0.03037409856915474,0.1982315182685852
SAMPLE_03767,0.9993472099304199,0.1731908619403839,0.16861853003501892,0.04093131422996521,0.1273156851530075,0.0766075849533081,0.167246475815773,0.17281772196292877
SAMPLE_03768,0.21381470561027527,0.12022306025028229,0.03540264070034027,1.0,0.0489177480340004,0.0002624647750053555,0.00014800440112594515,0.9982562065124512
SAMPLE_03769,0.9978617429733276,0.06502348184585571,0.08315367996692657,0.011742466129362583,0.06497664004564285,0.013487331569194794,0.14660975337028503,0.0928531065583229
SAMPLE_03770,0.003268421860411763,0.004997034557163715,0.006203166209161282,1.0,0.006587271578609943,4.418826938490383e-05,6.878672866150737e-05,0.9989172220230103
SAMPLE_03771,0.9983334541320801,0.23974576592445374,0.3798009753227234,0.008014854043722153,0.17674106359481812,0.027377625927329063,0.20111314952373505,0.29030364751815796
SAMPLE_03772,0.9997701644897461,0.20518140494823456,0.30019980669021606,0.02050163224339485,0.16632524132728577,0.1197604164481163,0.20804491639137268,0.25867006182670593
SAMPLE_03773,0.9027355313301086,0.24175302684307098,0.2582609951496124,0.026912277564406395,0.18054991960525513,0.023797784000635147,0.14329469203948975,0.9939175844192505
SAMPLE_03774,0.9291714429855347,0.565151035785675,0.48631787300109863,0.018267039209604263,0.04720645397901535,0.007974361069500446,0.1956455409526825,0.9964863657951355
SAMPLE_03775,0.9967241287231445,0.3105102479457855,0.34756165742874146,0.11683350801467896,0.39847350120544434,0.15760335326194763,0.09948249161243439,0.7211918830871582
SAMPLE_03776,0.9981398582458496,0.23843805491924286,0.30445751547813416,0.025699704885482788,0.23591561615467072,0.020101826637983322,0.07295601069927216,0.10659635066986084
SAMPLE_03777,0.804487407207489,0.32875195145606995,0.2959268093109131,1.0,0.2018529176712036,0.0006135096773505211,0.0003812665236182511,0.4652220606803894
SAMPLE_03778,0.9999915957450867,0.014507901854813099,0.023054400458931923,0.0173041969537735,0.029146164655685425,0.000845138740260154,0.047808535397052765,0.02946695312857628
SAMPLE_03779,0.9996148347854614,0.0677395910024643,0.13278967142105103,0.01190956961363554,0.14198586344718933,0.031265512108802795,0.06724344193935394,0.12601757049560547
SAMPLE_03780,0.6744093894958496,0.006269481033086777,0.006306302733719349,0.012123571708798409,0.004338706843554974,0.00012963538756594062,0.0022585429251194,0.9998645782470703
SAMPLE_03781,0.3225676417350769,0.6556223630905151,0.5717620849609375,1.0,0.05168662220239639,0.0002264289214508608,0.17944490909576416,0.9396474957466125
SAMPLE_03782,0.9976259469985962,0.2762583792209625,0.4924562871456146,0.0005478246603161097,0.7042117118835449,0.027165189385414124,0.07468674331903458,0.99542635679245
SAMPLE_03783,0.9997838735580444,0.306544691324234,0.3273564279079437,0.011301147751510143,0.3331086039543152,0.0577593669295311,0.20233428478240967,0.2583431601524353
SAMPLE_03784,0.9983106851577759,0.050091661512851715,0.12497635930776596,0.0034700781106948853,0.034146346151828766,0.005256530363112688,0.25749731063842773,0.03720176964998245
SAMPLE_03785,0.9990781545639038,0.1563750058412552,0.32831519842147827,0.006938147358596325,0.29589757323265076,0.013046306557953358,0.14264275133609772,0.5838227272033691
SAMPLE_03786,0.9782077670097351,0.8073512315750122,0.8537310361862183,0.006001617759466171,0.6796102523803711,0.008826417848467827,0.5201855897903442,0.9699689745903015
SAMPLE_03787,0.9893783330917358,0.149152472615242,0.633575975894928,0.0008356139878742397,0.6322599649429321,0.0031648166477680206,0.34860092401504517,0.990688145160675
SAMPLE_03788,0.99955815076828,0.06911830604076385,0.13268792629241943,0.013002431020140648,0.3762522339820862,0.05253158137202263,0.07594253867864609,0.297174334526062
SAMPLE_03789,0.9989405870437622,0.9518575668334961,0.9949499368667603,1.0,0.02172243408858776,0.15452313423156738,0.7970779538154602,0.9945306777954102
SAMPLE_03790,0.48185062408447266,0.164625883102417,0.2493266761302948,0.0005404799012467265,0.09122136980295181,0.0015066287014633417,0.06612925231456757,0.993983268737793
SAMPLE_03791,0.9987678527832031,0.26086097955703735,0.24326598644256592,0.036802832037210464,0.1045449823141098,0.07119444012641907,0.19701656699180603,0.07803653180599213
SAMPLE_03792,0.9999352693557739,0.1856604665517807,0.17150840163230896,0.034938178956508636,0.27914920449256897,0.06265687197446823,0.020970484241843224,0.30397123098373413
SAMPLE_03793,0.942825436592102,0.646820604801178,0.6376136541366577,0.06268949061632156,0.3440832495689392,0.02646765112876892,0.5310608744621277,0.9884864687919617
SAMPLE_03794,0.8937621116638184,0.9519275426864624,0.9762932062149048,1.0,0.03678688034415245,0.01569763384759426,0.9461895823478699,0.7900995016098022
SAMPLE_03795,0.9999994039535522,0.02099461853504181,0.726012647151947,0.5700952410697937,0.00010691532224882394,0.0009033042006194592,0.5784295797348022,0.9999879598617554
SAMPLE_03796,0.998711884021759,0.8041204214096069,0.7940187454223633,0.01634141243994236,0.3378118872642517,0.04238852858543396,0.7880390882492065,0.8379705548286438
SAMPLE_03797,0.36924150586128235,0.3295372426509857,0.6490645408630371,0.006926340516656637,0.09505011141300201,0.005488683003932238,0.05830448865890503,0.8119955062866211
SAMPLE_03798,0.9997549057006836,0.022528668865561485,0.03726337105035782,0.036808934062719345,0.08525516837835312,0.004463323391973972,0.21810384094715118,0.03017321228981018
SAMPLE_03799,0.9998902082443237,0.009109674021601677,0.07072627544403076,0.023944752290844917,0.45123857259750366,0.06861943751573563,0.026987943798303604,0.6025971174240112
SAMPLE_03800,0.27102819085121155,0.5581278800964355,0.6181477308273315,0.00031846240744926035,0.26773151755332947,1.7730229956214316e-05,0.0005144666647538543,0.19966837763786316
SAMPLE_03801,0.0904335230588913,0.10996410995721817,0.12042508274316788,1.0,0.02139219455420971,0.00020223937463015318,0.009179768152534962,0.0357411652803421
SAMPLE_03802,0.45663881301879883,0.8941071629524231,0.9412374496459961,1.0,0.04092654958367348,0.0004336737038102001,0.043743204325437546,0.053515058010816574
SAMPLE_03803,0.9990919232368469,0.0038647830951958895,0.004284631926566362,0.006395491771399975,0.009963156655430794,0.0038744895718991756,0.010743553750216961,0.07494764775037766
SAMPLE_03804,0.9718168377876282,0.019088296219706535,0.15614664554595947,0.0019307241309434175,0.28133708238601685,0.0018808692693710327,0.007461829576641321,0.999739944934845
SAMPLE_03805,0.6873472929000854,0.053419195115566254,0.01839468441903591,7.057278708089143e-05,0.00906716100871563,0.0002538642438594252,0.0057627675123512745,0.0164207611232996
SAMPLE_03806,0.9995588064193726,0.9052373766899109,0.9470732808113098,0.0026925099082291126,0.7615491151809692,0.008575704880058765,0.9431049227714539,0.9984579086303711
SAMPLE_03807,0.9989157915115356,0.39363545179367065,0.5673667788505554,0.008388913236558437,0.14706258475780487,0.028506318107247353,0.38100528717041016,0.23221151530742645
SAMPLE_03808,0.9488611221313477,0.9530850648880005,0.9737081527709961,0.001046322868205607,0.18870751559734344,0.00020412859157659113,0.5161842107772827,0.7403435111045837
SAMPLE_03809,0.9963436126708984,0.037235356867313385,0.09195086359977722,0.01593008264899254,0.3922087550163269,0.021610504016280174,0.0881672203540802,0.9997172355651855
SAMPLE_03810,0.9980701208114624,0.00093162024859339,0.000888592388946563,0.00118492532055825,0.06543116271495819,0.00025657028891146183,0.0027491310611367226,0.011751072481274605
SAMPLE_03811,0.5623030662536621,0.038826052099466324,0.06465306133031845,1.0,0.08977203816175461,0.0001312150270678103,0.0014145791064947844,0.3329300880432129
SAMPLE_03812,0.9958333969116211,0.00561423460021615,0.007455648388713598,0.45162683725357056,0.026424715295433998,0.1769867241382599,0.002499200636520982,0.9999958872795105
SAMPLE_03813,0.35488972067832947,0.38725242018699646,0.45963796973228455,1.0,0.05489214137196541,0.0002602160966489464,0.11313488334417343,0.09151408076286316
SAMPLE_03814,0.9985353350639343,0.058930881321430206,0.23754112422466278,0.011786134913563728,0.13183444738388062,0.03259734436869621,0.12745079398155212,0.29963791370391846
SAMPLE_03815,0.504671037197113,0.15905728936195374,0.22822849452495575,1.0,0.05296839401125908,0.00022486469242721796,0.04427824914455414,0.05245434492826462
SAMPLE_03816,0.9996031522750854,0.3981899619102478,0.30483442544937134,0.08671773970127106,0.4692302644252777,0.05356882885098457,0.373066246509552,0.9814847707748413
SAMPLE_03817,0.999442458152771,0.41607627272605896,0.4977661073207855,0.01659759320318699,0.29654836654663086,0.08229397982358932,0.43656712770462036,0.3722394108772278
SAMPLE_03818,0.9959673881530762,0.16198992729187012,0.21774069964885712,0.015459870919585228,0.11915614455938339,0.02435903251171112,0.20211434364318848,0.1771925836801529
SAMPLE_03819,0.9994657635688782,0.3666606545448303,0.5414934158325195,0.021823426708579063,0.3740607798099518,0.023947374895215034,0.3745339810848236,0.6785910725593567
SAMPLE_03820,0.9982293248176575,0.05752364546060562,0.12226803600788116,0.0054542594589293,0.11093016713857651,0.007773527409881353,0.06332793086767197,0.08673125505447388
SAMPLE_03821,0.5000883340835571,0.5616017580032349,0.4236396253108978,1.0,0.020202547311782837,0.0003114827268291265,0.003537513315677643,0.2202586829662323
SAMPLE_03822,0.9996660351753235,0.0027636338490992785,0.004634729586541653,0.0014422553358599544,0.1657399833202362,0.0007746776100248098,0.009188851341605186,0.067862868309021
SAMPLE_03823,0.9997560381889343,0.02242892235517502,0.03525444492697716,0.007489826530218124,0.44720548391342163,0.02292802557349205,0.035639483481645584,0.2956354022026062
SAMPLE_03824,0.9994863271713257,0.09315136820077896,0.18990018963813782,0.00936170481145382,0.0877578929066658,0.024947378784418106,0.29240280389785767,0.10696811974048615
SAMPLE_03825,0.9981783032417297,0.1204511746764183,0.09793560206890106,0.018844712525606155,0.06462445855140686,0.030672216787934303,0.10558976978063583,0.054248929023742676
SAMPLE_03826,0.5396212339401245,0.31023651361465454,0.3377147614955902,0.014621580950915813,0.18321019411087036,0.01766790822148323,0.16959989070892334,0.9920493960380554
SAMPLE_03827,0.8383064270019531,0.002990842331200838,0.0022421833127737045,0.0028640583623200655,0.2198326289653778,0.0020542736165225506,0.007799486164003611,0.6123688817024231
SAMPLE_03828,0.9996423721313477,0.3098209798336029,0.4316946566104889,0.021058201789855957,0.2630689740180969,0.040561433881521225,0.27298006415367126,0.22576014697551727
SAMPLE_03829,0.9997037649154663,0.07178594172000885,0.21815209090709686,0.005959158763289452,0.08873547613620758,0.013703545555472374,0.05124328285455704,0.07633892446756363
SAMPLE_03830,0.7194782495498657,0.046558357775211334,0.052536286413669586,0.005393359810113907,0.40862345695495605,0.004618079401552677,0.03134696185588837,0.36227500438690186
SAMPLE_03831,0.9991685748100281,0.2536548674106598,0.3397315442562103,0.02392907440662384,0.0910222977399826,0.05453953891992569,0.4435458779335022,0.15275636315345764
SAMPLE_03832,0.9999691247940063,0.0005461721448227763,0.0007373329717665911,0.0064639439806342125,0.0023694178089499474,0.00012540831812657416,0.005682147108018398,0.006392776966094971
SAMPLE_03833,0.23341235518455505,0.4671905040740967,0.3877561688423157,1.0,0.026649529114365578,0.0004702898731920868,0.00238419440574944,0.9427458047866821
SAMPLE_03834,0.9937456250190735,0.22310027480125427,0.3119516968727112,0.03367410972714424,0.2303571254014969,0.03859822824597359,0.20623831450939178,0.36541181802749634
SAMPLE_03835,0.5148345232009888,0.2000696212053299,0.15194034576416016,1.0,0.02534749172627926,3.689519871841185e-05,0.0005104030133225024,0.9870225191116333
SAMPLE_03836,0.9270271062850952,0.15514753758907318,0.09831813722848892,0.0015509865479543805,0.20513105392456055,0.004670275840908289,0.09507697075605392,0.9982191324234009
SAMPLE_03837,0.9988155364990234,0.2510744035243988,0.34725916385650635,0.019050344824790955,0.22928576171398163,0.03237346187233925,0.19310034811496735,0.2502886950969696
SAMPLE_03838,0.9999620318412781,0.04838400334119797,0.030362829566001892,0.0006380534032359719,0.22022096812725067,0.013527264818549156,0.009192688390612602,0.9914470911026001
SAMPLE_03839,0.9987819790840149,0.9977396726608276,0.998559832572937,0.1975310891866684,0.8731647729873657,0.06201174110174179,0.9818309545516968,0.998164176940918
SAMPLE_03840,0.3124808669090271,0.2684171199798584,0.2280983030796051,1.0,0.03205689787864685,0.00011333289876347408,0.008934386074543,0.01869843527674675
SAMPLE_03841,0.9994638562202454,0.1411898285150528,0.24266092479228973,0.008425595238804817,0.26188725233078003,0.021942298859357834,0.1630418598651886,0.26661840081214905
SAMPLE_03842,0.4810393750667572,0.18252722918987274,0.2467290163040161,1.0,0.040461745113134384,0.0013594997581094503,0.06250879168510437,0.08090873807668686
SAMPLE_03843,0.7318081855773926,0.7619697451591492,0.8306261897087097,0.0006085671484470367,0.44837063550949097,0.0015252658631652594,0.26921141147613525,0.9842416048049927
SAMPLE_03844,0.9996479153633118,0.0034411426167935133,0.0040658460929989815,0.018507372587919235,0.05925794690847397,0.008172567002475262,0.010567644611001015,0.04094914719462395
SAMPLE_03845,0.7994853258132935,0.6754687428474426,0.8517216444015503,0.000353922980139032,0.549974799156189,0.0009540258906781673,0.08718128502368927,0.9956353306770325
SAMPLE_03846,0.9991312026977539,0.025280430912971497,0.08185786753892899,0.013203387148678303,0.07116968184709549,0.020788703113794327,0.0883031040430069,0.11555621773004532
SAMPLE_03847,0.03533550351858139,0.7875123023986816,0.8855701684951782,1.0,0.048937201499938965,8.800142495601904e-06,0.0011305619264021516,0.9984736442565918
SAMPLE_03848,0.9997024536132812,0.35254770517349243,0.3582398295402527,0.038405559957027435,0.4188953936100006,0.044380657374858856,0.13579526543617249,0.3602047860622406
SAMPLE_03849,0.4081090986728668,0.70719975233078,0.7107289433479309,0.0013820454478263855,0.03336218371987343,0.0015771895414218307,0.03002775087952614,0.10051517188549042
SAMPLE_03850,0.3488040268421173,0.5893142819404602,0.5330069065093994,1.0,0.032104454934597015,0.000550001859664917,0.2185899019241333,0.21032372117042542
SAMPLE_03851,0.9996463656425476,0.018349919468164444,0.0718354731798172,0.01893695816397667,0.28160804510116577,0.014872063882648945,0.08113805204629898,0.29855355620384216
SAMPLE_03852,0.9984297752380371,0.25599461793899536,0.4036692678928375,0.019993651658296585,0.08463285863399506,0.03035016730427742,0.2645889222621918,0.19023001194000244
SAMPLE_03853,0.9782439470291138,0.25261083245277405,0.5029984712600708,0.002291954355314374,0.35341501235961914,0.0018137656152248383,0.028871547430753708,0.050516121089458466
SAMPLE_03854,0.823229968547821,0.02558874525129795,0.568951427936554,9.318372030975297e-05,0.10114666074514389,0.0005245640641078353,0.021448884159326553,0.998963475227356
SAMPLE_03855,0.1467481553554535,0.061744533479213715,0.07458187639713287,1.0,0.012348275631666183,0.0001601043768459931,0.02733435295522213,0.06613515317440033
SAMPLE_03856,0.9996412396430969,0.04354717209935188,0.06967537850141525,0.028676990419626236,0.07081373035907745,0.08038143068552017,0.0433616004884243,0.06213909387588501
SAMPLE_03857,0.9992238879203796,0.22766947746276855,0.3601624369621277,0.007752087898552418,0.1364802122116089,0.009845857508480549,0.1990230530500412,0.30745354294776917
SAMPLE_03858,0.9832686185836792,0.4262729585170746,0.20041847229003906,0.010450778529047966,0.33846837282180786,0.0016468132380396128,0.2255568504333496,0.9833611249923706
SAMPLE_03859,0.3253454267978668,0.3878268897533417,0.3262401819229126,1.0,0.07093244791030884,0.0021173337008804083,0.012673459947109222,0.043914467096328735
SAMPLE_03860,0.134755939245224,0.0686270222067833,0.0608060285449028,1.0,0.015623791143298149,0.00023560435511171818,0.010508464649319649,0.16711515188217163
SAMPLE_03861,0.9988826513290405,0.15397429466247559,0.4127594530582428,0.04279275983572006,0.17665842175483704,0.03158648684620857,0.28005173802375793,0.32921141386032104
SAMPLE_03862,0.9995492100715637,0.6803228855133057,0.7888683080673218,0.006534693296998739,0.39944368600845337,0.010657220147550106,0.5805657505989075,0.7308816313743591
SAMPLE_03863,0.9995428323745728,0.03268032521009445,0.04913013428449631,0.0013555192854255438,0.06763093918561935,0.003919610753655434,0.035021208226680756,0.04412202537059784
SAMPLE_03864,0.48271241784095764,0.8899404406547546,0.8784114122390747,1.0,0.0397404283285141,0.00026949431048706174,0.024911969900131226,0.45589956641197205
SAMPLE_03865,0.9996938705444336,0.024666691198945045,0.03467337042093277,0.00999275129288435,0.3201673626899719,0.015678998082876205,0.02103966474533081,0.1394316405057907
SAMPLE_03866,0.05321800708770752,0.522186279296875,0.34044966101646423,1.0,0.014734884724020958,0.00020757301535923034,0.0008154261158779263,0.9860185384750366
SAMPLE_03867,0.9321861267089844,0.5717424154281616,0.6350277662277222,0.0004937386838719249,0.4178939461708069,0.00239549926482141,0.45522552728652954,0.9990266561508179
SAMPLE_03868,0.44346100091934204,0.34545546770095825,0.31620630621910095,1.0,0.04562384635210037,0.0007255187956616282,0.03471415862441063,0.06256793439388275
SAMPLE_03869,0.9978891611099243,0.3078732490539551,0.33638912439346313,0.014552632346749306,0.12800855934619904,0.020377634093165398,0.44859904050827026,0.22858981788158417
SAMPLE_03870,0.31346747279167175,0.28290119767189026,0.29480528831481934,1.0,0.010333497077226639,0.00019357245764695108,0.02348668873310089,0.2298058271408081
SAMPLE_03871,0.9985536336898804,0.02855728194117546,0.06284253299236298,0.008342161774635315,0.3106229603290558,0.008346376940608025,0.06435254961252213,0.22651739418506622
SAMPLE_03872,0.9979802370071411,0.15089622139930725,0.3210405707359314,0.005060273222625256,0.22062571346759796,0.022191781550645828,0.09331370890140533,0.49261513352394104
SAMPLE_03873,0.6700841784477234,0.005700118374079466,0.031588226556777954,0.00066798907937482,0.03161359578371048,0.0011454324703663588,0.008713078685104847,0.0857708677649498
SAMPLE_03874,0.9994829893112183,0.07977910339832306,0.17686143517494202,0.009957345202565193,0.10796757787466049,0.02511952817440033,0.25800496339797974,0.19081668555736542
SAMPLE_03875,0.9997745752334595,0.8661755323410034,0.9208164215087891,0.09685938060283661,0.5301089286804199,0.10179765522480011,0.8842700719833374,0.981663703918457
SAMPLE_03876,0.9986451864242554,0.004537769127637148,0.02063882164657116,0.002481729257851839,0.11246918141841888,0.009013486094772816,0.007659124676138163,0.17613622546195984
SAMPLE_03877,0.9995285868644714,0.08461442589759827,0.22162728011608124,0.005022698547691107,0.23796692490577698,0.018309008330106735,0.06691862642765045,0.27459120750427246
SAMPLE_03878,0.38229289650917053,0.007311055902391672,0.5324921011924744,0.00566010270267725,0.10802046209573746,6.400620623026043e-05,0.0029545119032263756,0.9999804496765137
SAMPLE_03879,0.35678720474243164,0.0643305629491806,0.0354698970913887,1.0,0.030455011874437332,0.0003509577945806086,0.002194382017478347,0.942947268486023
SAMPLE_03880,0.9776796102523804,0.8117930293083191,0.8021761178970337,7.008301327005029e-05,0.5444527864456177,0.031023135408759117,0.338094562292099,0.9589614868164062
SAMPLE_03881,0.8591762781143188,0.23512670397758484,0.31931763887405396,0.0013581224484369159,0.09579946845769882,0.0011957469396293163,0.6270676851272583,0.9818752408027649
SAMPLE_03882,0.9748126268386841,0.693041205406189,0.8011041879653931,0.001056380569934845,0.5826705694198608,0.0022480604238808155,0.6289387941360474,0.9287700653076172
SAMPLE_03883,0.9995996356010437,0.03669360652565956,0.10702519118785858,0.0051221284084022045,0.33329901099205017,0.020954590290784836,0.06345400214195251,0.29773059487342834
SAMPLE_03884,1.0,0.4062083661556244,0.5149930715560913,0.9999107122421265,1.0,1.0,1.0,1.0
SAMPLE_03885,0.9142290949821472,0.7241212725639343,0.5586743950843811,0.059311699122190475,0.44042855501174927,0.0321192629635334,0.1671922653913498,0.9969126582145691
SAMPLE_03886,0.9999995231628418,0.1818704605102539,0.3553066849708557,0.8538540601730347,0.007365514989942312,0.3080970346927643,0.5380126237869263,0.689431369304657
SAMPLE_03887,0.45285114645957947,0.015069064684212208,0.01088003534823656,0.00017157023830804974,0.25052231550216675,0.0009198814514093101,0.014533879235386848,0.9953570365905762
SAMPLE_03888,0.9999567866325378,0.4891144335269928,0.5374571084976196,0.030750412493944168,0.5839179754257202,0.13151687383651733,0.16478827595710754,0.5964788198471069
SAMPLE_03889,1.0,0.6289956569671631,0.41823649406433105,0.9998465776443481,1.0,1.0,1.0,1.0
SAMPLE_03890,0.997942328453064,0.47410035133361816,0.4091270864009857,0.025411736220121384,0.0664844661951065,0.03865446895360947,0.5739099383354187,0.3853880763053894
SAMPLE_03891,0.38282662630081177,0.04617496207356453,0.03968830034136772,0.0005159515421837568,0.11844766139984131,0.0003674526233226061,0.01734577864408493,0.9459799528121948
SAMPLE_03892,0.9993845820426941,0.34624427556991577,0.4635564684867859,0.03341382369399071,0.2607051134109497,0.09237438440322876,0.2593930661678314,0.31126946210861206
SAMPLE_03893,0.48669567704200745,0.42259255051612854,0.46643194556236267,1.0,0.03469311445951462,0.0007201242260634899,0.34427109360694885,0.9235597848892212
SAMPLE_03894,0.2547672688961029,0.2537531852722168,0.24161112308502197,1.0,0.029780471697449684,0.0005934026557952166,0.08278195559978485,0.0986178070306778
SAMPLE_03895,0.6750151515007019,0.03739916533231735,0.027198145166039467,0.00036201550392434,0.0841236561536789,0.001224864972755313,0.023482423275709152,0.9775859713554382
SAMPLE_03896,0.03534700721502304,0.001217396929860115,0.00043245794950053096,2.515426058380399e-05,0.0020046993158757687,0.00014122405264060944,0.004588793031871319,0.9592176675796509
SAMPLE_03897,0.9999173283576965,0.5926269292831421,0.6043240427970886,0.08819317817687988,0.5581904053688049,0.06414177268743515,0.23294751346111298,0.8459283113479614
SAMPLE_03898,0.8918768167495728,0.31870236992836,0.8312118649482727,0.00014205093611963093,0.5057268142700195,0.0057903253473341465,0.19767510890960693,0.9752829670906067
SAMPLE_03899,0.9987640380859375,0.08052320778369904,0.1472894847393036,0.030817914754152298,0.08801890909671783,0.04968126863241196,0.1694636046886444,0.07338367402553558
SAMPLE_03900,0.28329911828041077,0.9095646142959595,0.8496434092521667,1.0,0.23654353618621826,0.0001445221423637122,0.06283091008663177,0.9998887777328491
SAMPLE_03901,0.9990981221199036,0.07985927909612656,0.107319176197052,0.010684395208954811,0.11161287128925323,0.02397078275680542,0.0766773596405983,0.1278124749660492
SAMPLE_03902,0.9971174001693726,0.5676144361495972,0.5183566808700562,0.032320138067007065,0.7102973461151123,0.016649607568979263,0.0017287995433434844,0.9999210238456726
SAMPLE_03903,0.41921520233154297,0.5386642813682556,0.5656177401542664,1.0,0.04619073122739792,0.0033833137713372707,0.12489751726388931,0.11149375140666962
SAMPLE_03904,0.5147079229354858,0.30436497926712036,0.4225602149963379,0.0009044088656082749,0.07125802338123322,0.0010583661496639252,0.023136980831623077,0.7458633184432983
SAMPLE_03905,0.999982476234436,0.2380465567111969,0.2686886191368103,0.08093353360891342,0.09520675241947174,0.22329100966453552,0.020970677956938744,0.9413593411445618
SAMPLE_03906,0.9991809129714966,0.04744034260511398,0.474336713552475,1.0,0.20907935500144958,0.19249017536640167,0.34005206823349,0.8211507797241211
SAMPLE_03907,0.9985693097114563,0.3655915856361389,0.5157788395881653,0.01619660295546055,0.11753150075674057,0.03604782745242119,0.4134550988674164,0.2675764262676239
SAMPLE_03908,0.46646660566329956,0.4864598214626312,0.4928925037384033,1.0,0.02591365948319435,0.0014270639512687922,0.03667169064283371,0.09195023775100708
SAMPLE_03909,0.5677431225776672,0.018794257193803787,0.0202430821955204,0.0015542536275461316,0.2567044794559479,0.003839647863060236,0.029286310076713562,0.9947674870491028
SAMPLE_03910,0.9999607801437378,0.07643003761768341,0.1805841028690338,0.002258120570331812,0.007995800115168095,5.5024622270138934e-05,0.00013255538942757994,0.9111429452896118
SAMPLE_03911,0.9999585151672363,0.07889347523450851,0.03304862976074219,0.0010461382335051894,0.45187243819236755,0.08814993500709534,0.11705080419778824,0.9910362362861633
SAMPLE_03912,0.9960044622421265,0.5134341716766357,0.5028964281082153,0.04719211533665657,0.10556405782699585,0.01942843198776245,0.1197652593255043,0.7978432774543762
SAMPLE_03913,0.9997512102127075,0.059868525713682175,0.13441720604896545,0.025388246402144432,0.5818947553634644,0.027035072445869446,0.06343483179807663,0.521368145942688
SAMPLE_03914,0.5816898941993713,0.7913219332695007,0.7061591148376465,1.0,0.10082008689641953,0.03553606569766998,0.4216648042201996,0.7111608982086182
SAMPLE_03915,1.0,0.947400689125061,0.9673187136650085,0.9999340176582336,1.0,1.0,1.0,1.0
SAMPLE_03916,1.0,0.3016941249370575,0.21124859154224396,0.9999097585678101,1.0,1.0,1.0,1.0
SAMPLE_03917,0.9999603033065796,0.6667072176933289,0.5895804762840271,0.05136159807443619,0.5014723539352417,0.033629778772592545,0.5401728749275208,0.92376708984375
SAMPLE_03918,0.5937275290489197,0.04608963802456856,0.016792243346571922,0.060031332075595856,0.026745593175292015,0.026412371546030045,0.03026546910405159,0.9979265332221985
SAMPLE_03919,0.9986330270767212,0.3966659903526306,0.2833593785762787,0.05890320613980293,0.2429073601961136,0.0411280021071434,0.2122143805027008,0.6739239692687988
SAMPLE_03920,0.8720595240592957,0.975629985332489,0.8887336850166321,0.006850903388112783,0.036788638681173325,0.0007025398081168532,0.004609969910234213,0.998641312122345
SAMPLE_03921,0.009405350312590599,0.15055570006370544,0.0230715274810791,1.0,0.0240638330578804,7.438836473738775e-05,8.982627332443371e-05,0.9992755055427551
SAMPLE_03922,0.9992318153381348,0.3044103980064392,0.48682689666748047,0.016289792954921722,0.4130057692527771,0.02436462603509426,0.21658647060394287,0.46113887429237366
SAMPLE_03923,0.9997660517692566,0.9289036989212036,0.9733975529670715,0.08269305527210236,0.6124001741409302,0.4179123342037201,0.896105945110321,0.8338621258735657
SAMPLE_03924,0.49700331687927246,0.11077520996332169,0.08207377046346664,1.0,0.07350968569517136,8.41250493976986e-06,0.02006462775170803,0.48093557357788086
SAMPLE_03925,0.977615237236023,0.2549584209918976,0.14754067361354828,0.3177923858165741,0.2641320824623108,0.05699358507990837,0.223503977060318,0.9968744516372681
SAMPLE_03926,0.8433777689933777,0.6653563380241394,0.575788140296936,1.0,0.06409038603305817,0.0005264977226033807,0.205487921833992,0.576841413974762
SAMPLE_03927,0.9991893768310547,0.33313480019569397,0.36954164505004883,0.011918841861188412,0.18437930941581726,0.05232212692499161,0.2836233675479889,0.20522503554821014
SAMPLE_03928,0.9992376565933228,0.006992904003709555,0.013601591810584068,0.016239039599895477,0.16988824307918549,0.008312756195664406,0.031199589371681213,0.45086583495140076
SAMPLE_03929,0.9996085166931152,0.23352976143360138,0.48577991127967834,0.016283832490444183,0.3648819625377655,0.10441364347934723,0.26580673456192017,0.4647251069545746
SAMPLE_03930,0.9995552897453308,0.025197708979249,0.08371774852275848,0.02146613970398903,0.33059564232826233,0.03392479568719864,0.07351468503475189,0.09174518287181854
SAMPLE_03931,0.9981600046157837,0.021411072462797165,0.028476614505052567,0.2266470491886139,0.07855440676212311,0.023848745971918106,0.007027164101600647,0.9999892115592957
SAMPLE_03932,0.35805821418762207,0.33492472767829895,0.34640249609947205,1.0,0.038377054035663605,0.0006758389645256102,0.007002059370279312,0.012637399137020111
SAMPLE_03933,0.9796668887138367,0.24397873878479004,0.5665239095687866,0.0017172491643577814,0.4228721559047699,0.04246062412858009,0.33161622285842896,0.9965569376945496
SAMPLE_03934,0.43297138810157776,0.4341619610786438,0.34181734919548035,0.0015644623199477792,0.32902154326438904,0.0015325266867876053,0.046803802251815796,0.9407221674919128
SAMPLE_03935,0.9983259439468384,0.2431715428829193,0.04325246810913086,0.09141726791858673,0.10729260742664337,0.0322016105055809,0.07979848235845566,0.9955682754516602
SAMPLE_03936,0.8357394337654114,0.6873236894607544,0.7752102017402649,0.012373368255794048,0.32742494344711304,0.007792134769260883,0.18512699007987976,0.9688830375671387
SAMPLE_03937,0.9988867044448853,0.06229087710380554,0.1611587554216385,0.009184714406728745,0.1319252848625183,0.019890721887350082,0.09666129946708679,0.07548517733812332
SAMPLE_03938,0.9986952543258667,0.023722663521766663,0.05490630120038986,0.024701103568077087,0.41034048795700073,0.052268363535404205,0.061233390122652054,0.9639524221420288
SAMPLE_03939,0.9933733940124512,0.9506045579910278,0.9746257662773132,0.006970112677663565,0.6766790151596069,0.012254062108695507,0.9141939282417297,0.9930433034896851
SAMPLE_03940,0.9845355749130249,0.9131737947463989,0.9596239328384399,0.01143656112253666,0.7087453007698059,0.029024749994277954,0.7173026204109192,0.9997760653495789
SAMPLE_03941,0.999890148639679,0.0856926292181015,0.17063912749290466,0.011840395629405975,0.5047740340232849,0.14570319652557373,0.13268226385116577,0.458135187625885
SAMPLE_03942,0.9990360140800476,0.11403946578502655,0.2398095428943634,0.01087668165564537,0.0930493101477623,0.022216422483325005,0.17405173182487488,0.16580449044704437
SAMPLE_03943,0.9993550181388855,0.01296313852071762,0.04667793959379196,0.017867498099803925,0.28374341130256653,0.020199822261929512,0.07671695947647095,0.11176874488592148
SAMPLE_03944,0.9997789263725281,0.0012778269592672586,0.0022217161022126675,0.015447376295924187,0.030143285170197487,0.0017609980423003435,0.0043062372133135796,0.019670117646455765
SAMPLE_03945,0.9996530413627625,0.07282860577106476,0.19123902916908264,0.006347776390612125,0.42943626642227173,0.03280627727508545,0.07623177766799927,0.9615286588668823
SAMPLE_03946,0.8370680809020996,0.4012208878993988,0.4585668444633484,0.00042808675789274275,0.40587520599365234,0.0027441889978945255,0.007363406475633383,0.991952121257782
SAMPLE_03947,0.9980292320251465,0.16649730503559113,0.1567649096250534,0.16073673963546753,0.23807016015052795,0.16259360313415527,0.21509376168251038,0.2959071695804596
SAMPLE_03948,0.2807733416557312,0.1967422068119049,0.19983549416065216,1.0,0.02476770058274269,0.00017854131874628365,0.023275386542081833,0.3221796154975891
SAMPLE_03949,0.9714605212211609,0.35361748933792114,0.5237411260604858,0.001393889426253736,0.49241065979003906,0.004445789847522974,0.13485513627529144,0.9983932375907898
SAMPLE_03950,0.9999845623970032,0.14768780767917633,0.3655872046947479,0.0012044199975207448,0.3824407458305359,0.08687582612037659,0.02169130928814411,0.9992197155952454
SAMPLE_03951,0.7387597560882568,0.5240280032157898,0.49693456292152405,0.00037331593921408057,0.07928447425365448,0.001256189658306539,0.04755249619483948,0.16498994827270508
SAMPLE_03952,1.0,0.6040109395980835,0.502649188041687,0.9999629855155945,1.0,1.0,1.0,1.0
SAMPLE_03953,0.9998871088027954,0.017736339941620827,0.28931260108947754,0.1391768753528595,0.9853885769844055,0.20203737914562225,0.3762887716293335,0.9999604225158691
SAMPLE_03954,0.9996464848518372,0.1897682398557663,0.254080206155777,0.012865422293543816,0.3353523910045624,0.033041924238204956,0.07073815166950226,0.9181603193283081
SAMPLE_03955,0.3302343487739563,0.07263754308223724,0.2131105363368988,0.00016714636876713485,0.0386645570397377,0.00037947381497360766,0.008439465425908566,0.038276851177215576
SAMPLE_03956,0.4128684401512146,0.26936453580856323,0.27959761023521423,1.0,0.023773476481437683,5.9726695326389745e-05,0.024471160024404526,0.04885759577155113
SAMPLE_03957,0.9992439150810242,0.05103062465786934,0.24308519065380096,0.037767063826322556,0.03590034693479538,0.03627866506576538,0.5582993030548096,0.13411782681941986
SAMPLE_03958,0.49987950921058655,0.6826151609420776,0.6879246234893799,1.0,0.016354234889149666,0.0010726966429501772,0.05897904559969902,0.018793700262904167
SAMPLE_03959,0.9916707873344421,0.5613671541213989,0.9998507499694824,0.3420994281768799,0.0001602512929821387,0.03709767013788223,0.06708139181137085,1.0
SAMPLE_03960,0.999612033367157,0.03125152736902237,0.16325940191745758,0.009149043820798397,0.3557605743408203,0.03991706296801567,0.042498521506786346,0.22009876370429993
SAMPLE_03961,0.9991803169250488,0.5887811183929443,0.6493287086486816,0.07080747187137604,0.23982596397399902,0.19057172536849976,0.5348907709121704,0.42127400636672974
SAMPLE_03962,0.4386626183986664,0.3310936391353607,0.27474960684776306,0.0004372716066427529,0.08476624637842178,0.0009665746474638581,0.06499587744474411,0.9965941309928894
SAMPLE_03963,0.6980962753295898,0.8037926554679871,0.6659449934959412,0.007037819363176823,0.07698338478803635,0.012209897860884666,0.008456594310700893,0.9724383354187012
SAMPLE_03964,0.34688788652420044,0.5086304545402527,0.4527127146720886,1.0,0.031924083828926086,0.0011598451528698206,0.1471380889415741,0.1382903903722763
SAMPLE_03965,0.9978520274162292,0.034466203302145004,0.052614353597164154,0.03266636282205582,0.08499981462955475,0.04460546001791954,0.08709413558244705,0.04239576309919357
SAMPLE_03966,0.24479691684246063,0.08071476221084595,0.09124225378036499,1.0,0.04288959130644798,0.0027558747678995132,0.02308276668190956,0.08257724344730377
SAMPLE_03967,0.6933752298355103,0.5898504257202148,0.7538466453552246,0.0004792860709130764,0.5502578020095825,0.0008723203209228814,0.16287530958652496,0.9888023138046265
SAMPLE_03968,0.997829258441925,0.41917353868484497,0.7110897898674011,3.579531403374858e-05,0.6571706533432007,0.001900997944176197,0.05839589238166809,0.9576680064201355
SAMPLE_03969,0.3281276822090149,0.11355571448802948,0.14488884806632996,1.0,0.07633592188358307,0.0003152423887513578,0.005417846143245697,0.0549931526184082
SAMPLE_03970,0.6529573798179626,0.4073060154914856,0.3997616171836853,0.0011775323655456305,0.10484478622674942,0.00825597532093525,0.1508459448814392,0.984725296497345
SAMPLE_03971,0.9997588992118835,0.0005604592151939869,0.0009932382963597775,0.0012475871481001377,0.044755347073078156,0.00016962930385489017,0.0019414868438616395,0.02272837981581688
SAMPLE_03972,0.999039351940155,0.20156660676002502,0.3691290020942688,0.008332973346114159,0.1548810601234436,0.022771019488573074,0.260293573141098,0.25731900334358215
SAMPLE_03973,0.4475337862968445,0.501278281211853,0.3828214108943939,1.0,0.07440675795078278,0.0010881101479753852,0.02545279823243618,0.10079284757375717
SAMPLE_03974,0.9978848695755005,0.2858213484287262,0.4583497643470764,0.024579856544733047,0.052021097391843796,0.016887253150343895,0.00759135652333498,0.25615742802619934
SAMPLE_03975,0.3197517991065979,0.23579415678977966,0.26992782950401306,1.0,0.031263697892427444,0.00023340880579780787,0.025200124830007553,0.9132358431816101
SAMPLE_03976,0.1915258914232254,0.0912880152463913,0.04670887440443039,1.0,0.03357308357954025,3.052633837796748e-05,8.367015107069165e-05,0.9962829351425171
SAMPLE_03977,0.9949739575386047,0.05873379856348038,0.12848541140556335,0.0021699685603380203,0.34186214208602905,0.011981847696006298,0.028838161379098892,0.914276123046875
SAMPLE_03978,0.9989596605300903,0.0892253965139389,0.16891708970069885,0.029037361964583397,0.24594533443450928,0.024772588163614273,0.15032505989074707,0.7351958155632019
SAMPLE_03979,0.9673444032669067,0.03807554766535759,0.04701898247003555,0.001623908057808876,0.6006540060043335,0.0026885527186095715,0.08693134784698486,0.9705888032913208
SAMPLE_03980,0.9993144869804382,0.020841555669903755,0.1024959459900856,0.009188605472445488,0.24042458832263947,0.030869537964463234,0.039225537329912186,0.1132950559258461
SAMPLE_03981,1.0,0.33886080980300903,0.10341347754001617,0.9998769760131836,1.0,1.0,1.0,1.0
SAMPLE_03982,0.9607702493667603,0.8362830877304077,0.9457167387008667,0.010877406224608421,0.7216708660125732,0.012938372790813446,0.45715245604515076,0.7806740999221802
SAMPLE_03983,0.9991235733032227,0.1243153065443039,0.16422727704048157,0.00608897814527154,0.0790463536977768,0.03777795284986496,0.0480356439948082,0.04465091601014137
SAMPLE_03984,0.9992462396621704,0.11171978712081909,0.21081408858299255,0.007779149804264307,0.11566613614559174,0.015708019956946373,0.14681100845336914,0.14742057025432587
SAMPLE_03985,0.9997649192810059,0.04058434069156647,0.13590916991233826,0.006323645822703838,0.41202569007873535,0.03160564973950386,0.05588297173380852,0.5332537889480591
SAMPLE_03986,0.9988645315170288,0.05887579917907715,0.13578671216964722,0.02412959560751915,0.09576083719730377,0.025820482522249222,0.2934113144874573,0.13971754908561707
SAMPLE_03987,0.1989361047744751,0.9081052541732788,0.6578739285469055,1.0,0.028782550245523453,0.0020958331879228354,0.015601633116602898,0.8989348411560059
SAMPLE_03988,0.9997323751449585,0.02465936169028282,0.23344004154205322,0.010277125053107738,0.6416095495223999,0.02574319764971733,0.08360491693019867,0.4651517868041992
SAMPLE_03989,0.7528215646743774,0.7841500043869019,0.7583469152450562,1.0,0.03191079944372177,9.231078729499131e-05,0.010661974549293518,0.22287411987781525
SAMPLE_03990,0.9998623132705688,0.04726940765976906,0.1677505522966385,0.008196244016289711,0.0664430558681488,0.007831161841750145,0.05682503432035446,0.05002681538462639
SAMPLE_03991,0.4211575984954834,0.5801401138305664,0.158574178814888,0.00017026087152771652,0.0012978637823835015,0.00016561639495193958,0.001873745582997799,0.9996498227119446
SAMPLE_03992,0.04205877333879471,0.0329735092818737,0.02903006039559841,1.0,0.024332743138074875,8.49212083267048e-05,0.00012800999684259295,0.9992191195487976
SAMPLE_03993,0.9971308708190918,0.5221125483512878,0.38296905159950256,0.15999096632003784,0.5633082389831543,0.015689784660935402,0.5584372282028198,0.9997493028640747
SAMPLE_03994,0.9992238283157349,0.15534473955631256,0.23893848061561584,0.035617947578430176,0.1936304271221161,0.06980209052562714,0.1323147714138031,0.23016467690467834
SAMPLE_03995,0.27404388785362244,0.019877295941114426,0.019270317628979683,1.0,0.016620781272649765,0.00024236351600848138,0.011690663173794746,0.11598875373601913
SAMPLE_03996,0.4735903739929199,0.8204637765884399,0.8567352294921875,1.0,0.09686563163995743,0.00011513077333802357,0.010336818173527718,0.21275711059570312
SAMPLE_03997,0.47584977746009827,0.5346390008926392,0.5420002937316895,1.0,0.03743787854909897,0.0011682523181661963,0.19873619079589844,0.49407750368118286
SAMPLE_03998,0.024599937722086906,0.0021391913760453463,0.001558529445901513,1.0,0.14077331125736237,0.0002829910663422197,5.0898048357339576e-05,0.9972679018974304
SAMPLE_03999,0.26680898666381836,0.20147576928138733,0.1135399341583252,1.0,0.02111717499792576,8.988881018012762e-05,0.015703236684203148,0.016946952790021896
SAMPLE_04000,0.8263470530509949,0.43082818388938904,0.4704054296016693,0.001265539787709713,0.20768117904663086,0.0042061395943164825,0.22713787853717804,0.8844504356384277
SAMPLE_04001,0.9661115407943726,0.20300297439098358,0.834332287311554,0.0018084112089127302,0.4920884072780609,0.0025792643427848816,0.03595617786049843,0.9386059045791626
SAMPLE_04002,0.9988473653793335,0.041951872408390045,0.04358595609664917,0.009958618320524693,0.151875302195549,0.006986442022025585,0.059535883367061615,0.0742693841457367
SAMPLE_04003,0.9994866251945496,0.030603960156440735,0.18576976656913757,0.015993060544133186,0.39673343300819397,0.020421423017978668,0.08523951470851898,0.3024525046348572
SAMPLE_04004,0.40475648641586304,0.32102862000465393,0.25715482234954834,1.0,0.05075763538479805,0.00037512375274673104,0.00375986285507679,0.03134581819176674
SAMPLE_04005,0.5060927867889404,0.43114137649536133,0.43985825777053833,0.0009832984069362283,0.4113679528236389,0.0019071068381890655,0.06546430289745331,0.819085419178009
SAMPLE_04006,0.9996083974838257,0.3192814886569977,0.38270074129104614,0.0035176605451852083,0.27236834168434143,0.020410671830177307,0.04855453222990036,0.9426709413528442
SAMPLE_04007,0.9990496635437012,0.15742167830467224,0.15779021382331848,0.018514517694711685,0.08992277085781097,0.04334919899702072,0.10779689252376556,0.0723661407828331
SAMPLE_04008,0.27968457341194153,0.9782039523124695,0.9759534597396851,1.0,0.047245968133211136,0.0001961143861990422,0.152445986866951,0.8699156045913696
SAMPLE_04009,0.9998193979263306,0.3277796804904938,0.3395058512687683,0.021824855357408524,0.32882222533226013,0.05066067725419998,0.1794108897447586,0.2813398241996765
SAMPLE_04010,0.9997708201408386,0.07647277414798737,0.1269221305847168,0.014453661628067493,0.2599283754825592,0.018245071172714233,0.055822502821683884,0.13339951634407043
SAMPLE_04011,0.7425112724304199,0.4108664393424988,0.42346078157424927,0.002193150343373418,0.320230633020401,0.002210097387433052,0.05520947650074959,0.7477089762687683
SAMPLE_04012,0.9993972778320312,0.04644282907247543,0.12681522965431213,0.006994166877120733,0.22830502688884735,0.012849373742938042,0.18397407233715057,0.3606816232204437
SAMPLE_04013,0.9891117811203003,0.040155041962862015,0.05250067636370659,0.044569600373506546,0.13372614979743958,0.006448024418205023,0.3564930558204651,0.9507970809936523
SAMPLE_04014,0.9994016885757446,0.562748908996582,0.8030614852905273,0.0003669470315799117,0.692415714263916,0.004228550009429455,0.0603754036128521,0.9953563809394836
SAMPLE_04015,0.999485194683075,0.13759896159172058,0.2696395218372345,0.008583152666687965,0.19427156448364258,0.035609859973192215,0.1576399803161621,0.31867459416389465
SAMPLE_04016,0.9740028381347656,0.3756523132324219,0.445604145526886,0.0001317287387792021,0.5334337949752808,0.0022257526870816946,0.6373127102851868,0.9982234835624695
SAMPLE_04017,0.9990849494934082,0.14744940400123596,0.5002805590629578,0.006354626268148422,0.3634532392024994,0.058656226843595505,0.07202575355768204,0.9761773943901062
SAMPLE_04018,0.9999586939811707,0.007272916380316019,0.033759307116270065,0.16767530143260956,0.9034712910652161,0.046881258487701416,0.05472493916749954,0.9974218606948853
SAMPLE_04019,1.0,0.7579052448272705,0.565130352973938,0.9999205470085144,1.0,1.0,1.0,1.0
SAMPLE_04020,0.9980632066726685,0.29370608925819397,0.221827894449234,0.03853204846382141,0.2514367401599884,0.029570838436484337,0.11044058948755264,0.7539160251617432
SAMPLE_04021,0.4734072685241699,0.2506040930747986,0.23931245505809784,1.0,0.019406773149967194,1.71818865055684e-05,0.03192228451371193,0.9315834045410156
SAMPLE_04022,0.41033658385276794,0.4260846972465515,0.32955437898635864,1.0,0.014804191887378693,0.00029003372765146196,0.08173788338899612,0.2663033604621887
SAMPLE_04023,0.9999611973762512,0.13190898299217224,0.0702165737748146,0.0001706201583147049,0.3884253203868866,0.0327177569270134,0.015367858111858368,0.9978225827217102
SAMPLE_04024,0.9998547434806824,0.4817911684513092,0.46376076340675354,0.044973406940698624,0.41928163170814514,0.041669417172670364,0.16110579669475555,0.8323241472244263
SAMPLE_04025,0.5937116742134094,0.01732683554291725,0.062378693372011185,0.00021187181118875742,0.03416657820343971,0.0002527921460568905,0.0012365649454295635,0.193891242146492
SAMPLE_04026,0.9973447918891907,0.27875441312789917,0.31931522488594055,0.011852257885038853,0.1911914348602295,0.022820958867669106,0.3004031181335449,0.4097771644592285
SAMPLE_04027,0.9962706565856934,0.05097793787717819,0.07068374007940292,0.02505708672106266,0.09182842075824738,0.009215251542627811,0.11488304287195206,0.09517233818769455
SAMPLE_04028,0.999284565448761,0.0342245027422905,0.06134381145238876,0.005261934828013182,0.24095964431762695,0.012371162883937359,0.030859464779496193,0.36204344034194946
SAMPLE_04029,0.9983149766921997,0.04718141630291939,0.0942322164773941,0.017305739223957062,0.0948771983385086,0.028743261471390724,0.0757090374827385,0.08831940591335297
SAMPLE_04030,0.9999788403511047,0.9971697926521301,0.9960148930549622,0.2088092863559723,0.6345252394676208,0.578117847442627,0.9983216524124146,0.8413516879081726
SAMPLE_04031,0.9866893887519836,0.9766820073127747,0.9807950854301453,2.2604488549404778e-05,0.6276793479919434,0.01433658879250288,0.9417850375175476,0.9979934692382812
SAMPLE_04032,0.9995136260986328,0.046014659106731415,0.12873736023902893,0.03944963589310646,0.5180417895317078,0.045767419040203094,0.06850571930408478,0.3281010091304779
SAMPLE_04033,0.9807204008102417,0.9687616229057312,0.9781942367553711,1.972036261577159e-05,0.6057969331741333,0.02818308398127556,0.9574300646781921,0.9980785250663757
SAMPLE_04034,0.9977763295173645,0.7378959655761719,0.9074409604072571,0.6677218675613403,0.48480933904647827,0.3425275385379791,0.863089382648468,0.9999688863754272
SAMPLE_04035,0.9988207817077637,0.18801487982273102,0.2658899426460266,0.028142374008893967,0.0976564884185791,0.04921925812959671,0.2841127812862396,0.1565130203962326
SAMPLE_04036,0.9991931915283203,0.09323415905237198,0.12563066184520721,0.0161355659365654,0.1974169909954071,0.03899402171373367,0.10039118677377701,0.15441161394119263
SAMPLE_04037,0.9991470575332642,0.9958106875419617,0.9978225827217102,5.1475439249770716e-05,0.0075097279623150826,0.0001166752990684472,0.3876515030860901,0.9997708201408386
SAMPLE_04038,1.0,0.5853778719902039,0.5769768953323364,0.9969476461410522,1.0,1.0,1.0,1.0
SAMPLE_04039,0.2882150113582611,0.11392233520746231,0.14181861281394958,1.0,0.010815581306815147,7.385128265013918e-05,0.03889681398868561,0.866931140422821
SAMPLE_04040,1.0,0.5535469055175781,0.43989261984825134,0.9999099969863892,1.0,1.0,1.0,1.0
SAMPLE_04041,0.9535995721817017,0.4678238034248352,0.4437093138694763,0.00019892696582246572,0.1706356704235077,0.0009705658885650337,0.02617710456252098,0.981950581073761
SAMPLE_04042,0.9995571970939636,0.0027053114026784897,0.001013254513964057,0.00044433254515752196,0.00019310014613438398,0.0013043314684182405,0.0009065380436368287,0.0010192616609856486
SAMPLE_04043,0.9853706359863281,0.9005672335624695,0.9460974931716919,0.017655160278081894,0.4824693202972412,0.01272466778755188,0.6840215921401978,0.9720282554626465
SAMPLE_04044,0.9994758367538452,0.25461432337760925,0.3812209963798523,0.012832661159336567,0.17029747366905212,0.045907162129879,0.11226709932088852,0.3155861496925354
SAMPLE_04045,0.9994972944259644,0.04445009306073189,0.07356654107570648,0.05271614342927933,0.006551182363182306,0.0001375206047669053,0.01474103145301342,0.9965936541557312
SAMPLE_04046,0.9997636675834656,0.02253619208931923,0.17002925276756287,0.009441629983484745,0.3224114775657654,0.029556920751929283,0.052215538918972015,0.1088661327958107
SAMPLE_04047,0.9999936819076538,0.00039632004336453974,0.0007402859628200531,0.008057431317865849,0.04136255010962486,0.00010396228026365861,0.001582615659572184,0.018144678324460983
SAMPLE_04048,0.9996806979179382,0.13505819439888,0.19648638367652893,0.010996172204613686,0.2946639657020569,0.022031383588910103,0.07092075794935226,0.0944240391254425
SAMPLE_04049,0.9999147653579712,0.10826843976974487,0.10631582885980606,0.0077299922704696655,0.11018548160791397,0.0112225953489542,0.36185821890830994,0.4989224076271057
SAMPLE_04050,0.9994767904281616,0.1553877890110016,0.21069487929344177,0.03969389945268631,0.2541622519493103,0.03915385156869888,0.09211377054452896,0.28327128291130066
SAMPLE_04051,0.9879310727119446,0.32296016812324524,0.9286137819290161,0.00015074539987836033,0.6597550511360168,0.0015956021379679441,0.14395664632320404,0.9964143633842468
SAMPLE_04052,0.033824190497398376,0.0008183528552763164,0.0003149874974042177,1.0,0.0005241987528279424,0.00014155646204017103,0.0005703198839910328,0.9507082104682922
SAMPLE_04053,0.9618364572525024,0.28141912817955017,0.9201631546020508,0.0006238020141609013,0.49558815360069275,0.0008265260839834809,0.2229454219341278,0.9723359942436218
SAMPLE_04054,0.9889147877693176,0.021377723664045334,0.02222881093621254,0.10205676406621933,0.18194006383419037,0.026548942551016808,0.010563865303993225,0.9995071291923523
SAMPLE_04055,0.6328070759773254,0.07466847449541092,0.015524538233876228,1.0,0.005411445163190365,0.0008134062518365681,0.0026542218402028084,0.03803667798638344
SAMPLE_04056,0.7999741435050964,0.0006503410404548049,2.692681118787732e-05,0.11891131103038788,0.03818581998348236,0.0009372797794640064,0.00039569815271534026,0.9889262914657593
SAMPLE_04057,0.8578107953071594,0.47306185960769653,0.5185843110084534,0.00026078143855556846,0.3368085026741028,0.006120835430920124,0.30350005626678467,0.9860643148422241
SAMPLE_04058,0.9995715022087097,0.028469165787100792,0.17753317952156067,0.008996725082397461,0.33779221773147583,0.0249968022108078,0.06040193513035774,0.41739147901535034
SAMPLE_04059,0.3929286599159241,0.9884589314460754,0.9776391983032227,1.0,0.07329331338405609,0.00015262013766914606,0.149250328540802,0.9663055539131165
SAMPLE_04060,0.9443042874336243,0.4701005816459656,0.577488362789154,0.0010036204475909472,0.43036332726478577,0.0015354001661762595,0.3452206254005432,0.9707788228988647
SAMPLE_04061,0.035679928958415985,0.08125302940607071,0.999516487121582,0.00010299556015525013,0.06603342294692993,1.0103593922394793e-05,0.010932890698313713,0.9998523592948914
SAMPLE_04062,0.9987210035324097,0.05699843168258667,0.15337049961090088,0.0005474561476148665,0.33617907762527466,0.01299329660832882,0.04162942245602608,0.9553903341293335
SAMPLE_04063,0.999832272529602,0.0263301283121109,0.11769294738769531,0.0001172191696241498,0.2863467335700989,0.016536839306354523,0.015364496037364006,0.9927968978881836
SAMPLE_04064,0.9998758435249329,0.004842623136937618,0.019323397427797318,0.011168907396495342,0.32629311084747314,0.008445094339549541,0.019818274304270744,0.04370090737938881
SAMPLE_04065,0.21844324469566345,0.007545496337115765,0.006164757534861565,1.0,0.037535443902015686,0.0004198519163765013,7.321485463762656e-05,0.0989672988653183
SAMPLE_04066,0.999538242816925,0.25924643874168396,0.31389495730400085,0.03662245348095894,0.35152900218963623,0.09513063728809357,0.29172468185424805,0.3483317494392395
SAMPLE_04067,1.0,5.53789277546457e-06,1.8972734324052e-05,0.01213768869638443,1.0,1.0,1.0,1.0
SAMPLE_04068,0.9998594522476196,0.0003811120695900172,0.0001406966184731573,0.002393652219325304,0.00044110199087299407,0.0007182301487773657,0.0012148362584412098,0.002698610769584775
SAMPLE_04069,0.39116302132606506,0.6964459419250488,0.7336491942405701,1.0,0.06253674626350403,0.00015648524276912212,0.03342760354280472,0.9284211993217468
SAMPLE_04070,0.9987117648124695,0.026059389114379883,0.06125093251466751,0.021174658089876175,0.1475612372159958,0.01729283481836319,0.13134130835533142,0.16489271819591522
SAMPLE_04071,0.9999650716781616,0.5275692939758301,0.5058618187904358,0.012350006960332394,0.3779663145542145,0.013533997349441051,0.09234936535358429,0.5788331627845764
SAMPLE_04072,0.9961344003677368,0.19745300710201263,0.23694531619548798,0.018420333042740822,0.13444939255714417,0.03140291944146156,0.09464050829410553,0.09213456511497498
SAMPLE_04073,0.9996874928474426,0.039925120770931244,0.056931156665086746,0.01531062088906765,0.4845346510410309,0.05466587096452713,0.04214026778936386,0.450761616230011
SAMPLE_04074,0.9278359413146973,0.0002327559341210872,0.39051929116249084,0.004278712905943394,0.6310065984725952,0.0006528359954245389,0.14731568098068237,0.9979053735733032
SAMPLE_04075,0.999251663684845,0.034610260277986526,0.09377557039260864,0.007805502507835627,0.07039244472980499,0.0349988229572773,0.05203540250658989,0.06519506871700287
SAMPLE_04076,0.6827100515365601,0.0723142996430397,0.12341412156820297,0.00034434214467182755,0.41465139389038086,0.0010068952105939388,0.07886935770511627,0.9926191568374634
SAMPLE_04077,0.9970714449882507,0.35439208149909973,0.5430645942687988,0.17777271568775177,0.48415255546569824,0.1079154834151268,0.2378677874803543,0.9580260515213013
SAMPLE_04078,0.4377211928367615,0.25611594319343567,0.1859728991985321,1.0,0.022084113210439682,0.00025035266298800707,0.005471221171319485,0.008604484610259533
SAMPLE_04079,0.4287419319152832,0.017357904464006424,0.017289044335484505,1.0,0.020397182554006577,0.0015548242954537272,0.03514043986797333,0.9165485501289368
SAMPLE_04080,0.6539393663406372,0.3827251195907593,0.6524420976638794,8.343460649484769e-05,0.08694620430469513,0.00038742535980418324,0.06325043737888336,0.4426949620246887
SAMPLE_04081,1.0,0.9434455037117004,0.9680439829826355,0.9999960064888,1.0,1.0,1.0,1.0
SAMPLE_04082,0.999678909778595,0.08304500579833984,0.1862328052520752,0.00939191598445177,0.36830997467041016,0.008531652390956879,0.05809520557522774,0.7262983918190002
SAMPLE_04083,0.9998828768730164,0.008128255605697632,0.023535996675491333,0.016496501863002777,0.5629738569259644,0.009759840555489063,0.015424594283103943,0.5216513872146606
SAMPLE_04084,0.97386234998703,0.5646947026252747,0.9768617749214172,0.0007788415532559156,0.5083907842636108,0.0007623947458341718,0.41570502519607544,0.9714508056640625
SAMPLE_04085,1.0,0.21503539383411407,0.057674579322338104,0.9993494749069214,1.0,1.0,1.0,1.0
SAMPLE_04086,0.9995898008346558,0.014397675171494484,0.05862359330058098,0.008391447365283966,0.2358936369419098,0.012954737059772015,0.07673443108797073,0.21765542030334473
SAMPLE_04087,0.9993778467178345,0.22569577395915985,0.3100544810295105,0.018105745315551758,0.2569114863872528,0.017809122800827026,0.09778700768947601,0.4948174059391022
SAMPLE_04088,0.9653459787368774,0.968403160572052,0.9776220321655273,0.00039467192254960537,0.6840301752090454,0.04082483798265457,0.6098566055297852,0.9923251867294312
SAMPLE_04089,0.9620835185050964,0.20454749464988708,0.8356609344482422,0.0003010838117916137,0.6830124258995056,0.007235976867377758,0.30046290159225464,0.9933801889419556
SAMPLE_04090,0.9994851350784302,0.3627534508705139,0.6776631474494934,0.0025166762061417103,0.3568294644355774,0.09375655651092529,0.0333486944437027,0.9995220899581909
SAMPLE_04091,0.34474852681159973,0.007649303879588842,0.16089816391468048,1.0,0.0015877789119258523,0.0010358309373259544,0.5149076581001282,0.4198334813117981
SAMPLE_04092,0.999873161315918,0.009872930124402046,0.011956578120589256,0.022588927298784256,0.7672114372253418,0.03912771865725517,0.013845306821167469,0.8533138036727905
SAMPLE_04093,0.9824811816215515,0.007564653642475605,0.0009262528037652373,0.001662199618294835,0.10420586168766022,0.002671507652848959,0.022656859830021858,0.9803244471549988
SAMPLE_04094,0.6633604764938354,0.23602859675884247,0.26116257905960083,0.0008801394142210484,0.10697232186794281,0.00047707679914310575,0.030350467190146446,0.9081627130508423
SAMPLE_04095,0.5071776509284973,0.7505431175231934,0.7124250531196594,1.0,0.06529079377651215,0.006733231246471405,0.12514138221740723,0.1879875510931015
SAMPLE_04096,0.9989946484565735,0.13701662421226501,0.19358812272548676,0.04917718842625618,0.1312067061662674,0.03896135464310646,0.16428641974925995,0.11406102031469345
SAMPLE_04097,0.9611414074897766,0.6787575483322144,0.630104660987854,0.012858015485107899,0.4476010799407959,0.01040739007294178,0.3276129364967346,0.9360321760177612
SAMPLE_04098,0.9835346341133118,0.6581788659095764,0.6323825120925903,0.17665937542915344,0.9015754461288452,0.009841800667345524,0.1239226683974266,0.9882276654243469
SAMPLE_04099,0.9983364343643188,0.3189089596271515,0.4708145260810852,0.03459784388542175,0.5744797587394714,0.04969064146280289,0.2632717490196228,0.7069546580314636
SAMPLE_04100,0.9998403787612915,0.10186396539211273,0.23510274291038513,0.020941369235515594,0.2582147717475891,0.059243857860565186,0.34712880849838257,0.829018235206604
SAMPLE_04101,0.986426055431366,0.9335982203483582,0.9603592157363892,1.0,0.16486012935638428,0.024672534316778183,0.9481898546218872,0.9703601002693176
SAMPLE_04102,0.9967148900032043,0.23625048995018005,0.26005035638809204,0.04961429536342621,0.2834077477455139,0.07027408480644226,0.2876473069190979,0.6610209941864014
SAMPLE_04103,0.6781394481658936,0.058497585356235504,0.059629328548908234,1.0,0.11501897871494293,0.0004103301034774631,0.006684145424515009,0.298941969871521
SAMPLE_04104,0.767492413520813,0.20112350583076477,0.2324078381061554,0.00016491641872562468,0.18518109619617462,0.00045897759264335036,0.14637400209903717,0.9268503189086914
SAMPLE_04105,0.999271035194397,0.035280365496873856,0.08901984989643097,0.006767018232494593,0.10504923015832901,0.01839272491633892,0.04221358150243759,0.10244520008563995
SAMPLE_04106,0.995998203754425,0.049257367849349976,0.04842178151011467,0.012281926348805428,0.076959528028965,0.008272122591733932,0.041772037744522095,0.0307659562677145
SAMPLE_04107,0.8500263094902039,0.15012404322624207,0.17123818397521973,0.0001636283559491858,0.11120910942554474,0.0006409830530174077,0.14450770616531372,0.9965513348579407
SAMPLE_04108,0.16283734142780304,0.48712167143821716,0.6374614834785461,1.0,0.01742272637784481,1.4711609992446029e-06,0.00092663848772645,0.9993211627006531
SAMPLE_04109,0.24021443724632263,0.5784888863563538,0.49986591935157776,1.0,0.00940768513828516,5.386271368479356e-05,0.008706172928214073,0.028013091534376144
SAMPLE_04110,0.8445704579353333,0.7792719602584839,0.9051944017410278,1.0,0.019988490268588066,0.00030530575895681977,0.7270686626434326,0.2714212238788605
SAMPLE_04111,0.5433160066604614,0.6112720966339111,0.5992889404296875,0.03247581049799919,0.09737221896648407,0.012750104069709778,0.05488204210996628,0.8357576131820679
SAMPLE_04112,0.9996453523635864,0.012307359836995602,0.012394359335303307,0.010698015801608562,0.03907956928014755,0.0015951314708217978,0.037623994052410126,0.06671260297298431
SAMPLE_04113,0.999731719493866,0.14875724911689758,0.08155381679534912,0.03747672587633133,0.415019690990448,0.020014729350805283,0.2215716391801834,0.9091842770576477
SAMPLE_04114,0.999340832233429,0.004780095536261797,0.0035905055701732635,0.0006052319658920169,0.06416987627744675,0.000466623721877113,0.008795322850346565,0.026003461331129074
SAMPLE_04115,0.5084924101829529,0.3487645089626312,0.36959999799728394,0.0013476150343194604,0.23864999413490295,0.0018214877927675843,0.09272317588329315,0.4357217848300934
SAMPLE_04116,0.9999645352363586,0.18858255445957184,0.5271521806716919,0.001109523349441588,0.18287232518196106,0.013240011408925056,0.06394343823194504,0.9953439831733704
SAMPLE_04117,0.9937755465507507,0.045460980385541916,0.023222368210554123,0.0035297819413244724,0.08552360534667969,0.0017093028873205185,0.023775236681103706,0.03397466242313385
SAMPLE_04118,0.9998529553413391,0.008826114237308502,0.021477069705724716,0.18495973944664001,0.7661556005477905,0.13521698117256165,0.18449506163597107,0.9762300252914429
SAMPLE_04119,0.9998481869697571,0.0077826352789998055,0.100557841360569,0.017658265307545662,0.4703260064125061,0.013277530670166016,0.021318508312106133,0.5075064897537231
SAMPLE_04120,0.9990388751029968,0.008969655260443687,0.024560069665312767,0.0008619255386292934,0.5351980924606323,0.0032062879763543606,0.018741538748145103,0.3672857880592346
SAMPLE_04121,0.9981433153152466,0.324632465839386,0.4952245354652405,0.062259744852781296,0.3123534321784973,0.18811403214931488,0.386875182390213,0.44468116760253906
SAMPLE_04122,0.9780188798904419,0.46927976608276367,0.46436405181884766,0.013737830333411694,0.3097403645515442,0.009249769151210785,0.5122519731521606,0.9412368535995483
SAMPLE_04123,0.999632716178894,0.04320387542247772,0.02837083302438259,0.053604207932949066,0.2682288587093353,0.03997225686907768,0.05603291466832161,0.28745171427726746
SAMPLE_04124,0.9989858865737915,0.007112195249646902,0.010848683305084705,0.005008091684430838,0.22965800762176514,0.0024719317443668842,0.013295568525791168,0.03446384146809578
SAMPLE_04125,0.8406737446784973,0.05220004916191101,0.24280187487602234,0.021118659526109695,0.2988154888153076,0.030249888077378273,0.3534943461418152,0.9993860125541687
SAMPLE_04126,0.9999579191207886,0.023129409179091454,0.029716238379478455,0.013084890320897102,0.4045174717903137,0.016769636422395706,0.018399450927972794,0.38995033502578735
SAMPLE_04127,0.9993442296981812,0.05716443061828613,0.3373504877090454,0.03577306121587753,0.07081189751625061,0.038125962018966675,0.0869244784116745,0.12286553531885147
SAMPLE_04128,0.8796049356460571,0.2771187424659729,0.6540511846542358,0.00021443297737278044,0.4469127655029297,0.00367971183732152,0.04995767027139664,0.9668528437614441
SAMPLE_04129,0.9991399049758911,0.2802125811576843,0.4274689257144928,0.031598739326000214,0.34581542015075684,0.035391587764024734,0.22597117722034454,0.4247995913028717
SAMPLE_04130,0.9998258352279663,0.025086993351578712,0.08550863713026047,0.030762340873479843,0.1526673138141632,0.00499073276296258,0.029993608593940735,0.12516482174396515
SAMPLE_04131,0.9870478510856628,0.14832517504692078,0.04860585555434227,0.0007292629452422261,0.02268616110086441,0.002633454976603389,0.008008410222828388,0.9994003176689148
SAMPLE_04132,0.7666646242141724,0.4824669361114502,0.3321065306663513,0.0006125312065705657,0.2457524836063385,0.003231822745874524,0.21758989989757538,0.9562470316886902
SAMPLE_04133,0.24914748966693878,0.028452986851334572,0.044236548244953156,1.0,0.04483552649617195,0.0004127172287553549,0.002224674914032221,0.9726711511611938
SAMPLE_04134,0.9996501207351685,0.007689435034990311,0.023292742669582367,0.007840307429432869,0.21735410392284393,0.009613512083888054,0.02686024270951748,0.1654427945613861
SAMPLE_04135,0.9996446371078491,0.0746365338563919,0.11567728221416473,0.005821618251502514,0.1413038671016693,0.020796071738004684,0.045342687517404556,0.0604209378361702
SAMPLE_04136,0.45769137144088745,0.6018653512001038,0.6271255612373352,1.0,0.05780637264251709,0.0047920034267008305,0.2490905076265335,0.6026474833488464
SAMPLE_04137,0.9010664224624634,0.7969056367874146,0.8535639047622681,0.0017376277828589082,0.10924230515956879,0.0006567188538610935,0.3829526901245117,0.7256987690925598
SAMPLE_04138,1.0,0.34591105580329895,0.2929409146308899,0.9999603033065796,1.0,1.0,1.0,1.0
SAMPLE_04139,0.999705970287323,0.001076936605386436,0.0016096348408609629,0.009568617679178715,0.6074236631393433,0.008568136021494865,0.0016411247197538614,0.6251884698867798
SAMPLE_04140,0.6803489923477173,0.03860501945018768,0.03312643617391586,0.0003834126691799611,0.11479729413986206,0.0014139044797047973,0.02286365255713463,0.9854487180709839
SAMPLE_04141,0.9939659833908081,0.07682789862155914,0.18089044094085693,0.014608165249228477,0.2293763905763626,0.010954705998301506,0.02786323055624962,0.33796292543411255
SAMPLE_04142,0.9982270002365112,0.014288934879004955,0.01907174289226532,0.05392060428857803,0.40309205651283264,0.015583425760269165,0.025893012061715126,0.9863426089286804
SAMPLE_04143,0.9997544288635254,0.26131001114845276,0.27912503480911255,0.026693591848015785,0.40634432435035706,0.10308871418237686,0.16118040680885315,0.4087871015071869
SAMPLE_04144,0.9995898008346558,0.0047783986665308475,0.0077289072796702385,0.0038639840204268694,0.07033011317253113,0.0020904671400785446,0.020923735573887825,0.08862961828708649
SAMPLE_04145,0.9992474317550659,0.12321026623249054,0.2807298004627228,0.015567952767014503,0.09259441494941711,0.013937070965766907,0.09557817876338959,0.0782545953989029
SAMPLE_04146,0.9998748898506165,0.009607451036572456,0.03173079714179039,0.006838818080723286,0.43742305040359497,0.0167586300522089,0.013967190869152546,0.46901607513427734
SAMPLE_04147,0.28089791536331177,0.3897361755371094,0.39699843525886536,1.0,0.05265031009912491,0.0003266871499363333,0.008121855556964874,0.02138272300362587
SAMPLE_04148,0.9983051419258118,0.09586481004953384,0.23453839123249054,0.010205531492829323,0.10744789987802505,0.019980931654572487,0.17084163427352905,0.1821332722902298
SAMPLE_04149,0.820220947265625,0.15758700668811798,0.27800124883651733,0.00028387163183651865,0.31302258372306824,0.0017291050171479583,0.11265977472066879,0.9890433549880981
SAMPLE_04150,0.3732321262359619,0.9170422554016113,0.8970036506652832,1.0,0.09867378324270248,0.00023523124400526285,0.021774325519800186,0.08732385188341141
SAMPLE_04151,0.9996774792671204,0.03408871218562126,0.0707034170627594,0.015589105896651745,0.39981773495674133,0.03906967490911484,0.05075095221400261,0.31143102049827576
SAMPLE_04152,0.10322638601064682,0.08206958323717117,0.11035953462123871,1.0,0.008418974466621876,7.483745866920799e-05,0.002661344828084111,0.01914852485060692
SAMPLE_04153,0.5081993341445923,0.3674824833869934,0.30057471990585327,1.0,0.06429477781057358,0.018996573984622955,0.05334926396608353,0.25822821259498596
SAMPLE_04154,0.9980436563491821,0.02037676051259041,0.06796269118785858,0.016258127987384796,0.1602734625339508,0.028628036379814148,0.04646482691168785,0.09802369028329849
SAMPLE_04155,0.9457704424858093,0.4211430549621582,0.5867016911506653,8.654817793285474e-05,0.4795242249965668,0.0005094537045806646,0.055489618331193924,0.9947123527526855
SAMPLE_04156,0.9972224235534668,0.02664671465754509,0.07691474258899689,0.023685822263360023,0.1222614049911499,0.026474034413695335,0.10429451614618301,0.3453724980354309
SAMPLE_04157,0.5177063345909119,0.2768527865409851,0.26452547311782837,1.0,0.11252138763666153,0.0015572465490549803,0.014596383087337017,0.05927962809801102
SAMPLE_04158,0.9596927762031555,0.12637543678283691,0.17413850128650665,1.8435079255141318e-05,0.22212854027748108,0.00024164370552171022,0.013305949047207832,0.9927700161933899
SAMPLE_04159,0.5328934788703918,0.3986240029335022,0.3141116499900818,1.0,0.1735565960407257,0.0020029754377901554,0.14050434529781342,0.9978944063186646
SAMPLE_04160,0.9994800686836243,0.015632236376404762,0.09909416735172272,0.008832726627588272,0.19101712107658386,0.04295520856976509,0.03297751024365425,0.12414320558309555
SAMPLE_04161,0.9345620274543762,0.5227278470993042,0.6031366586685181,0.008071180433034897,0.4164765477180481,0.004711084067821503,0.25202494859695435,0.9609630703926086
SAMPLE_04162,0.480095773935318,0.04036271199584007,0.03222845494747162,0.0013834607088938355,0.13008099794387817,0.0024265157990157604,0.017644675448536873,0.7173606157302856
SAMPLE_04163,1.0,0.39660125970840454,0.6516973376274109,0.24687235057353973,0.02864046022295952,0.010716555640101433,0.8280946612358093,1.0
SAMPLE_04164,0.13380387425422668,0.08427330106496811,0.12354282289743423,1.0,0.0334390252828598,0.0003760232648346573,0.00492480956017971,0.08200062811374664
SAMPLE_04165,0.9944902658462524,0.7074531316757202,0.8734053373336792,0.007279427256435156,0.7627882361412048,0.0098233912140131,0.7494569420814514,0.9856041669845581
SAMPLE_04166,0.2367909699678421,0.5861955881118774,0.39917558431625366,0.00018664311210159212,0.041359707713127136,0.0002494057989679277,0.0060419198125600815,0.6860872507095337
SAMPLE_04167,0.42631953954696655,0.34388071298599243,0.6037006974220276,0.00021622274653054774,0.14999273419380188,0.00047424202784895897,0.030052876099944115,0.6853654980659485
SAMPLE_04168,0.9050654172897339,0.9281498193740845,0.9726999998092651,0.004009679891169071,0.08745147287845612,0.0007860944606363773,0.4202186167240143,0.7122809290885925
SAMPLE_04169,0.999703049659729,0.2545555830001831,0.37264734506607056,0.05003344267606735,0.1910969465970993,0.1696784794330597,0.21468417346477509,0.26166051626205444
SAMPLE_04170,0.780963122844696,0.6196615695953369,0.5900377631187439,1.0,0.026865903288125992,0.0001004604491754435,0.016957784071564674,0.09664491564035416
SAMPLE_04171,0.9994058609008789,0.11791565269231796,0.15767069160938263,0.04546625167131424,0.20509429275989532,0.03901736065745354,0.056465767323970795,0.5244824886322021
SAMPLE_04172,0.99455726146698,0.1813424527645111,0.299444317817688,0.018418993800878525,0.1385277509689331,0.02648734487593174,0.190582275390625,0.34016019105911255
SAMPLE_04173,0.9999960064888,0.6226807236671448,0.5385473966598511,0.28225842118263245,0.3296504318714142,0.25510373711586,0.7817184329032898,0.9389011263847351
SAMPLE_04174,0.1476011425256729,0.022561602294445038,0.038018517196178436,1.0,0.019763335585594177,8.02163704065606e-05,0.008232689462602139,0.05176759883761406
SAMPLE_04175,0.767996609210968,0.6009699702262878,0.5418720245361328,0.00017337000463157892,0.12133114039897919,0.000935348856728524,0.06176882982254028,0.9914437532424927
SAMPLE_04176,0.9991995692253113,0.1347259134054184,0.09129738062620163,0.002758630318567157,0.023607050999999046,0.00425610551610589,0.029521310701966286,0.02223871275782585
SAMPLE_04177,0.4321290850639343,0.34214168787002563,0.16279181838035583,0.0003448475035838783,0.06759990006685257,0.0005607875064015388,0.04045729711651802,0.9936076998710632
SAMPLE_04178,0.9987310171127319,0.6168018579483032,0.741421639919281,0.03361319750547409,0.5296922922134399,0.2794846296310425,0.5337871313095093,0.985484778881073
SAMPLE_04179,0.9997152090072632,0.05467630550265312,0.04270289093255997,0.004889810923486948,0.788486123085022,0.0368209183216095,0.05447303503751755,0.9870296716690063
SAMPLE_04180,1.0,0.27017784118652344,0.1702423244714737,0.999916672706604,1.0,1.0,1.0,1.0
SAMPLE_04181,0.6919875144958496,0.028558215126395226,0.03202314302325249,0.009690905921161175,0.3316256105899811,0.00824571680277586,0.027953555807471275,0.7056487798690796
SAMPLE_04182,0.9997148513793945,0.03017798624932766,0.03809627145528793,0.005158537067472935,0.08959124982357025,0.011187916621565819,0.024207647889852524,0.07665874063968658
SAMPLE_04183,0.5920087695121765,0.5202218294143677,0.5029407739639282,1.0,0.058160148561000824,0.0003986334486398846,0.0018017379334196448,0.03223994001746178
SAMPLE_04184,0.9996598958969116,0.0445515513420105,0.12215055525302887,0.010966408997774124,0.16956296563148499,0.004865499213337898,0.07702557742595673,0.1591137796640396
SAMPLE_04185,0.9992748498916626,0.24466590583324432,0.319875568151474,0.020892038941383362,0.10380115360021591,0.0881137102842331,0.2844221293926239,0.12417026609182358
SAMPLE_04186,0.2192612588405609,0.3010346591472626,0.24523572623729706,1.0,0.024164069443941116,0.0008578828419558704,0.12273094803094864,0.07960516214370728
SAMPLE_04187,0.763005256652832,0.535268247127533,0.5433338284492493,0.0012652778532356024,0.3888183534145355,0.003348828759044409,0.2709457576274872,0.9984354972839355
SAMPLE_04188,0.8334956169128418,0.42633017897605896,0.282679945230484,0.00011663377517834306,0.08235614001750946,0.0004310299700591713,0.03905818611383438,0.9940556287765503
SAMPLE_04189,0.7385231852531433,0.15616770088672638,0.0853206217288971,0.0008902406552806497,0.33895015716552734,0.003908558748662472,0.04683322459459305,0.9932512044906616
SAMPLE_04190,0.9981727600097656,0.12315598875284195,0.21673646569252014,0.012536915950477123,0.07913855463266373,0.021504703909158707,0.15859103202819824,0.1023915633559227
SAMPLE_04191,0.9997323751449585,0.022930847480893135,0.023051325231790543,0.009210960008203983,0.1989034116268158,0.01889962889254093,0.015886442735791206,0.2973245084285736
SAMPLE_04192,0.9979365468025208,0.03149036318063736,0.06665315479040146,0.008742352947592735,0.08510340750217438,0.01250467635691166,0.028239622712135315,0.14925441145896912
SAMPLE_04193,0.9909814596176147,0.36844557523727417,0.5741062760353088,0.0010624808492138982,0.5755596160888672,0.005057597532868385,0.014264377765357494,0.9904772043228149
SAMPLE_04194,0.7200144529342651,0.017450746148824692,0.024723205715417862,0.004001975525170565,0.38110581040382385,0.0027075952384620905,0.00851681362837553,0.06439155340194702
SAMPLE_04195,0.999708354473114,0.06920426338911057,0.33715206384658813,0.061603058129549026,0.12401150166988373,0.03835820406675339,0.535677433013916,0.7664126753807068
SAMPLE_04196,0.9971095323562622,0.10867589712142944,0.03208513185381889,0.07761533558368683,0.24729934334754944,0.01775936782360077,0.07711686193943024,0.9760634303092957
SAMPLE_04197,0.9993430972099304,0.2659428119659424,0.4112115502357483,0.044386304914951324,0.38430702686309814,0.1324206292629242,0.3064457178115845,0.3838752210140228
SAMPLE_04198,0.9998367428779602,0.2967928647994995,0.3886861503124237,0.022805925458669662,0.4754800796508789,0.08156217634677887,0.1373412162065506,0.37091487646102905
SAMPLE_04199,0.9991853833198547,0.3296465277671814,0.2657458484172821,0.09887587279081345,0.313639760017395,0.06828988343477249,0.3825383186340332,0.5148078203201294
SAMPLE_04200,0.3330148458480835,0.36235126852989197,0.34354615211486816,1.0,0.023143142461776733,0.0008226862992160022,0.33176276087760925,0.41318684816360474
SAMPLE_04201,0.9999950528144836,0.027590498328208923,0.0642237439751625,0.054899681359529495,0.11592908948659897,0.007400585804134607,0.10515662282705307,0.10497894138097763
SAMPLE_04202,0.9999925494194031,0.42699021100997925,0.5302136540412903,0.24644438922405243,0.05334426835179329,0.3593873381614685,0.30785104632377625,0.15851663053035736
SAMPLE_04203,0.9961431622505188,0.1583804339170456,0.313536137342453,0.012647347524762154,0.12426009029150009,0.020822927355766296,0.21332725882530212,0.2689521014690399
SAMPLE_04204,0.9998151659965515,0.19905318319797516,0.24780109524726868,0.017946641892194748,0.24206414818763733,0.04976266622543335,0.15617403388023376,0.4514520764350891
SAMPLE_04205,0.9986797571182251,0.17617924511432648,0.28914937376976013,0.019892018288373947,0.1472836285829544,0.03604194521903992,0.3954193592071533,0.2881796658039093
SAMPLE_04206,0.9998550415039062,0.5421013236045837,0.5191472768783569,0.012735950760543346,0.00443221116438508,0.003389694495126605,0.2482236921787262,0.6994244456291199
SAMPLE_04207,0.6480947732925415,0.5405145287513733,0.6270832419395447,1.0,0.07566747069358826,0.00028214461053721607,0.2935686707496643,0.3614315986633301
SAMPLE_04208,0.6553468108177185,0.3545241057872772,0.39815014600753784,0.001692101708613336,0.20633411407470703,0.0023052808828651905,0.11189848184585571,0.35420796275138855
SAMPLE_04209,0.9996877908706665,0.35034143924713135,0.39159029722213745,0.014988633804023266,0.39665907621383667,0.022755950689315796,0.11225911229848862,0.4743587374687195
SAMPLE_04210,0.8132879137992859,0.04455713555216789,0.011058427393436432,0.0003184328379575163,0.07304295152425766,0.0004789317026734352,0.10406067222356796,0.9766116142272949
SAMPLE_04211,0.9995295405387878,0.12812817096710205,0.23699109256267548,0.009425714612007141,0.2746821939945221,0.02399197407066822,0.09095656871795654,0.31511592864990234
SAMPLE_04212,0.9940807223320007,0.009253459982573986,0.0225747711956501,0.010758405551314354,0.3933045566082001,0.03140111267566681,0.004402268677949905,0.9910722970962524
SAMPLE_04213,0.9997094869613647,0.18102607131004333,0.2332775890827179,0.03294619917869568,0.25463777780532837,0.09589675813913345,0.12960223853588104,0.2089705914258957
SAMPLE_04214,0.32460135221481323,0.04399404674768448,0.03258408606052399,1.0,0.004466055426746607,0.00018022285075858235,0.002443610690534115,0.0053657470270991325
SAMPLE_04215,0.9975988268852234,0.10243068635463715,0.24034607410430908,0.02894551120698452,0.048813384026288986,0.010196343064308167,0.025561323389410973,0.9979498982429504
SAMPLE_04216,0.9987661242485046,0.04952060058712959,0.08541896194219589,0.022238390520215034,0.1292131245136261,0.03313234820961952,0.08540527522563934,0.15858833491802216
SAMPLE_04217,0.7781544923782349,0.3552555441856384,0.6202346682548523,1.0,0.05694810301065445,0.000862187531311065,0.8049302101135254,0.6505991816520691
SAMPLE_04218,0.9871928095817566,0.016654571518301964,0.017316805198788643,0.016285518184304237,0.18413960933685303,0.003227220382541418,0.02595716156065464,0.9780198931694031
SAMPLE_04219,0.03645575791597366,0.009400698356330395,0.00479995459318161,1.0,0.025829533115029335,0.0004842035996261984,0.00030091404914855957,0.9419679641723633
SAMPLE_04220,0.9947282075881958,0.4930867552757263,0.3385827839374542,0.021325279027223587,0.172522634267807,0.025406155735254288,0.46628254652023315,0.4300801753997803
SAMPLE_04221,0.22044113278388977,0.06986250728368759,0.1069740280508995,1.0,0.02441660314798355,7.65239674365148e-05,0.008378753438591957,0.06268845498561859
SAMPLE_04222,0.9999721646308899,0.24886377155780792,0.2701414227485657,0.19220681488513947,0.4623211920261383,0.36065009236335754,0.44486093521118164,0.9905527830123901
SAMPLE_04223,0.9718500971794128,0.7809926867485046,0.5982255935668945,0.10521918535232544,0.20950499176979065,0.004401309881359339,0.005337708629667759,0.9992052316665649
SAMPLE_04224,0.9990835189819336,0.10194642841815948,0.561153769493103,0.2827422022819519,0.4776671826839447,0.050600599497556686,0.32717424631118774,0.9953703880310059
SAMPLE_04225,0.9998467564582825,0.20217928290367126,0.29262107610702515,0.015112240798771381,0.30924105644226074,0.04082134738564491,0.09054610878229141,0.23110775649547577
SAMPLE_04226,0.9997314214706421,0.0009920636657625437,0.0003555550065357238,0.0002358415222261101,0.012641551904380322,3.7237397918943316e-05,0.0012683572713285685,0.004764765966683626
SAMPLE_04227,0.9993298649787903,0.07931862026453018,0.281486451625824,0.010449888184666634,0.09957407414913177,0.02377249114215374,0.10984430462121964,0.1697387546300888
SAMPLE_04228,0.3197082281112671,0.03420092537999153,0.03628076985478401,1.0,0.020041175186634064,0.00019435412832535803,0.0055620549246668816,0.06355050206184387
SAMPLE_04229,0.9999405741691589,0.1755373626947403,0.11988793313503265,0.022666044533252716,0.24091747403144836,0.012652544304728508,0.02151876874268055,0.4696895182132721
SAMPLE_04230,0.7287754416465759,0.6545851826667786,0.6689869165420532,0.001938656554557383,0.42596691846847534,0.0030825126450508833,0.12455599009990692,0.7956202030181885
SAMPLE_04231,0.49376052618026733,0.604407012462616,0.42466697096824646,0.0003116257139481604,0.011696388013660908,0.0006154011934995651,0.01145637221634388,0.023029159754514694
SAMPLE_04232,0.953415036201477,0.2847663462162018,0.47773733735084534,0.0008378686616197228,0.18240371346473694,0.0038660182617604733,0.03651237115263939,0.9529344439506531
SAMPLE_04233,0.9992486238479614,0.3934977054595947,0.39314892888069153,0.05666112154722214,0.4452645182609558,0.11249259859323502,0.21846513450145721,0.6071926355361938
SAMPLE_04234,0.999974250793457,0.7113839983940125,0.5969927310943604,0.06150462478399277,0.4668648838996887,0.021064454689621925,0.18305198848247528,0.8632630109786987
SAMPLE_04235,0.9998282194137573,0.026156742125749588,0.07340933382511139,0.009896621108055115,0.6186032295227051,0.024704981595277786,0.06251192837953568,0.5044137239456177
SAMPLE_04236,0.3819107413291931,0.4796198904514313,0.42642441391944885,1.0,0.05451866239309311,0.001085326774045825,0.052382856607437134,0.09571237862110138
SAMPLE_04237,0.9999862909317017,0.0004953080788254738,0.00421494897454977,0.01217757910490036,0.07606799900531769,0.0007976832566782832,0.005284127779304981,0.029954951256513596
SAMPLE_04238,0.9511227607727051,0.663217306137085,0.9627727270126343,1.0,0.4891008734703064,0.0006009434582665563,0.6108471751213074,0.9651732444763184
SAMPLE_04239,0.9995757937431335,0.2572724223136902,0.33212798833847046,0.022363850846886635,0.11285777390003204,0.10602182149887085,0.2076536864042282,0.2038520872592926
SAMPLE_04240,0.34649890661239624,0.43835458159446716,0.4203070104122162,1.0,0.04157491773366928,0.0016504370141774416,0.3252076208591461,0.38813576102256775
SAMPLE_04241,0.9998865127563477,0.03345748037099838,0.018270649015903473,0.03192657604813576,0.014826877042651176,0.009109076112508774,0.16359718143939972,0.051757246255874634
SAMPLE_04242,0.9688708186149597,0.23361358046531677,0.28135332465171814,0.0005049208411946893,0.515206515789032,0.0007719711284153163,0.8144766688346863,0.9455393552780151
SAMPLE_04243,0.9998855590820312,0.4195193648338318,0.5311635136604309,0.2975999712944031,0.008090916089713573,0.007516396697610617,0.06755058467388153,0.9959335327148438
SAMPLE_04244,0.9995762705802917,0.17730984091758728,0.2501918375492096,0.020784864202141762,0.06232939288020134,0.04009551554918289,0.05370254069566727,0.21497192978858948
SAMPLE_04245,0.9995730519294739,0.007152389734983444,0.008467600680887699,0.00282975728623569,0.06614695489406586,0.0034628515131771564,0.03891177847981453,0.04702376574277878
SAMPLE_04246,0.17967858910560608,0.18069393932819366,0.218307226896286,1.0,0.03696364909410477,0.0003030130756087601,0.005371602717787027,0.012533029541373253
SAMPLE_04247,0.6043073534965515,0.0025823372416198254,0.0008914489299058914,0.0002304506051586941,0.028885584324598312,0.00021291521261446178,0.03560313582420349,0.9909044504165649
SAMPLE_04248,0.9721447825431824,0.5691097974777222,0.4832777976989746,0.016562992706894875,0.30914297699928284,0.002668095985427499,0.0052803936414420605,0.9995560646057129
SAMPLE_04249,0.647810161113739,0.540138840675354,0.39022332429885864,0.0007385913049802184,0.028762241825461388,0.002026825910434127,0.01632649637758732,0.02071988768875599
SAMPLE_04250,0.22418394684791565,0.14076447486877441,0.1979009062051773,1.0,0.06470061093568802,0.0008443730766884983,0.009552424773573875,0.022473495453596115
SAMPLE_04251,0.4783266484737396,0.2873554229736328,0.35680317878723145,1.0,0.11419077217578888,0.00031536718597635627,0.0029822022188454866,0.03056223690509796
SAMPLE_04252,0.9988558888435364,0.02333374135196209,0.19906160235404968,0.004132098518311977,0.24918217957019806,0.018873443827033043,0.023499736562371254,0.07888626307249069
SAMPLE_04253,0.06652580201625824,0.09970047324895859,0.09229887276887894,1.0,0.02533395029604435,0.0008236387511715293,0.007079633418470621,0.20144405961036682
SAMPLE_04254,0.999055027961731,0.11277701705694199,0.24871377646923065,0.013436628505587578,0.07561677694320679,0.059912510216236115,0.09236426651477814,0.07463907450437546
SAMPLE_04255,0.996533215045929,0.1642831712961197,0.3673301339149475,0.0002038501261267811,0.5373080968856812,0.008345342241227627,0.03553430363535881,0.9892029762268066
SAMPLE_04256,0.9998571276664734,0.2378498613834381,0.44186267256736755,0.012043531984090805,0.5254761576652527,0.012763544917106628,0.22163483500480652,0.6572278141975403
SAMPLE_04257,0.8352645635604858,0.3307143449783325,0.3190978169441223,0.0005573619855567813,0.3097274899482727,0.0012488337233662605,0.13227850198745728,0.9613419771194458
SAMPLE_04258,0.9996011853218079,0.010385889559984207,0.01443597674369812,0.12486038357019424,0.5229242444038391,0.07500692456960678,0.05857214331626892,0.9218670725822449
SAMPLE_04259,0.999753475189209,0.016634702682495117,0.2724913954734802,0.0030595099087804556,0.8937053680419922,0.011366341263055801,0.027094978839159012,0.9995525479316711
SAMPLE_04260,0.9976188540458679,0.04292391613125801,0.15236476063728333,0.018436532467603683,0.22900943458080292,0.02509635128080845,0.1659659743309021,0.2933591902256012
SAMPLE_04261,0.16090652346611023,0.06919962167739868,0.08375303447246552,1.0,0.025177959352731705,0.0014368839329108596,0.03299643471837044,0.04196500778198242
SAMPLE_04262,0.9990836977958679,0.3813350200653076,0.3802173435688019,0.010662849992513657,0.05878276750445366,0.005976857151836157,0.041821688413619995,0.04722421616315842
SAMPLE_04263,0.9986885190010071,0.15116311609745026,0.27860337495803833,0.01709042116999626,0.10173778235912323,0.0326465368270874,0.27970150113105774,0.11184108257293701
SAMPLE_04264,0.33079633116722107,0.6145840883255005,0.6073988080024719,0.0010430194670334458,0.0774519145488739,0.0010692939395084977,0.025730520486831665,0.9845560789108276
SAMPLE_04265,0.9994556307792664,0.46594229340553284,0.5160919427871704,0.022518377751111984,0.19420413672924042,0.06602076441049576,0.5732287764549255,0.6441824436187744
SAMPLE_04266,0.9998787641525269,0.053666628897190094,0.07477512210607529,0.0012169188121333718,0.3554641306400299,0.026799336075782776,0.06593846529722214,0.9826587438583374
SAMPLE_04267,0.9950777888298035,0.009984282776713371,0.03029622696340084,0.09101506322622299,0.4687759280204773,0.014189489185810089,0.010300681926310062,0.9995445013046265
SAMPLE_04268,0.6571308374404907,0.7134079933166504,0.838141918182373,0.022512147203087807,0.3151915669441223,0.01376798190176487,0.14752702414989471,0.9944634437561035
SAMPLE_04269,0.3637879490852356,0.029431039467453957,0.038973093032836914,0.00025520086637698114,0.0988432914018631,0.001012753346003592,0.07530282437801361,0.5670920610427856
SAMPLE_04270,0.9981359243392944,0.04329808056354523,0.04831647872924805,0.014520729891955853,0.04473200812935829,0.02132730931043625,0.047672539949417114,0.030498886480927467
SAMPLE_04271,0.9916881322860718,0.6513813734054565,0.8792335391044617,0.0008915474754758179,0.6953004002571106,0.0119367940351367,0.3649398386478424,0.9987720251083374
SAMPLE_04272,0.9986876249313354,0.040207963436841965,0.15311948955059052,0.012875234708189964,0.3072285056114197,0.02569964900612831,0.0447942391037941,0.22259417176246643
SAMPLE_04273,1.0,0.17680074274539948,0.10463575273752213,0.9999068379402161,1.0,1.0,1.0,1.0
SAMPLE_04274,0.6968852281570435,0.7244550585746765,0.6599228978157043,0.0003319574461784214,0.10785548388957977,0.0026858136989176273,0.06346890330314636,0.9957700967788696
SAMPLE_04275,0.9987298846244812,0.09385757148265839,0.1280943900346756,0.026465067639946938,0.0903460755944252,0.03722551465034485,0.18362192809581757,0.10962069034576416
SAMPLE_04276,0.9995805621147156,0.14273276925086975,0.18754419684410095,0.01216062530875206,0.22589273750782013,0.04416998103260994,0.11213352531194687,0.3739265501499176
SAMPLE_04277,0.999986469745636,0.30724453926086426,0.420039564371109,0.03207264095544815,0.6452325582504272,0.3608781099319458,0.28544071316719055,0.9985271692276001
SAMPLE_04278,0.7196369171142578,0.5489835143089294,0.6162699460983276,0.0222470723092556,0.4693835377693176,0.013302234001457691,0.077189140021801,0.6887465715408325
SAMPLE_04279,0.2988346815109253,0.3003913164138794,0.27689650654792786,1.0,0.05399860814213753,0.003551441477611661,0.029094930738210678,0.060133196413517
SAMPLE_04280,0.9992219805717468,0.7983856201171875,0.6796819567680359,0.02238946408033371,0.4670141339302063,0.07459704577922821,0.5021325349807739,0.8165998458862305
SAMPLE_04281,0.9994834661483765,0.13734479248523712,0.24914845824241638,0.009629594162106514,0.1972699761390686,0.044505275785923004,0.17173945903778076,0.3174542486667633
SAMPLE_04282,0.6918863654136658,0.4813207685947418,0.703544557094574,0.0001407359231961891,0.25901713967323303,0.0004296418628655374,0.06393295526504517,0.6870191693305969
SAMPLE_04283,0.18023034930229187,0.16182377934455872,0.317242294549942,1.0,0.26476460695266724,0.000315091572701931,0.00022801962040830404,0.9997989535331726
SAMPLE_04284,0.14579661190509796,0.04426191374659538,0.04615410044789314,1.0,0.013593865558505058,9.217510523740202e-05,0.0014194769319146872,0.9755399823188782
SAMPLE_04285,0.9989814758300781,0.020819295197725296,0.044731877744197845,0.005477826111018658,0.3000994920730591,0.016549326479434967,0.0526961088180542,0.4204019010066986
SAMPLE_04286,0.2567579448223114,0.47388434410095215,0.4241454601287842,1.0,0.029254212975502014,0.00027758628129959106,0.017326494678854942,0.27423447370529175
SAMPLE_04287,0.966242790222168,0.6064693927764893,0.7859066724777222,0.0014491270994767547,0.377938449382782,0.0013038957258686423,0.4191268980503082,0.9612770080566406
SAMPLE_04288,0.9979546666145325,0.12763524055480957,0.16329629719257355,0.011964979581534863,0.17201249301433563,0.01789802685379982,0.09996077418327332,0.2910230755805969
SAMPLE_04289,0.07676577568054199,0.010594239458441734,0.015568557195365429,1.0,0.026263222098350525,0.0005096968961879611,0.0031753950752317905,0.8703277707099915
SAMPLE_04290,0.39661353826522827,0.4361244738101959,0.38838648796081543,1.0,0.03983917087316513,0.000896161887794733,0.14817199110984802,0.08499948680400848
SAMPLE_04291,0.8064929246902466,0.6378195881843567,0.7665514349937439,0.00025367073249071836,0.3809301555156708,0.0007759302970953286,0.519921064376831,0.9971253275871277
SAMPLE_04292,0.9829168319702148,0.8003962635993958,0.9439241290092468,0.03473920375108719,0.5882729887962341,0.022262470796704292,0.10647605359554291,0.99853515625
SAMPLE_04293,0.9999295473098755,0.15493515133857727,0.0057407040148973465,0.04822797700762749,0.03318221494555473,0.021916748955845833,0.020400747656822205,0.0227965097874403
SAMPLE_04294,0.9998654127120972,0.04298018291592598,0.10565730184316635,0.005032853223383427,0.7349234819412231,0.023908155038952827,0.03633429855108261,0.5730066299438477
SAMPLE_04295,0.998367428779602,0.21505936980247498,0.20644064247608185,0.013074450194835663,0.11564645916223526,0.018526485189795494,0.24805688858032227,0.14634504914283752
SAMPLE_04296,0.9999017715454102,0.5199559926986694,0.29851967096328735,0.14483429491519928,0.34959882497787476,0.10970492660999298,0.37265104055404663,0.9931023716926575
SAMPLE_04297,0.3152448534965515,0.29283562302589417,0.3042510151863098,1.0,0.030876878648996353,0.00044434898882173,0.0782279521226883,0.03282194212079048
SAMPLE_04298,1.0,0.09476727247238159,0.08324503898620605,0.9999871253967285,1.0,1.0,1.0,1.0
SAMPLE_04299,0.9975120425224304,0.046740639954805374,0.02918330766260624,0.005389652214944363,0.0864860936999321,0.00558497617021203,0.07140138000249863,0.0701199322938919
SAMPLE_04300,0.9934093356132507,0.012272749096155167,0.012765392661094666,0.09531952440738678,0.03423560410737991,0.050764866173267365,0.01068003848195076,0.9941533803939819
SAMPLE_04301,0.9999955892562866,0.9994339942932129,0.9983202219009399,0.8276733160018921,0.2694089710712433,0.36765655875205994,0.9974458813667297,0.9999998211860657
SAMPLE_04302,0.999763011932373,0.014919938519597054,0.03264816850423813,0.04068533331155777,0.29520896077156067,0.03666377440094948,0.042672060430049896,0.17332927882671356
SAMPLE_04303,0.9997320175170898,0.12778352200984955,0.29167747497558594,0.007711233105510473,0.12628404796123505,0.0637105256319046,0.09626056998968124,0.16854584217071533
SAMPLE_04304,0.5331001281738281,0.5788715481758118,0.44340887665748596,0.0033244830556213856,0.18428447842597961,0.004307606257498264,0.04019198939204216,0.9922260046005249
SAMPLE_04305,0.9978525042533875,0.03676346316933632,0.04338531941175461,0.03829226642847061,0.40251392126083374,0.03538493439555168,0.04384224861860275,0.22166840732097626
SAMPLE_04306,0.2392229586839676,0.03814104199409485,0.04960865154862404,1.0,0.03236781805753708,0.00038639421109110117,0.009207815863192081,0.8483290672302246
SAMPLE_04307,0.9990280270576477,0.04520510882139206,0.06234235316514969,0.03082343377172947,0.09286414086818695,0.023906227201223373,0.08190105110406876,0.0564718060195446
SAMPLE_04308,0.5545452833175659,0.15908358991146088,0.2797362804412842,0.000642316706944257,0.07541648298501968,0.0017449564766138792,0.025420889258384705,0.9632002711296082
SAMPLE_04309,0.20979097485542297,0.12699472904205322,0.16805541515350342,1.0,0.03877653926610947,0.00031162152299657464,0.007105552591383457,0.021476002410054207
SAMPLE_04310,1.0,0.40171194076538086,0.5081064105033875,0.9999577403068542,1.0,1.0,1.0,1.0
SAMPLE_04311,0.800033450126648,0.5394958257675171,0.6548811793327332,0.0006492779357358813,0.4188712537288666,0.001891890773549676,0.5489063262939453,0.9963000416755676
SAMPLE_04312,0.9991863369941711,0.028836870566010475,0.06740732491016388,0.00645448500290513,0.3867150545120239,0.01834859885275364,0.042082589119672775,0.3733411133289337
SAMPLE_04313,0.9995333552360535,0.21635179221630096,0.20927056670188904,0.017559196799993515,0.23295338451862335,0.021336577832698822,0.1163388341665268,0.12415407598018646
SAMPLE_04314,0.9996148943901062,0.4670379161834717,0.5469571352005005,0.0658932477235794,0.47653928399086,0.016124719753861427,0.4985423684120178,0.9483982920646667
SAMPLE_04315,0.6032155752182007,0.37841272354125977,0.25605136156082153,1.0,0.006232390180230141,0.0002514607331249863,0.04399825632572174,0.03019629791378975
SAMPLE_04316,0.9999799728393555,0.056954801082611084,0.10240890830755234,0.0006567182717844844,0.43168124556541443,0.024004820734262466,0.056567780673503876,0.9986189007759094
SAMPLE_04317,0.9704872369766235,0.3731524348258972,0.8979650735855103,0.005634620785713196,0.2983669638633728,0.0020220433361828327,0.0836043655872345,0.9912334680557251
SAMPLE_04318,0.9993885159492493,0.001961704110726714,0.0020404160022735596,0.006135397590696812,0.2533879578113556,0.006176805589348078,0.0010796228889375925,0.412741482257843
SAMPLE_04319,0.5604066252708435,0.3545560836791992,0.3496161103248596,0.0018239610362797976,0.23746320605278015,0.0013828428927809,0.0565531849861145,0.9049469828605652
SAMPLE_04320,0.9994999170303345,0.23853325843811035,0.18846985697746277,0.05009601637721062,0.3060138523578644,0.02761261537671089,0.09195543825626373,0.9192986488342285
SAMPLE_04321,0.22075608372688293,0.3368387222290039,0.28112831711769104,1.0,0.014480245299637318,0.0001714169920887798,0.12140431255102158,0.1326984465122223
SAMPLE_04322,0.8710888028144836,0.5052014589309692,0.6353112459182739,0.0013155083870515227,0.23699608445167542,0.0005489150062203407,0.10727467387914658,0.9767217636108398
SAMPLE_04323,0.9989822506904602,0.2796763777732849,0.3690723180770874,0.02048834040760994,0.20556733012199402,0.038462892174720764,0.20574486255645752,0.20875343680381775
SAMPLE_04324,0.9115107655525208,0.6764178276062012,0.7706495523452759,0.0035727587528526783,0.40986624360084534,0.002251784782856703,0.2760877013206482,0.9606693387031555
SAMPLE_04325,0.46790164709091187,0.43578290939331055,0.4742489755153656,1.0,0.0899660512804985,0.00029531799373216927,0.05102954059839249,0.02681036666035652
SAMPLE_04326,0.7129724621772766,0.9567908048629761,0.9790862202644348,0.0001453507284168154,0.3233600854873657,0.00015433462976943702,0.3869428336620331,0.4427405297756195
SAMPLE_04327,0.9999955892562866,0.005457122810184956,0.15489955246448517,1.0,0.016322806477546692,0.10389335453510284,0.30659371614456177,0.9973260760307312
SAMPLE_04328,0.5644301176071167,0.393344908952713,0.22465041279792786,1.0,0.04282977432012558,0.00016284800949506462,0.0013798231957480311,0.9679964184761047
SAMPLE_04329,0.9999955296516418,0.9971346855163574,0.9772580862045288,0.9519039392471313,0.6371932029724121,0.8585063815116882,0.9797205924987793,0.9904711842536926
SAMPLE_04330,0.9998952746391296,0.5238767266273499,0.48774901032447815,0.028139034286141396,0.3993399739265442,0.04259278625249863,0.10043071210384369,0.7112060785293579
SAMPLE_04331,0.9994854927062988,0.028139162808656693,0.07596329599618912,0.02570304274559021,0.12048938125371933,0.12576265633106232,0.05784034729003906,0.1530396044254303
SAMPLE_04332,0.988056480884552,0.13615810871124268,0.6541412472724915,0.0012714730110019445,0.6569198369979858,0.00197400338947773,0.34054142236709595,0.9856874346733093
SAMPLE_04333,0.14102710783481598,0.08640196919441223,0.09396987408399582,1.0,0.01988859660923481,0.0015552216209471226,0.05333922430872917,0.13329961895942688
SAMPLE_04334,0.9215170741081238,0.2570245862007141,0.3953759968280792,0.0006739138043485582,0.1986294686794281,0.0016101738438010216,0.03263631835579872,0.9600019454956055
SAMPLE_04335,0.9977687001228333,0.1538347452878952,0.22401252388954163,0.014742657542228699,0.09004264324903488,0.02926510013639927,0.31264805793762207,0.16198940575122833
SAMPLE_04336,0.9801666140556335,0.006525377742946148,0.12168432772159576,0.01216800045222044,0.37589868903160095,0.007740501314401627,0.009814068675041199,0.9926727414131165
SAMPLE_04337,1.0,0.5226123929023743,0.42268580198287964,0.9989980459213257,1.0,1.0,1.0,1.0
SAMPLE_04338,0.99957275390625,0.5397438406944275,0.7565494775772095,0.0211753211915493,0.5474581122398376,0.014162647537887096,0.448953241109848,0.5690823793411255
SAMPLE_04339,0.6293112635612488,0.13503026962280273,0.7468754053115845,3.8097954529803246e-05,0.33851975202560425,0.00020443243556655943,0.021924395114183426,0.9758270382881165
SAMPLE_04340,1.0,0.2772507965564728,0.15928547084331512,0.9997411966323853,1.0,1.0,1.0,1.0
SAMPLE_04341,0.9982093572616577,0.03164613991975784,0.16859391331672668,0.09989526122808456,0.6343672871589661,0.1364857703447342,0.18782642483711243,0.9904422760009766
SAMPLE_04342,0.9989137649536133,0.0330645926296711,0.0747472420334816,0.00827841553837061,0.365339457988739,0.0032174871303141117,0.00448577618226409,0.3323192000389099
SAMPLE_04343,0.6189967393875122,0.7517166137695312,0.7546353936195374,1.0,0.07460330426692963,0.0007380934548564255,0.5893706679344177,0.9952260255813599
SAMPLE_04344,0.6110273599624634,0.6281779408454895,0.6597422361373901,0.0025673655327409506,0.21342940628528595,0.0023311420809477568,0.3827109932899475,0.5143739581108093
SAMPLE_04345,0.3572351038455963,0.592286229133606,0.6214043498039246,1.0,0.056826747953891754,0.0010659029940143228,0.015480387024581432,0.01676180399954319
SAMPLE_04346,0.9768656492233276,0.8884186744689941,0.8206990361213684,0.5818084478378296,0.22448401153087616,0.04777368903160095,0.9315711259841919,0.666008472442627
SAMPLE_04347,0.9999362826347351,0.2309861183166504,0.5838609933853149,0.041760969907045364,0.523150622844696,0.19261811673641205,0.016940196976065636,0.9983067512512207
SAMPLE_04348,0.6920024156570435,0.03471287339925766,0.09615980088710785,0.004738655872642994,0.13647934794425964,0.004958504345268011,0.145299032330513,0.9219157099723816
SAMPLE_04349,0.8935467004776001,0.46383142471313477,0.571561336517334,0.012916354462504387,0.38388901948928833,0.005614695139229298,0.2642531991004944,0.9526573419570923
SAMPLE_04350,0.3380871117115021,0.5206245183944702,0.5102287530899048,1.0,0.0372052937746048,0.0007049897685647011,0.12348754703998566,0.14359953999519348
SAMPLE_04351,0.9992790222167969,0.027600567787885666,0.06753325462341309,0.010312741622328758,0.1973646730184555,0.015357038006186485,0.13876064121723175,0.20150387287139893
SAMPLE_04352,0.9684554934501648,0.5282851457595825,0.5727976560592651,0.007270128931850195,0.4790831208229065,0.010596713051199913,0.49048861861228943,0.9381019473075867
SAMPLE_04353,0.8877848386764526,0.6340237855911255,0.8267539739608765,0.00013443156785797328,0.09832684695720673,0.00018134646234102547,0.018880922347307205,0.6999279260635376
SAMPLE_04354,0.7947388887405396,0.6956959962844849,0.7955635786056519,0.0005291448906064034,0.651201605796814,0.0025778680574148893,0.4077884256839752,0.9980589151382446
SAMPLE_04355,0.3222028911113739,0.34320876002311707,0.2886429727077484,1.0,0.023259375244379044,0.0005736591410823166,0.16319870948791504,0.3385006785392761
SAMPLE_04356,0.999229907989502,0.2234509438276291,0.2634604573249817,0.12419509887695312,0.06594353169202805,0.0582805871963501,0.6135925054550171,0.9793397784233093
SAMPLE_04357,0.27603083848953247,0.04965706542134285,0.06111821532249451,1.0,0.06683723628520966,0.00022887924569658935,0.003012747038155794,0.03307799622416496
SAMPLE_04358,0.9971822500228882,0.26968270540237427,0.26582401990890503,0.012107325717806816,0.12078754603862762,0.015693070366978645,0.34111374616622925,0.21492592990398407
SAMPLE_04359,0.3413241505622864,0.23612257838249207,0.2918538749217987,0.001406852388754487,0.06533513963222504,0.002411098452284932,0.08961772918701172,0.9938980937004089
