sample_id,Ampicillin,Amoxicillin_Clavulanic_acid,Cefotaxime,Cefuroxime,Ciprofloxacin,Ertapenem,Imipenem,Levofloxacin
SAMPLE_03360,0.5268333333333333,0.05616666666666665,0.14525,0.19958333333333328,0.1380833333333333,0.48991666666666667,0.3510833333333333,0.106
SAMPLE_03361,0.03474999999999995,0.118,0.09066666666666665,0.3035833333333333,0.14091666666666666,0.15241666666666664,0.73475,0.23808333333333329
SAMPLE_03362,0.21616666666666665,0.49950000000000006,0.6463333333333334,0.33616666666666667,0.7105,0.33499999999999996,0.2135833333333333,0.7079166666666666
SAMPLE_03363,0.07400000000000001,0.092,0.3909166666666667,0.2723333333333333,0.26349999999999996,0.1890833333333333,0.75,0.28491666666666665
SAMPLE_03364,0.2169166666666667,0.6998333333333334,0.8371666666666666,0.62,0.773,0.38008333333333333,0.23674999999999993,0.76425
SAMPLE_03365,0.3576666666666667,0.5016666666666667,0.7285,0.4591666666666666,0.5225833333333334,0.27391666666666664,0.28758333333333325,0.5059166666666667
SAMPLE_03366,0.26716666666666666,0.31608333333333327,0.57275,0.767,0.6775,0.14833333333333332,0.87575,0.8325833333333333
SAMPLE_03367,0.35,0.7170000000000001,0.7969166666666667,0.6474166666666666,0.7913333333333332,0.27541666666666664,0.3469166666666666,0.8055
SAMPLE_03368,0.17991666666666664,0.39649999999999996,0.8310833333333334,0.7601666666666667,0.7336666666666668,0.23699999999999993,0.93525,0.9036666666666666
SAMPLE_03369,0.42666666666666664,0.84125,0.7459166666666667,0.62075,0.8889166666666666,0.57575,0.211,0.9268333333333332
SAMPLE_03370,0.36166666666666664,0.5315833333333333,0.663,0.7825833333333334,0.5616666666666666,0.5535833333333333,0.6110833333333333,0.5455
SAMPLE_03371,0.16549999999999995,0.27616666666666667,0.16199999999999998,0.6544166666666666,0.28125,0.1725,0.17983333333333323,0.3533333333333333
SAMPLE_03372,0.2813333333333333,0.6995833333333332,0.54275,0.5974999999999999,0.5600833333333334,0.36616666666666664,0.55,0.524
SAMPLE_03373,0.41166666666666674,0.6001666666666666,0.44858333333333333,0.6081666666666667,0.4049999999999999,0.3938333333333333,0.37825,0.3425833333333333
SAMPLE_03374,0.0588333333333333,0.3098333333333333,0.09999999999999999,0.27375,0.348,0.15566666666666665,0.7424999999999999,0.3920833333333333
SAMPLE_03375,0.3687499999999999,0.65025,0.4718333333333333,0.58925,0.509,0.1375833333333333,0.15616666666666665,0.5258333333333334
SAMPLE_03376,0.12283333333333335,0.6903333333333334,0.6505833333333333,0.6772499999999999,0.7175833333333332,0.33299999999999996,0.3853333333333333,0.6957500000000001
SAMPLE_03377,0.3214166666666667,0.6371666666666667,0.5176666666666667,0.4208333333333334,0.6875833333333332,0.1895,0.1498333333333333,0.7117500000000001
SAMPLE_03378,0.7285833333333334,0.26925,0.13333333333333336,0.39291666666666664,0.25058333333333327,0.35416666666666663,0.14500000000000002,0.25066666666666665
SAMPLE_03379,0.6492500000000001,0.7149166666666666,0.7316666666666667,0.68175,0.4005833333333333,0.8756666666666667,0.6330833333333332,0.4354166666666667
SAMPLE_03380,0.51475,0.8680833333333333,0.8659166666666667,0.42125000000000007,0.9400833333333334,0.3461666666666666,0.30766666666666664,0.6445
SAMPLE_03381,0.2033333333333333,0.6531666666666667,0.5413333333333333,0.5963333333333334,0.4681666666666666,0.4083333333333332,0.2569166666666667,0.4529166666666667
SAMPLE_03382,0.6654166666666665,0.21199999999999994,0.25249999999999995,0.29441666666666666,0.20450000000000002,0.5528333333333333,0.42841666666666667,0.152
SAMPLE_03383,0.7699166666666667,0.2920833333333333,0.30333333333333334,0.29191666666666666,0.26491666666666663,0.4628333333333333,0.31733333333333325,0.2970833333333333
SAMPLE_03384,0.6625833333333333,0.4823333333333333,0.7155833333333332,0.5353333333333332,0.6047499999999999,0.9066666666666666,0.7343333333333333,0.6597500000000001
SAMPLE_03385,0.23791666666666667,0.59675,0.5695833333333333,0.5743333333333333,0.6491666666666667,0.34175,0.29475,0.5085833333333334
SAMPLE_03386,0.48683333333333334,0.606,0.6206666666666667,0.5139166666666667,0.6801666666666668,0.34775,0.30774999999999997,0.6558333333333333
SAMPLE_03387,0.020416666666666652,0.11775,0.11349999999999995,0.3143333333333333,0.2393333333333333,0.24475,0.73875,0.24575000000000002
SAMPLE_03388,0.025500000000000002,0.34558333333333335,0.20999999999999996,0.7331666666666667,0.5120833333333333,0.07250000000000001,0.73275,0.7063333333333334
SAMPLE_03389,0.84125,0.17716666666666664,0.17691666666666667,0.13749999999999996,0.4464166666666667,0.4215,0.294,0.0944999999999999
SAMPLE_03390,0.8855,0.6166666666666667,0.06141666666666665,0.3138333333333333,0.2468333333333333,0.23566666666666666,0.066,0.10775
SAMPLE_03391,0.4976666666666667,0.3225,0.6475833333333334,0.32825,0.5004166666666667,0.6215,0.4993333333333333,0.3575833333333333
SAMPLE_03392,0.7201666666666666,0.0935,0.09799999999999995,0.2559166666666666,0.12341666666666665,0.4681666666666666,0.22258333333333336,0.08799999999999994
SAMPLE_03393,0.7310000000000001,0.4484166666666667,0.5583333333333333,0.28275,0.4525,0.7425833333333334,0.6006666666666667,0.274
SAMPLE_03394,0.87275,0.40841666666666665,0.4394166666666667,0.36216666666666664,0.42125,0.641,0.526,0.35075
SAMPLE_03395,0.8151666666666666,0.1030833333333333,0.46266666666666667,0.25566666666666665,0.49041666666666667,0.424,0.37233333333333335,0.25508333333333333
SAMPLE_03396,0.10725,0.2359166666666666,0.20216666666666666,0.32958333333333334,0.33391666666666664,0.12391666666666665,0.7415,0.3464166666666667
SAMPLE_03397,0.29125,0.78025,0.8185,0.5798333333333333,0.6315,0.36058333333333326,0.43391666666666673,0.6412500000000001
SAMPLE_03398,0.20508333333333334,0.6944166666666667,0.76625,0.6075,0.80525,0.4600833333333333,0.46925000000000006,0.7961666666666667
SAMPLE_03399,0.134,0.56075,0.1628333333333333,0.3214166666666667,0.5555,0.17099999999999999,0.73125,0.4930833333333333
SAMPLE_03400,0.8594166666666667,0.276,0.35891666666666666,0.3304166666666666,0.4319166666666666,0.39525,0.3784166666666667,0.26725
SAMPLE_03401,0.8140000000000001,0.45191666666666663,0.22866666666666666,0.24466666666666664,0.22025,0.6711666666666667,0.5494999999999999,0.14233333333333326
SAMPLE_03402,0.1734166666666666,0.48291666666666666,0.6718333333333333,0.4204166666666666,0.679,0.15624999999999994,0.774,0.618
SAMPLE_03403,0.8295000000000001,0.5159166666666667,0.37016666666666664,0.45391666666666663,0.48858333333333326,0.8011666666666666,0.39249999999999996,0.4710833333333333
SAMPLE_03404,0.40016666666666667,0.8285833333333333,0.7774166666666666,0.7543333333333333,0.7158333333333333,0.9170833333333334,0.7543333333333333,0.6914166666666666
SAMPLE_03405,0.3838333333333333,0.71625,0.7343333333333334,0.6699999999999999,0.89775,0.5423333333333333,0.5341666666666666,0.7103333333333333
SAMPLE_03406,0.6981666666666667,0.20166666666666666,0.44258333333333333,0.18075,0.2753333333333333,0.39208333333333334,0.371,0.314
SAMPLE_03407,0.99275,0.921875,0.852375,0.9433750000000001,0.5022083333333334,0.99275,0.8435416666666667,0.7360416666666667
SAMPLE_03408,0.5081666666666667,0.78525,0.6687500000000001,0.7005833333333333,0.46358333333333335,0.8438333333333333,0.6795833333333332,0.45999999999999996
SAMPLE_03409,0.0445833333333333,0.5374166666666667,0.25425,0.7021666666666666,0.5469999999999999,0.08833333333333329,0.734,0.6838333333333333
SAMPLE_03410,0.99275,0.947625,0.9141250000000001,0.9473750000000001,0.6840416666666667,0.99275,0.8417083333333333,0.8119583333333333
SAMPLE_03411,0.7131666666666667,0.5861666666666667,0.5654166666666667,0.48375,0.2770833333333333,0.898,0.6932499999999999,0.27508333333333324
SAMPLE_03412,0.5754166666666667,0.6939166666666666,0.21849999999999994,0.36974999999999997,0.4280833333333333,0.81025,0.5343333333333333,0.36324999999999996
SAMPLE_03413,0.6456666666666666,0.3989999999999999,0.20233333333333334,0.4275833333333333,0.176,0.6004166666666666,0.31758333333333333,0.14266666666666664
SAMPLE_03414,0.01325,0.2358333333333333,0.5734999999999999,0.4940833333333333,0.5245833333333334,0.05741666666666665,0.90875,0.6211666666666666
SAMPLE_03415,0.7662500000000001,0.1268333333333333,0.3360833333333333,0.2065,0.14866666666666667,0.6192500000000001,0.37558333333333327,0.12816666666666665
SAMPLE_03416,0.6990833333333334,0.7578333333333334,0.6539166666666667,0.7943333333333333,0.64975,0.8560000000000001,0.7102499999999999,0.6080000000000001
SAMPLE_03417,0.07875,0.0633333333333333,0.07583333333333331,0.24158333333333332,0.19074999999999995,0.18441666666666667,0.7335,0.24391666666666667
SAMPLE_03418,0.5669166666666666,0.4568333333333333,0.53425,0.50125,0.4195,0.7516666666666667,0.6160833333333333,0.3109166666666666
SAMPLE_03419,0.7986666666666666,0.7768333333333333,0.75325,0.44399999999999995,0.54125,0.8478333333333334,0.6433333333333333,0.4275833333333333
SAMPLE_03420,0.5723333333333334,0.7850833333333334,0.89775,0.7524166666666666,0.7605,0.7561666666666667,0.7758333333333334,0.8301666666666667
SAMPLE_03421,0.18358333333333335,0.33991666666666664,0.44866666666666666,0.17741666666666667,0.5206666666666667,0.2200833333333333,0.1953333333333333,0.5671666666666666
SAMPLE_03422,0.6275833333333334,0.8031666666666667,0.8430833333333334,0.45175,0.6691666666666667,0.5490833333333333,0.5525833333333333,0.61925
SAMPLE_03423,0.12358333333333335,0.37475,0.5576666666666666,0.27024999999999993,0.4375833333333333,0.30766666666666664,0.21125,0.5149166666666667
SAMPLE_03424,0.18116666666666664,0.49916666666666665,0.68625,0.6651666666666667,0.5931666666666666,0.5854166666666666,0.34691666666666665,0.6315833333333334
SAMPLE_03425,0.57175,0.6847500000000001,0.46558333333333335,0.5925833333333332,0.5695833333333333,0.95625,0.6071666666666666,0.4833333333333333
SAMPLE_03426,0.5288333333333333,0.6226666666666667,0.7337499999999999,0.7464999999999999,0.7046666666666667,0.8721666666666668,0.6455000000000001,0.6579999999999999
SAMPLE_03427,0.718,0.4628333333333333,0.22466666666666663,0.38908333333333334,0.41233333333333333,0.41900000000000004,0.4118333333333333,0.21616666666666665
SAMPLE_03428,0.18,0.5496666666666667,0.39016666666666666,0.7194166666666666,0.542,0.14391666666666664,0.11241666666666665,0.6245833333333333
SAMPLE_03429,0.0408333333333333,0.15716666666666665,0.6561666666666667,0.4123333333333333,0.40241666666666664,0.08449999999999991,0.9085,0.4369166666666666
SAMPLE_03430,0.6924999999999999,0.5235,0.5860833333333333,0.48066666666666663,0.6375833333333334,0.6505833333333333,0.5879166666666666,0.6100000000000001
SAMPLE_03431,0.5743333333333334,0.11741666666666664,0.5303333333333333,0.40875,0.24766666666666665,0.5554166666666667,0.5790833333333333,0.2743333333333333
SAMPLE_03432,0.4870833333333333,0.5843333333333334,0.9115,0.6649166666666666,0.8208333333333333,0.6519166666666667,0.4378333333333333,0.8253333333333333
SAMPLE_03433,0.0873333333333333,0.24891666666666665,0.19425,0.5029166666666667,0.42199999999999993,0.4396666666666666,0.743,0.5265
SAMPLE_03434,0.7960833333333333,0.4950833333333333,0.57725,0.48824999999999996,0.45341666666666663,0.86675,0.5148333333333334,0.38116666666666665
SAMPLE_03435,0.8238333333333334,0.26225,0.25658333333333333,0.25249999999999995,0.0775833333333333,0.36333333333333334,0.3155833333333333,0.08658333333333329
SAMPLE_03436,0.8919999999999999,0.292,0.516,0.39941666666666664,0.14841666666666664,0.4904166666666667,0.28225,0.2970833333333333
SAMPLE_03437,0.8444166666666666,0.1255,0.2743333333333333,0.22425,0.26758333333333334,0.3520833333333333,0.1936666666666666,0.23383333333333328
SAMPLE_03438,0.3198333333333333,0.6123333333333334,0.7336666666666667,0.21866666666666665,0.8568333333333333,0.3361666666666667,0.4235833333333333,0.7258333333333333
SAMPLE_03439,0.7539166666666666,0.2530833333333333,0.20191666666666663,0.2386666666666666,0.091,0.6391666666666667,0.4486666666666666,0.0823333333333333
SAMPLE_03440,0.526,0.7173333333333333,0.776,0.5158333333333334,0.91425,0.50775,0.3825,0.8100833333333333
SAMPLE_03441,0.3935833333333333,0.56375,0.5928333333333333,0.6010833333333334,0.6734166666666667,0.29541666666666666,0.3484999999999999,0.6554166666666668
SAMPLE_03442,0.764,0.4609166666666667,0.20141666666666663,0.4076666666666666,0.14850000000000002,0.47933333333333333,0.49150000000000005,0.13599999999999995
SAMPLE_03443,0.8049166666666667,0.82375,0.6733333333333333,0.4238333333333333,0.85625,0.64575,0.42974999999999997,0.65725
SAMPLE_03444,0.14158333333333326,0.22599999999999998,0.10366666666666666,0.6791666666666667,0.27575,0.03916666666666665,0.7302500000000001,0.4918333333333333
SAMPLE_03445,0.6020000000000001,0.6603333333333334,0.42374999999999996,0.671,0.46925,0.8320000000000001,0.6458333333333334,0.38816666666666666
SAMPLE_03446,0.485,0.4535,0.38249999999999995,0.48566666666666664,0.6139999999999999,0.5926666666666667,0.4535,0.6479166666666667
SAMPLE_03447,0.5163333333333333,0.6384166666666666,0.8109999999999999,0.47499999999999987,0.8163333333333334,0.3096666666666666,0.3198333333333333,0.6829166666666666
SAMPLE_03448,0.7124999999999999,0.7358333333333333,0.41899999999999993,0.5969166666666668,0.4350833333333333,0.8130833333333334,0.6428333333333334,0.2815
SAMPLE_03449,0.2500833333333333,0.38649999999999995,0.15383333333333332,0.5089166666666667,0.1695833333333333,0.5170833333333333,0.27775,0.2264166666666666
SAMPLE_03450,0.15941666666666665,0.46825000000000006,0.3526666666666667,0.39308333333333334,0.21125,0.385,0.2318333333333333,0.2508333333333333
SAMPLE_03451,0.051500000000000004,0.30316666666666664,0.8148333333333333,0.67,0.7394166666666666,0.2534166666666666,0.9135,0.8844166666666666
SAMPLE_03452,0.32966666666666666,0.6528333333333334,0.4661666666666667,0.5584166666666666,0.6080833333333333,0.26425,0.14875,0.48183333333333334
SAMPLE_03453,0.15625,0.33441666666666664,0.45816666666666667,0.446,0.6051666666666666,0.19391666666666665,0.76525,0.542
SAMPLE_03454,0.5803333333333334,0.3775,0.31825000000000003,0.253,0.4285833333333333,0.3095833333333333,0.23941666666666667,0.29133333333333333
SAMPLE_03455,0.6839166666666666,0.29174999999999995,0.3554999999999999,0.26191666666666663,0.33158333333333334,0.6731666666666667,0.4888333333333333,0.24774999999999997
SAMPLE_03456,0.8260000000000001,0.18091666666666664,0.24091666666666667,0.25133333333333324,0.34241666666666665,0.46266666666666667,0.2005833333333333,0.30149999999999993
SAMPLE_03457,0.33233333333333326,0.9018333333333334,0.8163333333333334,0.6006666666666667,0.963,0.7781666666666667,0.3451666666666666,0.875
SAMPLE_03458,0.5235,0.7399166666666668,0.82925,0.743,0.9335,0.6179166666666667,0.5653333333333332,0.5814166666666667
SAMPLE_03459,0.64375,0.8300000000000001,0.6593333333333333,0.5098333333333332,0.41025,0.9143333333333334,0.7385833333333334,0.40974999999999995
SAMPLE_03460,0.7803333333333333,0.6648333333333334,0.6106666666666667,0.4276666666666667,0.4795,0.7250833333333333,0.5771666666666666,0.33816666666666667
SAMPLE_03461,0.3515833333333333,0.69025,0.71675,0.55675,0.74725,0.484,0.2760833333333333,0.60675
SAMPLE_03462,0.3396666666666667,0.5721666666666667,0.4319166666666666,0.7263333333333333,0.401,0.3729166666666667,0.27575,0.5534166666666667
SAMPLE_03463,0.99275,0.944875,0.881375,0.945875,0.6165416666666667,0.99275,0.8407916666666667,0.821375
SAMPLE_03464,0.83275,0.5564166666666667,0.0734999999999999,0.22066666666666665,0.27391666666666664,0.32875,0.1883333333333333,0.11533333333333325
SAMPLE_03465,0.567,0.46341666666666664,0.4098333333333333,0.3925,0.47175,0.6025833333333332,0.39116666666666666,0.5499166666666666
SAMPLE_03466,0.19466666666666665,0.39758333333333334,0.6944166666666667,0.4118333333333333,0.636,0.11175,0.76625,0.6431666666666667
SAMPLE_03467,0.34025,0.72575,0.9351666666666667,0.7313333333333333,0.81325,0.5231666666666667,0.6443333333333332,0.8570833333333334
SAMPLE_03468,0.14724999999999994,0.64775,0.33208333333333334,0.34750000000000003,0.4109166666666666,0.2537499999999999,0.13125,0.49491666666666667
SAMPLE_03469,0.7749166666666667,0.2794999999999999,0.22649999999999998,0.3199166666666666,0.3975833333333333,0.5878333333333333,0.4660833333333333,0.1485
SAMPLE_03470,0.9148333333333334,0.252,0.24641666666666662,0.1898333333333333,0.26066666666666666,0.6340833333333333,0.2935833333333333,0.2703333333333333
SAMPLE_03471,0.1920833333333333,0.39066666666666666,0.6591666666666667,0.3909166666666667,0.6761666666666666,0.05966666666666665,0.81825,0.6358333333333334
SAMPLE_03472,0.75025,0.5491666666666666,0.21941666666666665,0.34658333333333335,0.27041666666666664,0.4384166666666667,0.32416666666666666,0.1963333333333333
SAMPLE_03473,0.22899999999999998,0.5868333333333333,0.6971666666666667,0.7336666666666667,0.75575,0.08391666666666665,0.8435,0.8966666666666667
SAMPLE_03474,0.6836666666666666,0.7763333333333332,0.5295000000000001,0.42500000000000004,0.3825,0.7385833333333334,0.5084166666666667,0.26566666666666666
SAMPLE_03475,0.31,0.68825,0.6279999999999999,0.5109166666666667,0.6234166666666667,0.36058333333333337,0.2785833333333333,0.5518333333333334
SAMPLE_03476,0.7369166666666667,0.3388333333333333,0.23066666666666663,0.15524999999999994,0.22625,0.7455833333333333,0.37958333333333333,0.19141666666666665
SAMPLE_03477,0.49675,0.5105,0.654,0.5565833333333334,0.6611666666666667,0.361,0.4195833333333333,0.7080000000000001
SAMPLE_03478,0.6761666666666666,0.4803333333333334,0.6843333333333333,0.348,0.6296666666666667,0.8979166666666667,0.5569999999999999,0.5483333333333333
SAMPLE_03479,0.8205,0.8335833333333333,0.7379166666666666,0.6890833333333333,0.7194166666666667,0.7799166666666667,0.4175,0.7535
SAMPLE_03480,0.8845833333333334,0.39441666666666664,0.6272500000000001,0.38341666666666663,0.601,0.4548333333333333,0.30625,0.5091666666666667
SAMPLE_03481,0.7485833333333334,0.33508333333333334,0.26441666666666663,0.44666666666666666,0.1845,0.5645,0.4384166666666667,0.18825
SAMPLE_03482,0.23649999999999993,0.40974999999999995,0.6247500000000001,0.16766666666666666,0.6955833333333332,0.4144166666666667,0.35183333333333333,0.6577500000000001
SAMPLE_03483,0.7605,0.45825,0.5784166666666667,0.40283333333333327,0.42566666666666664,0.7647499999999999,0.39199999999999996,0.44533333333333336
SAMPLE_03484,0.5719166666666666,0.8569166666666667,0.8500000000000001,0.57075,0.7949999999999999,0.918,0.7480833333333334,0.7745000000000001
SAMPLE_03485,0.23874999999999996,0.6041666666666667,0.48666666666666664,0.3654166666666666,0.68475,0.18766666666666665,0.14275,0.6394166666666666
SAMPLE_03486,0.1350833333333333,0.48616666666666664,0.3406666666666667,0.32866666666666666,0.76875,0.1784166666666666,0.7384999999999999,0.68125
SAMPLE_03487,0.5176666666666667,0.30899999999999994,0.33233333333333337,0.27341666666666664,0.22716666666666666,0.8048333333333334,0.6870833333333334,0.2281666666666666
SAMPLE_03488,0.46775,0.3996666666666666,0.6348333333333334,0.5722499999999999,0.6351666666666667,0.34875,0.21941666666666665,0.6543333333333333
SAMPLE_03489,0.27041666666666664,0.68825,0.567,0.6413333333333333,0.45491666666666664,0.3510833333333333,0.36291666666666667,0.5004166666666666
SAMPLE_03490,0.2207499999999999,0.3680833333333333,0.4101666666666667,0.33924999999999994,0.6215,0.1898333333333333,0.85375,0.7331666666666666
SAMPLE_03491,0.72925,0.754,0.5820833333333333,0.6088333333333333,0.5227499999999999,0.7835833333333333,0.64025,0.5318333333333334
SAMPLE_03492,0.517,0.26866666666666666,0.44466666666666665,0.5408333333333333,0.4235,0.54725,0.3932499999999999,0.39666666666666667
SAMPLE_03493,0.8614166666666667,0.43966666666666665,0.8853333333333333,0.46341666666666664,0.7302500000000001,0.8338333333333333,0.4660833333333334,0.73275
SAMPLE_03494,0.12866666666666665,0.39233333333333326,0.21441666666666664,0.6153333333333333,0.4093333333333333,0.26466666666666666,0.733,0.56975
SAMPLE_03495,0.8185833333333334,0.4305833333333333,0.3895833333333333,0.36216666666666664,0.2574166666666666,0.70275,0.6035833333333334,0.36391666666666667
SAMPLE_03496,0.6355,0.3501666666666666,0.21449999999999997,0.3933333333333333,0.22266666666666665,0.52925,0.22899999999999998,0.23783333333333329
SAMPLE_03497,0.48624999999999996,0.6385833333333333,0.7095,0.4885,0.5121666666666667,0.8375833333333333,0.6558333333333333,0.5025833333333334
SAMPLE_03498,0.1115833333333333,0.43300000000000005,0.32033333333333336,0.5025,0.6245833333333333,0.06441666666666665,0.9155,0.7353333333333334
SAMPLE_03499,0.6895833333333332,0.5775,0.6686666666666666,0.7504166666666666,0.6570833333333335,0.7054166666666667,0.5589999999999999,0.6976666666666667
SAMPLE_03500,0.8636666666666667,0.27075,0.5990833333333333,0.3955833333333333,0.6236666666666666,0.5489166666666666,0.48591666666666666,0.4579999999999999
SAMPLE_03501,0.28624999999999995,0.61,0.2715,0.6890833333333333,0.6730833333333333,0.15574999999999994,0.07633333333333331,0.70625
SAMPLE_03502,0.7665,0.6,0.8769166666666666,0.36791666666666667,0.7295,0.8868333333333334,0.7985833333333333,0.6819999999999999
SAMPLE_03503,0.8831666666666667,0.21374999999999994,0.50625,0.34691666666666665,0.28,0.51325,0.44,0.2389166666666666
SAMPLE_03504,0.21116666666666667,0.62975,0.5416666666666666,0.6669166666666667,0.45066666666666666,0.41441666666666666,0.25575,0.5782499999999999
SAMPLE_03505,0.6543333333333332,0.62925,0.7415,0.5766666666666667,0.6551666666666667,0.75125,0.7324166666666667,0.4443333333333333
SAMPLE_03506,0.16699999999999998,0.1455,0.35575,0.49583333333333335,0.3095,0.0930833333333333,0.77525,0.3405
SAMPLE_03507,0.07816666666666665,0.15516666666666665,0.1055833333333333,0.27075,0.39808333333333334,0.22075,0.7355,0.4086666666666666
SAMPLE_03508,0.8896666666666666,0.2093333333333333,0.4053333333333333,0.33858333333333335,0.4128333333333333,0.4763333333333334,0.4198333333333333,0.39141666666666663
SAMPLE_03509,0.7551666666666668,0.3435,0.44075,0.29991666666666666,0.392,0.7471666666666666,0.39175000000000004,0.32549999999999996
SAMPLE_03510,0.1620833333333333,0.32899999999999996,0.38899999999999996,0.6081666666666667,0.5434166666666667,0.0685833333333333,0.80525,0.6309166666666666
SAMPLE_03511,0.6868333333333334,0.5035833333333333,0.10641666666666665,0.38841666666666663,0.23299999999999998,0.5899166666666666,0.2190833333333333,0.1724166666666666
SAMPLE_03512,0.2509166666666667,0.7398333333333333,0.6243333333333334,0.7605,0.535,0.3966666666666666,0.5704166666666667,0.6723333333333333
SAMPLE_03513,0.43975,0.5775000000000001,0.8025,0.7871666666666667,0.612,0.75425,0.6739166666666667,0.4995833333333334
SAMPLE_03514,0.8701666666666668,0.2919999999999999,0.3780833333333333,0.18316666666666664,0.4235,0.44458333333333333,0.4444166666666667,0.2953333333333333
SAMPLE_03515,0.29074999999999995,0.62275,0.7638333333333334,0.60325,0.6436666666666666,0.14650000000000002,0.27216666666666667,0.7153333333333334
SAMPLE_03516,0.7814166666666666,0.6639999999999999,0.8301666666666666,0.5074166666666666,0.7381666666666666,0.8369166666666665,0.6000833333333334,0.7471666666666668
SAMPLE_03517,0.0093333333333333,0.18225,0.08149999999999996,0.41724999999999995,0.18483333333333335,0.13633333333333325,0.747,0.2806666666666666
SAMPLE_03518,0.0530833333333333,0.33066666666666666,0.0886666666666666,0.5068333333333332,0.281,0.29133333333333333,0.72925,0.32158333333333333
SAMPLE_03519,0.5419166666666666,0.5788333333333333,0.5774166666666667,0.66375,0.7515833333333334,0.7341666666666666,0.6094166666666665,0.8047500000000001
SAMPLE_03520,0.5071666666666667,0.9085833333333335,0.79075,0.64975,0.6778333333333333,0.6080000000000001,0.5210833333333333,0.6980833333333334
SAMPLE_03521,0.8041666666666667,0.26041666666666663,0.37925,0.3968333333333333,0.20733333333333331,0.5674999999999999,0.4456666666666666,0.2530833333333333
SAMPLE_03522,0.17766666666666664,0.2023333333333333,0.27774999999999994,0.3789166666666666,0.2698333333333333,0.10891666666666666,0.82625,0.40900000000000003
SAMPLE_03523,0.59175,0.9410833333333334,0.9554166666666666,0.8700833333333334,0.93675,0.9566666666666667,0.7446666666666666,0.9485833333333333
SAMPLE_03524,0.863,0.63125,0.099,0.46808333333333335,0.3355833333333333,0.44375,0.36,0.16541666666666666
SAMPLE_03525,0.5588333333333333,0.7993333333333335,0.6871666666666667,0.6959166666666667,0.68775,0.9479166666666666,0.7794166666666666,0.5175833333333334
SAMPLE_03526,0.12275,0.30674999999999997,0.14975,0.7630000000000001,0.17991666666666667,0.192,0.7342500000000001,0.41491666666666666
SAMPLE_03527,0.8250833333333333,0.6799999999999999,0.635,0.499,0.6154166666666667,0.6056666666666666,0.36266666666666664,0.38791666666666663
SAMPLE_03528,0.5074166666666666,0.56275,0.4979166666666667,0.639,0.5056666666666666,0.7793333333333333,0.47683333333333333,0.5715833333333333
SAMPLE_03529,0.20516666666666666,0.45041666666666663,0.6931666666666667,0.8102499999999999,0.6385833333333333,0.43099999999999994,0.89225,0.8089999999999999
SAMPLE_03530,0.80625,0.3120833333333333,0.4331666666666667,0.2564166666666666,0.37925,0.4334166666666667,0.3594166666666666,0.4965833333333334
SAMPLE_03531,0.8183333333333334,0.5991666666666666,0.6768333333333334,0.3849166666666667,0.6398333333333333,0.7351666666666667,0.48658333333333337,0.6371666666666667
SAMPLE_03532,0.6396666666666666,0.6003333333333334,0.6750833333333333,0.65325,0.6091666666666666,0.8516666666666668,0.5814166666666667,0.6235833333333334
SAMPLE_03533,0.5670000000000001,0.5236666666666667,0.7987500000000001,0.5818333333333333,0.5878333333333333,0.9110833333333332,0.6359166666666667,0.5636666666666666
SAMPLE_03534,0.0724166666666666,0.5887500000000001,0.6725,0.7455833333333333,0.6946666666666668,0.3006666666666666,0.89075,0.7536666666666667
SAMPLE_03535,0.07616666666666665,0.2800833333333333,0.0965,0.24491666666666667,0.2533333333333333,0.09675,0.73375,0.31283333333333335
SAMPLE_03536,0.25316666666666665,0.5914999999999999,0.5300833333333334,0.64175,0.73475,0.37933333333333324,0.3185,0.76275
SAMPLE_03537,0.6114166666666667,0.8678333333333332,0.8280000000000001,0.7689166666666667,0.7815000000000001,0.9183333333333334,0.7795000000000001,0.6640833333333334
SAMPLE_03538,0.12125,0.46366666666666667,0.40041666666666664,0.4530833333333334,0.5585,0.18375,0.19466666666666665,0.5301666666666667
SAMPLE_03539,0.1383333333333333,0.6386666666666667,0.5363333333333333,0.7123333333333333,0.38283333333333336,0.16975,0.2020833333333333,0.522
SAMPLE_03540,0.99275,0.897375,0.833125,0.944375,0.49954166666666666,0.99275,0.8452916666666667,0.6949583333333333
SAMPLE_03541,0.7034166666666667,0.7518333333333334,0.9125833333333334,0.5807500000000001,0.6834166666666668,0.9466666666666667,0.7995,0.6860833333333334
SAMPLE_03542,0.6595833333333334,0.93475,0.9383333333333334,0.6709166666666667,0.8181666666666667,0.7186666666666667,0.6735,0.7429999999999999
SAMPLE_03543,0.7724166666666665,0.499,0.54175,0.3533333333333333,0.4545,0.6584166666666667,0.6061666666666666,0.5200833333333333
SAMPLE_03544,0.044166666666666646,0.21949999999999995,0.17091666666666666,0.42108333333333337,0.3040833333333333,0.198,0.74675,0.3750833333333333
SAMPLE_03545,0.8218333333333333,0.41966666666666663,0.59525,0.3898333333333333,0.54275,0.6320833333333333,0.6391666666666667,0.54125
SAMPLE_03546,0.6921666666666666,0.21858333333333324,0.45874999999999994,0.22275,0.3190833333333333,0.7195833333333332,0.49,0.2681666666666666
SAMPLE_03547,0.17616666666666664,0.6153333333333333,0.35624999999999996,0.8050000000000002,0.43975,0.8210833333333334,0.8605,0.5634166666666667
SAMPLE_03548,0.5635,0.1948333333333333,0.08741666666666664,0.13066666666666665,0.24241666666666664,0.372,0.14999999999999997,0.13049999999999995
SAMPLE_03549,0.49266666666666664,0.6205833333333334,0.3928333333333333,0.31433333333333335,0.36241666666666666,0.7390833333333333,0.474,0.26249999999999996
SAMPLE_03550,0.748,0.5858333333333334,0.23324999999999996,0.3416666666666667,0.36966666666666664,0.4966666666666666,0.27016666666666667,0.3259166666666667
SAMPLE_03551,0.0610833333333333,0.18575,0.776,0.4225833333333333,0.53025,0.2036666666666666,0.916,0.652
SAMPLE_03552,0.7849166666666667,0.242,0.28325,0.2999166666666666,0.23233333333333328,0.72575,0.3896666666666666,0.19674999999999998
SAMPLE_03553,0.8524166666666666,0.4756666666666666,0.4600833333333333,0.2535833333333333,0.39458333333333334,0.841,0.4453333333333333,0.23308333333333325
SAMPLE_03554,0.523,0.28475,0.16066666666666665,0.1660833333333333,0.14883333333333332,0.5424166666666665,0.41391666666666665,0.12525
SAMPLE_03555,0.21316666666666664,0.4484166666666667,0.09799999999999995,0.37275,0.2195,0.2755833333333333,0.19591666666666666,0.19241666666666665
SAMPLE_03556,0.7139166666666666,0.39825,0.5239166666666666,0.369,0.31533333333333335,0.861,0.5246666666666666,0.29716666666666663
SAMPLE_03557,0.6983333333333335,0.7731666666666667,0.7969999999999999,0.7057500000000001,0.6536666666666666,0.8865000000000001,0.7300833333333334,0.6899166666666667
SAMPLE_03558,0.7828333333333334,0.28158333333333335,0.34133333333333327,0.3565,0.2044999999999999,0.6799166666666667,0.472,0.21408333333333324
SAMPLE_03559,0.6295833333333334,0.25058333333333327,0.522,0.14983333333333332,0.31116666666666665,0.6367499999999999,0.4404166666666667,0.29966666666666664
SAMPLE_03560,0.14216666666666666,0.4065,0.45933333333333337,0.62875,0.3715,0.45749999999999996,0.3313333333333333,0.5888333333333333
SAMPLE_03561,0.057416666666666644,0.28966666666666674,0.45758333333333334,0.35641666666666666,0.255,0.1380833333333333,0.7835000000000001,0.2740833333333333
SAMPLE_03562,0.6811666666666667,0.43683333333333335,0.34991666666666665,0.30883333333333335,0.46591666666666665,0.43708333333333327,0.42158333333333337,0.39558333333333334
SAMPLE_03563,0.32575,0.77125,0.7265833333333334,0.5691666666666667,0.72325,0.24591666666666667,0.35241666666666666,0.56175
SAMPLE_03564,0.33891666666666664,0.6046666666666667,0.30925,0.64525,0.48883333333333334,0.3421666666666666,0.18791666666666668,0.492
SAMPLE_03565,0.8607499999999999,0.30108333333333326,0.5469166666666666,0.28691666666666665,0.2174166666666667,0.7282500000000001,0.5291666666666667,0.21141666666666664
SAMPLE_03566,0.76525,0.6991666666666666,0.19125,0.6187499999999999,0.27249999999999996,0.6355833333333334,0.5196666666666666,0.26616666666666666
SAMPLE_03567,0.29174999999999995,0.7594999999999998,0.7404166666666667,0.604,0.7450833333333333,0.3231666666666666,0.4131666666666667,0.7643333333333333
SAMPLE_03568,0.07483333333333331,0.40208333333333335,0.3803333333333333,0.5656666666666667,0.5315833333333334,0.1446666666666666,0.766,0.6093333333333334
SAMPLE_03569,0.89825,0.16216666666666665,0.32875,0.25816666666666666,0.27225,0.5265833333333333,0.33799999999999997,0.23774999999999996
SAMPLE_03570,0.9159166666666667,0.5734166666666667,0.82525,0.4696666666666667,0.79775,0.6588333333333334,0.4325,0.7836666666666666
SAMPLE_03571,0.6351666666666667,0.6904166666666667,0.74525,0.5708333333333333,0.6371666666666667,0.5017499999999999,0.5004166666666666,0.49091666666666667
SAMPLE_03572,0.7036666666666667,0.7073333333333334,0.62375,0.52425,0.60325,0.9409166666666666,0.6909166666666666,0.5575833333333333
SAMPLE_03573,0.4571666666666666,0.499,0.6325000000000001,0.8560833333333333,0.5065,0.8795000000000001,0.6401666666666667,0.5862499999999999
SAMPLE_03574,0.01116666666666665,0.21591666666666665,0.0280833333333333,0.2828333333333333,0.07141666666666666,0.07875,0.7315,0.13791666666666666
SAMPLE_03575,0.19716666666666666,0.36458333333333337,0.40825,0.29341666666666666,0.5191666666666667,0.15441666666666665,0.74825,0.5325
SAMPLE_03576,0.99275,0.9961249999999999,0.990375,0.947125,0.9481250000000001,0.99275,0.8452916666666668,0.9762083333333333
SAMPLE_03577,0.64575,0.2625,0.4110833333333333,0.3053333333333333,0.33458333333333334,0.5970833333333334,0.4526666666666666,0.3784166666666667
SAMPLE_03578,0.7350833333333333,0.35791666666666666,0.3840833333333333,0.40741666666666665,0.1918333333333333,0.7830833333333334,0.5419166666666667,0.33099999999999996
SAMPLE_03579,0.8079166666666666,0.2375,0.3357499999999999,0.32616666666666666,0.308,0.45958333333333334,0.39966666666666667,0.31025
SAMPLE_03580,0.07041666666666666,0.29600000000000004,0.107,0.7830833333333334,0.21266666666666667,0.0630833333333333,0.736,0.43483333333333335
SAMPLE_03581,0.1833333333333333,0.5225,0.3750833333333333,0.8768333333333334,0.6564166666666666,0.19241666666666665,0.7464999999999999,0.8218333333333334
SAMPLE_03582,0.4883333333333334,0.6425,0.5708333333333333,0.65025,0.8186666666666667,0.677,0.42066666666666663,0.8108333333333334
SAMPLE_03583,0.6372500000000001,0.48024999999999995,0.7135,0.43425,0.6305833333333333,0.9341666666666666,0.57325,0.5253333333333333
SAMPLE_03584,0.27408333333333335,0.49058333333333326,0.29233333333333333,0.39508333333333334,0.38675,0.34491666666666665,0.17249999999999993,0.3684166666666666
SAMPLE_03585,0.7699166666666667,0.4016666666666666,0.29583333333333334,0.41816666666666663,0.49975,0.53375,0.45541666666666664,0.3553333333333333
SAMPLE_03586,0.7921666666666667,0.043916666666666646,0.39541666666666664,0.18341666666666664,0.22191666666666665,0.37766666666666665,0.31166666666666665,0.1543333333333333
SAMPLE_03587,0.1330833333333333,0.38283333333333336,0.6526666666666667,0.5434166666666667,0.6164166666666667,0.13666666666666666,0.92275,0.7220833333333333
SAMPLE_03588,0.25583333333333336,0.3838333333333333,0.93075,0.691,0.7610833333333333,0.1003333333333333,0.95625,0.89125
SAMPLE_03589,0.50425,0.5060833333333333,0.45458333333333334,0.7186666666666666,0.7070833333333333,0.3676666666666667,0.22991666666666666,0.55975
SAMPLE_03590,0.1330833333333333,0.41825,0.27791666666666665,0.29416666666666663,0.4856666666666667,0.20641666666666664,0.732,0.44791666666666663
SAMPLE_03591,0.3398333333333333,0.56525,0.7035833333333332,0.6004166666666666,0.7761666666666667,0.1965,0.21941666666666665,0.8078333333333334
SAMPLE_03592,0.6899166666666667,0.5642499999999999,0.5100833333333333,0.6877500000000001,0.42833333333333323,0.7549166666666667,0.5853333333333334,0.5115000000000001
SAMPLE_03593,0.6165,0.5006666666666667,0.4165,0.5849166666666666,0.45891666666666664,0.7680833333333333,0.3230833333333334,0.5420833333333333
SAMPLE_03594,0.99275,0.971625,0.967875,0.948125,0.9072916666666666,0.99275,0.845375,0.938125
SAMPLE_03595,0.1838333333333333,0.6594166666666668,0.5056666666666666,0.7775833333333333,0.79025,0.12483333333333331,0.78325,0.8487500000000001
SAMPLE_03596,0.8615833333333334,0.46941666666666665,0.27016666666666667,0.39008333333333334,0.3085,0.55175,0.44199999999999995,0.2160833333333333
SAMPLE_03597,0.22999999999999998,0.5461666666666667,0.31066666666666665,0.665,0.2100833333333333,0.19966666666666666,0.1958333333333333,0.34583333333333327
SAMPLE_03598,0.6635833333333333,0.4590833333333333,0.22933333333333333,0.25825,0.34616666666666657,0.51075,0.4154166666666667,0.1218333333333333
SAMPLE_03599,0.16641666666666666,0.21666666666666665,0.7384166666666666,0.4826666666666667,0.6725,0.14225000000000002,0.922,0.73
SAMPLE_03600,0.6524166666666666,0.5279166666666666,0.66825,0.4450833333333334,0.6199999999999999,0.8985000000000001,0.6025,0.72525
SAMPLE_03601,0.30566666666666664,0.6832499999999999,0.7989166666666667,0.6300833333333333,0.8280833333333333,0.6235833333333333,0.33399999999999996,0.7491666666666668
SAMPLE_03602,0.48716666666666664,0.5243333333333333,0.6059166666666667,0.508,0.6889166666666666,0.39825,0.31375,0.7630833333333333
SAMPLE_03603,0.6234999999999999,0.3573333333333333,0.3436666666666667,0.3806666666666666,0.2343333333333333,0.6813333333333333,0.49316666666666664,0.31174999999999997
SAMPLE_03604,0.99275,0.984375,0.981125,0.943875,0.9224583333333334,0.99275,0.8397916666666667,0.945625
SAMPLE_03605,0.36558333333333337,0.8400000000000001,0.8925000000000001,0.6875833333333334,0.718,0.3853333333333333,0.36025,0.817
SAMPLE_03606,0.20616666666666666,0.4716666666666667,0.3554999999999999,0.6468333333333334,0.48924999999999996,0.08,0.78,0.5504166666666666
SAMPLE_03607,0.848,0.2643333333333333,0.06424999999999995,0.2178333333333333,0.2300833333333333,0.35108333333333336,0.19541666666666663,0.078
SAMPLE_03608,0.21283333333333332,0.58975,0.45558333333333334,0.6879166666666667,0.52625,0.4900833333333333,0.3075833333333333,0.6575
SAMPLE_03609,0.665,0.16783333333333333,0.10225000000000001,0.22999999999999995,0.15716666666666665,0.5455,0.30316666666666664,0.1258333333333333
SAMPLE_03610,0.31083333333333335,0.5748333333333333,0.35716666666666663,0.7710833333333333,0.5088333333333332,0.778,0.6348333333333334,0.3665
SAMPLE_03611,0.8591666666666666,0.2608333333333333,0.41133333333333333,0.22775,0.24791666666666665,0.5619999999999999,0.33766666666666667,0.1945
SAMPLE_03612,0.658,0.09108333333333324,0.11025,0.15991666666666665,0.07425,0.5716666666666668,0.31766666666666665,0.07016666666666665
SAMPLE_03613,0.48883333333333334,0.5743333333333334,0.6817500000000001,0.4893333333333333,0.5914166666666667,0.76025,0.677,0.6004166666666667
SAMPLE_03614,0.5735833333333333,0.7098333333333333,0.8651666666666666,0.6110833333333333,0.7449166666666667,0.8678333333333332,0.7112499999999999,0.7379166666666666
SAMPLE_03615,0.5535833333333333,0.45875,0.6313333333333333,0.55025,0.42383333333333334,0.8088333333333333,0.69525,0.38450000000000006
SAMPLE_03616,0.6975,0.7404166666666666,0.7455,0.5248333333333334,0.6354166666666667,0.8540000000000001,0.7364166666666667,0.4638333333333333
SAMPLE_03617,0.11916666666666666,0.4116666666666666,0.29449999999999993,0.5210833333333333,0.27149999999999996,0.27991666666666665,0.20400000000000001,0.355
SAMPLE_03618,0.3261666666666666,0.6965,0.4795833333333333,0.5644166666666667,0.8104166666666666,0.2505833333333333,0.11783333333333329,0.6654166666666668
SAMPLE_03619,0.7134166666666666,0.9107500000000001,0.953,0.59475,0.9378333333333334,0.9441666666666666,0.7428333333333333,0.8360833333333334
SAMPLE_03620,0.843,0.33708333333333335,0.18141666666666662,0.33399999999999996,0.16716666666666663,0.6775833333333333,0.4285,0.1446666666666666
SAMPLE_03621,0.5325,0.6066666666666667,0.45733333333333337,0.5530833333333334,0.4688333333333333,0.6832500000000001,0.40758333333333335,0.3265833333333333
SAMPLE_03622,0.05625,0.2120833333333333,0.4000833333333333,0.3018333333333333,0.318,0.16899999999999996,0.7677499999999999,0.39749999999999996
SAMPLE_03623,0.5205,0.8345,0.47616666666666674,0.6889166666666666,0.5555,0.79725,0.6071666666666666,0.4150833333333333
SAMPLE_03624,0.2438333333333333,0.6855833333333334,0.8174999999999999,0.5497500000000001,0.7385833333333334,0.10266666666666666,0.28300000000000003,0.5855
SAMPLE_03625,0.3315,0.7563333333333333,0.9040833333333333,0.8380833333333333,0.8079166666666666,0.4883333333333333,0.9592499999999999,0.9223333333333333
SAMPLE_03626,0.6949166666666666,0.39516666666666667,0.57125,0.508,0.47716666666666663,0.82325,0.4921666666666667,0.4079999999999999
SAMPLE_03627,0.7483333333333333,0.84275,0.5488333333333333,0.7341666666666666,0.5841666666666666,0.5514166666666667,0.33541666666666664,0.4176666666666667
SAMPLE_03628,0.4349166666666666,0.95275,0.9134166666666665,0.6765833333333333,0.7778333333333334,0.9263333333333332,0.8194166666666667,0.79125
SAMPLE_03629,0.47858333333333336,0.7606666666666667,0.8933333333333334,0.5755833333333333,0.7614166666666666,0.24675000000000002,0.34025,0.7696666666666667
SAMPLE_03630,0.20725,0.4478333333333333,0.19724999999999998,0.7210833333333333,0.33341666666666664,0.5706666666666667,0.4718333333333333,0.38166666666666665
SAMPLE_03631,0.31375,0.4351666666666667,0.32758333333333334,0.6458333333333335,0.3633333333333333,0.1225833333333333,0.11766666666666664,0.5711666666666667
SAMPLE_03632,0.15083333333333332,0.6044166666666667,0.32316666666666666,0.7659166666666666,0.1865,0.14391666666666664,0.1918333333333333,0.44899999999999995
SAMPLE_03633,0.1725833333333333,0.24066666666666664,0.27325,0.6694166666666668,0.46958333333333324,0.08,0.74275,0.7110000000000001
SAMPLE_03634,0.6870833333333333,0.28191666666666665,0.33433333333333337,0.26025,0.2745833333333333,0.6539166666666667,0.24991666666666668,0.3545833333333333
SAMPLE_03635,0.7645833333333334,0.5491666666666666,0.7181666666666667,0.44825000000000004,0.46499999999999997,0.7615000000000001,0.6875,0.4093333333333333
SAMPLE_03636,0.8000833333333334,0.6950000000000001,0.3425,0.4893333333333333,0.3764166666666666,0.73325,0.43108333333333326,0.27624999999999994
SAMPLE_03637,0.6864166666666667,0.7415833333333333,0.7253333333333334,0.7476666666666667,0.6640833333333334,0.839,0.5982500000000001,0.7950833333333334
SAMPLE_03638,0.8859166666666667,0.24275,0.13675,0.28966666666666663,0.17474999999999996,0.37224999999999997,0.37916666666666665,0.1375
SAMPLE_03639,0.8403333333333333,0.3734166666666666,0.22316666666666662,0.1605833333333333,0.2479166666666666,0.5520833333333334,0.3211666666666666,0.06741666666666665
SAMPLE_03640,0.6678333333333333,0.5775,0.41308333333333336,0.7356666666666667,0.46925000000000006,0.7755,0.618,0.6259166666666667
SAMPLE_03641,0.3491666666666666,0.8796666666666666,0.8985833333333333,0.71925,0.8335,0.4565,0.5116666666666667,0.8540833333333333
SAMPLE_03642,0.02916666666666665,0.3250833333333333,0.1044999999999999,0.3744166666666667,0.43574999999999997,0.3023333333333333,0.7285,0.3415833333333333
SAMPLE_03643,0.8131666666666667,0.47333333333333333,0.5736666666666667,0.31966666666666665,0.5148333333333333,0.8738333333333332,0.7173333333333334,0.4686666666666667
SAMPLE_03644,0.2345,0.43975,0.51675,0.468,0.4398333333333333,0.21624999999999994,0.933,0.45433333333333337
SAMPLE_03645,0.5748333333333333,0.5614166666666667,0.362,0.7325833333333334,0.4065833333333333,0.6356666666666666,0.5730833333333334,0.68225
SAMPLE_03646,0.59525,0.29808333333333337,0.26149999999999995,0.6285833333333333,0.14808333333333323,0.36899999999999994,0.22666666666666663,0.2235
SAMPLE_03647,0.6761666666666666,0.1868333333333333,0.40874999999999995,0.25049999999999994,0.42525,0.5873333333333333,0.34325,0.2063333333333333
SAMPLE_03648,0.69475,0.3268333333333333,0.37666666666666665,0.43,0.30766666666666664,0.7183333333333333,0.4181666666666667,0.31425
SAMPLE_03649,0.121,0.6749166666666666,0.391,0.5279166666666666,0.6290833333333333,0.3295,0.21541666666666665,0.5641666666666667
SAMPLE_03650,0.99275,0.971375,0.944375,0.947625,0.8080416666666668,0.99275,0.8447083333333334,0.8972916666666667
SAMPLE_03651,0.7768333333333333,0.15441666666666665,0.1615833333333333,0.16341666666666665,0.18975,0.48124999999999996,0.36875,0.15916666666666665
SAMPLE_03652,0.36566666666666664,0.5963333333333334,0.5215833333333334,0.5267499999999999,0.3939166666666667,0.6548333333333334,0.4515,0.38791666666666663
SAMPLE_03653,0.7762500000000001,0.42233333333333334,0.629,0.36883333333333335,0.6471666666666667,0.4086666666666667,0.29574999999999996,0.46608333333333335
SAMPLE_03654,0.20783333333333331,0.6577500000000001,0.5325,0.7394166666666666,0.42633333333333334,0.20524999999999993,0.19675,0.6877500000000001
SAMPLE_03655,0.8239166666666667,0.2573333333333333,0.5058333333333334,0.31675,0.48875,0.591,0.43608333333333327,0.4418333333333333
SAMPLE_03656,0.43833333333333335,0.7170833333333333,0.9276666666666666,0.4534166666666667,0.9178333333333333,0.5991666666666666,0.445,0.8473333333333333
SAMPLE_03657,0.8029999999999999,0.1903333333333333,0.16941666666666666,0.2390833333333333,0.1878333333333333,0.49983333333333335,0.2849166666666667,0.19124999999999995
SAMPLE_03658,0.8512500000000001,0.3503333333333333,0.5227499999999999,0.3255,0.45883333333333337,0.5010833333333333,0.45975,0.3871666666666667
SAMPLE_03659,0.8552500000000001,0.5533333333333333,0.5851666666666666,0.46066666666666667,0.44775,0.86025,0.5259166666666667,0.5555
SAMPLE_03660,0.8404166666666667,0.354,0.5883333333333334,0.3143333333333333,0.514,0.6950000000000001,0.4005833333333333,0.51125
SAMPLE_03661,0.8816666666666666,0.047,0.061333333333333295,0.08725000000000001,0.07316666666666666,0.42941666666666667,0.1315,0.0762499999999999
SAMPLE_03662,0.10825,0.1998333333333333,0.5368333333333333,0.38441666666666663,0.37366666666666665,0.2128333333333333,0.8585,0.435
SAMPLE_03663,0.44666666666666666,0.7546666666666666,0.86375,0.5276666666666666,0.7750833333333333,0.525,0.5921666666666666,0.8219166666666666
SAMPLE_03664,0.901,0.1015,0.3230833333333333,0.25016666666666665,0.217,0.441,0.321,0.17558333333333326
SAMPLE_03665,0.8040833333333333,0.9652499999999999,0.967,0.7434999999999999,0.9725833333333334,0.9589166666666666,0.7923333333333333,0.8984166666666666
SAMPLE_03666,0.29233333333333333,0.50725,0.4510833333333334,0.5698333333333333,0.50925,0.5408333333333333,0.271,0.5295
SAMPLE_03667,0.5055833333333333,0.786,0.5990833333333334,0.5055,0.7605,0.23074999999999996,0.3435,0.73575
SAMPLE_03668,0.23616666666666664,0.7501666666666666,0.5214166666666666,0.5476666666666666,0.7258333333333333,0.49833333333333335,0.81975,0.67075
SAMPLE_03669,0.8454166666666667,0.45625,0.3625,0.3674166666666666,0.32516666666666666,0.6810833333333333,0.3355,0.2725833333333333
SAMPLE_03670,0.6719999999999999,0.12525,0.11316666666666665,0.36274999999999996,0.054,0.39216666666666666,0.5297499999999999,0.0831666666666666
SAMPLE_03671,0.23875000000000002,0.7115833333333332,0.6135833333333334,0.6589166666666666,0.7745833333333334,0.20358333333333328,0.29725,0.6450833333333333
SAMPLE_03672,0.17941666666666667,0.40308333333333335,0.30833333333333324,0.21649999999999994,0.5395,0.26458333333333334,0.18025000000000002,0.6283333333333333
SAMPLE_03673,0.24691666666666667,0.3288333333333333,0.36691666666666667,0.592,0.32099999999999995,0.17391666666666666,0.17333333333333328,0.4945
SAMPLE_03674,0.6469166666666666,0.527,0.4014166666666667,0.35950000000000004,0.4116666666666667,0.8515833333333334,0.37575000000000003,0.3570833333333333
SAMPLE_03675,0.8382499999999999,0.09425,0.0948333333333333,0.18925,0.0945833333333333,0.5963333333333334,0.3481666666666666,0.06649999999999995
SAMPLE_03676,0.7293333333333334,0.2905,0.5825833333333333,0.35483333333333333,0.4325,0.7874166666666667,0.5719166666666666,0.3206666666666666
SAMPLE_03677,0.7034166666666666,0.46575,0.7416666666666667,0.3335833333333333,0.51,0.7882499999999999,0.6630833333333334,0.48658333333333337
SAMPLE_03678,0.7506666666666666,0.7,0.7785833333333333,0.732,0.7962500000000001,0.9059166666666666,0.7210000000000001,0.8355833333333333
SAMPLE_03679,0.2245833333333333,0.4854166666666666,0.85975,0.6681666666666666,0.7696666666666665,0.16625,0.9299999999999999,0.88575
SAMPLE_03680,0.79525,0.2348333333333333,0.33058333333333334,0.37216666666666665,0.1460833333333333,0.5169166666666667,0.43291666666666667,0.19116666666666665
SAMPLE_03681,0.5649166666666667,0.45725,0.3839166666666667,0.7770833333333333,0.46275,0.7920833333333333,0.55575,0.5906666666666667
SAMPLE_03682,0.23183333333333334,0.5098333333333334,0.4558333333333333,0.3350833333333333,0.52675,0.40324999999999994,0.26975,0.5585833333333333
SAMPLE_03683,0.7708333333333334,0.6028333333333333,0.3175,0.47916666666666663,0.4528333333333333,0.6491666666666667,0.43216666666666664,0.26366666666666666
SAMPLE_03684,0.7637499999999999,0.17758333333333332,0.154,0.17775,0.1813333333333333,0.6718333333333333,0.3328333333333333,0.1745833333333333
SAMPLE_03685,0.7124999999999999,0.7414166666666667,0.8405833333333335,0.8545833333333333,0.8,0.9340833333333332,0.7801666666666667,0.7638333333333334
SAMPLE_03686,0.49058333333333326,0.7110833333333333,0.7589166666666667,0.7063333333333333,0.8171666666666666,0.6740833333333334,0.444,0.7565833333333334
SAMPLE_03687,0.8953333333333333,0.2418333333333333,0.4278333333333333,0.21425,0.37575000000000003,0.5975833333333334,0.38025,0.23766666666666664
SAMPLE_03688,0.7929166666666667,0.32116666666666666,0.32066666666666666,0.21191666666666661,0.3733333333333333,0.6928333333333334,0.3849166666666667,0.3081666666666667
SAMPLE_03689,0.5919166666666666,0.23974999999999996,0.2835,0.22616666666666663,0.3198333333333333,0.5630833333333333,0.4354166666666667,0.24908333333333327
SAMPLE_03690,0.6413333333333333,0.268,0.24108333333333332,0.2100833333333333,0.2549166666666667,0.7230833333333333,0.3790833333333332,0.2540833333333333
SAMPLE_03691,0.08174999999999999,0.7401666666666666,0.8256666666666667,0.8210833333333334,0.7660833333333333,0.24058333333333326,0.9195,0.8920833333333333
SAMPLE_03692,0.6868333333333334,0.36141666666666666,0.14408333333333326,0.3695,0.2475833333333333,0.45575,0.22816666666666663,0.17049999999999996
SAMPLE_03693,0.44675,0.8950833333333333,0.9444166666666667,0.67225,0.889,0.9488333333333334,0.8219166666666666,0.8015833333333333
SAMPLE_03694,0.7719166666666667,0.18841666666666662,0.5498333333333333,0.24691666666666667,0.3888333333333333,0.8239166666666666,0.57975,0.2548333333333333
SAMPLE_03695,0.8356666666666668,0.10141666666666665,0.3841666666666666,0.23183333333333325,0.29208333333333336,0.4420833333333333,0.4131666666666667,0.1391666666666666
SAMPLE_03696,0.24941666666666665,0.541,0.6031666666666666,0.6510833333333333,0.5865,0.45366666666666666,0.45166666666666666,0.7048333333333334
SAMPLE_03697,0.18341666666666667,0.35583333333333333,0.5646666666666667,0.36316666666666664,0.41675,0.65625,0.269,0.31958333333333333
SAMPLE_03698,0.17549999999999993,0.7176666666666667,0.728,0.2148333333333333,0.6719166666666667,0.20983333333333326,0.16991666666666666,0.6319166666666667
SAMPLE_03699,0.28841666666666665,0.6565,0.32316666666666666,0.6659166666666666,0.3680833333333333,0.20624999999999993,0.15341666666666665,0.5565833333333332
SAMPLE_03700,0.7655833333333333,0.18041666666666667,0.27825,0.4674166666666667,0.26291666666666663,0.5116666666666667,0.5973333333333334,0.3735833333333334
SAMPLE_03701,0.16383333333333333,0.70775,0.6185833333333334,0.754,0.526,0.5939166666666666,0.5380833333333332,0.647
SAMPLE_03702,0.796,0.7674166666666666,0.8015000000000001,0.47375,0.6763333333333333,0.9346666666666666,0.7725,0.5718333333333333
SAMPLE_03703,0.99275,0.996375,0.9958750000000001,0.942625,0.9834583333333333,0.99275,0.842875,0.9865416666666667
SAMPLE_03704,0.7213333333333334,0.5940000000000001,0.72575,0.44966666666666666,0.7633333333333332,0.89825,0.70125,0.6990833333333333
SAMPLE_03705,0.5023333333333333,0.8843333333333334,0.8069166666666667,0.7314166666666666,0.7942500000000001,0.46375,0.5150833333333333,0.7430833333333333
SAMPLE_03706,0.3011666666666667,0.6350833333333332,0.48125,0.7046666666666667,0.3834166666666667,0.08516666666666665,0.23858333333333331,0.5303333333333333
SAMPLE_03707,0.8395000000000001,0.33066666666666666,0.21408333333333324,0.2891666666666666,0.27116666666666667,0.5667500000000001,0.32275,0.15
SAMPLE_03708,0.36525,0.2170833333333333,0.353,0.35041666666666665,0.36683333333333334,0.2405,0.7495,0.4325833333333332
SAMPLE_03709,0.8879166666666667,0.6748333333333334,0.2891666666666666,0.44925,0.325,0.61175,0.32724999999999993,0.21233333333333332
SAMPLE_03710,0.8263333333333334,0.1540833333333333,0.19141666666666665,0.18491666666666667,0.20833333333333331,0.54025,0.36075,0.19325
SAMPLE_03711,0.48058333333333325,0.9231666666666667,0.82525,0.6531666666666667,0.9148333333333334,0.22299999999999998,0.34175,0.8305833333333333
SAMPLE_03712,0.5276666666666667,0.5844166666666667,0.54725,0.6651666666666667,0.4810833333333333,0.6715833333333334,0.3275,0.5460833333333333
SAMPLE_03713,0.8553333333333333,0.16141666666666665,0.25575,0.18575,0.26208333333333333,0.45541666666666664,0.29366666666666663,0.16216666666666663
SAMPLE_03714,0.7843333333333333,0.5495833333333333,0.7053333333333334,0.48216666666666663,0.32899999999999996,0.89225,0.7255833333333332,0.558
SAMPLE_03715,0.8495000000000001,0.5713333333333334,0.33808333333333335,0.37499999999999994,0.3635833333333333,0.38166666666666665,0.2579166666666667,0.36349999999999993
SAMPLE_03716,0.26716666666666666,0.5395833333333333,0.69525,0.74825,0.722,0.21441666666666664,0.3144166666666667,0.8355
SAMPLE_03717,0.8120833333333333,0.0713333333333333,0.13191666666666663,0.0998333333333333,0.027499999999999997,0.38508333333333333,0.20141666666666666,0.05516666666666665
SAMPLE_03718,0.7866666666666666,0.17099999999999996,0.42425,0.26349999999999996,0.265,0.3986666666666666,0.37333333333333335,0.15066666666666667
SAMPLE_03719,0.5104166666666667,0.6637500000000001,0.7669166666666667,0.6275833333333334,0.7706666666666666,0.8456666666666666,0.6798333333333333,0.7921666666666667
SAMPLE_03720,0.65625,0.6659166666666667,0.6786666666666665,0.44175,0.4843333333333333,0.6046666666666667,0.39566666666666667,0.5043333333333333
SAMPLE_03721,0.12641666666666665,0.2207499999999999,0.23716666666666666,0.26025000000000004,0.33766666666666667,0.22258333333333336,0.73775,0.3755833333333334
SAMPLE_03722,0.99275,0.962375,0.916875,0.946125,0.8212916666666668,0.99275,0.8474583333333334,0.9070416666666666
SAMPLE_03723,0.0533333333333333,0.23441666666666663,0.13416666666666666,0.25616666666666665,0.3468333333333333,0.153,0.73175,0.42025
SAMPLE_03724,0.33233333333333337,0.4806666666666667,0.5899166666666666,0.8427499999999999,0.7545,0.3088333333333333,0.8380000000000001,0.91425
SAMPLE_03725,0.2285,0.5386666666666666,0.56225,0.6148333333333333,0.6034999999999999,0.57325,0.2583333333333333,0.5705833333333332
SAMPLE_03726,0.46691666666666665,0.47716666666666663,0.77175,0.754,0.6570833333333334,0.7486666666666667,0.647,0.7544166666666667
SAMPLE_03727,0.55375,0.7630833333333333,0.52425,0.4929166666666666,0.6388333333333334,0.7325000000000002,0.5236666666666667,0.47941666666666666
SAMPLE_03728,0.33825,0.5535000000000001,0.5359166666666666,0.5193333333333334,0.57275,0.33708333333333335,0.3193333333333333,0.5003333333333333
SAMPLE_03729,0.34008333333333335,0.9475,0.9569166666666666,0.65825,0.9595833333333335,0.9656666666666666,0.342,0.97075
SAMPLE_03730,0.5111666666666667,0.8595833333333334,0.85275,0.6475,0.9312499999999999,0.5083333333333333,0.6575833333333333,0.8525
SAMPLE_03731,0.6890833333333333,0.3839166666666667,0.5121666666666667,0.32958333333333334,0.45449999999999996,0.7104166666666667,0.42433333333333334,0.3726666666666667
SAMPLE_03732,0.42741666666666667,0.35233333333333333,0.7328333333333334,0.5924166666666666,0.7013333333333334,0.07675,0.86,0.8208333333333334
SAMPLE_03733,0.14716666666666658,0.6104999999999999,0.34525,0.26149999999999995,0.6535833333333333,0.32358333333333333,0.74025,0.6236666666666667
SAMPLE_03734,0.6065,0.7454166666666666,0.79375,0.6669166666666666,0.6274166666666667,0.8320000000000001,0.7005,0.6051666666666666
SAMPLE_03735,0.473,0.8503333333333334,0.7903333333333333,0.5404166666666667,0.9495833333333334,0.5943333333333334,0.387,0.6993333333333334
SAMPLE_03736,0.7004166666666667,0.6824166666666667,0.5802499999999999,0.6706666666666665,0.5308333333333333,0.7926666666666666,0.6072500000000001,0.6536666666666666
SAMPLE_03737,0.99275,0.943625,0.919875,0.946875,0.7358750000000001,0.99275,0.8397083333333334,0.809125
SAMPLE_03738,0.7658333333333334,0.0930833333333333,0.22041666666666665,0.1933333333333333,0.22008333333333324,0.42874999999999996,0.40791666666666665,0.16575
SAMPLE_03739,0.7999166666666666,0.23166666666666663,0.289,0.3396666666666667,0.23291666666666666,0.8058333333333334,0.48324999999999996,0.38791666666666663
SAMPLE_03740,0.5205,0.5978333333333334,0.31875,0.4658333333333333,0.26991666666666664,0.5955833333333334,0.5014166666666666,0.22983333333333328
SAMPLE_03741,0.5961666666666667,0.16666666666666666,0.23066666666666663,0.1639166666666666,0.18775,0.53825,0.2996666666666667,0.17575
SAMPLE_03742,0.7030000000000001,0.29291666666666666,0.208,0.2360833333333333,0.2370833333333333,0.6093333333333333,0.31625000000000003,0.25016666666666665
SAMPLE_03743,0.17816666666666664,0.62775,0.7585,0.2680833333333333,0.7681666666666667,0.20299999999999996,0.18225,0.6175833333333334
SAMPLE_03744,0.19458333333333333,0.7329166666666667,0.8473333333333333,0.5823333333333334,0.8572500000000001,0.361,0.4314166666666666,0.8285
SAMPLE_03745,0.2710833333333333,0.3765833333333333,0.34941666666666665,0.6704166666666667,0.46275,0.051000000000000004,0.73575,0.6229166666666667
SAMPLE_03746,0.82975,0.23449999999999993,0.4375833333333333,0.3381666666666666,0.22508333333333325,0.60475,0.44075,0.16833333333333328
SAMPLE_03747,0.5740000000000001,0.7891666666666666,0.7479166666666667,0.5779166666666666,0.6733333333333333,0.7835833333333333,0.694,0.6633333333333333
SAMPLE_03748,0.1295833333333333,0.21491666666666664,0.2143333333333333,0.3163333333333333,0.35341666666666666,0.21658333333333324,0.78075,0.42874999999999996
SAMPLE_03749,0.6776666666666666,0.1305,0.4913333333333333,0.2350833333333333,0.37383333333333335,0.4376666666666666,0.35575,0.263
SAMPLE_03750,0.2195833333333333,0.7218333333333333,0.7559166666666667,0.6481666666666666,0.64,0.5221666666666667,0.4605,0.6198333333333332
SAMPLE_03751,0.2525,0.1964166666666666,0.3379166666666666,0.28441666666666665,0.6256666666666666,0.03275,0.7585,0.6356666666666667
SAMPLE_03752,0.0795,0.11491666666666665,0.14250000000000002,0.272,0.30191666666666667,0.174,0.74525,0.36224999999999996
SAMPLE_03753,0.1315833333333333,0.12441666666666665,0.2125,0.51625,0.22116666666666665,0.11175,0.76875,0.33691666666666664
SAMPLE_03754,0.0241666666666666,0.39641666666666664,0.10525,0.7419166666666667,0.2520833333333333,0.22591666666666665,0.7265,0.4215
SAMPLE_03755,0.5747500000000001,0.57175,0.72275,0.5535833333333333,0.6686666666666666,0.81025,0.631,0.6488333333333334
SAMPLE_03756,0.264,0.5759166666666666,0.3704166666666666,0.6990833333333333,0.2838333333333334,0.24616666666666664,0.2319166666666666,0.5541666666666667
SAMPLE_03757,0.83375,0.3089166666666666,0.36591666666666667,0.31316666666666665,0.544,0.49583333333333335,0.3748333333333333,0.42741666666666667
SAMPLE_03758,0.5282500000000001,0.6740833333333334,0.5571666666666667,0.6405,0.5073333333333333,0.6591666666666667,0.6013333333333333,0.5668333333333333
SAMPLE_03759,0.8545,0.6635,0.23583333333333334,0.48866666666666664,0.3750833333333333,0.4170833333333333,0.24125,0.30333333333333334
SAMPLE_03760,0.49150000000000005,0.9326666666666665,0.9253333333333333,0.73925,0.8210833333333333,0.5955833333333334,0.6501666666666667,0.8624166666666667
SAMPLE_03761,0.6555,0.46641666666666665,0.3265,0.39291666666666664,0.3878333333333333,0.7923333333333333,0.48175,0.36791666666666667
SAMPLE_03762,0.31016666666666665,0.5893333333333333,0.3423333333333334,0.53025,0.4646666666666667,0.20475,0.80225,0.5330833333333334
SAMPLE_03763,0.5805833333333333,0.23633333333333328,0.4139166666666667,0.20958333333333334,0.4431666666666667,0.5988333333333333,0.436,0.3384999999999999
SAMPLE_03764,0.627,0.5511666666666668,0.43566666666666665,0.7838333333333334,0.3199166666666666,0.7715000000000001,0.6205,0.44400000000000006
SAMPLE_03765,0.7104999999999999,0.298,0.4434999999999999,0.39441666666666664,0.2503333333333333,0.6890000000000001,0.5367500000000001,0.26941666666666664
SAMPLE_03766,0.7008333333333334,0.6988333333333334,0.5109166666666667,0.40700000000000003,0.54125,0.5893333333333333,0.4029166666666667,0.3338333333333333
SAMPLE_03767,0.8085,0.2695,0.31575,0.25366666666666665,0.134,0.49491666666666667,0.41975000000000007,0.22449999999999992
SAMPLE_03768,0.09525,0.1275833333333333,0.07041666666666666,0.7920833333333333,0.16491666666666666,0.24483333333333335,0.73675,0.33891666666666664
SAMPLE_03769,0.7846666666666666,0.08308333333333325,0.32,0.12841666666666665,0.086,0.5822499999999999,0.4806666666666667,0.07841666666666665
SAMPLE_03770,0.0630833333333333,0.34875,0.13775,0.8846666666666667,0.43325,0.25658333333333333,0.7325,0.6589166666666666
SAMPLE_03771,0.6801666666666667,0.3444166666666666,0.4678333333333334,0.32366666666666666,0.4038333333333333,0.6351666666666667,0.46166666666666667,0.30674999999999997
SAMPLE_03772,0.8024166666666668,0.34975,0.6536666666666666,0.457,0.30533333333333335,0.7100833333333334,0.48575,0.40874999999999995
SAMPLE_03773,0.26274999999999993,0.7038333333333333,0.48091666666666666,0.698,0.6138333333333333,0.39116666666666666,0.36591666666666667,0.6750833333333334
SAMPLE_03774,0.27649999999999997,0.769,0.87475,0.7079166666666667,0.8771666666666667,0.5640833333333333,0.5835833333333333,0.9471666666666667
SAMPLE_03775,0.8151666666666666,0.44816666666666666,0.48491666666666666,0.5123333333333333,0.3825833333333333,0.8138333333333334,0.6004166666666666,0.508
SAMPLE_03776,0.6011666666666666,0.3300833333333333,0.24,0.22491666666666665,0.33308333333333334,0.4006666666666666,0.46799999999999997,0.3053333333333333
SAMPLE_03777,0.3029166666666666,0.43808333333333327,0.0740833333333333,0.559,0.25816666666666666,0.15025,0.72675,0.3695
SAMPLE_03778,0.5724166666666667,0.1963333333333333,0.27649999999999997,0.273,0.1145833333333333,0.627,0.42808333333333337,0.22816666666666666
SAMPLE_03779,0.7748333333333334,0.29916666666666664,0.4585,0.24375000000000002,0.40575,0.5810833333333334,0.3740833333333333,0.36525
SAMPLE_03780,0.4389166666666666,0.5554166666666667,0.7053333333333334,0.8359166666666666,0.55575,0.8760833333333333,0.7159166666666666,0.5608333333333333
SAMPLE_03781,0.27658333333333335,0.2673333333333333,0.5589166666666667,0.7255,0.6325833333333333,0.11125,0.8265,0.8075833333333333
SAMPLE_03782,0.47058333333333335,0.8313333333333333,0.4781666666666667,0.5947500000000001,0.8628333333333333,0.45516666666666666,0.27249999999999996,0.7802499999999999
SAMPLE_03783,0.7385833333333334,0.41891666666666666,0.3396666666666667,0.28225,0.30874999999999997,0.774,0.30441666666666667,0.17366666666666664
SAMPLE_03784,0.7920833333333333,0.46291666666666664,0.6837500000000001,0.39349999999999996,0.40624999999999994,0.7119166666666666,0.5427500000000001,0.3605833333333333
SAMPLE_03785,0.8755833333333334,0.7072499999999999,0.8858333333333335,0.5785833333333333,0.8452500000000001,0.5125833333333334,0.5001666666666666,0.786
SAMPLE_03786,0.4831666666666667,0.7805833333333332,0.69425,0.6856666666666666,0.6790833333333333,0.21608333333333324,0.3345833333333333,0.7800833333333332
SAMPLE_03787,0.5350833333333334,0.8504166666666667,0.6945833333333333,0.7016666666666667,0.8235,0.24866666666666665,0.2653333333333333,0.6415833333333334
SAMPLE_03788,0.8583333333333333,0.611,0.25333333333333335,0.40191666666666664,0.3825833333333333,0.6440833333333333,0.17908333333333326,0.24066666666666664
SAMPLE_03789,0.3324166666666667,0.67575,0.8009166666666667,0.6849166666666666,0.78925,0.722,0.93025,0.7523333333333333
SAMPLE_03790,0.14475,0.6655833333333334,0.5275,0.7278333333333333,0.6135833333333334,0.38025,0.31249999999999994,0.7249999999999999
SAMPLE_03791,0.70475,0.19208333333333327,0.31475,0.1675833333333333,0.24475000000000002,0.8167500000000001,0.30241666666666667,0.19541666666666666
SAMPLE_03792,0.5269166666666667,0.5293333333333334,0.25475,0.48091666666666666,0.398,0.81425,0.5277499999999999,0.34941666666666665
SAMPLE_03793,0.3075833333333333,0.5950833333333333,0.8534166666666667,0.7785833333333334,0.7350833333333333,0.42016666666666663,0.4428333333333333,0.8986666666666667
SAMPLE_03794,0.3025,0.37416666666666665,0.87975,0.56675,0.7084166666666667,0.49858333333333327,0.9612499999999999,0.8209166666666667
SAMPLE_03795,0.48725,0.8306666666666667,0.9277500000000001,0.8580000000000001,0.8455,0.9390833333333333,0.8240000000000001,0.9183333333333332
SAMPLE_03796,0.75275,0.9370833333333333,0.9515,0.6718333333333333,0.9186666666666666,0.938,0.6975833333333333,0.6705000000000001
SAMPLE_03797,0.15091666666666664,0.4255833333333333,0.33475,0.7184166666666667,0.5482499999999999,0.2238333333333333,0.5239166666666667,0.6107499999999999
SAMPLE_03798,0.5587500000000001,0.40841666666666665,0.3086666666666666,0.20716666666666667,0.44833333333333336,0.5085,0.4315833333333333,0.39616666666666667
SAMPLE_03799,0.593,0.5083333333333333,0.11249999999999999,0.5103333333333333,0.16516666666666666,0.5891666666666666,0.4249166666666666,0.15866666666666665
SAMPLE_03800,0.1870833333333333,0.7316666666666667,0.5031666666666667,0.38341666666666663,0.7664166666666667,0.43091666666666667,0.36816666666666664,0.6323333333333333
SAMPLE_03801,0.06641666666666665,0.2513333333333333,0.1685,0.26166666666666666,0.3745833333333334,0.1368333333333333,0.73725,0.47525
SAMPLE_03802,0.1260833333333333,0.28641666666666665,0.5701666666666667,0.4033333333333333,0.6798333333333334,0.11816666666666664,0.795,0.7226666666666668
SAMPLE_03803,0.6059166666666667,0.5801666666666667,0.6240833333333333,0.46491666666666664,0.7362500000000001,0.77125,0.344,0.5936666666666666
SAMPLE_03804,0.34441666666666665,0.4720833333333333,0.24216666666666664,0.718,0.51425,0.5686666666666667,0.28775,0.4188333333333333
SAMPLE_03805,0.2428333333333333,0.5934166666666667,0.7314166666666666,0.2392499999999999,0.8120833333333333,0.3746666666666667,0.22241666666666665,0.7219166666666667
SAMPLE_03806,0.5079166666666667,0.7252500000000001,0.7193333333333334,0.7050833333333333,0.7909166666666667,0.2915,0.5269166666666667,0.8446666666666667
SAMPLE_03807,0.79375,0.26725,0.3321666666666666,0.2745833333333333,0.2925,0.6872499999999999,0.30408333333333326,0.24183333333333334
SAMPLE_03808,0.503,0.8309166666666667,0.8985833333333333,0.45925,0.7311666666666667,0.3363333333333334,0.2885,0.7377499999999999
SAMPLE_03809,0.378,0.6229166666666667,0.37966666666666665,0.74825,0.5964166666666667,0.46950000000000003,0.3254166666666666,0.56275
SAMPLE_03810,0.5679166666666666,0.2535833333333333,0.21275,0.181,0.2603333333333333,0.36591666666666667,0.2926666666666666,0.18016666666666664
SAMPLE_03811,0.20458333333333326,0.32025000000000003,0.27025,0.49283333333333335,0.39758333333333334,0.0933333333333333,0.7322500000000001,0.4720833333333333
SAMPLE_03812,0.4836666666666667,0.40800000000000003,0.5586666666666666,0.8145,0.5048333333333334,0.8408333333333333,0.6441666666666667,0.50475
SAMPLE_03813,0.0749166666666666,0.1878333333333333,0.4328333333333334,0.33699999999999997,0.45158333333333334,0.1170833333333333,0.81525,0.53175
SAMPLE_03814,0.7088333333333332,0.46375,0.49533333333333335,0.42591666666666667,0.2836666666666666,0.56,0.5861666666666667,0.2905833333333333
SAMPLE_03815,0.09416666666666665,0.243,0.1808333333333333,0.3128333333333333,0.4113333333333332,0.0795833333333333,0.74375,0.32791666666666663
SAMPLE_03816,0.5742499999999999,0.7539166666666668,0.7703333333333333,0.743,0.7521666666666667,0.8159166666666666,0.6404166666666666,0.7460833333333332
SAMPLE_03817,0.8868333333333334,0.897,0.8954166666666666,0.5955,0.89225,0.9339166666666667,0.6933333333333334,0.8280833333333333
SAMPLE_03818,0.721,0.32016666666666665,0.6076666666666667,0.41533333333333333,0.23608333333333328,0.50325,0.5425833333333332,0.32066666666666666
SAMPLE_03819,0.6226666666666667,0.5549166666666667,0.6103333333333334,0.5925833333333332,0.653,0.6990000000000001,0.6505000000000001,0.5680833333333333
SAMPLE_03820,0.6316666666666666,0.5635,0.35991666666666666,0.4556666666666666,0.4494166666666667,0.7809166666666667,0.7065,0.35350000000000004
SAMPLE_03821,0.12008333333333325,0.5084166666666666,0.3448333333333333,0.3995833333333333,0.47841666666666666,0.21716666666666667,0.82675,0.5706666666666667
SAMPLE_03822,0.7849999999999999,0.23091666666666666,0.1643333333333333,0.21991666666666665,0.139,0.32341666666666663,0.15391666666666665,0.1148333333333333
SAMPLE_03823,0.8618333333333335,0.6869166666666666,0.1228333333333333,0.39074999999999993,0.4010833333333333,0.5255000000000001,0.32266666666666666,0.1978333333333333
SAMPLE_03824,0.8044166666666666,0.8907499999999999,0.9058333333333333,0.5398333333333333,0.8479166666666667,0.9458333333333333,0.7335,0.78325
SAMPLE_03825,0.822,0.15966666666666665,0.21183333333333332,0.16825,0.14016666666666666,0.4845833333333333,0.36766666666666664,0.189
SAMPLE_03826,0.2261666666666666,0.4069166666666667,0.5805,0.8315,0.3413333333333333,0.5180833333333333,0.5051666666666667,0.57975
SAMPLE_03827,0.2020833333333333,0.5105000000000001,0.4535,0.50825,0.4550833333333333,0.3985833333333333,0.33533333333333337,0.49716666666666665
SAMPLE_03828,0.7683333333333333,0.44141666666666657,0.6874166666666666,0.40574999999999994,0.5347500000000001,0.7625000000000001,0.4065,0.5449166666666667
SAMPLE_03829,0.8678333333333332,0.43483333333333335,0.4825,0.2866666666666666,0.5366666666666667,0.6610833333333334,0.4665,0.508
SAMPLE_03830,0.34433333333333327,0.5781666666666666,0.5994166666666667,0.366,0.45375,0.18783333333333324,0.15975,0.423
SAMPLE_03831,0.8534166666666667,0.17691666666666667,0.3260833333333333,0.2355833333333333,0.29775,0.769,0.46825,0.2685
SAMPLE_03832,0.5449999999999999,0.1655833333333333,0.18466666666666665,0.28091666666666665,0.08499999999999999,0.45824999999999994,0.4408333333333333,0.051000000000000004
SAMPLE_03833,0.03416666666666665,0.18391666666666667,0.1445833333333333,0.6328333333333334,0.35491666666666666,0.154,0.73925,0.5844166666666667
SAMPLE_03834,0.5920833333333333,0.5768333333333333,0.5863333333333334,0.509,0.5035833333333333,0.8699166666666667,0.5385,0.4979166666666667
SAMPLE_03835,0.13008333333333325,0.26283333333333325,0.13591666666666666,0.7569999999999999,0.14750000000000002,0.15408333333333335,0.731,0.3198333333333333
SAMPLE_03836,0.33308333333333334,0.5204166666666666,0.42275,0.7073333333333334,0.5114166666666666,0.15533333333333335,0.16324999999999995,0.6493333333333333
SAMPLE_03837,0.8331666666666666,0.11191666666666664,0.19991666666666663,0.2090833333333333,0.18166666666666664,0.5224166666666668,0.3556666666666667,0.1435833333333333
SAMPLE_03838,0.7208333333333333,0.6264166666666666,0.34375,0.6316666666666667,0.4015833333333333,0.7344166666666667,0.42908333333333326,0.49116666666666664
SAMPLE_03839,0.43625,0.8909166666666667,0.9295,0.6406666666666667,0.9048333333333333,0.5219166666666667,0.48091666666666666,0.8630833333333332
SAMPLE_03840,0.09674999999999999,0.2260833333333333,0.20333333333333334,0.2615,0.5258333333333334,0.13149999999999995,0.74775,0.5681666666666667
SAMPLE_03841,0.9081666666666666,0.5595000000000001,0.6545000000000001,0.40874999999999995,0.4705,0.7613333333333332,0.44175,0.41391666666666665
SAMPLE_03842,0.0335,0.1123333333333333,0.10466666666666666,0.2325,0.23700000000000002,0.1388333333333333,0.7404999999999999,0.34074999999999994
SAMPLE_03843,0.4974166666666666,0.8329166666666667,0.7305,0.6215833333333334,0.76575,0.3605,0.3650833333333333,0.7141666666666666
SAMPLE_03844,0.6599166666666667,0.4945,0.29941666666666666,0.45799999999999996,0.2990833333333333,0.405,0.41624999999999995,0.2560833333333333
SAMPLE_03845,0.34725,0.8164166666666668,0.67425,0.73575,0.923,0.3085,0.33458333333333334,0.8353333333333334
SAMPLE_03846,0.8528333333333333,0.303,0.4604166666666667,0.32966666666666666,0.33266666666666667,0.4635,0.4514166666666667,0.22483333333333336
SAMPLE_03847,0.24241666666666667,0.8479166666666667,0.6511666666666667,0.8420833333333334,0.8188333333333334,0.1443333333333333,0.772,0.9066666666666666
SAMPLE_03848,0.7553333333333334,0.27041666666666664,0.38649999999999995,0.38225,0.30916666666666665,0.472,0.25725,0.16525
SAMPLE_03849,0.07150000000000001,0.5075000000000001,0.55425,0.387,0.7957500000000001,0.1545833333333333,0.1895,0.8029166666666667
SAMPLE_03850,0.3330833333333333,0.26391666666666663,0.7095833333333332,0.5034166666666666,0.6361666666666667,0.20741666666666658,0.88125,0.7249166666666667
SAMPLE_03851,0.673,0.41825,0.5169999999999999,0.39883333333333326,0.47958333333333336,0.6270833333333333,0.5340833333333334,0.29500000000000004
SAMPLE_03852,0.77475,0.4325,0.3690833333333333,0.33799999999999997,0.47,0.6423333333333334,0.4945833333333334,0.40049999999999997
SAMPLE_03853,0.48324999999999996,0.8267500000000001,0.9341666666666666,0.2836666666666666,0.9018333333333333,0.5999166666666667,0.46499999999999997,0.7750000000000001
SAMPLE_03854,0.47250000000000003,0.6819166666666667,0.5816666666666667,0.6605000000000001,0.7838333333333334,0.6129166666666667,0.2969166666666666,0.6906666666666668
SAMPLE_03855,0.062333333333333296,0.11724999999999995,0.33708333333333335,0.32275,0.2001666666666666,0.12825,0.77475,0.26191666666666663
SAMPLE_03856,0.8235833333333333,0.2423333333333333,0.24733333333333335,0.26016666666666666,0.2773333333333333,0.7478333333333333,0.401,0.31566666666666665
SAMPLE_03857,0.8065833333333333,0.4135,0.6868333333333333,0.40041666666666664,0.42708333333333326,0.5188333333333334,0.4140833333333333,0.42825
SAMPLE_03858,0.38775000000000004,0.5349166666666666,0.5084166666666666,0.5692499999999999,0.47075,0.51025,0.30166666666666664,0.5929166666666666
SAMPLE_03859,0.0320833333333333,0.1988333333333333,0.23341666666666666,0.5121666666666667,0.36774999999999997,0.15875,0.744,0.425
SAMPLE_03860,0.0645833333333333,0.39283333333333337,0.16374999999999995,0.332,0.3291666666666666,0.11141666666666666,0.74175,0.43941666666666657
SAMPLE_03861,0.7776666666666666,0.14458333333333329,0.5755833333333333,0.31383333333333335,0.3324166666666667,0.42341666666666666,0.4101666666666667,0.23766666666666664
SAMPLE_03862,0.76275,0.6583333333333333,0.9320833333333334,0.4141666666666667,0.8895833333333334,0.46425,0.46575,0.82375
SAMPLE_03863,0.7315833333333333,0.28175,0.43133333333333335,0.3238333333333333,0.3969166666666667,0.6260000000000001,0.40541666666666665,0.45575
SAMPLE_03864,0.28941666666666666,0.22825,0.4555833333333333,0.5559999999999999,0.6990833333333334,0.06391666666666665,0.7745,0.7751666666666666
SAMPLE_03865,0.47275,0.24375,0.2695833333333333,0.27108333333333334,0.25733333333333336,0.48691666666666666,0.35483333333333333,0.2905833333333333
SAMPLE_03866,0.0815,0.40641666666666665,0.35741666666666666,0.7256666666666667,0.521,0.25825,0.74575,0.70625
SAMPLE_03867,0.49358333333333326,0.7635000000000001,0.7155833333333332,0.708,0.6286666666666667,0.392,0.3274166666666667,0.7339166666666667
SAMPLE_03868,0.0698333333333333,0.20575,0.4990833333333333,0.4388333333333333,0.5605833333333334,0.12566666666666665,0.78725,0.644
SAMPLE_03869,0.6935,0.39,0.6343333333333333,0.34550000000000003,0.5635,0.7415,0.4335,0.5056666666666667
SAMPLE_03870,0.22399999999999998,0.5301666666666667,0.7278333333333333,0.63575,0.6835833333333334,0.24441666666666667,0.80825,0.8175833333333333
SAMPLE_03871,0.60925,0.16166666666666665,0.10450000000000001,0.15974999999999995,0.1075833333333333,0.4685,0.2375,0.08041666666666665
SAMPLE_03872,0.8349166666666665,0.8401666666666667,0.8265833333333333,0.6520833333333333,0.7844166666666667,0.9364166666666667,0.71825,0.7628333333333333
SAMPLE_03873,0.1428333333333333,0.5745,0.6189166666666668,0.4509999999999999,0.66825,0.40349999999999997,0.43674999999999997,0.7016666666666667
SAMPLE_03874,0.9056666666666666,0.30791666666666667,0.5560833333333333,0.32266666666666666,0.471,0.3903333333333333,0.36591666666666667,0.4764166666666666
SAMPLE_03875,0.5536666666666666,0.8966666666666666,0.9396666666666667,0.8245,0.8393333333333333,0.8833333333333333,0.7315,0.8250833333333333
SAMPLE_03876,0.7226666666666666,0.3556666666666667,0.22791666666666666,0.43008333333333326,0.21983333333333333,0.66825,0.3129166666666666,0.15699999999999995
SAMPLE_03877,0.76075,0.109,0.1265,0.19066666666666665,0.1407499999999999,0.5121666666666667,0.35391666666666666,0.11858333333333329
SAMPLE_03878,0.2335833333333333,0.6198333333333333,0.3955,0.7438333333333333,0.7329166666666667,0.5151666666666667,0.3843333333333333,0.5774166666666667
SAMPLE_03879,0.10816666666666666,0.25158333333333327,0.19816666666666666,0.7770833333333333,0.16125,0.17391666666666666,0.74,0.3976666666666666
SAMPLE_03880,0.3104166666666667,0.8590833333333334,0.8220833333333333,0.4674166666666666,0.9088333333333333,0.6465833333333334,0.38366666666666666,0.8580833333333332
SAMPLE_03881,0.3475,0.5994166666666667,0.7108333333333334,0.5475833333333333,0.6488333333333333,0.47275,0.48691666666666666,0.6955833333333333
SAMPLE_03882,0.4892500000000001,0.6779166666666667,0.9076666666666666,0.55875,0.7998333333333334,0.22633333333333325,0.2811666666666667,0.8713333333333334
SAMPLE_03883,0.8429166666666666,0.47233333333333327,0.2646666666666666,0.4654166666666666,0.33241666666666664,0.4555833333333333,0.27391666666666664,0.18666666666666665
SAMPLE_03884,0.99275,0.943875,0.924875,0.9453750000000001,0.808125,0.99275,0.8487916666666666,0.8545416666666666
SAMPLE_03885,0.1785833333333333,0.3495833333333333,0.2655833333333333,0.69075,0.359,0.4511666666666666,0.32483333333333336,0.5058333333333334
SAMPLE_03886,0.48858333333333326,0.33391666666666664,0.4960833333333333,0.41191666666666665,0.3446666666666667,0.6879166666666666,0.5446666666666666,0.34041666666666665
SAMPLE_03887,0.16891666666666666,0.57225,0.40249999999999997,0.6251666666666666,0.22466666666666665,0.27049999999999996,0.23583333333333328,0.33666666666666667
SAMPLE_03888,0.6005,0.4108333333333334,0.1925,0.43233333333333335,0.2308333333333333,0.6581666666666667,0.4061666666666667,0.3118333333333333
SAMPLE_03889,0.99275,0.979625,0.9586250000000001,0.947875,0.8929583333333333,0.99275,0.8466250000000001,0.9105416666666666
SAMPLE_03890,0.7426666666666666,0.6005833333333334,0.7779166666666666,0.40191666666666664,0.8220000000000001,0.7861666666666667,0.6320833333333333,0.6780833333333334
SAMPLE_03891,0.26341666666666663,0.6455,0.7218333333333333,0.61275,0.44591666666666663,0.3045,0.36899999999999994,0.6194999999999999
SAMPLE_03892,0.61325,0.3242499999999999,0.44075,0.3441666666666666,0.36324999999999996,0.7183333333333333,0.441,0.3881666666666666
SAMPLE_03893,0.1000833333333333,0.42816666666666664,0.41766666666666663,0.70275,0.5967500000000001,0.16641666666666666,0.937,0.624
SAMPLE_03894,0.0075,0.0958333333333333,0.22133333333333333,0.26116666666666666,0.20750000000000002,0.26233333333333336,0.76725,0.3221666666666667
SAMPLE_03895,0.18575,0.41091666666666665,0.5295000000000001,0.7008333333333334,0.5008333333333334,0.27708333333333324,0.2558333333333333,0.6201666666666666
SAMPLE_03896,0.2868333333333333,0.4285833333333333,0.48133333333333334,0.5133333333333333,0.39975,0.5586666666666666,0.4271666666666667,0.5968333333333333
SAMPLE_03897,0.5235833333333333,0.6550833333333334,0.5683333333333332,0.6724999999999999,0.58575,0.8264166666666667,0.6924999999999999,0.5461666666666667
SAMPLE_03898,0.45658333333333334,0.9129166666666666,0.901,0.6761666666666666,0.9701666666666666,0.8869166666666666,0.6775,0.84575
SAMPLE_03899,0.8085833333333334,0.26266666666666666,0.3264166666666666,0.2193333333333333,0.1533333333333333,0.7105,0.40183333333333326,0.1358333333333333
SAMPLE_03900,0.16316666666666665,0.69575,0.7229166666666667,0.8703333333333334,0.8538333333333334,0.049,0.9137500000000001,0.96225
SAMPLE_03901,0.8115,0.3468333333333333,0.17341666666666666,0.22866666666666663,0.14875,0.4791666666666667,0.36758333333333326,0.16208333333333336
SAMPLE_03902,0.2878333333333333,0.91925,0.8791666666666667,0.6964166666666667,0.9299999999999999,0.8276666666666667,0.39174999999999993,0.9584166666666667
SAMPLE_03903,0.0678333333333333,0.2965,0.8109999999999999,0.5776666666666667,0.69375,0.18491666666666665,0.91225,0.7820833333333334
SAMPLE_03904,0.2730833333333333,0.7691666666666668,0.5028333333333332,0.4869166666666667,0.49250000000000005,0.15316666666666667,0.19274999999999998,0.42625
SAMPLE_03905,0.6915833333333333,0.4491666666666666,0.42925,0.49266666666666664,0.5998333333333334,0.8925000000000001,0.6080833333333333,0.6433333333333333
SAMPLE_03906,0.5320833333333332,0.4824166666666667,0.5157499999999999,0.6569166666666667,0.4850833333333333,0.7675833333333333,0.887,0.42925
SAMPLE_03907,0.7931666666666668,0.3,0.5365833333333334,0.25358333333333327,0.5360833333333334,0.5746666666666667,0.38508333333333333,0.3104166666666667
SAMPLE_03908,0.14275,0.27125,0.28941666666666666,0.44025,0.27291666666666664,0.1701666666666666,0.77725,0.34275
SAMPLE_03909,0.2796666666666666,0.5539166666666666,0.27525,0.6865833333333333,0.2165833333333333,0.18924999999999997,0.20499999999999996,0.3803333333333333
SAMPLE_03910,0.5144166666666667,0.19491666666666665,0.29808333333333337,0.17466666666666664,0.5239166666666668,0.4398333333333333,0.32116666666666666,0.17875
SAMPLE_03911,0.6632500000000001,0.8514166666666666,0.7260833333333334,0.6603333333333333,0.6530833333333335,0.9590833333333333,0.6136666666666666,0.7030833333333334
SAMPLE_03912,0.5249166666666667,0.58775,0.8794166666666665,0.6349166666666667,0.7094166666666666,0.7766666666666667,0.75925,0.79225
SAMPLE_03913,0.7999999999999999,0.3613333333333333,0.1633333333333333,0.43666666666666665,0.32941666666666664,0.3388333333333333,0.26449999999999996,0.1149166666666666
SAMPLE_03914,0.2271666666666666,0.35641666666666666,0.6125,0.5915,0.4936666666666667,0.4392499999999999,0.87475,0.6660833333333334
SAMPLE_03915,0.99275,0.988875,0.9901249999999999,0.941625,0.9347083333333333,0.99275,0.833375,0.9307083333333334
SAMPLE_03916,0.99275,0.942625,0.931125,0.940875,0.817375,0.99275,0.831875,0.828125
SAMPLE_03917,0.7056666666666667,0.6323333333333333,0.7052499999999999,0.6873333333333334,0.6198333333333332,0.8952500000000001,0.7404999999999999,0.621
SAMPLE_03918,0.28049999999999997,0.43025,0.5141666666666667,0.6425833333333333,0.23566666666666664,0.2793333333333333,0.2185833333333333,0.3965833333333333
SAMPLE_03919,0.51025,0.7510833333333333,0.7663333333333333,0.6403333333333333,0.628,0.8121666666666667,0.6700833333333334,0.6283333333333334
SAMPLE_03920,0.2316666666666666,0.7814166666666666,0.6379166666666667,0.611,0.5575833333333333,0.4656666666666667,0.5823333333333334,0.6898333333333333
SAMPLE_03921,0.15966666666666665,0.7184999999999999,0.21966666666666665,0.8289166666666666,0.4853333333333333,0.13841666666666666,0.72725,0.5894999999999999
SAMPLE_03922,0.7345833333333334,0.2711666666666666,0.45325,0.3668333333333333,0.6032500000000001,0.3893333333333333,0.25925,0.39775
SAMPLE_03923,0.7965,0.81025,0.9288333333333334,0.5963333333333334,0.8765833333333332,0.9223333333333334,0.7710833333333333,0.8111666666666666
SAMPLE_03924,0.20949999999999996,0.5442499999999999,0.4084166666666666,0.5155000000000001,0.6715,0.20808333333333334,0.93875,0.6833333333333333
SAMPLE_03925,0.502,0.44691666666666663,0.6835833333333334,0.8265833333333333,0.39608333333333334,0.81975,0.7054166666666666,0.5208333333333333
SAMPLE_03926,0.33766666666666667,0.55575,0.732,0.6160833333333333,0.7015833333333333,0.07549999999999996,0.92875,0.716
SAMPLE_03927,0.8175,0.1985833333333333,0.58325,0.1875,0.47016666666666673,0.5945833333333332,0.32883333333333326,0.45808333333333334
SAMPLE_03928,0.7789166666666667,0.45266666666666666,0.10750000000000001,0.39975000000000005,0.1560833333333333,0.45924999999999994,0.2945833333333333,0.12941666666666665
SAMPLE_03929,0.7060833333333334,0.3468333333333333,0.4171666666666667,0.42533333333333323,0.34925,0.58675,0.32608333333333334,0.29025
SAMPLE_03930,0.7669166666666667,0.1895,0.09349999999999994,0.17074999999999993,0.0885,0.35058333333333325,0.31766666666666665,0.04925
SAMPLE_03931,0.3108333333333333,0.48091666666666666,0.2473333333333333,0.78125,0.38175,0.41158333333333336,0.2831666666666667,0.38416666666666666
SAMPLE_03932,0.0160833333333333,0.1353333333333333,0.11008333333333331,0.25325,0.21133333333333332,0.09416666666666665,0.7364999999999999,0.20750000000000002
SAMPLE_03933,0.3424999999999999,0.7015,0.7298333333333333,0.6928333333333334,0.8807499999999999,0.36458333333333326,0.22474999999999995,0.9155
SAMPLE_03934,0.2605,0.5758333333333334,0.5796666666666668,0.5811666666666667,0.6345833333333334,0.14041666666666663,0.16066666666666665,0.6878333333333333
SAMPLE_03935,0.5656666666666667,0.7804166666666666,0.689,0.8189166666666667,0.549,0.9027499999999999,0.7443333333333333,0.7168333333333334
SAMPLE_03936,0.32391666666666663,0.7719166666666666,0.7750833333333333,0.655,0.5965,0.369,0.4081666666666667,0.6246666666666667
SAMPLE_03937,0.7975833333333333,0.5568333333333334,0.5181666666666667,0.4789166666666667,0.3209166666666667,0.7014166666666667,0.5671666666666667,0.20791666666666658
SAMPLE_03938,0.5815833333333333,0.7886666666666666,0.7830833333333334,0.6716666666666666,0.7504166666666667,0.9015,0.5951666666666666,0.6389166666666668
SAMPLE_03939,0.45891666666666664,0.8280833333333333,0.9437500000000001,0.7062499999999999,0.9244166666666667,0.3115,0.41991666666666666,0.9548333333333334
SAMPLE_03940,0.35766666666666663,0.5555,0.5776666666666667,0.6565,0.6528333333333334,0.27649999999999997,0.28425,0.798
SAMPLE_03941,0.7306666666666667,0.6474166666666666,0.2508333333333333,0.3630833333333333,0.41391666666666665,0.64925,0.18533333333333324,0.30616666666666664
SAMPLE_03942,0.8479166666666667,0.3278333333333333,0.37966666666666665,0.2525833333333333,0.27949999999999997,0.6041666666666667,0.35216666666666663,0.19483333333333325
SAMPLE_03943,0.7615833333333334,0.16991666666666666,0.17725000000000002,0.14716666666666667,0.13541666666666666,0.4964166666666667,0.41425,0.10416666666666666
SAMPLE_03944,0.5484166666666667,0.36066666666666664,0.17425000000000002,0.1863333333333333,0.16066666666666665,0.39749999999999996,0.3396666666666667,0.0675
SAMPLE_03945,0.7868333333333334,0.57325,0.43733333333333335,0.7210833333333333,0.3747499999999999,0.8309166666666667,0.67025,0.5749166666666667
SAMPLE_03946,0.30991666666666673,0.781,0.4924166666666666,0.6619166666666667,0.8004166666666668,0.3059166666666666,0.21491666666666664,0.8061666666666667
SAMPLE_03947,0.5396666666666667,0.5414166666666667,0.43608333333333327,0.45858333333333334,0.355,0.9121666666666666,0.5339166666666666,0.295
SAMPLE_03948,0.092,0.1275833333333333,0.2728333333333333,0.5544166666666666,0.16741666666666666,0.13908333333333328,0.7484999999999999,0.38083333333333336
SAMPLE_03949,0.46624999999999994,0.80975,0.7268333333333334,0.6805,0.8228333333333333,0.3670833333333333,0.28674999999999995,0.8193333333333334
SAMPLE_03950,0.6535,0.4514166666666667,0.42966666666666664,0.7328333333333334,0.68225,0.6772500000000001,0.3554999999999999,0.5729166666666666
SAMPLE_03951,0.15475,0.3179166666666667,0.3943333333333333,0.2915833333333333,0.45033333333333336,0.28625,0.19549999999999995,0.5585833333333333
SAMPLE_03952,0.99275,0.935125,0.917875,0.945625,0.800375,0.99275,0.8335416666666666,0.8067916666666667
SAMPLE_03953,0.4826666666666667,0.8129166666666666,0.4591666666666666,0.7396666666666666,0.5609166666666666,0.5878333333333333,0.37224999999999997,0.5189166666666666
SAMPLE_03954,0.7514166666666666,0.6351666666666667,0.7898333333333333,0.7170833333333333,0.8158333333333334,0.7565833333333334,0.6789999999999999,0.8453333333333335
SAMPLE_03955,0.28175,0.5710833333333334,0.5445,0.3963333333333333,0.6715833333333333,0.31125,0.28333333333333327,0.78225
SAMPLE_03956,0.155,0.35624999999999996,0.48158333333333325,0.40791666666666665,0.7005833333333333,0.12399999999999994,0.7657499999999999,0.7081666666666666
SAMPLE_03957,0.6785833333333333,0.16133333333333325,0.17016666666666663,0.118,0.09249999999999994,0.5638333333333334,0.4648333333333333,0.0973333333333333
SAMPLE_03958,0.0443333333333333,0.27941666666666665,0.45275,0.28983333333333333,0.65075,0.21175,0.75675,0.6796666666666668
SAMPLE_03959,0.12775,0.3098333333333333,0.47724999999999995,0.6626666666666667,0.35,0.6961666666666666,0.4658333333333334,0.5198333333333334
SAMPLE_03960,0.7882500000000001,0.5109166666666667,0.07608333333333325,0.17883333333333326,0.1985,0.4265833333333333,0.26649999999999996,0.06816666666666665
SAMPLE_03961,0.5660833333333333,0.38366666666666666,0.40125,0.2563333333333333,0.49375,0.7344999999999999,0.40774999999999995,0.42574999999999996
SAMPLE_03962,0.17883333333333332,0.7513333333333334,0.7029166666666666,0.7537499999999999,0.67675,0.1378333333333333,0.3183333333333333,0.7840833333333332
SAMPLE_03963,0.32075,0.7064166666666667,0.6715,0.6519166666666667,0.7777499999999999,0.646,0.7279166666666667,0.85375
SAMPLE_03964,0.05,0.2575,0.49916666666666665,0.3980833333333333,0.533,0.1623333333333333,0.8087500000000001,0.6160833333333333
SAMPLE_03965,0.7378333333333333,0.093,0.14916666666666664,0.16741666666666666,0.05416666666666665,0.5926666666666667,0.40458333333333335,0.03041666666666665
SAMPLE_03966,0.014249999999999999,0.26574999999999993,0.35533333333333333,0.5030833333333333,0.3801666666666666,0.5053333333333333,0.75575,0.4604166666666667
SAMPLE_03967,0.3173333333333333,0.8899166666666667,0.7033333333333334,0.6708333333333334,0.7345,0.23791666666666667,0.3798333333333333,0.6935833333333333
SAMPLE_03968,0.5105833333333334,0.89975,0.7670833333333333,0.5924166666666666,0.9104166666666667,0.71275,0.3333333333333333,0.8891666666666667
SAMPLE_03969,0.1310833333333333,0.3266666666666666,0.10574999999999996,0.39725,0.34424999999999994,0.1584166666666666,0.73075,0.3179166666666666
SAMPLE_03970,0.16175,0.8500000000000001,0.8253333333333333,0.6695833333333333,0.8540833333333334,0.77675,0.4108333333333333,0.8635
SAMPLE_03971,0.7094166666666667,0.14516666666666667,0.1345,0.15933333333333324,0.02825,0.44933333333333336,0.20366666666666666,0.029166666666666646
SAMPLE_03972,0.8168333333333333,0.42066666666666663,0.4128333333333333,0.35883333333333334,0.26849999999999996,0.6885833333333333,0.5084166666666666,0.2355
SAMPLE_03973,0.0558333333333333,0.3189166666666667,0.2561666666666666,0.37925,0.5254166666666666,0.13966666666666666,0.7444999999999999,0.6143333333333334
SAMPLE_03974,0.5788333333333333,0.5038333333333332,0.28933333333333333,0.25799999999999995,0.33275,0.7510833333333333,0.41375,0.31066666666666665
SAMPLE_03975,0.21358333333333335,0.23799999999999993,0.6766666666666666,0.7325,0.46049999999999996,0.13674999999999998,0.9,0.66425
SAMPLE_03976,0.07891666666666665,0.3583333333333333,0.15291666666666665,0.7559166666666666,0.3314166666666667,0.2459166666666666,0.7295,0.5480833333333334
SAMPLE_03977,0.5435833333333333,0.6285833333333334,0.6174166666666667,0.7285833333333334,0.36491666666666667,0.7768333333333334,0.46474999999999994,0.43166666666666664
SAMPLE_03978,0.7405,0.6174166666666667,0.6407499999999999,0.5835,0.6161666666666666,0.6149166666666667,0.4979166666666667,0.5248333333333333
SAMPLE_03979,0.481,0.7126666666666666,0.58925,0.51125,0.5748333333333333,0.39066666666666666,0.2525,0.5519166666666666
SAMPLE_03980,0.8026666666666666,0.4915,0.10525000000000001,0.37224999999999997,0.28600000000000003,0.46591666666666665,0.37349999999999994,0.09316666666666666
SAMPLE_03981,0.99275,0.883875,0.8031250000000001,0.943625,0.452875,0.99275,0.8392916666666668,0.6741250000000001
SAMPLE_03982,0.1763333333333333,0.563,0.4996666666666667,0.4910833333333333,0.7445,0.29266666666666663,0.17141666666666666,0.7278333333333333
SAMPLE_03983,0.8615833333333334,0.6348333333333334,0.6740833333333334,0.4340833333333334,0.5708333333333333,0.9316666666666666,0.6335,0.552
SAMPLE_03984,0.6730833333333333,0.1550833333333333,0.6268333333333334,0.40141666666666664,0.4273333333333333,0.5430833333333334,0.4573333333333333,0.3380833333333333
SAMPLE_03985,0.8815,0.34074999999999994,0.19074999999999998,0.37675000000000003,0.27749999999999997,0.43041666666666667,0.20425,0.1665
SAMPLE_03986,0.7191666666666666,0.09116666666666659,0.3281666666666666,0.23091666666666666,0.24016666666666664,0.4783333333333334,0.36624999999999996,0.08341666666666665
SAMPLE_03987,0.10616666666666666,0.4235833333333333,0.6174166666666667,0.6915833333333333,0.6594166666666668,0.1823333333333333,0.8055,0.7800833333333332
SAMPLE_03988,0.8258333333333334,0.5015833333333333,0.4165833333333333,0.353,0.3608333333333333,0.49874999999999997,0.48091666666666666,0.2160833333333333
SAMPLE_03989,0.40125,0.5145,0.7075833333333332,0.503,0.7640833333333334,0.2653333333333333,0.9175,0.8055
SAMPLE_03990,0.81975,0.3135833333333333,0.432,0.17775000000000002,0.31825000000000003,0.6165,0.5596666666666666,0.2505833333333334
SAMPLE_03991,0.46516666666666673,0.8385833333333332,0.87625,0.75275,0.84575,0.7888333333333334,0.7736666666666667,0.8884166666666666
SAMPLE_03992,0.0923333333333333,0.41525,0.0690833333333333,0.7902499999999999,0.1960833333333333,0.07475,0.7275,0.4665
SAMPLE_03993,0.2878333333333333,0.5335833333333333,0.39349999999999996,0.6766666666666666,0.35308333333333336,0.4765,0.5893333333333333,0.48183333333333334
SAMPLE_03994,0.8325833333333332,0.3828333333333333,0.67275,0.4803333333333333,0.41700000000000004,0.7940833333333333,0.5885,0.4299166666666666
SAMPLE_03995,0.11225,0.18791666666666665,0.23949999999999994,0.52675,0.38408333333333333,0.08866666666666666,0.74475,0.4691666666666666
SAMPLE_03996,0.0406666666666666,0.5216666666666666,0.2715833333333333,0.262,0.7173333333333333,0.0998333333333333,0.72875,0.6485
SAMPLE_03997,0.1132499999999999,0.18916666666666665,0.5373333333333333,0.5478333333333333,0.48033333333333333,0.08816666666666664,0.8362499999999999,0.5119166666666666
SAMPLE_03998,0.10633333333333331,0.6467499999999999,0.0594166666666666,0.8384166666666667,0.24233333333333326,0.13308333333333336,0.728,0.38199999999999995
SAMPLE_03999,0.16383333333333328,0.2536666666666666,0.48075,0.4103333333333333,0.5949166666666666,0.33208333333333334,0.76075,0.5776666666666667
SAMPLE_04000,0.47191666666666665,0.7761666666666667,0.4480833333333333,0.5551666666666667,0.8271666666666666,0.34299999999999997,0.37275,0.7543333333333333
SAMPLE_04001,0.5123333333333333,0.78425,0.5569999999999999,0.6423333333333333,0.91475,0.22058333333333335,0.26375,0.5860833333333333
SAMPLE_04002,0.5726666666666667,0.1045833333333333,0.26649999999999996,0.14791666666666664,0.21458333333333335,0.53575,0.3225833333333333,0.2033333333333333
SAMPLE_04003,0.6924999999999999,0.2849166666666666,0.1150833333333333,0.2844166666666666,0.184,0.37633333333333335,0.4343333333333333,0.09316666666666665
SAMPLE_04004,0.14350000000000002,0.4303333333333333,0.27549999999999997,0.37533333333333335,0.6675833333333334,0.12175,0.73975,0.7385833333333334
SAMPLE_04005,0.22833333333333328,0.43899999999999995,0.4369166666666666,0.3664166666666667,0.5907499999999999,0.16958333333333336,0.10741666666666666,0.5554166666666667
SAMPLE_04006,0.74725,0.7653333333333334,0.7276666666666667,0.69425,0.6325000000000001,0.6851666666666667,0.6583333333333333,0.63425
SAMPLE_04007,0.8162499999999999,0.0905833333333333,0.2850833333333333,0.23374999999999996,0.12124999999999994,0.5971666666666666,0.25991666666666663,0.11641666666666665
SAMPLE_04008,0.21566666666666665,0.6404166666666666,0.7138333333333333,0.67475,0.798,0.05266666666666665,0.8075,0.8810833333333334
SAMPLE_04009,0.8508333333333333,0.6012500000000001,0.7533333333333332,0.48983333333333334,0.69225,0.7755,0.604,0.7463333333333333
SAMPLE_04010,0.8469166666666668,0.3775,0.31108333333333327,0.29683333333333334,0.29541666666666666,0.37224999999999997,0.29241666666666666,0.3898333333333333
SAMPLE_04011,0.35083333333333333,0.7758333333333334,0.6490833333333333,0.5075,0.5570833333333334,0.26549999999999996,0.33825,0.7084166666666667
SAMPLE_04012,0.8500000000000001,0.5701666666666667,0.30174999999999996,0.4945,0.3435833333333333,0.4648333333333333,0.4676666666666667,0.21016666666666664
SAMPLE_04013,0.44958333333333333,0.46825,0.6433333333333334,0.7393333333333334,0.32133333333333336,0.6938333333333333,0.6577500000000001,0.36174999999999996
SAMPLE_04014,0.4665,0.6566666666666666,0.6230833333333333,0.59625,0.7119166666666668,0.5835,0.31666666666666665,0.7702499999999999
SAMPLE_04015,0.8915833333333334,0.37058333333333326,0.5609999999999999,0.4405833333333333,0.44008333333333327,0.6060833333333333,0.5616666666666668,0.46
SAMPLE_04016,0.37725,0.6784999999999999,0.6676666666666666,0.6691666666666666,0.5353333333333333,0.33525,0.3094166666666667,0.5683333333333334
SAMPLE_04017,0.6049166666666667,0.7759166666666666,0.7305833333333334,0.6448333333333334,0.6512500000000001,0.82775,0.48050000000000004,0.5165833333333334
SAMPLE_04018,0.7116666666666667,0.7469166666666667,0.35416666666666663,0.7660833333333334,0.28441666666666665,0.8830833333333333,0.6310833333333332,0.29275
SAMPLE_04019,0.99275,0.965375,0.938375,0.942375,0.8577083333333333,0.99275,0.8319583333333334,0.9200416666666666
SAMPLE_04020,0.49083333333333334,0.6355,0.7498333333333334,0.6436666666666666,0.6884166666666667,0.6076666666666667,0.45108333333333334,0.6413333333333333
SAMPLE_04021,0.1245,0.4630833333333333,0.4513333333333333,0.6783333333333333,0.6815833333333333,0.0743333333333333,0.7925,0.8298333333333334
SAMPLE_04022,0.0435,0.37283333333333335,0.4690833333333333,0.41750000000000004,0.5236666666666667,0.34958333333333336,0.82225,0.5995
SAMPLE_04023,0.5839166666666666,0.44575,0.3123333333333333,0.6973333333333334,0.26783333333333337,0.5943333333333334,0.34191666666666665,0.43508333333333327
SAMPLE_04024,0.7418333333333333,0.5381666666666667,0.495,0.6290833333333333,0.40108333333333335,0.7904166666666668,0.6839166666666666,0.4115833333333333
SAMPLE_04025,0.22999999999999995,0.3394999999999999,0.37216666666666665,0.16416666666666666,0.6139166666666667,0.3328333333333333,0.17091666666666666,0.71875
SAMPLE_04026,0.6459166666666667,0.8468333333333333,0.795,0.492,0.7199166666666666,0.7574166666666666,0.5553333333333333,0.5491666666666667
SAMPLE_04027,0.59625,0.1788333333333333,0.35,0.28583333333333333,0.24691666666666665,0.5625,0.5137499999999999,0.206
SAMPLE_04028,0.8408333333333334,0.4671666666666667,0.2595,0.3485833333333333,0.4084166666666666,0.42833333333333334,0.33991666666666664,0.33575
SAMPLE_04029,0.7660833333333333,0.1618333333333333,0.0719166666666666,0.20049999999999998,0.05716666666666665,0.41125,0.27225,0.0360833333333333
SAMPLE_04030,0.7323333333333333,0.85825,0.9505833333333333,0.6010833333333334,0.8884166666666666,0.953,0.8075,0.7779166666666667
SAMPLE_04031,0.4913333333333333,0.8594999999999999,0.8844166666666666,0.6190833333333333,0.9592499999999999,0.4966666666666667,0.4550833333333333,0.9664999999999999
SAMPLE_04032,0.7969999999999999,0.7334166666666666,0.1906666666666666,0.39449999999999996,0.32616666666666666,0.704,0.23308333333333336,0.21916666666666665
SAMPLE_04033,0.46491666666666664,0.92825,0.9540833333333334,0.6359166666666667,0.9758333333333333,0.8229166666666667,0.4554166666666667,0.9592499999999999
SAMPLE_04034,0.163,0.5943333333333334,0.7300833333333332,0.6426666666666667,0.5860000000000001,0.5206666666666666,0.50625,0.6977500000000001
SAMPLE_04035,0.7330000000000001,0.2648333333333333,0.2243333333333333,0.2475,0.15199999999999994,0.7806666666666666,0.565,0.2218333333333333
SAMPLE_04036,0.922,0.16966666666666663,0.2175,0.26774999999999993,0.15925,0.5155,0.3134166666666667,0.17433333333333334
SAMPLE_04037,0.5169166666666667,0.9096666666666666,0.8619166666666667,0.6318333333333334,0.8875,0.5245833333333334,0.36224999999999996,0.9476666666666667
SAMPLE_04038,0.99275,0.993375,0.985625,0.942875,0.9640416666666667,0.99275,0.847875,0.9844583333333334
SAMPLE_04039,0.2265833333333333,0.3444999999999999,0.486,0.6926666666666667,0.651,0.12975,0.7825,0.8154999999999999
SAMPLE_04040,0.99275,0.978375,0.961875,0.944875,0.8642916666666667,0.99275,0.8409583333333334,0.9147916666666667
SAMPLE_04041,0.5024166666666666,0.7071666666666666,0.6086666666666667,0.7534166666666666,0.6944999999999999,0.20966666666666664,0.23883333333333331,0.8464166666666666
SAMPLE_04042,0.5311666666666667,0.32875,0.32975,0.26725,0.27099999999999996,0.6081666666666666,0.42641666666666667,0.1709166666666666
SAMPLE_04043,0.4349166666666667,0.75525,0.5953333333333334,0.55025,0.7651666666666666,0.23825000000000002,0.2559166666666667,0.7365833333333334
SAMPLE_04044,0.8313333333333334,0.29925,0.4036666666666666,0.42433333333333334,0.5358333333333334,0.48350000000000004,0.43383333333333335,0.50225
SAMPLE_04045,0.47150000000000003,0.837,0.8314166666666667,0.7925,0.6936666666666667,0.7464166666666667,0.687,0.5656666666666667
SAMPLE_04046,0.7710000000000001,0.2150833333333333,0.1895833333333333,0.21466666666666662,0.15966666666666665,0.6100833333333333,0.44116666666666665,0.0668333333333333
SAMPLE_04047,0.5822499999999999,0.23508333333333323,0.08783333333333325,0.17241666666666666,0.0714166666666666,0.39449999999999996,0.36358333333333337,0.0534166666666666
SAMPLE_04048,0.8144166666666666,0.3155833333333333,0.2245833333333333,0.18491666666666665,0.20933333333333332,0.47891666666666666,0.4081666666666667,0.14600000000000002
SAMPLE_04049,0.6636666666666666,0.5690833333333334,0.6699999999999999,0.6013333333333333,0.3486666666666667,0.85225,0.7724166666666668,0.42324999999999996
SAMPLE_04050,0.8606666666666667,0.13066666666666665,0.3655,0.23766666666666664,0.22275,0.4141666666666667,0.3295,0.20441666666666664
SAMPLE_04051,0.5330833333333334,0.7876666666666667,0.8515833333333334,0.5916666666666667,0.87825,0.6381666666666667,0.41141666666666665,0.7204166666666667
SAMPLE_04052,0.24725000000000003,0.471,0.2753333333333333,0.7475833333333333,0.46375,0.24933333333333335,0.76125,0.669
SAMPLE_04053,0.5354166666666667,0.808,0.6185833333333333,0.65525,0.8929166666666666,0.16191666666666665,0.261,0.6923333333333334
SAMPLE_04054,0.38225,0.4920833333333333,0.3395,0.7418333333333333,0.2980833333333333,0.29125,0.20274999999999999,0.3905
SAMPLE_04055,0.2615833333333333,0.4848333333333333,0.2266666666666666,0.3515833333333333,0.3633333333333333,0.25058333333333327,0.74125,0.46508333333333335
SAMPLE_04056,0.41000000000000003,0.7874166666666667,0.36883333333333335,0.5387500000000001,0.4608333333333333,0.6368333333333334,0.54275,0.5543333333333333
SAMPLE_04057,0.4420833333333334,0.773,0.7069166666666666,0.7085,0.8833333333333333,0.402,0.29558333333333325,0.8784166666666666
SAMPLE_04058,0.85475,0.36358333333333326,0.263,0.38208333333333333,0.33416666666666667,0.41533333333333333,0.2983333333333333,0.184
SAMPLE_04059,0.08075,0.376,0.6612499999999999,0.6336666666666666,0.7019166666666667,0.057999999999999996,0.81225,0.8240833333333333
SAMPLE_04060,0.18924999999999995,0.8278333333333333,0.69425,0.581,0.7318333333333333,0.2875833333333333,0.43825000000000003,0.7493333333333334
SAMPLE_04061,0.0228333333333333,0.6675833333333334,0.7275833333333334,0.6885,0.8294166666666667,0.665,0.38825,0.6985
SAMPLE_04062,0.5376666666666667,0.6481666666666668,0.5909166666666666,0.6831666666666667,0.4641666666666666,0.69025,0.44333333333333336,0.539
SAMPLE_04063,0.6026666666666667,0.6253333333333333,0.3835,0.69875,0.3446666666666667,0.6196666666666667,0.3179166666666666,0.39416666666666667
SAMPLE_04064,0.649,0.43425,0.43775,0.34958333333333336,0.3825,0.45624999999999993,0.4668333333333333,0.33508333333333334
SAMPLE_04065,0.12799999999999995,0.3391666666666666,0.08241666666666665,0.5375833333333333,0.12358333333333331,0.17400000000000002,0.7282500000000001,0.2468333333333333
SAMPLE_04066,0.8596666666666667,0.14616666666666667,0.5160833333333333,0.37866666666666665,0.3481666666666667,0.63425,0.4661666666666666,0.30074999999999996
SAMPLE_04067,0.99275,0.931875,0.902625,0.941125,0.7557916666666666,0.99275,0.8325416666666667,0.8184583333333333
SAMPLE_04068,0.5488333333333333,0.5131666666666667,0.5720833333333334,0.3634166666666666,0.4944166666666666,0.7491666666666666,0.4661666666666666,0.451
SAMPLE_04069,0.1625833333333333,0.29433333333333334,0.5844166666666666,0.40375,0.7074166666666666,0.23833333333333329,0.79025,0.7458333333333333
SAMPLE_04070,0.8065,0.09858333333333325,0.30141666666666667,0.23841666666666664,0.24058333333333332,0.39883333333333326,0.3433333333333334,0.07224999999999995
SAMPLE_04071,0.7163333333333333,0.5995833333333334,0.552,0.4840833333333334,0.5825833333333332,0.8706666666666667,0.6493333333333333,0.6061666666666666
SAMPLE_04072,0.575,0.4364166666666667,0.57975,0.36316666666666664,0.5369999999999999,0.8280833333333333,0.48258333333333336,0.4806666666666667
SAMPLE_04073,0.7013333333333334,0.5573333333333333,0.08883333333333329,0.31825000000000003,0.25166666666666665,0.34733333333333327,0.1218333333333333,0.11183333333333331
SAMPLE_04074,0.24558333333333332,0.7886666666666666,0.7369166666666667,0.49525,0.56375,0.45483333333333337,0.4863333333333334,0.5926666666666667
SAMPLE_04075,0.7536666666666666,0.4151666666666667,0.5869166666666666,0.3837499999999999,0.30025,0.747,0.6215833333333334,0.34883333333333333
SAMPLE_04076,0.24316666666666664,0.8160000000000001,0.474,0.6313333333333333,0.4173333333333333,0.6086666666666667,0.4535,0.46483333333333327
SAMPLE_04077,0.5854999999999999,0.7742500000000001,0.7374166666666666,0.664,0.6599166666666667,0.8895833333333334,0.7031666666666667,0.6111666666666666
SAMPLE_04078,0.1803333333333333,0.37124999999999997,0.17799999999999994,0.3129166666666666,0.45383333333333337,0.111,0.73625,0.5109166666666667
SAMPLE_04079,0.11299999999999999,0.4990833333333333,0.3908333333333333,0.7758333333333333,0.49383333333333335,0.4393333333333333,0.8865000000000001,0.6620833333333334
SAMPLE_04080,0.33033333333333326,0.7014166666666667,0.60025,0.4610833333333333,0.6951666666666667,0.2909166666666667,0.20541666666666664,0.6703333333333332
SAMPLE_04081,0.99275,0.987625,0.9828749999999999,0.9413750000000001,0.9412083333333334,0.99275,0.8339583333333334,0.949875
SAMPLE_04082,0.7038333333333333,0.7229166666666667,0.7928333333333333,0.6820833333333334,0.7174166666666666,0.43241666666666667,0.496,0.6060833333333333
SAMPLE_04083,0.7843333333333333,0.615,0.17958333333333332,0.36824999999999997,0.2534166666666666,0.47483333333333333,0.28225,0.15791666666666665
SAMPLE_04084,0.5320833333333332,0.9372499999999999,0.9074166666666666,0.67975,0.9483333333333334,0.27683333333333326,0.36275,0.82725
SAMPLE_04085,0.99275,0.957625,0.891125,0.941875,0.6421250000000001,0.99275,0.8343750000000001,0.8668750000000001
SAMPLE_04086,0.7865,0.22875,0.10041666666666665,0.23816666666666664,0.16275,0.38166666666666665,0.40549999999999997,0.0608333333333333
SAMPLE_04087,0.5401666666666667,0.574,0.7684166666666666,0.61575,0.6447499999999999,0.6858333333333333,0.6146666666666667,0.6388333333333334
SAMPLE_04088,0.2915,0.9064166666666666,0.8420833333333333,0.6125833333333334,0.9421666666666667,0.7615000000000001,0.301,0.9094166666666665
SAMPLE_04089,0.41441666666666666,0.81525,0.7765833333333334,0.6359166666666667,0.92925,0.63175,0.3375,0.7839166666666666
SAMPLE_04090,0.48958333333333337,0.82575,0.7611666666666668,0.8135000000000001,0.7117500000000001,0.8180833333333333,0.5742499999999999,0.6581666666666667
SAMPLE_04091,0.15266666666666664,0.38783333333333325,0.2739166666666667,0.5596666666666668,0.5139166666666667,0.40066666666666667,0.76425,0.5838333333333332
SAMPLE_04092,0.7374166666666666,0.5796666666666667,0.3100833333333334,0.37066666666666664,0.4558333333333333,0.65375,0.5915,0.29866666666666664
SAMPLE_04093,0.20991666666666664,0.5344166666666667,0.3600833333333333,0.5461666666666667,0.3684166666666666,0.5562499999999999,0.35283333333333333,0.46108333333333335
SAMPLE_04094,0.32475,0.7493333333333332,0.6556666666666666,0.6053333333333333,0.6824166666666667,0.17349999999999993,0.26166666666666666,0.5446666666666666
SAMPLE_04095,0.23866666666666658,0.30625,0.7404166666666667,0.39033333333333337,0.7013333333333334,0.19116666666666665,0.847,0.745
SAMPLE_04096,0.8346666666666667,0.11316666666666665,0.29600000000000004,0.165,0.26549999999999996,0.5681666666666667,0.45266666666666666,0.2145833333333333
SAMPLE_04097,0.2955833333333333,0.75225,0.5755833333333333,0.5551666666666667,0.6211666666666666,0.30241666666666667,0.2450833333333333,0.5825833333333335
SAMPLE_04098,0.36166666666666664,0.8325833333333335,0.812,0.5505,0.8322499999999999,0.6061666666666667,0.7571666666666667,0.7573333333333334
SAMPLE_04099,0.56375,0.7409166666666667,0.6490833333333335,0.6095833333333334,0.6063333333333334,0.75325,0.6070833333333333,0.4192499999999999
SAMPLE_04100,0.7791666666666667,0.9091666666666667,0.9464166666666667,0.6800833333333333,0.9268333333333334,0.92125,0.6734166666666667,0.87525
SAMPLE_04101,0.2483333333333333,0.43825000000000003,0.8221666666666667,0.6220833333333333,0.6469166666666666,0.3191666666666667,0.94925,0.7563333333333333
SAMPLE_04102,0.5753333333333335,0.6273333333333334,0.32691666666666663,0.48675,0.39999999999999997,0.7938333333333334,0.40700000000000003,0.26641666666666663
SAMPLE_04103,0.16749999999999998,0.2875833333333333,0.18699999999999994,0.5245833333333334,0.2951666666666667,0.0978333333333333,0.74325,0.4029166666666667
SAMPLE_04104,0.48724999999999996,0.84075,0.8603333333333334,0.5935833333333334,0.8781666666666668,0.24366666666666664,0.2520833333333333,0.7515833333333334
SAMPLE_04105,0.8554999999999999,0.08858333333333329,0.1305833333333333,0.18016666666666667,0.1030833333333333,0.6006666666666667,0.35791666666666666,0.1118333333333333
SAMPLE_04106,0.6086666666666667,0.3360833333333333,0.4668333333333333,0.3060833333333334,0.34458333333333335,0.6384166666666666,0.44575,0.28425
SAMPLE_04107,0.5057499999999999,0.618,0.6501666666666667,0.6855833333333333,0.40616666666666656,0.14833333333333332,0.1900833333333333,0.5470833333333334
SAMPLE_04108,0.1550833333333333,0.5773333333333333,0.3904166666666667,0.7333333333333334,0.7471666666666668,0.2915,0.7635000000000001,0.9055
SAMPLE_04109,0.15199999999999994,0.3235,0.48824999999999996,0.5475,0.652,0.4023333333333333,0.7805,0.7155833333333335
SAMPLE_04110,0.3194166666666667,0.2805833333333333,0.5975,0.30424999999999996,0.6240833333333333,0.17583333333333329,0.8525,0.6371666666666667
SAMPLE_04111,0.12791666666666665,0.38666666666666666,0.5164166666666666,0.5463333333333333,0.591,0.32541666666666663,0.3535833333333333,0.6766666666666666
SAMPLE_04112,0.6586666666666667,0.07291666666666666,0.41283333333333333,0.13066666666666665,0.27474999999999994,0.604,0.2693333333333333,0.32283333333333336
SAMPLE_04113,0.6639166666666667,0.7541666666666667,0.6346666666666667,0.7110000000000001,0.5499166666666666,0.7594166666666666,0.6813333333333333,0.3975833333333333
SAMPLE_04114,0.72725,0.1589166666666666,0.3338333333333333,0.20916666666666667,0.08491666666666665,0.46225,0.42791666666666667,0.09266666666666665
SAMPLE_04115,0.25166666666666665,0.47074999999999995,0.5364166666666667,0.24491666666666664,0.5229999999999999,0.22975,0.2533333333333333,0.5869166666666665
SAMPLE_04116,0.6728333333333334,0.7484999999999999,0.8295000000000001,0.7259166666666667,0.7515000000000001,0.8127500000000001,0.69675,0.7998333333333333
SAMPLE_04117,0.62975,0.18033333333333323,0.20925,0.29266666666666663,0.18524999999999994,0.3306666666666666,0.14658333333333334,0.2801666666666667
SAMPLE_04118,0.6175,0.726,0.41,0.67925,0.279,0.8316666666666667,0.61675,0.25366666666666665
SAMPLE_04119,0.66475,0.5410833333333334,0.1340833333333333,0.30174999999999996,0.26375,0.47758333333333336,0.20474999999999993,0.17416666666666664
SAMPLE_04120,0.443,0.7555,0.5845,0.43425,0.4755,0.6709999999999999,0.45591666666666664,0.42299999999999993
SAMPLE_04121,0.5793333333333333,0.5218333333333334,0.7375,0.5193333333333333,0.685,0.7389166666666667,0.6546666666666666,0.48716666666666664
SAMPLE_04122,0.32175,0.5789166666666667,0.5489166666666667,0.54375,0.6275833333333334,0.3889166666666667,0.34725,0.6605833333333333
SAMPLE_04123,0.63975,0.5594166666666667,0.7315,0.51625,0.6626666666666667,0.8425833333333334,0.6945,0.436
SAMPLE_04124,0.5756666666666668,0.20675,0.35416666666666663,0.22525,0.1548333333333333,0.5141666666666667,0.18783333333333335,0.1795
SAMPLE_04125,0.3440833333333333,0.6544166666666666,0.48949999999999994,0.7053333333333334,0.6633333333333333,0.5976666666666667,0.30799999999999994,0.6228333333333333
SAMPLE_04126,0.7081666666666666,0.5885,0.0805,0.3811666666666666,0.21074999999999997,0.35516666666666663,0.3055,0.0908333333333333
SAMPLE_04127,0.7960833333333334,0.3739166666666667,0.43416666666666665,0.25058333333333327,0.3676666666666667,0.47450000000000003,0.4130833333333333,0.3438333333333333
SAMPLE_04128,0.48724999999999996,0.9308333333333332,0.8921666666666667,0.65975,0.9678333333333333,0.8118333333333334,0.5159166666666667,0.9137500000000001
SAMPLE_04129,0.81475,0.3644166666666666,0.6248333333333334,0.351,0.6480000000000001,0.5859166666666666,0.587,0.46066666666666667
SAMPLE_04130,0.7188333333333333,0.7515833333333333,0.6974166666666666,0.5741666666666667,0.495,0.9134166666666667,0.6328333333333334,0.4976666666666666
SAMPLE_04131,0.45966666666666667,0.7365,0.6058333333333333,0.7225833333333334,0.71425,0.52025,0.5358333333333334,0.7343333333333333
SAMPLE_04132,0.358,0.6161666666666668,0.6243333333333333,0.5929166666666666,0.712,0.3340833333333333,0.29191666666666666,0.7400833333333333
SAMPLE_04133,0.05441666666666665,0.19658333333333328,0.05741666666666665,0.7439166666666666,0.13691666666666663,0.13041666666666665,0.727,0.30041666666666667
SAMPLE_04134,0.8860000000000001,0.5464166666666668,0.18574999999999997,0.28808333333333336,0.15741666666666665,0.5096666666666667,0.3298333333333333,0.074
SAMPLE_04135,0.823,0.34258333333333335,0.5684166666666667,0.36524999999999996,0.42133333333333334,0.5107499999999999,0.4696666666666667,0.31466666666666665
SAMPLE_04136,0.1810833333333333,0.21691666666666665,0.594,0.64575,0.5985,0.16416666666666666,0.855,0.7422500000000001
SAMPLE_04137,0.26725,0.508,0.7334166666666666,0.2866666666666666,0.6040833333333333,0.1978333333333333,0.2691666666666666,0.6394166666666666
SAMPLE_04138,0.99275,0.955625,0.946875,0.946625,0.8162083333333334,0.99275,0.8417916666666667,0.8807916666666666
SAMPLE_04139,0.81325,0.4176666666666667,0.15499999999999994,0.35416666666666663,0.28041666666666665,0.57775,0.5179166666666667,0.15466666666666665
SAMPLE_04140,0.47024999999999995,0.5678333333333333,0.49075,0.6633333333333332,0.5785833333333333,0.2453333333333333,0.2656666666666666,0.5411666666666667
SAMPLE_04141,0.587,0.2635,0.2793333333333333,0.29400000000000004,0.2803333333333333,0.5151666666666666,0.32933333333333337,0.34091666666666665
SAMPLE_04142,0.5569166666666667,0.65525,0.37175,0.73825,0.321,0.42141666666666666,0.48216666666666663,0.27075
SAMPLE_04143,0.72275,0.5466666666666666,0.4169166666666666,0.4579166666666667,0.4310833333333334,0.7635,0.36291666666666667,0.31016666666666665
SAMPLE_04144,0.8168333333333333,0.1008333333333333,0.1730833333333333,0.235,0.0770833333333333,0.5241666666666667,0.22224999999999995,0.0853333333333333
SAMPLE_04145,0.8251666666666667,0.3818333333333333,0.61425,0.38049999999999995,0.49641666666666673,0.7426666666666666,0.54725,0.4380833333333334
SAMPLE_04146,0.7731666666666668,0.7995833333333334,0.7729999999999999,0.5999166666666667,0.6608333333333334,0.6527499999999999,0.67875,0.50525
SAMPLE_04147,0.07591666666666665,0.12475,0.11866666666666666,0.2645833333333333,0.16191666666666665,0.035,0.73325,0.21383333333333332
SAMPLE_04148,0.8218333333333334,0.4403333333333333,0.4825833333333333,0.3923333333333333,0.44375,0.77425,0.6124166666666666,0.31074999999999997
SAMPLE_04149,0.27349999999999997,0.4185,0.4976666666666667,0.61625,0.41574999999999995,0.17333333333333328,0.10691666666666666,0.4870833333333333
SAMPLE_04150,0.13741666666666663,0.3593333333333333,0.49683333333333335,0.3329166666666667,0.6338333333333334,0.059666666666666646,0.784,0.6751666666666667
SAMPLE_04151,0.8585833333333333,0.49616666666666664,0.13174999999999998,0.3480833333333333,0.2316666666666666,0.32774999999999993,0.29191666666666666,0.10099999999999995
SAMPLE_04152,0.1605,0.26408333333333334,0.4440833333333333,0.59975,0.33041666666666664,0.3059999999999999,0.8069999999999999,0.49491666666666667
SAMPLE_04153,0.14833333333333334,0.3446666666666667,0.3825,0.4585,0.23324999999999999,0.23724999999999996,0.7815000000000001,0.29891666666666666
SAMPLE_04154,0.7995833333333333,0.19341666666666665,0.3439166666666666,0.2808333333333333,0.284,0.40449999999999997,0.40741666666666665,0.21166666666666667
SAMPLE_04155,0.4263333333333333,0.7115833333333333,0.4664166666666666,0.6915833333333333,0.6458333333333333,0.18891666666666665,0.269,0.629
SAMPLE_04156,0.5569999999999999,0.3298333333333333,0.45066666666666666,0.4786666666666666,0.24625,0.5296666666666667,0.43749999999999994,0.2935833333333333
SAMPLE_04157,0.2095833333333333,0.1685,0.19216666666666665,0.4363333333333333,0.3654166666666666,0.13266666666666665,0.74625,0.4395833333333333
SAMPLE_04158,0.5018333333333334,0.8512500000000001,0.60825,0.6728333333333333,0.7677499999999999,0.21549999999999997,0.15875,0.8338333333333334
SAMPLE_04159,0.23808333333333334,0.3151666666666666,0.8428333333333333,0.8309166666666666,0.7558333333333332,0.30674999999999997,0.91425,0.9056666666666666
SAMPLE_04160,0.8018333333333334,0.41591666666666666,0.11008333333333331,0.3118333333333333,0.24875,0.3725833333333334,0.13316666666666666,0.07449999999999996
SAMPLE_04161,0.40291666666666665,0.67175,0.6450833333333333,0.5479999999999999,0.6943333333333335,0.27874999999999994,0.349,0.5346666666666667
SAMPLE_04162,0.14166666666666666,0.5189166666666667,0.27041666666666664,0.5149999999999999,0.44949999999999996,0.1560833333333333,0.12125,0.4670833333333333
SAMPLE_04163,0.49824999999999997,0.9058333333333334,0.8880000000000001,0.7884166666666667,0.83875,0.875,0.6585000000000001,0.8143333333333334
SAMPLE_04164,0.0325,0.13516666666666666,0.11125,0.32316666666666666,0.32824999999999993,0.0980833333333333,0.739,0.37858333333333327
SAMPLE_04165,0.5239166666666666,0.8575833333333334,0.7791666666666667,0.68875,0.8401666666666666,0.34608333333333335,0.2640833333333333,0.8900833333333333
SAMPLE_04166,0.28391666666666665,0.5810833333333333,0.6915,0.40075,0.6608333333333334,0.4653333333333334,0.29233333333333333,0.6450833333333333
SAMPLE_04167,0.33875,0.6115833333333334,0.7233333333333334,0.5289999999999999,0.6875833333333334,0.4786666666666667,0.32116666666666666,0.6094166666666667
SAMPLE_04168,0.3118333333333333,0.6381666666666667,0.9153333333333333,0.578,0.8276666666666666,0.28725,0.3715833333333333,0.7495
SAMPLE_04169,0.8633333333333334,0.45858333333333334,0.45933333333333337,0.4791666666666667,0.33775,0.7654166666666666,0.42774999999999996,0.4708333333333333
SAMPLE_04170,0.2778333333333334,0.3880833333333333,0.5069999999999999,0.41766666666666663,0.6491666666666667,0.09725,0.78925,0.66725
SAMPLE_04171,0.5878333333333334,0.43166666666666664,0.4927499999999999,0.6131666666666666,0.5585,0.7945,0.5845833333333333,0.6179166666666667
SAMPLE_04172,0.6365000000000001,0.6586666666666667,0.55325,0.36758333333333326,0.4984166666666666,0.7969999999999999,0.4935833333333333,0.37249999999999994
SAMPLE_04173,0.7809166666666667,0.7024166666666667,0.7718333333333334,0.5769166666666667,0.7225000000000001,0.9154166666666667,0.7579166666666667,0.6105
SAMPLE_04174,0.17566666666666664,0.22899999999999993,0.22933333333333333,0.40275,0.5189999999999999,0.261,0.741,0.6445000000000001
SAMPLE_04175,0.2855833333333333,0.72075,0.5570833333333334,0.7033333333333334,0.50275,0.19516666666666665,0.23166666666666666,0.6721666666666666
SAMPLE_04176,0.7815000000000001,0.5556666666666668,0.7760833333333332,0.5097499999999999,0.437,0.82375,0.6243333333333334,0.4846666666666667
SAMPLE_04177,0.084,0.4896666666666667,0.38025,0.72725,0.28533333333333327,0.10683333333333331,0.11241666666666665,0.6364166666666666
SAMPLE_04178,0.5765833333333334,0.7895833333333333,0.7313333333333334,0.7633333333333334,0.6819999999999999,0.9433333333333334,0.6836666666666668,0.6201666666666666
SAMPLE_04179,0.5348333333333334,0.75425,0.2706666666666666,0.6545833333333333,0.3109166666666666,0.62225,0.5033333333333334,0.2713333333333333
SAMPLE_04180,0.99275,0.967125,0.904375,0.944625,0.629875,0.99275,0.841875,0.8217083333333333
SAMPLE_04181,0.35833333333333334,0.5195833333333333,0.40341666666666665,0.5063333333333333,0.5160833333333333,0.30825,0.26816666666666666,0.4299166666666667
SAMPLE_04182,0.69225,0.33241666666666664,0.5403333333333333,0.487,0.3234166666666666,0.74325,0.41025,0.35974999999999996
SAMPLE_04183,0.26925,0.41441666666666666,0.2230833333333333,0.33466666666666667,0.614,0.0449166666666666,0.73525,0.604
SAMPLE_04184,0.8225833333333333,0.21975,0.4654166666666666,0.2579166666666666,0.21308333333333335,0.48733333333333334,0.487,0.14474999999999993
SAMPLE_04185,0.83975,0.29524999999999996,0.3715833333333334,0.3120833333333334,0.3385,0.6028333333333333,0.33233333333333337,0.15491666666666665
SAMPLE_04186,0.022333333333333302,0.2480833333333333,0.39566666666666667,0.34875,0.5286666666666666,0.13474999999999998,0.808,0.5881666666666667
SAMPLE_04187,0.23766666666666664,0.6232500000000001,0.6906666666666665,0.6941666666666667,0.36566666666666664,0.20508333333333328,0.3153333333333333,0.56775
SAMPLE_04188,0.38641666666666663,0.773,0.6068333333333333,0.7102499999999999,0.7284166666666667,0.2090833333333333,0.22116666666666662,0.796
SAMPLE_04189,0.3363333333333334,0.74325,0.5440833333333333,0.6675,0.5225,0.3956666666666666,0.3373333333333333,0.5776666666666667
SAMPLE_04190,0.8291666666666667,0.21333333333333332,0.5560833333333333,0.3030833333333333,0.2763333333333333,0.67175,0.5325833333333333,0.20274999999999999
SAMPLE_04191,0.614,0.27449999999999997,0.38941666666666663,0.4504166666666667,0.405,0.75725,0.5559166666666666,0.3523333333333334
SAMPLE_04192,0.5971666666666666,0.31375,0.42841666666666667,0.29941666666666666,0.19774999999999998,0.556,0.4168333333333333,0.22924999999999995
SAMPLE_04193,0.46391666666666664,0.7204166666666667,0.7037500000000001,0.4245833333333333,0.8748333333333334,0.5459999999999999,0.41524999999999995,0.756
SAMPLE_04194,0.138,0.32599999999999996,0.31366666666666665,0.16216666666666665,0.13408333333333333,0.18591666666666667,0.0995,0.2173333333333333
SAMPLE_04195,0.7531666666666668,0.28924999999999995,0.5959166666666667,0.45175,0.47608333333333336,0.481,0.6088333333333333,0.37849999999999995
SAMPLE_04196,0.44641666666666663,0.5940833333333333,0.6505833333333333,0.7090833333333333,0.38191666666666657,0.69175,0.6028333333333333,0.35683333333333334
SAMPLE_04197,0.8611666666666666,0.2648333333333333,0.22825,0.2355,0.23516666666666658,0.81575,0.3178333333333333,0.2075
SAMPLE_04198,0.63525,0.5678333333333333,0.35683333333333334,0.47558333333333336,0.3688333333333333,0.7146666666666667,0.26841666666666664,0.2921666666666667
SAMPLE_04199,0.6183333333333333,0.4658333333333334,0.6631666666666667,0.4633333333333334,0.5965,0.7440833333333333,0.60375,0.6039166666666667
SAMPLE_04200,0.05266666666666665,0.2663333333333333,0.6892499999999999,0.4351666666666667,0.5090833333333333,0.1368333333333333,0.913,0.6674166666666668
SAMPLE_04201,0.6675,0.0920833333333333,0.08474999999999999,0.09616666666666665,0.03474999999999995,0.31625000000000003,0.11541666666666664,0.043916666666666646
SAMPLE_04202,0.5840833333333333,0.38108333333333333,0.7797499999999999,0.30966666666666665,0.6309166666666666,0.7646666666666666,0.7296666666666667,0.47724999999999995
SAMPLE_04203,0.7619166666666666,0.499,0.6416666666666668,0.47941666666666666,0.4830833333333333,0.5473333333333333,0.45199999999999996,0.3946666666666666
SAMPLE_04204,0.88425,0.29641666666666666,0.504,0.31433333333333324,0.5400833333333334,0.7615833333333333,0.46724999999999994,0.48875
SAMPLE_04205,0.732,0.4987499999999999,0.6155833333333334,0.45125000000000004,0.5850833333333334,0.5535,0.3539999999999999,0.45741666666666664
SAMPLE_04206,0.45233333333333337,0.8724166666666666,0.5118333333333333,0.6652500000000001,0.4451666666666667,0.5671666666666666,0.5980000000000001,0.42025
SAMPLE_04207,0.29874999999999996,0.4089166666666667,0.7370833333333333,0.50775,0.76425,0.04974999999999995,0.88575,0.7397500000000001
SAMPLE_04208,0.29400000000000004,0.48983333333333334,0.35591666666666666,0.2791666666666667,0.33691666666666664,0.23691666666666666,0.1838333333333333,0.34575
SAMPLE_04209,0.7184999999999999,0.4998333333333333,0.33933333333333326,0.46775,0.3794166666666666,0.5844166666666666,0.3729166666666667,0.37224999999999997
SAMPLE_04210,0.17441666666666666,0.45475,0.30766666666666664,0.666,0.3378333333333333,0.31858333333333333,0.3535,0.47291666666666665
SAMPLE_04211,0.7871666666666666,0.29041666666666666,0.22225,0.1596666666666666,0.4405833333333333,0.33225,0.2189166666666666,0.31108333333333327
SAMPLE_04212,0.4791666666666667,0.80575,0.54925,0.7112499999999999,0.533,0.68875,0.6561666666666667,0.50475
SAMPLE_04213,0.8985833333333333,0.264,0.29341666666666666,0.23058333333333336,0.2848333333333333,0.6669166666666666,0.3778333333333333,0.353
SAMPLE_04214,0.20525,0.3575833333333333,0.45033333333333325,0.4854166666666667,0.5676666666666667,0.39108333333333334,0.79525,0.6729166666666666
SAMPLE_04215,0.48991666666666667,0.8255000000000001,0.5826666666666667,0.8596666666666666,0.6315000000000001,0.8846666666666667,0.7550833333333333,0.6248333333333334
SAMPLE_04216,0.6417499999999999,0.38708333333333333,0.7133333333333334,0.39675,0.5718333333333333,0.7620833333333332,0.6969166666666666,0.47225
SAMPLE_04217,0.13475,0.30174999999999996,0.8093333333333333,0.41374999999999995,0.6464166666666666,0.1705833333333333,0.9552499999999999,0.6580833333333334
SAMPLE_04218,0.474,0.7121666666666666,0.7123333333333333,0.6764166666666667,0.5076666666666667,0.5593333333333333,0.5740000000000001,0.3980833333333333
SAMPLE_04219,0.0105833333333333,0.07325000000000001,0.0390833333333333,0.76725,0.11791666666666664,0.21024999999999994,0.737,0.3363333333333333
SAMPLE_04220,0.6555,0.46975,0.7484166666666667,0.4770833333333333,0.7321666666666666,0.5693333333333332,0.6609166666666666,0.66175
SAMPLE_04221,0.053666666666666654,0.16375,0.13949999999999996,0.3328333333333333,0.3603333333333333,0.2120833333333333,0.7395,0.36291666666666667
SAMPLE_04222,0.5705,0.6524166666666666,0.613,0.7154166666666667,0.37125,0.9297500000000001,0.7323333333333333,0.2793333333333333
SAMPLE_04223,0.149,0.41233333333333333,0.3775,0.6631666666666667,0.4828333333333333,0.48683333333333334,0.4438333333333333,0.5380833333333334
SAMPLE_04224,0.50025,0.5693333333333334,0.4585833333333333,0.5919166666666666,0.47124999999999995,0.7144166666666667,0.5421666666666667,0.38691666666666663
SAMPLE_04225,0.7145833333333333,0.22316666666666665,0.28274999999999995,0.24675000000000002,0.34075,0.41874999999999996,0.27741666666666664,0.25825
SAMPLE_04226,0.5729166666666667,0.2539166666666666,0.35141666666666665,0.17708333333333331,0.2243333333333333,0.57675,0.38008333333333333,0.16125
SAMPLE_04227,0.7808333333333333,0.15675,0.25325,0.28341666666666665,0.23941666666666664,0.3384999999999999,0.35150000000000003,0.1033333333333333
SAMPLE_04228,0.21891666666666665,0.30374999999999996,0.1160833333333333,0.4618333333333333,0.26674999999999993,0.2948333333333333,0.7344999999999999,0.22799999999999995
SAMPLE_04229,0.61475,0.41533333333333333,0.3514999999999999,0.52725,0.3636666666666666,0.7804166666666668,0.56225,0.4238333333333333
SAMPLE_04230,0.253,0.7969999999999999,0.75025,0.5206666666666666,0.6992499999999999,0.40475,0.3804166666666666,0.6938333333333333
SAMPLE_04231,0.1939166666666666,0.2915,0.39075,0.06116666666666665,0.4595833333333333,0.2730833333333333,0.16091666666666665,0.3855833333333333
SAMPLE_04232,0.30441666666666667,0.4974166666666666,0.51625,0.7101666666666667,0.6334166666666667,0.46575,0.2771666666666667,0.6901666666666667
SAMPLE_04233,0.749,0.44491666666666674,0.32158333333333333,0.4188333333333333,0.24341666666666667,0.7756666666666667,0.5947499999999999,0.24691666666666662
SAMPLE_04234,0.6510833333333333,0.641,0.6049166666666667,0.6085,0.6585833333333333,0.7657499999999999,0.657,0.6890000000000001
SAMPLE_04235,0.8464166666666666,0.5968333333333333,0.22083333333333324,0.43241666666666667,0.3358333333333333,0.44600000000000006,0.31599999999999995,0.1558333333333333
SAMPLE_04236,0.07524999999999994,0.21724999999999994,0.09825,0.3025,0.3466666666666667,0.2068333333333333,0.74075,0.4129999999999999
SAMPLE_04237,0.5715833333333333,0.27149999999999996,0.12816666666666665,0.1413333333333333,0.09616666666666665,0.48124999999999996,0.45999999999999996,0.051000000000000004
SAMPLE_04238,0.1103333333333333,0.53375,0.4401666666666667,0.6860833333333334,0.627,0.5069999999999999,0.8175,0.5741666666666667
SAMPLE_04239,0.7770833333333333,0.8873333333333333,0.9640833333333334,0.6169166666666666,0.946,0.95475,0.6631666666666667,0.8869166666666667
SAMPLE_04240,0.019749999999999948,0.17633333333333331,0.7629166666666667,0.53775,0.633,0.1090833333333333,0.86825,0.6391666666666667
SAMPLE_04241,0.5818333333333334,0.3084166666666667,0.49758333333333327,0.175,0.4019166666666666,0.5470833333333334,0.546,0.37083333333333335
SAMPLE_04242,0.23833333333333334,0.6376666666666666,0.742,0.61275,0.75475,0.2835,0.3798333333333333,0.7880833333333335
SAMPLE_04243,0.46108333333333335,0.58525,0.6945,0.7338333333333333,0.5546666666666666,0.8114166666666667,0.6720833333333333,0.5008333333333334
SAMPLE_04244,0.7515000000000001,0.2331666666666666,0.40691666666666665,0.16191666666666665,0.27266666666666667,0.47541666666666665,0.37024999999999997,0.4888333333333333
SAMPLE_04245,0.8029999999999999,0.04725,0.19374999999999998,0.21683333333333332,0.0720833333333333,0.5495833333333333,0.16191666666666665,0.07658333333333331
SAMPLE_04246,0.0920833333333333,0.3035833333333333,0.13116666666666665,0.2480833333333333,0.42125,0.3178333333333333,0.72775,0.38249999999999995
SAMPLE_04247,0.1955833333333333,0.38375000000000004,0.35816666666666663,0.6756666666666666,0.21725,0.2766666666666667,0.29600000000000004,0.3518333333333333
SAMPLE_04248,0.3053333333333333,0.6795,0.5802499999999999,0.6359999999999999,0.7144166666666667,0.763,0.5555833333333333,0.6599999999999999
SAMPLE_04249,0.19008333333333333,0.3276666666666666,0.43649999999999994,0.15975,0.53625,0.22949999999999998,0.3293333333333333,0.57325
SAMPLE_04250,0.0723333333333333,0.1185,0.0853333333333333,0.26166666666666666,0.12091666666666664,0.1028333333333333,0.72975,0.21316666666666667
SAMPLE_04251,0.31216666666666665,0.43599999999999994,0.2303333333333333,0.4243333333333333,0.45241666666666663,0.20466666666666666,0.729,0.52725
SAMPLE_04252,0.49324999999999997,0.43325,0.43174999999999997,0.20441666666666664,0.2865,0.5141666666666667,0.3348333333333333,0.19341666666666663
SAMPLE_04253,0.0660833333333333,0.18666666666666665,0.22533333333333333,0.4095833333333333,0.41841666666666666,0.17816666666666658,0.7505,0.4860833333333333
SAMPLE_04254,0.8234166666666667,0.5775,0.8285,0.50425,0.5722499999999999,0.9475,0.6616666666666666,0.47575
SAMPLE_04255,0.2965,0.58325,0.48024999999999995,0.6025,0.6860833333333334,0.32608333333333334,0.1295833333333333,0.7889999999999999
SAMPLE_04256,0.8527500000000001,0.46124999999999994,0.35175,0.39383333333333326,0.6535,0.4353333333333333,0.4138333333333334,0.29916666666666664
SAMPLE_04257,0.49958333333333327,0.6720833333333334,0.66325,0.5483333333333332,0.6815,0.13824999999999998,0.23891666666666667,0.7524166666666667
SAMPLE_04258,0.6378333333333333,0.73525,0.4083333333333332,0.6550833333333334,0.5754166666666667,0.8415833333333333,0.5536666666666666,0.4198333333333333
SAMPLE_04259,0.6368333333333334,0.7613333333333334,0.638,0.8093333333333333,0.44000000000000006,0.8864166666666666,0.71925,0.47550000000000003
SAMPLE_04260,0.7889166666666667,0.11224999999999999,0.08466666666666664,0.17283333333333328,0.0880833333333333,0.32033333333333336,0.1593333333333333,0.04866666666666665
SAMPLE_04261,0.006,0.1085833333333333,0.059583333333333294,0.2549166666666667,0.1953333333333333,0.1263333333333333,0.73825,0.2486666666666667
SAMPLE_04262,0.57775,0.651,0.5415000000000001,0.29774999999999996,0.661,0.6124166666666666,0.45524999999999993,0.5018333333333332
SAMPLE_04263,0.8435833333333334,0.46858333333333335,0.5954166666666667,0.3899166666666667,0.4245833333333333,0.85525,0.5341666666666666,0.28483333333333327
SAMPLE_04264,0.16675,0.5420833333333334,0.4414166666666666,0.7112499999999999,0.5992500000000001,0.2856666666666666,0.21100000000000002,0.8315
SAMPLE_04265,0.7887500000000001,0.8134999999999999,0.94625,0.59275,0.9169166666666666,0.852,0.6906666666666668,0.8467499999999999
SAMPLE_04266,0.6534166666666668,0.5278333333333334,0.19625,0.5343333333333333,0.26625,0.65825,0.24008333333333334,0.397
SAMPLE_04267,0.34391666666666665,0.5399999999999999,0.2915,0.7515,0.3358333333333333,0.31866666666666665,0.2618333333333333,0.34708333333333335
SAMPLE_04268,0.15925,0.41300000000000003,0.3448333333333333,0.5735,0.5398333333333334,0.20066666666666666,0.20733333333333331,0.60675
SAMPLE_04269,0.12,0.3646666666666667,0.37899999999999995,0.19591666666666663,0.5130833333333333,0.4308333333333333,0.17216666666666663,0.51725
SAMPLE_04270,0.66675,0.17083333333333328,0.5237499999999999,0.2838333333333333,0.3045833333333333,0.5633333333333332,0.40083333333333326,0.2713333333333333
SAMPLE_04271,0.5110833333333333,0.6980833333333334,0.7798333333333333,0.6031666666666666,0.8150833333333333,0.5610833333333334,0.3129166666666666,0.8698333333333333
SAMPLE_04272,0.591,0.4781666666666667,0.3749166666666667,0.4208333333333333,0.39849999999999997,0.66625,0.4550833333333333,0.18391666666666667
SAMPLE_04273,0.99275,0.888625,0.8336250000000001,0.944125,0.5457083333333334,0.99275,0.844875,0.7147083333333333
SAMPLE_04274,0.348,0.647,0.6285000000000001,0.6455,0.6104166666666666,0.39525,0.35183333333333333,0.719
SAMPLE_04275,0.8110833333333334,0.1023333333333333,0.08574999999999999,0.20225,0.06599999999999995,0.6000833333333333,0.35558333333333336,0.05875
SAMPLE_04276,0.76225,0.22708333333333325,0.25525,0.23183333333333328,0.1969166666666666,0.6391666666666667,0.33674999999999994,0.21816666666666668
SAMPLE_04277,0.625,0.8100833333333333,0.8003333333333333,0.7798333333333334,0.7603333333333333,0.9412499999999999,0.7348333333333332,0.7623333333333333
SAMPLE_04278,0.2545,0.5463333333333333,0.22924999999999995,0.4400833333333334,0.4896666666666667,0.16849999999999998,0.08783333333333329,0.4815
SAMPLE_04279,0.018000000000000002,0.15308333333333324,0.19874999999999995,0.40483333333333327,0.26733333333333337,0.17333333333333334,0.74725,0.30225
SAMPLE_04280,0.6443333333333333,0.5711666666666667,0.7985,0.5279166666666666,0.6876666666666666,0.8826666666666666,0.74825,0.7256666666666667
SAMPLE_04281,0.8315,0.5529999999999999,0.62025,0.52125,0.534,0.7053333333333334,0.5667500000000001,0.40741666666666665
SAMPLE_04282,0.4438333333333333,0.6860833333333334,0.76475,0.5279166666666667,0.84075,0.41466666666666663,0.29274999999999995,0.8545
SAMPLE_04283,0.17141666666666666,0.706,0.11566666666666664,0.7993333333333335,0.41883333333333334,0.15875,0.7262500000000001,0.45658333333333334
SAMPLE_04284,0.01941666666666665,0.19591666666666666,0.14425,0.7289166666666667,0.27124999999999994,0.03391666666666665,0.73,0.49424999999999997
SAMPLE_04285,0.8738333333333334,0.8586666666666667,0.8738333333333334,0.671,0.7635,0.9314166666666667,0.7941666666666667,0.69475
SAMPLE_04286,0.24358333333333326,0.2203333333333333,0.26883333333333337,0.55575,0.5445,0.10983333333333331,0.7757499999999999,0.5950833333333334
SAMPLE_04287,0.4029166666666666,0.6029166666666667,0.7935833333333333,0.614,0.6280833333333333,0.285,0.33441666666666664,0.7630833333333333
SAMPLE_04288,0.81375,0.3170833333333333,0.4278333333333333,0.3190833333333333,0.348,0.48083333333333333,0.5835833333333333,0.34775
SAMPLE_04289,0.08066666666666665,0.22166666666666665,0.07408333333333329,0.7032499999999999,0.19816666666666666,0.14375,0.738,0.451
SAMPLE_04290,0.2236666666666666,0.35483333333333333,0.5322499999999999,0.3525,0.6056666666666666,0.299,0.8047500000000001,0.6324166666666666
SAMPLE_04291,0.3973333333333333,0.8726666666666667,0.9164166666666667,0.6877500000000001,0.8553333333333333,0.30408333333333326,0.3075,0.883
SAMPLE_04292,0.3115833333333333,0.5740833333333333,0.3663333333333333,0.6234166666666666,0.5376666666666666,0.36083333333333323,0.3623333333333333,0.5943333333333334
SAMPLE_04293,0.5415,0.28074999999999994,0.4075,0.17975,0.4399166666666666,0.5618333333333334,0.5075,0.42916666666666664
SAMPLE_04294,0.6033333333333333,0.70675,0.20733333333333331,0.48191666666666666,0.36324999999999996,0.5088333333333334,0.27083333333333337,0.20825000000000002
SAMPLE_04295,0.58325,0.315,0.2425,0.2869999999999999,0.25975,0.6717500000000001,0.3857499999999999,0.18416666666666665
SAMPLE_04296,0.6436666666666666,0.6334166666666666,0.7655000000000001,0.84825,0.6281666666666667,0.7816666666666667,0.7108333333333334,0.6845833333333333
SAMPLE_04297,0.0520833333333333,0.08966666666666666,0.48975,0.3189166666666666,0.3290833333333334,0.14141666666666663,0.80575,0.3705833333333334
SAMPLE_04298,0.99275,0.900875,0.8456250000000001,0.945125,0.6172916666666667,0.99275,0.8412916666666668,0.7128749999999999
SAMPLE_04299,0.8605833333333333,0.3580833333333333,0.5688333333333333,0.2850833333333333,0.4931666666666667,0.6524166666666666,0.5315,0.45808333333333334
SAMPLE_04300,0.5290833333333333,0.31899999999999995,0.25575000000000003,0.5923333333333334,0.24716666666666665,0.5887500000000001,0.30741666666666667,0.4279166666666667
SAMPLE_04301,0.5481666666666667,0.7784166666666666,0.5318333333333334,0.8248333333333333,0.5671666666666666,0.8378333333333334,0.6454166666666667,0.4964166666666667
SAMPLE_04302,0.84975,0.57975,0.1323333333333333,0.28791666666666665,0.3325833333333333,0.6955,0.26183333333333336,0.06508333333333324
SAMPLE_04303,0.77475,0.22041666666666665,0.4846666666666666,0.4189166666666666,0.4276666666666667,0.7689999999999999,0.39849999999999997,0.3301666666666666
SAMPLE_04304,0.23224999999999998,0.5590833333333333,0.5560833333333334,0.7051666666666667,0.4745833333333333,0.2285,0.30591666666666667,0.6326666666666667
SAMPLE_04305,0.7891666666666666,0.6759166666666667,0.3899166666666667,0.35791666666666666,0.5317500000000001,0.7148333333333334,0.4453333333333333,0.37433333333333324
SAMPLE_04306,0.10008333333333325,0.2835,0.22966666666666666,0.6735833333333334,0.28800000000000003,0.21016666666666667,0.74225,0.45216666666666666
SAMPLE_04307,0.8500000000000001,0.3258333333333333,0.5555,0.2935,0.3035,0.6880833333333334,0.5081666666666668,0.27891666666666665
SAMPLE_04308,0.26049999999999995,0.48358333333333337,0.3099166666666667,0.60375,0.4540833333333333,0.3194166666666667,0.20400000000000001,0.5629166666666666
SAMPLE_04309,0.0550833333333333,0.08166666666666665,0.06483333333333324,0.29374999999999996,0.14141666666666663,0.08549999999999995,0.7305,0.13383333333333325
SAMPLE_04310,0.99275,0.928875,0.908625,0.946375,0.739375,0.99275,0.846625,0.7805416666666667
SAMPLE_04311,0.3305,0.837,0.7341666666666666,0.7018333333333332,0.82375,0.20274999999999996,0.29175,0.8342499999999999
SAMPLE_04312,0.8536666666666667,0.65575,0.1148333333333333,0.39066666666666666,0.2690833333333333,0.38908333333333334,0.25625,0.13941666666666666
SAMPLE_04313,0.7075833333333333,0.21425,0.22941666666666666,0.20966666666666664,0.1204166666666666,0.45933333333333326,0.39816666666666667,0.17066666666666666
SAMPLE_04314,0.7057499999999999,0.7037500000000001,0.8403333333333334,0.6021666666666667,0.7184166666666667,0.7040833333333334,0.6985833333333333,0.6859166666666665
SAMPLE_04315,0.3446666666666667,0.44366666666666665,0.8283333333333334,0.5147499999999999,0.7969166666666667,0.28758333333333336,0.92825,0.8105
SAMPLE_04316,0.6607500000000001,0.5781666666666667,0.46291666666666664,0.7365833333333334,0.4460833333333333,0.7290833333333333,0.4916666666666667,0.58925
SAMPLE_04317,0.5054166666666666,0.6511666666666667,0.65725,0.6264166666666666,0.78775,0.4448333333333333,0.3430833333333333,0.5535833333333333
SAMPLE_04318,0.7789999999999999,0.4445,0.46258333333333335,0.3996666666666666,0.41274999999999995,0.86125,0.5556666666666668,0.34133333333333327
SAMPLE_04319,0.1625833333333333,0.7164999999999999,0.54325,0.503,0.5775,0.15933333333333324,0.1893333333333333,0.5769166666666666
SAMPLE_04320,0.6333333333333333,0.43866666666666665,0.48,0.6245833333333334,0.40641666666666665,0.6278333333333334,0.51,0.45975
SAMPLE_04321,0.08616666666666666,0.30491666666666667,0.6795,0.32566666666666666,0.5700000000000001,0.27083333333333337,0.806,0.60975
SAMPLE_04322,0.36750000000000005,0.6233333333333333,0.7569999999999999,0.6745833333333334,0.7098333333333333,0.22349999999999998,0.3318333333333333,0.7108333333333333
SAMPLE_04323,0.5488333333333333,0.4078333333333333,0.8400833333333333,0.38983333333333337,0.6326666666666667,0.6605833333333333,0.3884166666666667,0.5754166666666667
SAMPLE_04324,0.2058333333333333,0.7614166666666666,0.6773333333333333,0.667,0.6474166666666668,0.4729166666666667,0.5238333333333333,0.7545833333333334
SAMPLE_04325,0.24141666666666664,0.57125,0.7794166666666666,0.4905833333333333,0.7148333333333333,0.040249999999999994,0.83525,0.7045
SAMPLE_04326,0.274,0.6409166666666666,0.7651666666666667,0.3045833333333333,0.7223333333333333,0.21649999999999997,0.34091666666666665,0.6835
SAMPLE_04327,0.10550000000000001,0.6092500000000001,0.27491666666666664,0.49424999999999997,0.43833333333333335,0.351,0.81475,0.43208333333333326
SAMPLE_04328,0.2438333333333333,0.33133333333333326,0.45658333333333334,0.68425,0.6015833333333334,0.14291666666666664,0.742,0.718
SAMPLE_04329,0.4820833333333333,0.7591666666666665,0.7606666666666667,0.6141666666666666,0.6559166666666667,0.85025,0.72125,0.6174999999999999
SAMPLE_04330,0.5845,0.6221666666666666,0.5025833333333334,0.48375,0.4251666666666667,0.7526666666666667,0.4309166666666666,0.48275
SAMPLE_04331,0.6722499999999999,0.5547500000000001,0.5024166666666667,0.5151666666666667,0.31875,0.8706666666666667,0.5745,0.3481666666666666
SAMPLE_04332,0.5598333333333334,0.8018333333333334,0.6999166666666665,0.6685833333333333,0.7811666666666667,0.13658333333333333,0.3118333333333333,0.41708333333333325
SAMPLE_04333,0.03616666666666665,0.1570833333333333,0.23075,0.33258333333333334,0.12625,0.16683333333333325,0.75075,0.19974999999999993
SAMPLE_04334,0.49116666666666664,0.5599166666666666,0.4591666666666666,0.6619999999999999,0.7333333333333333,0.3405833333333333,0.43266666666666664,0.7433333333333333
SAMPLE_04335,0.7366666666666667,0.2815,0.15525,0.24724999999999994,0.13275,0.47400000000000003,0.3533333333333333,0.12691666666666665
SAMPLE_04336,0.27491666666666664,0.5573333333333332,0.6548333333333334,0.6754166666666667,0.5794999999999999,0.3505833333333333,0.32016666666666665,0.5144166666666666
SAMPLE_04337,0.99275,0.953125,0.921875,0.942125,0.8000416666666667,0.99275,0.8407083333333334,0.8830416666666666
SAMPLE_04338,0.8665,0.7122499999999999,0.6617500000000001,0.46366666666666667,0.6993333333333334,0.3496666666666667,0.30816666666666664,0.45658333333333334
SAMPLE_04339,0.5151666666666667,0.87825,0.5763333333333334,0.6434166666666666,0.9451666666666666,0.5119166666666667,0.33675,0.712
SAMPLE_04340,0.99275,0.907125,0.8476250000000001,0.943125,0.6460416666666666,0.99275,0.8336250000000001,0.7602083333333334
SAMPLE_04341,0.487,0.7409166666666667,0.6726666666666666,0.72,0.5645833333333333,0.86425,0.7171666666666667,0.5804166666666667
SAMPLE_04342,0.5635,0.6098333333333332,0.1605,0.34125,0.2816666666666667,0.39683333333333326,0.15325,0.17183333333333328
SAMPLE_04343,0.13316666666666666,0.4230833333333333,0.8335833333333333,0.71875,0.7012499999999999,0.1485833333333333,0.923,0.8578333333333334
SAMPLE_04344,0.33149999999999996,0.3436666666666667,0.7296666666666667,0.2504166666666666,0.6455,0.3458333333333333,0.3809166666666667,0.7525
SAMPLE_04345,0.061333333333333295,0.12491666666666665,0.14308333333333328,0.231,0.23716666666666664,0.1359166666666666,0.7375,0.28458333333333335
SAMPLE_04346,0.4085,0.4340833333333334,0.8043333333333333,0.39725,0.7123333333333333,0.8026666666666666,0.8058333333333334,0.73125
SAMPLE_04347,0.6394166666666667,0.7396666666666667,0.683,0.8315,0.5385,0.9031666666666666,0.7214166666666667,0.6187499999999999
SAMPLE_04348,0.1763333333333333,0.7848333333333334,0.8764166666666667,0.5774999999999999,0.6846666666666666,0.48583333333333334,0.45275,0.6965
SAMPLE_04349,0.395,0.6510833333333333,0.6549166666666666,0.5936666666666667,0.5546666666666666,0.23874999999999996,0.36191666666666666,0.52125
SAMPLE_04350,0.23949999999999994,0.2518333333333333,0.5328333333333334,0.35825,0.5675833333333333,0.10275,0.7847500000000001,0.63425
SAMPLE_04351,0.7175833333333334,0.3263333333333333,0.28283333333333327,0.3554999999999999,0.22541666666666665,0.40725,0.19775,0.13566666666666666
SAMPLE_04352,0.18458333333333332,0.6861666666666667,0.50175,0.6810833333333334,0.5023333333333333,0.3730833333333333,0.39291666666666664,0.5407500000000001
SAMPLE_04353,0.2380833333333333,0.8260833333333333,0.75125,0.49524999999999997,0.7489166666666667,0.23125,0.2655833333333333,0.7580833333333333
SAMPLE_04354,0.13541666666666666,0.8430833333333334,0.46225,0.6012500000000001,0.7701666666666667,0.41116666666666657,0.20916666666666667,0.6772499999999999
SAMPLE_04355,0.041083333333333305,0.22066666666666662,0.46366666666666667,0.28208333333333335,0.4285,0.32766666666666666,0.764,0.5088333333333334
SAMPLE_04356,0.49616666666666664,0.6595833333333334,0.7184166666666667,0.6736666666666666,0.42608333333333326,0.6617500000000001,0.6605833333333333,0.5768333333333333
SAMPLE_04357,0.1550833333333333,0.3421666666666667,0.1028333333333333,0.2585833333333333,0.43425,0.133,0.735,0.42208333333333325
SAMPLE_04358,0.7224166666666667,0.39749999999999996,0.4671666666666666,0.18258333333333332,0.44025,0.7511666666666668,0.4595,0.3085
SAMPLE_04359,0.1475833333333333,0.7634166666666666,0.6411666666666667,0.7616666666666665,0.44866666666666666,0.2491666666666667,0.31949999999999995,0.5661666666666667
