sample_id,Ampicillin,Amoxicillin_Clavulanic_acid,Cefotaxime,Cefuroxime,Ciprofloxacin,Ertapenem,Imipenem,Levofloxacin
SAMPLE_03360,0.70356167394457,0.06585301794985492,0.11858865378388848,0.04051104762756231,0.12467414422360511,0.2867509801545559,0.2394916536534653,0.08711796905745522
SAMPLE_03361,0.12913119748029,0.031171700997193415,0.03846041935845756,0.07868265254337137,0.12686513945760053,0.16826741448700533,1.0,0.21411184775888528
SAMPLE_03362,0.37948631816128625,0.3007772290207283,0.5062921298448205,0.37856020138391167,0.7202606402644874,0.3115555328473513,0.08519591633142143,0.6449512865451236
SAMPLE_03363,0.17518546208122343,0.0393183347187357,0.28314565432186173,0.04204800121354279,0.22880860039312903,0.18390287037119002,1.0,0.25211335078740044
SAMPLE_03364,0.43969809603812876,0.5175785586731105,0.6046757737151683,0.8788137882295937,0.765136931863092,0.30581723406951783,0.1309310075559315,0.6381504489035821
SAMPLE_03365,0.5355854555038186,0.34642578531662843,0.5886757684826855,0.6902803294657769,0.4085776301941218,0.21312734509734851,0.07680352410563947,0.3409808030820873
SAMPLE_03366,0.47648031257895557,0.06917955869412266,0.30205963098558203,0.8171374883856714,0.7335451486580334,0.09573189701313088,1.0,0.7744190283505811
SAMPLE_03367,0.51507546570887,0.5047960850255296,0.5705651533868998,0.8989130400792118,0.6804512659816836,0.19632838914178696,0.16550270740908718,0.7050431423027719
SAMPLE_03368,0.3385611447186958,0.09421733489700103,0.587234304805851,0.8069688416405288,0.8902985411154315,0.2604452113660199,1.0,0.8932219722115813
SAMPLE_03369,0.6598804214543421,0.6583541050569756,0.44553418666064043,0.8863337836118861,0.9098992900294056,0.4436824526967644,0.03852624644218291,0.9075883090549268
SAMPLE_03370,0.5160956703996975,0.39783790576024874,0.4919605270156816,0.8322454723037692,0.4503421223874735,0.418771666931683,0.4166760361142503,0.339014777669036
SAMPLE_03371,0.3317108416739362,0.19145817541103535,0.14362495127054045,0.8799680378134139,0.16979580645182177,0.11413981172604781,0.13771782718476985,0.08999814130181027
SAMPLE_03372,0.4565030598920295,0.5904225173407921,0.3509843706729213,0.8259415430991447,0.47355528586931483,0.2754353037005225,0.38241183311748494,0.37007172689940987
SAMPLE_03373,0.6211591511739581,0.5941881309646883,0.38833381461186134,0.8185666026606109,0.15451719405974415,0.32832816415282284,0.21915834102060483,0.15637763655052092
SAMPLE_03374,0.14095767982687618,0.2541349618805421,0.0432104282954972,0.06511696800408867,0.3649563079153917,0.10530435033369535,1.0,0.3707223521927054
SAMPLE_03375,0.567733228161565,0.5642379971130967,0.34927601597924307,0.8235684291603758,0.3947594287986418,0.07470470864602519,0.06677104218242462,0.3250900961514118
SAMPLE_03376,0.19727307323979146,0.45549661180535733,0.45455312815674737,0.8831454623922627,0.6326552288480193,0.22134507149382424,0.11257764284979639,0.5569297837539223
SAMPLE_03377,0.52470156370625,0.5094661303978423,0.3491946478969253,0.561145401774426,0.6336700488583085,0.09877022376167266,0.05999149881067534,0.6371353863482415
SAMPLE_03378,0.7813508555218399,0.2700032399358709,0.0988559190223059,0.3464407545651682,0.1173143621349826,0.1621281847914165,0.08684690278894987,0.17283156557812945
SAMPLE_03379,0.684285079663088,0.7679504021687902,0.5969607528422198,0.8582665438026634,0.2133591428731962,0.6214083449672152,0.45286708772534234,0.21930856982550465
SAMPLE_03380,0.7172582543206304,0.7417525610901652,0.6295237189843164,0.5778235245290114,0.9286874238143419,0.23911520000619663,0.1171726422655241,0.5521075435701115
SAMPLE_03381,0.33123629053699055,0.6084893127982899,0.5562092699120418,0.8804017806255807,0.3463702331887784,0.3381652334077817,0.09267417644800788,0.29000230262399807
SAMPLE_03382,0.7867077756631798,0.13547721150639558,0.16603331021075843,0.18952660946563105,0.114296770764294,0.3637995614338946,0.35952133815947923,0.09022096573212118
SAMPLE_03383,0.793017825170474,0.28039042607294756,0.2982742696135346,0.2421780400613882,0.23360763582570188,0.3562936887743611,0.22317433582971835,0.2650048680675654
SAMPLE_03384,0.80794538005024,0.3142636419122561,0.5434789465544491,0.4284357268748616,0.5470417060301872,0.662103087691044,0.5213678330801399,0.6084882328107223
SAMPLE_03385,0.41928982497857026,0.46719554092278587,0.381310473152164,0.7810914621437296,0.5057593230926325,0.28219510461606606,0.17363500336335744,0.31868085866971807
SAMPLE_03386,0.6825933122885276,0.4073353584214631,0.42982639626311886,0.7441539483100348,0.6054412905629223,0.238271664450726,0.13586710043099048,0.4957300141462029
SAMPLE_03387,0.026319908709204087,0.06346324095486537,0.06277487722385626,0.11387088355372625,0.2240401181100111,0.20726822809828155,1.0,0.19477740780670053
SAMPLE_03388,0.0236929623948659,0.24607961290173727,0.13841597572797829,0.7768960838922042,0.5099566019231622,0.09103010957936698,1.0,0.5578153629833168
SAMPLE_03389,0.8284854945216236,0.13880928327903366,0.1299037315162134,0.042450373728163605,0.3975492151602276,0.24952875331664684,0.21148007597522503,0.07791820056808858
SAMPLE_03390,0.8830851165207408,0.6659624205104179,0.04648768630146305,0.22921806081517077,0.03786510842079236,0.09828879670102188,0.032237364551778724,0.02515988607335875
SAMPLE_03391,0.6193990684807307,0.1625155819334162,0.4532490262064968,0.13852244593201035,0.5082338589193903,0.4836007140771066,0.3232701428449365,0.31859912605790786
SAMPLE_03392,0.8161165969956716,0.08029878932900986,0.08322239023473763,0.1637517741936115,0.07764216176863067,0.2505742670450297,0.16365042269488694,0.04439932858405569
SAMPLE_03393,0.8809778938262808,0.3674766780887174,0.34879968702059627,0.08181879636598055,0.31236913230454805,0.43332558745340316,0.33704544968487943,0.23171045019626024
SAMPLE_03394,0.874685673608624,0.2663538290577505,0.27306863446362367,0.19630183418155883,0.30154244971443017,0.41989335662236493,0.35084465023524164,0.2847165166094072
SAMPLE_03395,0.8168187261464315,0.058935967122235734,0.4277870272581642,0.15921654217797238,0.4549023498630284,0.2879214413119699,0.17069468924236078,0.22605720206449398
SAMPLE_03396,0.2473129979661296,0.09572119272539671,0.04822552108035773,0.06033743752070194,0.24659050822416673,0.10806630138802971,1.0,0.2964494018311333
SAMPLE_03397,0.4868782588673316,0.5764059605107102,0.5936481828614926,0.8182873919328162,0.4676839701694373,0.2980653620247615,0.2033030888406717,0.49117696297952923
SAMPLE_03398,0.33825689402450027,0.4738957946728458,0.4871020505935284,0.8092805197641348,0.7773003427926016,0.3689724657578889,0.27867148499966304,0.6869922510100273
SAMPLE_03399,0.2568782401194409,0.37013346372729744,0.03434187774224475,0.04955122477988347,0.4634883151905461,0.10022052870125746,1.0,0.5099875555145592
SAMPLE_03400,0.8966188952168598,0.22351103697845304,0.2444845479822132,0.19627397800719065,0.2528321907874972,0.20109145128116387,0.19423759346142225,0.18236781836208332
SAMPLE_03401,0.8921837250775484,0.43988789992735494,0.19320041612089414,0.13605937812319957,0.0674756689644149,0.48540606110110884,0.3481353672676307,0.08494503404344037
SAMPLE_03402,0.28940111182599937,0.2398641252468725,0.41794521138150736,0.1810262859575733,0.725609133099452,0.15964592732727978,1.0,0.6873750554236958
SAMPLE_03403,0.8823834578990652,0.4408978899217674,0.22232008917636845,0.379977136507247,0.33820301809048536,0.5990482941056711,0.33119384172900074,0.37108894918500934
SAMPLE_03404,0.5683648732590393,0.7125167818740882,0.5924987524850001,0.819254155816576,0.5785904040802352,0.6514699755871939,0.482055514852025,0.5427833332247926
SAMPLE_03405,0.5639095906346231,0.6028084923211533,0.5463054838687426,0.8882408578968455,0.8394360683161425,0.4014418139232453,0.27623335599058524,0.5378073435047034
SAMPLE_03406,0.715316939423311,0.17957109785793127,0.4439163875391207,0.10161128484850165,0.23745711607337205,0.22130767203616503,0.17869943324995863,0.35330820870947544
SAMPLE_03407,1.0,1.0,1.0,1.0,0.23096407260327712,1.0,0.8572556462631001,0.5208539315156889
SAMPLE_03408,0.6599947352255977,0.8494740169278077,0.5088913765570646,0.8312414646669155,0.23652058865375125,0.5641310620586304,0.4391783283800961,0.22245265647757448
SAMPLE_03409,0.06057634901172613,0.3893363336200721,0.1442264730564004,0.7297033585420527,0.5282836343287235,0.10759747625931056,1.0,0.5451671939064413
SAMPLE_03410,1.0,1.0,1.0,1.0,0.47454550451828914,1.0,0.8540150619514506,0.6265558298221093
SAMPLE_03411,0.8441146625029682,0.6167559364230197,0.5514381025416275,0.362120559713273,0.09052155925958053,0.7002561008605814,0.5074719939754553,0.11406542405363244
SAMPLE_03412,0.7257921268525683,0.611844808566728,0.15252609322633964,0.2833576333828019,0.19839194452789752,0.5764422986158592,0.3627303042426217,0.2618875228221331
SAMPLE_03413,0.7020119926528494,0.3491911701916501,0.19634202189580283,0.36664619254353603,0.0747007235275901,0.35332890150733354,0.2308904872948831,0.0364945787264473
SAMPLE_03414,0.013743718692827929,0.06383361725814758,0.34755792814247116,0.3116440363429249,0.5830004333915064,0.023367701484336086,1.0,0.5490317827253006
SAMPLE_03415,0.8494834235056785,0.10937389945368545,0.23613110271057008,0.08705141970377334,0.10110120545646227,0.39898084410406004,0.2757083137619007,0.07487092587596185
SAMPLE_03416,0.8121412838468163,0.6197349550861704,0.46839880774971593,0.8543865827842421,0.4634893138152712,0.6151866860789682,0.48919958021131904,0.4541018078472065
SAMPLE_03417,0.12455200656114541,0.026656058252391687,0.04987523558666752,0.020649122616573538,0.16633042782144528,0.18788071355396713,1.0,0.20883513019043815
SAMPLE_03418,0.6376123383028796,0.3096709886024578,0.3133302568295087,0.5001395193962448,0.329298637362498,0.505572750975988,0.37381156059057496,0.21243916280630892
SAMPLE_03419,0.8098168807833442,0.6637713729311325,0.608038797466174,0.30118279431175476,0.3350661030132749,0.6005797094747106,0.4115452593787497,0.34980320994704406
SAMPLE_03420,0.7330148919279011,0.6186636569422732,0.833909439134728,0.8106669684221349,0.7215979746233964,0.5636590019555071,0.49157966545499215,0.7666611823672946
SAMPLE_03421,0.30083313294697206,0.14892809737782073,0.24208521619976966,0.1416727356024542,0.49822740649604497,0.16151679509767045,0.060699766666287645,0.5139475087017905
SAMPLE_03422,0.7211408451758129,0.6870107385029672,0.7257255956846987,0.33778696970298094,0.4871109283360892,0.30706528780793846,0.26180767872839467,0.5362216364517574
SAMPLE_03423,0.2298489737758718,0.20088309329363294,0.35402837063604203,0.2332627883131056,0.3564467168543599,0.22789064157768696,0.11207257503022432,0.4905042416358016
SAMPLE_03424,0.39280167988325704,0.3254946687570502,0.4639289351493505,0.8601039418318029,0.5802681132350608,0.28997908453014914,0.23551054885069653,0.4455510764300781
SAMPLE_03425,0.6779707782748535,0.5697089891963951,0.30267264874661587,0.6429267525485363,0.3599268022318297,0.7199264462198353,0.4789459330216105,0.28882162821769214
SAMPLE_03426,0.667931513466651,0.5502107687131799,0.5899975186502864,0.9385888260391414,0.6025706906506062,0.6087316505194315,0.42951607404774117,0.44016271863689493
SAMPLE_03427,0.7717828683702703,0.43632222651009,0.11891593157176125,0.2541589931471059,0.3475901030246588,0.21804101175818114,0.29122737942230115,0.15248463183887956
SAMPLE_03428,0.37296327038351185,0.44939511939294186,0.25495350036982717,0.969179219593338,0.45557768458397513,0.10177563446277782,0.0954586290617782,0.3681477795078404
SAMPLE_03429,0.08128240533797608,0.03655885049468656,0.5311014743670766,0.17127578482718686,0.42094354473101236,0.03993759937500461,1.0,0.42964802893913867
SAMPLE_03430,0.8004781093766281,0.36179540911695635,0.42605385754288216,0.6270407017026584,0.564618047329844,0.5132247787276791,0.40151873145397116,0.5256007816816444
SAMPLE_03431,0.7232337497490726,0.09422962538474856,0.4855379370550013,0.2692061224405513,0.2648632014841365,0.3796638741258247,0.4382631592758923,0.22078119748724773
SAMPLE_03432,0.6973464978622955,0.36836383633759584,0.8065928269989255,0.8584672704153997,0.8472608959363137,0.49156706738365724,0.18954930685451155,0.7226387306772425
SAMPLE_03433,0.1276036882646612,0.08892340314161223,0.04726782615443148,0.29392576571167106,0.45975236559311633,0.29142559208066743,1.0,0.4516076779075423
SAMPLE_03434,0.8261518172369973,0.32326241877547424,0.322116648293187,0.3735340625175934,0.3046858115680794,0.587675269661702,0.2988236931255464,0.2741268476172078
SAMPLE_03435,0.8184518786766934,0.22085307560124592,0.22030059472802457,0.1588321312200963,0.049119364056135636,0.20789930178143448,0.19735486398729826,0.02217986545465304
SAMPLE_03436,0.8893851648344037,0.21631859026909894,0.48166777549103607,0.3335810982372926,0.11249944434649232,0.29975512861338266,0.16737623226766288,0.2710936396998275
SAMPLE_03437,0.8560190262665054,0.12011465940499366,0.24202155683947488,0.15058341662899272,0.2515906442375527,0.210615335653529,0.11578391561297657,0.23059545717855137
SAMPLE_03438,0.4913661145784818,0.3976014502236085,0.5538655253741137,0.22246856892875588,0.8312609949399395,0.2915623167197501,0.271466538253639,0.761024856658856
SAMPLE_03439,0.8602140233564409,0.18035792339116558,0.14270181248025388,0.0674974163005184,0.01582130515265693,0.4252349968294375,0.31260088382244355,0.060844758261882924
SAMPLE_03440,0.7301806168101934,0.4729595303736275,0.5318643848328829,0.763656193857927,0.9621600511629486,0.4656622124795139,0.17016120184624922,0.7713298976597467
SAMPLE_03441,0.5649742747863131,0.4223930261968566,0.48503491573355656,0.8305469416056663,0.5623627479040869,0.24109306577370943,0.1597059216982995,0.51605536283513
SAMPLE_03442,0.8151847352333196,0.45536666469415876,0.2197345768771394,0.38117003667168,0.04937379834708713,0.3291219357671756,0.38881979152355756,0.04996880767062029
SAMPLE_03443,0.8777168510250521,0.6589221689643942,0.4573170807382526,0.3197092243028777,0.7394811400792906,0.38835081084352496,0.20378303416223897,0.5640049495366802
SAMPLE_03444,0.2829872286885417,0.11442836977806177,0.034983306035967575,0.701954096115474,0.23271756359618168,0.03596633846960358,1.0,0.2796656924980793
SAMPLE_03445,0.6926804587983095,0.5754023233749579,0.4175633986557747,0.8335663392351339,0.3651429250955286,0.6142534786438871,0.49152390441996574,0.26192872460327093
SAMPLE_03446,0.6128584210500413,0.275687198759868,0.21365924639649153,0.43710029632767966,0.4982742471249789,0.4286677934186001,0.3592024306391652,0.5605128438713461
SAMPLE_03447,0.7304474974121272,0.44590525268779263,0.5606390210001684,0.7159676107942923,0.814389594189067,0.20127205921500704,0.14260504030089596,0.5795265402053074
SAMPLE_03448,0.8599800332527486,0.7913003907061782,0.4374604910359007,0.5664500688633357,0.18961650209001613,0.5572786853711206,0.41281573557429846,0.1445974176015834
SAMPLE_03449,0.4205846465529064,0.34200385935633754,0.10267840464717536,0.7529342461878382,0.01692898457475197,0.3553868744601022,0.21074230971952151,0.04078142204034615
SAMPLE_03450,0.3155151521179926,0.4067821389375501,0.3611477485484838,0.45397061834671293,0.10437184032793358,0.3305588941534364,0.19093103906697304,0.14301794977914245
SAMPLE_03451,0.10622990175712484,0.02947627627193963,0.5746269950574491,0.6511141687138111,0.9509217445430035,0.16910251606666532,1.0,0.9552820445483873
SAMPLE_03452,0.513313034950579,0.5339872890644874,0.28932151044632265,0.793013181271211,0.4867710888438697,0.16812846082763377,0.09873697709327407,0.3235573928668604
SAMPLE_03453,0.35529088926583197,0.2511054640144113,0.32982625426450557,0.2244740798211095,0.5432751360369122,0.2375707212208453,1.0,0.5169695387756551
SAMPLE_03454,0.7568305861888391,0.34141026817080533,0.22117101138551157,0.20341469885692343,0.331359949983956,0.20706926675518658,0.1522311929770236,0.2239268518237621
SAMPLE_03455,0.7727153312790969,0.22363168405520123,0.17763315920317535,0.11955251589322409,0.21161721819837043,0.40083222321193895,0.27087081671145924,0.1667248858972524
SAMPLE_03456,0.8480856691423746,0.09168412507546642,0.10403372724926337,0.12470213227969802,0.2478919199946637,0.23852410543543848,0.13981704369651232,0.27666696356506726
SAMPLE_03457,0.5534216615566623,0.9490315923844221,0.5981375919599891,0.7906312386683955,0.9621161261223397,0.542132638254591,0.15009154182684423,0.8398273360474837
SAMPLE_03458,0.7182059708355771,0.6946632073258019,0.6492975867471154,0.9233693261256095,0.9306695615791024,0.43036885987002665,0.3156345840119422,0.3851398807832369
SAMPLE_03459,0.717882208467968,0.6877895671844361,0.5439243207674923,0.36143213302635535,0.17423786719638834,0.6661881712778854,0.45202657146247666,0.25453989625640033
SAMPLE_03460,0.7666506472553095,0.6530820315938338,0.4807031945084242,0.3782770680293612,0.256682961414921,0.46874118511366153,0.39319196385903943,0.17183337850040636
SAMPLE_03461,0.5271185495580291,0.6576829821994493,0.5082180462053669,0.8217222809426002,0.6832423732325419,0.3511033560579207,0.09920744411675766,0.41798546443419327
SAMPLE_03462,0.49335025303246455,0.5222990205378246,0.3067445376563413,0.9505820374547452,0.23170203136433043,0.2479547831663533,0.12254432170326765,0.3063834813733391
SAMPLE_03463,1.0,1.0,1.0,1.0,0.38660162118121555,1.0,0.8530776460908616,0.6407641308124692
SAMPLE_03464,0.8221855786665978,0.5910428743906061,0.07417999931728057,0.14375024595486613,0.09002367003430613,0.15907264146571118,0.11396744566389665,0.04746564295831309
SAMPLE_03465,0.6982683803842719,0.26112950340601315,0.2839957410715192,0.28053129933244086,0.3723673524601994,0.4088745972419511,0.2817285642707751,0.4502670859142759
SAMPLE_03466,0.40337033559164615,0.19345164169271445,0.5382746077147232,0.18203975099429257,0.6955927548886193,0.13233112081872586,1.0,0.7292120204085996
SAMPLE_03467,0.5236619325093174,0.521308105033006,0.854762977517853,0.837166797346794,0.7473682792199907,0.42605008403529876,0.3402981627488673,0.7133568806619854
SAMPLE_03468,0.3189064644528302,0.5288261300859285,0.203598584998874,0.3395385864302788,0.2730911028859884,0.1757597407808951,0.11972558839161127,0.40069059078514785
SAMPLE_03469,0.8658163098744249,0.2753246977312649,0.11346406432163421,0.17301458124981595,0.22583623098631198,0.39799445243656506,0.31517952917606906,0.05984749869891747
SAMPLE_03470,0.9115529197666703,0.126347768379446,0.15851081302080194,0.038505339287643076,0.17546825323769813,0.382137286041787,0.1755655517307172,0.22574729684473493
SAMPLE_03471,0.37573427878827037,0.11593574771136492,0.4151517849495688,0.1303238159185102,0.766548583419181,0.03457000460700547,1.0,0.7078017888515965
SAMPLE_03472,0.8340838802454558,0.471408566000308,0.0775983414652932,0.3013952170136057,0.07039910442135544,0.2561170356163187,0.15503707381668796,0.09525425299681614
SAMPLE_03473,0.40149145207069237,0.28219962741436616,0.3975854411559835,0.7587854277413807,0.9423377989359495,0.1108615851363147,1.0,0.9219192350121591
SAMPLE_03474,0.6915148383916935,0.6980655858690109,0.3571586828050286,0.3272620506778394,0.1881167773588658,0.4529745499645639,0.2747865694462535,0.1650055678683328
SAMPLE_03475,0.5093158355805254,0.5886509687934145,0.47933927987132857,0.7760416395371545,0.472881579054542,0.2896873432717717,0.13769733512938012,0.4035521923734808
SAMPLE_03476,0.7503157903728968,0.21399361178679094,0.15217081857675538,0.029001392470795986,0.13271614319355018,0.5135544886929831,0.3303131087359253,0.16485237519470017
SAMPLE_03477,0.688973048918977,0.31172157014370855,0.44178838877439386,0.7545570549274145,0.5569853433815347,0.2675046546882304,0.24204856541069286,0.5957371110485825
SAMPLE_03478,0.795113521714124,0.39602249800421235,0.5338433476727108,0.20075885936098686,0.5579435347985721,0.6348136763039073,0.37534326898633,0.5237411249415275
SAMPLE_03479,0.8718865623871508,0.756080261294931,0.528113623292648,0.8504895182064929,0.58188526107576,0.5484655665736675,0.3115746655073173,0.6284171781336306
SAMPLE_03480,0.9108505918808226,0.2311837203089439,0.44983170416894114,0.30275915694760025,0.6073038484304565,0.25920434142398285,0.12045344888021954,0.45839305821703324
SAMPLE_03481,0.8534497829252715,0.2931402296477055,0.2233874072619927,0.3362652539682989,0.08875011895792718,0.3634103710853996,0.33434022393590934,0.09358725787907284
SAMPLE_03482,0.4362734824502073,0.20530902081720248,0.4444344939659629,0.14957101828905026,0.6748182404948548,0.3665665132135993,0.2119107931634873,0.6684716097494836
SAMPLE_03483,0.7717847166634779,0.3342687564671587,0.48140990746494755,0.2576074474458713,0.28740610465903227,0.4709999293949988,0.2373842568277137,0.31922697163006825
SAMPLE_03484,0.6831043355699575,0.7698740324851463,0.733275539043696,0.6378133926910762,0.6752601699540276,0.6610287863816177,0.47628404843984534,0.7355023395476076
SAMPLE_03485,0.3706664713020553,0.42634765411899594,0.25681408364781166,0.4677359832657742,0.5794055763208396,0.1073698822450963,0.028024579888038855,0.5370588173659417
SAMPLE_03486,0.20949413581963922,0.24290947192170548,0.16389056126839563,0.10644093060749593,0.7498234515330977,0.189970057566373,1.0,0.7959122773832625
SAMPLE_03487,0.6683965232949037,0.24627894316956708,0.2463461825032166,0.0915845087902522,0.1891482553241347,0.5382986174632695,0.5180031149361631,0.16603990477417002
SAMPLE_03488,0.709472425862294,0.22582395376364425,0.443166917687203,0.7999197426042169,0.6861184116733249,0.28498904134859787,0.10807006955922627,0.5117983718305942
SAMPLE_03489,0.4617409614440936,0.5075113306444466,0.3619785478105519,0.846520982689846,0.26083891695981365,0.2575504918801411,0.2613847821760384,0.32198910995316643
SAMPLE_03490,0.3823598704477865,0.2062744667370106,0.22873846713958515,0.14272749690953132,0.7149958514472504,0.13633451998306167,1.0,0.7274823449013336
SAMPLE_03491,0.8452821714280885,0.6520835820572519,0.39565952704896024,0.7567466207185775,0.30951665359546243,0.5669754243306364,0.4376951936309307,0.3579080023828227
SAMPLE_03492,0.6772528054121384,0.2269127511145237,0.35462256426081334,0.5279486471937962,0.3618967566979099,0.36346385557161504,0.2823288479910916,0.25084567984293077
SAMPLE_03493,0.9043170447334506,0.2245130247005636,0.7790116753272496,0.361959099438755,0.7493918880717767,0.57819665587044,0.19868845031363133,0.7175332203429422
SAMPLE_03494,0.31361530442765934,0.16740209254858812,0.0804670727028412,0.5869051100451752,0.4020877646245493,0.23202252109276725,1.0,0.4755199545996723
SAMPLE_03495,0.8261516500745534,0.2925833060425211,0.3478100895337906,0.24123940388011247,0.11106252859472575,0.5427748693262383,0.40671033562923814,0.3029433965881609
SAMPLE_03496,0.7157821273707952,0.2499675323008295,0.10333409665899279,0.28294604818509217,0.05163838150916779,0.2690669294442849,0.14638856982782225,0.08950986858796224
SAMPLE_03497,0.6317414016193954,0.5084153414449991,0.6845162917907581,0.6132752319630844,0.3920418092828266,0.6035594102300517,0.45420714109156407,0.366143679093495
SAMPLE_03498,0.09467166624558292,0.2397670457873437,0.1674251638048042,0.2980476217493051,0.4976974009400744,0.06396755260726482,1.0,0.6948425855019609
SAMPLE_03499,0.7624491103871534,0.4438287767483691,0.49927080444140437,0.9383418157982806,0.5438736129867974,0.5015315670573675,0.4104165965797671,0.5309837991079922
SAMPLE_03500,0.9127167431759456,0.24845969415332922,0.5142137506353202,0.3356483017604553,0.6140573407495368,0.4248445555595635,0.3629817208951413,0.5000543594959986
SAMPLE_03501,0.4598537687692029,0.4931472103939201,0.10872487577430953,0.9342944331217172,0.6027452144691172,0.1379336700808984,0.05089646665830139,0.4908442628998921
SAMPLE_03502,0.8501827145875572,0.3034202094572738,0.6345678483818901,0.21036629940328047,0.5652626882963959,0.6177613281239235,0.5195604038168556,0.620980122403438
SAMPLE_03503,0.9050186578796054,0.18988856000566778,0.326850440945799,0.20503737775921718,0.24454081645723316,0.27994635490603526,0.2577882980562263,0.1979338464813807
SAMPLE_03504,0.41393776764839274,0.5032776376470939,0.3646551716254857,0.9179327482339921,0.30334395755208987,0.3505441066619661,0.14492975357777182,0.3146643846424894
SAMPLE_03505,0.7925463112231409,0.48924049054263385,0.523031387973945,0.5052870347296604,0.4914781082429644,0.5359877808194583,0.46149828767276707,0.29328089084220915
SAMPLE_03506,0.3240174594496419,0.07887700202360684,0.20544664305624727,0.31453350115449147,0.3136992733341445,0.036212234765063245,1.0,0.27274952621392407
SAMPLE_03507,0.16696698117046258,0.07504485464987026,0.08071870758643002,0.04860932990309574,0.40710666335575757,0.22545835241809561,1.0,0.39401837553281693
SAMPLE_03508,0.9253171984917602,0.17319685717804623,0.30214625887924984,0.2147659046738,0.3582263995395458,0.21404253378491514,0.25208208840823815,0.34364187445423494
SAMPLE_03509,0.8777165118368064,0.2586739653489841,0.3162113105103173,0.1837100930215564,0.3175511331468401,0.5516499323090608,0.23531798581798216,0.2282801334326695
SAMPLE_03510,0.3609525835068836,0.14275950418575092,0.19569363823776917,0.5087700666009625,0.5735869484633184,0.05160438038910907,1.0,0.5167103563484191
SAMPLE_03511,0.7645457725296674,0.49558137085299925,0.10491760386208433,0.366068859462309,0.07668578753261245,0.39448977529409884,0.17275510911744818,0.08442394826689843
SAMPLE_03512,0.43996279306283953,0.6115103165122505,0.40800204822108155,0.9002990619412111,0.37908973202177304,0.33986669728482627,0.38064838080710073,0.472086383055665
SAMPLE_03513,0.5820152281719415,0.3993870397304037,0.6287429612538517,0.911071401882748,0.4521993577470425,0.5141601682355154,0.4157968798836988,0.22052012015872274
SAMPLE_03514,0.9225171032151798,0.25546180548787095,0.29097120560212714,0.07918000599898756,0.3908436909914171,0.29058142429644873,0.24054259558749647,0.2643465299278951
SAMPLE_03515,0.49272527174781816,0.3872417153235482,0.5447425905977515,0.8656946071614282,0.633920792389037,0.1106389835980757,0.10316149574011922,0.5713148759549094
SAMPLE_03516,0.8448177553188739,0.4898591326790061,0.7294937135431345,0.47156534981235176,0.8241533438470601,0.6233194091871136,0.31712147909412636,0.7651677680291541
SAMPLE_03517,0.013686067619670369,0.16616217028524088,0.04704421232675303,0.17455042255024417,0.20725857687996166,0.07402357139149998,1.0,0.2715543417291225
SAMPLE_03518,0.12786580284682297,0.2288921881249236,0.09009845209005617,0.3137169634086897,0.26596741405745344,0.3057556121531734,1.0,0.23323571028525306
SAMPLE_03519,0.6537049131680153,0.37717553087686573,0.3563458914517636,0.7861414596356592,0.7033722873030557,0.564006926231025,0.4393787588370231,0.6884552549876861
SAMPLE_03520,0.7038944818144327,0.7966867254354872,0.5590984426330307,0.8625116631833928,0.512412697432013,0.4434732878452808,0.28060141195162797,0.5423373731012907
SAMPLE_03521,0.8854175241187405,0.23204178686366347,0.27170447105786927,0.2929660701247751,0.18371208932483304,0.35824868683993816,0.28178730415158065,0.1734130486503229
SAMPLE_03522,0.3642577062770918,0.06192823417760162,0.199593141584643,0.15642427083083774,0.27628553267571293,0.0737771037273288,1.0,0.35669576597942476
SAMPLE_03523,0.7311731485728483,0.8935905579954969,0.9735841777273484,0.9364881250779922,0.9223651402965171,0.7294270831802735,0.44355449041250483,0.9507117021558192
SAMPLE_03524,0.8851838480794543,0.7382906350685783,0.07806911260660304,0.38180398697961,0.10801577291614925,0.3410142850802251,0.33123061435221257,0.054538512919188924
SAMPLE_03525,0.6651389916257006,0.8015390844913577,0.5546566175163788,0.7331647049063326,0.49066243383625213,0.6943411654014603,0.5356328542398701,0.31196068419021084
SAMPLE_03526,0.26854899701192064,0.2267842270130064,0.10104695579473984,0.7925049308070475,0.11977393197785764,0.1995442049095215,1.0,0.20243677941899174
SAMPLE_03527,0.8702505701673215,0.6731144929375277,0.41566283660785847,0.45249069414374526,0.4061605441507199,0.3491454420593527,0.16972122330912187,0.21797122270048386
SAMPLE_03528,0.6431842223758772,0.5148663506217319,0.43016432983410324,0.8644560392470954,0.4018157420881624,0.5457692474047238,0.3786225953278303,0.331866096548476
SAMPLE_03529,0.4099400038656005,0.1670930883160975,0.4211636925983144,0.8602708561945138,0.7127912908298448,0.32781914690709796,1.0,0.7475249910038066
SAMPLE_03530,0.9187800358381424,0.16710293682153965,0.34711633010799015,0.1776716541668478,0.3413695222720798,0.2385019363132518,0.13476482747519436,0.480961018325128
SAMPLE_03531,0.8548522062093492,0.48667759300432356,0.5673770715021875,0.2411470624106954,0.473226246162122,0.5018610694839811,0.2484243776812031,0.5595869583760247
SAMPLE_03532,0.7657096082875771,0.5233253323464163,0.5677345266209943,0.8376395378364297,0.4864981982305043,0.6050190428885756,0.40578430892383577,0.42583796587151856
SAMPLE_03533,0.7332621775843216,0.3888474427610223,0.7473839548999446,0.6955784816295273,0.5076052201569725,0.6578380367733934,0.4799846852836804,0.4273621677518813
SAMPLE_03534,0.18967865215613072,0.3911812296824031,0.4454219933137147,0.798672540033258,0.6578296965080929,0.30339184434449196,1.0,0.6607507812850953
SAMPLE_03535,0.1805113207063671,0.19826298221982877,0.021177067579911807,0.026553897857680708,0.22128400554689528,0.06164297293911318,1.0,0.3011562432165117
SAMPLE_03536,0.4475159190756879,0.3999316849613679,0.386162137400646,0.8028617338442524,0.6901919841567415,0.3085735687606891,0.22339400185750605,0.6524104287335007
SAMPLE_03537,0.7748056595983003,0.7796262933659338,0.6156101464773022,0.8483449355608906,0.6439429402708385,0.6499329367763695,0.5121311187079487,0.4916212932421252
SAMPLE_03538,0.27835106195649345,0.32068014602154626,0.21864450543567235,0.5631510740997206,0.517221006554228,0.14493497454809803,0.13888151372630134,0.3989614209886937
SAMPLE_03539,0.34276739476740753,0.5427518907998929,0.38919460526589633,0.9490390874426579,0.2500177717872145,0.10994644792182766,0.09849426348840688,0.25391104719156027
SAMPLE_03540,1.0,1.0,1.0,1.0,0.22750629212077988,1.0,0.8614260622338579,0.4606361809416964
SAMPLE_03541,0.7769160108905673,0.5314905795963898,0.7309987606524969,0.5336836561576255,0.5255438285181804,0.6788990896817686,0.5219463165643471,0.6087071019912019
SAMPLE_03542,0.7435424212948677,0.8386668668182716,0.8047305517275787,0.7754660401110257,0.6686778448399526,0.4731804882308393,0.37350424777637536,0.6396150921205179
SAMPLE_03543,0.8378160055660293,0.36538823413155214,0.43106916334973727,0.2924396889477519,0.3534932449948944,0.48085250934235113,0.3743252704715812,0.4430507612092732
SAMPLE_03544,0.13839948330395763,0.1464340087304615,0.08682464062206999,0.21477840776998805,0.2801979124609774,0.2156353283272855,1.0,0.28983195686045915
SAMPLE_03545,0.8338518960355155,0.31613798793321934,0.5105194249376273,0.27993802670675383,0.5501910552692718,0.4442779095379994,0.38757167103074,0.46530864986408005
SAMPLE_03546,0.8056142059897053,0.11425318535008212,0.26332045770510387,0.04998828841291092,0.3050212791896094,0.4249305542847977,0.2773680206555386,0.2183046112041556
SAMPLE_03547,0.333185835801156,0.5293477222079136,0.12021955639654491,0.836579010188512,0.31330444345381375,0.5494142022629788,1.0,0.3035638340441185
SAMPLE_03548,0.7094688195276506,0.16778107677392895,0.04820658767991877,0.05704628099296934,0.14363043625550578,0.23401765299415325,0.09038190625541355,0.10151116445602003
SAMPLE_03549,0.6487450949959223,0.5679696188234572,0.3922220238296446,0.301798918427505,0.16907877217136333,0.5217376872013197,0.3726059890741661,0.14663297365622005
SAMPLE_03550,0.8018835842966927,0.47657936386185334,0.1670388840003031,0.28417476327925223,0.23332232504610934,0.303242128963078,0.16553657526435628,0.247175541729451
SAMPLE_03551,0.16028083435533128,0.07912481461981795,0.6648960529962377,0.22321174782446593,0.5910048285582835,0.16620801609872324,1.0,0.6598853476400569
SAMPLE_03552,0.8770163252324658,0.22008007271953375,0.24561409950324287,0.1825185574080243,0.1664443052197599,0.5379331774768599,0.28811123647946085,0.15436776924099396
SAMPLE_03553,0.8875174295764188,0.2766312169632276,0.28949974295034453,0.09046981130150117,0.21524515899491958,0.556425327457033,0.2798770087402807,0.17217366102578865
SAMPLE_03554,0.6940247445545012,0.22526659195763288,0.16396439609644012,0.06536933829457815,0.14222605824047688,0.39728390991585055,0.3483550181637181,0.10328677582114959
SAMPLE_03555,0.39014848049212975,0.4398294741511521,0.06927384618298901,0.36593629158373714,0.040009765107676946,0.1734690378751637,0.18158624248855923,0.09044222866793031
SAMPLE_03556,0.8357104687981605,0.2623415071766792,0.3797390808394668,0.2208564797919015,0.2893717869102336,0.5939514880388017,0.3106688315248689,0.27284397592857884
SAMPLE_03557,0.8436472073675007,0.6623589665404532,0.5814413102249922,0.8880618217686973,0.5621424960652195,0.6201845047839432,0.47129236646917505,0.5041859937148256
SAMPLE_03558,0.7995514214523568,0.24828658760374278,0.2783903647415155,0.20878335149064403,0.1358845192590598,0.4066049239202871,0.33545292319425396,0.1822658363049884
SAMPLE_03559,0.6637515708602909,0.15542414801142132,0.33270504588571315,0.07351049619757753,0.1986363055698047,0.5085129807183257,0.3251251475244408,0.22267964823997427
SAMPLE_03560,0.24584274224941852,0.25902664708197704,0.28666760662834495,0.8435977346016548,0.3204029334670659,0.3154533193119511,0.2462149101213124,0.3876839982335189
SAMPLE_03561,0.0813749741146722,0.22136689502682252,0.35489528346653804,0.110272330156132,0.18604820190533122,0.15870255786006948,1.0,0.22801681533914084
SAMPLE_03562,0.787405128843597,0.36245852651180405,0.25704142292441234,0.2105925853038145,0.39923259184234855,0.29398872458234443,0.3869568358315936,0.40172602481247005
SAMPLE_03563,0.5054843662693398,0.705151354322161,0.5473794537965131,0.7693884092419884,0.6112462487285023,0.19839743573843396,0.16549157729374925,0.40718914280175356
SAMPLE_03564,0.5368223239964509,0.49308756608357635,0.2179408757210081,0.9194006990695858,0.3606404210961104,0.30345430942188095,0.07166172039926007,0.22016798018840322
SAMPLE_03565,0.8543860859070046,0.22194311321090396,0.5162943672501014,0.12961704073757446,0.2097528677446513,0.48074624674122673,0.345524217069382,0.20061712500504844
SAMPLE_03566,0.8109847235281125,0.8318025219793602,0.22106279856998662,0.7387234010146562,0.04879617225101295,0.3764093142174004,0.42956500344921955,0.13494530251065168
SAMPLE_03567,0.4962075008501968,0.5765293180030109,0.49774484485727344,0.8056022013200809,0.6316033168346958,0.21456997970366073,0.27753143223953797,0.7194543704237619
SAMPLE_03568,0.12098397308241594,0.24095295605756561,0.1824229141879326,0.40790441500763347,0.5673515170382962,0.18786513938409188,1.0,0.491119906399889
SAMPLE_03569,0.922984355911958,0.1459042254641986,0.3134701862674963,0.11439299101915906,0.2369133134066204,0.31586159669731645,0.22203588811623354,0.2213852640071571
SAMPLE_03570,0.9190187030898905,0.449520406075487,0.7423522276195096,0.40520786702000716,0.8172366474580279,0.42343372541740865,0.18769241599129544,0.8154215258393275
SAMPLE_03571,0.7048156976116546,0.5656748379776161,0.538913417498134,0.7687815051694294,0.48050777247441606,0.351357454234509,0.3063320367432738,0.38573002249335087
SAMPLE_03572,0.688016521107862,0.684237940440855,0.5561540483386879,0.48657399651219524,0.4225471793900226,0.6939174021878912,0.5269877868011914,0.48094290135057316
SAMPLE_03573,0.6102572588392787,0.32297660005444623,0.4735256171002548,0.9126177480639729,0.4491704278152404,0.6700415998857816,0.47488252928340313,0.3642005511266583
SAMPLE_03574,0.01393678348225544,0.12653070137836905,0.01744341695406342,0.07234414779206275,0.06660305479732906,0.028044979661480767,1.0,0.10531621500363811
SAMPLE_03575,0.4256664073010499,0.21958603430989446,0.22521022858430279,0.06513480486627769,0.5474712578355626,0.14727129234043973,1.0,0.5748864362174886
SAMPLE_03576,1.0,1.0,1.0,1.0,0.8989264663963359,1.0,0.8580027988450717,0.939022782177827
SAMPLE_03577,0.7234822199914239,0.1525257679258833,0.41833410301706425,0.2444758655838214,0.26324146173797275,0.4546412217469589,0.37979486347515873,0.298749685420187
SAMPLE_03578,0.8114500673172291,0.29753572198251044,0.4057197014331633,0.25377535620619096,0.21464425054439928,0.5567725080384838,0.42261242240659574,0.3002405538441962
SAMPLE_03579,0.8287178993283977,0.14778192450524505,0.19115426183691078,0.23125797879316248,0.23696065324962576,0.2326560712109153,0.19715601727170837,0.23004837156983324
SAMPLE_03580,0.141074595530776,0.23940816460021774,0.04702373639348247,0.8122744975606769,0.13216329181488304,0.07749674959075414,1.0,0.17866045603026215
SAMPLE_03581,0.3404062678447619,0.3283860279433175,0.21941327130964272,0.9213554082180707,0.6602752402818333,0.22357812577244682,1.0,0.6986993833210005
SAMPLE_03582,0.6789330339173073,0.4279103216755024,0.34483191548502706,0.8724285142060264,0.7974366431028056,0.4689338808307943,0.16205867409689606,0.6925195769077733
SAMPLE_03583,0.732579877345215,0.2925294804634842,0.5127904295838955,0.27215530402449123,0.5506777248374556,0.6871268276003037,0.37714143831093705,0.5321568922123496
SAMPLE_03584,0.4546069464684839,0.4198297468166934,0.2411906798338854,0.479467459428244,0.2536890584603229,0.2643130545926346,0.12675103084009212,0.24121893850992934
SAMPLE_03585,0.8021178348757974,0.4078502989005371,0.2211408049514306,0.3354251648823598,0.45642167276181556,0.3778220433927293,0.3413138467433698,0.33752277113230067
SAMPLE_03586,0.8602178470639241,0.012597249988085379,0.3615745671497563,0.08536865343060275,0.2178068555791977,0.23911515369516112,0.18722809675007698,0.16164779909903648
SAMPLE_03587,0.2351362249277146,0.11061165675410724,0.4075270181151865,0.39575127716149805,0.6959689905247859,0.11787248364055443,1.0,0.6824052490843113
SAMPLE_03588,0.43183116096493324,0.12885220238809894,0.7913257026139775,0.7214802357301674,0.9795242412368637,0.10759834856370125,1.0,0.9730290321692597
SAMPLE_03589,0.7047842525914394,0.32633931535912375,0.20279898960485157,0.9494762509072994,0.7513788004602195,0.28177483953945626,0.1535743985764478,0.28928931105022104
SAMPLE_03590,0.2554178911406466,0.24840851089892285,0.15789803433814265,0.059972800165200346,0.41584909317599067,0.14253090077916822,1.0,0.4570735035925065
SAMPLE_03591,0.5507266433918409,0.40770590579052307,0.44931315826171614,0.8673551811131058,0.7842102882417169,0.12815268606187488,0.08567252385010254,0.714886517862257
SAMPLE_03592,0.782515387484454,0.513937304760158,0.4557474386274235,0.904930397976783,0.3267026343334854,0.552538189334854,0.3697519699950182,0.333442339514118
SAMPLE_03593,0.7416778643629205,0.32027209151835456,0.2557468844645674,0.6613023798929587,0.3691769832686774,0.49312596151074023,0.22806262066536023,0.40288677316443083
SAMPLE_03594,1.0,1.0,1.0,1.0,0.8482338898359529,1.0,0.8564012826229612,0.8661812851412805
SAMPLE_03595,0.287680655604897,0.4213221896193376,0.3203863490277264,0.8039197062224877,0.8619532472982383,0.14680091833403208,1.0,0.7821217304374094
SAMPLE_03596,0.8786517503406449,0.45051646522464966,0.2325981672320402,0.30023142159138255,0.10223718424272654,0.3697863966658172,0.26969010383162983,0.12206636106659016
SAMPLE_03597,0.4209599956834292,0.5140194515415727,0.2273462428158471,0.9093375399309215,0.0799219139849962,0.16757272089071357,0.1411995598488353,0.08982904151443696
SAMPLE_03598,0.7232487273997326,0.4451553505356646,0.2218017411115701,0.15897261981088176,0.17450101237741036,0.4035269132844343,0.3525589378031489,0.09513478627865016
SAMPLE_03599,0.35393155351110184,0.010806349709710849,0.4879474393656427,0.28306020739844034,0.8048995995506678,0.05957379692575606,1.0,0.7780467360064233
SAMPLE_03600,0.6999149192262094,0.30426592664924357,0.4837536970884811,0.36326387012196754,0.5575748214366981,0.6508636302019647,0.4315496996508724,0.6914777568900937
SAMPLE_03601,0.5165015714204737,0.6056250114664856,0.5753929257093638,0.8558291287330824,0.8777125695920228,0.47145618053578814,0.20514917693288987,0.5852327354718966
SAMPLE_03602,0.683862579493348,0.32277976569853956,0.43256626286680616,0.7364494270406062,0.6464413342660787,0.2664390094235666,0.14146848001712617,0.6645938323245174
SAMPLE_03603,0.6373838197666047,0.2454433167260466,0.24426442446462412,0.24446416449076167,0.1405433046161464,0.4959240966474627,0.36090266696448964,0.24275779176697143
SAMPLE_03604,1.0,1.0,1.0,1.0,0.829924074884781,1.0,0.8570725287516227,0.8449644421679955
SAMPLE_03605,0.5250684497435234,0.7318187530545469,0.7345732354336475,0.9370928586809627,0.5408978228947575,0.3240635528640462,0.16313246695008274,0.6561611292139109
SAMPLE_03606,0.33380114481918083,0.3283538114907488,0.16382434946511376,0.6029803069769416,0.464969411947762,0.07353402765966816,1.0,0.3869319785311053
SAMPLE_03607,0.875385137458438,0.25652751146281483,0.03433824887357485,0.10795022090773532,0.09807362861718698,0.17355948154027742,0.14591106602084333,0.01392978979421734
SAMPLE_03608,0.3704230732473029,0.40640318192959796,0.22109016197049133,0.7584051151162554,0.44457484703322997,0.36541037670224896,0.2391978314804322,0.4875463394207929
SAMPLE_03609,0.7129798717178513,0.09953545756248133,0.049308048237553054,0.04796010930044873,0.07727623818641714,0.3503790539300488,0.2908143992212608,0.049975888065188885
SAMPLE_03610,0.5065925874660497,0.38129744293919116,0.1601541988053304,0.8199067379339338,0.37941194704295333,0.500811753935793,0.4423729630843337,0.18949270434885854
SAMPLE_03611,0.8497191034137059,0.1499759112021159,0.27331228004807956,0.09375254631571346,0.1735248712818192,0.3011462013218954,0.2068327282201998,0.1256177404561423
SAMPLE_03612,0.6989837588541348,0.07034641612161362,0.10680086763447288,0.0617061818506091,0.055242769875638045,0.42571800015856953,0.2488763468616345,0.05915542728071119
SAMPLE_03613,0.6343221043069948,0.5111983135220652,0.6725960196604923,0.3553562533857778,0.5226301983769739,0.5319913271304368,0.453673503157006,0.5628651025176876
SAMPLE_03614,0.7484203277855532,0.5266056680648449,0.7265371280390507,0.5304156152666923,0.608747317542923,0.620176567028275,0.41670368157165144,0.6725265987988224
SAMPLE_03615,0.7169231513798171,0.3657218923047147,0.5832207622945488,0.5582677767679181,0.4309198249677504,0.5795956039043976,0.4745679882203226,0.282411884215442
SAMPLE_03616,0.8312784693403825,0.691938021722064,0.6452802514711162,0.3993927722529352,0.46001715005534805,0.5995044317527269,0.4825655649952279,0.3705865182075899
SAMPLE_03617,0.24765664626169184,0.3593754422130533,0.2564474954594557,0.7679017630115296,0.18570737053875405,0.2438947318558257,0.10993808716748671,0.1931351043688032
SAMPLE_03618,0.5391407382869317,0.5641057733032405,0.28509077783952114,0.8170153384727442,0.7071026235263272,0.16013986972576355,0.041089128630618414,0.5272101253005141
SAMPLE_03619,0.7692164527309625,0.77478466653837,0.8301043963642408,0.550220861134495,0.9045627824364408,0.6983748142966795,0.4623088284721594,0.8271011721076941
SAMPLE_03620,0.8417847180819124,0.25941297369277516,0.14043384205135187,0.20468862908040542,0.11432672618134021,0.3960263073042071,0.3634374282892283,0.1272223032366591
SAMPLE_03621,0.6940436142787506,0.5291576012907891,0.31585178246935885,0.6333272409022379,0.2994354555270578,0.4025015701042773,0.26383980886030506,0.17965826339954316
SAMPLE_03622,0.14697587257048692,0.1442084033176949,0.26650407483159144,0.07193720900755302,0.32600367020948307,0.12745568047845718,1.0,0.4104617091905716
SAMPLE_03623,0.6919342319991181,0.7216272222094742,0.29146245452188785,0.7890034664656523,0.36931590208479936,0.5557730895741513,0.41417545864627675,0.28099249575078494
SAMPLE_03624,0.46387160609402567,0.48611740921156377,0.5775721163148448,0.783849235517247,0.7355276246373352,0.04925816409798002,0.09522776753334831,0.4303790247681165
SAMPLE_03625,0.5464954643123343,0.5329704458149578,0.7640764045969477,0.8619364610590278,0.8906735153262128,0.37395583541815147,1.0,0.8622422325939089
SAMPLE_03626,0.7412111553442788,0.2262407116316294,0.42217135709513365,0.463982030741559,0.35775154593034053,0.5490650785870389,0.27343630905304606,0.2621014999102696
SAMPLE_03627,0.8149478236084238,0.8142452773683718,0.3393765170475029,0.8607475109316374,0.3546349973763136,0.4120302332209324,0.18440581705702527,0.1997154981748275
SAMPLE_03628,0.593451579257389,0.9046213278403431,0.7688093510570141,0.7585011987281223,0.6189639649185477,0.6999034646179947,0.7831197250534332,0.6597790626889538
SAMPLE_03629,0.7026205154592164,0.6748693615702166,0.9116467429150401,0.7902097505506076,0.6724108295884005,0.16248613290160485,0.10504699245427469,0.6818853454705248
SAMPLE_03630,0.4087062150459,0.35532339234650195,0.1236355222278964,0.8671291173797074,0.2252084469756096,0.4182827429473648,0.4018715553235861,0.15149995912588402
SAMPLE_03631,0.5004543834349262,0.33462785154742586,0.3239570253331673,0.9358708332037021,0.1449889407679566,0.088701209413706,0.06255947754251208,0.33579123629576113
SAMPLE_03632,0.34078889426813563,0.5966009935799177,0.236787408892349,0.9755470957779231,0.0598905859575664,0.12626374637243165,0.12020620478081619,0.14532350773186797
SAMPLE_03633,0.34034235672789154,0.05137584747191455,0.1355310043787145,0.704457946165126,0.4940357121856619,0.06863763444364139,1.0,0.6217513085521097
SAMPLE_03634,0.7491482085482922,0.19508358612160215,0.2047716332068479,0.10950582280822785,0.18973464435748583,0.3773844260338846,0.16478192344910286,0.2859812017111101
SAMPLE_03635,0.7715517353202399,0.47478827603776635,0.6168285016478992,0.2883751106852533,0.4026102899074992,0.48522845988048363,0.40185303576782233,0.35044347807885307
SAMPLE_03636,0.8191507719193309,0.7326731231406471,0.2925423672283774,0.4525126696879541,0.16873431438364994,0.4860286991790179,0.30660315846799646,0.18032000502423606
SAMPLE_03637,0.7846154443775155,0.6143011176056737,0.5762589617473133,0.9271501421876961,0.5532878614530962,0.6352759543049739,0.42788963934952434,0.6216954208999445
SAMPLE_03638,0.8980186283283882,0.24608941874127552,0.13757732515372934,0.17188639507152007,0.13653748204038363,0.20249064936129016,0.2804156179761331,0.09877379304733601
SAMPLE_03639,0.880049115644341,0.3519791862051907,0.21486554587983053,0.06239593554769326,0.088813257934457,0.32258430554519724,0.2124839916853756,0.04650647845474812
SAMPLE_03640,0.8121451384336978,0.489225443045022,0.3630154210638977,0.8768649414716825,0.3827936295005346,0.544877030199551,0.4322174630487171,0.4450731849462443
SAMPLE_03641,0.5374780243764137,0.793722832470475,0.7804501716789505,0.9297582586466484,0.7259308844707048,0.30417977586227524,0.2383778359660348,0.7246925378287425
SAMPLE_03642,0.03542233215979032,0.19462543792250087,0.0661306156498056,0.12675895477613613,0.27234579817932564,0.27986334253883155,1.0,0.2896011199675135
SAMPLE_03643,0.9036176758575715,0.26797955050825073,0.3417887236813529,0.1453820246087275,0.4061513836017854,0.5915217042740816,0.46575739666066623,0.37712569720644884
SAMPLE_03644,0.34435347368129837,0.23627231771361437,0.3702739883656911,0.2598264285874419,0.4452852796991525,0.23454708673999558,1.0,0.3803920789611093
SAMPLE_03645,0.7316208949474894,0.40486219368175197,0.26280779850754277,0.8939633790685508,0.2583685506990431,0.46302430293941244,0.4298068519285749,0.5130812602421173
SAMPLE_03646,0.7318730900839042,0.2989243085088116,0.2826702158162453,0.7834557926428612,0.052527372198676966,0.18138726794395346,0.11089546948974158,0.04751267388232479
SAMPLE_03647,0.7916125973889955,0.08689001482673545,0.2808546408298541,0.07469584577102198,0.28814810107405303,0.28567060213053624,0.1807174697102345,0.16001177605363143
SAMPLE_03648,0.7647782528168818,0.21241633132370932,0.22864743054026648,0.34836966652392387,0.25044796378767364,0.4317489018078873,0.3237357910381451,0.20631983897895323
SAMPLE_03649,0.23776629220306875,0.4837144441663945,0.2176496975727566,0.7579805113834573,0.5256640529780533,0.2032371136097826,0.06679198967768497,0.43643643840610213
SAMPLE_03650,1.0,1.0,1.0,1.0,0.6526172742589105,1.0,0.857530831412983,0.762567911097619
SAMPLE_03651,0.8268505726210645,0.08515069849687412,0.0879013619178815,0.035204719094311485,0.14840629796568228,0.31528226123546915,0.22555360645943212,0.1383229996193795
SAMPLE_03652,0.5522255486465493,0.5506040384922618,0.48678062029037394,0.7023522866061508,0.20384713070932978,0.39097753242027555,0.24718849704493173,0.21190426887313388
SAMPLE_03653,0.7675839975944884,0.3982230528951208,0.48529112451256473,0.2979934255959616,0.6247366847327617,0.28458639720632545,0.16389600592032125,0.4357337654049487
SAMPLE_03654,0.41484611393389526,0.6706842676630013,0.4594129473025211,0.9495810048345622,0.30637274086579264,0.1834407320317653,0.13444034405380967,0.4677818512011428
SAMPLE_03655,0.9092161654676791,0.1562375753739036,0.359993190460891,0.1934442299911766,0.4421895969861647,0.40518939689618944,0.2561677251984241,0.3996217430960041
SAMPLE_03656,0.6823371254311127,0.5185619552294286,0.8560461645605617,0.5716091045786679,0.9175844530547917,0.46389380932568053,0.3143460819305812,0.9438307820444231
SAMPLE_03657,0.8270863246343751,0.08428527267063672,0.07371455523688712,0.09367775654222603,0.0841324522479861,0.2299114720142571,0.1984013742554787,0.14215237158724683
SAMPLE_03658,0.9145839541273254,0.27962172861106876,0.4626312397707238,0.18280479563332083,0.38325276173613176,0.2655430235264931,0.2585078175069568,0.3589776418395774
SAMPLE_03659,0.8522853700251497,0.42897567931389635,0.4162187657514585,0.5172640786548325,0.31419276972420107,0.6094989758590109,0.3545940896749895,0.44911234670978417
SAMPLE_03660,0.8672186072870004,0.20256196568166804,0.45224539729494295,0.19336231526269199,0.45610550394934074,0.4532272395003785,0.22033324021959824,0.4590861522165664
SAMPLE_03661,0.9232184384948348,0.04590215038302334,0.048992544496726846,0.008904542734382568,0.05777453213156154,0.20663400887338854,0.08615508281171919,0.07110146469046141
SAMPLE_03662,0.1937136819100358,0.11843091389562911,0.405604780603038,0.1621559148869251,0.347379636289984,0.17412427104789963,1.0,0.3734413990095007
SAMPLE_03663,0.6859616830166196,0.5395538974232349,0.683029856071544,0.7290824825668912,0.7664471494029647,0.42737319854724254,0.3043295319967253,0.7770101816162073
SAMPLE_03664,0.9460846137743338,0.09280383198874234,0.35339615048649403,0.14603146763415223,0.18622447510384962,0.25229961987763233,0.18002993953354463,0.09243159859997954
SAMPLE_03665,0.8534500647712044,0.921953358805795,0.9753736156811965,0.8379154662847969,0.9855868829477804,0.7450696439520568,0.5129491412450794,0.9769191234248531
SAMPLE_03666,0.4952660845346647,0.3933289430408078,0.35714628041740176,0.7982782670797383,0.4210272693463281,0.46349781261693135,0.19325780206070164,0.3055473898265019
SAMPLE_03667,0.7286117819990272,0.6281861664554622,0.3565285724461572,0.7535821607784305,0.6543803450349991,0.19674196272980232,0.202332608745684,0.6209884357319059
SAMPLE_03668,0.4268241602456275,0.5507937383930264,0.2430891227383417,0.3769140205120559,0.6802657972094175,0.35761499401506713,1.0,0.6373203715727744
SAMPLE_03669,0.8770190348802478,0.3117412882158677,0.22354582123410427,0.22738655827809268,0.2362908223136165,0.45686264335613225,0.20936904642953252,0.23444222127956618
SAMPLE_03670,0.7010824248825822,0.10879039657604052,0.11217069710462275,0.15731148925175248,0.04118040450954921,0.2804124664155853,0.45414711897413407,0.05931898625284981
SAMPLE_03671,0.47117120476927943,0.5984336648032345,0.3678004968130592,0.8990105828639979,0.777012499528649,0.17131042284039122,0.12952350114816086,0.4477532164094651
SAMPLE_03672,0.31018151774252606,0.26510392319399206,0.19478175936551834,0.1715416999955928,0.4530966400427865,0.22101451235869268,0.18693141504220795,0.6210943212439186
SAMPLE_03673,0.418229288330907,0.2514548805088703,0.3494296300478711,0.8269512862054834,0.23098420861854044,0.10528571580632248,0.11181414899400098,0.28508625162257467
SAMPLE_03674,0.7013111358494691,0.4778160255377029,0.2944898747289327,0.2757740019825854,0.288018983120532,0.5720496520791662,0.23322696592345457,0.2652708879747273
SAMPLE_03675,0.8795847407254463,0.07774560119114415,0.05930752724282593,0.04141509614548756,0.0253401020293451,0.3718788442908422,0.24892551076386968,0.02431826550973475
SAMPLE_03676,0.7995451799574769,0.2248038474452762,0.5005542661380438,0.18451607995003885,0.3364462525477529,0.5113519989946698,0.36583972186634706,0.23242095933903717
SAMPLE_03677,0.821713440208032,0.29443055578335325,0.5460308582136688,0.18720159897823302,0.45224155128755406,0.511090902414161,0.4207482414213484,0.3949986713056475
SAMPLE_03678,0.8014171230152247,0.5764312635181489,0.627706185875156,0.8620263207854487,0.7248658648239136,0.6511932913377602,0.539419552939076,0.7629466630993669
SAMPLE_03679,0.3880190522788202,0.2443390929814145,0.6336734847346248,0.7014021641860864,0.9201415690390209,0.22402681368541388,1.0,0.9170120365358301
SAMPLE_03680,0.8900830212745776,0.15198802671223907,0.21341793596245262,0.20198002863225845,0.07697732899563839,0.2400498667742969,0.28668990537561606,0.09828774416668122
SAMPLE_03681,0.7083066282768797,0.3486466057686827,0.27088139723317667,0.9426703330455837,0.33984508349089576,0.5156384721243831,0.3560187283063625,0.38280546027306284
SAMPLE_03682,0.4599314697739813,0.3634215966958494,0.33651542678441454,0.30824264346881103,0.5066075059220809,0.2928634227803849,0.21080144075256446,0.4517563845757357
SAMPLE_03683,0.8723480459418955,0.5624856262602749,0.24189760788185935,0.46639363383550436,0.34808681860491547,0.41096281761014775,0.3161150084127556,0.16163198641820345
SAMPLE_03684,0.8893760317226936,0.11969813592342098,0.13421635268485674,0.047285911387824286,0.10441051067838725,0.4427544083683347,0.2777876459402591,0.18978841427164198
SAMPLE_03685,0.777381446371556,0.5915127394971076,0.648282528159766,0.9043181125263864,0.6803086205295916,0.6874270588814875,0.5043785046143531,0.5943228506997151
SAMPLE_03686,0.7051703896504953,0.6475223183783793,0.5377764423159137,0.8964664616261951,0.8590013130762169,0.4874351251044038,0.32558445897315447,0.6107589576906655
SAMPLE_03687,0.8947521461418925,0.19693151959075034,0.29535146854440053,0.10362201958604159,0.2725037644466373,0.335621908193405,0.25560116884480694,0.16447747618008002
SAMPLE_03688,0.825217794608652,0.19361068373363752,0.20260206030470154,0.062075211282798505,0.252852017994171,0.45812324100845764,0.22363868226957728,0.24498772371927208
SAMPLE_03689,0.6886643819274899,0.24350908300236618,0.17546627684698873,0.11658768147774234,0.2064171647664179,0.27863716992552323,0.27692934054064683,0.19409931764269425
SAMPLE_03690,0.6280517223713783,0.1536860266171132,0.15045554989310983,0.1608999499105381,0.20629058187738308,0.49604638805028917,0.33935620790619037,0.20813277147477838
SAMPLE_03691,0.2009998869143383,0.5251007804196112,0.6091327811517281,0.8667872633656336,0.820400661051591,0.2217184071126314,1.0,0.8247251998185634
SAMPLE_03692,0.7421453747684033,0.32189247211980954,0.12171333277427614,0.304285996008833,0.09993325990386076,0.22508442445605423,0.17392404595209204,0.07725319462164282
SAMPLE_03693,0.5994423290477778,0.8123896676805406,0.7817929456372678,0.7486784734212963,0.8265458215146795,0.7052424423025536,0.6681480831665141,0.7366264371858495
SAMPLE_03694,0.8700164440894436,0.10251729748039355,0.4797255227365259,0.15704815848028617,0.3344386214254852,0.6131256670826514,0.32932861843460254,0.22938998453924603
SAMPLE_03695,0.9001177102144963,0.0757887833436291,0.31854774706113226,0.13466819438078498,0.23927107015889773,0.27310899300226826,0.23910632813298613,0.11668747668312295
SAMPLE_03696,0.46370662594691575,0.3503122017406677,0.3910735327910146,0.8163768893549364,0.5347047684032791,0.3219791379582515,0.33772246685998414,0.5476596689536309
SAMPLE_03697,0.37981806969275383,0.29680837204902977,0.5367414136216568,0.38477251247303096,0.3013978705851656,0.5111778135344439,0.1533619624705264,0.21533715590793065
SAMPLE_03698,0.3433994362858376,0.5059877307911544,0.4663293662078495,0.18169956576694304,0.6521268889689494,0.1342225221991186,0.09546586138970821,0.687727985265991
SAMPLE_03699,0.4902305521449687,0.6317779528719107,0.22976270929552797,0.9014115334202638,0.2536606746723334,0.158256415150643,0.11647571545083889,0.3558085683866021
SAMPLE_03700,0.7750491104621089,0.19302170062378385,0.3037838042564774,0.3887352903934797,0.25062210726514916,0.3449797610690628,0.4516353592814733,0.376244305682664
SAMPLE_03701,0.25782420283359847,0.4776918769906174,0.44526918677977795,0.9431001386540792,0.336221176699221,0.4187593717975719,0.260336667135781,0.40652154886462954
SAMPLE_03702,0.9033827266950095,0.6484442993676894,0.6368263560443566,0.3623603238199206,0.5750826944363469,0.6803396818057521,0.5295083057824412,0.55825609642857
SAMPLE_03703,1.0,1.0,1.0,1.0,0.9776703986753714,1.0,0.8535805684205856,0.9764928670104479
SAMPLE_03704,0.7330489408982083,0.4096409707933614,0.5778866868059771,0.2861176403662675,0.7794948885185469,0.6467205325422036,0.5054633278063938,0.7929244658957905
SAMPLE_03705,0.6967974578472474,0.7269882510284913,0.5636867696965243,0.9311746540513212,0.6522054297026174,0.30937843527853054,0.244205661489977,0.5760232280975416
SAMPLE_03706,0.5047342793485536,0.5889325534592393,0.39440223793937795,0.9620191626461893,0.1177522057921422,0.03806619181018899,0.06419000622336764,0.27776395200158593
SAMPLE_03707,0.9026845551769246,0.292737617569519,0.18340022165635103,0.1644884330197209,0.16903885597652973,0.3681775383746688,0.22202884030242787,0.11075059273153161
SAMPLE_03708,0.5693012449447051,0.05001444659117191,0.22838641214269614,0.09823677273136529,0.33692867164510654,0.22336617917364732,1.0,0.419894703633827
SAMPLE_03709,0.9071177790053606,0.7696812902745387,0.160059730071664,0.5114450695934996,0.10387757489311933,0.3297648395750744,0.19264601076086865,0.07937109500473014
SAMPLE_03710,0.8562526315428187,0.10026337218486557,0.14568389771745074,0.06735269591860173,0.13154593162747888,0.3316950987672323,0.2793892012309901,0.1215995714518552
SAMPLE_03711,0.6997101219411518,0.8753540328479171,0.6060024914111665,0.9266549686526732,0.8384661931287813,0.20584198911314996,0.16943340479782784,0.710664008898834
SAMPLE_03712,0.6872872582953354,0.5335603717194989,0.42252609880521413,0.8719222659760115,0.43160484529657683,0.3865031346073173,0.17650515008563686,0.34811585547019447
SAMPLE_03713,0.8366525028290701,0.16086020254176392,0.15652486231722282,0.1050247324949512,0.2805029994262116,0.2700422996090236,0.16482025589604105,0.12759610265439503
SAMPLE_03714,0.8100484224260958,0.4531593169706534,0.8040325476576741,0.37488626020097654,0.22315469020619336,0.6275401273366797,0.4526708388421178,0.5081312952805375
SAMPLE_03715,0.8487850056959518,0.5872943768794634,0.2385443181990566,0.3556889285521263,0.1687204457003704,0.21467359253063875,0.13617250074274354,0.32522378051829887
SAMPLE_03716,0.46567917801068504,0.3017345751336645,0.44024139704748794,0.9682518624236462,0.7739193212191845,0.15499538335021473,0.1283950774460368,0.6937105179069646
SAMPLE_03717,0.8667504697724201,0.06340984861424438,0.12521990083213402,0.03461261206464661,0.026114594594637566,0.2206570864260323,0.1634051901717118,0.06592162864280057
SAMPLE_03718,0.8287176790616367,0.18446500764858575,0.3482204999160369,0.13783944756105973,0.2234185578744538,0.24610850021855987,0.2148054896282988,0.12438120186488145
SAMPLE_03719,0.6299035956507512,0.45136587826861746,0.5590456396789806,0.6956328699872629,0.7685605130410521,0.603242136710002,0.5026742832635025,0.7750032960344369
SAMPLE_03720,0.7619750677194013,0.481576536136563,0.5817976010209822,0.3468546661884707,0.32788824503958136,0.3617871811698194,0.14801492785577391,0.4450687260788356
SAMPLE_03721,0.2586046320184611,0.15102612258011017,0.1924758513249205,0.03905995233914675,0.27392772004885385,0.20143676394195928,1.0,0.35695289677952585
SAMPLE_03722,1.0,1.0,1.0,1.0,0.6716916023976615,1.0,0.8603457026426492,0.7875625794996827
SAMPLE_03723,0.11811853316676829,0.20340568533509726,0.09039499860296794,0.03432246035370202,0.3287093144119824,0.1274549293824274,1.0,0.4114745019885583
SAMPLE_03724,0.5456276624888066,0.2622863693856537,0.3313607693343634,0.8608683661709586,0.8186959482895234,0.29105192904234306,1.0,0.8606926023926204
SAMPLE_03725,0.44964984527703633,0.4375288876604745,0.3733949659191735,0.8743961785274774,0.5439452575571996,0.46401548666678194,0.1971954503074294,0.35196925069030693
SAMPLE_03726,0.6248872218958023,0.3590488762868811,0.6505904834730135,0.8494877952571918,0.646352593849251,0.4903858975093462,0.4056004139609358,0.6108036256042657
SAMPLE_03727,0.6653728949025707,0.6341021835171349,0.3633900555886919,0.39258663163341184,0.46150770739316804,0.4598912374358011,0.3966273814364609,0.3740798579883792
SAMPLE_03728,0.5149099513890413,0.3840712034800978,0.30069985678587385,0.7331501356218509,0.3863606516052267,0.2945977978758187,0.22170849701602088,0.3377510434352183
SAMPLE_03729,0.53018775046265,0.9284461904739424,0.8965181995830317,0.8779432344572184,0.9578247388299393,0.8151685632937923,0.10504187352908761,0.9796142904444495
SAMPLE_03730,0.678866359499897,0.7081326388876695,0.7000803146433506,0.6323658342677719,0.9014158769105423,0.3141842618258543,0.3504358785916796,0.8446495242035398
SAMPLE_03731,0.7568408436026581,0.28012473037966795,0.39149710990116676,0.23225008755952387,0.3863588178740053,0.49167215718652735,0.34568278155148763,0.3088376435201563
SAMPLE_03732,0.6854935856799018,0.11769206233650838,0.44389942300853985,0.4801478703059997,0.8872124810820619,0.08472925312025716,1.0,0.926135315648491
SAMPLE_03733,0.2115193363308192,0.37110348562036,0.1717635492206075,0.048215182410399,0.6670765599226172,0.3302379749135316,1.0,0.7098033550304012
SAMPLE_03734,0.7206724021754378,0.683140942098162,0.7825087999025776,0.7609211479272683,0.5126168404061214,0.5945059843401936,0.42179331682003113,0.43299000049546416
SAMPLE_03735,0.6939073808021937,0.7490477672419319,0.5167192321207015,0.7539259140713389,0.9620527025893924,0.46939350171498356,0.2569630951607061,0.599885522492899
SAMPLE_03736,0.8364120591365765,0.6456048191857208,0.48309522901281626,0.8951143647085866,0.35220863879182607,0.5802107565719675,0.3719549029364976,0.46443786824755273
SAMPLE_03737,1.0,1.0,1.0,1.0,0.5516303151337213,1.0,0.8559726715060304,0.625502511473434
SAMPLE_03738,0.8478481287592557,0.04619421906089957,0.16907464685621984,0.05543775504792793,0.1964719248359291,0.26055904080576653,0.3167713081584868,0.17063731269204813
SAMPLE_03739,0.8294176019916256,0.22754213745520788,0.25579708630774056,0.2371470849239713,0.10858298354188493,0.5710460078921822,0.33674581097739265,0.2615639634496807
SAMPLE_03740,0.6849287031435964,0.6500312399726018,0.2025343122517098,0.3679443862413705,0.051579417609694804,0.37701592666435063,0.4235825948218945,0.08369359386028909
SAMPLE_03741,0.7181023010325526,0.14289734981509675,0.263019532436538,0.11633702680236227,0.22930112799007157,0.4408361188710095,0.2971107598856972,0.20009410800228752
SAMPLE_03742,0.7724805249899416,0.17380816509456196,0.09422141442659637,0.11865299506942642,0.14123235787436594,0.381889335065051,0.2807751724177385,0.20587960769082547
SAMPLE_03743,0.3437588779256624,0.43991000439779904,0.4817246622614418,0.263974842206752,0.6942124619127629,0.13935773576897037,0.05602906276557811,0.63653914321442
SAMPLE_03744,0.33771222880045043,0.5267615775165607,0.6115464556443249,0.7727898195271667,0.7703175924957111,0.3185634721552703,0.25088471243435284,0.7642550167188779
SAMPLE_03745,0.47700785591876077,0.2025386588957658,0.20086101183326488,0.703584710530546,0.4741702014936604,0.06862718259249893,1.0,0.5090491671812067
SAMPLE_03746,0.8431843438964666,0.18530411579661346,0.2997027506200887,0.18952982767979626,0.1684078230287024,0.3770762957362009,0.28713109147269406,0.09585703408075386
SAMPLE_03747,0.7241498351254037,0.7475288302164043,0.6607173006967133,0.5160631046640105,0.5181694841219525,0.4876261547671594,0.43436618806455213,0.5704437693702238
SAMPLE_03748,0.2850964512125315,0.11551477349630518,0.09059621780207493,0.08527863272989845,0.3613182538163882,0.12103348736022462,1.0,0.3815185017881612
SAMPLE_03749,0.7685112114266006,0.06423931101440987,0.3727579431683565,0.13322317615650667,0.3499392461794212,0.2709954917164864,0.19117506796641623,0.16604018693690747
SAMPLE_03750,0.4246752822288801,0.5906868728293072,0.5836341956230596,0.8141853187042815,0.5211960718125711,0.40728948697157885,0.2352952795777093,0.4718615690707078
SAMPLE_03751,0.5100848393029114,0.036217744979717074,0.13220810846219416,0.07942752260636424,0.736492646637241,0.0231312814813482,1.0,0.7380311456067619
SAMPLE_03752,0.1582255009854059,0.012067225379678019,0.06011858828186362,0.05849587442313204,0.31663839951476114,0.11067874985025575,1.0,0.34655019106003104
SAMPLE_03753,0.2342012732923829,0.08493921491386448,0.1562018973434824,0.329857437776483,0.19642532761824927,0.0945342534296728,1.0,0.192006103063226
SAMPLE_03754,0.03414076475463434,0.3368360624054067,0.07406884277296667,0.7712900515957365,0.2321948053344857,0.2690774866858028,1.0,0.2591588021137474
SAMPLE_03755,0.7332686644232091,0.5607507126782223,0.7561994282485202,0.5173002190422119,0.6912445933655732,0.5849878658594702,0.4303404227546146,0.6152470621611312
SAMPLE_03756,0.4543919025772657,0.40549717524166995,0.18866422753015066,0.8930196246875765,0.1710322870770371,0.1683329979344575,0.1696867468665634,0.3120933188153066
SAMPLE_03757,0.8459845432793869,0.25515731800755176,0.22275059719786183,0.24273455389500656,0.5042431256992753,0.37724379595543334,0.34775287504954916,0.3612876267453976
SAMPLE_03758,0.6520694678766767,0.6387750947785173,0.448249420540587,0.7927514885346775,0.31790678297262603,0.5192938036520481,0.3906253546083198,0.3645212222905866
SAMPLE_03759,0.8333856793793648,0.7510490632839829,0.25294589802749945,0.5248621334252384,0.23460208780078276,0.2694748971747102,0.20655945484572819,0.23594172814252423
SAMPLE_03760,0.6680306013747694,0.8471573727740827,0.78523280658375,0.8272020746218707,0.7127905242862163,0.43654468328894175,0.43577892626292136,0.7348619142811736
SAMPLE_03761,0.7731781884127397,0.34768989184142096,0.17807595853342792,0.25470354151751023,0.2591443304345146,0.4992701433230587,0.32167141250676135,0.2378004702142347
SAMPLE_03762,0.5243923490492293,0.4192014563271571,0.22782096573555946,0.3497404966644286,0.4617874914087838,0.2604369148070616,1.0,0.4666083646610461
SAMPLE_03763,0.6602390927076174,0.23010296306090938,0.39360816724806214,0.17210133317018445,0.4401824232688072,0.5426540009548594,0.4383216115537179,0.32654924146857545
SAMPLE_03764,0.7381761860540738,0.5076777328915346,0.32084357987032647,0.8780640990875421,0.15010731300507762,0.5309242315296149,0.4613916084211878,0.24053436087987098
SAMPLE_03765,0.7577819562409316,0.2546689793823987,0.38961699608886313,0.29348359475993546,0.18010464644779225,0.4849497524523366,0.3145608856290684,0.14528959854677626
SAMPLE_03766,0.7232466994573562,0.7209629241228721,0.36285768566639043,0.32771084089378955,0.3566212627312056,0.32241267081366454,0.23633165412473292,0.22537841608787923
SAMPLE_03767,0.8158843536625345,0.16093299098362532,0.2814418453182808,0.1337976793220875,0.08388423741693089,0.3100652067224921,0.2772843717972813,0.20269692839694506
SAMPLE_03768,0.22954451772073364,0.10040356757258002,0.05953061200893204,0.8268642351755704,0.10469791943860042,0.2378319502942832,1.0,0.11845119702578918
SAMPLE_03769,0.8700172769118936,0.05787204874468129,0.27475965729306373,0.026956592875057247,0.06977955329183289,0.37273085924652144,0.29802223859817656,0.06221149309391254
SAMPLE_03770,0.19212376672296338,0.2996678585831104,0.11867035257078588,0.8997909596782591,0.3897475508047068,0.2805252819166138,1.0,0.4490138324517005
SAMPLE_03771,0.7503153105162712,0.2077554659167798,0.2803106225327813,0.2144206722164548,0.27648189377018606,0.35279852280630647,0.21393406435698709,0.19355896842734158
SAMPLE_03772,0.9029103221601358,0.22719963050032085,0.46155366137091536,0.34097786092129445,0.24701873994621168,0.5015500257412909,0.2766152952692086,0.24219014394186195
SAMPLE_03773,0.45103919278216115,0.5020747628691892,0.2985322392845335,0.914595159816527,0.4897202413841295,0.27834697338269543,0.16972478840754274,0.4582526752199742
SAMPLE_03774,0.478444194184766,0.5734073002621979,0.8408772211051599,0.8662749105037846,0.8814930116013532,0.3905393051415351,0.3352138403376904,0.9195871559674721
SAMPLE_03775,0.8903180207959928,0.28592207280960175,0.3917903008481182,0.3819474131104672,0.23754957482476224,0.5379533524421288,0.38576523907655325,0.36275357338629055
SAMPLE_03776,0.6950146738456155,0.2844423264465548,0.15491869692025723,0.04577887525741854,0.21065665993281993,0.23573504101786324,0.35377698642934235,0.2630969509441975
SAMPLE_03777,0.5201032033518743,0.3746552835308695,0.050397041935581345,0.4539373897793743,0.21602002808275916,0.1890346974984095,1.0,0.2584111163043688
SAMPLE_03778,0.7090072500457599,0.20816370468896495,0.23070517358855008,0.11413614105202073,0.10115912186367351,0.5178726512419597,0.3562155116585057,0.2263217363438575
SAMPLE_03779,0.7610514907958182,0.18737606727270065,0.32781295335306526,0.11480813104357239,0.3376131183276438,0.42649661822086593,0.3057864807891815,0.2983505769692753
SAMPLE_03780,0.5780716246531513,0.4643587061034891,0.6230532777963034,0.9020316543508523,0.45905527985846967,0.7105029412792654,0.48049488478695457,0.33521397303386935
SAMPLE_03781,0.506250666055321,0.03820896114948204,0.2718557256004023,0.7412869630609195,0.7723172965598264,0.11063824239698086,1.0,0.7874246908518315
SAMPLE_03782,0.689242490864823,0.7042840230755409,0.26594140559179463,0.8148089866348124,0.766122639909741,0.35332633715499806,0.16102902097677874,0.6285754028198526
SAMPLE_03783,0.7981464871238061,0.4354829528006204,0.33501330134267016,0.1944537634550532,0.2565905492247325,0.5285048254777139,0.2131607373225445,0.16281499914317468
SAMPLE_03784,0.8583492848962091,0.35739010536426113,0.6008501731791316,0.36796614489770696,0.3602350316944668,0.48925729573173915,0.25861233359588925,0.20871235687045042
SAMPLE_03785,0.8996526251043331,0.5275070110239701,0.7713541750654,0.7354644268817818,0.7270960076553666,0.31450839048390833,0.214591300277095,0.7099085803488768
SAMPLE_03786,0.7115017925751485,0.6152703118891931,0.4723205779601498,0.8960122160491181,0.5611203858484276,0.15311457727035097,0.1600999489481024,0.6476206652375038
SAMPLE_03787,0.739005247579111,0.8325101295470989,0.4687385050404463,0.9537426367226212,0.6972566630125787,0.21308374777172315,0.10409170270066707,0.41875239299234396
SAMPLE_03788,0.9297502695255967,0.5711267752710597,0.253117557738897,0.33672084896795346,0.2387323173302275,0.4306868032644964,0.13212601759110662,0.17539641868824474
SAMPLE_03789,0.5269783735572933,0.4578055960664716,0.561326696800715,0.7171962352436831,0.7100678106598176,0.47443212626690917,1.0,0.6912393079975141
SAMPLE_03790,0.3431631324448392,0.47190986681226454,0.29155521712595184,0.9729966340946761,0.5015774812854928,0.31867090009161564,0.1386333496643376,0.5113341017462726
SAMPLE_03791,0.7486830012126273,0.029848180426605076,0.18002711971982244,0.01248866156068158,0.16979170754278944,0.5325138513163632,0.17042060014538737,0.10229695938288128
SAMPLE_03792,0.645998642494618,0.3945569661171019,0.1612075032047404,0.4556461754461757,0.26846996413483204,0.56736676104933,0.4895442659806063,0.27034277671127355
SAMPLE_03793,0.4586796673534762,0.31249739018776707,0.6488421207979302,0.9281953445147865,0.6493704184485555,0.29448565668828774,0.22034949339174206,0.7877881315479426
SAMPLE_03794,0.45718257907865534,0.11657341844532029,0.705011923015004,0.4491127894465649,0.897892533029297,0.4347594439865599,1.0,0.8691187988378842
SAMPLE_03795,0.6767258979837326,0.6542327533489588,0.8575899157613642,0.9051711073833694,0.8984268427964847,0.6898945139254441,0.834989360749915,0.8898381555398006
SAMPLE_03796,0.8298825854622631,0.8926814980366866,0.9586533500440274,0.7629582488067718,0.8421947035770624,0.7086825273565224,0.37740756167214723,0.5821938349433113
SAMPLE_03797,0.3823359531859195,0.2826742859372256,0.14247634105569207,0.8230635259011574,0.5179007189095721,0.15101371809233094,0.46041494305524894,0.4501242401883151
SAMPLE_03798,0.7241628899658457,0.3879928867028456,0.2755412293261692,0.12512584850198327,0.4031950296182943,0.3604569522575698,0.3165044582298251,0.3602394478015285
SAMPLE_03799,0.6758754777126582,0.5168539492221588,0.12192424058070357,0.39793858232602114,0.02040594271067306,0.3913883350416034,0.35255016922064114,0.03543956020846629
SAMPLE_03800,0.3887701032260023,0.6012412754066481,0.21986965820903728,0.4823782395095137,0.7509187560403487,0.3686455199051594,0.26288706388617944,0.5920987127653958
SAMPLE_03801,0.08202428526634159,0.10277328097865401,0.01796258167567927,0.03748888087162229,0.37985340658705696,0.09012816842545594,1.0,0.486165585714832
SAMPLE_03802,0.18686699103226936,0.09601845681265,0.30044034210029713,0.20375427723832273,0.8222779958655573,0.13256791120265243,1.0,0.8749968646567697
SAMPLE_03803,0.7594066652451958,0.5274794020727475,0.5611420520659813,0.39681627827619753,0.7329980309688975,0.6029442864083512,0.18292451676910326,0.5661020023323933
SAMPLE_03804,0.508107619810965,0.4034620532435631,0.14973585078899687,0.9291847914920847,0.3590027034283141,0.44256009605429714,0.22684249741785212,0.19684639752812227
SAMPLE_03805,0.3544685756051847,0.4034601394657835,0.5517552026252353,0.2615929368442424,0.7290174465627388,0.297163741202735,0.10457897514812302,0.7292184955561307
SAMPLE_03806,0.7219298274093272,0.5939048086448403,0.5269597931945362,0.8595393708354704,0.6917599709321092,0.19397006220187968,0.34611623906975103,0.7031736576240954
SAMPLE_03807,0.8088834243819409,0.14990534549273538,0.21155402074134677,0.1076176816113418,0.22099982430349321,0.4263021623975226,0.1650238297376299,0.23313166850091305
SAMPLE_03808,0.7159789568504521,0.6543888307312646,0.7116736909559398,0.7107361663415686,0.6360430494632794,0.3001630244513477,0.08404035237525485,0.6579956234945222
SAMPLE_03809,0.5594073369937707,0.5385691035230153,0.25394051978577753,0.9668617423210035,0.44166681508606753,0.33592495924444277,0.1836949775447049,0.35223121950751524
SAMPLE_03810,0.7334957963850923,0.290505914584216,0.2006558855661702,0.12476260133255011,0.1930648686183952,0.2469033298797226,0.2537242766891044,0.16514666780734275
SAMPLE_03811,0.40676099128942705,0.22650158624632744,0.15356029093775622,0.3215692348098001,0.33555864899287363,0.11949479048356743,1.0,0.3676616875593379
SAMPLE_03812,0.6208026778583283,0.3394339357504359,0.4501221882482868,0.8680148317730809,0.3889657241719805,0.5992122801870223,0.4648483334854109,0.300733305284135
SAMPLE_03813,0.18832372665077263,0.01766816548471472,0.19962761745582092,0.12916504951128577,0.4737656151324304,0.045328859385620104,1.0,0.535664839522569
SAMPLE_03814,0.8037479477536793,0.4107812961857077,0.36333950500378254,0.35336955334104514,0.13655457698012294,0.3115297997802811,0.3607464450088047,0.1481942374830606
SAMPLE_03815,0.21804862312656506,0.09282924081946209,0.06861274631040211,0.06030149446805807,0.4058219289154965,0.060011295101031724,1.0,0.3117172728158741
SAMPLE_03816,0.7101719045722236,0.6419948835330261,0.6704548383311744,0.8056586746295588,0.6878515112348154,0.5920785155970264,0.42131537509210415,0.6066627193177366
SAMPLE_03817,0.9003517450727576,0.8100333121427513,0.8049124144851567,0.6828959149103684,0.8014134786767843,0.6773961264088407,0.4117192540918303,0.8137959184478111
SAMPLE_03818,0.8417822679336353,0.22578058283149735,0.5677120343229521,0.34229694193336424,0.13565019214475724,0.339894264430201,0.3598058365182259,0.21466329006051707
SAMPLE_03819,0.7328056094233774,0.4764327120056123,0.5532964733845205,0.7005651798530093,0.5171441676660824,0.525754644062874,0.4580128025498062,0.48578827298949906
SAMPLE_03820,0.6733123666321826,0.4698764845855932,0.28741992793295806,0.3775723389994456,0.30073021441344333,0.5495432836895408,0.4854751512344859,0.27215807282111854
SAMPLE_03821,0.24840881821265806,0.2729608138521519,0.1843067665153074,0.14386777890264277,0.47786951778167913,0.2354781461541841,1.0,0.5822491650573696
SAMPLE_03822,0.8060849712354657,0.2594913370380618,0.15719813750995693,0.13895830555636715,0.08800867323384529,0.20828397936673013,0.06327989211658908,0.0763898686202148
SAMPLE_03823,0.8457522242831057,0.8399897099452674,0.08921572799567618,0.37802833558902316,0.1860374562657879,0.3555005881397832,0.2845537162908985,0.1331900505259633
SAMPLE_03824,0.8875155115278496,0.8068348928230955,0.8325387653582829,0.5500422754665024,0.7928914694350423,0.7000873070339058,0.4317127945419438,0.773412539567296
SAMPLE_03825,0.8732843038434924,0.05937118378153172,0.16198583413221024,0.04676836149966992,0.10419294811919372,0.2795249735244483,0.21184771783334488,0.1800836551982317
SAMPLE_03826,0.38093907297757207,0.21797504373601584,0.4298021475235864,0.9367501649421739,0.24318506456099392,0.37816385254832546,0.3349790206189027,0.3497498895154479
SAMPLE_03827,0.2625927541712501,0.502982965861253,0.3552486723495598,0.7344028442727891,0.35595550796601644,0.31078218850488587,0.16646990422157315,0.34766098479258745
SAMPLE_03828,0.8002487384640721,0.3580953094934307,0.614488170931096,0.3342989579366452,0.42607986559346034,0.5340573973862642,0.2527712729024252,0.48648419277614763
SAMPLE_03829,0.8569524484409405,0.2985423865983891,0.3386630591522509,0.1748029036733722,0.5190805170353044,0.44557633081964615,0.29971678708658367,0.4891263598097072
SAMPLE_03830,0.5501285285849478,0.5602633136375104,0.5316855116640129,0.3899011075532633,0.2779184038379753,0.10273497500199197,0.07773835231140785,0.3180702582337582
SAMPLE_03831,0.9225163286275716,0.11445428514979894,0.2640813308968271,0.1148591611516103,0.24712831723271586,0.5302310446447099,0.33613688798172325,0.20161728875008988
SAMPLE_03832,0.7227233234142391,0.16300586868827088,0.1759569672849717,0.1424095150276522,0.04277540585565021,0.3163263739668338,0.34810187221325195,0.04460933657064148
SAMPLE_03833,0.06671227124968858,0.01935151030752262,0.0140143489815244,0.6254985230883593,0.35166859814946066,0.1519349599602334,1.0,0.44544081647766015
SAMPLE_03834,0.7491357068946817,0.4566268149925333,0.4190371715927649,0.44232003060335057,0.3594354588825869,0.596054886997749,0.31596995102120584,0.3508284063029781
SAMPLE_03835,0.24953442486277186,0.14559043175832526,0.07881556756857207,0.8137560290394099,0.07907421746360434,0.20559312438249422,1.0,0.11481631559063396
SAMPLE_03836,0.5358903757957715,0.4235763151082968,0.32413226247750715,0.962936048589075,0.4687368946021493,0.10060878355720511,0.047630421143119175,0.4159687345596466
SAMPLE_03837,0.88261755254317,0.10817147810901982,0.20277411809707696,0.1417332498565669,0.150023915347256,0.4197152711632159,0.26636293909360703,0.1490058378358162
SAMPLE_03838,0.7491512836904735,0.5645599505516923,0.29900950836239526,0.8381696171853675,0.2499834631753611,0.4741740436888968,0.3491697533363408,0.27075566458292677
SAMPLE_03839,0.6684267939511709,0.746270723873143,0.8117444492974479,0.827582142190841,0.8401991220062373,0.4234319472991782,0.2180521245357163,0.8496548230183069
SAMPLE_03840,0.2064944966013454,0.11234434367625969,0.14148620373835102,0.04700063044379708,0.5683492715132202,0.13304125394203176,1.0,0.6250270839589345
SAMPLE_03841,0.9106190684333118,0.4059070212648092,0.47405028383753894,0.3542469453717782,0.3878805752658199,0.4941701337320549,0.2289820320184612,0.33140140647072275
SAMPLE_03842,0.029673450563095432,0.00712242172229519,0.01539415313015133,0.0050499434132811796,0.20783106138538662,0.09502240691657853,1.0,0.29059950740509044
SAMPLE_03843,0.6999292947658297,0.6621877142180529,0.5416509121720786,0.8477805735657467,0.6238838459168096,0.293427402401674,0.18811500555021252,0.5637889907148188
SAMPLE_03844,0.7279144979386842,0.4843209938558211,0.2712579303599483,0.562994323598256,0.16908852286786896,0.26556042110119865,0.2844089200082959,0.16221365447972289
SAMPLE_03845,0.5096738864949052,0.7224940624453363,0.403911294991971,0.9535507799601147,0.8685132177314708,0.2597775071644314,0.19161170507515804,0.6881588714677974
SAMPLE_03846,0.8744516282343898,0.31083604820177113,0.4194673408649037,0.23622322372232102,0.24688166701237815,0.309633866884876,0.2384420854874087,0.22312999622743224
SAMPLE_03847,0.38916018274448655,0.6719757160285221,0.4313116840353625,0.8606273762605844,0.75553375217816,0.14681044834716916,1.0,0.7683673943254185
SAMPLE_03848,0.7722496503463934,0.18229767837780023,0.28695471042573634,0.3024397146518151,0.28536504473743274,0.2595651934253273,0.15898652149064027,0.1277685773615677
SAMPLE_03849,0.1826396444566556,0.27185239984986326,0.24515223249793142,0.529080194465549,0.7869629032004101,0.10411098292654072,0.13443482759802391,0.8121146998149145
SAMPLE_03850,0.5678509278049975,0.03175543984142066,0.48916493185481585,0.28774197892059916,0.7425315538704387,0.15085143956876065,1.0,0.7988902352873072
SAMPLE_03851,0.8221727898685696,0.374105148429631,0.3787158651535225,0.3624976315666259,0.38294684845154775,0.4790222551553057,0.32348377738716266,0.2301700852440974
SAMPLE_03852,0.855783345294261,0.3064066497208079,0.2538477793373151,0.14751221059744277,0.3647879847267575,0.4428580593734246,0.38839852963008525,0.3423041050528422
SAMPLE_03853,0.7057631262596363,0.6316598341122059,0.7864825974436199,0.24375148215405668,0.9247184697333742,0.47566078960886676,0.22269658265908296,0.8110034463963693
SAMPLE_03854,0.6926221043075111,0.5984047839378837,0.3793187523464951,0.8906869160265608,0.7968892581219377,0.4746027785659134,0.21310286195893402,0.49575331997828614
SAMPLE_03855,0.06310640458255656,0.08711202390084263,0.3038108266963652,0.11898500419865826,0.17591395087466025,0.10854619324781219,1.0,0.22618587048064243
SAMPLE_03856,0.8611507177392052,0.251037813215304,0.2409013413184124,0.1782753732968354,0.24359964324107078,0.5929984281235046,0.33747773884853394,0.32929680850085685
SAMPLE_03857,0.9038492786376509,0.3087238660797884,0.5756095835800084,0.3934625278935781,0.334298406592675,0.42491608745045717,0.16237740432760014,0.37907148163118326
SAMPLE_03858,0.6123816676333957,0.4695019273404231,0.3572194096368254,0.7691218987559627,0.3579370997935813,0.4324322419915226,0.16480882620208265,0.40677965222256984
SAMPLE_03859,0.03228335641792575,0.05494669972654541,0.10130831179473554,0.32991692428904756,0.33814857340066945,0.10855457349407449,1.0,0.28119627439166534
SAMPLE_03860,0.04544015739117247,0.21779662232128535,0.024202566984760317,0.11056596911227783,0.25961087873624117,0.06048122678495243,1.0,0.34266191286008
SAMPLE_03861,0.8007176400668071,0.13055390623189567,0.504359719412353,0.22764635146794196,0.3145029575068157,0.28542417684437976,0.22785036970610947,0.15858289737285772
SAMPLE_03862,0.8074783556740561,0.414111375013035,0.7769964321551135,0.34104076380284504,0.9103461214784626,0.3188245225958658,0.21082096964176972,0.8481497875577837
SAMPLE_03863,0.7239506179270712,0.2419968037094276,0.39401183718197946,0.2544514565772184,0.414528313337034,0.4423069810965169,0.32309193956974824,0.3932018077151216
SAMPLE_03864,0.5094153958592952,0.011050522190482349,0.15906692981478154,0.39837901093782285,0.8883185181156027,0.026174821080360608,1.0,0.8739448304460915
SAMPLE_03865,0.6198576636832618,0.20690938531256847,0.31327044070713356,0.21576064753663407,0.21668264074039373,0.33527658063656873,0.2687175152100485,0.189857351674881
SAMPLE_03866,0.16656527182643727,0.23906860390762985,0.20161020120401124,0.7612400723080411,0.566351326571545,0.2884509091384872,1.0,0.572705850760536
SAMPLE_03867,0.7088947312404913,0.6564141837098194,0.5810289852067693,0.9702152182055374,0.47294232485552573,0.33205556280991816,0.1402591310644342,0.5434609309297628
SAMPLE_03868,0.15382438698232517,0.03935445725734666,0.3059827875632572,0.19877636180353694,0.6472119301604877,0.10178035381044431,1.0,0.673881564351244
SAMPLE_03869,0.8186812625350263,0.26301277861005556,0.45575838034639393,0.21690002894686994,0.5360834764807707,0.490996426773281,0.21078267351346994,0.4387791506967971
SAMPLE_03870,0.38242772778445,0.25759610210547834,0.466355197163159,0.5826982079657707,0.7822633598592968,0.2278151550290659,1.0,0.8547121825655132
SAMPLE_03871,0.7206777848680112,0.14969641138347142,0.06971617514146951,0.07676008962431032,0.0270550520627693,0.3572434151415946,0.15830918016627107,0.049403707004223495
SAMPLE_03872,0.8854187212893276,0.6961315534461843,0.6336850184350946,0.7911908214661175,0.6675740251150601,0.6916499965892754,0.5113197757485004,0.6888659140722696
SAMPLE_03873,0.275577436194939,0.3828782524982615,0.41941984199685156,0.6412093291039768,0.5830223618411763,0.34943616982422815,0.2492971161619779,0.623972615318297
SAMPLE_03874,0.9064195740560504,0.2871843126265453,0.4874834659122131,0.2790296504815832,0.4229657301079956,0.20097499457695212,0.15430808826667103,0.3959273880200436
SAMPLE_03875,0.6978024350883281,0.8178895801843193,0.9669950014348309,0.8961930842649489,0.7666858608739487,0.6304013695897204,0.43330505758603727,0.7098467405111271
SAMPLE_03876,0.7860123243761412,0.3354325068313005,0.23795979383552066,0.38809154052040007,0.17048584810401163,0.4220030515324557,0.2397780784210036,0.07334018310956766
SAMPLE_03877,0.8424821535996421,0.07333691406393464,0.06023202260699433,0.08186335278653493,0.08277761111881907,0.30660132078735436,0.3041364073862794,0.06375649866606456
SAMPLE_03878,0.43118583440479463,0.5337481695829883,0.17285796926547392,0.9372543705872203,0.6643460991178555,0.4089120465834055,0.2987962846577609,0.30267094792015703
SAMPLE_03879,0.2431128919195093,0.1944526987549465,0.15792074216769283,0.8278837057019139,0.10436301710787452,0.15987272110269732,1.0,0.1993486536086938
SAMPLE_03880,0.5031936174655325,0.807954328313361,0.6109972925684404,0.7083133581918335,0.896697601828887,0.46046375497068326,0.22077412443503924,0.929712595404558
SAMPLE_03881,0.5380957892909186,0.4223477337953448,0.520814897413948,0.7573842041410527,0.5721175589950488,0.30503995312092774,0.26285158073222287,0.5622674002827587
SAMPLE_03882,0.7229826137359168,0.4391956951019941,0.8067518231329532,0.8019912432482602,0.8366210595345196,0.15592421603073958,0.043666447408325086,0.8538891260046204
SAMPLE_03883,0.8875156517352972,0.4546950199829782,0.20995024623475977,0.45100520856022724,0.1331791007252241,0.30932006365224834,0.15851684482456824,0.08814588819316073
SAMPLE_03884,1.0,1.0,1.0,1.0,0.6601393662296174,1.0,0.8608385307335388,0.7078739956889383
SAMPLE_03885,0.33726699171573415,0.19504925425801958,0.18497914316575273,0.8873095584063557,0.2416488244227277,0.337905229101122,0.30154904302623803,0.2746855059539676
SAMPLE_03886,0.6537997322641397,0.2365910494338089,0.41601480307833716,0.27352227802858053,0.29760593357070747,0.42626539039615013,0.370529770580181,0.2887186388679824
SAMPLE_03887,0.3758089057402279,0.5315965543654313,0.3027928358528518,0.8546173755890667,0.04070907415950949,0.20521119628112705,0.15314990308131324,0.12491952088349946
SAMPLE_03888,0.6898777681573643,0.311124017933246,0.12982385022912069,0.48009020116216894,0.10451227119687874,0.4111980437817047,0.32728728035853677,0.1657508889941368
SAMPLE_03889,1.0,1.0,1.0,1.0,0.7982869982410542,1.0,0.8584949612383512,0.830120378335424
SAMPLE_03890,0.8105177667649436,0.35895501498121013,0.5516653492760308,0.264875934836925,0.8027174242165247,0.5334171309737186,0.3604857988740088,0.5927846105923941
SAMPLE_03891,0.48248154246880953,0.5679998181515492,0.6929033242558924,0.8534998809623845,0.19608212984504877,0.21085502229184463,0.1743422072327334,0.4441856483624478
SAMPLE_03892,0.7206753430683125,0.19503892329736658,0.20264451017733529,0.18288507413147895,0.24741109370984588,0.4848095203393362,0.30532424042724315,0.2714748783247468
SAMPLE_03893,0.08428004956967224,0.2621323796067111,0.27806481442670894,0.655864930123188,0.47679659708677236,0.12838007135754295,1.0,0.5095264839128762
SAMPLE_03894,0.010663086041577279,0.016652862177500737,0.10390018020649412,0.03552788603825423,0.15855098265172943,0.17788479296038634,1.0,0.27187913300861993
SAMPLE_03895,0.34590299052854123,0.28177879558157776,0.3744293303763908,0.9413439867166453,0.48594797022230773,0.1916583278589302,0.14683083590172968,0.4060420934957039
SAMPLE_03896,0.5143044775677441,0.27000063181660067,0.3367035911559568,0.7216161903553735,0.31951088122651977,0.368250414802345,0.23292610523939997,0.4536426791782051
SAMPLE_03897,0.6469256046247166,0.5195952458649492,0.5049678664060854,0.767459119528067,0.45041149982081746,0.6026946166557943,0.5063462106418842,0.46913592542169996
SAMPLE_03898,0.6891807976494081,0.9520952846478442,0.801809392547484,0.8506461847608306,0.9637426897683894,0.6241910925421875,0.3875502636547663,0.7600197870418492
SAMPLE_03899,0.8128518304583765,0.12128073620278126,0.23439584124726137,0.05399989606264783,0.043126786085723796,0.4073642074566712,0.25901365997589954,0.0635673056450049
SAMPLE_03900,0.28671252935098257,0.4447196337645538,0.449754992047368,0.917095788749248,0.9054931765084446,0.04623423706722474,1.0,0.9046118881962861
SAMPLE_03901,0.8809836152064718,0.2794560680542591,0.15918420486406795,0.10759616031139453,0.04861183657099042,0.3329832292502187,0.22246154173467314,0.10783651644477156
SAMPLE_03902,0.5018036338078581,0.8970366667271638,0.6921125232515004,0.9334108267272206,0.9706003412074775,0.6145407950018007,0.17435050686460965,0.9590034174167572
SAMPLE_03903,0.07354236744583247,0.06588696448334207,0.6133679973432414,0.4208202396306427,0.8489354894343439,0.11511744082792133,1.0,0.8257113113703713
SAMPLE_03904,0.4570816706761944,0.7408451253496293,0.3291324157140628,0.7408752140557386,0.3144553938242971,0.09967754175099142,0.12323089481303373,0.26011420449350886
SAMPLE_03905,0.7771501916834108,0.29763457105865326,0.36616736253932025,0.35692517970927695,0.5366830798994058,0.6369523708404813,0.49260856508420464,0.5632883408361682
SAMPLE_03906,0.5993481855539411,0.3407424498871083,0.26428175138522236,0.6825380070008735,0.33236950832990675,0.46151590914745627,1.0,0.23956357331615086
SAMPLE_03907,0.8574183704328249,0.10470543061686383,0.31562711186013825,0.0715548548715896,0.4584688232609589,0.30552969598136054,0.2098620167366808,0.2285036955376748
SAMPLE_03908,0.289122194153337,0.17605644148780805,0.2172497658580408,0.20268312966532737,0.27416004661404,0.11929498589925722,1.0,0.3438852960711147
SAMPLE_03909,0.4947922215673726,0.465366391162009,0.20055627161227188,0.9327065549254836,0.06432286249616956,0.14284581657385056,0.17642813150548642,0.13849961964476784
SAMPLE_03910,0.6299062684858441,0.14127854650403585,0.24617823880517245,0.10606525302926788,0.5680220192632119,0.3646220003409349,0.25793829813271185,0.10925840628436093
SAMPLE_03911,0.7192834259056747,0.8210300747487936,0.615293001790987,0.8270574199372405,0.454429494463664,0.7187539939435912,0.5260564142876912,0.5497469947477482
SAMPLE_03912,0.6886934661742126,0.36466161792851876,0.8009891373990703,0.6993654603697149,0.6774926225846446,0.554503919177553,0.4779932145838181,0.750821792509149
SAMPLE_03913,0.881681226840404,0.3533913074182361,0.16948744037134877,0.35870407969857354,0.09697512345319503,0.16658407840267014,0.17234503995045972,0.048002838987517914
SAMPLE_03914,0.446192122257843,0.16471838660001015,0.3695882204944205,0.4373161124507453,0.5230010309789789,0.33297285017351386,1.0,0.5840385451652229
SAMPLE_03915,1.0,1.0,1.0,1.0,0.8628947296010604,1.0,0.8464212614573472,0.8258780700261628
SAMPLE_03916,1.0,1.0,1.0,1.0,0.6746902720786204,1.0,0.8460246125819744,0.6627036254768627
SAMPLE_03917,0.8763072604799352,0.4622668775608622,0.5585291819752758,0.7546133144884507,0.47251950314262164,0.659368945290998,0.506483620676727,0.4697606799373479
SAMPLE_03918,0.48836030972129674,0.3661454626537784,0.4445113536084483,0.8839031259483919,0.1846505617042159,0.20147456888639959,0.12090659706679546,0.1655008103569266
SAMPLE_03919,0.6163654417600725,0.6398661070014812,0.667174480119598,0.70278519562516,0.46675138898941426,0.6015442107901665,0.4563358607170224,0.5012625246124126
SAMPLE_03920,0.3608100964711926,0.6228834140089338,0.45110953645482404,0.8310318031467226,0.41887075540204066,0.3093853123683393,0.4849618322790292,0.5456555413920291
SAMPLE_03921,0.37608029541717675,0.6787028729022377,0.12943953865057461,0.8580681190522107,0.3667625102838466,0.18366405972204075,1.0,0.34804014888401225
SAMPLE_03922,0.8065480329277914,0.1533599050970392,0.2547260213426861,0.30315666199349967,0.4988737995554915,0.18768216460054427,0.10786967382374202,0.2594039059639948
SAMPLE_03923,0.8361834518106452,0.6096077010574666,0.7281553985264401,0.49706717590545807,0.7637953011683948,0.6589479669360346,0.49191722423893064,0.781504673724381
SAMPLE_03924,0.3354638056441199,0.39741729716410307,0.24564031053610405,0.3269064207303444,0.5304015787244425,0.2084244267464421,1.0,0.6100737334363153
SAMPLE_03925,0.657656996801802,0.27158969552467443,0.55672197641796,0.8997863199438267,0.3089053030736505,0.5867642140788366,0.4811947477238753,0.28048482344314474
SAMPLE_03926,0.5383221785942666,0.3282331824474581,0.4757513175653538,0.561127962659657,0.7686078047644296,0.09592533941236048,1.0,0.6869198595762749
SAMPLE_03927,0.8410829588439112,0.0552942026349907,0.4390324375294497,0.0819077595127083,0.4739863538874327,0.44867125542513386,0.15522392407094285,0.4516510357041346
SAMPLE_03928,0.8574173455960329,0.44194215583046753,0.11962579902722069,0.24660552090532173,0.04126158800093762,0.24355230048887622,0.20223754253701678,0.057758116457043235
SAMPLE_03929,0.7533475988482785,0.2836371903867415,0.2936594079083834,0.38337947330146244,0.23680763602741683,0.36189713300512905,0.20006140632214642,0.11881527653875466
SAMPLE_03930,0.8140176670838997,0.2159256464523127,0.09085826843897019,0.041482119910140045,0.05114097389638516,0.21619225317284915,0.2320926431940378,0.03683062925790097
SAMPLE_03931,0.4772043861944329,0.4130995359124813,0.16074840544854452,0.9732547499640939,0.16766901565260747,0.2983043754589839,0.20121306748158402,0.1423320722223588
SAMPLE_03932,0.02031274808246622,0.08397111591049161,0.06395371814760342,0.02543374570869825,0.2022313364229871,0.05417739340697612,1.0,0.18667443539726494
SAMPLE_03933,0.554303435224682,0.5476281721262013,0.43909364003257767,0.9509954661640776,0.9501369889634016,0.2239461871759762,0.06512875247092889,0.8130700951930242
SAMPLE_03934,0.46531305424646213,0.4301280947007901,0.3875517031987492,0.815900824413194,0.5791719063723376,0.06328069861726625,0.07027436970937198,0.5661734634619264
SAMPLE_03935,0.6922111873710932,0.6877349660202019,0.5291104335940996,0.8829356799093454,0.4641509733442927,0.6491592516595213,0.5263037804188572,0.5601429022516322
SAMPLE_03936,0.5101228719048612,0.5754892542946903,0.5322753546044985,0.8738565068624893,0.4189177153365028,0.29064591537871076,0.18229677396611305,0.45742466871090903
SAMPLE_03937,0.8541490631781723,0.4894696084484528,0.45949123504938916,0.3847210732151066,0.19854089039573164,0.5125928833023203,0.3023027759071725,0.13704005321281598
SAMPLE_03938,0.7260398572897592,0.8042130280330895,0.7007664285271891,0.8188415278153356,0.6594340686426003,0.6617242727952445,0.42663499729585463,0.4589812725695245
SAMPLE_03939,0.6857649831662627,0.6402098829429561,0.8978983798945332,0.8939114195060565,0.9269499309294509,0.22197381527342214,0.19068904895905722,0.9076099262459612
SAMPLE_03940,0.5523539236340647,0.33362972379318095,0.36561941084591343,0.9026353218935951,0.6703903539631939,0.18137612995549415,0.17574121328680017,0.632193663242705
SAMPLE_03941,0.7776132633886925,0.6485117783662983,0.15283412491810242,0.3087410988002254,0.2419550582692776,0.4354702014580482,0.10621870149164633,0.2769452794135317
SAMPLE_03942,0.8315188558834204,0.2488552002421435,0.2646324794082487,0.10841003536958554,0.14450926984316748,0.4063823890648048,0.20613140776490804,0.12468640932097133
SAMPLE_03943,0.8464502606931064,0.17774615669118954,0.1786733104816267,0.099387096440408,0.03804821156394471,0.39319510140416675,0.27661764515897175,0.08563488221564598
SAMPLE_03944,0.7222825356717835,0.36258731744937295,0.11392333270902959,0.09330804468898574,0.07195794564165163,0.22258890160410066,0.23290642697025254,0.06321666122323956
SAMPLE_03945,0.8744515687231842,0.38300845191452376,0.35780571566469654,0.7986868527858298,0.20284594970119663,0.6413984961686666,0.477871854269117,0.4040680476001787
SAMPLE_03946,0.49955501154762477,0.6736566168855044,0.28417104479878275,0.9046514118849603,0.783869500598464,0.21740693465145622,0.11996641004168865,0.6436150832193827
SAMPLE_03947,0.6837987441894182,0.4456964123871068,0.32931164823676856,0.3012386597707591,0.20609840742902688,0.66145079711613,0.39937771209826844,0.1259175776483785
SAMPLE_03948,0.19685376323016165,0.0362415030477223,0.1609059795728349,0.41667186624893643,0.16076802059944265,0.10972169171295985,1.0,0.2958533729922722
SAMPLE_03949,0.6924900926370486,0.7796223496308079,0.47096310999700924,0.9240631919092291,0.8471880087724818,0.2772084305275413,0.15263115783451373,0.6811142956788296
SAMPLE_03950,0.7073829469647207,0.39054031966719227,0.38675315347747924,0.9391277837005901,0.5963389845621426,0.4736042002766561,0.2696347868234397,0.35866153264217737
SAMPLE_03951,0.2916507714042747,0.09495685695926545,0.19239908066567332,0.3366946552581952,0.39043254351859213,0.21007300320400463,0.09733802227073586,0.4237928372771741
SAMPLE_03952,1.0,1.0,1.0,1.0,0.6571633699063649,1.0,0.8453048095175455,0.6505903259158079
SAMPLE_03953,0.6701221531485045,0.8422646980407285,0.3113455158011457,0.9377946508515728,0.3344202254981866,0.49274213589014726,0.27099056781651937,0.30177631756157713
SAMPLE_03954,0.805617190491875,0.42074956453158013,0.5802690716330735,0.8712181542764743,0.765755527280056,0.5458102984635008,0.5000312599074348,0.7621003576112103
SAMPLE_03955,0.5087012260743617,0.31912389796350865,0.3470964961028075,0.5419587924922339,0.6891140294948438,0.24299714770083528,0.1587341248587424,0.7617167892707197
SAMPLE_03956,0.2843891492610094,0.09662164014919813,0.23608255103115086,0.16300646796703808,0.8188462038238302,0.13933613630177685,1.0,0.7817185533962027
SAMPLE_03957,0.7442495002209367,0.14764944234460775,0.11639530334336917,0.055012142015393374,0.07064289452407581,0.36484397069691166,0.35062677020044564,0.05659214262090431
SAMPLE_03958,0.05526122930318401,0.0999579781893229,0.21881948294327802,0.08731933311483872,0.7778257372406988,0.2065464837061194,1.0,0.7930621340585463
SAMPLE_03959,0.25785070289596385,0.2376090417374908,0.29843576172904546,0.823908344919072,0.3202358455526562,0.49306665582371273,0.3681321930016441,0.28327853363619054
SAMPLE_03960,0.8130848813127112,0.5112263393200067,0.02895452049166549,0.06410428476063666,0.01449131600701736,0.25829513017457933,0.19962774490396204,0.00664443894322226
SAMPLE_03961,0.698025654928704,0.25954821797763195,0.26964214431989414,0.11118756026632969,0.387339157709876,0.4299685087153047,0.21575217747789163,0.3502054920826384
SAMPLE_03962,0.35687122929316745,0.5911025675872063,0.4932371233046312,0.9788494726583669,0.5491967582822901,0.11039819672285729,0.1321000675322253,0.5922908932625015
SAMPLE_03963,0.5257685781735834,0.47619471386504336,0.4228971924775933,0.7409761517354896,0.7567425549725428,0.4156339295233486,0.48922534042435084,0.8115136307964927
SAMPLE_03964,0.05299926096906212,0.08471472972772648,0.24297167448957985,0.15747772793730733,0.603811041852413,0.12232269716722455,1.0,0.6651518726052018
SAMPLE_03965,0.8303497458002272,0.06037244436874599,0.13873689392338243,0.017143241863474597,0.013058211436190369,0.3945207691193195,0.2870801827055785,0.02827123993815482
SAMPLE_03966,0.01293496791544402,0.14196054522189855,0.20264262538459468,0.2874431551273641,0.36660690926373163,0.43067417647821216,1.0,0.30529986489901817
SAMPLE_03967,0.5471068473758938,0.7934247740820682,0.4885808085117571,0.8832921796807596,0.5635615740189722,0.1837061553438236,0.16856339703522227,0.5276240146853907
SAMPLE_03968,0.7071002129547796,0.8433562712691282,0.540721834047015,0.8002939221020379,0.8554944241927633,0.5041981166263602,0.1923316110037769,0.8245691891311632
SAMPLE_03969,0.3382269369056238,0.2258520321490122,0.04744987359577389,0.15788823841487715,0.19054052747297992,0.1451824261725727,1.0,0.22902551337442564
SAMPLE_03970,0.32896572141628466,0.677396452382607,0.5881718049970623,0.8858015362455396,0.7758517200497035,0.5025228074736422,0.1881218339669778,0.7307853357498397
SAMPLE_03971,0.7769155823975112,0.1661755122492444,0.12297542460003501,0.11152033097442623,0.0302680040247873,0.3423842606132281,0.1284123543320589,0.01651936109087587
SAMPLE_03972,0.8765513165372517,0.27148536184572014,0.2978095058898038,0.2293304707605329,0.13580335427363444,0.4255013637462885,0.3349852409196649,0.13430702206184228
SAMPLE_03973,0.045477012839714996,0.0918762332089604,0.08160216531590563,0.1408946284037968,0.5673836527557399,0.10177943050654793,1.0,0.6310077953516455
SAMPLE_03974,0.7036438237138338,0.319778908132475,0.14100277482041756,0.17285294650990324,0.19667805618392842,0.53362200639364,0.3613134328069267,0.2550158930907533
SAMPLE_03975,0.386941521029643,0.08386982324884747,0.5440965684179395,0.7524022893296533,0.46995583868436197,0.10015171549770757,1.0,0.5258893567369566
SAMPLE_03976,0.08813048493903057,0.26759293027344,0.09352384643926137,0.7922180692793073,0.29474199922283867,0.2627733194141766,1.0,0.333824786716308
SAMPLE_03977,0.6973320675536403,0.6247892705592054,0.5315609028359942,0.9125368414450766,0.1140880586739968,0.5440969658600897,0.30109503980183805,0.21447618825048412
SAMPLE_03978,0.7850849721551675,0.47478606685620117,0.4633433697144112,0.7185524635495082,0.46789196606604816,0.39883047993868004,0.2719802241503058,0.36793415791338835
SAMPLE_03979,0.6857805314596046,0.6560768219613358,0.4667354557537195,0.7397283841673872,0.3932929017617834,0.3531595127650204,0.15894676384772982,0.3918938679713958
SAMPLE_03980,0.8672161394231352,0.4889805720114613,0.05500725909028235,0.2710195465759438,0.09775821777068495,0.25686246052554673,0.2689966239617729,0.01159528779176826
SAMPLE_03981,1.0,1.0,1.0,1.0,0.16581168973198127,1.0,0.852344430909273,0.43094862530044387
SAMPLE_03982,0.342522598126719,0.3358369351080353,0.23702698288003565,0.6351667269362063,0.7166463030295763,0.21798128815416204,0.09125974545320328,0.6526201137580446
SAMPLE_03983,0.8674518071756981,0.5098679281247597,0.5154773952699468,0.362258971338451,0.4263371457310669,0.6659126332814802,0.41735947263162904,0.49932495746881234
SAMPLE_03984,0.6903480305993911,0.10869431598201594,0.5439408075151952,0.35246697672614646,0.39190824918530154,0.37906862870021274,0.18819979236719697,0.19612750547337823
SAMPLE_03985,0.9005846535521024,0.32785202120229734,0.16645268775031258,0.30395918368027597,0.10735713398015717,0.22667843787256678,0.11275309126278656,0.039622707761519584
SAMPLE_03986,0.8364154067906772,0.08855752961141088,0.30966586544354247,0.15643662731254923,0.19397867177763423,0.30621310882430497,0.2542181391022667,0.029580110087660094
SAMPLE_03987,0.2002051369159657,0.2622627335163229,0.42863419385514107,0.7292087663050629,0.6504481211895381,0.1923065680306084,1.0,0.7152349075559556
SAMPLE_03988,0.8653513910380322,0.34399385047784004,0.27614796768999506,0.27251691112975795,0.18226350560126978,0.33772780272415714,0.25237324643335485,0.16684889791390214
SAMPLE_03989,0.5786922011164204,0.30303380492381904,0.4098800688099945,0.3048889062078667,0.8600508928517062,0.2637146544065259,1.0,0.9332591955037044
SAMPLE_03990,0.9152836805069448,0.31866416189618485,0.35431932887564993,0.12079498512255776,0.2961538986938311,0.4499924987403265,0.3576748302290952,0.23834858452079757
SAMPLE_03991,0.6866865435531893,0.6985883243403367,0.7012791550848072,0.8363667055429508,0.8281640021764621,0.5349748844514826,0.5160075222233007,0.8492002081495007
SAMPLE_03992,0.26776390518255266,0.29774590154725067,0.0553734344588438,0.8316171110934368,0.1546062434130958,0.08333542032751336,1.0,0.20153442895438017
SAMPLE_03993,0.4702665251264488,0.3882814569435337,0.29312244487101097,0.85928078130772,0.2308613343760905,0.3950395141872939,0.36548172071691437,0.298880629667214
SAMPLE_03994,0.8597509860295001,0.2685577654025481,0.5755485773511334,0.3416560939211083,0.32306579293392085,0.5011487763906458,0.33793074182835725,0.3606942487847657
SAMPLE_03995,0.2438229585701235,0.050477957383037036,0.1640265341981652,0.3512364793588747,0.3850364996598476,0.09966707023326718,1.0,0.3603280616007902
SAMPLE_03996,0.04220068219054175,0.27283984460995037,0.05455393776341408,0.043841553582220555,0.6711489366973693,0.08730987205704982,1.0,0.7580364111588211
SAMPLE_03997,0.252728730275722,0.03508373822767339,0.35410130755519975,0.37219144316054953,0.5222118499777879,0.03807868430636316,1.0,0.440819339187472
SAMPLE_03998,0.3127485229711698,0.6865362178677547,0.06357578311448138,0.8877257508286622,0.10741302413344946,0.16920101352449046,1.0,0.1747322907544909
SAMPLE_03999,0.3788756874936702,0.058582255215547274,0.3250940934637111,0.15858550009806596,0.6754055795195447,0.32615958769748443,1.0,0.6326330980566919
SAMPLE_04000,0.7077795854099954,0.6273365194528546,0.23416789916641956,0.7977067223605894,0.7301981420699334,0.22694884521671022,0.1855784707207644,0.6590880534053033
SAMPLE_04001,0.7123539818121087,0.7657118224951346,0.24752729758774256,0.8779081581084772,0.8415265415312936,0.19650787904075348,0.11483883709598924,0.36881360918246314
SAMPLE_04002,0.6936074709879182,0.0976854263045814,0.23666997739554987,0.08752155513926803,0.2017720452409984,0.4044386184317449,0.20503820367629227,0.16075709560354834
SAMPLE_04003,0.839676337656523,0.26858046757463205,0.09867529403548153,0.11780992010914558,0.06545732976099664,0.22260340533399567,0.32237801314409315,0.05949328863488803
SAMPLE_04004,0.30550328882488736,0.17703304534962436,0.10046488908445554,0.1303322625192121,0.8012839095290254,0.09104396428454155,1.0,0.9082513571877519
SAMPLE_04005,0.40100129795284456,0.24020799328470838,0.24171564404507737,0.4992824172399969,0.6035317026862435,0.0957149182769262,0.05277110976384347,0.43900668155118655
SAMPLE_04006,0.8515827432014369,0.6313737484777191,0.5367176517486837,0.8788959946487231,0.44382552695763483,0.46707795705564653,0.39351061110016666,0.45003237218993347
SAMPLE_04007,0.8683825516627162,0.04618791993525062,0.22341311826710514,0.0932355554654254,0.09727842289202296,0.35043055200984374,0.11090040071748022,0.07702778142453927
SAMPLE_04008,0.464856761650644,0.3615743748674692,0.40165294606943946,0.7045111962415463,0.9606264279277833,0.05206446691860092,1.0,0.9634862074722285
SAMPLE_04009,0.896149390977729,0.43271816710357264,0.6393080490433772,0.3856659742348221,0.6575410226043542,0.5634342717717263,0.31807676398526796,0.725685160038085
SAMPLE_04010,0.8553182584012777,0.31469629723090825,0.2751900407992101,0.20199006033623848,0.20309581177665526,0.21302455807208454,0.14593742007293456,0.3981309706533527
SAMPLE_04011,0.5322382380157868,0.6505661155615202,0.43437676398285974,0.7218019308337967,0.38609933738753777,0.1702097348393039,0.17434373667576375,0.6040879661333651
SAMPLE_04012,0.843885216899636,0.5982020948850103,0.22407023225726558,0.4827351460231852,0.11812034856146206,0.2843485043893868,0.30912456687272427,0.09646879377903801
SAMPLE_04013,0.5915959737525259,0.43988046585148577,0.637518908856148,0.8605374949407288,0.24407439246855386,0.5170777218600263,0.4148882831577652,0.1533007938400896
SAMPLE_04014,0.676393091730355,0.49218684484939745,0.4027705131949797,0.767225342198705,0.651435802603401,0.4954667963695641,0.21238812705602295,0.6286311227274057
SAMPLE_04015,0.8919517923254424,0.2692116207992399,0.3551014288745019,0.33145178158124977,0.3619780342779963,0.3391441237441297,0.38054461252959426,0.38626302666591855
SAMPLE_04016,0.5362818896343273,0.6412147018620067,0.5270388328730905,0.9275980944731029,0.3453017392888994,0.26895641908385104,0.13186945687407317,0.31823990584192086
SAMPLE_04017,0.7545079883280454,0.7233422549427203,0.5939779356555421,0.8290184039455765,0.5174530684889349,0.6127800024374236,0.29058192655176773,0.2975930939970613
SAMPLE_04018,0.7510171824317354,0.9494513109942858,0.3640051629840656,0.8397697440440931,0.05018303687374439,0.6184886587977094,0.4820631969588298,0.06596118118175495
SAMPLE_04019,1.0,1.0,1.0,1.0,0.7283307414354929,1.0,0.8465659200935519,0.8136892914006759
SAMPLE_04020,0.6196311016814021,0.45345172341511036,0.5453667747221936,0.7713109224700998,0.5647664771670211,0.4326670108786672,0.29457500965959954,0.5130562759334513
SAMPLE_04021,0.20952993656445276,0.24385327407869373,0.192351075158611,0.7103515550320216,0.7926544392420831,0.07050556600706706,1.0,0.8155643752328074
SAMPLE_04022,0.02473171135325817,0.11271169407858095,0.18801274668010812,0.19979221835529723,0.5329875005600452,0.25998567915625187,1.0,0.6461366159086053
SAMPLE_04023,0.6754142839677432,0.3835426691675421,0.18287891297223074,0.9019660908767623,0.14808868956271046,0.3719133335309413,0.28102630831340203,0.16224761697549112
SAMPLE_04024,0.8786422061503909,0.36983121508531586,0.32296157665739794,0.7356964707662933,0.22124292342727073,0.5541814595726107,0.4674245758932251,0.24445960107122955
SAMPLE_04025,0.42909705590169206,0.14096195282058596,0.20983952439015716,0.1297377174458232,0.5949073089872512,0.2554029283422334,0.15077478856378043,0.7606811876862613
SAMPLE_04026,0.7510126552611034,0.7024952472292735,0.6148674555423002,0.4561917780117008,0.5438769265645802,0.5246298633745213,0.2918236742244436,0.4619300127028173
SAMPLE_04027,0.7360741827513831,0.1853772184156649,0.282267574658026,0.16805584932225473,0.21166617211706132,0.39872567930208225,0.3517778076308134,0.21433151626525768
SAMPLE_04028,0.8513517431212557,0.41878213639395484,0.22458831983790478,0.23627099429074752,0.304986122523327,0.23244010400561624,0.1984565451096795,0.24950870316874016
SAMPLE_04029,0.8590490088085315,0.14197206255544642,0.06249697377541444,0.03996838416552664,0.010822562469983919,0.2361273915186121,0.20661053158741113,0.02975604542989642
SAMPLE_04030,0.8401475869782248,0.6866014172292323,0.8109046314300888,0.5632432799496114,0.7980179995199556,0.6920893080572049,0.5307682303969233,0.729379338473425
SAMPLE_04031,0.6884343844475703,0.7405536848101746,0.6435326888874017,0.8209150087497333,0.9759031484649889,0.3253865896691475,0.25742711104550337,0.9797629719882857
SAMPLE_04032,0.8536839027286544,0.7320934732080299,0.11792482358127873,0.33582012382738186,0.1048542451522106,0.4814547093679092,0.2084398675279285,0.1315382190257553
SAMPLE_04033,0.6713641726577562,0.8809476638756465,0.8083765473918352,0.851333605877357,0.9795016585914355,0.613475447980995,0.22360470902988064,0.9618312099612383
SAMPLE_04034,0.3935437879410532,0.40917476347259246,0.5633627934676403,0.8063159198859144,0.6128466665128472,0.4137037041225027,0.3418027628077078,0.5824412899782414
SAMPLE_04035,0.7927800692115897,0.19425870354287755,0.1324025439867252,0.0860679889190917,0.0772343180246948,0.5159753479561336,0.38199294184197896,0.14975715311341892
SAMPLE_04036,0.9355860142833838,0.13841513871115882,0.1712517385509259,0.161293453430436,0.11956584039044049,0.3355462969685475,0.1935509209153094,0.1510242879995441
SAMPLE_04037,0.7119009327597091,0.7948640554475684,0.6167318647967824,0.829246820727159,0.8222533178890692,0.40689143469071154,0.17083663442163696,0.91844844097552
SAMPLE_04038,1.0,1.0,1.0,1.0,0.9114184693511501,1.0,0.8612756980326043,0.9502277842656143
SAMPLE_04039,0.37629449274494625,0.1886697576184888,0.27943812531340595,0.7307235736348839,0.7503698054488546,0.14633364131086152,1.0,0.792488763927134
SAMPLE_04040,1.0,1.0,1.0,1.0,0.7317117275549432,1.0,0.8560276023019495,0.7919869625764663
SAMPLE_04041,0.7149602699837192,0.527690921029338,0.33954774193823234,0.9614706887014933,0.7190953047579969,0.14939268967378766,0.13912195856499984,0.6941676221755803
SAMPLE_04042,0.6753943483400193,0.23715521245966983,0.21513962857012514,0.11201526962923196,0.2008273120161794,0.4250458701144093,0.35111378542715693,0.12388251764681223
SAMPLE_04043,0.6670789551175946,0.5707412469406616,0.31046592595955574,0.7442060946459259,0.6832742839652702,0.19393132228712778,0.09686093875168865,0.6311783806626962
SAMPLE_04044,0.8492515803578368,0.27243554303827144,0.3042560438879896,0.3104770327106947,0.48711383119447693,0.28948571975120874,0.29746311405392295,0.42456299205078685
SAMPLE_04045,0.609355216847676,0.719755901488781,0.6187440680543957,0.856198810473487,0.5082036589623856,0.5805357925043665,0.45031976996190587,0.308432179637289
SAMPLE_04046,0.8319804796565747,0.16086480988274854,0.13004260323190237,0.08069946769560978,0.03736823468250783,0.4050176583109912,0.30212176143888053,0.029109769075728337
SAMPLE_04047,0.7556622655568092,0.2523168288463071,0.09434964291792619,0.11680393414085637,0.045499603389624256,0.2510755863601102,0.2918748550989604,0.055946143233212516
SAMPLE_04048,0.8595169160365087,0.29163219262400764,0.19209106219164376,0.10731903865354249,0.16639467973079478,0.29815278562469283,0.315495193418456,0.16001610369649957
SAMPLE_04049,0.7279078487843156,0.4489777329876817,0.6025364967298914,0.6678348621962128,0.19483165935946284,0.5908809109680888,0.5175240068545365,0.2793823090073992
SAMPLE_04050,0.8931179405964341,0.09325017546580959,0.29400441765170515,0.11591238077238951,0.1866197403085326,0.22389515803041726,0.21643111175538152,0.1621793312870943
SAMPLE_04051,0.7340948317870968,0.6930183176356493,0.6621439771604881,0.8547253224482555,0.8755240116051042,0.4509259466932578,0.21797983777279406,0.5914818650748669
SAMPLE_04052,0.45923237504306497,0.35433518488564986,0.21259195056806635,0.7878496939376138,0.44434842321291407,0.2623416099152513,1.0,0.5186424290829762
SAMPLE_04053,0.7279871730422712,0.6978500748654238,0.41387979665085645,0.8875489912447082,0.8380298136218922,0.13187198178008208,0.10853428496741023,0.48205716568080714
SAMPLE_04054,0.5551527757287984,0.4253771968746883,0.26894678091605534,0.9656902935717906,0.15551360837181794,0.22757509796127762,0.1442453235166118,0.17680528058513623
SAMPLE_04055,0.4490171348514212,0.3552459930612512,0.16164500615078115,0.1092073818551604,0.2975279406445027,0.22173077298610916,1.0,0.3963462551043161
SAMPLE_04056,0.6478485200311637,0.7764122829739053,0.25086272717934466,0.7289412349227219,0.24263118367152361,0.49112556205060937,0.48100480458564304,0.3524655801957896
SAMPLE_04057,0.6893615351607963,0.616128529139518,0.4477178087082766,0.9423090694947855,0.8895771762225458,0.2718546674187916,0.08870983023103991,0.8129724887948662
SAMPLE_04058,0.9012851591870998,0.3090077512631178,0.2159690022048353,0.30699269066618495,0.13001276929520442,0.24567022732827243,0.15324964969404456,0.08020546372794435
SAMPLE_04059,0.22504167799948072,0.10793481906374569,0.3418128556135965,0.642843565735554,0.8798848893885091,0.036436854289191786,1.0,0.8975177885548153
SAMPLE_04060,0.34093083210878505,0.6828362411505422,0.49220808833884017,0.8111970191063199,0.6548451393484175,0.1693293647225525,0.22344145380774,0.6555417334500532
SAMPLE_04061,0.02308813033141418,0.5337313276001863,0.4159115657847853,0.8834313842559262,0.8885228165249499,0.47673699055367597,0.22829857477280857,0.48245684570779584
SAMPLE_04062,0.6761025400972291,0.5886914670130662,0.45952951423985233,0.8756321061394778,0.23486177018479393,0.44108720125114786,0.19800269763694542,0.2972999614366018
SAMPLE_04063,0.7090115451402936,0.6290767543321517,0.2318890349881214,0.9047871937781565,0.10246368881165996,0.4331797641837351,0.21733400883757611,0.18043448985484895
SAMPLE_04064,0.7311813664391026,0.4308584515313779,0.3929728597890502,0.30976447153658043,0.2670770447969066,0.3328251367808622,0.2883387690123907,0.2879171451681016
SAMPLE_04065,0.25275044993482443,0.23890717663989972,0.045341403173076215,0.39222729726801314,0.10836845161422633,0.23802871696626576,1.0,0.1433142435106603
SAMPLE_04066,0.9120170587558143,0.11898223791022063,0.4679209017581946,0.24507077754499276,0.25901585141095956,0.40525340427097295,0.3175410958790986,0.26563752131519736
SAMPLE_04067,1.0,1.0,1.0,1.0,0.5860542225056564,1.0,0.8465775705973206,0.6639190026563614
SAMPLE_04068,0.6350470036023091,0.4493057522139183,0.5408902576019948,0.3290936569667191,0.41316019892112604,0.605981995602055,0.34980200833779435,0.41426483592404006
SAMPLE_04069,0.33248046064028586,0.04729147916654975,0.35304849570950914,0.1785007268674945,0.8381022512422008,0.2637142811597682,1.0,0.8449600452632118
SAMPLE_04070,0.8907842284769685,0.0809344817396451,0.2211128209144595,0.13968246632926298,0.18709628420838775,0.25828835830044333,0.17356946035743617,0.04908628785752439
SAMPLE_04071,0.7449495333196401,0.36827490974730875,0.3189720033655213,0.3735980026104856,0.4616946009666854,0.6217428401833202,0.40481872506024685,0.4969525479912889
SAMPLE_04072,0.7325615753396169,0.32784584904368,0.3720706185683082,0.20125703170543544,0.4641595381012602,0.5763989010299775,0.3198260120289981,0.39255571348512935
SAMPLE_04073,0.7421461931799085,0.584079090475368,0.058700995227618596,0.2158359348299249,0.030691938353606046,0.17138149815422077,0.0936066405370929,0.01875879357412521
SAMPLE_04074,0.44070723945508483,0.666113469946271,0.5509484342922009,0.6855395850828518,0.4387855661071479,0.3242938679127993,0.316967412495452,0.43562405657478037
SAMPLE_04075,0.8084150360354264,0.3883879170763454,0.5060057026569703,0.27416952788787763,0.266324195252097,0.479200387988307,0.42999407007001034,0.31381923819104174
SAMPLE_04076,0.4035431824783074,0.7848294779464124,0.31506765479731164,0.8615740286662249,0.16926974524765068,0.3020963517335625,0.23112276878142549,0.2582317656591695
SAMPLE_04077,0.726975706946459,0.6901868727419754,0.5935887232475919,0.7454772852698696,0.4826211779490578,0.6326781319890639,0.47560772116841793,0.4555134327480107
SAMPLE_04078,0.36938036854248996,0.15295335451083583,0.03538407405153403,0.06699731651984389,0.4454468512011414,0.11063471136821602,1.0,0.48985743205826204
SAMPLE_04079,0.16724366007652183,0.3184278928368326,0.28318193808497033,0.8501103738077318,0.46113721205101704,0.3432856951863167,1.0,0.4777079077599974
SAMPLE_04080,0.513798971774479,0.5122795706478893,0.3571923178398609,0.6878098705839748,0.6350645164145138,0.2040320299766658,0.044400903361983116,0.5558793373479053
SAMPLE_04081,1.0,1.0,1.0,1.0,0.9008731688924885,1.0,0.8475755797650194,0.9094338231030336
SAMPLE_04082,0.7890460122195233,0.6549816104670357,0.664996808284608,0.7920532004044893,0.5466239711081098,0.2748929786154634,0.2821987411331068,0.4827454756131758
SAMPLE_04083,0.801649477629094,0.6833305053821153,0.169064919986649,0.3803920007951236,0.098180353018517,0.356422040223902,0.22969080530580419,0.09494812393871789
SAMPLE_04084,0.7266750622613446,0.8920011876573142,0.7314452529956627,0.9107306290087649,0.9089670605728701,0.21824090181220426,0.15614072629158454,0.7085489858691055
SAMPLE_04085,1.0,1.0,1.0,1.0,0.41547220919175426,1.0,0.8497508076950403,0.7157545296684596
SAMPLE_04086,0.8074843912737188,0.19537390735517157,0.07629299140018977,0.13698371505804835,0.06617712472659103,0.23564662971217096,0.3473597513814306,0.01546368382282253
SAMPLE_04087,0.6327025165395228,0.40770104053526635,0.6687453666145183,0.6952892196611993,0.5203657887344028,0.4546236355325231,0.3652339633258161,0.5336841114724696
SAMPLE_04088,0.5056382401781345,0.8883975234768311,0.587969785281785,0.8471524826814562,0.957962636908551,0.5390799977301399,0.1169388765617078,0.8890881838211113
SAMPLE_04089,0.5830663174517888,0.8111872548067584,0.5361830946270091,0.8653683632128377,0.9051016014897183,0.4853608072213223,0.16454541671389014,0.6500123709883706
SAMPLE_04090,0.6441137002162229,0.782692920962864,0.5829997019749019,0.9220628409746534,0.5516007559395841,0.5398781038410511,0.36640069355862664,0.4434445442104966
SAMPLE_04091,0.375137227238487,0.23970091367189278,0.19966925492958132,0.42703940714991656,0.531066814287536,0.3686063329279783,1.0,0.49559441136995774
SAMPLE_04092,0.8259165002267843,0.5325653283089427,0.19788851056878198,0.241693207974514,0.21964411554203694,0.4412245600854077,0.4386077072273469,0.16096818117145434
SAMPLE_04093,0.3730897276053454,0.5181112505781116,0.3355385267126755,0.7995648557263161,0.1426375497579515,0.45477872470931835,0.27424628735902185,0.2532434383690724
SAMPLE_04094,0.497470975620992,0.6973030680870186,0.44697782107732287,0.8128866839607294,0.587589180785684,0.13094125000598347,0.14448041481628685,0.3790570158097221
SAMPLE_04095,0.46373545725022675,0.093570320440701,0.4636620119077258,0.16946083523574565,0.858592156254987,0.13889861559069702,1.0,0.8735494655644904
SAMPLE_04096,0.9162172758593138,0.05173617539348622,0.22800413071845627,0.04314165634814897,0.2596034669962549,0.3950132678252525,0.29660864892464084,0.2123467103905035
SAMPLE_04097,0.4830125169912403,0.6064445746091179,0.357768727635703,0.7661291038171029,0.45628025076235784,0.24462131576406201,0.1286114813403149,0.41436072171531396
SAMPLE_04098,0.5117385132838792,0.6882461111201957,0.6256670199287507,0.7208215182835197,0.7723891089759927,0.4568702728733575,0.48998558464778424,0.7001749423431439
SAMPLE_04099,0.6835741298534163,0.7143960732054195,0.481501161274065,0.693174871043668,0.4007046677706147,0.44454618211123653,0.3119964711173976,0.2677062922948758
SAMPLE_04100,0.8224140298320642,0.7635662057743284,0.871984372538252,0.7364796736043414,0.943476300620618,0.6602532246204524,0.40019861259700173,0.9609779439405931
SAMPLE_04101,0.3775058704869418,0.19085748475582684,0.7293185186885811,0.6351933317426063,0.7419370092290763,0.2397740183786527,1.0,0.6892548436056455
SAMPLE_04102,0.7050423059913851,0.5622178787366489,0.161309572722208,0.4040357994106297,0.17000595190394888,0.5405872640435967,0.30048371822032216,0.10684937035994128
SAMPLE_04103,0.29418378820466656,0.16320198707445166,0.12185225920320146,0.4459193745265973,0.24277334156731206,0.12789288514716537,1.0,0.2210547704010672
SAMPLE_04104,0.6960734925615008,0.6942877305053994,0.6200958732453381,0.8579067507213398,0.809472292656991,0.19069298749931696,0.04459241671624682,0.6291787476139895
SAMPLE_04105,0.8795850022949537,0.052230159007240054,0.08931263613562708,0.059785312832833955,0.07974162601116225,0.37862171098079817,0.27062963713428584,0.08382954329858261
SAMPLE_04106,0.7685074818197545,0.2852879684866815,0.3975520550541918,0.21514697037018174,0.23949270179491178,0.47501281100470083,0.3950041140801365,0.21023989272973906
SAMPLE_04107,0.7081952483560089,0.6125085289692064,0.5242625923842853,0.935702903746008,0.28617127122549924,0.1034118329521614,0.03619610623894688,0.2812546001353831
SAMPLE_04108,0.27817809015973854,0.3394434358110492,0.1910382705591682,0.7589433194907067,0.7955752151920937,0.3262619841537677,1.0,0.8393579889290439
SAMPLE_04109,0.3659700038823349,0.1151056997224425,0.20222279736248125,0.405971224897591,0.7747157725097137,0.28824769189088345,1.0,0.8262519606017295
SAMPLE_04110,0.5024453397584034,0.061353005866295114,0.3450336527679195,0.058851098386395406,0.773250450050276,0.216096265834057,1.0,0.7097706745944249
SAMPLE_04111,0.29551308092182066,0.17527591631151476,0.2362820268850871,0.7227560580724305,0.5526551195395867,0.2529941292183942,0.25465217181749417,0.5806749389626649
SAMPLE_04112,0.7874121722987301,0.059205655247853185,0.33777230098853944,0.02986043131558691,0.29268766244225536,0.4121429833099294,0.18747284551991883,0.34171620121749646
SAMPLE_04113,0.7594153519208097,0.806037838504553,0.49605520152050897,0.8239914330838715,0.3348290623725148,0.5059191272108483,0.4530513498600991,0.23036211622100064
SAMPLE_04114,0.8207785009696295,0.14462844734252353,0.34922950725373547,0.14787328177015036,0.05297359253351253,0.3163894284870508,0.2763280900475817,0.06931431680966633
SAMPLE_04115,0.4751049697437983,0.20692397413791697,0.3293353514841852,0.22503005130585263,0.46309020127361206,0.1449727140469783,0.15381571378034353,0.5750108435952457
SAMPLE_04116,0.7470497031467185,0.6223706178113104,0.6548316178716842,0.9041401878761295,0.6668167160527964,0.6300811447506901,0.4846605931841378,0.6221709740341376
SAMPLE_04117,0.773174994770855,0.15719175130281995,0.1722558298739739,0.2711074575186558,0.14976184780159052,0.22574985933957442,0.09921919715513133,0.27379962080550346
SAMPLE_04118,0.7416784975987646,0.8839479093703632,0.42459582239799665,0.7608379093480736,0.04167643717126178,0.5836549739261075,0.45401102037850183,0.06336953147559583
SAMPLE_04119,0.7675815608179439,0.5496825158950147,0.12491251567540997,0.23598980202931896,0.12845140993639037,0.32797413377211126,0.16667725007273115,0.10261008636478926
SAMPLE_04120,0.601364683898767,0.7852022804965929,0.5054741046496287,0.49390497409206663,0.2652853850553981,0.5200317088750278,0.41823138199832544,0.2817817137526452
SAMPLE_04121,0.6931402873612001,0.4047495270703206,0.6535712937232344,0.47366577848268904,0.5740216584468806,0.4319895382435187,0.39571283434243004,0.34882976894626466
SAMPLE_04122,0.5086782797199809,0.4175012002899353,0.26249152274698023,0.7667300135757129,0.5872591675232706,0.3174670898619508,0.17087270688696032,0.522052820514684
SAMPLE_04123,0.6898797314114783,0.5094505272558981,0.6770285398654391,0.587969543702719,0.5039506792120716,0.6186703057204316,0.4948348131876557,0.29615794715647764
SAMPLE_04124,0.7181016301585359,0.20969961581859597,0.3261108408051685,0.16749964675627038,0.11459567135722457,0.3291983255107619,0.16222363125154127,0.16763741998070378
SAMPLE_04125,0.5155095239879156,0.5593898841575912,0.2888446665067357,0.9352007820281091,0.5567939021765039,0.42105671391784466,0.11553553252794725,0.37068974172988844
SAMPLE_04126,0.7146158131445748,0.6348358109796713,0.07926965416953712,0.31987656564859945,0.0206797821237909,0.2090015597186508,0.21158514999663225,0.02571047316424099
SAMPLE_04127,0.8303525239160673,0.21383000614954395,0.30642121462829497,0.18022940308585372,0.29883451702462627,0.2965024253769616,0.3183632013713016,0.27928061274354177
SAMPLE_04128,0.7095745464801814,0.94910578966772,0.7576884867668824,0.8427277058477693,0.9637616311849122,0.5646242238994114,0.33420995869578274,0.8820328639568839
SAMPLE_04129,0.8487831366582597,0.3116667882828398,0.5385140697716813,0.2717713863498122,0.6119331297872237,0.3643841670255612,0.4285936193830508,0.41250662607062866
SAMPLE_04130,0.8079504260673863,0.7105460543009696,0.573342367866216,0.5340505417001943,0.37817070239302125,0.6809769415045193,0.46198430436569293,0.3835659451647181
SAMPLE_04131,0.6786656214733887,0.604965152632623,0.3874804336292074,0.9174031088187747,0.6995402479766066,0.4065422414081294,0.3373348896583556,0.5165410778601196
SAMPLE_04132,0.5386478237210861,0.40652755267626034,0.35722076734714925,0.8019358982761624,0.6503216063116929,0.20647632024824064,0.17387941260494688,0.6038803087843329
SAMPLE_04133,0.07888184334179695,0.113557020362979,0.048036875897638005,0.7734809102129642,0.08883147832986218,0.14517335895709435,1.0,0.13886052375852015
SAMPLE_04134,0.8921857549069107,0.5771386008745286,0.196384168001416,0.20703250024907197,0.024167574774429552,0.2746370001222428,0.1960389344174391,0.054723497083576565
SAMPLE_04135,0.8081845922931771,0.24826397803386743,0.39364840534654516,0.262296512413357,0.3614772734707864,0.2807704783950444,0.3503658276981434,0.26248565288793
SAMPLE_04136,0.3908166376402205,0.0453086996411561,0.3171592884241683,0.6365960767178503,0.6805927678200037,0.08990162555873932,1.0,0.7009797137201994
SAMPLE_04137,0.448856276676186,0.2836526422223785,0.5268018376573547,0.2851689136283378,0.6315320882159147,0.18530333723709502,0.10457243436816373,0.5985024205949152
SAMPLE_04138,1.0,1.0,1.0,1.0,0.6649525942858736,1.0,0.8551523371370127,0.7441815706618219
SAMPLE_04139,0.8599852078118555,0.4254078351936972,0.16363606258116786,0.29682874296734013,0.10201085660060123,0.35803974422192086,0.38333327224658464,0.06395197072674515
SAMPLE_04140,0.6934871763060496,0.45431670575015654,0.27891462145241314,0.9017632301136742,0.4597994821701216,0.19373633300069282,0.14516729187911953,0.28164056143961047
SAMPLE_04141,0.7465688166913126,0.18721459241386254,0.20847020457831364,0.19923402853351718,0.20025629364712316,0.34608435163142737,0.23997567824737145,0.26754546971903354
SAMPLE_04142,0.6901034853020981,0.7005052387743402,0.3857373822011043,0.8281700440623833,0.16744164691111585,0.31397305681486687,0.35536956430489297,0.08605910267288246
SAMPLE_04143,0.771780386865446,0.4767044889883601,0.3149692604636767,0.35652142045647184,0.2351863646657526,0.47012275343843873,0.1830781238109077,0.1739100788718737
SAMPLE_04144,0.8485531170657861,0.09454121508978278,0.15001223372815795,0.0956158342994366,0.032924195632827946,0.36043023524966306,0.19606382237228287,0.043793396338775686
SAMPLE_04145,0.8294186255895155,0.3211112264221934,0.552834902225979,0.292980943125527,0.48399676236679373,0.531765884475054,0.31180689976866166,0.4294653377163006
SAMPLE_04146,0.7734170459017876,0.8012137841065642,0.6029342975630698,0.6932916640455994,0.4667599194832424,0.4671143898804181,0.43774304318600904,0.38138739712372177
SAMPLE_04147,0.18240461327975976,0.042848804944400264,0.07231022402135492,0.05097298270312084,0.12307338758557179,0.01123095532479424,1.0,0.19405284290978053
SAMPLE_04148,0.8863504991471469,0.27500997312711706,0.36288157928308074,0.20993499421706355,0.29103583854373416,0.5089333340193166,0.33117666142871144,0.24302621905720528
SAMPLE_04149,0.47427554697443436,0.32709723080156405,0.39324649196395184,0.8994355631183801,0.3259795131651332,0.10902328928526106,0.06885644279774686,0.23795189976706307
SAMPLE_04150,0.2715387942995985,0.14942639647831946,0.20848625922671965,0.1132586992897373,0.7119544283553361,0.06536262583313293,1.0,0.8029028214238673
SAMPLE_04151,0.8933501274332314,0.5037090149369282,0.08429630461223817,0.2302501495876001,0.051206225040146436,0.15272060975618562,0.19291259804166871,0.02469587109558219
SAMPLE_04152,0.2633747008609633,0.16311091995679933,0.31157243377505484,0.48907180423983954,0.3043919452411484,0.26751427399896616,1.0,0.3892475943755587
SAMPLE_04153,0.2772820660777573,0.21009050513558894,0.22919775684112775,0.22572548311342097,0.24891932710936127,0.1709110096556998,1.0,0.24416412807864152
SAMPLE_04154,0.8765511403372489,0.1430247247626009,0.2945431213479718,0.15950563580683855,0.1659330549953707,0.2312410769809385,0.1893740259916706,0.14199738119218425
SAMPLE_04155,0.6381463137354475,0.631548971226577,0.2750497613535756,0.9378093152640813,0.49405621680486705,0.16827350491939244,0.17854415840144044,0.3883715166481217
SAMPLE_04156,0.7129629112195278,0.29181461873574355,0.39290268260455136,0.46698245815305256,0.1839067336548088,0.3433377893936014,0.28507454152105915,0.18607847316349846
SAMPLE_04157,0.4233125569218951,0.052272230474209674,0.12150949591693946,0.21222963242762782,0.3609428041853537,0.08149789556107379,1.0,0.36578183588492086
SAMPLE_04158,0.7288201848680737,0.7685987094863034,0.39504246693026657,0.9542090782216166,0.7998562358821124,0.18345422754751559,0.08822211422426511,0.6839148750639852
SAMPLE_04159,0.4367068856977033,0.06038435210077558,0.6298590530926778,0.8758845893250086,0.9186327783057456,0.282918851350722,1.0,0.916087618055817
SAMPLE_04160,0.8219514147057926,0.3832309588011071,0.05793210624777535,0.19223033743002388,0.04551824034071752,0.20288731333749413,0.0765876162080673,0.01328720431346917
SAMPLE_04161,0.5633150213970228,0.6060354399521026,0.4638601577818002,0.7568299409044424,0.5607074998711669,0.1960849005918341,0.18415853138146765,0.3344337691384031
SAMPLE_04162,0.2733961736672316,0.4190344622966141,0.13966512030970918,0.7506826993508194,0.3576140974826421,0.08170618485253946,0.09312920942268234,0.27624221917188735
SAMPLE_04163,0.6457593104688881,0.9537355032474434,0.7640748775110073,0.8496722443162625,0.7205845810645912,0.6267663315666433,0.47053252000173434,0.7055252689423489
SAMPLE_04164,0.10315041150678314,0.030353080931718866,0.0284987761981453,0.0999226621006717,0.32617351352252416,0.0747066661182552,1.0,0.28005083248920465
SAMPLE_04165,0.7387572754151464,0.6889765514084306,0.5328262968937386,0.8762107169127784,0.8218032545313189,0.2735395454546939,0.11599583331315018,0.8361427311290925
SAMPLE_04166,0.4763362176093647,0.35551543097825145,0.5283025067853843,0.39213029181367454,0.5567678015345461,0.3473835945608543,0.19513019469343212,0.5570974301392653
SAMPLE_04167,0.5191511239638449,0.40885739221685924,0.5150003584835858,0.7553456285480394,0.6076242994494515,0.3564072539992721,0.15986895613393867,0.46519036208789166
SAMPLE_04168,0.5346708129007554,0.3630890853394885,0.757748394579658,0.8021671919042876,0.8945126813315726,0.23247801821475053,0.16570770388239311,0.6926938579743
SAMPLE_04169,0.9164509722757204,0.37689697238538833,0.33779681949431195,0.42935466700916625,0.2191690180471946,0.4925854353098381,0.28646526434915337,0.3571401540778892
SAMPLE_04170,0.5012218949979343,0.15657752645940445,0.19618308124304465,0.1748685134189222,0.7033170361527058,0.10643023551974626,1.0,0.7373230257431004
SAMPLE_04171,0.6721464082561666,0.3355848227520664,0.41429651686082264,0.7555934122748699,0.45360044004157585,0.6101687905631249,0.48233325711580444,0.5053165573482272
SAMPLE_04172,0.7976729094690932,0.514827855105617,0.32832744820067283,0.2283503738009081,0.4064339871569491,0.5675629461232347,0.2884280722207294,0.29254841961929584
SAMPLE_04173,0.8679172529451372,0.6432153893906348,0.7192812391291402,0.5517382128873771,0.7223418260221772,0.7525796145094265,0.5773242904612975,0.49161471417829633
SAMPLE_04174,0.3628627546592208,0.08041555180106777,0.16413205750180004,0.17895760101945,0.5789416358032174,0.24930200608641997,1.0,0.6353523400083145
SAMPLE_04175,0.44407020559223215,0.5260072669476114,0.3467321232086794,0.9320868930157793,0.3473796330022112,0.12561208566324844,0.1410034255847505,0.45945583182226213
SAMPLE_04176,0.8508819646946602,0.3848102600190857,0.657502984975789,0.4221932541696484,0.41182777159377326,0.5570975331895757,0.4178546470864693,0.4169343876464163
SAMPLE_04177,0.24450657103251744,0.4105893165005024,0.23779587735781632,0.9674699351056764,0.1597913973063571,0.07399858663911933,0.07166726187316731,0.40352571172024504
SAMPLE_04178,0.7421343395111565,0.748958118699178,0.5843140526565341,0.8909889483367138,0.5131652186468059,0.6879207873096334,0.5037530096328687,0.39671619769423405
SAMPLE_04179,0.6826300482957807,0.9665981743877116,0.2168196050105644,0.823337210128194,0.051862022679576104,0.36650627141410197,0.39407962703571786,0.06614007534676788
SAMPLE_04180,1.0,1.0,1.0,1.0,0.40564398428918713,1.0,0.8556166981880322,0.639235864996048
SAMPLE_04181,0.5458125138601712,0.445226325464656,0.301573926347514,0.7325152264933069,0.35971474858915636,0.23249156716756034,0.18927846881320626,0.29769315403335167
SAMPLE_04182,0.7108839248490887,0.3460814541897819,0.6048783983858644,0.34728143420070107,0.33150939010436264,0.47167499143236047,0.31513055964548403,0.3502334000650265
SAMPLE_04183,0.4705568357676659,0.17868923650483326,0.03940608218644351,0.08893795279453975,0.5921410417234843,0.03456145683292555,1.0,0.6267779361680638
SAMPLE_04184,0.8821525867307962,0.21424626399223973,0.37855068103734424,0.1546034949317158,0.2080084399233165,0.2766287185995948,0.33346453924663105,0.0877987135764759
SAMPLE_04185,0.8963834984988448,0.28718351873526693,0.3646839418446268,0.20127381095090888,0.3423207001316534,0.30363881357998607,0.2028879814372536,0.09960008619448969
SAMPLE_04186,0.03331435205468049,0.04370071973925378,0.18664498444425584,0.10635926238819537,0.582855827316385,0.08755782008886112,1.0,0.6172132443622523
SAMPLE_04187,0.39691614071262354,0.48467075012612787,0.5763787777075144,0.9031629637291495,0.22277206871748564,0.14892964500517153,0.14332331302914375,0.33448625254972586
SAMPLE_04188,0.5689054925193592,0.6468430767530242,0.3434970209703426,0.9646192304873367,0.6642663569540735,0.11819428026006287,0.06466539310821143,0.6381892131553677
SAMPLE_04189,0.5123819377366043,0.6412328117928687,0.37561464791084515,0.9389080558214106,0.33841389862876853,0.2693944027600062,0.16080728091033544,0.37232578228148305
SAMPLE_04190,0.9001184873474031,0.11855084270506948,0.4125155400479079,0.147012160508363,0.18057577037642258,0.3994322922029525,0.29395445597057857,0.11546364857671687
SAMPLE_04191,0.7437767226607895,0.19200108465472782,0.22704563248412696,0.3925033785058836,0.31798620117371545,0.527009507926572,0.40171958925057777,0.23022589494197784
SAMPLE_04192,0.7419021250390971,0.21833156189297537,0.3393694637676219,0.22357458835547256,0.1418504088214999,0.3402816899781424,0.30085658472057103,0.13710766241163813
SAMPLE_04193,0.7027182789929642,0.5194639476029586,0.4680331334147927,0.5159831893729465,0.8120282037290133,0.4645343764808617,0.27517628848845715,0.7046458701252424
SAMPLE_04194,0.304431016209684,0.24023964865754643,0.2318706766052535,0.12107406615686045,0.10257476899539766,0.12278999473513015,0.08823130336126361,0.16602871759107238
SAMPLE_04195,0.8238174586334869,0.19216404517910474,0.3826358714424467,0.49722897205190664,0.3873439897858256,0.3504089304160055,0.4507745375532509,0.24874157341415212
SAMPLE_04196,0.5948609507765577,0.49573231088103786,0.5200546143748662,0.7877819333802029,0.2584922938374839,0.5549490379471604,0.4597969670750748,0.1938159844666689
SAMPLE_04197,0.8819177350065442,0.1914968431229574,0.1778014785088136,0.16037699839655264,0.17490332930615363,0.5436443104921693,0.23297742644135608,0.1512112324445342
SAMPLE_04198,0.7003791746153193,0.47883726312488617,0.2696577795165286,0.4259322887715664,0.20581175854774814,0.4254857310236187,0.14522010155365964,0.21823252012701014
SAMPLE_04199,0.6784407478627298,0.3881860654255636,0.5368905264601097,0.3383450077350936,0.5592012909526219,0.5585347995499582,0.39503983019004424,0.5744056742910147
SAMPLE_04200,0.07516287147188074,0.06628375961023542,0.44873329081882524,0.22835063499711547,0.5775760301302374,0.07402893361100091,1.0,0.6881942527805396
SAMPLE_04201,0.8459750046998676,0.074435328818502,0.07814032622139577,0.019182879070265748,0.01907990405972622,0.18634320404837582,0.1080721225468206,0.04163836186246929
SAMPLE_04202,0.7645276380807907,0.22821415629318684,0.5510153387805438,0.1459239951506977,0.5356840654781274,0.5530693879449238,0.48029997076365966,0.4074273204995651
SAMPLE_04203,0.865817273949879,0.30829652780700056,0.4784307918732006,0.3953113840176824,0.37155467069623954,0.31052837167927044,0.21941199520994428,0.2958144411033186
SAMPLE_04204,0.9012846594609257,0.19641255721225254,0.4475979832996885,0.16764966443069987,0.5112053406483822,0.5237985398292083,0.2865419858325584,0.4743684894482621
SAMPLE_04205,0.817282798835314,0.35341247160729927,0.45405378919235917,0.39527156944168423,0.5274865889941632,0.3520778449610549,0.15967597391660526,0.3146852559258926
SAMPLE_04206,0.6041017101974256,0.8458444589578734,0.34124431885060197,0.8368118658504728,0.29165380196372415,0.4537688903640917,0.42590857877778354,0.2953803720100858
SAMPLE_04207,0.49602236083916007,0.20107081139791494,0.514203820783496,0.3266345743895456,0.795573635807456,0.034332798985255555,1.0,0.8102312578059854
SAMPLE_04208,0.5169680738980663,0.31238070866781115,0.17888036693532053,0.27324521916074557,0.2173206291239959,0.13893183648000101,0.1279046489097074,0.23287959821533502
SAMPLE_04209,0.7556815468738891,0.43690863736870106,0.3142853501719064,0.408083069435121,0.22723809408019321,0.3795486132120391,0.22441233672887148,0.320516263743348
SAMPLE_04210,0.2811588025410435,0.34704102755428784,0.2852155541533134,0.8639491086904756,0.17939561081473057,0.2217688944936474,0.142873765811733,0.22729787987240146
SAMPLE_04211,0.8077161906598117,0.22885415118017036,0.09531314311518119,0.06327863841950271,0.40833075071724867,0.17092042912193448,0.14870943048555724,0.31843673185792776
SAMPLE_04212,0.6270840412517382,0.897695639720197,0.41906011203067445,0.7931218475115553,0.2982516706344603,0.5148049132675602,0.5156903919531538,0.3000124891711891
SAMPLE_04213,0.891952153117282,0.228443166406017,0.206201357499537,0.10083581828170114,0.17790439918696374,0.4048157706315886,0.2561030214800191,0.27834541245211936
SAMPLE_04214,0.3807433536300012,0.17841570324397452,0.23929268126046638,0.28343579075239317,0.5843254320068076,0.3253414268171429,1.0,0.6881624943267577
SAMPLE_04215,0.6396753079287991,0.7330668867969917,0.435707789588599,0.9394537334440783,0.4593708929014061,0.6071903653449067,0.5072389851098307,0.42425303490516686
SAMPLE_04216,0.7857726740244166,0.2188919382407986,0.5336853773947218,0.2144578697100643,0.47282719099791165,0.4628850491842233,0.4773764197710242,0.35920321324882615
SAMPLE_04217,0.157114789731302,0.17832253236939039,0.6290882495515879,0.2038807939826111,0.6868788008701596,0.11672471300704158,1.0,0.6184143294461735
SAMPLE_04218,0.6261466655286352,0.6456995858763384,0.6077136838667239,0.8375481978390642,0.3611090043406121,0.45238373686719313,0.3557679557949982,0.19095923757576744
SAMPLE_04219,0.024726011741974512,0.055270094621841674,0.033680034622947795,0.8272904885290863,0.09354835585590957,0.1890517386888478,1.0,0.15701132235418339
SAMPLE_04220,0.7871803513007791,0.33082873197628937,0.5905753343523189,0.39692299021152616,0.7210810189066023,0.4229512363720893,0.3932244521699572,0.5711880927643623
SAMPLE_04221,0.06249472269537162,0.05226117944718845,0.07890684698077549,0.09723306289717526,0.3496370397638514,0.22031541168935717,1.0,0.2999080969377703
SAMPLE_04222,0.6730707258414268,0.6092863797913756,0.5092106922773257,0.7969454815075163,0.11557520376077056,0.6760302295323593,0.5010778625148629,0.12207486898022886
SAMPLE_04223,0.32853995772973704,0.2750256802352546,0.1665991234694465,0.7949392478797512,0.315821462986375,0.3704428367276628,0.3478426275760369,0.3614394070402161
SAMPLE_04224,0.6653379014309558,0.540753524508792,0.34935799379072185,0.6195086569985441,0.36831238923580106,0.4897212550432227,0.3855030038464597,0.25403882338936246
SAMPLE_04225,0.7519443779597036,0.1730621080171556,0.24087795561181716,0.11433324511957452,0.2968715519009408,0.22766681086028775,0.18933231159631927,0.2389644301399499
SAMPLE_04226,0.6943085431658442,0.25142389195592707,0.3809789157597179,0.14682145617166786,0.19407234125551107,0.45625310543495223,0.2980909155237806,0.1571195306026299
SAMPLE_04227,0.8709484635028857,0.1468597537679517,0.12959982742190765,0.09507763153801797,0.14041913647821547,0.16254318367296358,0.22349435570893908,0.04142435856372142
SAMPLE_04228,0.4529770800354474,0.2963356658778855,0.11641520431485272,0.2511272947668613,0.20048545760466469,0.28127189725586454,1.0,0.142886283523091
SAMPLE_04229,0.7122757183970106,0.3393477685346999,0.2572941184020704,0.6024396286625512,0.28007546655896515,0.5336344910196861,0.4545790223811149,0.313653318784419
SAMPLE_04230,0.45405332159326045,0.6370737259381012,0.5030137692996804,0.7432340246502489,0.6130618105735979,0.32568734866121923,0.1682910209878118,0.6017192449968559
SAMPLE_04231,0.3289805238511779,0.1550753933427322,0.24441087954743848,0.031215336272633787,0.43007909381279114,0.2315464864253651,0.1318733467393999,0.34904740554931807
SAMPLE_04232,0.47914429673921566,0.31218585065400906,0.2864371956425887,0.9345186996783023,0.6411381235562211,0.3301210160084409,0.1395871372381226,0.4842687698621445
SAMPLE_04233,0.7514847137390744,0.3834508645740421,0.2532582807763181,0.27780383648887663,0.12696235062355007,0.5087689979973444,0.45606455286279685,0.15757941095585007
SAMPLE_04234,0.7652422201613693,0.4297020900707133,0.3878568678474085,0.6886666005214412,0.4885122807815052,0.5423625088100706,0.4666527264025006,0.5748389666410375
SAMPLE_04235,0.8861158340385313,0.6682388924600053,0.1517591327218607,0.4723256275486129,0.09297399427912023,0.22614968158813178,0.24442109402240203,0.038076789886118546
SAMPLE_04236,0.08973453186135098,0.12128951824830106,0.032605430102782385,0.05605725320704545,0.330726595469086,0.17064077035878802,1.0,0.3768203051782446
SAMPLE_04237,0.7358325698259656,0.2127346209429114,0.09290404861539642,0.01869444167845902,0.022982392616713167,0.28674540643475926,0.37554581795937003,0.03135410517467511
SAMPLE_04238,0.26635531671745755,0.351831202081992,0.233889640873208,0.7267441283918872,0.49643983250923435,0.3432287230964245,1.0,0.43130744612589755
SAMPLE_04239,0.9157370833628896,0.7285569560267966,0.8888678622608236,0.6880798730689267,0.9509176428010181,0.696122575564993,0.39665020916629434,0.9700371793295737
SAMPLE_04240,0.02097284514694112,0.023417579490002227,0.5619292930657489,0.3427660023969213,0.7579418106670652,0.06770769810840885,1.0,0.6719999205954508
SAMPLE_04241,0.7337365058011396,0.25800152886991173,0.42450367913099035,0.10623739376385152,0.38331292346472184,0.4170093741759345,0.40898857972430863,0.37216892157620474
SAMPLE_04242,0.3553777105682997,0.43939364418662985,0.5411881706279917,0.8237426718966897,0.6742518203170438,0.2639436687863427,0.18530905298420108,0.661401349106375
SAMPLE_04243,0.6125633198651623,0.4294474441043239,0.5758059742154837,0.7620325465581926,0.4952805157625875,0.5846310533436698,0.48693223763972104,0.2771425955024165
SAMPLE_04244,0.8032804734676634,0.0912424657372546,0.28619183068844145,0.09294796313552006,0.20778291479611022,0.3379323228043441,0.25002211327248625,0.45378601504795657
SAMPLE_04245,0.864884431577499,0.053158186972513156,0.14614271516627683,0.11623356581144564,0.06645127034656138,0.3956983730317666,0.11019019903687077,0.05502414397368898
SAMPLE_04246,0.21791064114974396,0.21461746421407413,0.00950832133821415,0.02080189029285446,0.4349928212190518,0.3127508241012644,1.0,0.394147402488355
SAMPLE_04247,0.3506784718748603,0.32780712439526755,0.3344894822304447,0.8887113518814309,0.10145926733670178,0.19211720438671478,0.18624983658622757,0.09938558015901507
SAMPLE_04248,0.4636266079968238,0.5248939138319683,0.361824837245225,0.8183351502292209,0.5659145013190959,0.5185102544520698,0.37032440085846857,0.5167849045087627
SAMPLE_04249,0.29236863116372025,0.18616748183093987,0.26780055964301314,0.1681706912548251,0.5555842554378985,0.14986987106233454,0.23155638601234635,0.5232617385832685
SAMPLE_04250,0.08582267800489206,0.06802374444940983,0.021970012613016388,0.03505283770264063,0.11416458490395966,0.09850578877472306,1.0,0.1954781796806306
SAMPLE_04251,0.554494073169933,0.28845609008832557,0.13185161090425163,0.18566299116696933,0.4081344796638209,0.22077305796469177,1.0,0.5300236852488175
SAMPLE_04252,0.6513301805218088,0.39052715878536953,0.25160505178337916,0.12404834488471886,0.1201752007129665,0.31577535533839013,0.1322315312759788,0.10670501444231194
SAMPLE_04253,0.19535780032624114,0.08982084879539237,0.16620828594908288,0.18725927958254676,0.4361951059001722,0.09134791938746971,1.0,0.4150314470242359
SAMPLE_04254,0.8966174241682993,0.434852776385894,0.6939846255629517,0.4304656333635465,0.40490056642477584,0.7015311716407193,0.37313749587074563,0.3579979088354285
SAMPLE_04255,0.5046258604351782,0.4032578997451351,0.2886625779126204,0.8473579638889209,0.6764110023534956,0.28612329401455605,0.07889815889090299,0.682828864338306
SAMPLE_04256,0.874684173934472,0.3333393575655994,0.17945424550414268,0.33071386092234945,0.5339727281881071,0.3009143922990668,0.19447862000291624,0.1315457349101141
SAMPLE_04257,0.7147174374775315,0.657074964757105,0.5634190835432308,0.7901596990860159,0.5475349135436534,0.0840416652589277,0.0625758595792316,0.64215625685638
SAMPLE_04258,0.7771444857810096,0.8216258967597656,0.3423867372701554,0.7472478853687902,0.35216855836665345,0.5690152093260107,0.29877949313036867,0.2722060092820088
SAMPLE_04259,0.7953407496213911,0.7247579767500457,0.4268773134350597,0.923914948712888,0.2455265400566137,0.608000087277083,0.4673899721070194,0.22916259282448082
SAMPLE_04260,0.8861176211039097,0.10909971666247915,0.05444409620216553,0.048631128806202115,0.0055509620039913094,0.2070342178404593,0.08872577121198948,0.00225741271535756
SAMPLE_04261,0.008307888891860639,0.051491722460200305,0.023248353351362328,0.03226808351752669,0.18389557350869484,0.06072700037015984,1.0,0.21019312636361226
SAMPLE_04262,0.7206703904768852,0.5320258842281781,0.36894279681221626,0.25092069553950513,0.6546080828919066,0.46803916481027,0.3607806751606516,0.5138311507080333
SAMPLE_04263,0.8681518313395788,0.3777527153311112,0.48620162132812866,0.268917676246383,0.2591735664839459,0.5955324627740369,0.3307482679621529,0.1870940606178277
SAMPLE_04264,0.38093296178657354,0.3257210288144075,0.15416313103558513,0.9294426297478408,0.6012432826856615,0.22361482998967502,0.17644164192965936,0.6984598078951805
SAMPLE_04265,0.8018833313278876,0.6555240085525613,0.8591370827214629,0.6250788719002882,0.8662511964494191,0.6077313723619012,0.39129596616767115,0.8418853342611863
SAMPLE_04266,0.7720129887377023,0.4979770943769611,0.1858506431385316,0.738334548132969,0.11848562072703368,0.42117442416309553,0.24271923063948614,0.1813426561967938
SAMPLE_04267,0.49145546746348856,0.49103320243946247,0.2640726979445721,0.9584261225482493,0.13186790556729605,0.279614557510299,0.22732738267821917,0.10254968703288875
SAMPLE_04268,0.370667981588224,0.22944823108072568,0.16036792006423511,0.7975395835908904,0.4864143724752866,0.11857955240421622,0.15942532514761276,0.45193215715615104
SAMPLE_04269,0.2784689416515813,0.21413124647465825,0.2834331869465196,0.20614490232929294,0.4627948533071788,0.32694341153828305,0.09688675645593572,0.4584754355346838
SAMPLE_04270,0.7717781264072003,0.07614767121265491,0.3995348021124943,0.1262342338684758,0.2900691991312085,0.3405664120065365,0.3163073465950621,0.2797311251408592
SAMPLE_04271,0.7080376640323561,0.49857574645185126,0.6081723760561627,0.8412921778724871,0.8356293631072965,0.4532372166559432,0.12346648238716311,0.7874256387211716
SAMPLE_04272,0.7409614053846262,0.40888177075966725,0.2826304385761205,0.3056567396793673,0.2049007036373628,0.4511355780540265,0.30369803522768934,0.06846008230287427
SAMPLE_04273,1.0,1.0,1.0,1.0,0.29089544148748886,1.0,0.860496075306193,0.490690736801695
SAMPLE_04274,0.5177457935682673,0.5066465278672027,0.44528458252698827,0.8954736107965728,0.5189876221820361,0.2962303776107104,0.24690347650704864,0.5255873895445697
SAMPLE_04275,0.8863507024084019,0.06135293494949068,0.05081592274436497,0.055441673864229,0.03604513511497496,0.3774963785139438,0.2491708866406776,0.047760171904000635
SAMPLE_04276,0.7997824470005764,0.13139630237160738,0.21693824943524298,0.07746570769240281,0.1309515519819243,0.33540703809428096,0.17865145029750035,0.14977472590102356
SAMPLE_04277,0.7416775786336821,0.7094954314461471,0.6501836881813096,0.9340377457246738,0.7242820419505107,0.7032762788443059,0.47133817364048264,0.6264520967674714
SAMPLE_04278,0.4450983762626721,0.40319096914714203,0.0973578137171968,0.5340308688931993,0.40930457853639834,0.12462735265425418,0.06909481346809244,0.3521687460289135
SAMPLE_04279,0.01931048960611868,0.05514907156241541,0.14988915361972255,0.15429840836356748,0.24695208051762707,0.10483827396447185,1.0,0.2533749211401373
SAMPLE_04280,0.6938494215250607,0.32257164121671467,0.585146507630665,0.3965640875460802,0.5342928864167764,0.6354002655191417,0.48951508708389346,0.6670022995296276
SAMPLE_04281,0.8788848619436831,0.4903901411806439,0.5403736709071462,0.5127177464854369,0.426328627277202,0.44392036042559363,0.38599476194456916,0.29651845720877856
SAMPLE_04282,0.6850626179857348,0.4385178799252372,0.5195540350708977,0.7835223258486859,0.8158631112189351,0.29182650554872813,0.17014439099108486,0.8244778530513962
SAMPLE_04283,0.3790519126231945,0.6521655140321603,0.06008325010828237,0.8366667058067728,0.3030166543002917,0.2072332622846887,1.0,0.28478600970839546
SAMPLE_04284,0.02266681627155743,0.12378690535575818,0.11625872828845653,0.7771382385897359,0.2641300475385727,0.03386436975614457,1.0,0.2895978784279205
SAMPLE_04285,0.8835512397725599,0.826939408146365,0.9530407486914811,0.7715615464788603,0.6277116845168688,0.6814782950556759,0.5259381572985181,0.6083812971894329
SAMPLE_04286,0.47874607314098083,0.05601658024347779,0.09875777529087587,0.41776931054929733,0.5985824605730719,0.057223376670699024,1.0,0.4969162460730131
SAMPLE_04287,0.5813852747432765,0.3782287578035583,0.6154905384345779,0.8530884072347322,0.5919335840531662,0.19817080554120337,0.12068464191156356,0.6509847269132129
SAMPLE_04288,0.8620851074772639,0.28378951224335136,0.36821448781803806,0.15858079286052762,0.311487177145306,0.3017777065837049,0.40325286066170335,0.32554918069537037
SAMPLE_04289,0.16457268964705904,0.1660127576550547,0.06805451307781697,0.7520912060542657,0.1562698247324076,0.14773668535150894,1.0,0.2751317030626931
SAMPLE_04290,0.4455375373733602,0.1202932844861983,0.2890440949301946,0.08693218511205338,0.7043258345749802,0.20342192813509452,1.0,0.7527143041868789
SAMPLE_04291,0.5875796757936687,0.7073530487979559,0.7244991607257804,0.9477650871124221,0.7666312447749031,0.237180550886335,0.09592614874670416,0.777970499498055
SAMPLE_04292,0.4686735827052638,0.42073591588520537,0.20331061088275046,0.8305170543845716,0.3657382098688939,0.27362574241019044,0.27149802165282194,0.38508818129700667
SAMPLE_04293,0.6324776341593351,0.1956935341580943,0.3616695341594475,0.10948510521073015,0.4226094921535547,0.44349659522302476,0.43625140320324696,0.3929599288343633
SAMPLE_04294,0.7113443369686426,0.7688940732228665,0.11317667114986057,0.6223972773055793,0.1747683064617288,0.30129761030948377,0.20706473372383638,0.09916066734900479
SAMPLE_04295,0.7304672881042005,0.30529632334014906,0.17391331871363488,0.1951069612461977,0.16735912209927198,0.5417625079509549,0.34656507886397403,0.11159640521156587
SAMPLE_04296,0.8062978165771333,0.4990534994071574,0.5756514060807945,0.9038117179365578,0.5243781329420509,0.5801621860473699,0.48446458833569644,0.49337902564060504
SAMPLE_04297,0.060223870047403316,0.008883605817922609,0.3447672549381075,0.10623916453497617,0.32384228926012154,0.10458909219454089,1.0,0.34885213021513506
SAMPLE_04298,1.0,1.0,1.0,1.0,0.3833565036418308,1.0,0.8571743816843135,0.48475591422035275
SAMPLE_04299,0.8947516390529726,0.30552586197775244,0.49728448569907446,0.21577170095793288,0.4324441651987328,0.5281073700756569,0.3460954095286402,0.440391746762157
SAMPLE_04300,0.6448424015485916,0.26414696453170533,0.23019873214393036,0.7472297724614622,0.18527286785361377,0.3915183542733789,0.24601433802341505,0.2913223930288767
SAMPLE_04301,0.655812953122422,0.6960444793954806,0.5005191315020282,0.9012401481128697,0.3723828109246059,0.5895664625601925,0.4569258774049298,0.3441957399816182
SAMPLE_04302,0.8424854520437862,0.6117783010046544,0.09898050774415366,0.19768944306305866,0.13395664392385015,0.5037501928848981,0.24414279638145334,0.037389976888521415
SAMPLE_04303,0.8389810494866482,0.1370965893366371,0.3617639048513597,0.3357636835954343,0.338937362734652,0.5006384575680284,0.2521288566349884,0.24267526593466718
SAMPLE_04304,0.42457406023850636,0.35806347529534954,0.3780630654102489,0.9095058358614767,0.33791123185854277,0.16244566718329176,0.16198630474217385,0.425427465836179
SAMPLE_04305,0.8203176723277271,0.5955012398955694,0.3281663231389119,0.2973307745591755,0.3278039384709391,0.49574938171101307,0.2665700469528791,0.30752768958467225
SAMPLE_04306,0.23124500835165768,0.190799576463756,0.1830694609436818,0.6674692024548208,0.21893573860622756,0.18788388157128608,1.0,0.2643577995757397
SAMPLE_04307,0.9313833558659386,0.25848322843227756,0.49987358985627106,0.13703881031058524,0.19939771563074166,0.43220500084279806,0.30857326268535157,0.23116258007898235
SAMPLE_04308,0.45878759658079227,0.3129746345261445,0.11161777995753343,0.8486805470098152,0.33939785445324117,0.23905116022221354,0.17573684843868126,0.34883357434040857
SAMPLE_04309,0.17436870085316516,0.0280014892527091,0.056867070008094794,0.048764012124245755,0.11135310956723332,0.09242809004045509,1.0,0.13227434760483028
SAMPLE_04310,1.0,1.0,1.0,1.0,0.5563498094286509,1.0,0.8605636336760775,0.5952672648819703
SAMPLE_04311,0.5166024033019143,0.6574860762848403,0.4999419587667121,0.961576396686988,0.7302643969449898,0.1421614645851337,0.08332724715639007,0.7148008848022689
SAMPLE_04312,0.8721181261146642,0.7465467294484948,0.08266801029143982,0.370083459157851,0.04148771237935393,0.20582124083952852,0.10787931151306414,0.012129274746740639
SAMPLE_04313,0.7141501822351881,0.21965324678731615,0.20887833687076554,0.08574826742134373,0.09235811350289254,0.31294433134923716,0.2644320930628517,0.19727496227790536
SAMPLE_04314,0.8179815109636688,0.5564505742039279,0.6906990816890394,0.7626132819407324,0.6869616146183775,0.5328975603979377,0.42526673516112384,0.5679099795073365
SAMPLE_04315,0.5568402156725429,0.2574945162452203,0.6010570534751564,0.321021358675332,0.8958112207303436,0.3008203730420918,1.0,0.931278294747729
SAMPLE_04316,0.7332825566580584,0.5492418273425922,0.4701925700902259,0.9468715715409733,0.31925951113137235,0.5164405674630779,0.3832309057619391,0.37031695852432805
SAMPLE_04317,0.6927284006430311,0.4877916317753904,0.4979390266203913,0.813377009699683,0.687029516412666,0.3570216106570345,0.1951308366170757,0.37769060303324165
SAMPLE_04318,0.7906858710505931,0.4096337207929716,0.4487321424620832,0.3833922448719085,0.24830570045163267,0.6314989153930326,0.39614040478730106,0.1907765219429718
SAMPLE_04319,0.37685891758648243,0.6641716270838564,0.34971587773049734,0.7312932559336434,0.47777438797882193,0.06422017204712586,0.11881209466041226,0.4402398032049843
SAMPLE_04320,0.7253439881862838,0.26631764052621093,0.3639250619905642,0.7158486106581177,0.28177371456860667,0.4374561277718115,0.3454557230417262,0.34155128573620114
SAMPLE_04321,0.15288359958419498,0.10671907521538294,0.4166514434842063,0.11060210185887716,0.6444462302038524,0.24138630069206027,1.0,0.6845627475108146
SAMPLE_04322,0.536734807027043,0.43799303188444166,0.5600835380550347,0.8797645807661789,0.6618032391139483,0.16735618877896133,0.15732320253693105,0.5344601966292827
SAMPLE_04323,0.7119815886942716,0.18112612469092687,0.7382428613958295,0.26180559795028685,0.6045343691604876,0.48209546398433434,0.11513439384033965,0.5229266687068209
SAMPLE_04324,0.32273177279996346,0.5623185249997804,0.42127597521602406,0.826802133391311,0.5467232797851729,0.3631836307828405,0.24356235069779295,0.6111868962238138
SAMPLE_04325,0.4301164525622862,0.30381458877784806,0.5501653627604021,0.28520071419157617,0.7611952969061135,0.03082789759797945,1.0,0.7816707446880377
SAMPLE_04326,0.47001822450255204,0.37188418984177113,0.5026799561402653,0.3139040986400084,0.7599056296427499,0.14077387829590488,0.13819419199822927,0.6584283322417692
SAMPLE_04327,0.230161050030269,0.525467096031873,0.2138006967635929,0.2978476453297344,0.28940791566590646,0.32494936281791925,1.0,0.33349305088093356
SAMPLE_04328,0.45588824862891136,0.13196856139705737,0.23413030770171692,0.7233167388809656,0.6833214906278651,0.17736571205066973,1.0,0.6280937731638894
SAMPLE_04329,0.6433939378434472,0.6611266193373186,0.6385645337036211,0.6370923832597636,0.5976086900478512,0.5820416415754603,0.4905999611556432,0.4986709010122613
SAMPLE_04330,0.7080732301956061,0.46352463552568357,0.32072341932735765,0.5898808625437927,0.2394092720069811,0.4920237931041303,0.3258719063582173,0.33552590883042094
SAMPLE_04331,0.7787813291389883,0.43558350891478925,0.39006326736871266,0.5259462450723179,0.15266687159371337,0.615449848171207,0.44681544905352016,0.22745874939380395
SAMPLE_04332,0.7614031180139629,0.8339379260530667,0.5219747793754186,0.9244141718055617,0.6223853041976654,0.09850617351766541,0.13629647818430934,0.2508125377647719
SAMPLE_04333,0.03705360592336275,0.10477990776318616,0.18059213284996492,0.11038676646284369,0.09297458547441834,0.11672627462193397,1.0,0.13448039895571676
SAMPLE_04334,0.6889263003599689,0.3431218210463521,0.23582102467522922,0.9304552021618833,0.6851531485513584,0.2833554379460691,0.25020164701389674,0.558075154318001
SAMPLE_04335,0.8378144990610945,0.2751863198220509,0.11868930535224818,0.14194754550196725,0.1093623432740133,0.25661543131155734,0.25194521803331105,0.10430418848041323
SAMPLE_04336,0.46479622538156756,0.3962961781237417,0.48771682984751746,0.9128361902145603,0.5003073498670977,0.28126043615304136,0.17877543052108646,0.25694147430240294
SAMPLE_04337,1.0,1.0,1.0,1.0,0.666657924188404,1.0,0.8560166950331103,0.7847683486842782
SAMPLE_04338,0.8725846487322142,0.6779634305690994,0.46532684482842085,0.5281512924194801,0.5587533563700896,0.1915671458609779,0.10317035173281577,0.32435656214212866
SAMPLE_04339,0.7267956438444231,0.8055308257265021,0.3756265979697518,0.865135512137367,0.9781417197288462,0.38370076348362464,0.22967585284449313,0.5810900250132871
SAMPLE_04340,1.0,1.0,1.0,1.0,0.42314472525200225,1.0,0.8477814640181002,0.5554588420140611
SAMPLE_04341,0.6415186767590643,0.7022329006201107,0.48606455029253215,0.8025462046041333,0.38400162828850465,0.6089044251857253,0.5090934926770764,0.3826076041958975
SAMPLE_04342,0.64788013582091,0.5574822277419524,0.0677151725110775,0.3076520034340469,0.12150099571223864,0.261876066544716,0.12605851339877588,0.11654927948365598
SAMPLE_04343,0.24550586725000492,0.12242937503794223,0.6471136494709645,0.7719202490288959,0.8317122048472165,0.08662675643629146,1.0,0.851297662331022
SAMPLE_04344,0.5312725325433328,0.1218778340468282,0.4847708594697981,0.21938573300420225,0.7282601794882952,0.2798659241804383,0.12772433647743822,0.761187830736355
SAMPLE_04345,0.10523132544692743,0.03651146883269889,0.044882618541763404,0.007258881970253249,0.22192327132565398,0.10877710394953327,1.0,0.2588567269914723
SAMPLE_04346,0.5524713557110386,0.21470117050039433,0.5995766475494356,0.2481915871334566,0.5951756616751658,0.5993543144834887,0.5563429284482084,0.702643240157248
SAMPLE_04347,0.7195163028829141,0.6654685703845572,0.5335952945295729,0.8917660527162433,0.32464409385179144,0.6457989026459316,0.49969680561282975,0.3897539216979537
SAMPLE_04348,0.36658912754167683,0.6189234913843966,0.6872645348289296,0.7639507915514526,0.5605760019303657,0.3932880407143,0.22969564652774652,0.6132897562315425
SAMPLE_04349,0.5765434021175005,0.5936926264892682,0.5341035636779841,0.8057356531124783,0.42518393257076825,0.14428410870210628,0.19490316975065905,0.2976114539545772
SAMPLE_04350,0.47836946897042953,0.08677542127519429,0.31959445146626825,0.09524409515194199,0.6431093667969839,0.08333657281414963,1.0,0.6895245279262768
SAMPLE_04351,0.8527483432051439,0.3189613667557086,0.26130069288404856,0.23882361720570716,0.11713783280575658,0.23824103256533963,0.11628586261930375,0.06680361513964048
SAMPLE_04352,0.28444047675498346,0.6060239693501802,0.478100806434463,0.9096782126999178,0.3138350452869729,0.31072527689475576,0.20400584169980857,0.3247927271940369
SAMPLE_04353,0.44659120912905337,0.6603369432010013,0.4818201447528557,0.7449487465120657,0.6841152246665614,0.15830868687540253,0.12580343716197115,0.6951382379713339
SAMPLE_04354,0.2754373607240443,0.6943463630257476,0.24752481103215127,0.8543337600520737,0.6594068420986311,0.33777408996633224,0.0737619500331162,0.5144256885155901
SAMPLE_04355,0.1127593084716073,0.06786828249025033,0.24772873440768478,0.04728472880518193,0.4592748928597537,0.24138497620348434,1.0,0.5384013977197224
SAMPLE_04356,0.6354822723252024,0.5504260366624877,0.5861270363884916,0.7556689182508067,0.34980331439353995,0.462433576636717,0.4552537033084996,0.419573683844363
SAMPLE_04357,0.3147944458777047,0.12021013998461945,0.038824292856064736,0.028461443380932056,0.355444168337143,0.14633677079344973,1.0,0.41393659050215115
SAMPLE_04358,0.858813543090095,0.2567056603249322,0.3067577154937237,0.11749368921816679,0.42039810026803387,0.5198936345929287,0.26547381120414243,0.2649230883632634
SAMPLE_04359,0.33753721605496045,0.6361472224814205,0.40014422853320514,0.974869030326709,0.24345040508443247,0.19559216202434593,0.12603946968536636,0.2848277800605921
