sample_id,Ampicillin,Amoxicillin_Clavulanic_acid,Cefotaxime,Cefuroxime,Ciprofloxacin,Ertapenem,Imipenem,Levofloxacin
SAMPLE_03360,0.7881583454631723,0.04819947436086935,0.08698108963981416,0.03107396826815945,0.09601246259489746,0.20636274470203772,0.1713749783113311,0.0658632817624254
SAMPLE_03361,0.19921866246715006,0.0232861683286557,0.027878476708540403,0.05935997646117455,0.09788634354044536,0.12022346858945339,1.0,0.15707530182036444
SAMPLE_03362,0.46425497471325494,0.22396204836788045,0.36604243863025643,0.3213781134176306,0.6744344004408125,0.22259255474558556,0.06088208277459131,0.5506965886863171
SAMPLE_03363,0.24664243680203904,0.0295305578645595,0.20702053498088066,0.03296889091146025,0.1953476673218818,0.1313936728408723,1.0,0.19063336242344522
SAMPLE_03364,0.5492746045079924,0.41151982001073983,0.44423740063639183,0.9113563137159895,0.6998948864384867,0.2185842790047519,0.09355167925988594,0.5169174148393036
SAMPLE_03365,0.6664202036174757,0.2664874199721585,0.44912628080447586,0.7535783268874061,0.3465182725457586,0.15232335294002536,0.054894762398288055,0.25407911624792323
SAMPLE_03366,0.6185782987427038,0.0521881533790934,0.22143271830930344,0.8665624806427856,0.6505752477633892,0.0684420505774404,1.0,0.7102539361398574
SAMPLE_03367,0.65112577618145,0.41066014170921605,0.41471970008927755,0.9259661779097976,0.6049743321916949,0.1403250930140894,0.11828229012625646,0.6177385705046199
SAMPLE_03368,0.4420463523089375,0.07236222482833506,0.4716127302319739,0.8593925138453259,0.8536086796368303,0.18607535227669988,1.0,0.86048106479708
SAMPLE_03369,0.7529118135350147,0.581256841761626,0.33166808887884514,0.9178896393531436,0.8996099278267873,0.31813742116127397,0.027543744070304847,0.8822027373137671
SAMPLE_03370,0.6532705617772737,0.29195206515597016,0.43393421169280266,0.8799646760618376,0.39234798175690033,0.30017500044169393,0.29801561574597274,0.24969129611506
SAMPLE_03371,0.4755180694565604,0.14287473679617005,0.10337491878423409,0.913724507466801,0.13165967741970294,0.08156635287674635,0.09841860086350535,0.0715524577252394
SAMPLE_03372,0.6077273220422715,0.4882597511235425,0.2576406177882023,0.8725692384985748,0.3474810320044136,0.1968366172786486,0.2733530551958084,0.2721195448323498
SAMPLE_03373,0.7283763630677079,0.5014246627189249,0.2834452465753245,0.8700554488787959,0.12286199009957366,0.23476916247692706,0.1565972350343414,0.11751828313975715
SAMPLE_03374,0.1858183552670159,0.1851138253564591,0.032684047159162,0.047861613340147796,0.2729271798589862,0.07528502833393674,1.0,0.28809280921006464
SAMPLE_03375,0.6875553802692751,0.5050633285218279,0.25434891552096067,0.8726140486006264,0.3339323813310696,0.053396736632264255,0.047729514748485496,0.2527057158079086
SAMPLE_03376,0.2356773442885413,0.33538324189781776,0.32781076915013463,0.9159091039871046,0.5306476036355878,0.1582417858230404,0.08051829363854959,0.41021630625653727
SAMPLE_03377,0.6549470506215278,0.42088799510751496,0.25443552427265337,0.5767978918462655,0.5576723036527363,0.0706170396027878,0.0428747202400145,0.5245589772470691
SAMPLE_03378,0.8438069814252886,0.19600539989311822,0.07231542059273205,0.2531790353863915,0.08774615911385995,0.1159914190968053,0.06207817131491645,0.12583038707466024
SAMPLE_03379,0.7744751327718133,0.729028448059095,0.4527123658481443,0.8977775730044392,0.1584874603442159,0.4534583527231364,0.3236673684311262,0.16529206082028558
SAMPLE_03380,0.7974304238677173,0.6831431573724975,0.4936506427516385,0.6283725408816856,0.9180345952461254,0.17096977778810551,0.08373218155365131,0.43884590595018586
SAMPLE_03381,0.40361603978387317,0.500593299108261,0.3999043387422919,0.9122251899315235,0.2537281664257419,0.2418309445685252,0.0662347385244576,0.2124482821511079
SAMPLE_03382,0.8476240705497442,0.10046201917732604,0.12072218368459744,0.18165546022049622,0.09049461794048999,0.2605548246120465,0.25698000804357657,0.06703494288686865
SAMPLE_03383,0.8521408197285678,0.20220626567713484,0.2146793382447799,0.1787411778800915,0.17179050415394762,0.2547117035128241,0.15951278193841956,0.192563669001498
SAMPLE_03384,0.8627978556392888,0.2346616254093158,0.3993537998129708,0.3636151003469916,0.4457361767169788,0.4806162572628512,0.3858352773557888,0.5081470546845372
SAMPLE_03385,0.5832608194087282,0.3793259015379765,0.2790730108091622,0.8420413257951049,0.4493766495988319,0.20165850769344346,0.1240583389389291,0.24002365333841905
SAMPLE_03386,0.7725444093697683,0.29755893070243855,0.3108217715496425,0.8140343582945024,0.561513262049315,0.17045277408454337,0.0971118340516509,0.46110557913256045
SAMPLE_03387,0.02964429229311795,0.047105401591442296,0.04529146203976045,0.0833403614784327,0.16895575240557414,0.14811371349713595,1.0,0.14462901301116757
SAMPLE_03388,0.0241549373247765,0.17902157705845104,0.09935995954663054,0.8372712509314515,0.5021498920941593,0.0650501826322783,1.0,0.5099144938610836
SAMPLE_03389,0.877475824202706,0.1011265832428339,0.09361733030480014,0.03275062288027275,0.33369313637815723,0.17854792219441143,0.1511334599587084,0.05786366761348105
SAMPLE_03390,0.9164751942012348,0.569715145295141,0.03392392161354955,0.1962523235808402,0.0293307362568762,0.07025910561281426,0.02306227425296455,0.01926647678893125
SAMPLE_03391,0.7281095585789956,0.11819263655569365,0.3316372658997169,0.11353740988668394,0.40150087597676176,0.3466678567951777,0.23100579363044982,0.2325540989854021
SAMPLE_03392,0.868638772770564,0.0591646488816831,0.060703983724562795,0.1200307347671303,0.059848047392162255,0.1794015561861607,0.11697292671370045,0.03533221430675955
SAMPLE_03393,0.9149631563771348,0.2722389079256402,0.27288836725654947,0.06903132727663425,0.23594855384091346,0.31843153464456087,0.2415201939192436,0.1715174169937671
SAMPLE_03394,0.9104761226810401,0.19436749287402869,0.19755883521715065,0.1529475014137092,0.22523741619071705,0.3004889277039417,0.25074108372540277,0.20852752768234542
SAMPLE_03395,0.8691423213551637,0.043782167425948496,0.3087561565413849,0.1224720147410651,0.38794836088282514,0.20586906885328324,0.1220467042928235,0.1649842256630455
SAMPLE_03396,0.34352166327688266,0.069979765653439,0.03482031291170735,0.0514512847567255,0.18476195815138902,0.077221613424494,1.0,0.22319344749633319
SAMPLE_03397,0.6281304314455527,0.45534326751785054,0.43274697143582097,0.8673678754435825,0.39013995028239556,0.2129978255968249,0.1452829258455639,0.40929493829921537
SAMPLE_03398,0.42865037892972263,0.34827076889918757,0.3631700843225473,0.862800866273558,0.7088339046543362,0.2638429984853704,0.1991191416661051,0.6087648627944899
SAMPLE_03399,0.3701304001990682,0.33222243954549574,0.02479201845929685,0.04369648574425025,0.468480525317577,0.07170088116876244,1.0,0.5235348147464877
SAMPLE_03400,0.9261426031392108,0.1631850616307551,0.1772520244147998,0.15156774112309557,0.19249809575693982,0.1438190854686065,0.13884043354681483,0.1332796972701389
SAMPLE_03401,0.9229728751292472,0.322257610990036,0.14044513797926805,0.10054340798311046,0.0531261149406915,0.3481212129462926,0.2488922787793847,0.06379727896128955
SAMPLE_03402,0.3247796308211101,0.17821798652256532,0.31146424119140126,0.15948825437373335,0.6566818884990866,0.1140765455454664,1.0,0.592291759039493
SAMPLE_03403,0.9159724298317754,0.3219409276473902,0.1623112597383919,0.3317396719565228,0.2512272523730313,0.42952493462056307,0.23665640288166798,0.2747038041972379
SAMPLE_03404,0.6910525665428433,0.6490835253457027,0.47927569858611135,0.8696458152498491,0.5605395623559475,0.4713388482008788,0.3449814136422639,0.4910833331524322
SAMPLE_03405,0.6860715399465941,0.5386808205352556,0.3973980286701266,0.9190680964947426,0.828393447193571,0.2872919120942978,0.19750003776208666,0.4492344613967279
SAMPLE_03406,0.796639343483296,0.13039627420766325,0.3200828681207568,0.07535214141416945,0.1746507490111757,0.15840167561583066,0.12783238874993105,0.25551368118245904
SAMPLE_03407,1.0,1.0,1.0,1.0,0.20382900989435082,1.0,0.8978705215496113,0.47320099697059265
SAMPLE_03408,0.7571023364871072,0.8391233615463463,0.372818960928441,0.8776246633337481,0.18108986997847432,0.4097739923199397,0.3141861028557158,0.1700877607959575
SAMPLE_03409,0.06184947057509915,0.28400500047789795,0.1037107884273341,0.8039500420145325,0.46580605721453927,0.07688468265440654,1.0,0.4381675453996245
SAMPLE_03410,1.0,1.0,1.0,1.0,0.4100202853082597,1.0,0.8955806588079733,0.5451486052590712
SAMPLE_03411,0.8886355486160582,0.5137043384828108,0.4561746153471571,0.32220093285545504,0.07175815432152315,0.5637601681009691,0.3631199899590923,0.08833126231160969
SAMPLE_03412,0.804097989198725,0.4515191253889911,0.11021015537723285,0.20692938897133656,0.14954212976871817,0.41473716435976526,0.25943939595992516,0.1931458713702219
SAMPLE_03413,0.7871310988658602,0.25731861698608355,0.14145892538189364,0.34396587646144905,0.0571678725459835,0.2533259469566671,0.16503970104702737,0.0279354089885233
SAMPLE_03414,0.017572864488046548,0.04794491765246825,0.2652632135707853,0.3189622827937638,0.5732229445413997,0.01672394691833795,1.0,0.519497415653279
SAMPLE_03415,0.8924723725094642,0.0798453879783647,0.1744407267398391,0.0650856995062889,0.07694645353854826,0.2869680735067668,0.19706941182539015,0.05589598757104755
SAMPLE_03416,0.8657910286335827,0.4891138140325062,0.3411091240273043,0.8955331935292924,0.3831488563587854,0.4459778101316137,0.3499993003521985,0.33283634641201093
SAMPLE_03417,0.13758667760190904,0.019982319309541748,0.0360142815333348,0.0159707599165115,0.1292173797024089,0.13424563370105635,1.0,0.15850299476184138
SAMPLE_03418,0.7411316749492438,0.2256738698929853,0.23088376138251454,0.5242325323270748,0.2401643956041633,0.36239902940442437,0.26724148987318064,0.1545097157882927
SAMPLE_03419,0.8641392457500183,0.531841177107443,0.44406466244362325,0.2266379905195913,0.25777683835545817,0.4318550713467399,0.29413098785347175,0.259894238800629
SAMPLE_03420,0.8092470421020577,0.5159949837926776,0.7545157318912135,0.8642227251480026,0.672663291038994,0.40454278103695634,0.3528549979805425,0.6882130817232689
SAMPLE_03421,0.36227744380050897,0.10999127340747904,0.17791980477739391,0.11323233711520145,0.4928234552711861,0.1154168807183397,0.04338849999936835,0.49902362561409536
SAMPLE_03422,0.8007902975152437,0.5601290086160564,0.6237648816967201,0.2476449495049683,0.38762932500459313,0.21999770190211976,0.1872350201028801,0.44103606075292895
SAMPLE_03423,0.28463717851534187,0.14947182215605492,0.2711583955045146,0.17610464718850935,0.3289667503128221,0.16292884707392274,0.0801209583837072,0.4139515138374472
SAMPLE_03424,0.5191139109165396,0.24026889237286145,0.3465482252489176,0.8992843474974495,0.5302246331695457,0.2097429186613598,0.16829535919560537,0.35747401627235237
SAMPLE_03425,0.769951297124756,0.4941816486606585,0.22000997013324863,0.7271001431364494,0.3501002259419384,0.5645440770330589,0.34335433281379535,0.22025826925170916
SAMPLE_03426,0.7627747446666406,0.4707957256330776,0.4286625310838107,0.9556480433985691,0.5493955955287881,0.44233052864349687,0.30719345674623527,0.3862711977281582
SAMPLE_03427,0.8369714472837839,0.3874259330723722,0.08797099706404655,0.21848721080073205,0.282872393929987,0.1560683529303019,0.20826785459272418,0.11458549750924374
SAMPLE_03428,0.5096054506391864,0.40276964343268096,0.18736694506082308,0.9777431437666746,0.3746294743066253,0.0727371685490742,0.06820882621407481,0.2791351880686229
SAMPLE_03429,0.10969289778551575,0.0280425286022554,0.4422802350562387,0.13168186360086706,0.3566836856627984,0.028562665625007748,1.0,0.36319115934300894
SAMPLE_03430,0.8574635156277135,0.26699234852826065,0.3076453181270259,0.7235122806155418,0.44191896777196227,0.36759685343502096,0.2869756635343964,0.38466796946940734
SAMPLE_03431,0.8022784718040099,0.07016048675235875,0.38145211731389106,0.2713435374009189,0.195883113584672,0.272550901320819,0.3133274876820428,0.16219088470096849
SAMPLE_03432,0.7811330519927149,0.309495282784882,0.7163213783315427,0.8985565618034439,0.8803237154494119,0.35305622341720655,0.1354710669797415,0.6726201066842932
SAMPLE_03433,0.16156170266332426,0.06665011634713154,0.0347797102573858,0.22032072063056285,0.33825394265519393,0.20882043124555694,1.0,0.33067946317923724
SAMPLE_03434,0.8758085842838845,0.2416595868480127,0.23686108048864496,0.34322343752932244,0.25492079705791015,0.42679211610283674,0.2135950440981329,0.2013225238064575
SAMPLE_03435,0.870308686683378,0.1640884593354099,0.1607232134355965,0.12205355203349391,0.036754495649114996,0.14872105852461304,0.14114699553438598,0.017188664646644
SAMPLE_03436,0.9209752747240062,0.1631976504484983,0.35144629248506015,0.28774627483993215,0.0846101850219317,0.21470299213341565,0.11962705377943815,0.19871162172193485
SAMPLE_03437,0.8971428215552868,0.0875244323416561,0.17559148362134705,0.1129723610483212,0.18820662928481005,0.1505811149781039,0.0827509704660721,0.1678813175198079
SAMPLE_03438,0.563165746519692,0.2888913059282364,0.3988869867346341,0.1618920593257043,0.764323880455455,0.2083816389773612,0.1939997859782873,0.6819303166536489
SAMPLE_03439,0.9001344833718462,0.1334854278741649,0.1049474652448676,0.054273471611975155,0.01303550858776155,0.3051694391601736,0.22344591748185041,0.04496348599202715
SAMPLE_03440,0.8063010280169892,0.3524881061782681,0.3864406413881383,0.8263158786521007,0.9669334186049143,0.3327703541325232,0.12160200307708205,0.6917720516551336
SAMPLE_03441,0.6878460135327441,0.30798837699476106,0.3499470817781499,0.8771337915649995,0.5283823576179227,0.17226622073396017,0.1141765361638326,0.44787004916966106
SAMPLE_03442,0.8679745587221992,0.3373888856013757,0.15866873923967684,0.34706117223057786,0.03695633057847855,0.23542544850084818,0.27803298587259595,0.036614679451033895
SAMPLE_03443,0.9126391961528648,0.5335369482739903,0.3310840234526433,0.235070929393685,0.657801900132151,0.2785846847392084,0.14563839027039835,0.42067491589446726
SAMPLE_03444,0.36053427003645844,0.08471394963010295,0.0254166211710571,0.7837012713035678,0.18386260599363616,0.0257216752271171,1.0,0.21433170971902116
SAMPLE_03445,0.7804674313305158,0.41855942784715205,0.29993899775962457,0.8779438987252233,0.2692382084925477,0.44975579773981184,0.3514287295888318,0.1909923187832294
SAMPLE_03446,0.7234307017500688,0.20147866459978012,0.15476541066081925,0.4829449383239106,0.4691237452082983,0.30689076680877797,0.256670717731942,0.5412991842300214
SAMPLE_03447,0.8063013845757676,0.3296198655907656,0.4190650350002807,0.788612684657154,0.757538212537334,0.14389787646945623,0.1018972893903822,0.4856553447866235
SAMPLE_03448,0.8999667220879144,0.715722873399186,0.31510081839316784,0.5551945592166707,0.1442497257055825,0.40235336450742326,0.29558178151271974,0.1069956960026391
SAMPLE_03449,0.5805299664770663,0.25000643226056257,0.07535289663418121,0.8206681880908416,0.01443719651347555,0.2545336796557259,0.15057051619920256,0.03174681451168805
SAMPLE_03450,0.40430303130776546,0.3133035648959168,0.2610240253585842,0.43883991946674383,0.07595306721322265,0.23626482358906079,0.13644062066717735,0.1059188051874597
SAMPLE_03451,0.1457165029285414,0.023571571564343852,0.5026005473179708,0.6791902811896853,0.9559806853494504,0.1209486378888867,1.0,0.9579145186917567
SAMPLE_03452,0.6506328360287428,0.4355343706630348,0.21064696185498227,0.8507997465631295,0.4275073702953385,0.12021410137938965,0.07056162848879015,0.23748454366698962
SAMPLE_03453,0.4788181487763867,0.18162021780179663,0.2394882015519538,0.20479013303518256,0.471903004505965,0.16972897981251997,1.0,0.4076158979594251
SAMPLE_03454,0.8262731992036207,0.24835044695134229,0.16061835230918595,0.15035783142820575,0.30115547219548233,0.14800433348086656,0.10882976607281715,0.1707669752618257
SAMPLE_03455,0.8376366632429394,0.16405280675866876,0.1300552653386256,0.09169863759981794,0.16491758588617295,0.2884981497976761,0.19367358340798765,0.12320814316208735
SAMPLE_03456,0.891476115237291,0.0679179862368885,0.0765006565265501,0.09205910935505231,0.1882643111022173,0.17065128683684197,0.0999172950497428,0.2037782726084455
SAMPLE_03457,0.6772583248166595,0.9552748761962591,0.5271182088222041,0.8494965088917703,0.9655268768705663,0.3913321748687627,0.10726368082251819,0.8170455600791395
SAMPLE_03458,0.7976766180592951,0.652883123320781,0.5861626445785256,0.9449488768760159,0.9397826026318374,0.3083925442278222,0.22561319557545936,0.285010912416506
SAMPLE_03459,0.7984703474466135,0.5743159453073935,0.39142942350137616,0.30727577726614785,0.13172977866064725,0.478535841018698,0.3235998413263501,0.19089982709400058
SAMPLE_03460,0.8333066343144049,0.6000256082119452,0.3956164352918181,0.3622395578267131,0.24247160235820164,0.3387908640783248,0.28109771754284346,0.13416674194512174
SAMPLE_03461,0.6580864714856041,0.5694716369990822,0.3710300770089449,0.8702038015710005,0.6660706220542365,0.2511722600965345,0.07090129575015171,0.34730910739032217
SAMPLE_03462,0.636028199498552,0.4402761453408188,0.22501867387168004,0.9645256179801311,0.17483671894055075,0.1777024163883667,0.0875738695054461,0.229750246733343
SAMPLE_03463,1.0,1.0,1.0,1.0,0.33144714641313705,1.0,0.8949071879292139,0.5579402180207821
SAMPLE_03464,0.8729759644443297,0.4795159017621212,0.053633332195467696,0.10669485436922135,0.06648389450162134,0.1137877357761853,0.08150129832871669,0.0353316271527441
SAMPLE_03465,0.7844473006404531,0.1909936167877998,0.2048817906747543,0.21155216555406814,0.34794558743366577,0.29301321762547416,0.2013253848957363,0.39622292096823764
SAMPLE_03466,0.49872833709718806,0.14397495837674634,0.42090212396898324,0.1376218072127099,0.6486545914810322,0.0945518680312098,1.0,0.6297978117921104
SAMPLE_03467,0.6521032208488624,0.37951350838834336,0.8237160736408662,0.8835002178002123,0.7056137986999845,0.30452791783660904,0.24338582680366783,0.6331503566588645
SAMPLE_03468,0.44684410742138375,0.4353768834765475,0.14821986388701225,0.3065643107171313,0.2575962825877586,0.1255995679681586,0.08554264731935211,0.3382620957530243
SAMPLE_03469,0.9041382942351528,0.2002078295521082,0.08310677386939035,0.1301354131941377,0.17728260719940886,0.2848796429498307,0.22552143751567075,0.04574583116486245
SAMPLE_03470,0.9368104218333393,0.09591294729907669,0.11596246614578105,0.0323977877016274,0.13489153317394137,0.2744510322918673,0.1254981417734176,0.1704677169634472
SAMPLE_03471,0.45244602020267294,0.09033735729671935,0.3416974193603925,0.1083174709752948,0.6993587501430796,0.024727785456120248,1.0,0.6425585369748831
SAMPLE_03472,0.8814731337424264,0.35079205444495787,0.0571083468865998,0.2985475839115651,0.053776285146703545,0.18330617047164235,0.11083956747225775,0.06964597721691584
SAMPLE_03473,0.506485753451154,0.22322160124616594,0.29242017970441697,0.8257534906800791,0.9525629982265825,0.07921375300496898,1.0,0.9363098361313764
SAMPLE_03474,0.7796358417639337,0.5543315320039074,0.2592644713417144,0.23943675112973237,0.1368612955981097,0.3251798054964954,0.1964220601882003,0.12078705755833245
SAMPLE_03475,0.6435263926342091,0.46841828132235763,0.34756546645221437,0.8338471770063687,0.3559137428686811,0.20703446100850845,0.09838444743785581,0.2988092095113569
SAMPLE_03476,0.8216374283992725,0.15821157520020715,0.1093958087390368,0.02366898745132665,0.09852690532258365,0.36814637004386086,0.23607740344876443,0.1211984031022781
SAMPLE_03477,0.7769550815316284,0.2275359502395143,0.32231398129065647,0.8231506471012464,0.5407533500803356,0.19117442448038416,0.1729698312400437,0.5228951850809709
SAMPLE_03478,0.8536336473013179,0.28759305222924275,0.39062780167674027,0.14926476560164476,0.41501700244206463,0.47713390495095664,0.2682387816438835,0.3864574304581013
SAMPLE_03479,0.9084776039785847,0.7143559910471073,0.38730048326552446,0.8923714192330439,0.5215865462373778,0.39322038873389026,0.22262444251219554,0.5326952968893844
SAMPLE_03480,0.9363065420235932,0.169750644959351,0.32571950694823526,0.2670430393571116,0.5568397473840943,0.1855627912621937,0.08608908146703259,0.3704328748061666
SAMPLE_03481,0.8953051937643415,0.21545593830173135,0.1620901232144323,0.3188865343916094,0.06925019826321199,0.260350618475666,0.2390114843376267,0.0693120964651214
SAMPLE_03482,0.5504558040836789,0.15018170136200418,0.32272415660993814,0.11306280825952826,0.5995859563803136,0.26205529980044323,0.15140687749470105,0.5774526829158061
SAMPLE_03483,0.8369745277724633,0.24244792744526458,0.34746095688602374,0.19490130129867436,0.22278795220949826,0.3409998823249981,0.16964042804618956,0.24626717493900263
SAMPLE_03484,0.7736183370610406,0.6869011652530217,0.6221258984061602,0.7356889878184603,0.6161002832567128,0.4850479773026961,0.34069563628863114,0.6671705659126793
SAMPLE_03485,0.45044411883675894,0.309690534642771,0.18646791719079725,0.4820044165540682,0.5216759605347326,0.076727581519605,0.02004096648006476,0.43687580672101417
SAMPLE_03486,0.272045781921621,0.17862689764728695,0.1175953798917705,0.0798459954569377,0.7123724192218295,0.1357278737217328,1.0,0.7511871289721043
SAMPLE_03487,0.7631053166026174,0.1797982386159452,0.17946585972758325,0.0684186257615315,0.1383582033180023,0.386719917994338,0.37689408044916084,0.12251095240139451
SAMPLE_03488,0.7897873764371566,0.1668177007171849,0.3221670850342273,0.8545329043403617,0.655308463899986,0.20364840224766317,0.0772278937098216,0.3798861752732126
SAMPLE_03489,0.6126793801846006,0.3758522177407445,0.2632975796842532,0.8897571933719657,0.1991759727108006,0.1841397086891242,0.1867524147378418,0.23842629436638854
SAMPLE_03490,0.4545997840796443,0.1486796667839066,0.1643418896770864,0.1045458281825523,0.5916597524120841,0.09744642219399174,1.0,0.5889150192800005
SAMPLE_03491,0.8894702857134809,0.5488059700954199,0.28965476730382256,0.8227999234198513,0.2885277559924374,0.4085145961066164,0.31282532271821784,0.3094022261935935
SAMPLE_03492,0.7694213423535641,0.16663236296865064,0.25948205154580006,0.5614699675452159,0.29316126116318314,0.2604397592860251,0.20188141331848605,0.18852057751599577
SAMPLE_03493,0.9316395190001956,0.1659661522787172,0.6632416811009717,0.29104294350903603,0.6716531467862946,0.41721664867295566,0.14203630607827444,0.6238887005715704
SAMPLE_03494,0.4464699518238767,0.12589237646986914,0.05855623228251315,0.6470640722975143,0.39836849659647117,0.1658153129323899,1.0,0.4571999243327872
SAMPLE_03495,0.8758083056798112,0.2171943989597574,0.25257237144520667,0.17717678424463196,0.08754865876898739,0.38862478221039715,0.29073944827095255,0.220683438758046
SAMPLE_03496,0.7969702122846587,0.1883903316124936,0.07689016109832135,0.2684656358640425,0.04317508029305745,0.1931115490738082,0.1046476163797038,0.07007200320215935
SAMPLE_03497,0.7369023360323258,0.4542477912972207,0.6355271529845969,0.7041253866051408,0.35451412658248893,0.46215457260564174,0.3252341240414957,0.30979502071138054
SAMPLE_03498,0.07200833263152714,0.17427840964557287,0.1199308285635626,0.22207936958217522,0.40571789045567963,0.045723698789885844,1.0,0.6082931980588238
SAMPLE_03499,0.830304072867478,0.37438129458061525,0.3618957851801185,0.9556808041082455,0.4453449105335512,0.3596637228733902,0.2933609942996119,0.3874174429577649
SAMPLE_03500,0.9376390164043539,0.1807661569222154,0.37191180661442264,0.2903027251563144,0.49920667902700583,0.30385203704371705,0.25941397926968,0.3614239324933312
SAMPLE_03501,0.6110896146153384,0.4052453506565336,0.07920812629051589,0.952712944091751,0.5214642463374176,0.09855611680149745,0.03638299998605791,0.39607377149982015
SAMPLE_03502,0.892971190979262,0.2310336824287898,0.46805752508092796,0.15372161011657864,0.4267711471606599,0.44515776909542804,0.376822895250315,0.48830020400573004
SAMPLE_03503,0.9321422075771202,0.13848093334277967,0.2400840682429984,0.15884007404313977,0.18023469409538861,0.20057725817672542,0.18431383009371044,0.14433418858007901
SAMPLE_03504,0.5770073905250991,0.43079606274515647,0.2708697304869207,0.9409990248344312,0.29201770703126095,0.25068462221438803,0.1035495892962864,0.2564406410708158
SAMPLE_03505,0.8517994075941239,0.35806748423772317,0.3870523132899084,0.46325616899387856,0.4175746248493852,0.3873129680324306,0.3302749238990563,0.21969037362590416
SAMPLE_03506,0.42469576574940326,0.05746167003934475,0.15174440509374548,0.3231113908130413,0.2361654555569075,0.02590928016399435,1.0,0.20458254368987344
SAMPLE_03507,0.20738941306188208,0.055519202194228255,0.0580867348662723,0.0370155498384929,0.39139999448181817,0.16109725403015934,1.0,0.34180840366580617
SAMPLE_03508,0.946639775264045,0.12688365085229936,0.2211326536876386,0.20216539667855554,0.28059955478813203,0.15429311186374745,0.1803590362359526,0.25251423520150273
SAMPLE_03509,0.9126386308391219,0.1884566089149736,0.2303521841838622,0.1352945994803718,0.23991855524473354,0.3951943316262126,0.16819664302997026,0.1704668890544492
SAMPLE_03510,0.4638098614003615,0.1045991736429183,0.14148939706294872,0.5083945554460486,0.5370893585499751,0.036896189537404055,1.0,0.440961705025143
SAMPLE_03511,0.8317985097716678,0.385524506977221,0.07597378421458505,0.34789254354829285,0.0584763125543541,0.2825940699346092,0.12348073741796925,0.06181769155594185
SAMPLE_03512,0.5990490995491771,0.5740727497426399,0.3002256359240249,0.9284984365686852,0.2978162200362884,0.242888939919155,0.27219174578961236,0.3910328606483306
SAMPLE_03513,0.7013587136199027,0.2943117328840062,0.5485716020897529,0.9362301142490246,0.44166559624507085,0.3702669470591922,0.29743924425060914,0.1690890891534268
SAMPLE_03514,0.9446396164697441,0.1871030091464517,0.21250756489243414,0.061077787776090395,0.31740615165236186,0.2078579293829701,0.17201543709027192,0.19746643876871414
SAMPLE_03515,0.634542119579697,0.2874028588725803,0.45945987321847487,0.9028243452690472,0.5649790984261729,0.0790649726634595,0.07371360401130986,0.49508034881373797
SAMPLE_03516,0.8891407033092344,0.4130985544650102,0.6142673003496688,0.43438669413169745,0.800700017522878,0.44864345975630066,0.22675802071243287,0.719724057826368
SAMPLE_03517,0.01369900158833955,0.12027028380873485,0.034407020544588454,0.1349173709170737,0.15298651702215835,0.0529281745413889,1.0,0.19770168065964872
SAMPLE_03518,0.16266522696692726,0.1699314246526505,0.06460853126120475,0.2830838279033718,0.19861235676242245,0.21848157581084454,1.0,0.1749484060309774
SAMPLE_03519,0.7526192997244701,0.2741814403503319,0.2576875968640505,0.8449024327260988,0.6251760343939817,0.4057893214961528,0.3140757091728164,0.5807587583128103
SAMPLE_03520,0.7876019141351657,0.7153667646147011,0.41183073772171785,0.9008527719723214,0.4749100512755772,0.3177888130754681,0.20055790880826885,0.47545117739104015
SAMPLE_03521,0.9181403179756789,0.1691807558838836,0.19950745176311546,0.2204990057635141,0.13574237109694404,0.2570811447332304,0.201423284697079,0.12791063663942706
SAMPLE_03522,0.4902072882395975,0.0454359458515583,0.1433219026410717,0.1171515624958407,0.20736477668174386,0.052739617323325806,1.0,0.265159609965708
SAMPLE_03523,0.807955247621414,0.8615398188813839,0.9777514073233586,0.9543690973522092,0.9339419004941952,0.5821562497449003,0.3177019284652859,0.9527417258152544
SAMPLE_03524,0.917973080132424,0.7138177251142972,0.0567818543443384,0.4078955338549055,0.08224851041580436,0.2436904751337085,0.236717690587021,0.04067529930975935
SAMPLE_03525,0.7607872082650565,0.7534540297078183,0.5148721403050759,0.8083856192883321,0.47910405639375353,0.5276797201135451,0.3851658681775612,0.23415669587257365
SAMPLE_03526,0.34624832835320113,0.16597371168834404,0.07307825965789974,0.8501748846784126,0.09406766440754055,0.14257367484920253,1.0,0.1518390768094307
SAMPLE_03527,0.9073065058344248,0.5971908215625461,0.3074380610130975,0.4034844902395755,0.34871201802897767,0.25035351454336574,0.12131314995964759,0.16772981561191758
SAMPLE_03528,0.7450848150709066,0.43344391770288665,0.31205166083461655,0.9014267320784922,0.30347068125804855,0.3938376345634285,0.27059321443527284,0.2506657164696823
SAMPLE_03529,0.5723444508871118,0.13759959163794033,0.31305059877496844,0.8984514269908564,0.7275410402719638,0.23436524484516336,1.0,0.7205416516730112
SAMPLE_03530,0.941966726396904,0.12339378359145506,0.25097166129109466,0.1298972013891908,0.27561587045346636,0.17061433829986414,0.0963858235697684,0.40249058609743565
SAMPLE_03531,0.8963092325711377,0.3982404327849838,0.47051734139253476,0.18102288179560347,0.40426596582575897,0.36154622691774646,0.1775961850242274,0.4710893750711523
SAMPLE_03532,0.8326271249237397,0.45176444279958283,0.4144464332572129,0.8827325630607163,0.4059414414952849,0.434142849258737,0.29008495931750405,0.3299521653414199
SAMPLE_03533,0.8094369626405358,0.3271901823794817,0.6463065914999075,0.7748530249381012,0.4508975891505097,0.49061895017787793,0.3430855865839118,0.35738139069757996
SAMPLE_03534,0.27457553137132906,0.2866353828040052,0.32970332218952453,0.8520097889443192,0.5914939386245992,0.21676418501859773,1.0,0.5876957465862701
SAMPLE_03535,0.23462997895505633,0.14332719258860355,0.01529511263318635,0.02003427420724565,0.1696955648003811,0.044071621565188644,1.0,0.2248159609164084
SAMPLE_03536,0.6016376429039243,0.2945528082689466,0.2784924512232988,0.8581028897404208,0.6003199735945693,0.22051150349003745,0.1596566697625101,0.5540173812225013
SAMPLE_03537,0.839120543774945,0.6909327111654453,0.4620169107955038,0.891019337045929,0.5465715671180642,0.47677711684950475,0.36755186451324784,0.36225771095909765
SAMPLE_03538,0.39791843659415577,0.23691135448035494,0.1595186201705651,0.5908073457217566,0.4887016775903801,0.10355829091349675,0.09924696732161335,0.3493801460922674
SAMPLE_03539,0.5268345468345681,0.4963642624442661,0.28487989766538285,0.9632873679599854,0.18958517520091314,0.0785774132030461,0.07037932803623374,0.1938517453192672
SAMPLE_03540,1.0,1.0,1.0,1.0,0.19895493131241096,1.0,0.9008212148342076,0.4092825237917163
SAMPLE_03541,0.8406377959287235,0.4560398548828719,0.6005534899763838,0.5448060935960425,0.39035082530807835,0.49660959391405873,0.3759105276072452,0.4860673922075588
SAMPLE_03542,0.8167929243803351,0.7611114446971194,0.7174398084348534,0.835554511296154,0.5642408525110322,0.33974525816250994,0.2671737462939589,0.5326918202008634
SAMPLE_03543,0.8841377870544934,0.2729803902192536,0.3124486055828955,0.27362170380180884,0.26715540832482404,0.3445319600150297,0.26765322856374646,0.3253068242376776
SAMPLE_03544,0.21244358328437385,0.10605668121743585,0.06381884548122779,0.158852901838869,0.235218742990518,0.15405888054547584,1.0,0.2152754836563209
SAMPLE_03545,0.8813087156147482,0.23000775766647671,0.36819904156271216,0.2094522667334787,0.47765175878211974,0.3180187381188879,0.27706389616234445,0.3448477497734668
SAMPLE_03546,0.8611347877606201,0.08531086447235915,0.1922007628418399,0.0393138140215182,0.223257687538238,0.30710647936355173,0.19828003442589764,0.1609521297847038
SAMPLE_03547,0.44642083744637123,0.49046842590207834,0.1090325939942416,0.8822983503141868,0.23150740575635634,0.42991255932718686,1.0,0.22905083451797534
SAMPLE_03548,0.7924480325460845,0.12319068351210385,0.03545542391097575,0.04285491276606005,0.11182850487028745,0.1673627549902554,0.06463651042568926,0.07585194076003345
SAMPLE_03549,0.7490196027709817,0.4521715869279843,0.28192559527162997,0.2185537529347306,0.12824239806338336,0.3777850342244217,0.26634331512361026,0.10972162276036684
SAMPLE_03550,0.858472640494488,0.3885211619919778,0.1203981400005052,0.2127357165765315,0.1746483195212934,0.2171813260495745,0.11833873655170496,0.18107034732686278
SAMPLE_03551,0.2153569461477744,0.05720802436636325,0.5374934216603962,0.16424180192966545,0.5116747142638058,0.11879113794231656,1.0,0.5818089127334282
SAMPLE_03552,0.9121383198318874,0.16013345453255629,0.1780234991720715,0.13730870679115165,0.12429606425515545,0.38522196246143314,0.20596317191021263,0.1139462820683233
SAMPLE_03553,0.9196401604051425,0.2101631393831572,0.21072179380612982,0.0723385743913909,0.1656308205470882,0.40270887909505504,0.20001723678935682,0.13117832393187007
SAMPLE_03554,0.781374574257502,0.1681109865960548,0.11838510460517801,0.0498377860465192,0.10593231928968375,0.28458429430419546,0.2490361413839747,0.077477959701916
SAMPLE_03555,0.5246919119313274,0.31882690136303127,0.0507897436383151,0.3272271526395619,0.03068294184612825,0.1240039520141618,0.1297548485920432,0.06784815889099499
SAMPLE_03556,0.8826285591080453,0.193902511961132,0.2760095791768892,0.2140941329865025,0.21184186707261154,0.4332524800646696,0.22222583031922605,0.1991844043254092
SAMPLE_03557,0.8883009011680567,0.6363760553451998,0.45640218370832036,0.9194363696144954,0.5186819378864769,0.46430750797323866,0.3370428330041807,0.4434211006358205
SAMPLE_03558,0.8568079246428171,0.18003320156179353,0.2008728301247481,0.15597225248440674,0.10314086543176644,0.29278598431158964,0.23975487199042333,0.1326652827305363
SAMPLE_03559,0.7598081736560405,0.11392913557459114,0.24784174314285531,0.0567397158848515,0.15150495372745232,0.36418830119720963,0.23231969031851252,0.1669105248444016
SAMPLE_03560,0.31618234819347535,0.1883777451366284,0.20800156660279714,0.8853295576694247,0.25000488911177654,0.2257555321865852,0.17591373909107633,0.28769555261142044
SAMPLE_03561,0.10740273463556481,0.16272260282248197,0.2710476946664523,0.0855649947046645,0.1460803365088854,0.11339315198900475,1.0,0.17158358112079033
SAMPLE_03562,0.8481196591837729,0.26298643307522895,0.18618014931846505,0.15587653106191304,0.3058320975150254,0.210203429859463,0.27648361527487825,0.29309893024300565
SAMPLE_03563,0.6451406104488997,0.6265855905369351,0.4311879785497441,0.8347584598477583,0.6094104145475039,0.14177350400850103,0.11826373993402656,0.3579819046695893
SAMPLE_03564,0.6651483177718627,0.41359038791707176,0.15723479286834685,0.941667831782643,0.3206229240490729,0.21686829348091274,0.05121397844321125,0.1696133003140054
SAMPLE_03565,0.8959768098450078,0.16812741090706224,0.37826838986128014,0.10047284567373525,0.1540325573521966,0.3505770779020446,0.24765147289341455,0.14747298611952522
SAMPLE_03566,0.8649745392135209,0.7727819810767116,0.15910466428331105,0.8072056683577604,0.035993620418354993,0.2709044125845563,0.3070527835264771,0.09801994862886396
SAMPLE_03567,0.6323458347503281,0.47821553000501826,0.3980191858732335,0.8593370022001348,0.575561083613382,0.1533944106172124,0.19833016484367447,0.670646172928492
SAMPLE_03568,0.1478621773595822,0.17781048231816496,0.1342604125354433,0.38228513612383364,0.4871414172860492,0.1342196767512643,1.0,0.3680887328887039
SAMPLE_03569,0.9449739265199302,0.10695148688477546,0.22711697711249385,0.08509942947637625,0.175522189011034,0.225991550051083,0.1587264801937226,0.1636421066785952
SAMPLE_03570,0.9421422829275954,0.3536451212369228,0.620587046032516,0.3417908894777897,0.7740610790967133,0.30461176458457007,0.13415402665215906,0.7534803208433237
SAMPLE_03571,0.7891372737972022,0.44123584107380454,0.4015223624968902,0.8315247308379381,0.3952907319018046,0.251595757057515,0.2189978390165675,0.2799944819333626
SAMPLE_03572,0.7771386462908811,0.6239521229569807,0.46759008056447976,0.5456233275203255,0.33557863231670443,0.5376401147575965,0.3767574224464301,0.39646039113984416
SAMPLE_03573,0.7215398758432424,0.23829433342407716,0.34320936183375805,0.9372518023288439,0.4226173796920675,0.5260693331429693,0.3399153265834497,0.27166758521109713
SAMPLE_03574,0.015672416914870202,0.0953289467417262,0.0126279171456613,0.05346246854232685,0.052116202439992904,0.02007496610246795,1.0,0.08063813611717466
SAMPLE_03575,0.537888456612861,0.15953227940537965,0.16468371430717135,0.04966911922157395,0.4828965408370489,0.10522993167851069,1.0,0.516144060362481
SAMPLE_03576,1.0,1.0,1.0,1.0,0.8782107773272265,1.0,0.8984491091862307,0.9179268591852673
SAMPLE_03577,0.8024703666523734,0.11220961320980549,0.3014457272506627,0.2176819981952579,0.23495799178551008,0.32595759180048706,0.27143588356970905,0.22302725347808938
SAMPLE_03578,0.8653056677509374,0.22167064774862855,0.2930883912774946,0.22007003812142945,0.15596263979622105,0.40350973561969533,0.302131815122104,0.2184009230736603
SAMPLE_03579,0.8776409433251073,0.10896987417540845,0.14059043639485141,0.1718744090997153,0.18626775541604296,0.16664900757374781,0.14103780656395842,0.16941395261638875
SAMPLE_03580,0.18956877032907116,0.1743469410003629,0.034372893989137454,0.8646797181566838,0.10671659746924955,0.05538347154014585,1.0,0.1419896489393258
SAMPLE_03581,0.41889933529682544,0.24064337990552925,0.1585776744049601,0.9431479025856735,0.6129031782475,0.15974132073185585,1.0,0.6353878610905563
SAMPLE_03582,0.7697772787510677,0.37851720279250406,0.2509420813639341,0.9080475236767107,0.8221721829491206,0.3362231347179905,0.11587556793927126,0.6610881837351776
SAMPLE_03583,0.8089664622420252,0.21554913410580703,0.3846507159731592,0.22625884004081875,0.4886850969513149,0.5376558237782841,0.26990239718489517,0.46715037590947156
SAMPLE_03584,0.557900466336362,0.30660513358337793,0.17420668861203126,0.45600132126929555,0.19281509743387154,0.1889662020988355,0.09058505140015355,0.1791426752943267
SAMPLE_03585,0.8586408359041068,0.296861609278673,0.1621235638079399,0.27948638591504416,0.333369454603026,0.27037007232121546,0.2439675223500608,0.24342684077605672
SAMPLE_03586,0.9001408562176515,0.0101065277579201,0.262402056360705,0.0640588668287824,0.161455870409774,0.17096970060304637,0.1338246056945728,0.11696855405394975
SAMPLE_03587,0.3107825971017466,0.08390831681240095,0.2983228079697553,0.4000299063802746,0.6597260953190875,0.08423191717870185,1.0,0.6202309706960745
SAMPLE_03588,0.5232741571637777,0.09497589286905386,0.7182095043566292,0.7724670595502791,0.9780959576169951,0.0768861364950577,1.0,0.973715053615433
SAMPLE_03589,0.7873070876523992,0.2427877478207619,0.1482205382303082,0.9635715292899436,0.693853556322588,0.20140251034353818,0.10973510873852414,0.2194821850837018
SAMPLE_03590,0.2952520407899667,0.18201418483153814,0.1129411683413489,0.04639911138644505,0.3988595997377623,0.10199594574305816,1.0,0.40356695043195523
SAMPLE_03591,0.6747666278752903,0.2981765096508718,0.3317441526584159,0.9020364129662877,0.7094615915139727,0.09158781010312479,0.061231984194615396,0.625033085325984
SAMPLE_03592,0.8446367569185345,0.40656217460026345,0.32913461993459475,0.9308839966279718,0.24072661277803126,0.40067476000253444,0.2644755055472525,0.24440389919019673
SAMPLE_03593,0.8154631072715344,0.23689793030836875,0.18824480744094568,0.745948410932709,0.30773941655890685,0.3620988247401226,0.16299325666448924,0.301033510829607
SAMPLE_03594,1.0,1.0,1.0,1.0,0.8515009275043661,1.0,0.8973354710382688,0.8436354752354674
SAMPLE_03595,0.35568998156371723,0.34398142714334046,0.23108835949065515,0.8587550659263683,0.8212554121637305,0.10489041944560906,1.0,0.7188695507290156
SAMPLE_03596,0.9133084727899637,0.32930521981886063,0.1681080564978448,0.2239412582078598,0.07839530707121091,0.264977327776362,0.19281683971938315,0.0889994906665392
SAMPLE_03597,0.5849333261390486,0.4171435303470656,0.16602151580418964,0.9342292332182026,0.06342541219721595,0.1197323125956338,0.10088815530361445,0.07193729141295055
SAMPLE_03598,0.8023034345551099,0.32748113978166327,0.15989179074150575,0.1189543663514696,0.1319461317401285,0.28854485547405717,0.2520426741163593,0.06944686601997255
SAMPLE_03599,0.47299703362961426,0.00845502729396255,0.3610235100538491,0.2095447901085117,0.742165999251113,0.042622994876260104,1.0,0.6940778933440388
SAMPLE_03600,0.7856359764881269,0.22822098885985048,0.36292282848080193,0.32099533909216815,0.47662470239449695,0.4767727170032745,0.3085828327514541,0.6057962614834896
SAMPLE_03601,0.648613730145234,0.4993750191108094,0.46743265396005096,0.8966041034440262,0.8970765048755938,0.3379825231152026,0.14658196155481648,0.5018323368976054
SAMPLE_03602,0.7735487436000247,0.23485516505312157,0.31205488255578817,0.8074157117343438,0.6298466682212426,0.19073168237261096,0.10111413336187695,0.6225452760964181
SAMPLE_03603,0.7409730329443414,0.1832944167656333,0.17955181855215135,0.2072180519290473,0.10846106324913295,0.35542904996799346,0.2579488893852606,0.17992965294495245
SAMPLE_03604,1.0,1.0,1.0,1.0,0.7747623470301908,1.0,0.897565325697149,0.7862740702799924
SAMPLE_03605,0.6593363051280946,0.7070312550909116,0.6189553923894124,0.9547103200238266,0.4681630381579293,0.2316614769956326,0.11655411158347126,0.6009352153565183
SAMPLE_03606,0.4401130191430792,0.23836746359569255,0.119707249108523,0.6251894005171249,0.43894901991293667,0.052556712766113595,1.0,0.3146644086629534
SAMPLE_03607,0.9109752290973967,0.18776807466024703,0.0252304147892915,0.08280592373511446,0.0736782699175339,0.1241546914560179,0.10429622114585005,0.0105496496570289
SAMPLE_03608,0.48692734430106044,0.29733863654932996,0.16270582550637444,0.8251196363048703,0.36695807838871664,0.26123951672597057,0.17088527468960926,0.3959105657013215
SAMPLE_03609,0.7949664528630855,0.07411465149302444,0.03618008039592175,0.04193351550074795,0.06057150808847305,0.2506317565500814,0.20780177647987913,0.03818203566420375
SAMPLE_03610,0.6352098679989718,0.3337179604542076,0.11603477578666185,0.870733452112112,0.3952421339604779,0.36001958989298827,0.3161771606961118,0.14182117391476426
SAMPLE_03611,0.8926429501339544,0.11284874089241545,0.1997426889690216,0.07225424385952245,0.12965256324747648,0.21657700220315904,0.14783232481144415,0.09536290076023715
SAMPLE_03612,0.7849729314235581,0.052799582424911645,0.07733477939078814,0.04862141419545965,0.04140461645939675,0.3046411113753937,0.1779050225471687,0.04370348991229645
SAMPLE_03613,0.7387590627338801,0.43688607809233104,0.6036600327674871,0.32648264453185194,0.4448281084060677,0.3919855452173948,0.32478917192834333,0.46788628197392385
SAMPLE_03614,0.8202561018648109,0.39123166899696377,0.6013396578428625,0.4715815810000429,0.48968997368264944,0.5058498339360138,0.2985061359527525,0.5626554424424819
SAMPLE_03615,0.7977608078552508,0.2715364871745245,0.4249234927131369,0.5991129612798635,0.3157552638351395,0.41888156206288485,0.3396133137005376,0.2080198070257367
SAMPLE_03616,0.8794641155673042,0.6203411473145511,0.5081337524518604,0.3418768426437809,0.3551396945366912,0.480507386254545,0.348053719436491,0.27386641923487215
SAMPLE_03617,0.3198721882139309,0.2634035147995333,0.1854124924324262,0.8320584939081048,0.1388456175645901,0.17426899753748734,0.07856347861247785,0.141891840614672
SAMPLE_03618,0.6623456749226638,0.4501762888387343,0.20737351862142417,0.8674700085656849,0.6142821503216567,0.1144553384318282,0.029370769939919623,0.42312798661196804
SAMPLE_03619,0.8351385323293821,0.6706411108972834,0.7441739939404014,0.546368101890825,0.8598268596162904,0.5370691349389104,0.33073693634248796,0.7387241757350458
SAMPLE_03620,0.8869745301365207,0.1919105117101808,0.1018341811966976,0.15581438180067575,0.0869889880800115,0.2849327343959008,0.2597290471487139,0.09448161650554299
SAMPLE_03621,0.7814060237979177,0.42704044659575974,0.22997519300448702,0.7304342903926188,0.22528131476731858,0.29016928350712884,0.18862190365606402,0.13498599455479424
SAMPLE_03622,0.21429312095081154,0.10390289441838045,0.19506234694154134,0.05478423723481065,0.2453394503491385,0.09109280079742871,1.0,0.3027695153176193
SAMPLE_03623,0.7798903866651969,0.6080453703491238,0.2108818686475909,0.848116888553865,0.27352650347466567,0.4016218159569189,0.29607020885490576,0.2045430484735305
SAMPLE_03624,0.6113415657122652,0.3864179042414952,0.4219535271914082,0.842415392528745,0.714101596617781,0.035208051274411165,0.0680462792222472,0.3726317079468609
SAMPLE_03625,0.6701591071872239,0.4645062985804853,0.706349563217135,0.9007829906539353,0.8549003033214657,0.26748194791914137,1.0,0.8159592765454037
SAMPLE_03626,0.8151297033515759,0.17351229716382685,0.31028559515855614,0.49863671790259845,0.29669702099501205,0.39644179764506493,0.1955049595328546,0.1968358331837827
SAMPLE_03627,0.8678019282362619,0.7337421289472864,0.2465164173013938,0.8996902959971735,0.27483610673830056,0.29449483314599845,0.13178747287281994,0.15063694140249032
SAMPLE_03628,0.7095304098734262,0.8697022130672387,0.678460029539468,0.8190575534357594,0.5804954970864683,0.5660613299188803,0.7889773195334999,0.6356317711482564
SAMPLE_03629,0.7852564146542498,0.6518933803948055,0.9103001270806224,0.8479051398065682,0.6404624937584453,0.1161435548360081,0.07507832075712449,0.6349200202286525
SAMPLE_03630,0.5745103584098333,0.26576120946639215,0.09072587037982735,0.9047707511884014,0.2137918560704605,0.30091568269005253,0.28734148109486574,0.11294437632091785
SAMPLE_03631,0.6387573057248771,0.24882419702348754,0.2334839311108344,0.9526736108950591,0.1158704568354833,0.06339090457839895,0.04471024034863126,0.2520965049373796
SAMPLE_03632,0.4948703793357817,0.5461127670776406,0.1737567925983595,0.9823562707409832,0.047150976595944,0.0902173550651639,0.08589923019024925,0.1148725128864467
SAMPLE_03633,0.4341261501020416,0.03873752356430205,0.0978850072978575,0.7798743547196545,0.45561507586499206,0.04906272407273565,1.0,0.5555855142535162
SAMPLE_03634,0.8208025698027094,0.1422504213137814,0.14950827756696874,0.0838430380137131,0.14311329615136534,0.2714184878342522,0.11774765019294925,0.21352422507407245
SAMPLE_03635,0.8368084477559555,0.34642490450738844,0.4484919471909431,0.21929185114208882,0.29701714984583205,0.3520474331341394,0.2884217262797039,0.25629468568697733
SAMPLE_03636,0.8708068420877739,0.6351218719010785,0.2115706120472957,0.4297433383688125,0.12500163508386106,0.34871449863169673,0.21922748633554975,0.13120000837372683
SAMPLE_03637,0.8461368517403036,0.5407240848983452,0.42198715846774437,0.947694681423938,0.46436865797738264,0.45879325717495645,0.30581606558254054,0.4937145903887964
SAMPLE_03638,0.9271421583250915,0.17948236456879257,0.09929554192288226,0.12958843623031124,0.09956247006730615,0.14481774893548363,0.20047047440466628,0.07128965507889336
SAMPLE_03639,0.9143040816294572,0.25707642145309567,0.15522035424416206,0.047548781468377696,0.06979987433520615,0.231196064797551,0.1519177639200705,0.035288575202358
SAMPLE_03640,0.8657974529450521,0.39470907174170344,0.2619145906620518,0.9112193468972486,0.28198938250089095,0.3967950503325853,0.3090291050811952,0.3275664193548516
SAMPLE_03641,0.6662411517384673,0.759982498561903,0.7023058416871397,0.949597097744414,0.713218140784508,0.21763295977045874,0.1704075043878358,0.6847097852701265
SAMPLE_03642,0.030814998044095,0.1432646187597237,0.0475510260830094,0.0983760357380047,0.2432429969655427,0.1999944597869415,1.0,0.21822408883474476
SAMPLE_03643,0.9311405708737301,0.19618813973597354,0.24942565058003263,0.10874781879232365,0.3084745282251979,0.4287583960123582,0.333151216656666,0.2809872731218592
SAMPLE_03644,0.4359224561354973,0.17845386285602405,0.2684566472761518,0.2503773809790699,0.37369768838747647,0.1675784778999927,1.0,0.2868756871574044
SAMPLE_03645,0.8082570471347046,0.3038814339140311,0.1913463308459046,0.9234945206698071,0.23016980672062742,0.33148494934346523,0.3072336421031803,0.45580210040352886
SAMPLE_03646,0.8084551501398404,0.2177627364035749,0.20378369302707555,0.8399818766269911,0.03976784255335055,0.12964544657325586,0.0792702269273471,0.03518778980387465
SAMPLE_03647,0.8511321067594371,0.06570558026678135,0.20342440138309026,0.057826409618370045,0.2329135017900884,0.20567322577311598,0.12919578285039085,0.117575182311608
SAMPLE_03648,0.8319637546948031,0.15758277442840443,0.16885682867822194,0.34994944420653984,0.18785771742390056,0.3124703919020345,0.2313374295080196,0.15453306496492208
SAMPLE_03649,0.3189438203384479,0.40730185138843533,0.15674949595459434,0.8237452967502068,0.4156623105189778,0.14539518934963774,0.0477644272405861,0.32050517512128146
SAMPLE_03650,1.0,1.0,1.0,1.0,0.6041399015426288,1.0,0.8981069412438606,0.6940576296071428
SAMPLE_03651,0.8763065099239964,0.062362275272568005,0.0647244920853581,0.02711897626829695,0.11267716327613715,0.2254704353924486,0.16125601076572021,0.10231611047674365
SAMPLE_03652,0.6754870255220267,0.43589561970932533,0.3528565893728455,0.7865871443435848,0.15285632895999413,0.28185144292268144,0.17664749507488625,0.1562848925663343
SAMPLE_03653,0.8339733293241474,0.28926064371409027,0.3534852075209413,0.22154459821549158,0.499005585665714,0.20342177312165355,0.11716000986720215,0.3184451645638034
SAMPLE_03654,0.5796324121120476,0.5998071127716688,0.33702157883753514,0.9637461191687149,0.2288434569985433,0.13106788671960895,0.0960672400896828,0.40563641866857136
SAMPLE_03655,0.935138053557243,0.11528484784539494,0.26154420632370723,0.1437403833186277,0.3496493283102746,0.2899823281603158,0.1831684308862625,0.29692512738222915
SAMPLE_03656,0.7694507646074101,0.4538254809379365,0.7911880520453808,0.563126285408891,0.934862977313542,0.3322674599872454,0.2245768032176354,0.9472735256295941
SAMPLE_03657,0.8764772077239587,0.06336434333995015,0.054635369839256355,0.069685149792599,0.0677763093021991,0.16474134224598405,0.14178006820357564,0.10692061931207815
SAMPLE_03658,0.9389732568788758,0.20425843657400355,0.3350520662845397,0.1380079927222014,0.28231015844910845,0.19079392809971085,0.18484636251159464,0.26274051417707345
SAMPLE_03659,0.8944756167085828,0.3458483544120496,0.31347572069687535,0.5818845755358321,0.2863212828736685,0.4418316264316849,0.2534345939027603,0.3905205778496404
SAMPLE_03660,0.9051421232561119,0.14760327613611343,0.32663121771379383,0.1411594143267089,0.3768425065822345,0.3247120658339643,0.15744428925488604,0.33647692036094407
SAMPLE_03661,0.9451418419358358,0.0338369173050389,0.03587646305010035,0.00750757122397095,0.04340199799704705,0.14816779256675874,0.061591804686198647,0.05316910781743575
SAMPLE_03662,0.22018946985005972,0.08560707871493745,0.29623018989395233,0.1213709692559863,0.26407717159441774,0.12442934063538835,1.0,0.2790689983491679
SAMPLE_03663,0.7730472494721439,0.4583676068165027,0.5937164267859066,0.79824858205593,0.7863008045604967,0.30562199757873765,0.2176603311056533,0.7541280804714566
SAMPLE_03664,0.9614743562905564,0.0680063866479039,0.2545491396997123,0.1098302238346982,0.1390407918397494,0.1804993664627206,0.12871656588924105,0.06960821988885485
SAMPLE_03665,0.895305663507563,0.8965889313429918,0.9789560261353276,0.8818591104746615,0.9815336938018562,0.6022271843645391,0.367137457630688,0.9713096501525331
SAMPLE_03666,0.6263323631133301,0.3195482384013464,0.25746602291789183,0.8540193340217861,0.35971211557721355,0.3313852432504412,0.13809633676783606,0.22924564971083655
SAMPLE_03667,0.8032418588872676,0.5123102774257705,0.2611031762991509,0.817970267964051,0.5686339083916653,0.14056993788300395,0.14455434790947339,0.5023140595531765
SAMPLE_03668,0.5151513781871571,0.4531006750994884,0.17825964900834732,0.3506344786312044,0.6339985509045847,0.25558054558066745,1.0,0.5808672859546242
SAMPLE_03669,0.9121428359115242,0.23090214702644624,0.16390970205684044,0.1707553749079323,0.17492914830047201,0.3276599611491094,0.14961507738255425,0.1716259243548326
SAMPLE_03670,0.7864707081376372,0.08065066096006755,0.0813956062854824,0.12485248208625414,0.03063400751591535,0.20046522180375329,0.3255785316235569,0.04397608819919415
SAMPLE_03671,0.6146186746154658,0.494278330227613,0.26922305024398757,0.9274620825511078,0.7459097214366373,0.12240626028954099,0.09253916858026813,0.3978109162379974
SAMPLE_03672,0.405413640681988,0.192062094212209,0.14085848783141952,0.1352361666593214,0.37516106673797756,0.1579130761533767,0.1335523584036799,0.5447127576287533
SAMPLE_03673,0.5801599249959561,0.1846470230703395,0.2521604945242297,0.874252143675806,0.17297368103090074,0.07525397078831529,0.07991247054555725,0.2158104193709578
SAMPLE_03674,0.7866296708602263,0.34702670922950485,0.2159275689926656,0.23295666997097567,0.21447608297866444,0.4136383090208326,0.1667116098724243,0.19967370218010114
SAMPLE_03675,0.913974567875744,0.0569093353185736,0.0430681009602655,0.0323584935758126,0.0204557256044641,0.2660202960402926,0.1779869623842273,0.01919710918289125
SAMPLE_03676,0.8567975221513504,0.16533974574212706,0.36847933245229525,0.13974902213895368,0.2560770875795882,0.369364442768894,0.2615106475550229,0.1724793766761731
SAMPLE_03677,0.8726335114578312,0.21538425963892208,0.4004958748005592,0.138224887185944,0.3390692521459234,0.36915150402360186,0.3008026245911363,0.298553341064968
SAMPLE_03678,0.858139649469819,0.4653854391969148,0.47839919868081576,0.9000438679757479,0.655443108039856,0.47709993000737816,0.3870325882317933,0.642466660721167
SAMPLE_03679,0.460253976020256,0.17834293274680202,0.530122474557708,0.7787813847545884,0.896013726176146,0.1600446894756898,1.0,0.8770200608930503
SAMPLE_03680,0.9214717021242961,0.11353560007595406,0.15591878215964325,0.16307782549820854,0.0598511038816196,0.1725275557349393,0.20492762007047127,0.07492401805557986
SAMPLE_03681,0.7916221582392441,0.2570776762811379,0.1959134398330723,0.958672777298195,0.28307513915149296,0.3742863424295275,0.25469788051060416,0.28112021156621586
SAMPLE_03682,0.6014413385121911,0.26525821671530453,0.2444146001962465,0.26262662800357406,0.453012509870135,0.20943903796730823,0.15066906792094079,0.3698161965151151
SAMPLE_03683,0.908802298792048,0.5050315993226804,0.1758293464697656,0.5151005008369518,0.2577002532304147,0.29471580712802403,0.2259694584657038,0.12049775514145025
SAMPLE_03684,0.9209600528711561,0.0897191154279239,0.0976939211414279,0.035476518979707154,0.08023974001953435,0.3174795695027801,0.1985349654559875,0.13853624600829226
SAMPLE_03685,0.840969077285927,0.4322990102729571,0.4726931024884987,0.9314190764328663,0.5751810342159861,0.5206006536913682,0.3624086188016996,0.46342697338841415
SAMPLE_03686,0.7888395383063811,0.6094260861861878,0.3987385149709673,0.9256663249325476,0.8874466329048061,0.3506140973962285,0.23264076495525746,0.5114871517066648
SAMPLE_03687,0.9248091324587097,0.14377475487347285,0.2138080031295565,0.078703365976736,0.20550627407772884,0.24092540254456385,0.18266861474134494,0.1245735714112445
SAMPLE_03688,0.8751407687921978,0.14112891733384036,0.14811454495228035,0.04723646324910865,0.18697558554584062,0.3284276239029851,0.1598422482270733,0.18342398397656462
SAMPLE_03689,0.7775517476569277,0.1771818050039437,0.1311104614116479,0.08742391357401505,0.1622508301662521,0.20061750543142765,0.19799334534552251,0.14572108496004604
SAMPLE_03690,0.7343084261745195,0.1121433776951887,0.10831480537740534,0.11838880540645245,0.1522620809067496,0.3569662023060376,0.2424825687325396,0.15377684134685285
SAMPLE_03691,0.2836664781905638,0.4529457451437965,0.4829990796973247,0.9035343278316117,0.806223323974874,0.1584195674099413,1.0,0.7980975552531613
SAMPLE_03692,0.8157978468362277,0.23693189797746037,0.0877444435126825,0.2771433266813884,0.0734443220619902,0.16114070742675704,0.1243178543645979,0.0567553243694047
SAMPLE_03693,0.7137372150796298,0.7842050016897899,0.6727660205065575,0.8004641223688274,0.8249097025244658,0.5522929593931449,0.5973579163886346,0.6812662841986381
SAMPLE_03694,0.9071385179268505,0.07530660691176706,0.3477647601164321,0.1148580419115881,0.257619924598031,0.44832055624886347,0.23554769739100423,0.169872196454299
SAMPLE_03695,0.9286406281352717,0.0560924166838263,0.23069068954633154,0.1006692128568639,0.17767400582038512,0.1954038772260027,0.1709549913327547,0.08559023891631605
SAMPLE_03696,0.6112888210226375,0.25585366956777955,0.28490033242946877,0.8681837044804497,0.4918412806721318,0.23040967437486365,0.24131522254441803,0.4809883371449405
SAMPLE_03697,0.49814122726570087,0.2189028423039385,0.3903468004805391,0.2850652985661627,0.256996450975276,0.36662968922407313,0.10960327078421064,0.16045081540210665
SAMPLE_03698,0.43766572714306273,0.3750906624297019,0.3432156103464159,0.1357214985004607,0.5699892593926936,0.09592642588741995,0.06822088009395816,0.5966577532210962
SAMPLE_03699,0.6321620313527256,0.5976299214531846,0.16738229327032444,0.9287970001448842,0.18699001334277793,0.11309402525107175,0.08323730352917595,0.26390316953322573
SAMPLE_03700,0.8393040729924037,0.14014727881741756,0.218973007094129,0.284336595100244,0.18414795655302643,0.24674404622621585,0.32294782102467773,0.27329606502666215
SAMPLE_03701,0.3372625602782197,0.35548646165102904,0.32100420018851883,0.9591668977567985,0.2663686278320351,0.2997100641070643,0.18611666744852404,0.30553591477438263
SAMPLE_03702,0.9309712111583492,0.5411849433905936,0.49737726007392763,0.3312672063665344,0.47736004628280043,0.5016772474540314,0.3791805096374021,0.43864904960317225
SAMPLE_03703,1.0,1.0,1.0,1.0,0.9723395533478413,1.0,0.8953009473676428,0.9712658894618578
SAMPLE_03704,0.8093037903859028,0.300734951322269,0.4558111446766286,0.21930717838822367,0.7360470364198004,0.46653422090367275,0.3617722130106563,0.7617629987152064
SAMPLE_03705,0.7822179853009679,0.6152026406030411,0.413255727271985,0.9504022011966466,0.6016757161710289,0.22163072546421755,0.1745649913721839,0.4895942690514582
SAMPLE_03706,0.6270015766920338,0.5071098113209546,0.2880037298989632,0.9724763821880933,0.09869812076468149,0.02722143079475945,0.04587223259450166,0.2098288088915322
SAMPLE_03707,0.9304742586282077,0.21500714039364283,0.13255592498280735,0.12592516614397936,0.1268425377386607,0.26362923062444804,0.1587147338373798,0.0819176545525527
SAMPLE_03708,0.6895020749078418,0.03824629987417545,0.16597735357116025,0.0775057323300533,0.25177000829739976,0.15961029862274556,1.0,0.30871339494526745
SAMPLE_03709,0.9336407427867122,0.78035770601312,0.1178773278972178,0.5724084493224993,0.07912929148853225,0.2376080659584574,0.13774335126811452,0.0598407138967725
SAMPLE_03710,0.8973099414602534,0.07466117586366484,0.1052509406401957,0.0513656043087807,0.10013210826802041,0.2374918312787206,0.19964866871831685,0.091999285753092
SAMPLE_03711,0.7837390921241418,0.8273678325243065,0.44200415235194424,0.9468693921988999,0.7843325441035245,0.14706998185525,0.12105567466304645,0.5899955703869456
SAMPLE_03712,0.7765898749366702,0.43637839731027583,0.30687683134202365,0.9069815544044637,0.31823029771651695,0.27972744656775095,0.1261752501427281,0.2584153146725464
SAMPLE_03713,0.8833097269373391,0.1172114486807177,0.1148747705287047,0.0790412208249187,0.2050605545992416,0.19318161045948382,0.1178115376045129,0.09310461553510284
SAMPLE_03714,0.8643029262657151,0.356821083839978,0.7629431349850124,0.34125487811273875,0.17325781701032228,0.46456687889446635,0.32400695362575194,0.4442188254675626
SAMPLE_03715,0.8919750094932531,0.5050461836879947,0.17646275255398322,0.37214821425354394,0.1320896317228396,0.15356709866217574,0.09739861234901705,0.2373729675304982
SAMPLE_03716,0.6105764077955862,0.2271131807783297,0.32240232841247995,0.9770864373727437,0.7425322020319742,0.11077008336146905,0.09176957352117245,0.6508508631782743
SAMPLE_03717,0.9048063385095891,0.04723863657929625,0.09114427916466784,0.026576575663299948,0.01952432432439595,0.15798403293227606,0.11678642806396411,0.047647158849112095
SAMPLE_03718,0.8776405762138391,0.1334416794143096,0.25370083319339487,0.10373241260176624,0.16769759645742305,0.17595861147537764,0.15356470493605354,0.09107978088591355
SAMPLE_03719,0.735617103862363,0.33160979711436245,0.4655205105760788,0.7802770055343272,0.7600452995128647,0.434514672294448,0.35934602766139306,0.7274499378351726
SAMPLE_03720,0.8299584461990022,0.35440533800538276,0.4201071128127482,0.25675777698078467,0.2400359639548579,0.25942307972747686,0.105802657537401,0.3233367656869483
SAMPLE_03721,0.3221188311418797,0.10904353763351701,0.1379041966526453,0.029766587231911248,0.2109906445258676,0.1439501621254877,1.0,0.269810383521432
SAMPLE_03722,1.0,1.0,1.0,1.0,0.6105971151072136,1.0,0.9001317266266375,0.739715410277249
SAMPLE_03723,0.14775311083350273,0.14745392000293994,0.06510277544939105,0.026315211700614502,0.2540710795755263,0.09109154897071235,1.0,0.30979083664759716
SAMPLE_03724,0.6702683263702331,0.1909217267538673,0.24137906000171686,0.9001139436182646,0.763826580482539,0.20797543729279402,1.0,0.7911543373210339
SAMPLE_03725,0.5994164087950606,0.38165925721190197,0.2703249431986225,0.9095491864346846,0.4972420959286661,0.3320258111113032,0.14088130606793794,0.2601709733727338
SAMPLE_03726,0.7319231476041149,0.2701925715892463,0.5496508057883559,0.891146325428653,0.5608098786376408,0.35508760696002145,0.29000068993489303,0.5531171537848873
SAMPLE_03727,0.7609548248376179,0.5603925280841137,0.26231675931448656,0.4180888305001309,0.4160684012108356,0.3298187290596685,0.2834900801718793,0.27591087442507656
SAMPLE_03728,0.6508499189817356,0.2821186724668297,0.22227753908756764,0.7768057815919738,0.3286010860087112,0.21055188534858668,0.1584030505822571,0.25314062794758607
SAMPLE_03729,0.6512018063266389,0.9367436507899041,0.8713081104161642,0.9125720574286975,0.9599301202721212,0.7157253832674318,0.07506978921514605,0.9740238174074158
SAMPLE_03730,0.7705550436109396,0.5931099537016716,0.5621338577389177,0.6152763904462866,0.8736931281842373,0.2251959919319795,0.2516153532083549,0.7637492070058998
SAMPLE_03731,0.8262902948933191,0.20598566174389105,0.28360629427972245,0.193972368154762,0.28659802979000887,0.35256470642199006,0.2470268581413683,0.22650718364470496
SAMPLE_03732,0.7682670872442809,0.08637565944973626,0.33605459390312203,0.48002422828777735,0.9095763573589919,0.060548755200428614,1.0,0.9391144149697073
SAMPLE_03733,0.2329766716624765,0.2738391427006001,0.1229392487010125,0.0356919706839984,0.5846831554265843,0.23595218041144153,1.0,0.6321167028284463
SAMPLE_03734,0.8004540036257297,0.6163460146080477,0.6968479998376294,0.8246463576565582,0.4301391784546469,0.434843307233656,0.3016555280333853,0.3240944452702181
SAMPLE_03735,0.777845634670323,0.6699685009587755,0.41542094242339134,0.8209876345633427,0.9616433932045427,0.3358780584138615,0.18360515860117685,0.4786980930437204
SAMPLE_03736,0.883131209672072,0.523785809753979,0.35049204835469383,0.9229683856254224,0.2632366202085991,0.418129038731057,0.26592483822749596,0.3685075581903658
SAMPLE_03737,1.0,1.0,1.0,1.0,0.506050525222869,1.0,0.8968433413989396,0.5658375191223901
SAMPLE_03738,0.8913024368209819,0.03521258732372155,0.12223552253814424,0.04328514730210215,0.14634209694877076,0.1862650680096109,0.2263966247085892,0.12506218782008025
SAMPLE_03739,0.8781404477638205,0.1650146735364576,0.18566181051290095,0.17768958598439666,0.08541608368091935,0.41663223537585914,0.24124301829565445,0.19971771686057904
SAMPLE_03740,0.7748811719059941,0.538940955509892,0.15489052041951637,0.3341295326245064,0.04307680712726915,0.27524876666280673,0.30308210248093526,0.06837821198937075
SAMPLE_03741,0.7986149461653655,0.10527336080293906,0.18947699850534114,0.08633948911504825,0.16683521331678597,0.31539353145168253,0.2122957109206064,0.14549018000381259
SAMPLE_03742,0.8374675416499027,0.1274580529353811,0.06903569071099395,0.08997721400459965,0.1042761520128322,0.2733711139973073,0.20062528736289756,0.15091045726248695
SAMPLE_03743,0.4267092409872152,0.3191833406629984,0.35487443710240296,0.1975136259001423,0.6161318809657159,0.09959622628161735,0.040048437942630195,0.5151207942462557
SAMPLE_03744,0.46107593688963966,0.3843804069720457,0.4827996482960971,0.8362052547675001,0.6718626541595185,0.22760578692545055,0.17925229850169924,0.6704250278647965
SAMPLE_03745,0.6232353154201569,0.1484533203818319,0.14521279749988592,0.7804189619953545,0.4336170024894341,0.049045304320831554,1.0,0.41285972307978913
SAMPLE_03746,0.887973906494111,0.1361735263276892,0.21906013992237014,0.1496608239107716,0.12823526060339296,0.27112715956033484,0.20521848578782348,0.07265061235681206
SAMPLE_03747,0.8029163918756728,0.6383258281384517,0.5216399456056332,0.4865496188844621,0.3818380290921431,0.3542658135008212,0.31061031344092027,0.4209618378392619
SAMPLE_03748,0.3707163075764415,0.0836357336049531,0.06654925189234714,0.0650199434387197,0.27397486747175825,0.08661136782259665,1.0,0.29186416964693535
SAMPLE_03749,0.8346297968221122,0.047732185024016445,0.2701521275028163,0.10626084914973341,0.2661209658545909,0.19410359730525525,0.1366251132773604,0.12340031156151246
SAMPLE_03750,0.5713476926036892,0.5433670102710676,0.4998347704828772,0.8667533089515802,0.5119934530209518,0.29126025606374256,0.16815879929618216,0.46799150400673534
SAMPLE_03751,0.6328080655048524,0.0274740194106396,0.0981246252147681,0.0581569821217182,0.6619321888398463,0.016552135802247,1.0,0.6724963537890476
SAMPLE_03752,0.20970916830900985,0.0092231534105745,0.043530980469772704,0.043493124038553405,0.23750844363571305,0.07913124975042625,1.0,0.25825031843338514
SAMPLE_03753,0.3005576777095271,0.062009802634218604,0.11433649557247065,0.3077623962941385,0.14915332380819327,0.06755708904945465,1.0,0.1464546162164878
SAMPLE_03754,0.029345719035501698,0.24583788178678898,0.0534480712882778,0.8345945304373387,0.1758802311130318,0.19224025558744914,1.0,0.18993133685624575
SAMPLE_03755,0.8094477740386818,0.4705845211303706,0.6756657137475338,0.5597225872925754,0.5705187667203999,0.5163131097657836,0.348567371257691,0.5096339924907743
SAMPLE_03756,0.6093198376287762,0.3482730698472278,0.13888482366136226,0.9232549300348498,0.12927603401728405,0.12033277433520699,0.12125568922205014,0.2352666424699555
SAMPLE_03757,0.8899742387989784,0.18703997445703074,0.16302877310754754,0.24166870093612208,0.46307187616545903,0.26962854881461124,0.2484770139714709,0.2699238223534405
SAMPLE_03758,0.7514491131277946,0.5581807135197513,0.32619347867875603,0.8512524808911293,0.252733527176599,0.37193411719785807,0.2792644799027553,0.2750909260398666
SAMPLE_03759,0.8809761322989416,0.6464151054733049,0.18246538560138795,0.4905480001531752,0.1698923685568602,0.1926803841800726,0.147599091409547,0.169458435793096
SAMPLE_03760,0.7620510022912825,0.8003733990679156,0.7009435665284725,0.8760034577031178,0.6355397626992494,0.31246336103712524,0.31140932154931344,0.6525476349130671
SAMPLE_03761,0.8379636473545662,0.28326093084681275,0.1327932642223799,0.2536170136402949,0.24879610627974666,0.3616724610939867,0.23011902084460217,0.21744522813483566
SAMPLE_03762,0.6564316928598266,0.3148913161008175,0.1652571651148213,0.32356749444071436,0.38209026345908415,0.18606152467843604,1.0,0.3512361633239658
SAMPLE_03763,0.757287376734918,0.1670604939904046,0.28445805652454803,0.12705777750586295,0.3680818165591231,0.3879788904803212,0.3132026859228632,0.2429154024476258
SAMPLE_03764,0.812960310090123,0.49524066593033544,0.23451707756165524,0.9123290540347924,0.11462329945290721,0.38287371921602487,0.33031934736864643,0.17689060146645166
SAMPLE_03765,0.8269699270682194,0.18711496563733115,0.284028326814772,0.22025043571100356,0.13506329963520938,0.34758292075389446,0.22493480938178076,0.10992710868907155
SAMPLE_03766,0.8023000546511494,0.6418270957603424,0.26520725388842853,0.2868514014896493,0.3170354378853427,0.23157667357832987,0.16899720131899937,0.1771862490353543
SAMPLE_03767,0.8684739227708909,0.11822165163937555,0.2024030755304681,0.10144057664792365,0.0658070623615515,0.221886455648598,0.19814061966213553,0.1491615473282418
SAMPLE_03768,0.33190752953455605,0.07356150150985566,0.0429954644593312,0.8749959475148397,0.0816076435087785,0.1699421393793609,1.0,0.08919643948742645
SAMPLE_03769,0.9071399059642672,0.0426756367966911,0.19993276215510625,0.02137209923620655,0.052299255486388155,0.26788476541086914,0.21314817544140544,0.0467969329342987
SAMPLE_03770,0.27842850009382797,0.21877976430518403,0.08511725428464316,0.9280960439082095,0.295579251341178,0.20043102541657865,1.0,0.3341341651972787
SAMPLE_03771,0.8216366286382297,0.1540368876390775,0.20407325977685767,0.15781223147186918,0.22769204517253241,0.25377531578828866,0.15300121837275624,0.1439316140455693
SAMPLE_03772,0.9306283147113374,0.1666660508338681,0.37303388006263677,0.3256297682021575,0.1825867887992417,0.358805598457707,0.19769215878201432,0.19431690656976996
SAMPLE_03773,0.5737319879702687,0.3736801603375377,0.21533150991866698,0.9383252663608782,0.4157559578624381,0.19902273341560356,0.12131909179034904,0.34397668092217926
SAMPLE_03774,0.6214069903079433,0.5336788337703299,0.8781287018419335,0.9042359619507522,0.8829327971133665,0.27978773079144753,0.23957862278503964,0.8990897043902313
SAMPLE_03775,0.9216411457710992,0.21431456579378075,0.2834282791913082,0.330801244073001,0.18347151359682606,0.3894778096257703,0.27605317623869996,0.2719226223104844
SAMPLE_03776,0.7821355675204704,0.2062927662998136,0.1128644948670954,0.0360759032068087,0.16131665544358878,0.1686695128075499,0.252961644048904,0.1960504737958848
SAMPLE_03777,0.6412831166975683,0.2753143614403382,0.03621729211485785,0.4852289829656239,0.16047782458237644,0.13505782916401585,1.0,0.19001852717394804
SAMPLE_03778,0.792123194520711,0.15116173003716388,0.1685086226475835,0.0842269017533679,0.0774874253283448,0.37045441873659957,0.2545814083197317,0.16564733835087364
SAMPLE_03779,0.8293080402152526,0.14273788989894554,0.24168825558844212,0.086680218405954,0.31468853054607304,0.3050499192569988,0.21853302353752474,0.2299176282821255
SAMPLE_03780,0.6985638188663632,0.3737089546169264,0.4779776852160613,0.9298305350291984,0.40109213309744957,0.5657271243543314,0.3439359190893687,0.24824551061200448
SAMPLE_03781,0.6433066656477572,0.029237157471359,0.2022039871117816,0.8134782717681992,0.778751049821933,0.07906373732830145,1.0,0.771930040308608
SAMPLE_03782,0.7729597069969274,0.6053622606814573,0.19234678709743555,0.8673483110580207,0.7197599554051242,0.2526550063694413,0.11504836829463129,0.5549590046997545
SAMPLE_03783,0.8557997007618992,0.3142493657788118,0.2414666133488947,0.144089605758422,0.1889842487078876,0.37884137579619,0.15237900664868534,0.11913610968306895
SAMPLE_03784,0.8988043637159041,0.26476128671821303,0.4674169552985527,0.3259435748295116,0.3363917194907782,0.3532066039973431,0.1850205559931488,0.171409483672973
SAMPLE_03785,0.928309930729444,0.4325116850399503,0.6604791806645558,0.8013296003585253,0.6611600127589443,0.22506953969540275,0.1534299449062695,0.5898476339147948
SAMPLE_03786,0.7882807654030253,0.5430060753708776,0.34386762993358305,0.9251314711929746,0.4907561986362683,0.10941318433947389,0.11438880380239295,0.547589997618062
SAMPLE_03787,0.8125643015207407,0.7726279936896093,0.34211973062296613,0.9666821723154799,0.6214277716876313,0.15225069073064976,0.0743750600566674,0.3121428772094622
SAMPLE_03788,0.9498060047648835,0.4285446254517662,0.18208481845371724,0.2616458593910336,0.1734427511059348,0.3087002276630496,0.0944322515407333,0.1281051422581857
SAMPLE_03789,0.6560750670399332,0.3556759934441194,0.43332227244563615,0.7931048365172497,0.6587796844330296,0.34072021044484874,1.0,0.6069544022180792
SAMPLE_03790,0.5186052207413987,0.43673866690932983,0.21392536187658648,0.9805499457133491,0.434184691031377,0.22778483348602604,0.0990555827738961,0.42089016957712105
SAMPLE_03791,0.8204716686877123,0.0259691895998974,0.1327118661997041,0.0103699914900249,0.13031951257131574,0.39485641886060535,0.12181211135342344,0.08493937674924659
SAMPLE_03792,0.7471088486021413,0.2871504990840587,0.116012505341234,0.5011880701880707,0.19478327355805344,0.40761126841555007,0.3499071099676772,0.1970157389632337
SAMPLE_03793,0.6093550011446827,0.23505120586850065,0.5278479791076617,0.9485477964135329,0.5978395863031482,0.2105872055915908,0.15747137787512575,0.7220913303576821
SAMPLE_03794,0.6099709651310922,0.0860668085199783,0.6430198716916735,0.4638546490776082,0.9049319994932729,0.3108212955331555,1.0,0.8396424425075848
SAMPLE_03795,0.768543163306221,0.5914990333593758,0.8353165262689404,0.9319518456389491,0.9167114046608078,0.5333797454312958,0.8736489345831918,0.9092858147885567
SAMPLE_03796,0.8784709757704385,0.8466913856167001,0.9590889167400458,0.8291526369001752,0.8007689504062152,0.5638042122608706,0.2712348250091344,0.5729897249055189
SAMPLE_03797,0.5496710330876436,0.21001269878426496,0.1067939017594868,0.8715503209463736,0.5018345315159536,0.1079117523761072,0.3291360162031927,0.43087373364719184
SAMPLE_03798,0.8029381499430762,0.28309925561585375,0.1996798266547265,0.0916541919477499,0.3548806049193794,0.25809492042928306,0.22639631927193074,0.272176857446992
SAMPLE_03799,0.7684591295210972,0.39564547092582025,0.08787373430117264,0.3621198594322575,0.016454348962232898,0.28075833618045015,0.25202805981217974,0.02684371145855495
SAMPLE_03800,0.558839060932226,0.5485132367888579,0.16356054145950666,0.5570748436269672,0.7493090378450258,0.26352031095304357,0.1879228842547436,0.5637200768312154
SAMPLE_03801,0.0651515865550138,0.0755110238533123,0.01327096945946545,0.02892591256381495,0.33664456653398384,0.06443583626464885,1.0,0.39960930952472007
SAMPLE_03802,0.2030005406093379,0.0691418724655278,0.2198450146116063,0.14981268428609343,0.7506855486648176,0.0947242964488652,1.0,0.833439218872394
SAMPLE_03803,0.8281222198531042,0.3855767812323569,0.4087923089988578,0.3531382415714404,0.6609967182814959,0.43890714401391867,0.1308741946151721,0.47994778166509994
SAMPLE_03804,0.6459571441293861,0.29399231096149414,0.10867086242610595,0.9493079858201411,0.31633783904719015,0.3167112712016064,0.16207082902975356,0.1442995514357594
SAMPLE_03805,0.41233651489753015,0.29287801022075033,0.3987031154865033,0.19198822807373744,0.6572512998267871,0.2123840131156694,0.07474273635798284,0.6671419370379956
SAMPLE_03806,0.7983274901266565,0.4738413477414006,0.4118218775464493,0.8994545069480063,0.6347110626646264,0.13861677033646622,0.2473048428940296,0.6397338738179369
SAMPLE_03807,0.8634723739699017,0.11117557582122564,0.1530344790133558,0.08425169157445861,0.1676663738391554,0.3058369373292044,0.11792860511827209,0.17144166972374397
SAMPLE_03808,0.7959649280840868,0.5484258289965522,0.5990117071487886,0.7805602772359478,0.5418495268832435,0.214493929641135,0.060067253958758095,0.5459927058242039
SAMPLE_03809,0.6816788949896178,0.44605961698280344,0.18301197742074035,0.9761029038683393,0.3625558029212237,0.240541598740738,0.13126940701895265,0.25905203251252545
SAMPLE_03810,0.809604105086265,0.2103987465292489,0.1457598092769504,0.09193766888758355,0.1426636699195476,0.17661666091064884,0.18131823892628518,0.1216888907900157
SAMPLE_03811,0.5608238743712674,0.1648359770772124,0.1106004848962604,0.34217094690522243,0.26148663721034493,0.08538020636150132,1.0,0.27232503482111886
SAMPLE_03812,0.7291155742083251,0.2450565595840599,0.3246480915249226,0.905358052955135,0.34983176250885645,0.4342426892005927,0.33252500025346265,0.2205555088068917
SAMPLE_03813,0.25298398886239887,0.0136691646967468,0.14760158464859044,0.0952750825188097,0.41516491410960626,0.03243698786492245,1.0,0.46344139920428173
SAMPLE_03814,0.8598021351450214,0.33463549364284617,0.26778806389519316,0.3200603666795197,0.1060354060779827,0.22388299963380184,0.2583551861257856,0.11387928469398995
SAMPLE_03815,0.31652548298871963,0.07071540136577015,0.050576799406225795,0.04872471300231905,0.34992543708138313,0.04290771405727515,1.0,0.23263989913756794
SAMPLE_03816,0.7929531742870394,0.560435916999488,0.6116469527741795,0.8607644577159315,0.6575302965024701,0.4299086371061552,0.3013034029312847,0.5153267544184501
SAMPLE_03817,0.9288084640101517,0.7867221869045855,0.7579651352530392,0.7681598581839475,0.7336891311279737,0.4981046551258456,0.2944209790419394,0.7492154196352407
SAMPLE_03818,0.8869704465560591,0.1694120824969401,0.47329783498269806,0.302717125444496,0.10497254246348434,0.24315710738366833,0.2572319497525988,0.1622165945453063
SAMPLE_03819,0.8091204601500734,0.34516563112046506,0.39904967786308965,0.779830855310571,0.39724027944347085,0.37692440677145667,0.3273546709163437,0.35453601053805406
SAMPLE_03820,0.766631722164749,0.3464608076426554,0.20814432433270788,0.3323983427768539,0.22632813513351663,0.3936832505936791,0.3471252520574766,0.19893012136853094
SAMPLE_03821,0.3309035859099857,0.20737913419803095,0.1347334997477346,0.11666852039329355,0.4362269740805764,0.16824135470141802,1.0,0.5168597195400605
SAMPLE_03822,0.8614749520591096,0.1882633395078809,0.1142191180721505,0.1073749537050564,0.06801445538974214,0.1489177433889947,0.0452442646387596,0.0568720032559136
SAMPLE_03823,0.889809262694065,0.8177606276865568,0.0649151022150159,0.37138055931503866,0.1402846493318688,0.2545009802329721,0.2033673049292753,0.0975389730988278
SAMPLE_03824,0.9196369636575272,0.7380581547051593,0.7824534978193605,0.585626014666393,0.7519302268361816,0.5323677339453985,0.3101879909032397,0.7163542326121602
SAMPLE_03825,0.9094738397391541,0.04472975074699735,0.1181986124425727,0.0346139358327832,0.080099357976434,0.2000971780963027,0.151523974166686,0.1334727586637195
SAMPLE_03826,0.5560095660737313,0.16506951733780414,0.32033691253931074,0.9539169415702898,0.2541973298238788,0.27049530980276476,0.2394094788092824,0.3562498158590798
SAMPLE_03827,0.26121014584097246,0.36297160976875503,0.25808112058259974,0.8080047404546484,0.2628147354989163,0.2221925363970321,0.11900539592484415,0.2578794190987569
SAMPLE_03828,0.8573034529956758,0.2619366269334957,0.5179247293296044,0.30783159656107545,0.3574664426557672,0.3834289956437737,0.1806187881707087,0.3672514324046905
SAMPLE_03829,0.8978096362904565,0.22312619988620408,0.24643843192041823,0.1291159505667315,0.44157863950328524,0.31951610692163246,0.21419464514430614,0.3705439330161786
SAMPLE_03830,0.6757697698638019,0.4622166338402952,0.3872536305511327,0.3365018459221055,0.21253067306329224,0.07344718055887556,0.0555639205190131,0.237450430389597
SAMPLE_03831,0.9446383254903972,0.08320158636077606,0.1903577737169341,0.0836541574749061,0.1898805287211931,0.38105174107451667,0.24022814663620545,0.1546954812501498
SAMPLE_03832,0.8018722056903984,0.1192320033693404,0.127706056586064,0.10579363615719815,0.0366256764260837,0.22654395661138965,0.24905867591097555,0.0336822276177358
SAMPLE_03833,0.08963156319392544,0.015363628290315502,0.0102461371914296,0.6893864273694879,0.27389210802687897,0.108558266600389,1.0,0.33351247190721134
SAMPLE_03834,0.8207817337133584,0.3786002472097778,0.3626175082101637,0.45853338433891766,0.29928132035986704,0.4485359227740262,0.22594991836867645,0.291158454949408
SAMPLE_03835,0.2994462636601754,0.10820627515276435,0.05713705705873125,0.8629267150656834,0.06712369577267391,0.14687742952637925,1.0,0.08824941487327889
SAMPLE_03836,0.6640395152151748,0.34973830295827246,0.2355537707958453,0.9731156365373472,0.40433926878135995,0.0719035281508974,0.034050701905198696,0.3441701131549666
SAMPLE_03837,0.9161403653497278,0.07873024129281085,0.1464013079395728,0.1031109719831671,0.11248430335653781,0.29996989638313765,0.19038267626712285,0.10856528528191596
SAMPLE_03838,0.8208076950396781,0.442711028697265,0.21501584727065878,0.8820604730867236,0.1861946608478241,0.3414011839259392,0.24950514444945704,0.2043705520826558
SAMPLE_03839,0.7593779899186182,0.6848956508996827,0.7569074154957466,0.8764146814291797,0.8072207588992845,0.30283102327640815,0.15586465200397165,0.8236469272527338
SAMPLE_03840,0.249490827668909,0.0821294616826551,0.10203256178614059,0.0350010507396618,0.49547100807758926,0.095068756570053,1.0,0.5341562510426686
SAMPLE_03841,0.9361428918332975,0.30384503544134867,0.3494171397292316,0.3204115756196304,0.2884676254430333,0.3571724451089805,0.16363672003076876,0.24411345522898242
SAMPLE_03842,0.02612241760515905,0.00609292509271425,0.01143469966136335,0.0050832390221353,0.16371843564231106,0.06792623374985315,1.0,0.2243325123418175
SAMPLE_03843,0.7849932690541606,0.5614239681411994,0.3947515202867978,0.8905231781651335,0.5398064098613493,0.2097123373361233,0.13441389813924315,0.4174260956358091
SAMPLE_03844,0.8056352743422515,0.41253498975970193,0.1965409950443583,0.6136572059970933,0.1260364270020039,0.1899340351686644,0.20334820001382656,0.11791164635509375
SAMPLE_03845,0.6474564774915088,0.6732678818533382,0.29518549165328495,0.966584633266858,0.8355220295524515,0.1856291786073857,0.13690839734748567,0.6424870080018845
SAMPLE_03846,0.9103082692795386,0.22539341366961854,0.303556679219284,0.1748164839816462,0.18124722279840808,0.22138977814146005,0.17051458692345897,0.1627722159346093
SAMPLE_03847,0.46037808235192207,0.5697373044919815,0.31263058450338194,0.8999345159898628,0.6461118091858221,0.10490630280083756,1.0,0.6637234349868087
SAMPLE_03848,0.8373049727995446,0.1336072417407782,0.20692451737622725,0.25606619108635853,0.21071951900683242,0.1859419890422123,0.11364420248440045,0.09361429560261285
SAMPLE_03849,0.2577327407610927,0.19908733308310544,0.18192038749655237,0.590466990775915,0.7529381720006836,0.07440719376645681,0.09605804599670655,0.7759689441359686
SAMPLE_03850,0.6819737685638847,0.0253701775134789,0.3628304419802487,0.2213477426454431,0.6813303675618422,0.1078635103923789,1.0,0.7292615032566232
SAMPLE_03851,0.8729546497809494,0.27417524738271837,0.2765264419225376,0.3450516081665988,0.34113363630813515,0.3432593141477318,0.23136185120082675,0.16761680874016235
SAMPLE_03852,0.8969722421571018,0.22334441620134649,0.18396852111774745,0.1131870176624047,0.27064664121126253,0.31698565451126326,0.27755310493903096,0.25317350842140374
SAMPLE_03853,0.788271877099394,0.5454330568536765,0.7052487735171445,0.18603024803453896,0.9107530051111796,0.3405457604592224,0.1591609710984716,0.7643390773272822
SAMPLE_03854,0.7777035071791852,0.521785751007584,0.275309031688603,0.921144860044268,0.8417043190921183,0.34011574205430006,0.15228254770933455,0.4693666444082547
SAMPLE_03855,0.05006622985981655,0.0631867065014044,0.22057360004949764,0.08764167366443046,0.13496769590221155,0.07757698874635365,1.0,0.16808756191218185
SAMPLE_03856,0.9008067517875642,0.18061857758106234,0.1730577910862429,0.12890339993917016,0.1802216276240069,0.4245529357613965,0.2411295647475566,0.23860579194587256
SAMPLE_03857,0.9313043532849737,0.2298731101329807,0.4162381948555696,0.4068819909337414,0.25071956654334737,0.30374903463965086,0.1161845627682225,0.2764524693853055
SAMPLE_03858,0.7219694460556597,0.3396143233451497,0.2611434605058202,0.8345364979266046,0.2998951663226355,0.30938706998587107,0.1177924881145822,0.37841053148206083
SAMPLE_03859,0.02736114958543185,0.04180005509979795,0.0732916307690037,0.32230598492619045,0.2602476223344491,0.0775909558234575,1.0,0.2179937906527756
SAMPLE_03860,0.03662248454084305,0.1592165927576978,0.0176709449746006,0.0829432818537964,0.20046257567151313,0.043246489086031854,1.0,0.25888096587791126
SAMPLE_03861,0.8576405112224564,0.09514539927538175,0.3661550879094773,0.17029947466879214,0.23328270695580391,0.2041514058517441,0.16286172728796025,0.117415940065874
SAMPLE_03862,0.8624639261234268,0.30574118057728067,0.6852162758140781,0.2828457174491862,0.8687990913529933,0.22804087099310966,0.15070161606961624,0.7635829792629729
SAMPLE_03863,0.8028065854340076,0.17666133951571272,0.283575284192188,0.18830798318425299,0.3046583000061678,0.3171783018275282,0.23093101039402486,0.2893363461918694
SAMPLE_03864,0.6381367708766033,0.00841753698413725,0.11800043858019155,0.38129835156303815,0.8727530857482266,0.01873581291171215,1.0,0.855019161854597
SAMPLE_03865,0.728429439472103,0.15151564218761415,0.22500629006744485,0.161156634783279,0.15869329012287844,0.23990541217205905,0.19208474757230315,0.14065114168035725
SAMPLE_03866,0.21360878637739544,0.1742254509571609,0.1457947797844632,0.8265112316245131,0.4505855442859083,0.20608484856414538,1.0,0.46317641793422665
SAMPLE_03867,0.7903801076230411,0.6026903061830323,0.4212705309001712,0.9783586970092291,0.36734831920365396,0.23742593801653034,0.10020966288516811,0.4028793293273826
SAMPLE_03868,0.22526286719276423,0.0289240954289111,0.22352686816098435,0.1555161585614505,0.6229087724897018,0.07274503412851835,1.0,0.6198026072520735
SAMPLE_03869,0.8704687708917106,0.191021297683426,0.3331528561328789,0.1695000482447833,0.4301391274679512,0.3536607112888016,0.1506377891891166,0.32507636227243975
SAMPLE_03870,0.4500462129740835,0.1917712812869084,0.34348088416082057,0.6051636799429512,0.7433278219877169,0.16280303615955435,1.0,0.8040758598314108
SAMPLE_03871,0.8004629747800187,0.10993846341689684,0.05152695856911585,0.0592668160405172,0.0233139756601711,0.2554056919026577,0.11318196694378516,0.0367839561181503
SAMPLE_03872,0.9181423132599906,0.5806637001880849,0.5023639196140467,0.8468735913324181,0.5910678196362115,0.5218611054265702,0.36553295958083404,0.5936654123426716
SAMPLE_03873,0.37818461588045393,0.3507970874971026,0.3074775144391971,0.7340155485066282,0.5503706030686273,0.249726949707047,0.1781618602699632,0.5723988033082729
SAMPLE_03874,0.933143734537862,0.2090849654886866,0.35202799874257745,0.20416052858041644,0.3116095501799927,0.14384721318380908,0.11029125822222954,0.2916567578111839
SAMPLE_03875,0.784115169591658,0.778927078084977,0.9681027801691628,0.9256551404415816,0.7586986570121368,0.4635578382050896,0.3101750959767288,0.6693001230741007
SAMPLE_03876,0.8471316517380133,0.2468319558299453,0.17171076750364556,0.3377081230895557,0.1270319690622416,0.30333841922075955,0.17140790847945045,0.054900305182612845
SAMPLE_03877,0.8874702559994037,0.054228190106557744,0.04438670434499055,0.06488336575533604,0.06396268519803185,0.21944664575670175,0.2173384567549102,0.0478163866656632
SAMPLE_03878,0.5461986128968801,0.40380250486053604,0.12609661544245654,0.954979506534256,0.6763546096408704,0.29263118875012034,0.21354936331849045,0.27822935764470613
SAMPLE_03879,0.3102992643102933,0.14164338681379976,0.1136456813905992,0.8746950650587455,0.0826050285131242,0.11423231294894,1.0,0.15002553379226755
SAMPLE_03880,0.641767140220332,0.8114794360778239,0.5058843765029561,0.7849667080975005,0.9080515586037007,0.32966181384002763,0.15773465183617655,0.9350765478964858
SAMPLE_03881,0.6661596488181978,0.3063573341033524,0.3769137179121357,0.8231958957906433,0.46641815388063695,0.21839992186821294,0.1878637456648159,0.46200122269348676
SAMPLE_03882,0.7963043562265278,0.3891039362811013,0.7316974829993667,0.8566520720804336,0.8245906547797548,0.1114292489401216,0.03122185679165295,0.8113707655632563
SAMPLE_03883,0.9196371973366065,0.33271392219385265,0.15236152150237744,0.3934531253781566,0.100409612319818,0.2210889949759695,0.11330585248539154,0.0646875914330457
SAMPLE_03884,1.0,1.0,1.0,1.0,0.6355656103826958,1.0,0.9005086623336758,0.6682344372593416
SAMPLE_03885,0.4843338750817792,0.1459709793189216,0.13385412749847686,0.918849264010593,0.2240813740378795,0.2416198262796478,0.21547062726595229,0.20803139881216826
SAMPLE_03886,0.7525551093291218,0.17342952683412602,0.3015802273527842,0.1996482411587454,0.23178766706229031,0.3068867617713614,0.2653273954114128,0.21164217589108178
SAMPLE_03887,0.5474592873448244,0.47732759060905217,0.22465472642141973,0.894806737092889,0.03095956804362695,0.1466853271352118,0.10947206069107769,0.0939769792502769
SAMPLE_03888,0.7784629469289408,0.2300955854442989,0.09503975038186785,0.5237058908258372,0.0790760075503535,0.2951078507472857,0.23392324504200573,0.12447370387911695
SAMPLE_03889,1.0,1.0,1.0,1.0,0.771367219290646,1.0,0.8988249353972522,0.8206450750034846
SAMPLE_03890,0.8646407223860173,0.26314724719090576,0.4032200265711627,0.1965710025059862,0.7565290403608746,0.38280632940064213,0.25769855367890354,0.4848632398762124
SAMPLE_03891,0.6239136818924604,0.4826663635859154,0.581061095982043,0.8938331349373075,0.1819146608528591,0.15075837048640775,0.1245703453878891,0.39697608060407974
SAMPLE_03892,0.8004589051138543,0.1430648721622777,0.1537408502955588,0.14125290133024274,0.2343518228497432,0.34757142278778264,0.21820706737873866,0.22423590831902246
SAMPLE_03893,0.063355638171676,0.1906650771222963,0.19988580182229276,0.63110821687198,0.3559943284779539,0.09174456337368275,1.0,0.37521080652146044
SAMPLE_03894,0.0111051434026288,0.0126436591847235,0.07738918923304575,0.02765758784153485,0.13758497108621576,0.1273635438228661,1.0,0.21957633279214434
SAMPLE_03895,0.45783831754756876,0.2074091037470741,0.2740488839606514,0.9571288667499643,0.44613550592606854,0.13698610198710595,0.1049402820584384,0.345847933603951
SAMPLE_03896,0.6433963515017959,0.19955660858322344,0.24939487414881698,0.7949158728145114,0.28585146871086636,0.2635284691150195,0.1666546198434444,0.4342933541858975
SAMPLE_03897,0.7477648965967499,0.38488096533047106,0.362501999565698,0.8184318658801117,0.3280191663680291,0.43160213887076826,0.361910351069807,0.3410043201472778
SAMPLE_03898,0.776190218304569,0.9632699188575182,0.7783489875791398,0.8928547523791623,0.9686822607250936,0.45742959868142363,0.27725043942461064,0.7166996450697488
SAMPLE_03899,0.8663086063195163,0.0979123381157466,0.17310417985654675,0.04288871565996865,0.038766865698428604,0.3009403457611187,0.18524498884872154,0.052834398297230446
SAMPLE_03900,0.36563199336274876,0.3985327229409231,0.32870276452339114,0.9400485368043023,0.8613775164029633,0.0330570617787079,1.0,0.8576864803271437
SAMPLE_03901,0.9149726920107866,0.2066490023126541,0.11508478588455776,0.0817713782967687,0.0383530609516507,0.23808315986147563,0.15899145844667756,0.07928308296350815
SAMPLE_03902,0.6265616119019858,0.894394444545273,0.5926319831969452,0.9521291556564789,0.969667235345796,0.44067910278077904,0.12458417810768284,0.9527834734723732
SAMPLE_03903,0.05879283463194305,0.0498116074722368,0.5256133289054025,0.38514484382884895,0.8102258157239066,0.08230684582431336,1.0,0.7930744078395078
SAMPLE_03904,0.6106916733492129,0.6878529866938266,0.24144291507899365,0.8112364678706755,0.23675898970716186,0.07124034736276351,0.08805149135505624,0.19419034082251485
SAMPLE_03905,0.840805875027907,0.21983539620886663,0.26361227089886713,0.2733197439599061,0.4573606887212318,0.46558728473413563,0.35256983069589676,0.4890361236158359
SAMPLE_03906,0.7138025314787909,0.2876818609229582,0.20180291897537064,0.7666744561125671,0.2528380694387335,0.33941540413464943,1.0,0.1832726221935848
SAMPLE_03907,0.8981417284991525,0.07850905102810639,0.22960074198911937,0.0574803136748716,0.38033692765715377,0.2189939377467121,0.14999225011669023,0.17261727034056915
SAMPLE_03908,0.36587032358889504,0.12676073581301345,0.1571940542078458,0.1564718827755457,0.20737785546784446,0.0852694209432065,1.0,0.2531421601185245
SAMPLE_03909,0.6310981470567323,0.3480550963811262,0.14626045268711985,0.9513998137646951,0.0500936597158382,0.10207636095641764,0.12604688584247745,0.10572158829683534
SAMPLE_03910,0.735621558587518,0.1025753552845042,0.177852620230843,0.08055319949322426,0.4618144765497977,0.26059222279044714,0.18434160799896424,0.08143067714060155
SAMPLE_03911,0.7994723765094578,0.7561612356924339,0.4810438918738672,0.8759845887842898,0.4222713796616623,0.5528122121282076,0.3758718015905965,0.505133880135136
SAMPLE_03912,0.7776002214014655,0.26710269654753127,0.7260930067762286,0.7807202117273027,0.5909321487521856,0.3979509764070329,0.3466553576396969,0.7000363208485819
SAMPLE_03913,0.9154687114006734,0.25854106791928244,0.1220346228411369,0.2996179106087338,0.0787363168664362,0.11919568622667244,0.12324173325076619,0.035782509423641
SAMPLE_03914,0.5894313148741829,0.1209750887777947,0.27464703415736763,0.39086018741790884,0.49611282940940915,0.23828808362252318,1.0,0.5142864641642605
SAMPLE_03915,1.0,1.0,1.0,1.0,0.8283801048906563,1.0,0.8900354357622454,0.7773523389324934
SAMPLE_03916,1.0,1.0,1.0,1.0,0.6491504534643673,1.0,0.888707687636624,0.6171727091281046
SAMPLE_03917,0.9116232119110033,0.4046670181569927,0.40488196995879305,0.8232444130363067,0.41042139412659173,0.4789482421516634,0.3621393677945451,0.39560113322891316
SAMPLE_03918,0.6212671828688279,0.2822424377562974,0.33129670045852505,0.9153940988028757,0.1388620472848043,0.14401317036622155,0.0863998840002147,0.1260569061504333
SAMPLE_03919,0.7259424029334541,0.5999990672246909,0.6068463557548858,0.7855308815974889,0.45525231498235713,0.43101812909472187,0.32611532341725963,0.4596597632429099
SAMPLE_03920,0.4457946052297655,0.5152501344593342,0.32829367186915126,0.8743863385778712,0.30900681455895673,0.2214199650583434,0.34649194268727096,0.43831479120893746
SAMPLE_03921,0.5005782701397391,0.579171454837063,0.0928436755287355,0.8978913095314622,0.2921597393619667,0.1312178773145124,1.0,0.26206691480668715
SAMPLE_03922,0.8618022771018747,0.11471095293950985,0.19121003557114358,0.31481665887805504,0.41678966592581923,0.1343591632231294,0.07711612303957005,0.1956731766066581
SAMPLE_03923,0.8829724196844089,0.5186795017624444,0.5904812197662892,0.44466751539798566,0.6692143908362138,0.4758021671156134,0.35208426262043996,0.6889522339850798
SAMPLE_03924,0.4357730094068665,0.28769549527350524,0.1765116286712846,0.29951070121724077,0.42600263120740417,0.14892960013295906,1.0,0.4790117779494146
SAMPLE_03925,0.7554283280030033,0.20576060365223525,0.4094255162521555,0.927866088795267,0.2543977273449731,0.429940356798061,0.34443569065090335,0.21169692796079687
SAMPLE_03926,0.6629814087682222,0.24105530407909687,0.39158552927558976,0.596768826654984,0.747901896829605,0.06854223235393414,1.0,0.6735330992937916
SAMPLE_03927,0.8864715980731852,0.041045893280540105,0.3183873958824162,0.06184626585451385,0.35308836759016554,0.32067431459744544,0.11092876234046035,0.33697394839577993
SAMPLE_03928,0.8981400204378325,0.32768137082855703,0.08604299837870115,0.18834253484220292,0.0309915355571183,0.1745871674814604,0.14461812645058353,0.0420413052061832
SAMPLE_03929,0.8238015536360197,0.20961753953345816,0.21454345762508348,0.37185467772465974,0.1800127267123614,0.2591618883418818,0.14299123275913295,0.09402546089792445
SAMPLE_03930,0.867140556250944,0.15654274408718785,0.06543044739828366,0.03113686651690015,0.037901623160641947,0.1545426441769709,0.16593218310117416,0.02671771542983495
SAMPLE_03931,0.6202295325462771,0.32761033763191333,0.1168028979697965,0.9807579166068232,0.1347816927543458,0.21339618132052873,0.14379955691375115,0.10566456481504251
SAMPLE_03932,0.0174101356929993,0.06150741540637495,0.0461450858015613,0.02038957618116375,0.15260778292720076,0.038740100122738,1.0,0.1391240589954416
SAMPLE_03933,0.6718390587078034,0.49338028687700214,0.3267116222765184,0.9645479991623516,0.9515616482723361,0.1601325341821826,0.04654792078488156,0.747116825321707
SAMPLE_03934,0.6141884237441035,0.36843571339020575,0.2870306164423598,0.8662791517997679,0.49884206617611815,0.0452456088065549,0.0502350606267311,0.45651132799209965
SAMPLE_03935,0.7801297567295999,0.598002721144781,0.39918405599016615,0.9160039109600201,0.3402516222404879,0.4685987527658689,0.3767285229203177,0.4517937259749427
SAMPLE_03936,0.6166492309525464,0.4742598682689284,0.39068114656305314,0.9090941781041488,0.35086285889417135,0.2077431922978513,0.1302724010546329,0.37681889229595955
SAMPLE_03937,0.8958039941858429,0.3600049029696435,0.3315965028600932,0.2956462331362888,0.14867926177066385,0.36809924994831167,0.21628240428973208,0.1015111997991378
SAMPLE_03938,0.8042886510384877,0.7487994911662603,0.562832936434204,0.869846990803337,0.6035012255154452,0.48087378799207414,0.3048361066042022,0.39007989872698523
SAMPLE_03939,0.766052749721549,0.5492386937938157,0.8798306331575555,0.9238523658434276,0.9233609959935294,0.15862302545570361,0.13625952604287317,0.8702387659654908
SAMPLE_03940,0.6770343171678856,0.28071620632196836,0.2651434625209669,0.9297255364893252,0.6682061454942122,0.129626883259157,0.12556868881133365,0.5656561054045084
SAMPLE_03941,0.841133216758932,0.5586307417216083,0.1122790970857263,0.27145738688926463,0.17636954155990717,0.3117836690967471,0.07592005804163285,0.20001991013366396
SAMPLE_03942,0.8796425375834787,0.18431422262579475,0.19349857679152566,0.0849056145048648,0.11818211640527915,0.29108175955245247,0.14733012405262458,0.0953662377571745
SAMPLE_03943,0.8903059900440662,0.1286880389297604,0.12845551746937786,0.0720896051784578,0.02919146371768565,0.2811029467847224,0.19769607526495292,0.06250258147052111
SAMPLE_03944,0.8015820038974169,0.26475664019339945,0.08453888784838265,0.0697356300371985,0.05504102051386385,0.1596481693401678,0.1666218227281987,0.04669443537206595
SAMPLE_03945,0.910308170094196,0.301680753190873,0.2585650816633831,0.8553669768652721,0.15274324950199447,0.4587752713922222,0.34178642378186164,0.2998911904447424
SAMPLE_03946,0.6410361303571525,0.649427694809174,0.2060628524424157,0.9315301309193784,0.7348936121085512,0.15545600219687156,0.08572179451392556,0.567802916476749
SAMPLE_03947,0.7741090180934749,0.32727179842295573,0.23907496928350322,0.22295332184015404,0.16216401238171155,0.4948624396379945,0.28540729794155856,0.0991959627472975
SAMPLE_03948,0.24808960538360275,0.0272913939684261,0.1183988548436138,0.4235642215260053,0.12105781211018225,0.07842504174382205,1.0,0.2206445105426759
SAMPLE_03949,0.7781501543950812,0.7473705827180133,0.351827405550571,0.9454386531820487,0.8475355701763585,0.19823627310145775,0.10905192972418964,0.6520793816869382
SAMPLE_03950,0.7909715782745346,0.3173449772230983,0.27769970024024326,0.9561018617232058,0.5272316409369043,0.33934033379442685,0.19272464470573292,0.2642136655147401
SAMPLE_03951,0.40541795234045785,0.0727058727098869,0.1415540233316778,0.3607133143192143,0.4082764614198757,0.1501216720066744,0.0695633704512265,0.3925436176841791
SAMPLE_03952,1.0,1.0,1.0,1.0,0.6486056165106082,1.0,0.8892857936403537,0.6460949876374575
SAMPLE_03953,0.7626480330252854,0.7902189411789919,0.22668697077968736,0.9554355291970658,0.25114482027475554,0.352792448705801,0.1936509463608656,0.22140497371373968
SAMPLE_03954,0.8611397619309029,0.31502705199707803,0.4253373416106782,0.9069191460163462,0.6964814343556489,0.3919060529947236,0.35738543317905797,0.6630561515742392
SAMPLE_03955,0.6351687101239363,0.23542871882807,0.2511608268380126,0.6094868763759455,0.606078938046962,0.17366191283472548,0.1134457636534596,0.6721946487845329
SAMPLE_03956,0.3526485821016824,0.0730360669153303,0.1723598072741404,0.1261218910561746,0.7642992285952728,0.09956022716962815,1.0,0.697975366771449
SAMPLE_03957,0.8173047225904502,0.1076379594632352,0.0844366166833931,0.0410202366923223,0.053071490873459755,0.26229550671707497,0.25060017255629835,0.04254245992372945
SAMPLE_03958,0.042990937727528954,0.07237440809331595,0.16003247157213005,0.0637544440802868,0.6910428954011648,0.14757747284353234,1.0,0.7022146678753549
SAMPLE_03959,0.33041783815993975,0.17223729178470695,0.2173929362150758,0.8736250193095645,0.29639307592109376,0.354888870817299,0.2631092105582958,0.21501977828253985
SAMPLE_03960,0.8664748021878519,0.43982167664445565,0.02114642304166475,0.051729363489950046,0.0128188600116956,0.18471410584652115,0.1427129081732701,0.005518509349814901
SAMPLE_03961,0.784264980436729,0.18835814107383103,0.19540357386649027,0.0815348226661051,0.32289859618312666,0.3106141811921745,0.1542536291298194,0.28900915347106404
SAMPLE_03962,0.5323409377108347,0.48872650153423275,0.3611729832854964,0.9847491210972781,0.4753279304704835,0.07888588342698445,0.09438900144259779,0.49870704432639157
SAMPLE_03963,0.6576142969559722,0.4027689675528502,0.3081619874626555,0.8020713640035939,0.6872375916209048,0.29738988253891446,0.35048667848502923,0.7471893846608213
SAMPLE_03964,0.042998768281770204,0.06185788287954415,0.1813972352604109,0.12068510211773449,0.581018403087355,0.08742671750092985,1.0,0.6501420098975587
SAMPLE_03965,0.8788051318892677,0.04462074061457665,0.10033926765008186,0.0136831808835688,0.01154146350476175,0.2826457263099769,0.20535586006485304,0.0215631776747025
SAMPLE_03966,0.0148916131924067,0.10460090870316435,0.14795993119654668,0.2219608141011625,0.3267892932173306,0.30801251635257587,1.0,0.23061088594280815
SAMPLE_03967,0.6607336345153787,0.709485734581225,0.3551902364084842,0.9157091883568216,0.4692692900316204,0.13128803668415046,0.1204945506142594,0.39826224669787336
SAMPLE_03968,0.7893892438135217,0.8042604521152137,0.4654252789672472,0.8569343146145076,0.8496018180990501,0.3623301943772671,0.1374415738951838,0.7707264263297163
SAMPLE_03969,0.5099337837315953,0.16753116469279816,0.034416455992956556,0.16114706402479523,0.19556754578829996,0.10374848806539899,1.0,0.17882030006848726
SAMPLE_03970,0.44094286902714114,0.6076607539710117,0.5071752305506594,0.9178914492981216,0.6853084223050612,0.3608713457894037,0.13442527883385194,0.6486422262497329
SAMPLE_03971,0.84063708177363,0.1207369648598518,0.08962570766672505,0.08275610717959934,0.022446673374645502,0.24486265657760234,0.0917983683312093,0.01264337959590425
SAMPLE_03972,0.9118077497843085,0.2022533808539781,0.21657139870522865,0.2044396734897771,0.1056722571227241,0.30605782846603646,0.23941984597721938,0.1005117034364038
SAMPLE_03973,0.049350576955080605,0.06890483312604515,0.05911471997095385,0.10749104733966135,0.5094171990373443,0.07274349528869105,1.0,0.5485685478082981
SAMPLE_03974,0.7882952617452786,0.23652040244301395,0.1018935135895849,0.1354215775165055,0.14379676030654745,0.38225889954495557,0.2581890546782112,0.1854709329290333
SAMPLE_03975,0.5057914239382939,0.06244970541474585,0.3986053918076771,0.8213371488827554,0.4085930644739367,0.0715861924961793,1.0,0.4691489278949277
SAMPLE_03976,0.07199525267616211,0.1962104393446222,0.0669841885098801,0.8494745599099567,0.22434777648250895,0.18773331013473885,1.0,0.2479302000827355
SAMPLE_03977,0.7837756681449561,0.5335376731542313,0.3890459491711015,0.9371169579640166,0.09659120890110581,0.39171716532237183,0.21515839966973016,0.16057142486191806
SAMPLE_03978,0.8464749535919458,0.3670878892047798,0.337572282857352,0.7962541059158471,0.41559772122119143,0.28649524434224455,0.1944114846949542,0.2734458187445362
SAMPLE_03979,0.7736342190993412,0.5392391477133376,0.34589242625619915,0.8122139736123118,0.29571039182519454,0.25237696571947843,0.1135779397462164,0.2922675577301041
SAMPLE_03980,0.90513801014967,0.3969676200191022,0.04034543181713725,0.24169924429323963,0.07493036295114161,0.18388187865368905,0.1923277066029549,0.0091032574307249
SAMPLE_03981,1.0,1.0,1.0,1.0,0.1336861495533022,1.0,0.8943518292932329,0.37024770883407315
SAMPLE_03982,0.45709321910008727,0.24639489184672558,0.17348941591117056,0.6668334337825662,0.6257438383826273,0.1557465913680479,0.06521068686644994,0.52858907848563
SAMPLE_03983,0.9053085675150525,0.41800210243015495,0.3953512143388004,0.3326538411196405,0.32811746510733375,0.49563216658024495,0.2982657877193818,0.36554159578135387
SAMPLE_03984,0.7788022732212075,0.0793794155255822,0.3934569014142143,0.2765560723213552,0.3267359708643916,0.27133660338924354,0.1345552095008839,0.14776806467785267
SAMPLE_03985,0.9289744225868374,0.23908670200382895,0.12008781291718765,0.22593197280045996,0.08226188996692864,0.16224184089872246,0.0805884854379776,0.03137117960253265
SAMPLE_03986,0.8831367890955731,0.06470699379679595,0.2238875535170153,0.1158388232986932,0.14707556407383485,0.21924407026273054,0.18169689850377785,0.0230779612572113
SAMPLE_03987,0.2387863393043873,0.1906601114160938,0.3121681008696796,0.8009034993973273,0.5918579797603414,0.1373998356065696,1.0,0.6282804014821483
SAMPLE_03988,0.9038078739522759,0.25421197301862236,0.20046883503888072,0.2015281852162633,0.13732806489100524,0.24154633787359528,0.1803998551667026,0.1223037187453925
SAMPLE_03989,0.6971536685273674,0.21972300820636514,0.32468900357221314,0.2608148436797778,0.8349737103083994,0.18841331289976548,1.0,0.933431992506174
SAMPLE_03990,0.9394728008449079,0.2293291587158637,0.2551988814594166,0.0879916418709296,0.21892316448971844,0.32265416456721085,0.25590249482626987,0.17480319642355152
SAMPLE_03991,0.7722553503664265,0.6492027627894502,0.6054652584746787,0.8819445092382512,0.8036066702941036,0.38384702964135986,0.3691236481499455,0.8531114580269457
SAMPLE_03992,0.3958287308598101,0.22624316924541782,0.039844612986961944,0.8780285184890615,0.1172326279107153,0.05955903387918895,1.0,0.1552240482573003
SAMPLE_03993,0.6013330974329703,0.2873579837947785,0.211870741451685,0.8985790799573112,0.17565777951570635,0.28239919031215654,0.26135842341707954,0.22035660500091228
SAMPLE_03994,0.8998071989380557,0.19715183122646915,0.41791429558522236,0.3029823787574028,0.24177632155653475,0.3661368495399654,0.24188456971392885,0.2669348590857207
SAMPLE_03995,0.3443715976168725,0.0379077067495062,0.11804422366360875,0.3387274655981245,0.3126163883219682,0.07122289483322311,1.0,0.26832454711242815
SAMPLE_03996,0.03477891476201405,0.2005108521276951,0.0391454518279124,0.0330692559703676,0.6241371167178378,0.0624053423173053,1.0,0.7247273519313686
SAMPLE_03997,0.3465478837928701,0.027584008157233452,0.2610577348142218,0.32854129415647154,0.48324197218520215,0.027242251621716403,1.0,0.38781000975689783
SAMPLE_03998,0.46013642717417197,0.5768936964462579,0.04573741630191345,0.9186540291588815,0.08124392911130471,0.12089057809637299,1.0,0.12922048459081825
SAMPLE_03999,0.5096817013783392,0.0460815364703566,0.2398234891061852,0.1311980557189989,0.6401204103103523,0.2331548683846963,1.0,0.5974996078722643
SAMPLE_04000,0.7880770867944369,0.4606719768658689,0.1705020541662549,0.85195564837876,0.6141080145610003,0.1622480753611837,0.1326307845346073,0.5160356445643945
SAMPLE_04001,0.7928121919090702,0.6681863708252243,0.18321216264623763,0.9120691524030178,0.7885442358854893,0.14040202062347804,0.0820647284933154,0.3095782375263275
SAMPLE_04002,0.7811235627576415,0.07103126606319125,0.1717832956592498,0.0643137030098912,0.15050896429055288,0.2893976973862416,0.14661922834937607,0.12215071489480285
SAMPLE_04003,0.8854605627608719,0.1967452237354979,0.07134771228135815,0.0874609779596871,0.052428882934994404,0.15922789777888166,0.23085224412904415,0.04426659216925785
SAMPLE_04004,0.41050548137481235,0.13194396447159623,0.0721081484740926,0.10077599308757576,0.8036954047705979,0.06507327380756925,1.0,0.9153078175351419
SAMPLE_04005,0.4652243854769633,0.18101332214118065,0.17597051785290677,0.5599151398444393,0.5852195044770727,0.0684137526837659,0.037729627384183596,0.35678891369642207
SAMPLE_04006,0.8939712386690617,0.5371784696850874,0.3903071973589173,0.912826657747872,0.3723758782627248,0.33957437287052206,0.28140657405583336,0.33605395364988916
SAMPLE_04007,0.9059709194378603,0.034535422114306644,0.1625774193340642,0.06939259244237575,0.072797371486705,0.2511620311275174,0.07927844564024485,0.05815741348534326
SAMPLE_04008,0.6098723805288511,0.2704017358902264,0.29964379900462135,0.7835186604025774,0.9657107132129722,0.037218555975446,1.0,0.9666992346759362
SAMPLE_04009,0.9258045405184376,0.3171969451726211,0.5344023039611845,0.33366551261359245,0.5532350376739238,0.40439045295287734,0.22746127330878002,0.6110308222856974
SAMPLE_04010,0.8966415417799073,0.23049382871818044,0.1982056235542391,0.17420565611595304,0.15427079740553656,0.15237426345347424,0.10434014456600209,0.2891071733111434
SAMPLE_04011,0.662619285581867,0.5504990814914226,0.32085016219365514,0.7976698847229946,0.3283877845347852,0.12168289139883985,0.12457289445960625,0.545924388000053
SAMPLE_04012,0.8884753614993934,0.4861146025861283,0.16345038709544266,0.4085585767053087,0.09108946982465904,0.20346972953786693,0.22098538923231825,0.07055910074284115
SAMPLE_04013,0.7082155118097655,0.3191341097524763,0.4614204036491355,0.8984513804567703,0.17967954300314534,0.37201842532226614,0.2968138052629421,0.11483465640014935
SAMPLE_04014,0.7653218195505916,0.416089185860107,0.29550641088052176,0.833375570331175,0.6681707821167795,0.35444466061594015,0.1517579895378161,0.5977185378790097
SAMPLE_04015,0.9228085427646263,0.19824159022095544,0.2658357147908366,0.2866418581909719,0.2708522793522161,0.24346242846243854,0.27201879866043494,0.2857717111098643
SAMPLE_04016,0.6664698160572123,0.5166911697700112,0.3861758325662619,0.9477746018996163,0.26905845437038794,0.1922606984730851,0.09422687256789974,0.24395539862542376
SAMPLE_04017,0.8246244249911869,0.6986815360156451,0.42818544831479244,0.8752528954648497,0.40908844748155815,0.43863333739570604,0.20763654425294625,0.22754404555065774
SAMPLE_04018,0.822139748497337,0.9501966294349209,0.26245304941788716,0.8845051289623773,0.03808283923401845,0.45570332021840465,0.34499421715360534,0.0519353019695916
SAMPLE_04019,1.0,1.0,1.0,1.0,0.6787734579480438,1.0,0.8898320890448089,0.7719265967789044
SAMPLE_04020,0.7282740583578925,0.33108620569185065,0.400500180092545,0.8299626485612777,0.48838857305614625,0.30955612924222325,0.21051390498822145,0.42598268211130774
SAMPLE_04021,0.24788322760742132,0.17997767902004516,0.1414740141532406,0.7874748139422583,0.7639796209590275,0.05039816556733405,1.0,0.7981628476102347
SAMPLE_04022,0.02521951892209695,0.0880750456865238,0.1429101333557358,0.23232036392549538,0.542756945377853,0.1861983541493087,1.0,0.6462276931810089
SAMPLE_04023,0.7681349177240164,0.29990444861257015,0.13635374384260684,0.9294990403501595,0.11303670482673964,0.2667444447737911,0.20082162496678116,0.12463491718137415
SAMPLE_04024,0.9132925658062072,0.27016313625330424,0.23426929442899655,0.8063830068327111,0.16829376126767345,0.3980802103987955,0.33415207093315313,0.18298822400760487
SAMPLE_04025,0.5804950931694869,0.10293658803431,0.15151031842803975,0.10134064018748311,0.5326232927565299,0.18256043612594458,0.1077357587174119,0.7258019794771021
SAMPLE_04026,0.8221322032129501,0.5703809676043449,0.4441124259038337,0.372986296686168,0.4355726553854115,0.3768275500686467,0.2085950125962949,0.33832779894913995
SAMPLE_04027,0.8114569712523054,0.1338509195816638,0.20577929109670995,0.12431530442598016,0.1578880646395467,0.2858761321701371,0.25162967938468916,0.15588586044209615
SAMPLE_04028,0.8938084607576484,0.3270813384343692,0.16298053306317464,0.17667387937346815,0.23142131531665625,0.1662890622315827,0.14187201962724358,0.185847838614567
SAMPLE_04029,0.899303903569775,0.104175659814633,0.045272734070135205,0.0319473069425444,0.009148715227751,0.16887898586435351,0.14768421931235196,0.0224822979387163
SAMPLE_04030,0.8858015338525969,0.616335695382054,0.7197299412723702,0.5689610221382413,0.7538077769777038,0.5161488467620083,0.3812803839948723,0.6807433419001528
SAMPLE_04031,0.7756128629681729,0.736256141350291,0.5023322592567807,0.8717472368051111,0.973171914108315,0.232755427226357,0.18393407396472794,0.9776049533138096
SAMPLE_04032,0.895473171214424,0.6472668997911609,0.0856524837465757,0.28370020637896987,0.0792015196981288,0.3450911822798487,0.14895533476876974,0.09634147615403665
SAMPLE_04033,0.7620513988740382,0.8822461064594108,0.7215164678752808,0.8933337875733727,0.9780583198746147,0.4395701910794361,0.15978562616091221,0.9543853499353971
SAMPLE_04034,0.5625729799017554,0.3008468280098764,0.4618268780016228,0.8609709775876352,0.6014111108547454,0.295950617981949,0.24433793801284645,0.5394021499637357
SAMPLE_04035,0.8519667820193162,0.1419867281270182,0.0968931288667643,0.06411331486515284,0.062057196707824745,0.37240335770466726,0.2733215697366316,0.11315081074458716
SAMPLE_04036,0.9539766904723065,0.10180300896304251,0.12408623091820985,0.1181557557173934,0.0886097339840675,0.2399104949475792,0.13836264596996015,0.10992936888812904
SAMPLE_04037,0.7929459990439598,0.7538845368570586,0.48633088577241523,0.8776335901008208,0.7917555298151153,0.29104128004007485,0.12206105736939495,0.8971918460703112
SAMPLE_04038,1.0,1.0,1.0,1.0,0.8748085600296946,1.0,0.9007928300543405,0.9259351959982459
SAMPLE_04039,0.44671304346379936,0.13644959603081475,0.20306354218901004,0.8016504005025844,0.6966163424147578,0.1045560688514359,1.0,0.7228146065452234
SAMPLE_04040,1.0,1.0,1.0,1.0,0.6626306570360165,1.0,0.8969348927254714,0.7284227154052216
SAMPLE_04041,0.7953782277506432,0.3899293128266745,0.2523573476748317,0.9722289256136001,0.6678255079299951,0.10676559390075725,0.09942548649722201,0.6213904814037449
SAMPLE_04042,0.7681016916778101,0.1745920207661164,0.15723271428354194,0.08469211604871994,0.159378853360299,0.3055208946351267,0.25096742015637274,0.09224864052246486
SAMPLE_04043,0.7509093696404356,0.4459020782344361,0.2289987654881485,0.8136768244098764,0.6525682510532282,0.13855220381187966,0.06921267569725889,0.5548528566600492
SAMPLE_04044,0.8923081894852836,0.19672590506378582,0.22087118425776053,0.29368394340671333,0.3600786075463504,0.20714286625201458,0.21266074564542714,0.31293832008464484
SAMPLE_04045,0.7209253614127935,0.6402598358146351,0.5023512245351041,0.8969980174558119,0.47545054271508713,0.4160040986183886,0.3218662832698431,0.23516474383992608
SAMPLE_04046,0.8799674660942911,0.1196635720268032,0.09495989427539289,0.06494355727046075,0.032058168915290855,0.2899183194072075,0.21598071350924536,0.023405170681769498
SAMPLE_04047,0.8254371092613488,0.1834169369660674,0.06813829375209925,0.08645100134587175,0.0342771167604849,0.179792643933517,0.2086803140538229,0.041021349833132
SAMPLE_04048,0.8996393045052924,0.212942543262235,0.1390406592082952,0.0793095088670153,0.12354668844021355,0.21336575381893258,0.22560310014187115,0.11669350616083266
SAMPLE_04049,0.8056241924183036,0.3585184438683584,0.5368941612164857,0.7559469925492437,0.14316387671021585,0.4394681849468149,0.370984455868672,0.2069705150123321
SAMPLE_04050,0.923641012105168,0.06919473688746045,0.21400736275284193,0.08696507906509365,0.13836623384755437,0.16026970782847325,0.15471851959230254,0.120743329922935
SAMPLE_04051,0.8097136085340504,0.6548083071705266,0.5411288508230359,0.8943199818582037,0.9065400193418405,0.32465435559987416,0.15574417406576796,0.5489142195692226
SAMPLE_04052,0.610720625071775,0.2592253081427498,0.1532088065023329,0.8459717121182453,0.40391403868819015,0.18745823874764106,1.0,0.45240404847162696
SAMPLE_04053,0.8050897328482298,0.610416791442373,0.2986885499736498,0.9192483187411804,0.7818274671475982,0.0942310807445813,0.0775571416123504,0.36631749835690075
SAMPLE_04054,0.6799212928813307,0.31051755034670275,0.19491130152675895,0.9750393781752066,0.11607823617525219,0.16262516326879606,0.103075539194353,0.13067546764189375
SAMPLE_04055,0.6032507803079243,0.2602988773243077,0.11585278802907971,0.08423452531415626,0.25343545662972683,0.1584401771990709,1.0,0.33813264739608245
SAMPLE_04056,0.7410808667186062,0.7524649160676199,0.1816601008544633,0.8035687248712031,0.1826075283414283,0.3514314923065711,0.3436746743094051,0.29633152254853823
SAMPLE_04057,0.7738247808235494,0.53221421523253,0.3346407922915722,0.9585151158246425,0.9001841825931319,0.19442444569798606,0.0634052726072888,0.8100652591025548
SAMPLE_04058,0.9294752653118332,0.229901807660752,0.15661500367472556,0.29587670666586385,0.10113239326978515,0.1756726011026763,0.1096383050456299,0.05967577287990725
SAMPLE_04059,0.3284027966658012,0.0805580317729095,0.2556880926893275,0.7405170540037013,0.900252593425293,0.02606142381531965,1.0,0.9140852031469144
SAMPLE_04060,0.43555138684797523,0.581615957473126,0.3570134805647337,0.8619950318438666,0.5789641211362515,0.12110449675980976,0.15973575634623335,0.5461251113056442
SAMPLE_04061,0.0227024394412459,0.5084411015558661,0.3100748318635311,0.9163856404265436,0.9053158053193611,0.34189498425612674,0.1631642912880143,0.4080947428463265
SAMPLE_04062,0.7686153446064932,0.5142635561328881,0.33966030151086507,0.9104979546769074,0.1838807280857677,0.31914533541857987,0.14156005161713128,0.2241666023943364
SAMPLE_04063,0.7921303530116005,0.5226834794424752,0.17114839164686907,0.9313119896302609,0.0832172591305444,0.310410718084003,0.155334459173738,0.13316859420252605
SAMPLE_04064,0.807968944065171,0.3140974192189633,0.28628809964841706,0.2278296747831896,0.19646174132817765,0.23804189463477035,0.20612017057620677,0.21008413083572489
SAMPLE_04065,0.32858408322470734,0.17662307217761067,0.032680116399571496,0.4039343843355774,0.08216964157926615,0.17004786161044294,1.0,0.10507929473998945
SAMPLE_04066,0.9371395423708018,0.08741484096147885,0.33942372515254665,0.1835624070194324,0.19813753012937704,0.29008900711828833,0.22701293757627555,0.1953958688586623
SAMPLE_04067,1.0,1.0,1.0,1.0,0.5778681486205386,1.0,0.8900737287733123,0.6520872266494913
SAMPLE_04068,0.7393005615594043,0.34862069813430824,0.3937059848922137,0.29426720605564305,0.34904477597965455,0.43708110378120285,0.2501144583407684,0.3504413932067335
SAMPLE_04069,0.44502298995603207,0.0363746874998052,0.2561919372936264,0.13416787811249084,0.8072815298481126,0.188412690821836,1.0,0.8211556309942418
SAMPLE_04070,0.9219737141282808,0.05977969178829745,0.161632479301877,0.1039152216598828,0.1400493625695352,0.18470281938962785,0.12417132281794915,0.036477146429207394
SAMPLE_04071,0.8178047777549557,0.3053470718010701,0.2336200056092022,0.3248855599063649,0.4057132238333646,0.4506825114166448,0.2895867639893004,0.43269869109659276
SAMPLE_04072,0.8089359588993614,0.23818752618391115,0.2734510309471804,0.1518728306201702,0.3702658968354337,0.42088705727218473,0.22859890893721901,0.2933706335863267
SAMPLE_04073,0.815799210855403,0.5103540396811689,0.0433905476015866,0.16439322471654155,0.02426434170045455,0.1225247191459236,0.06689995645071045,0.01482021151243095
SAMPLE_04074,0.5940676213140303,0.5593002276882294,0.4433585015981126,0.7685659751380863,0.38330927684524657,0.23204533541022102,0.22650124304797561,0.3758178720690785
SAMPLE_04075,0.8631361711701553,0.28509097290502017,0.37912061553939497,0.20694921314646275,0.19520699208682835,0.3466673133138451,0.3075456723389062,0.23258761920729185
SAMPLE_04076,0.4490164152416235,0.7093824632440208,0.2297794246621861,0.8995122699992639,0.1323384643016401,0.2192716973337153,0.16520461463570915,0.19194183165417145
SAMPLE_04077,0.8049595115774317,0.6029781212366258,0.47909231652376444,0.8151288087831161,0.40747974102620743,0.4933524422039954,0.3404573130584744,0.40296683235779573
SAMPLE_04078,0.5071895031263722,0.11492225751805975,0.02564012341922345,0.05277330531085095,0.39930030755745793,0.07905785228036005,1.0,0.3982068312082145
SAMPLE_04079,0.20873943346086973,0.2356020436169433,0.20419211903050616,0.8857395119017755,0.40611757564058404,0.2456983808660835,1.0,0.35973540182221797
SAMPLE_04080,0.6492205085130206,0.42757706219092667,0.2606538630664348,0.764572006528847,0.5335519718019675,0.1458311610722208,0.031779283381083,0.42002111780206447
SAMPLE_04081,1.0,1.0,1.0,1.0,0.8950108370430364,1.0,0.8908481884972548,0.9043897051717227
SAMPLE_04082,0.8492989092547611,0.528080461889504,0.515216902696569,0.8503108895630378,0.42415106295796084,0.1965994088035502,0.201664568555178,0.35346468157751526
SAMPLE_04083,0.8583046849373789,0.6082175089701923,0.12266375553330396,0.38598666799187276,0.07141169947530615,0.2549256225953922,0.1641513421763403,0.06869131767564095
SAMPLE_04084,0.8040139926577967,0.860001979428857,0.6461865327705489,0.935884381681275,0.8871673231770059,0.15595705857589603,0.1115678771526409,0.6302483097818425
SAMPLE_04085,1.0,1.0,1.0,1.0,0.36845368198625716,1.0,0.8922513461584006,0.6529242161140995
SAMPLE_04086,0.862473985456198,0.1442898455919526,0.05559943011142745,0.10475063620785839,0.0509618745443184,0.16852216063139605,0.24826625230238436,0.01199502859359315
SAMPLE_04087,0.7376153053436492,0.3001684008921106,0.5596867221353085,0.7774820327686656,0.42860964789067124,0.3265949481097608,0.26116771665413796,0.4283624080096717
SAMPLE_04088,0.6400637336302242,0.9071069835724964,0.47083853102519724,0.8901430266913158,0.9577155059586961,0.3877999962168999,0.083564794269513,0.8655914174796302
SAMPLE_04089,0.7002216401974257,0.747978758011264,0.3931940466005708,0.9033917164658407,0.8918360024828639,0.34760134536887055,0.11757569452315024,0.5577983960917289
SAMPLE_04090,0.7457450559159271,0.7024882016047734,0.48611061440261427,0.943438068291089,0.48600125989930687,0.39135239529064075,0.2620011559310444,0.37018535146193887
SAMPLE_04091,0.5190064898419228,0.1790570783420436,0.1438932026604133,0.4341767896943054,0.5115558015903378,0.26345499932440825,1.0,0.4348795745054853
SAMPLE_04092,0.8756386114890851,0.39405332495934886,0.14336973983685888,0.18259979106863444,0.1689624147922838,0.3160409334756796,0.31367951204557815,0.1200580797302017
SAMPLE_04093,0.5135939904533535,0.37662986207463056,0.2427864334100147,0.8517192039883047,0.108840360707697,0.3252978745155307,0.19596603448725872,0.189627952837343
SAMPLE_04094,0.6397849593683201,0.61506066903392,0.331407479573316,0.865700028823438,0.5710930790872513,0.09356875000997254,0.10324513580492256,0.2995394707939814
SAMPLE_04095,0.5686702065281558,0.06795053406783501,0.3698811309573208,0.12665694761513163,0.7972091493138672,0.0992754704289395,1.0,0.8092491092741507
SAMPLE_04096,0.9401399042099674,0.0380047367669215,0.1653402178640938,0.032569427246914945,0.1920057783270916,0.2827998908198653,0.21212552598551254,0.15613340620639485
SAMPLE_04097,0.6259097505409562,0.45074095768186334,0.26117010161506055,0.8299929508062825,0.33957819571504094,0.17481330405121454,0.09190802445608044,0.31815675841441216
SAMPLE_04098,0.6506752999175764,0.6292990740892151,0.5814450332145846,0.7953691971391995,0.7559818482933212,0.32722823256670697,0.35175375219075156,0.6758471261274621
SAMPLE_04099,0.7739568830890271,0.635104566453477,0.3520574910123306,0.7681803406283357,0.3287300018399134,0.3275769701853942,0.22354967408455156,0.19951048715812644
SAMPLE_04100,0.8731344941645516,0.6617214540683253,0.8290850653415314,0.8103550115627913,0.9420160565899189,0.4884220410340874,0.28610879877278067,0.9616299065676552
SAMPLE_04101,0.4727320063671253,0.14209580792637805,0.7273086422587463,0.7222111084598994,0.7490061264929051,0.17140114174219895,1.0,0.646980294898298
SAMPLE_04102,0.789292732207864,0.45191868678330366,0.1186270656481245,0.3887263323510496,0.13334325317324816,0.38853432896155005,0.21480619703387036,0.08319339504434661
SAMPLE_04103,0.37363964700777763,0.1208922006796417,0.08842043200533585,0.5287545130998844,0.22106668038996452,0.09137703080083123,1.0,0.1748690617795565
SAMPLE_04104,0.780789154269168,0.5904795508423324,0.4583820109644524,0.8974001400911219,0.7288982655394296,0.1362660902766394,0.03187625008263365,0.5221868015788714
SAMPLE_04105,0.913975003824923,0.0399391539009557,0.06574328244826741,0.0467532991658344,0.060458265574159356,0.27148062941244144,0.19349383966825426,0.0632714610531933
SAMPLE_04106,0.834623580810702,0.21036883636669146,0.29214231397920865,0.17013383950585848,0.2113767252137419,0.34146579611894595,0.282340190133561,0.1817331545495651
SAMPLE_04107,0.7903254139266815,0.5775142149486774,0.39288209841825333,0.9537270617989022,0.2167298964869433,0.0739086104758246,0.025882399287133737,0.2169798891145275
SAMPLE_04108,0.3518523724884532,0.2572946152406376,0.13884156204305817,0.8257944213734001,0.7564031364312673,0.23310330692294626,1.0,0.7802633148817398
SAMPLE_04109,0.4752833398038916,0.08517616620407086,0.1510379956041355,0.4139520414959851,0.7565262875161894,0.20730170870702805,1.0,0.810642156558438
SAMPLE_04110,0.6405200107084502,0.0444772319993808,0.25105608794653256,0.046751830643992354,0.7829729723060158,0.15438266527898398,1.0,0.6933955687684858
SAMPLE_04111,0.42496624598081223,0.12990430496363575,0.17558115591958964,0.7928156523429399,0.5217585325659778,0.1807679931417682,0.18197584191804594,0.5382360093822193
SAMPLE_04112,0.8481313982756613,0.04378720319086645,0.24850939053645463,0.02421182997042265,0.2171461040704257,0.296238305516549,0.13401029808875364,0.24974922425138305
SAMPLE_04113,0.828136697645794,0.7551741752853662,0.4138697803119594,0.8713190551397858,0.2618262150653025,0.36564298979585824,0.3239744719890541,0.1701590825905567
SAMPLE_04114,0.8719641682827158,0.1054918566819837,0.2522714009784481,0.11023324739469506,0.04006709866696535,0.22664904747841805,0.19765792785708067,0.0513016391272217
SAMPLE_04115,0.6169527273507749,0.158206623563195,0.23933669691808646,0.16616119662086554,0.41648366878935356,0.10362119007829719,0.10991507852279485,0.5134625171031872
SAMPLE_04116,0.8193050608000865,0.5452843630188509,0.5013860297861403,0.9313447575713271,0.6473611934213274,0.4548019079178168,0.34643432197356305,0.5638405122791181
SAMPLE_04117,0.8379583246180918,0.1142084743935889,0.1257597164566232,0.1976235403088708,0.11360307966931754,0.1613608766770685,0.07092088414744109,0.20011047912028354
SAMPLE_04118,0.8154641626646075,0.8459131822839387,0.30699303732999444,0.826729848913456,0.0321273952854363,0.4218694009879571,0.32468503396416976,0.0480603302371042
SAMPLE_04119,0.8339692680299067,0.4850264153805801,0.09040974834790555,0.1819830033821983,0.09475234989398394,0.2348457785090744,0.1191287501212186,0.07546125505242655
SAMPLE_04120,0.7142744731646117,0.730003800827655,0.36645684108271454,0.4585082901534444,0.1981423084256636,0.37338618145837976,0.2988300811083202,0.2123028562544088
SAMPLE_04121,0.7807893678242226,0.3648047673394232,0.5499521562053906,0.5256651863600373,0.5140360974114677,0.315093674850309,0.2846325016818279,0.2618273926882189
SAMPLE_04122,0.6431304661999682,0.3016131115943367,0.19259698235607825,0.831216689292855,0.49565416809433993,0.2268895942143625,0.1221211781449339,0.4356435897466956
SAMPLE_04123,0.7784662190191305,0.40352865653760794,0.5750475664423985,0.6066159061711984,0.46169557646456383,0.45000606508960816,0.3540580219794262,0.22026324526079608
SAMPLE_04124,0.7986138280420043,0.15283269303099334,0.237295845786392,0.12383274459378396,0.08521500781759654,0.23644165362904762,0.11592827430812434,0.12339569996783965
SAMPLE_04125,0.650738095535415,0.47676091804042975,0.21007444417789284,0.9535568589357375,0.5442120591830621,0.3035389676408523,0.0825592208799121,0.3087051251053696
SAMPLE_04126,0.7961374663520693,0.556059684966119,0.0574494236158952,0.25090538719211025,0.0177996368729849,0.1494470439755292,0.15130858332772046,0.01973967749595725
SAMPLE_04127,0.8788097620823343,0.1568277880270177,0.2211464688249361,0.1319378940319785,0.22050197281882158,0.21217070896160264,0.2274942245077249,0.20502324346145862
SAMPLE_04128,0.7919575774669689,0.9567318716684224,0.7125919223892484,0.8872128430796157,0.9704916075304093,0.4072625953879078,0.23879437560408234,0.8460547732614732
SAMPLE_04129,0.8919718944304329,0.22655575824917745,0.3910790051750245,0.2022856439163537,0.5318885496453727,0.2624180561537132,0.3063226989717514,0.30328882122882556
SAMPLE_04130,0.8628062656678662,0.617798979390505,0.4173483908881378,0.5385286806114349,0.2869511706550354,0.5107393469519766,0.3301960628317105,0.285054353052308
SAMPLE_04131,0.767553813566759,0.5116085877210382,0.282022944937568,0.9405607369201802,0.6479004132943443,0.29090373568021566,0.24111370498614823,0.38912401865575497
SAMPLE_04132,0.6664130395351435,0.3313236989048784,0.26959016780080447,0.8576709415713819,0.6065360105194882,0.14768275596929004,0.1242434654526893,0.5253560701961104
SAMPLE_04133,0.10858085001410606,0.0854839228271873,0.03450590427384115,0.8362459614660516,0.0671635749942148,0.10373337603960174,1.0,0.10187865070864476
SAMPLE_04134,0.9229762581781845,0.5036754459019921,0.14197361333569342,0.15527638930400883,0.019390402401827052,0.1975061113148491,0.1402871129179541,0.04053916180596095
SAMPLE_04135,0.8629743204886287,0.1846621856120013,0.2891917866886864,0.2298275206889284,0.28468434467353293,0.20128413065840742,0.2503874906080168,0.19392053259099448
SAMPLE_04136,0.5255832849559231,0.033958943846371305,0.23726548070694714,0.6903267945297507,0.6609879463666729,0.06428048704234335,1.0,0.6656328562003324
SAMPLE_04137,0.55009379446031,0.20808773703729755,0.38244750720670223,0.23372596715834085,0.5454423692487467,0.132394450950714,0.0747318350580507,0.4739484787693031
SAMPLE_04138,1.0,1.0,1.0,1.0,0.6084765460320115,1.0,0.8963650063394655,0.690080395547481
SAMPLE_04139,0.8999753463530926,0.3107908364339398,0.1180601043019465,0.2484923493900114,0.07646253877877986,0.25606624036986814,0.2739998981887522,0.04703106232235305
SAMPLE_04140,0.7764786271767494,0.3354167318058165,0.2081910357540219,0.9291609390783461,0.4038880258390916,0.13844944389004366,0.10372326424297704,0.2165120468437953
SAMPLE_04141,0.8189480278188543,0.1380243206897709,0.15233922985274495,0.163390047555862,0.15464937830076092,0.2479183638301568,0.1715150193011747,0.19768689397616704
SAMPLE_04142,0.7786169199479414,0.6148420646239005,0.27822897033517385,0.8762834067706389,0.12373607818519311,0.2243995391358893,0.25406038495259947,0.06343183778813745
SAMPLE_04143,0.8369673114424101,0.37295192609171124,0.22939321188390566,0.3633134785385641,0.17686616333180996,0.339537922397398,0.13090798412929067,0.130961242564234
SAMPLE_04144,0.8918107506651991,0.0697909140385269,0.1095759451024855,0.076026390499061,0.02509588161026885,0.2578281698605496,0.14010637062047152,0.03321121612018175
SAMPLE_04145,0.8781421537603037,0.234740932925878,0.40072483704329837,0.2309682385425451,0.3844390483891007,0.3833875852362012,0.22301149961443614,0.31466445174938984
SAMPLE_04146,0.8381395209474238,0.7229118623998292,0.4742238292717831,0.7125972178537767,0.355488754694293,0.3345239831340302,0.31290507197668177,0.2816456618728696
SAMPLE_04147,0.24378546657737743,0.03208134157400045,0.05229481781336935,0.037843860060757004,0.0962334237537308,0.0080515922079904,1.0,0.14564362707185652
SAMPLE_04148,0.9188063874674671,0.2059055107674174,0.2623581876940235,0.15878054591732815,0.21905973090622366,0.3668888900321944,0.23707221349229687,0.1783770317620088
SAMPLE_04149,0.621792578290724,0.2938287180026068,0.2878552643843642,0.9263926051973002,0.25529918860855527,0.07792770436432404,0.049205182440689235,0.1828087218339941
SAMPLE_04150,0.31234243494377534,0.10993288301942136,0.15569932093342165,0.08454227659400665,0.651479602814449,0.04671548749966603,1.0,0.76128248015089
SAMPLE_04151,0.9238057679442747,0.4386261360059916,0.061827174353730294,0.17130580486822244,0.0404548195113552,0.10920101626030944,0.137965441180559,0.019159785159303652
SAMPLE_04152,0.3316245014349389,0.11807375548355445,0.2261762785139804,0.48445300706639927,0.2624310198463584,0.19119045666494364,1.0,0.32319043507037576
SAMPLE_04153,0.36569233235181775,0.1539286196704261,0.16666292806854627,0.17554247185570165,0.18419887851560213,0.12218501609283305,1.0,0.18071799124218035
SAMPLE_04154,0.9118074561176371,0.10481898571544596,0.21268298002439745,0.11873161523361984,0.12255509165895115,0.16540179496823082,0.13540115443056217,0.10377341309808491
SAMPLE_04155,0.7391327451146349,0.5788038409331842,0.2008607133670706,0.9552377476623579,0.493649250230334,0.12023361931009854,0.1275735973357341,0.3246191944135362
SAMPLE_04156,0.7949381853658798,0.21457992011512822,0.28594891545203005,0.4414152080328655,0.13717788942468134,0.24600742676711349,0.20379090253509863,0.1370196774947197
SAMPLE_04157,0.5464098170920475,0.039120384123682794,0.08829360430601026,0.201271609601602,0.2700157847533673,0.05827427037956745,1.0,0.27252528203042375
SAMPLE_04158,0.8049225303356784,0.6969978491438391,0.28707077821711097,0.9665706859249168,0.7564270598035209,0.1310903792458593,0.06303685704044185,0.6027470139955309
SAMPLE_04159,0.5360670317183944,0.0457516979457371,0.5159873107100186,0.9102520933194589,0.8959435193984652,0.2021980855845367,1.0,0.8939238078708063
SAMPLE_04160,0.8728079133985432,0.2844960424462897,0.042775732635181196,0.1452727846055954,0.0371970672345292,0.1450344111180458,0.05475713812455665,0.01081200718911535
SAMPLE_04161,0.6866361467728159,0.5360590665868378,0.3593224851918892,0.8233832348407375,0.5407347220075003,0.14014150098639017,0.1315975523024461,0.2771673930084496
SAMPLE_04162,0.4001047338898305,0.3101685482721347,0.10321964496062645,0.8144711655846992,0.33469016247107025,0.0583991969764547,0.06654868237113724,0.24062592084203455
SAMPLE_04163,0.7469321841148135,0.9591147276346279,0.656124795851679,0.8918981849715486,0.6876409684409854,0.4499438859444056,0.3362208666695572,0.6580976704594703
SAMPLE_04164,0.14925068584463858,0.02236624599730925,0.0208312936635755,0.07498221461223065,0.2769558558708737,0.053399999085980955,1.0,0.2163069430375634
SAMPLE_04165,0.8110399034696885,0.5645164745696067,0.4391549392673421,0.9110178615212975,0.7541165353299761,0.19545479798004536,0.0828819444108059,0.7517934407707098
SAMPLE_04166,0.6236714737933857,0.26941460718597476,0.3831708446423072,0.32421715302279097,0.5461685581131325,0.24852821315697946,0.13943921337794243,0.5147179391209977
SAMPLE_04167,0.6545852066064082,0.30298454258365437,0.3765561530281987,0.8229093809133989,0.5282627213046415,0.255123201109898,0.11422603800100896,0.34509504792426393
SAMPLE_04168,0.6580069103901479,0.2729262533435921,0.6818028798549858,0.8556119865071462,0.8799655799970656,0.16613003035791757,0.11840172869287745,0.6671564299571668
SAMPLE_04169,0.9403071760150894,0.27505050953120286,0.24788358804607555,0.4687022227930549,0.1666150300786577,0.362086836627508,0.2047754405819223,0.28945581235203754
SAMPLE_04170,0.6369253805521128,0.1158514329878964,0.14897180207174116,0.13522530014264816,0.6319728380322875,0.07605039253291045,1.0,0.686871709571834
SAMPLE_04171,0.7657995693158332,0.24375248236455524,0.2991608614347045,0.8131001315692277,0.3793340667359598,0.4369479842718749,0.34477765074856304,0.3726387066914898
SAMPLE_04172,0.8554548491151555,0.4178242029538061,0.23987908033445476,0.17747284522373585,0.31183442303935976,0.41260491020539114,0.20626900925677127,0.21691403269882645
SAMPLE_04173,0.9056398660196733,0.5458034267621692,0.6563576207707893,0.582008132590073,0.7292363767036287,0.6654104686268218,0.4919849285466071,0.48269119029716057
SAMPLE_04174,0.4532157022098125,0.06002591966844635,0.11844231805855565,0.13426266836575,0.5215693930053625,0.17817001014403333,1.0,0.5409205666805244
SAMPLE_04175,0.5250058982092759,0.4553454449126856,0.2527757609033546,0.9510337105818545,0.25829938833701876,0.08979792054985855,0.10078348708569536,0.3455374974815481
SAMPLE_04176,0.893469941157767,0.284461544476254,0.5453938638485372,0.372988756949414,0.3863796193229555,0.40449588864929287,0.29864663403300445,0.3606684238551384
SAMPLE_04177,0.38484428505419577,0.4107599719452818,0.1769931289296939,0.9764498918427941,0.12520788439948413,0.05288653328742115,0.05122321423305665,0.34632063064485297
SAMPLE_04178,0.8157794547408164,0.6898190867208523,0.4540789766497792,0.921203802783412,0.5092753644113431,0.5180902010716111,0.3600327938325589,0.3716381072681679
SAMPLE_04179,0.77327230271519,0.9669969573128527,0.1578104527953852,0.8724509057692124,0.04288114891040465,0.2635104523568366,0.281688267281752,0.0497890144668354
SAMPLE_04180,1.0,1.0,1.0,1.0,0.3134066404819785,1.0,0.8966944969800539,0.527615330548969
SAMPLE_04181,0.6732430786558408,0.32826609799664896,0.2184009883569679,0.8010809330444004,0.26908013653748286,0.16615261194593392,0.1352418924664549,0.21993303450003054
SAMPLE_04182,0.7934732080818144,0.2512468680940811,0.4356862195319963,0.2548023903345018,0.24029342795171565,0.33879165238726755,0.2252175994091401,0.2537223334417109
SAMPLE_04183,0.5815947262794432,0.13292650528583325,0.02856569253296145,0.06934103243534405,0.5189017362058072,0.024713539165987057,1.0,0.529963226946773
SAMPLE_04184,0.9158098667735493,0.15641043998706625,0.2740289128400183,0.1134502693306375,0.15023628876108305,0.19793675322154686,0.23844089874438515,0.0643311892941265
SAMPLE_04185,0.9259724974980748,0.20930586455877825,0.26336212529660025,0.14834524047373704,0.24920116688608898,0.2182869115221991,0.14503552461764488,0.0744445881019273
SAMPLE_04186,0.04707947564668975,0.0343900884543119,0.1381860851848709,0.08193210398032565,0.5405374899717528,0.06259636681476854,1.0,0.5704665183815316
SAMPLE_04187,0.49530467896548375,0.3997845835435465,0.4190757406236353,0.9303827173263604,0.16706455897358724,0.1064382972308415,0.10242774393746186,0.2514770875828765
SAMPLE_04188,0.6899535986433765,0.6440717945883737,0.25205059050612666,0.9743653841455614,0.6075550393679003,0.0845460226556604,0.04622009962479685,0.5543153552589463
SAMPLE_04189,0.6475254517832295,0.5513880196547813,0.27491330207363085,0.9555134263690176,0.2500231643812809,0.1927684490444548,0.11490102373944801,0.27632074824691627
SAMPLE_04190,0.9286419233567829,0.0864736267306714,0.2997481223020688,0.1092424897361606,0.13651517284959325,0.2870538203382542,0.21014631550651988,0.08577274762786145
SAMPLE_04191,0.8169612044346493,0.14266847442454636,0.17018716525132274,0.40128340862091727,0.2739770019561925,0.38368251321095337,0.2873104265287408,0.1719320471255186
SAMPLE_04192,0.8156146528429398,0.1658859364882923,0.24606021739048103,0.1650687583702321,0.1084173480358332,0.2438028166302374,0.2149831967565074,0.1011794373527303
SAMPLE_04193,0.7823082427660515,0.3815510237827087,0.34072188902465445,0.4888608711771332,0.771602561770578,0.3322239608014363,0.19662714748076202,0.6210764502087373
SAMPLE_04194,0.40538502701614,0.17573274776257747,0.168895572119867,0.09223455470587855,0.077180170547885,0.08776110233632806,0.0630521722687727,0.1236034182073429
SAMPLE_04195,0.8741402088335892,0.1422734086318413,0.2801708968485223,0.5520482867531779,0.30512887186526494,0.2506815506933425,0.3221797848109738,0.18390262235692023
SAMPLE_04196,0.7105460290720407,0.3757760736906186,0.3969799128469994,0.8465254445225605,0.191931600840251,0.39758172991193413,0.3285505006806802,0.14324886300000375
SAMPLE_04197,0.9156406694553516,0.14338362742715124,0.12966913084802265,0.11729499732758775,0.12928332662136718,0.40140718415361554,0.16651793295781575,0.112685387407557
SAMPLE_04198,0.7859652910255321,0.3482843274303659,0.19565185474976995,0.39677603684149965,0.1565751531351358,0.3062539961504756,0.10381128036721055,0.1588319779894614
SAMPLE_04199,0.7702901353267719,0.2798656645981616,0.41126198854462725,0.28546390178071146,0.4666688182543699,0.40111355480548594,0.2823997169834071,0.46312056826280246
SAMPLE_04200,0.09704923023091236,0.048028488239281304,0.3292221513647088,0.1690288361063036,0.5508489391059512,0.05293711157389045,1.0,0.6321015324120104
SAMPLE_04201,0.8899583411664462,0.0556144369197256,0.0569005437023263,0.01641590956155405,0.0151331734328771,0.1332386734139597,0.07723131535581215,0.03117504754855995
SAMPLE_04202,0.8317682856902068,0.1645791493775337,0.408358897967573,0.106984436362274,0.4592512202413235,0.3955600910193175,0.3436110623838773,0.31237886749927524
SAMPLE_04203,0.9041399010275762,0.233827546345001,0.3498290975664454,0.38729675114058176,0.28348000671595486,0.22243617502100627,0.15701999201657385,0.2194685129499756
SAMPLE_04204,0.9294744324348763,0.14313203979819872,0.32266330549948097,0.1269716629400554,0.3762311233028593,0.37655312193756946,0.20490330972093074,0.3452808157471035
SAMPLE_04205,0.8694713313921901,0.26435411934549896,0.33031187087615416,0.3574526157361404,0.4700332038791609,0.25212974160175816,0.1141266231943422,0.23691987098759879
SAMPLE_04206,0.7170584058845983,0.8001852093742337,0.24696275363989223,0.8826864430841214,0.21520078105065138,0.3247259283845973,0.3045142979629726,0.21630062001680975
SAMPLE_04207,0.6367039347319335,0.14756246344096935,0.40656192352804893,0.3243909573159093,0.7746227263457601,0.024554664975425997,1.0,0.7550520963433089
SAMPLE_04208,0.6462801231634439,0.27885673666857413,0.13124505600331204,0.2718531430456871,0.16797882631777103,0.09933083857777951,0.09139663707173465,0.1754659970255584
SAMPLE_04209,0.8254692447898153,0.3224032845033908,0.22669780584206625,0.42947178239186845,0.1671746012447665,0.2716921331311763,0.1604650056592303,0.2308604395722467
SAMPLE_04210,0.357042448679517,0.2584017125904798,0.20647036803330016,0.9025818478174593,0.14388157358010656,0.15850371304496794,0.10212294301955505,0.17127424423178025
SAMPLE_04211,0.8626380955441306,0.1665346964113951,0.06952190519196866,0.04724217514361565,0.3387734734176367,0.12220071520322415,0.10629349525370654,0.2336167753187686
SAMPLE_04212,0.7335845131973415,0.873492732866995,0.35843352005112417,0.8505364125192589,0.23241945105743386,0.3686748554459336,0.36859509769970084,0.2313541486186485
SAMPLE_04213,0.9228091440843591,0.164738610676695,0.1501133736103395,0.07428191935839079,0.1360628875338285,0.29113739549709206,0.18306059135558755,0.21124235408686565
SAMPLE_04214,0.5192389227166687,0.1289150609621798,0.17371002432299956,0.25750409569843313,0.553653497789124,0.23245793358412709,1.0,0.6340486016557072
SAMPLE_04215,0.7425699576591096,0.6397781446616528,0.31395742709210955,0.9562006668512418,0.3736181548356768,0.4537617200192889,0.3636205307386067,0.3113106137308337
SAMPLE_04216,0.8469544567073612,0.16437545262355324,0.4016978512134251,0.21409644951677387,0.382267540552075,0.3350306375292611,0.34207181072948484,0.27200535541471027
SAMPLE_04217,0.1731913162188367,0.128537553948984,0.5087026381415354,0.15113465663768524,0.6152424458947106,0.08343007723395825,1.0,0.5222461046325114
SAMPLE_04218,0.7329111092143921,0.5232770875716751,0.4557450286667621,0.8830247741762183,0.2742927850121312,0.32352845033421074,0.2542799263249971,0.141820951515168
SAMPLE_04219,0.04009890845884645,0.0407834910364028,0.0243556132604686,0.8728174808818105,0.0730250375376271,0.13508623114807974,1.0,0.1179077594791946
SAMPLE_04220,0.8479672521679653,0.24138121996048226,0.456736668364976,0.3477605392414325,0.6355794759554482,0.3024742828423711,0.2811518647277066,0.4699801546072706
SAMPLE_04221,0.0599356489367305,0.0391019657453141,0.05684474496795915,0.0742773270508477,0.3109506218286413,0.1574145750378175,1.0,0.23295793934072834
SAMPLE_04222,0.7664512097357115,0.5119217440967371,0.37401782046220966,0.8520202469569718,0.09729200626795094,0.5173837158872655,0.35868532641366035,0.0890136705226037
SAMPLE_04223,0.5002332628828952,0.1999316892809799,0.1223318724490775,0.8513431909106965,0.29125799386618056,0.2649602834349936,0.24862660151561713,0.3266212339559158
SAMPLE_04224,0.7608965023849266,0.4494780964035423,0.25315221187342546,0.6536255394420181,0.2985206487263352,0.35197986951648236,0.27561611752187726,0.18717581676004863
SAMPLE_04225,0.822796185488395,0.12621462447303713,0.17346325935302861,0.0865554085326242,0.219452586501568,0.1627780181004796,0.13533163043830995,0.17560738356658315
SAMPLE_04226,0.7816253497208514,0.18215093103765628,0.2747426373773076,0.1075913158416687,0.14500945764807405,0.3270885090582538,0.21304041476185653,0.1158658843377165
SAMPLE_04227,0.9078029947270319,0.1074329229465862,0.09666637903651275,0.0795738303411411,0.10980967190813695,0.1162386394549394,0.15982392618156516,0.0319294864950913
SAMPLE_04228,0.5940729111701902,0.21522610979647594,0.08358089608031015,0.23610104683365776,0.1514757626744412,0.20100871764866315,1.0,0.10881047253848505
SAMPLE_04229,0.7944595306616845,0.2464685031133887,0.18682353067011734,0.6600660477709186,0.2045702220427197,0.38383526281058794,0.3249650373018583,0.2303110868629206
SAMPLE_04230,0.5834222026554341,0.5164562098968354,0.40302294883280076,0.8111678188615261,0.5544363509559966,0.23281224776869877,0.12026281275746414,0.5064209638836488
SAMPLE_04231,0.40007865086307426,0.11179232223788706,0.17668479924573083,0.025803338232167447,0.3756873785768742,0.16546636626449746,0.09423335567677765,0.3386345648044191
SAMPLE_04232,0.5890182723431372,0.2334208622011263,0.2100619927376478,0.952642277241615,0.6016746503714796,0.2362016933474016,0.0997563398413155,0.42689239421468533
SAMPLE_04233,0.8224745228984573,0.28552921873451464,0.18498602351608578,0.21256194970368336,0.09604836215036125,0.3717261077733518,0.3261075881046615,0.11707679603752795
SAMPLE_04234,0.8322925891578378,0.3648368167845222,0.2828725575234587,0.7691110008690688,0.42507602352473095,0.3899375146834511,0.3337545440041677,0.4960649444017293
SAMPLE_04235,0.9186375011753302,0.6432870429888978,0.11115411009199014,0.4996538236921326,0.07251221268742265,0.162249469313553,0.17470182337067008,0.029016872032419847
SAMPLE_04236,0.07289088643558504,0.08948253041383511,0.02367571683797065,0.0447620886784091,0.28498877022625446,0.12195683948686899,1.0,0.28870050863040775
SAMPLE_04237,0.8112765052654981,0.1598910349048524,0.0686178588034385,0.0167129583529873,0.02008176547229975,0.20590901072459883,0.2685763632656168,0.02425684195779185
SAMPLE_04238,0.35548108341798484,0.2557186701366533,0.16892717923312445,0.7967957695420341,0.4240663875153906,0.24538120516070758,1.0,0.3212901879876071
SAMPLE_04239,0.9397840278270384,0.6578171489335499,0.8476686593235949,0.7612442328926557,0.9555294046683637,0.5202042926083218,0.28352812638826846,0.9611730766604005
SAMPLE_04240,0.0189547419115686,0.01791818803889265,0.4556599328873594,0.2712766706615355,0.7285696844451088,0.048401719069570345,1.0,0.6337776454368623
SAMPLE_04241,0.8097830652241216,0.1884469925609641,0.30772835410720617,0.07906232293975254,0.2866326502189809,0.29857117918211307,0.29231429954051447,0.27450375818256345
SAMPLE_04242,0.43318507316938837,0.3747671847554942,0.41064695104665283,0.8735711198278162,0.6004197005284064,0.18857278131057115,0.13240397719589075,0.5685578040661807
SAMPLE_04243,0.7231610886641594,0.36641240684053983,0.5403432903591396,0.8296097998192101,0.5445786373820904,0.4261628666838942,0.34844261828842404,0.2761265480595831
SAMPLE_04244,0.8594674557794392,0.0671818873398688,0.20676416225851357,0.06869104967031125,0.17008263577129484,0.2416649824516847,0.1787035221208105,0.3391989139688166
SAMPLE_04245,0.903474052629165,0.039263644954188597,0.10757119194379475,0.0886114985746317,0.048974339466491254,0.2830528439418333,0.0787614428392291,0.040595795511703905
SAMPLE_04246,0.2934066241384622,0.1552513292456792,0.00695831334146805,0.0168920393769797,0.32365470203175306,0.22347359572432965,1.0,0.29157900414725846
SAMPLE_04247,0.46601967534698946,0.2443452073254459,0.2425935814951857,0.9202966975801625,0.07976544556116966,0.13730645175563574,0.13308306097704595,0.07719818915391405
SAMPLE_04248,0.6149332355502619,0.38682318971994717,0.2650413954087084,0.8678919170487016,0.5169686133096044,0.37151709075344974,0.26476289031967,0.47597484084793784
SAMPLE_04249,0.33283660749508925,0.13472358082934424,0.19433426607168863,0.1229511520913752,0.5119737590631641,0.10711645177055759,0.16548286557613281,0.4941028976387808
SAMPLE_04250,0.0705933522303757,0.04937290741568305,0.01617224324391625,0.02753250728217885,0.08738541928437725,0.0703985368467607,1.0,0.1462414105788288
SAMPLE_04251,0.6739345663943328,0.21076015014720936,0.09464157372930834,0.14232720750050448,0.35400191055081265,0.15773287438559744,1.0,0.4380394754146958
SAMPLE_04252,0.7508836342030147,0.2835452646422826,0.1840084196389653,0.0911916859189759,0.09162533452161085,0.22607003667509476,0.09460810768218694,0.08028613518163104
SAMPLE_04253,0.27981855609929085,0.0654791924367651,0.11923603213736035,0.1403210215264669,0.3534362876113981,0.06535764342356065,1.0,0.31527463392928207
SAMPLE_04254,0.9261401513916098,0.3540879606431566,0.5619743759382528,0.46210938893924414,0.3575009440412931,0.5445519527345323,0.2670069375623539,0.26732984805904747
SAMPLE_04255,0.641043100725297,0.29809649957522516,0.2097709631877007,0.8902632731482015,0.6462405594780483,0.20442771224648235,0.05638582037372725,0.6507147738971768
SAMPLE_04256,0.91047362322412,0.284898929275999,0.1304237425069045,0.31074532375947134,0.4799545469801787,0.21507954272066696,0.13901992222708265,0.10102066929463464
SAMPLE_04257,0.7940846180181081,0.6320138301507308,0.4123651392387179,0.8478217206989155,0.4418915225727557,0.06006944209821285,0.044737543743163806,0.5320382058717446
SAMPLE_04258,0.8407963651905717,0.7387098279329429,0.248866784339148,0.8156353645035392,0.3087253750555336,0.41658090443224016,0.21374359966172565,0.2005655710255703
SAMPLE_04259,0.8537901382578741,0.6868188501389652,0.3127955223917662,0.945413803410369,0.18121090009435617,0.44311125657291617,0.3343166201783658,0.1706043213741347
SAMPLE_04260,0.9186404796176273,0.07983286110413194,0.0398512714480537,0.0406074368992258,0.00614049222887445,0.14794591862298775,0.0634318409088714,0.0022067989700404
SAMPLE_04261,0.007846481486434399,0.03804175965588945,0.01696947780782615,0.024891250306988952,0.14004817807004705,0.043433889505822,1.0,0.15876632171713154
SAMPLE_04262,0.8004506507948088,0.4100431403802969,0.26890466135369373,0.18620115923250863,0.5916801381531778,0.3358430524615612,0.2579677919344194,0.408607473402278
SAMPLE_04263,0.9058086077881871,0.2738100811074076,0.35078047999132556,0.1959739048550829,0.1935114996954655,0.4278874379567283,0.236358224381366,0.13871232325193514
SAMPLE_04264,0.5508882696442892,0.24175727024623486,0.11671632950375305,0.9490710495797348,0.5720721378094359,0.1598024944272362,0.12606940321609894,0.6634330131586342
SAMPLE_04265,0.8584722188798126,0.5372066809209357,0.793895137869105,0.619131453167147,0.8135297718601429,0.4382189539365021,0.27993772139056305,0.7638088904353104
SAMPLE_04266,0.8371327590072817,0.4488507128504907,0.13441773856421935,0.8067798024438372,0.09147603454505615,0.3026240402718259,0.17342093995469915,0.1402377603279897
SAMPLE_04267,0.6348702235502588,0.3870553373991042,0.1901211632409535,0.9700435375804157,0.100668731501049,0.19980204029494278,0.1624345266859209,0.0771383672770368
SAMPLE_04268,0.5464466359803735,0.1697470518012095,0.11616875566261416,0.8512326393181509,0.46091284301436664,0.0847436984514715,0.11393109746824355,0.3965535952602518
SAMPLE_04269,0.3854482360859689,0.1573298552355415,0.20438864491086606,0.15135261499326608,0.4308803110675202,0.23379457478602736,0.06925570520433735,0.393459059224473
SAMPLE_04270,0.8369635440120005,0.05846834090998045,0.2992246701874906,0.0979459453363486,0.21633755410756975,0.2444995755664498,0.22606779988065914,0.20510743079032095
SAMPLE_04271,0.7902849956094825,0.44318179964197435,0.4405095156491602,0.8859314075652563,0.8656044940677166,0.3242842499821275,0.08822191508971634,0.7452649534241749
SAMPLE_04272,0.8149356756410437,0.30524739571055653,0.204161842071312,0.27765012168783443,0.1568345060622714,0.3232259634233776,0.21705228093503784,0.0525445816159016
SAMPLE_04273,1.0,1.0,1.0,1.0,0.24971462470137035,1.0,0.9001601255103215,0.4493734502250473
SAMPLE_04274,0.6542429892804456,0.4450775464453377,0.3254743042116472,0.9244560179942882,0.4680904814145047,0.2117172960178507,0.1763946830673033,0.391978982574283
SAMPLE_04275,0.9188067262362254,0.0451437804713734,0.0373598712406083,0.040402789773715,0.0287418918582916,0.27071618641212863,0.1781736999566849,0.0362669531733344
SAMPLE_04276,0.8569707450009607,0.09921605950823456,0.15756374905873835,0.0599984017095603,0.09936369774765165,0.24212284126824604,0.12775241716250066,0.11206898761281706
SAMPLE_04277,0.8154626310561368,0.6467146079658008,0.4905283691910715,0.9522851317633453,0.6946922921397402,0.5381271314071766,0.33711917828969334,0.612309050168008
SAMPLE_04278,0.5984972937711203,0.29887383746745905,0.07026302286199475,0.5489403370442212,0.36795207533844176,0.0890455877570903,0.04938024466904301,0.26694791004818924
SAMPLE_04279,0.0188508160101978,0.04147067482624795,0.10781525603287101,0.1213862361615014,0.191809023084934,0.0749526788296753,1.0,0.1896248685668956
SAMPLE_04280,0.7813045914306567,0.23806384647230225,0.4272441793844417,0.33738459035457813,0.4382659218057385,0.4561115536430141,0.35052514513982247,0.5774482769938238
SAMPLE_04281,0.9134747699061385,0.40398356863440654,0.39195611817857706,0.5151962441423947,0.3618810454620034,0.31942282293154495,0.2759912699076153,0.2226418731257421
SAMPLE_04282,0.7686599188651135,0.35041868876428434,0.38125672511816283,0.8409816541922543,0.7511051853648918,0.20882195369232473,0.12157398498514145,0.7561297550856603
SAMPLE_04283,0.5128642988164352,0.5549425233869338,0.04324986129158175,0.8820000652335104,0.225249979389375,0.14805543714114786,1.0,0.20886557173621467
SAMPLE_04284,0.02622247156370685,0.0907559533707081,0.08376454714742755,0.8363415087606709,0.19755007923095463,0.02421839403801875,1.0,0.21999646404653425
SAMPLE_04285,0.9168076218431553,0.7433434580217196,0.9479568033746908,0.821269244131434,0.5215194741947814,0.5069082695372378,0.376341373275308,0.5153021619823881
SAMPLE_04286,0.6227990107905237,0.041583189294685255,0.07215184770701534,0.4229488509154956,0.5583041009551198,0.04092785000672065,1.0,0.43908263234391076
SAMPLE_04287,0.6987532356832387,0.280825707450375,0.47737311961318546,0.8924806787245538,0.5301115289774992,0.141618009235339,0.08625218096371706,0.5578634337442436
SAMPLE_04288,0.9014751791287733,0.20587140929447456,0.26591303525228577,0.122523543656435,0.22981196190884334,0.2158517331950638,0.28831032332506124,0.23724863449228395
SAMPLE_04289,0.2127322605228762,0.1217990405362023,0.0489797440185839,0.8134853434237762,0.12222748566512384,0.1055611422525149,1.0,0.20721950510448844
SAMPLE_04290,0.5990070067333783,0.09071102969921944,0.21640682488365776,0.0715536418534223,0.6743208354027448,0.1457032135584909,1.0,0.747634951422576
SAMPLE_04291,0.7028550152116702,0.6240328591077045,0.5992763789874118,0.9622751451873703,0.7352742968470607,0.16952314036611396,0.06854358124450695,0.716617499163425
SAMPLE_04292,0.6180115267309954,0.31078208203089785,0.14973990702680634,0.8779728684187305,0.38334146089260096,0.19559845957253966,0.1940522583102589,0.34203585771723344
SAMPLE_04293,0.737462723598892,0.14215589026349057,0.2614492235990792,0.08247517535121694,0.3487935980337023,0.31738321426059685,0.3117523386720784,0.3287109925017167
SAMPLE_04294,0.7937961171699599,0.7054901220381109,0.0828500074719899,0.6704399066204101,0.1292805107695481,0.21571823940469528,0.1479967784286162,0.07193444558167465
SAMPLE_04295,0.8074454801736676,0.22082720556691515,0.12652219785605814,0.14851160207699626,0.13159853683212,0.38760417991825824,0.24760846477329015,0.0844384531303876
SAMPLE_04296,0.861607472073,0.3628669434563735,0.44408567680132416,0.931019529894263,0.43840799934786273,0.41538142119006094,0.34632986944838295,0.36852059828989736
SAMPLE_04297,0.0519286723012278,0.0072504541409821495,0.2599454248968459,0.0788430520027381,0.2872927043224248,0.07475959810201264,1.0,0.2969757725807807
SAMPLE_04298,1.0,1.0,1.0,1.0,0.3393719505141626,1.0,0.8977350805849669,0.4245931903672546
SAMPLE_04299,0.9248082873105099,0.2227653255184763,0.3616963650540131,0.1605083904854438,0.3318513864423324,0.37795672790387275,0.2474923492144004,0.3262084668258172
SAMPLE_04300,0.7462928914698751,0.193578274219509,0.16633122023988395,0.8176051763246592,0.1405658908671341,0.28119725712229815,0.1758016744834696,0.21198176615923894
SAMPLE_04301,0.7541326996484813,0.573851910103579,0.3604207747256027,0.9289558024103385,0.27908246265212094,0.4268329931558764,0.3266542401193275,0.25077067774714146
SAMPLE_04302,0.8874757534063105,0.5022971683410907,0.07185640179581171,0.14992684954954225,0.09948329542863919,0.36091698814149686,0.17446021619131113,0.0278721837030913
SAMPLE_04303,0.8849684158110804,0.1009387600055063,0.26471761919671066,0.31938391710350167,0.2740067156688645,0.3603974292800473,0.18021476105831405,0.18156988766888976
SAMPLE_04304,0.5862901003975106,0.2696613477144716,0.27499399790597046,0.934954170880239,0.31274094198646024,0.11607611197215295,0.11575495234806756,0.3774902208380762
SAMPLE_04305,0.8716405649906565,0.4836131776037268,0.23605498300929767,0.26199573537640364,0.2456732307848985,0.3551378584072441,0.19050563381035415,0.2261017048633427
SAMPLE_04306,0.32963056947498504,0.13933262743959335,0.1322268793505808,0.7033375596469236,0.1895595643437126,0.13425091372992126,1.0,0.2030407770706773
SAMPLE_04307,0.9509722597765644,0.18969426960935154,0.3631226497604518,0.10439801718430874,0.15299619271790277,0.351230556960219,0.22073321558669706,0.1743820779094151
SAMPLE_04308,0.6079793276346538,0.23717994643246304,0.0824740777070002,0.8904675783496921,0.2565519796442909,0.17086304481480036,0.1255614140644688,0.2611670683451255
SAMPLE_04309,0.24817005697749756,0.0217802598656263,0.041000672235713596,0.0392733535404096,0.08736629372316669,0.06604681673409189,1.0,0.09801280156360609
SAMPLE_04310,1.0,1.0,1.0,1.0,0.5045830157144181,1.0,0.9002727227934626,0.5652232192477284
SAMPLE_04311,0.6516706721698572,0.5438101271414008,0.3636810423889647,0.9721828833672026,0.6697739949083164,0.1016024409752229,0.059545411927316806,0.6186681413371149
SAMPLE_04312,0.9086413213022182,0.6749112157474912,0.06066890604128865,0.34391687637419616,0.033368409521145496,0.14725762362143643,0.0771321858551069,0.0099932356890122
SAMPLE_04313,0.795805859280869,0.1594220779788603,0.1512416725623871,0.06335822348001735,0.0690413002825987,0.22379610780428424,0.18916459954919734,0.1432360482409534
SAMPLE_04314,0.8699691849394482,0.41208429033987976,0.5267206917039545,0.8214665810123318,0.6040471354750736,0.38305148955211843,0.304333447490762,0.4342944102900053
SAMPLE_04315,0.679178137232016,0.1856019715198117,0.4979839780141494,0.27503559779222003,0.8647964789950171,0.2149228439590419,1.0,0.9054638245795485
SAMPLE_04316,0.8094709277634307,0.4618474900154315,0.33943206126148767,0.9616748414571779,0.2356547407745096,0.37095650132735203,0.2738292873810096,0.27319493087388014
SAMPLE_04317,0.779658445516163,0.3914304974034285,0.3592317110339856,0.8660727939439161,0.6543825273544432,0.2552582399839465,0.13944028325068172,0.30770656061095836
SAMPLE_04318,0.8504764517509884,0.30138953465495266,0.3254424596590276,0.3600981858976253,0.21717616741938778,0.46649819232172113,0.28334511908994625,0.14618309212717526
SAMPLE_04319,0.5496537515330264,0.6302860451397606,0.2615264628841623,0.804822093222739,0.45429064663137,0.04592250896743205,0.0849090466562427,0.4228441164527516
SAMPLE_04320,0.8037955358660285,0.19830717865479605,0.2652084366509403,0.7926365733190852,0.21406730205878896,0.3133157685085747,0.2470928717362104,0.24858547622700194
SAMPLE_04321,0.18591711041810277,0.07764290313674939,0.3250857391403439,0.08211461420923975,0.5774103836730875,0.17253272337565603,1.0,0.5956045791846911
SAMPLE_04322,0.667224678378405,0.4108772753629584,0.4394725634250579,0.9138298568325204,0.6678942874121363,0.1195936479649356,0.11242755978377404,0.46698921660436016
SAMPLE_04323,0.794191536712675,0.13809909670710038,0.6439603245486049,0.2025648854727003,0.4940017263785905,0.34504799552944615,0.08233510084501056,0.43265555895581265
SAMPLE_04324,0.402775176888828,0.42830865277741187,0.3083488475822622,0.876003555652185,0.4529832440863992,0.25975049574917863,0.1741594733852105,0.496867049261912
SAMPLE_04325,0.5233051987149215,0.2276909812964135,0.41072004904511455,0.21222341254151586,0.6788810503990783,0.02204649599663242,1.0,0.6781179078133962
SAMPLE_04326,0.5746970408375868,0.27891809418072977,0.3682443713448866,0.268729053288903,0.7307316049601389,0.10062313049317485,0.0987680977748266,0.5960472204029488
SAMPLE_04327,0.334268416717115,0.4304451600531218,0.15344560571709934,0.2810794088828906,0.25723541499873304,0.23224893802986546,1.0,0.2453773070237782
SAMPLE_04328,0.6040359699370745,0.0975031578839846,0.1711060683917505,0.7875278981349427,0.6317580399353309,0.1267206311955607,1.0,0.5521562886064822
SAMPLE_04329,0.7452121186279677,0.6169888100066423,0.5840520006171463,0.6855984165440504,0.51645892785753,0.4260694026257673,0.35366660192607197,0.45245150168710224
SAMPLE_04330,0.7914553836593436,0.4216521703205838,0.2354279211011516,0.6998014375729879,0.18212656445607966,0.354484099617995,0.2328976217081399,0.250543181384035
SAMPLE_04331,0.8419688818983141,0.36797251485798205,0.2825498900589656,0.559688186231641,0.119111452656189,0.4428608580631228,0.31935908175586697,0.1695423601007844
SAMPLE_04332,0.8292274189121602,0.7667854323106666,0.379069076736809,0.9455791752314919,0.5164199514405534,0.07039917808499789,0.09738301919607117,0.18224311849684213
SAMPLE_04333,0.03153378765004905,0.07552206849419921,0.13165355474994156,0.08286683299362844,0.07429097579069725,0.08343267992544555,1.0,0.10413399825952795
SAMPLE_04334,0.7759882783777261,0.25698081285503127,0.17281281890315986,0.9494253369364725,0.6441441364744864,0.20248128546567074,0.1787805228009391,0.47568081275222396
SAMPLE_04335,0.8841352762129353,0.19931053303675145,0.08581550892041366,0.10391257583661215,0.08160390545668884,0.18369238551926229,0.18013091894440733,0.07761809191179986
SAMPLE_04336,0.6111048200803905,0.2913825190951251,0.35441693863475127,0.9371714281353785,0.48051224977849627,0.2009896158106245,0.12773682864625524,0.19734690161511606
SAMPLE_04337,1.0,1.0,1.0,1.0,0.675540984758451,1.0,0.8969167139440728,0.7797250255849084
SAMPLE_04338,0.9089744145536903,0.5966057176151657,0.33754474138070145,0.541363265143578,0.45481114950570495,0.13705635421274093,0.07372836399913744,0.24148315912577
SAMPLE_04339,0.8037705175184828,0.7618847095441703,0.27093321883847526,0.9030036313400562,0.9780139773258549,0.2746123835838189,0.16412642140748857,0.4858167083554787
SAMPLE_04340,1.0,1.0,1.0,1.0,0.3683523198644483,1.0,0.8909691066968336,0.5039869589123243
SAMPLE_04341,0.7438644612651072,0.6414992788112955,0.37988536159866476,0.8569103410068888,0.34422493603639676,0.4415073753095423,0.3642669322395717,0.3241237847709403
SAMPLE_04342,0.7484668930348501,0.4173592684588098,0.04885862085179585,0.26475333905674486,0.0889461039648422,0.187348999796749,0.09009752233129315,0.08580435469498225
SAMPLE_04343,0.30762088986111935,0.09427118061879265,0.5807449713404964,0.82920041504816,0.7995203414120275,0.0619334829493747,1.0,0.8163849927739255
SAMPLE_04344,0.6214542209055548,0.08957416785582481,0.35372921022744125,0.1634206661181149,0.7064336324804921,0.19999876252295282,0.0913183385735082,0.6799797178939251
SAMPLE_04345,0.111607764633768,0.02663022583227595,0.032359919791827944,0.0060981366170887496,0.1696498966538678,0.0777396176936666,1.0,0.19498343387467598
SAMPLE_04346,0.6794522595183976,0.1560575063895461,0.43418330147128176,0.18098597855576104,0.4695149916808319,0.42870163525025917,0.42212710296923633,0.5990720669287468
SAMPLE_04347,0.7996382825826347,0.5908920617520399,0.3873254908826215,0.9222767545270721,0.24840682308631906,0.4654426155209973,0.3572724537991607,0.29358986949658955
SAMPLE_04348,0.511870768125017,0.5590947078628832,0.5518853358259939,0.8299179859190877,0.5280711143283874,0.28103562341272226,0.16415941087957756,0.6074829270525708
SAMPLE_04349,0.6962390035291677,0.4997099330376694,0.46061705057441804,0.8593371996319084,0.41841766539572495,0.10314018117017715,0.13928306069554292,0.23401908992429535
SAMPLE_04350,0.6179491149507159,0.0648479243475461,0.23887964133266937,0.07740682525323665,0.5920711668838621,0.0595609546902494,1.0,0.6045408798771281
SAMPLE_04351,0.8948027942307955,0.2331578334817366,0.18972337702896994,0.18137269534284534,0.08900749912070545,0.17040172094223272,0.08314310436550626,0.050450469677178596
SAMPLE_04352,0.33562301681386136,0.44381772669474473,0.3435013440574383,0.9343525767220853,0.23794729770051049,0.22209768371348196,0.14578751394412545,0.24332121199006154
SAMPLE_04353,0.5958742374373113,0.591450460890558,0.35503357458809276,0.8149145775201094,0.6053031522220468,0.11318114479233755,0.0898946174921742,0.5994526188411121
SAMPLE_04354,0.38084004565118496,0.5827994939318016,0.17920801838691883,0.8952229334201228,0.591455847942163,0.24140126105499823,0.0527143611663048,0.4140428141926504
SAMPLE_04355,0.15615440300823444,0.0495582485948617,0.1839923351239191,0.03703010356419215,0.39679148809958953,0.17275273811691835,1.0,0.4595578850884262
SAMPLE_04356,0.7395815649864484,0.4649322833263685,0.45865617175859713,0.8212259748624557,0.2612277462114556,0.33138929439452836,0.32564506106972163,0.3521783619628272
SAMPLE_04357,0.43421296535173015,0.0941280110854769,0.0282627103156635,0.0229912945237757,0.30974028056190506,0.10456128465574954,1.0,0.3601165397258076
SAMPLE_04358,0.8991336829279363,0.188509433874887,0.22237397026731734,0.08671170425250024,0.3173301671133899,0.3756005020993256,0.1897896853402374,0.19687181393877234
SAMPLE_04359,0.5241175823138231,0.5800231485801453,0.2966848253331197,0.981892828322293,0.18619511958516527,0.13976471448502098,0.09006578280894395,0.2198240778787647
