sample_id,Ampicillin,Amoxicillin_Clavulanic_acid,Cefotaxime,Cefuroxime,Ciprofloxacin,Ertapenem,Imipenem,Levofloxacin
SAMPLE_03360,0.7458600097038712,0.057026246155362136,0.10278487171185133,0.03579250794786088,0.11034330340925128,0.24655686242829683,0.2054333159823982,0.07649062540994031
SAMPLE_03361,0.16417492997372002,0.027228934662924555,0.03316944803349898,0.06902131450227296,0.11237574149902294,0.14424544153822938,1.0,0.18559357478962485
SAMPLE_03362,0.4218706464372706,0.26236963869430435,0.4361672842375385,0.3499691574007711,0.6973475203526499,0.26707404379646843,0.07303899955300637,0.5978239376157204
SAMPLE_03363,0.21091394944163125,0.0344244462916476,0.24508309465137118,0.03750844606250152,0.21207813385750543,0.15764827160603115,1.0,0.22137335660542282
SAMPLE_03364,0.49448635027306054,0.4645491893419252,0.52445658717578,0.8950850509727917,0.7325159091507893,0.26220075653713487,0.11224134340790873,0.5775339318714429
SAMPLE_03365,0.6010028295606472,0.30645660264439345,0.5189010246435807,0.7219293281765915,0.37754795136994024,0.18272534901868692,0.06584914325196377,0.2975299596650053
SAMPLE_03366,0.5475293056608297,0.06068385603660804,0.26174617464744276,0.8418499845142284,0.6920601982107113,0.08208697379528564,1.0,0.7423364822452193
SAMPLE_03367,0.58310062094516,0.45772811336737285,0.4926424267380887,0.9124396089945047,0.6427127990866892,0.16832674107793819,0.14189249876767182,0.6613908564036959
SAMPLE_03368,0.39030374851381666,0.08328977986266804,0.5294235175189125,0.8331806777429274,0.871953610376131,0.22326028182135987,1.0,0.8768515185043307
SAMPLE_03369,0.7063961174946783,0.6198054734093007,0.3886011377697428,0.9021117114825149,0.9047546089280964,0.38090993692901914,0.03303499525624388,0.894895523184347
SAMPLE_03370,0.5846831160884857,0.3448949854581094,0.4629473693542422,0.8561050741828035,0.4213450520721869,0.3594733336866885,0.3573458259301115,0.29435303689204795
SAMPLE_03371,0.40361445556524833,0.1671664561036027,0.12349993502738726,0.8968462726401075,0.15072774193576235,0.09785308230139708,0.1180682140241376,0.08077529951352484
SAMPLE_03372,0.5321151909671505,0.5393411342321672,0.3043124942305618,0.8492553907988598,0.4105181589368642,0.23613596048958554,0.3278824441566467,0.32109563586587986
SAMPLE_03373,0.674767757120833,0.5478063968418065,0.33588953059359294,0.8443110257697034,0.1386895920796589,0.28154866331487494,0.18787778802747312,0.13694795984513902
SAMPLE_03374,0.16338801754694604,0.21962439361850059,0.037947237727329594,0.056489290672118234,0.31894174388718893,0.09029468933381606,1.0,0.32940758070138504
SAMPLE_03375,0.6276443042154201,0.5346506628174623,0.30181246575010184,0.8480912388805011,0.3643459050648557,0.06405072263914471,0.05725027846545506,0.28889790597966025
SAMPLE_03376,0.21647520876416637,0.3954399268515875,0.39118194865344097,0.8995272831896837,0.5816514162418035,0.18979342865843232,0.096547968244173,0.4835730450052298
SAMPLE_03377,0.5898243071638889,0.4651770627526786,0.3018150860847893,0.5689716468103458,0.5956711762555223,0.08469363168223022,0.05143310952534492,0.5808471817976554
SAMPLE_03378,0.8125789184735643,0.23300431991449455,0.08558566980751897,0.29980989497577987,0.10253026062442128,0.1390598019441109,0.07446253705193316,0.14933097632639486
SAMPLE_03379,0.7293801062174508,0.7484894251139426,0.524836559345182,0.8780220584035513,0.18592330160870604,0.5374333488451758,0.38826722807823427,0.19230031532289513
SAMPLE_03380,0.7573443390941739,0.7124478592313314,0.5615871808679774,0.6030980327053485,0.9233610095302337,0.20504248889715107,0.1004524119095877,0.49547672476014865
SAMPLE_03381,0.36742616516043186,0.5545413059532754,0.47805680432716685,0.8963134852785521,0.30004919980726014,0.28999808898815344,0.07945445748623274,0.251225292387553
SAMPLE_03382,0.817165923106462,0.1179696153418608,0.14337774694767794,0.18559103484306363,0.102395694352392,0.31217719302297053,0.3082506731015279,0.07862795430949492
SAMPLE_03383,0.8225793224495209,0.2412983458750412,0.2564768039291572,0.21045960897073987,0.20269906998982473,0.3055026961435926,0.19134355888406895,0.2287842685345317
SAMPLE_03384,0.8353716178447644,0.27446263366078594,0.47141637318370994,0.39602541361092664,0.496388941373583,0.5713596724769475,0.45360155521796436,0.5583176437476298
SAMPLE_03385,0.5012753221936493,0.42326072123038117,0.3301917419806631,0.8115663939694173,0.47756798634573216,0.24192680615475476,0.14884667115114328,0.27935225600406854
SAMPLE_03386,0.727568860829148,0.35244714456195086,0.3703240839063807,0.7790941533022687,0.5834772763061187,0.20436221926763468,0.1164894672413207,0.47841779663938167
SAMPLE_03387,0.027982100501161022,0.05528432127315384,0.054033169631808355,0.09860562251607947,0.19649793525779263,0.17769097079770874,1.0,0.16970321040893405
SAMPLE_03388,0.0239239498598212,0.21255059498009415,0.11888796763730441,0.8070836674118278,0.5060532470086607,0.07804014610582263,1.0,0.5338649284222002
SAMPLE_03389,0.8529806593621648,0.11996793326093377,0.11176053091050678,0.037600498304218175,0.36562117576919245,0.21403833775552913,0.1813067679669667,0.06789093409078482
SAMPLE_03390,0.8997801553609879,0.6178387829027794,0.040205803957506295,0.2127351921980055,0.03359792233883428,0.08427395115691806,0.02764981940237164,0.022213181431145
SAMPLE_03391,0.6737543135298631,0.1403541092445549,0.3924431460531069,0.12602992790934714,0.45486736744807604,0.4151342854361421,0.27713796823769316,0.275576612521655
SAMPLE_03392,0.8423776848831178,0.06973171910534648,0.07196318697965022,0.1418912544803709,0.06874510458039645,0.2149879116155952,0.14031167470429368,0.03986577144540762
SAMPLE_03393,0.8979705251017078,0.3198577930071788,0.3108440271385729,0.0754250618213074,0.27415884307273075,0.37587856104898204,0.2892828218020615,0.20161393359501367
SAMPLE_03394,0.8925808981448321,0.2303606609658896,0.23531373484038717,0.17462466779763403,0.2633899329525736,0.3601911421631533,0.3007928669803222,0.24662202214587634
SAMPLE_03395,0.8429805237507977,0.05135906727409212,0.36827159189977454,0.14084427845951872,0.4214253553729268,0.24689525508262658,0.14637069676759212,0.19552071386376974
SAMPLE_03396,0.29541733062150616,0.08285047918941786,0.04152291699603254,0.055894361138713725,0.21567623318777787,0.09264395740626186,1.0,0.2598214246637332
SAMPLE_03397,0.5575043451564422,0.5158746140142805,0.5131975771486568,0.8428276336881994,0.42891196022591643,0.2555315938107932,0.17429300734311778,0.45023595063937233
SAMPLE_03398,0.38345363647711145,0.4110832817860167,0.42513606745803784,0.8360406930188464,0.7430671237234688,0.31640773212162965,0.23889531333288408,0.6478785569022586
SAMPLE_03399,0.31350432015925456,0.3511779516363966,0.0295669481007708,0.04662385526206686,0.4659844202540616,0.08596070493500994,1.0,0.5167611851305235
SAMPLE_03400,0.9113807491780352,0.19334804930460409,0.2108682861985065,0.1739208595651431,0.2226651432722185,0.17245526837488517,0.16653901350411854,0.1578237578161111
SAMPLE_03401,0.9075783001033978,0.38107275545869546,0.1668227770500811,0.11830139305315501,0.0603008919525532,0.41676363702370073,0.2985138230235077,0.07437115650236496
SAMPLE_03402,0.30709037132355477,0.2090410558847189,0.3647047262864543,0.17025727016565334,0.6911455107992692,0.1368612364363731,1.0,0.6398334072315944
SAMPLE_03403,0.8991779438654204,0.3814194087845788,0.19231567445738018,0.3558584042318849,0.2947151352317583,0.5142866143631171,0.2839251223053344,0.32289637669112364
SAMPLE_03404,0.6297087199009413,0.6808001536098954,0.5358872255355557,0.8444499855332126,0.5695649832180913,0.5614044118940363,0.4135184642471445,0.5169333331886125
SAMPLE_03405,0.6249905652906086,0.5707446564282045,0.4718517562694346,0.9036544771957941,0.8339147577548568,0.34436686300877156,0.23686669687633596,0.49352090245071567
SAMPLE_03406,0.7559781414533034,0.15498368603279725,0.3819996278299388,0.08848171313133554,0.2060539325422739,0.18985467382599783,0.15326591099994483,0.3044109449459672
SAMPLE_03407,1.0,1.0,1.0,1.0,0.21739654124881397,1.0,0.8775630839063557,0.49702746424314076
SAMPLE_03408,0.7085485358563525,0.8442986892370771,0.4408551687427528,0.8544330640003318,0.20880522931611278,0.48695252718928506,0.37668221561790594,0.196270208636766
SAMPLE_03409,0.061212909793412644,0.336670667048985,0.12396863074186726,0.7668267002782927,0.4970448457716314,0.09224107945685855,1.0,0.49166736965303287
SAMPLE_03410,1.0,1.0,1.0,1.0,0.4422828949132744,1.0,0.874797860379712,0.5858522175405902
SAMPLE_03411,0.8663751055595132,0.5652301374529153,0.5038063589443923,0.34216074628436405,0.08113985679055184,0.6320081344807753,0.4352959919672738,0.10119834318262107
SAMPLE_03412,0.7649450580256467,0.5316819669778595,0.13136812430178624,0.24514351117706923,0.17396703714830783,0.4955897314878122,0.31108485010127346,0.2275166970961775
SAMPLE_03413,0.7445715457593548,0.3032548935888668,0.16890047363884825,0.35530603450249254,0.0659342980367868,0.3033274242320003,0.19796509417095523,0.032214993857485295
SAMPLE_03414,0.01565829159043724,0.055889267455307916,0.3064105708566282,0.3153031595683443,0.578111688966453,0.020045824201337017,1.0,0.5342645991892898
SAMPLE_03415,0.8709778980075714,0.09460964371602507,0.2052859147252046,0.07606855960503112,0.08902382949750526,0.34297445880541344,0.23638886279364543,0.06538345672350471
SAMPLE_03416,0.8389661562401995,0.5544243845593383,0.40475396588851015,0.8749598881567673,0.4233190850870283,0.530582248105291,0.4195994402817588,0.3934690771296087
SAMPLE_03417,0.13106934208152723,0.023319188780966716,0.042944758560001156,0.01830994126654252,0.1477739037619271,0.16106317362751174,1.0,0.18366906247613976
SAMPLE_03418,0.6893720066260617,0.26767242924772155,0.27210700910601165,0.5121860258616598,0.2847315164833306,0.43398589019020617,0.3205265252318778,0.1834744392973008
SAMPLE_03419,0.8369780632666813,0.5978062750192878,0.5260517299548986,0.263910392415673,0.29642147068436653,0.5162173904107252,0.3528381236161107,0.30484872437383653
SAMPLE_03420,0.7711309670149794,0.5673293203674754,0.7942125855129708,0.8374448467850688,0.6971306328311951,0.4841008914962317,0.4222173317177673,0.7274371320452818
SAMPLE_03421,0.33155528837374054,0.12945968539264988,0.2100025104885818,0.1274525363588278,0.49552543088361556,0.13846683790800507,0.052044133332828,0.5064855671579429
SAMPLE_03422,0.7609655713455283,0.6235698735595119,0.6747452386907095,0.2927159596039746,0.4373701266703412,0.2635314948550291,0.2245213494156374,0.4886288486023431
SAMPLE_03423,0.2572430761456069,0.17517745772484392,0.31259338307027834,0.2046837177508075,0.342706733583591,0.19540974432580485,0.09609676670696576,0.45222787773662443
SAMPLE_03424,0.45595779539989834,0.28288178056495583,0.40523858019913406,0.8796941446646263,0.5552463732023033,0.24986100159575447,0.20190295402315095,0.40151254635121525
SAMPLE_03425,0.7239610376998048,0.5319453189285268,0.2613413094399322,0.685013447842493,0.3550135140868841,0.6422352616264471,0.4111501329177029,0.25453994873470065
SAMPLE_03426,0.7153531290666458,0.5105032471731288,0.5093300248670485,0.9471184347188553,0.5759831430896972,0.5255310895814641,0.3683547653969882,0.4132169581825266
SAMPLE_03427,0.8043771578270271,0.4118740797912311,0.1034434643179039,0.23632310197391898,0.3152312484773229,0.18705468234424152,0.24974761700751266,0.13353506467406165
SAMPLE_03428,0.44128436051134917,0.4260823814128114,0.22116022271532512,0.9734611816800063,0.41510357944530024,0.087256401505926,0.08183372763792651,0.32364148378823165
SAMPLE_03429,0.09548765156174592,0.03230068954847098,0.48669085471165763,0.15147882421402695,0.3888136151969054,0.03425013250000618,1.0,0.39641959414107386
SAMPLE_03430,0.8289708125021709,0.3143938788226085,0.366849587834954,0.6752764911591002,0.5032685075509031,0.4404108160813501,0.3442471974941838,0.4551343755755259
SAMPLE_03431,0.7627561107765413,0.08219505606855365,0.43349502718444616,0.27027482992073515,0.23037315753440424,0.3261073877233219,0.3757953234789676,0.1914860410941081
SAMPLE_03432,0.7392397749275053,0.33892955956123894,0.7614571026652341,0.8785119161094218,0.8637923056928628,0.42231164540043187,0.16251018691712651,0.6976294186807678
SAMPLE_03433,0.14458269546399274,0.0777867597443719,0.04102376820590864,0.25712324317111696,0.3990031541241551,0.2501230116631122,1.0,0.3911435705433898
SAMPLE_03434,0.8509802007604409,0.28246100281174347,0.27948886439091597,0.3583787500234579,0.27980330431299477,0.5072336928822694,0.2562093686118396,0.23772468571183267
SAMPLE_03435,0.8443802826800357,0.19247076746832792,0.19051190408181054,0.1404428416267951,0.042936929852625316,0.17831018015302377,0.1692509297608421,0.01968426505064852
SAMPLE_03436,0.9051802197792049,0.18975812035879863,0.4165570339880481,0.31066368653861237,0.09855481468421201,0.25722906037339915,0.1435016430235505,0.2349026307108812
SAMPLE_03437,0.8765809239108961,0.10381954587332488,0.20880652023041096,0.13177788883865696,0.21989863676118135,0.18059822531581646,0.09926744303952434,0.19923838734917965
SAMPLE_03438,0.5272659305490869,0.34324637807592245,0.4763762560543739,0.19218031412723008,0.7977924376976973,0.24997197784855563,0.23273316211596315,0.7214775866562525
SAMPLE_03439,0.8801742533641437,0.15692167563266524,0.12382463886256075,0.06088544395624678,0.01442840687020924,0.36520221799480557,0.26802340065214697,0.052904122126955035
SAMPLE_03440,0.7682408224135914,0.4127238182759478,0.45915251311051064,0.7949860362550139,0.9645467348839314,0.39921628330601855,0.14588160246166562,0.7315509746574401
SAMPLE_03441,0.6264101441595287,0.3651907015958088,0.4174909987558532,0.853840366585333,0.5453725527610049,0.20667964325383478,0.13694122893106606,0.48196270600239555
SAMPLE_03442,0.8415796469777594,0.39637777514776723,0.18920165805840813,0.36411560445112895,0.04316506446278284,0.2822736921340119,0.3334263886980767,0.043291743560827094
SAMPLE_03443,0.8951780235889586,0.5962295586191922,0.39420055209544796,0.2773900768482813,0.6986415201057208,0.3334677477913667,0.17471071221631868,0.49233993271557375
SAMPLE_03444,0.3217607493625001,0.09957115970408235,0.030199963603512337,0.742827683709521,0.2082900847949089,0.03084400684836034,1.0,0.24699870110855024
SAMPLE_03445,0.7365739450644126,0.496980875611055,0.35875119820769963,0.8557551189801785,0.3171905667940382,0.5320046381918495,0.4214763170043988,0.22646052169325018
SAMPLE_03446,0.6681445614000551,0.23858293167982408,0.18421232852865538,0.46002261732579514,0.48369899616663864,0.36777928011368904,0.3079365741855536,0.5509060140506837
SAMPLE_03447,0.7683744409939474,0.38776255913927915,0.48985202800022454,0.7522901477257231,0.7859639033632004,0.17258496784223165,0.12225116484563908,0.5325909424959654
SAMPLE_03448,0.8799733776703316,0.7535116320526821,0.37628065471453426,0.5608223140400032,0.1669331138977993,0.47981602493927195,0.35419875854350913,0.12579655680211124
SAMPLE_03449,0.5005573065149864,0.29600514580845005,0.08901565064067828,0.7868012171393399,0.01568309054411376,0.304960277057914,0.18065641295936202,0.0362641182760171
SAMPLE_03450,0.3599090917128791,0.36004285191673346,0.311085886953534,0.4464052689067284,0.0901624537705781,0.2834118588712486,0.1636858298670752,0.12446837748330107
SAMPLE_03451,0.12597320234283313,0.02652392391814174,0.5386137711877099,0.6651522249517483,0.953451214946227,0.14502557697777602,1.0,0.956598281620072
SAMPLE_03452,0.5819729354896609,0.4847608298637611,0.24998423615065246,0.8219064639171703,0.4571392295696041,0.1441712811035117,0.08464930279103211,0.280520968266925
SAMPLE_03453,0.41705451902110935,0.21636284090810395,0.2846572279082297,0.21463210642814604,0.5075890702714386,0.20364985051668263,1.0,0.4622927183675401
SAMPLE_03454,0.7915518926962299,0.29488035756107384,0.19089468184734876,0.17688626514256459,0.3162577110897192,0.17753680011802656,0.13053047952492036,0.19734691354279388
SAMPLE_03455,0.8051759972610182,0.19384224540693498,0.15384421227090048,0.10562557674652101,0.1882674020422717,0.34466518650480754,0.23227220005972343,0.14496651452966988
SAMPLE_03456,0.8697808921898329,0.07980105565617746,0.09026719188790673,0.10838062081737516,0.2180781155484405,0.20458769613614022,0.11986716937312755,0.24022261808675638
SAMPLE_03457,0.6153399931866609,0.9521532342903406,0.5626279003910966,0.8200638737800829,0.963821501496453,0.46673240656167686,0.12867761132468122,0.8284364480633117
SAMPLE_03458,0.7579412944474362,0.6737731653232915,0.6177301156628205,0.9341591015008127,0.93522608210547,0.3693807020489244,0.2706238897937008,0.33507539659987146
SAMPLE_03459,0.7581762779572908,0.6310527562459147,0.46767687213443426,0.3343539551462516,0.15298382292851778,0.5723620061482917,0.3878132063944134,0.22271986167520047
SAMPLE_03460,0.7999786407848573,0.6265538199028895,0.4381598149001212,0.3702583129280371,0.2495772818865613,0.4037660245959932,0.3371448407009414,0.15300006022276405
SAMPLE_03461,0.5926025105218166,0.6135773095992657,0.4396240616071559,0.8459630412568004,0.6746564976433892,0.30113780807722756,0.08505436993345468,0.3826472859122577
SAMPLE_03462,0.5646892262655083,0.4812875829393217,0.2658816057640107,0.9575538277174381,0.2032693751524406,0.21282859977736,0.10505909560435688,0.268066864053341
SAMPLE_03463,1.0,1.0,1.0,1.0,0.3590243837971763,1.0,0.8739924170100377,0.5993521744166256
SAMPLE_03464,0.8475807715554637,0.5352793880763637,0.06390666575637413,0.12522255016204373,0.07825378226796373,0.13643018862094825,0.09773437199630668,0.0413986350555286
SAMPLE_03465,0.7413578405123624,0.22606156009690648,0.24443876587313676,0.2460417324432545,0.36015646994693257,0.3509439074337126,0.2415269745832557,0.42324500344125676
SAMPLE_03466,0.4510493363444171,0.1687133000347304,0.47958836584185327,0.15983077910350124,0.6721236731848257,0.11344149442496784,1.0,0.6795049161003549
SAMPLE_03467,0.5878825766790899,0.4504108067106747,0.8392395255793597,0.8603335075735031,0.7264910389599876,0.3652890009359539,0.2918419947762676,0.673253618660425
SAMPLE_03468,0.382875285937107,0.482101506781238,0.17590922444294313,0.32305144857370505,0.26534369273687347,0.15067965437452685,0.10263411785548168,0.36947634326908607
SAMPLE_03469,0.8849773020547889,0.23776626364168654,0.09828541909551228,0.15157499722197681,0.2015594190928604,0.3414370476931979,0.2703504833458699,0.05279666493188996
SAMPLE_03470,0.9241816708000048,0.11113035783926134,0.1372366395832915,0.03545156349463524,0.15517989320581974,0.32829415916682714,0.15053184675206738,0.19810750690409107
SAMPLE_03471,0.4140901494954716,0.10313655250404213,0.37842460215498064,0.1193206434469025,0.7329536667811303,0.029648895031562858,1.0,0.6751801629132398
SAMPLE_03472,0.8577785069939411,0.41110031022263294,0.06735334417594649,0.2999714004625854,0.06208769478402949,0.21971160304398052,0.13293832064447286,0.08245011510686599
SAMPLE_03473,0.4539886027609232,0.2527106143302661,0.34500281043020026,0.79226945921073,0.947450398581266,0.09503766907064183,1.0,0.9291145355717678
SAMPLE_03474,0.7355753400778137,0.6261985589364591,0.3082115770733715,0.2833494009037859,0.16248903647848775,0.38907717773052963,0.2356043148172269,0.1428963127133326
SAMPLE_03475,0.5764211141073673,0.5285346250578861,0.41345237316177147,0.8049444082717616,0.4143976609616115,0.2483609021401401,0.11804089128361796,0.3511807009424189
SAMPLE_03476,0.7859766093860846,0.18610259349349906,0.13078331365789608,0.02633518996106132,0.11562152425806692,0.44085042936842195,0.28319525609234486,0.14302538914848914
SAMPLE_03477,0.7329640652253028,0.2696287601916114,0.38205118503252516,0.7888538510143306,0.5488693467309351,0.22933953958430728,0.2075091983253683,0.5593161480647768
SAMPLE_03478,0.8243735845077209,0.34180777511672755,0.46223557467472554,0.1750118124813158,0.48648026862031835,0.555973790627432,0.3217910253151068,0.4550992776998144
SAMPLE_03479,0.8901820831828677,0.7352181261710192,0.4577070532790862,0.8714304687197684,0.5517359036565689,0.47084297765377886,0.26709955400975643,0.5805562375115075
SAMPLE_03480,0.923578566952208,0.20046718263414745,0.3877756055585882,0.2849010981523559,0.5820717979072754,0.22238356634308826,0.10327126517362607,0.4144129665115999
SAMPLE_03481,0.8743774883448066,0.2542980839747184,0.19273876523821248,0.32757589417995414,0.0790001586105696,0.3118804947805328,0.28667585413676805,0.08144967717209713
SAMPLE_03482,0.49336464326694307,0.17774536108960334,0.3835793252879505,0.13131691327428927,0.6372020984375842,0.31431090650702126,0.18165883532909416,0.6229621463326448
SAMPLE_03483,0.8043796222179707,0.28835834195621163,0.4144354321754856,0.2262543743722728,0.25509702843426524,0.40599990585999846,0.20351234243695163,0.28274707328453547
SAMPLE_03484,0.728361336315499,0.7283875988690841,0.6777007187249281,0.6867511902547683,0.6456802266053702,0.5730383818421569,0.40848984236423824,0.7013364527301434
SAMPLE_03485,0.4105552950694072,0.3680190943808835,0.22164100041930443,0.47487019990992124,0.5505407684277861,0.09204873188235066,0.024032773184051805,0.486967312043478
SAMPLE_03486,0.24076995887063013,0.21076818478449622,0.14074297058008306,0.09314346303221681,0.7310979353774636,0.1628489656440529,1.0,0.7735497031776833
SAMPLE_03487,0.7157509199487606,0.21303859089275615,0.2129060211153999,0.08000156727589186,0.1637532293210685,0.46250926772880374,0.447448597692662,0.14427542858778225
SAMPLE_03488,0.7496299011497253,0.19632082724041458,0.3826670013607152,0.8272263234722893,0.6707134377866554,0.24431872179813052,0.09264898163452394,0.4458422735519034
SAMPLE_03489,0.5372101708143471,0.4416817741925956,0.31263806374740255,0.8681390880309058,0.2300074448353071,0.22084510028463267,0.22406859845694008,0.28020770215977747
SAMPLE_03490,0.4184798272637154,0.1774770667604586,0.19654017840833576,0.12363666254604182,0.6533278019296673,0.11689047108852671,1.0,0.658198682090667
SAMPLE_03491,0.8673762285707847,0.6004447760763358,0.3426571471763914,0.7897732720692144,0.2990222047939499,0.4877450102186264,0.37526025817457426,0.3336551142882081
SAMPLE_03492,0.7233370738828512,0.19677255704158716,0.3070523079033067,0.5447093073695061,0.32752900893054654,0.31195180742882006,0.2421051306547888,0.21968312867946327
SAMPLE_03493,0.9179782818668232,0.1952395884896404,0.7211266782141107,0.3265010214738955,0.7105225174290356,0.49770665227169786,0.17036237819595287,0.6707109604572563
SAMPLE_03494,0.38004262812576806,0.14664723450922865,0.06951165249267718,0.6169845911713449,0.40022813061051027,0.19891891701257858,1.0,0.4663599394662298
SAMPLE_03495,0.8509799778771824,0.25488885250113924,0.30019123048949864,0.20920809406237223,0.09930559368185657,0.4656998257683177,0.3487248919500954,0.26181341767310345
SAMPLE_03496,0.7563761698277269,0.21917893195666155,0.09011212887865706,0.2757058420245673,0.047406730901112616,0.23108923925904656,0.12551809310376302,0.0797909358950608
SAMPLE_03497,0.6843218688258607,0.4813315663711099,0.6600217223876776,0.6587003092841126,0.3732779679326578,0.5328569914178467,0.3897206325665299,0.33796934990243777
SAMPLE_03498,0.08333999943855504,0.2070227277164583,0.14367799618418342,0.26006349566574016,0.451707645697877,0.05484562569857533,1.0,0.6515678917803923
SAMPLE_03499,0.7963765916273157,0.40910503566449224,0.4305832948107614,0.9470113099532631,0.4946092617601743,0.43059764496537883,0.3518887954396895,0.4592006210328786
SAMPLE_03500,0.9251778797901498,0.2146129255377723,0.4430627786248714,0.31297551345838487,0.5566320098882713,0.3643482963016403,0.31119785008241063,0.43073914599466495
SAMPLE_03501,0.5354716916922707,0.44919628052522687,0.09396650103241272,0.9435036886067342,0.5621047304032674,0.11824489344119793,0.043639733322179644,0.4434590171998561
SAMPLE_03502,0.8715769527834096,0.2672269459430318,0.551312686731409,0.18204395475992957,0.4960169177285279,0.5314595486096757,0.4481916495335853,0.5546401632045841
SAMPLE_03503,0.9185804327283629,0.16418474667422372,0.2834672545943987,0.18193872590117846,0.2123877552763109,0.24026180654138032,0.22105106407496836,0.17113401753072988
SAMPLE_03504,0.4954725790867459,0.4670368501961252,0.3177624510562032,0.9294658865342117,0.2976808322916754,0.3006143644381771,0.1242396714370291,0.2855525128566526
SAMPLE_03505,0.8221728594086324,0.4236539873901785,0.45504185063192676,0.48427160186176954,0.4545263665461748,0.4616503744259445,0.3958866057859117,0.2564856322340566
SAMPLE_03506,0.37435661259952263,0.0681693360314758,0.17859552407499638,0.31882244598376636,0.274932364445526,0.0310607574645288,1.0,0.23866603495189875
SAMPLE_03507,0.18717819711617234,0.06528202842204926,0.06940272122635116,0.04281243987079432,0.3992533289187879,0.19327780322412746,1.0,0.3679133895993116
SAMPLE_03508,0.9359784868779025,0.1500402540151728,0.2616394562834442,0.20846565067617778,0.31941297716383893,0.18416782282433128,0.21622056232209538,0.29807805482786887
SAMPLE_03509,0.8951775713379642,0.22356528713197887,0.27328174734708977,0.1595023462509641,0.2787348441957868,0.4734221319676367,0.2017573144239762,0.19937351124355934
SAMPLE_03510,0.4123812224536225,0.12367933891433462,0.16859151765035893,0.5085823110235056,0.5553381535066467,0.04425028496325656,1.0,0.478836030686781
SAMPLE_03511,0.7981721411506676,0.4405529389151101,0.09044569403833469,0.3569807015053009,0.06758105004348328,0.33854192261435406,0.1481179232677087,0.07312081991142014
SAMPLE_03512,0.5195059463060083,0.5927915331274453,0.3541138420725532,0.9143987492549482,0.33845297602903074,0.29137781860199063,0.32642006329835654,0.4315596218519978
SAMPLE_03513,0.6416869708959221,0.34684938630720497,0.5886572816718023,0.9236507580658864,0.4469324769960567,0.44221355764735376,0.35661806206715396,0.19480460465607477
SAMPLE_03514,0.933578359842462,0.2212824073171613,0.2517393852472806,0.07012889688753897,0.3541249213218895,0.24921967683970941,0.20627901633888418,0.23090648434830463
SAMPLE_03515,0.5636336956637575,0.3373222870980643,0.5021012319081132,0.8842594762152377,0.5994499454076049,0.0948519781307676,0.08843754987571455,0.5331976123843237
SAMPLE_03516,0.8669792293140542,0.4514788435720081,0.6718805069464017,0.45297602197202463,0.812426680684969,0.5359814344717071,0.2719397499032796,0.7424459129277611
SAMPLE_03517,0.01369253460400496,0.14321622704698786,0.04072561643567074,0.15473389673365895,0.18012254695106,0.06347587296644444,1.0,0.23462801119438562
SAMPLE_03518,0.14526551490687514,0.19941180638878706,0.07735349167563045,0.29840039565603077,0.23228988540993795,0.262118593982009,1.0,0.20409205815811524
SAMPLE_03519,0.7031621064462427,0.3256784856135988,0.30701674415790703,0.815521946180879,0.6642741608485188,0.4848981238635889,0.37672723400491975,0.6346070066502483
SAMPLE_03520,0.7457481979747992,0.7560267450250941,0.48546459017737426,0.881682217577857,0.49366137435379515,0.38063105046037443,0.2405796603799484,0.5088942752461655
SAMPLE_03521,0.9017789210472098,0.20061127137377355,0.23560596141049236,0.2567325379441446,0.15972723021088855,0.3076649157865843,0.24160529442432985,0.15066184264487498
SAMPLE_03522,0.42723249725834467,0.05368209001457996,0.17145752211285734,0.13678791666333923,0.2418251546787284,0.0632583605253273,1.0,0.31092768797256637
SAMPLE_03523,0.7695641980971312,0.8775651884384404,0.9756677925253535,0.9454286112151007,0.9281535203953563,0.6557916664625869,0.38062820943889536,0.9517267139855369
SAMPLE_03524,0.9015784641059391,0.7260541800914377,0.06742548347547071,0.3948497604172578,0.0951321416659768,0.2923523801069668,0.28397415246961677,0.047606906114474136
SAMPLE_03525,0.7129630999453785,0.777496557099588,0.5347643789107274,0.7707751620973323,0.48488324511500286,0.6110104427575027,0.4603993612087156,0.27305869003139227
SAMPLE_03526,0.3073986626825609,0.19637896935067523,0.0870626077263198,0.8213399077427301,0.10692079819269909,0.17105893987936202,1.0,0.17713792811421122
SAMPLE_03527,0.8887785380008733,0.6351526572500369,0.361550448810478,0.4279875921916604,0.3774362810898488,0.29974947830135923,0.14551718663438473,0.19285051915620072
SAMPLE_03528,0.694134518723392,0.4741551341623093,0.3711079953343599,0.8829413856627938,0.35264321167310547,0.4698034409840761,0.3246079048815516,0.29126590650907913
SAMPLE_03529,0.4911422273763562,0.15234633997701894,0.36710714568664143,0.8793611415926851,0.7201661655509043,0.28109219587613066,1.0,0.7340333213384089
SAMPLE_03530,0.9303733811175233,0.14524836020649737,0.2990439956995424,0.1537844277780193,0.3084926963627731,0.20455813730655797,0.11557532552248137,0.4417258022112818
SAMPLE_03531,0.8755807193902435,0.44245901289465367,0.5189472064473611,0.21108497210314942,0.4387461059939405,0.4317036482008638,0.21301028135271524,0.5153381667235885
SAMPLE_03532,0.7991683666056584,0.4875448875729996,0.49109047993910365,0.8601860504485731,0.4462198198628946,0.5195809460736562,0.3479346341206699,0.37789506560646924
SAMPLE_03533,0.7713495701124287,0.358018812570252,0.6968452731999261,0.7352157532838143,0.4792514046537411,0.5742284934756356,0.4115351359337961,0.3923717792247306
SAMPLE_03534,0.23212709176372992,0.3389083062432041,0.38756265775161963,0.8253411644887887,0.6246618175663461,0.26007801468154484,1.0,0.6242232639356827
SAMPLE_03535,0.20757064983071175,0.17079508740421617,0.01823609010654908,0.02329408603246318,0.1954897851736382,0.052857297252150916,1.0,0.26298610206646006
SAMPLE_03536,0.5245767809898061,0.34724224661515724,0.3323272943119724,0.8304823117923367,0.6452559788756554,0.26454253612536327,0.19152533581000808,0.6032139049780011
SAMPLE_03537,0.8069631016866228,0.7352795022656896,0.538813528636403,0.8696821363034097,0.5952572536944514,0.5633550268129371,0.43984149161059827,0.42693950210061143
SAMPLE_03538,0.33813474927532466,0.2787957502509506,0.18908156280311872,0.5769792099107387,0.502961342072304,0.12424663273079739,0.11906424052395734,0.37417078354048056
SAMPLE_03539,0.43480097080098784,0.5195580766220795,0.3370372514656396,0.9561632277013216,0.21980147349406384,0.09426193056243688,0.08443679576232031,0.22388139625541373
SAMPLE_03540,1.0,1.0,1.0,1.0,0.21323061171659544,1.0,0.8811236385340327,0.43495935236670635
SAMPLE_03541,0.8087769034096454,0.49376521723963085,0.6657761253144403,0.539244874876834,0.45794732691312934,0.5877543417979136,0.44892842208579614,0.5473872470993804
SAMPLE_03542,0.7801676728376014,0.7998891557576956,0.7610851800812161,0.8055102757035899,0.6164593486754923,0.4064628731966746,0.3203389970351671,0.5861534561606907
SAMPLE_03543,0.8609768963102613,0.3191843121754029,0.3717588844663164,0.2830306963747804,0.3103243266598592,0.41269223467869043,0.32098924951766383,0.3841787927234754
SAMPLE_03544,0.17542153329416574,0.12624534497394868,0.07532174305164889,0.18681565480442852,0.25770832772574775,0.18484710443638067,1.0,0.25255372025839007
SAMPLE_03545,0.8575803058251319,0.273072872799848,0.4393592332501697,0.24469514672011627,0.5139214070256958,0.38114832382844366,0.3323177835965422,0.40507819981877347
SAMPLE_03546,0.8333744968751627,0.09978202491122064,0.2277606102734719,0.04465105121721456,0.2641394833639237,0.36601851682417474,0.2378240275407181,0.18962837049442968
SAMPLE_03547,0.38980333662376365,0.509908074054996,0.11462607519539326,0.8594386802513494,0.27240592460508506,0.4896633807950828,1.0,0.2663073342810469
SAMPLE_03548,0.7509584260368676,0.1454858801430164,0.04183100579544726,0.0499505968795147,0.1277294705628966,0.20069020399220433,0.0775092083405514,0.08868155260802674
SAMPLE_03549,0.698882348883452,0.5100706028757208,0.3370738095506373,0.2601763356811178,0.14866058511737335,0.4497613607128707,0.3194746520988882,0.12817729820829346
SAMPLE_03550,0.8301781123955904,0.43255026292691556,0.14371851200040414,0.24845523992789187,0.20398532228370136,0.26021172750632626,0.14193765590803062,0.2141229445281569
SAMPLE_03551,0.18781889025155285,0.0681664194930906,0.6011947373283169,0.1937267748770657,0.5513397714110446,0.1424995770205199,1.0,0.6208471301867425
SAMPLE_03552,0.8945773225321766,0.19010676362604503,0.21181879933765718,0.15991363209958798,0.14537018473745766,0.4615775699691465,0.24703720419483677,0.13415702565465865
SAMPLE_03553,0.9035787949907808,0.24339717817319242,0.25011076837823715,0.08140419284644604,0.19043798977100387,0.479567103276044,0.23994712276481875,0.15167599247882935
SAMPLE_03554,0.7376996594060016,0.19668878927684383,0.14117475035080906,0.057603562170548676,0.12407918876508031,0.340934102110023,0.2986955797738464,0.09038236776153279
SAMPLE_03555,0.4574201962117286,0.37932818775709165,0.06003179491065206,0.34658172211164956,0.0353463534769026,0.14873649494466276,0.15567054554030121,0.07914519377946265
SAMPLE_03556,0.8591695139531029,0.22812200956890558,0.327874330008178,0.217475306389202,0.25060682699142256,0.5136019840517356,0.2664473309220475,0.236014190126994
SAMPLE_03557,0.8659740542677787,0.6493675109428265,0.5189217469666563,0.9037490956915963,0.5404122169758482,0.5422460063785909,0.4041675997366779,0.4738035471753231
SAMPLE_03558,0.828179673047587,0.21415989458276816,0.2396315974331318,0.18237780198752537,0.11951269234541313,0.3496954541159384,0.2876038975923387,0.15746555951776237
SAMPLE_03559,0.7117798722581657,0.13467664179300623,0.29027339451428424,0.06512510604121452,0.17507062964862852,0.4363506409577677,0.27872241892147664,0.19479508654218794
SAMPLE_03560,0.281012545221447,0.2237021961093027,0.24733458661557103,0.8644636461355397,0.28520391128942124,0.27060442574926813,0.21106432460619437,0.33768977542246964
SAMPLE_03561,0.0943888543751185,0.19204474892465223,0.3129714890664952,0.09791866243039825,0.16606426920710832,0.1360478549245371,1.0,0.1998001982299656
SAMPLE_03562,0.8177623940136849,0.3127224797935165,0.2216107861214387,0.18323455818286377,0.35253234467868694,0.2520960772209037,0.33172022555323594,0.34741247752773785
SAMPLE_03563,0.5753124883591197,0.6658684724295482,0.48928371617312866,0.8020734345448733,0.610328331638003,0.1700854698734675,0.1418776586138879,0.3825855237356714
SAMPLE_03564,0.6009853208841568,0.45333897700032405,0.18758783429467746,0.9305342654261144,0.34063167257259164,0.2601613014513968,0.06143784942123566,0.1948906402512043
SAMPLE_03565,0.8751814478760062,0.1950352620589831,0.4472813785556907,0.11504494320565486,0.18189271254842396,0.4156616623216357,0.2965878449813983,0.17404505556228683
SAMPLE_03566,0.8379796313708167,0.802292251528036,0.19008373142664883,0.7729645346862083,0.042394896334683976,0.3236568634009783,0.36830889348784834,0.11648262556975782
SAMPLE_03567,0.5642766678002625,0.5273724240040146,0.44788201536525346,0.8324696017601079,0.603582200224039,0.18398219516043657,0.23793079854160623,0.695050271676127
SAMPLE_03568,0.13442307522099908,0.20938171918786527,0.15834166336168795,0.3950947755657335,0.5272464671621727,0.1610424080676781,1.0,0.42960431964429646
SAMPLE_03569,0.9339791412159442,0.126427856174487,0.27029358168999507,0.09974621024776766,0.2062177512088272,0.27092657337419973,0.19038118415497807,0.19251368534287616
SAMPLE_03570,0.9305804930087429,0.40158276365620493,0.6814696368260128,0.37349937824889845,0.7956488632773706,0.36402274500098936,0.16092322132172723,0.7844509233413256
SAMPLE_03571,0.7469764857044284,0.5034553395257103,0.47021788999751213,0.8001531180036837,0.4378992521881103,0.30147660564601203,0.2626649378799206,0.33286225221335675
SAMPLE_03572,0.7325775836993716,0.6540950316989178,0.5118720644515838,0.5160986620162604,0.3790629058533635,0.6157787584727439,0.45187260462381074,0.43870164624520863
SAMPLE_03573,0.6658985673412606,0.2806354667392617,0.40836748946700646,0.9249347751964084,0.43589390375365394,0.5980554665143755,0.4073989279334264,0.3179340681688777
SAMPLE_03574,0.01480460019856282,0.11092982406004763,0.01503566704986236,0.06290330816719479,0.05935962861866098,0.02405997288197436,1.0,0.09297717556040638
SAMPLE_03575,0.48177743195695544,0.18955915685763705,0.19494697144573708,0.05740196204392582,0.5151838993363058,0.1262506120094752,1.0,0.5455152482899848
SAMPLE_03576,1.0,1.0,1.0,1.0,0.8885686218617813,1.0,0.8782259540156512,0.9284748206815472
SAMPLE_03577,0.7629762933218986,0.1323676905678444,0.3598899151338635,0.23107893188953965,0.2490997267617414,0.390299406773723,0.32561537352243386,0.2608884694491382
SAMPLE_03578,0.8383778675340833,0.2596031848655695,0.34940404635532896,0.2369226971638102,0.18530344517031017,0.4801411218290896,0.3623721187643499,0.2593207384589282
SAMPLE_03579,0.8531794213267525,0.12837589934032675,0.16587234911588108,0.2015661939464389,0.21161420433283434,0.19965253939233155,0.16909691191783338,0.199731162093111
SAMPLE_03580,0.16532168292992358,0.20687755280029033,0.04069831519130996,0.8384771078586803,0.1194399446420663,0.06644011056544999,1.0,0.16032505248479398
SAMPLE_03581,0.3796528015707937,0.28451470392442335,0.18899547285730142,0.932251655401872,0.6365892092646667,0.19165972325215133,1.0,0.6670436222057784
SAMPLE_03582,0.7243551563341876,0.40321376223400324,0.2978869984244806,0.8902380189413687,0.8098044130259632,0.40257850777439236,0.13896712101808367,0.6768038803214755
SAMPLE_03583,0.7707731697936201,0.25403930728464563,0.44872057277852734,0.24920707203265502,0.5196814108943852,0.612391325689294,0.3235219177479161,0.49965363406091057
SAMPLE_03584,0.506253706402423,0.36321744020003566,0.2076986842229583,0.4677343903487698,0.22325207794709723,0.22663962834573506,0.10866804112012284,0.21018080690212804
SAMPLE_03585,0.8303793353899521,0.3523559540896051,0.19163218437968527,0.307455775398702,0.3948955636824208,0.3240960578569724,0.29264068454671527,0.2904748059541787
SAMPLE_03586,0.8801793516407879,0.01135188887300274,0.3119883117552307,0.07471376012969258,0.18963136299448585,0.20504242714910376,0.1605263512223249,0.1393081765764931
SAMPLE_03587,0.27295941101473065,0.0972599867832541,0.35292491304247087,0.39789059177088637,0.6778475429219367,0.10105220040962815,1.0,0.6513181098901929
SAMPLE_03588,0.47755265906435546,0.1119140476285764,0.7547676034853034,0.7469736476402232,0.9788100994269294,0.09224224252937947,1.0,0.9733720428923464
SAMPLE_03589,0.7460456701219194,0.28456353158994285,0.1755097639175799,0.9565238900986215,0.7226161783914038,0.24158867494149722,0.13165475365748597,0.2543857480669614
SAMPLE_03590,0.2753349659653067,0.2152113478652305,0.1354196013397458,0.0531859557758227,0.4073543464568765,0.12226342326111318,1.0,0.4303202270122309
SAMPLE_03591,0.6127466356335656,0.3529412077206974,0.39052865546006604,0.8846957970396968,0.7468359398778448,0.10987024808249983,0.07345225402235897,0.6699598015941205
SAMPLE_03592,0.8135760722014942,0.46024973968021077,0.39244102928100916,0.9179071973023775,0.2837146235557583,0.4766064746686942,0.31711373777113533,0.28892311935215736
SAMPLE_03593,0.7785704858172274,0.27858501091336163,0.22199584595275654,0.703625395412834,0.3384581999137921,0.4276123931254314,0.19552793866492474,0.3519601419970189
SAMPLE_03594,1.0,1.0,1.0,1.0,0.8498674086701595,1.0,0.876868376830615,0.854908380188374
SAMPLE_03595,0.32168531858430716,0.38265180838133905,0.27573735425919077,0.831337386074428,0.8416043297309844,0.12584566888982057,1.0,0.7504956405832125
SAMPLE_03596,0.8959801115653043,0.3899108425217552,0.2003531118649425,0.26208633989962116,0.09031624565696872,0.3173818622210896,0.23125347177550648,0.10553292586656468
SAMPLE_03597,0.502946660911239,0.4655814909443191,0.19668387931001838,0.921783386574562,0.07167366309110608,0.1436525167431737,0.12104385757622488,0.08088316646369376
SAMPLE_03598,0.7627760809774213,0.3863182451586639,0.19084676592653793,0.13896349308117567,0.15322357205876944,0.34603588437924576,0.3023008059597541,0.08229082614931135
SAMPLE_03599,0.4134642935703581,0.0096306885018367,0.4244854747097459,0.246302498753476,0.7735327994008905,0.05109839590100808,1.0,0.7360623146752311
SAMPLE_03600,0.7427754478571682,0.26624345775454705,0.4233382627846415,0.34212960460706787,0.5170997619155975,0.5638181736026197,0.3700662662011633,0.6486370091867917
SAMPLE_03601,0.5825576507828539,0.5525000152886476,0.5214127898347074,0.8762166160885543,0.8873945372338083,0.4047193518254954,0.1758655692438532,0.5435325361847511
SAMPLE_03602,0.7287056615466864,0.2788174653758306,0.37231057271129714,0.771932569387475,0.6381440012436607,0.22858534589808877,0.12129130668950157,0.6435695542104678
SAMPLE_03603,0.6891784263554731,0.21436886674583996,0.21190812150838775,0.2258411082099045,0.12450218393263968,0.42567657330772807,0.30942577817487515,0.21134372235596194
SAMPLE_03604,1.0,1.0,1.0,1.0,0.802343210957486,1.0,0.8773189272243858,0.815619256223994
SAMPLE_03605,0.5922023774358091,0.7194250040727292,0.6767643139115299,0.9459015893523947,0.5045304305263434,0.2778625149298394,0.139843289266777,0.6285481722852146
SAMPLE_03606,0.38695708198113,0.2833606375432207,0.14176579928681837,0.6140848537470333,0.4519592159303493,0.06304537021289087,1.0,0.35079819359702935
SAMPLE_03607,0.8931801832779174,0.22214779306153093,0.029784331831433176,0.09537807232142488,0.08587594926736043,0.14885708649814766,0.1251036435833467,0.012239719725623118
SAMPLE_03608,0.42867520877418164,0.35187090923946396,0.1918979937384329,0.791762375710563,0.4057664627109733,0.31332494671410976,0.20504155308502073,0.4417284525610572
SAMPLE_03609,0.7539731622904685,0.0868250545277529,0.042744064316737405,0.04494681240059834,0.0689238731374451,0.3005054052400651,0.24930808785056996,0.044078961864696314
SAMPLE_03610,0.5709012277325108,0.3575077016966994,0.13809448729599613,0.845320095023023,0.3873270405017156,0.4304156719143906,0.37927506189022275,0.1656569391318114
SAMPLE_03611,0.8711810267738302,0.1314123260472657,0.2365274845085506,0.08300339508761796,0.15158871726464784,0.2588616017625272,0.17733252651582196,0.11049032060818972
SAMPLE_03612,0.7419783451388464,0.06157299927326264,0.09206782351263051,0.05516379802303438,0.0483236931675174,0.36517955576698163,0.2133906847044016,0.051429458596503816
SAMPLE_03613,0.6865405835204375,0.47404219580719814,0.6381280262139898,0.3409194489588149,0.4837291533915208,0.46198843617391583,0.38923133754267464,0.5153756922458057
SAMPLE_03614,0.7843382148251821,0.4589186685309043,0.6639383929409566,0.5009985981333677,0.5492186456127862,0.5630132004821443,0.35760490876220197,0.6175910206206521
SAMPLE_03615,0.757341979617534,0.31862918973961957,0.5040721275038428,0.5786903690238908,0.37333754440144495,0.4992385829836412,0.40709065096043007,0.24521584562058935
SAMPLE_03616,0.8553712924538434,0.6561395845183076,0.5767070019614884,0.37063480744835803,0.40757842229601965,0.540005909003636,0.4153096422158594,0.322226468721231
SAMPLE_03617,0.2837644172378114,0.3113894785062933,0.22092999394594096,0.7999801284598171,0.16227649405167208,0.20908186469665652,0.09425078288998227,0.1675134724917376
SAMPLE_03618,0.6007432066047977,0.5071410310709874,0.24623214823047265,0.8422426735192146,0.660692386923992,0.13729760407879588,0.03522994928526902,0.4751690559562411
SAMPLE_03619,0.8021774925301723,0.7227128887178267,0.7871391951523211,0.54829448151266,0.8821948210263656,0.6177219746177949,0.3965228824073237,0.78291267392137
SAMPLE_03620,0.8643796241092166,0.22566174270147796,0.12113401162402473,0.18025150544054058,0.10065785713067585,0.34047952085005395,0.3115832377189711,0.11085195987110105
SAMPLE_03621,0.7377248190383342,0.4780990239432744,0.2729134877369229,0.6818807656474284,0.2623583851471882,0.34633542680570306,0.22623085625818454,0.1573221289771687
SAMPLE_03622,0.18063449676064924,0.12405564886803767,0.2307832108865664,0.06336072312118184,0.2856715602793108,0.10927424063794294,1.0,0.3566156122540955
SAMPLE_03623,0.7359123093321575,0.664836296279299,0.2511721615847394,0.8185601775097587,0.3214212027797325,0.4786974527655351,0.3551228337505913,0.24276777211215772
SAMPLE_03624,0.5376065859031454,0.4362676567265295,0.49976282175312653,0.813132314022996,0.7248146106275581,0.04223310768619559,0.08163702337779775,0.40150536635748874
SAMPLE_03625,0.6083272857497791,0.4987383721977216,0.7352129839070414,0.8813597258564816,0.8727869093238393,0.3207188916686464,1.0,0.8391007545696563
SAMPLE_03626,0.7781704293479274,0.19987650439772814,0.3662284761268449,0.48130937432207876,0.3272242834626763,0.4727534381160519,0.23447063429295034,0.22946866654702613
SAMPLE_03627,0.8413748759223428,0.7739937031578291,0.29294646717444833,0.8802189034644055,0.3147355520573071,0.3532625331834654,0.15809664496492262,0.1751762197886589
SAMPLE_03628,0.6514909945654076,0.887161770453791,0.7236346902982411,0.7887793760819408,0.599729731002508,0.6329823972684375,0.7860485222934666,0.6477054169186052
SAMPLE_03629,0.7439384650567331,0.663381370982511,0.9109734349978313,0.8190574451785879,0.656436661673423,0.1393148438688065,0.09006265660569959,0.6584026828495887
SAMPLE_03630,0.4916082867278667,0.310542300906447,0.10718069630386187,0.8859499342840544,0.21950015152303506,0.35959921281870866,0.3446065182092259,0.13222216772340092
SAMPLE_03631,0.5696058445799017,0.2917260242854567,0.27872047822200086,0.9442722220493805,0.13042969880171995,0.07604605699605248,0.05363485894557166,0.2939438706165704
SAMPLE_03632,0.4178296368019587,0.5713568803287791,0.20527210074535426,0.9789516832594531,0.0535207812767552,0.10824055071879778,0.10305271748553271,0.13009801030915732
SAMPLE_03633,0.3872342534149666,0.0450566855181083,0.116708005838286,0.7421661504423903,0.474825394025327,0.05885017925818852,1.0,0.588668411402813
SAMPLE_03634,0.7849753891755008,0.16866700371769178,0.17713995538690833,0.09667443041097047,0.1664239702544256,0.3244014569340684,0.14126478682102606,0.24975271339259128
SAMPLE_03635,0.8041800915380978,0.4106065902725774,0.5326602244194212,0.25383348091367103,0.34981371987666565,0.4186379465073115,0.3451373810237631,0.3033690818829152
SAMPLE_03636,0.8449788070035524,0.6838974975208628,0.25205648963783656,0.44112800402838337,0.1468679747337555,0.4173715989053573,0.2629153224017731,0.15576000669898146
SAMPLE_03637,0.8153761480589097,0.5775126012520095,0.4991230601075288,0.9374224118058171,0.5088282597152394,0.5470346057399652,0.36685285246603244,0.5577050056443704
SAMPLE_03638,0.9125803933267399,0.21278589165503406,0.1184364335383058,0.15073741565091567,0.11804997605384489,0.1736541991483869,0.2404430461903997,0.08503172406311468
SAMPLE_03639,0.8971765986368991,0.3045278038291432,0.18504295006199628,0.05497235850803548,0.07930656613483159,0.2768901851713741,0.18220087780272304,0.040897526828553056
SAMPLE_03640,0.8389712956893749,0.44196725739336273,0.31246500586297477,0.8940421441844656,0.33239150600071277,0.4708360402660682,0.37062328406495615,0.38631980215054795
SAMPLE_03641,0.6018595880574406,0.776852665516189,0.7413780066830451,0.9396776781955313,0.7195745126276064,0.260906367816367,0.2043926701769353,0.7047011615494345
SAMPLE_03642,0.03311866510194266,0.16894502834111227,0.0568408208664075,0.11256749525707042,0.25779439757243416,0.2399289011628865,1.0,0.2539126044011291
SAMPLE_03643,0.9173791233656509,0.23208384512211214,0.2956071871306928,0.12706492170052558,0.3573129559134916,0.5101400501432198,0.3994543066586661,0.32905648516415403
SAMPLE_03644,0.39013796490839786,0.20736309028481922,0.3193653178209214,0.25510190478325595,0.4094914840433145,0.20106278231999414,1.0,0.33363388305925684
SAMPLE_03645,0.769938971041097,0.35437181379789157,0.22707706467672367,0.908728949869179,0.24426917870983525,0.3972546261414388,0.3685202470158776,0.4844416803228231
SAMPLE_03646,0.7701641201118723,0.25834352245619324,0.24322695442166042,0.8117188346349262,0.04614760737601376,0.15551635725860466,0.09508284820854433,0.04135023184309972
SAMPLE_03647,0.8213723520742163,0.0762977975467584,0.2421395211064722,0.06626112769469601,0.2605308014320707,0.2456719139518261,0.15495662628031268,0.13879347918261972
SAMPLE_03648,0.7983710037558425,0.18499955287605688,0.1987521296092442,0.34915955536523186,0.2191528406057871,0.3721096468549609,0.27753661027308235,0.18042645197193766
SAMPLE_03649,0.27835505627075835,0.44550814777741493,0.18719959676367548,0.7908629040668321,0.4706631817485155,0.1743161514797102,0.05727820845913554,0.3784708067636918
SAMPLE_03650,1.0,1.0,1.0,1.0,0.6283785879007696,1.0,0.8778188863284218,0.728312770352381
SAMPLE_03651,0.8515785412725305,0.07375648688472106,0.0763129270016198,0.031161847681304217,0.13054173062090974,0.2703763483139589,0.19340480861257617,0.12031955504806158
SAMPLE_03652,0.613856287084288,0.4932498291007936,0.4198186048316097,0.7444697154748678,0.17835172983466194,0.33641448767147847,0.211917996059909,0.18409458071973409
SAMPLE_03653,0.8007786634593179,0.3437418483046055,0.41938816601675305,0.2597690119057266,0.5618711351992379,0.2440040851639895,0.14052800789376169,0.37708946498437607
SAMPLE_03654,0.4972392630229715,0.635245690217335,0.39821726307002814,0.9566635620016385,0.26760809893216797,0.15725430937568713,0.11525379207174624,0.4367091349348571
SAMPLE_03655,0.9221771095124611,0.13576121160964927,0.31076869839229915,0.16859230665490216,0.3959194626482197,0.34758586252825263,0.2196680780423433,0.34827343523911664
SAMPLE_03656,0.7258939450192614,0.48619371808368256,0.8236171083029713,0.5673676949937794,0.9262237151841668,0.39808063465646293,0.2694614425741083,0.9455521538370086
SAMPLE_03657,0.8517817661791669,0.07382480800529344,0.06417496253807174,0.08168145316741252,0.0759543807750926,0.1973264071301206,0.17009072122952718,0.1245364954496625
SAMPLE_03658,0.9267786055031006,0.24194008259253616,0.39884165302763175,0.16040639417776112,0.3327814600926201,0.22816847581310198,0.2216770900092757,0.31085907800832546
SAMPLE_03659,0.8733804933668663,0.387412016862973,0.36484724322416695,0.5495743270953323,0.3002570262989348,0.5256653011453479,0.30401434178887493,0.4198164622797123
SAMPLE_03660,0.8861803652715562,0.17508262090889073,0.38943830750436836,0.16726086479470045,0.41647400526578765,0.3889696526671714,0.18888876473724214,0.39778153628875523
SAMPLE_03661,0.9341801402153354,0.03986953384403112,0.042434503773413595,0.00820605697917676,0.0505882650643043,0.17740090072007364,0.07387344374895892,0.06213528625394858
SAMPLE_03662,0.20695157588004776,0.10201899630528327,0.3509174852484952,0.1417634420714557,0.30572840394220085,0.149276805841644,1.0,0.3262551986793343
SAMPLE_03663,0.7295044662443817,0.49896075211986884,0.6383731414287253,0.7636655323114107,0.7763739769817307,0.3664975980629901,0.2609949315511893,0.765569131043832
SAMPLE_03664,0.9537794850324451,0.08040510931832312,0.3039726450931032,0.12793084573442523,0.16263263347179951,0.21639949317017645,0.15437325271139285,0.0810199092444172
SAMPLE_03665,0.8743778641393838,0.9092711450743934,0.9771648209082621,0.8598872883797292,0.9835602883748182,0.673648414158298,0.4400432994378837,0.9741143867886931
SAMPLE_03666,0.5607992238239974,0.3564385907210771,0.3073061516676468,0.8261488005507622,0.39036969246177083,0.39744152793368626,0.16567706941426885,0.26739651976866924
SAMPLE_03667,0.7659268204431474,0.5702482219406163,0.30881587437265406,0.7857762143712408,0.6115071267133322,0.16865595030640315,0.1734434783275787,0.5616512476425413
SAMPLE_03668,0.4709877692163923,0.5019472067462574,0.2106743858733445,0.3637742495716302,0.6571321740570011,0.3065977697978673,1.0,0.6090938287636993
SAMPLE_03669,0.894580935395886,0.271321717621157,0.19372776164547234,0.1990709665930125,0.20560998530704425,0.39226130225262085,0.1794920619060434,0.2030340728171994
SAMPLE_03670,0.7437765665101098,0.09472052876805404,0.09678315169505257,0.14108198566900332,0.03590720601273228,0.2404388441096693,0.3898628252988455,0.05164753722602198
SAMPLE_03671,0.5428949396923727,0.5463559975154237,0.3185117735285234,0.9132363327075529,0.7614611104826432,0.1468583415649661,0.1110313348642145,0.4227820663237313
SAMPLE_03672,0.3577975792122571,0.22858300870310053,0.16782012359846893,0.1533889333274571,0.414128853390382,0.18946379425603468,0.16024188672294393,0.582903539436336
SAMPLE_03673,0.4991946066634316,0.21805095178960493,0.30079506228605035,0.8506017149406447,0.2019789448247206,0.0902698432973189,0.09586330976977911,0.25044833549676626
SAMPLE_03674,0.7439704033548477,0.4124213673836039,0.2552087218607991,0.2543653359767805,0.25124753304959824,0.4928439805499994,0.19996928789793944,0.2324722950774142
SAMPLE_03675,0.8967796543005953,0.06732746825485887,0.051187814101545714,0.03688679486065008,0.0228979138169046,0.3189495701655674,0.21345623657404847,0.021757687346313
SAMPLE_03676,0.8281713510544136,0.19507179659370164,0.43451679929516956,0.16213255104449628,0.29626167006367055,0.4403582208817819,0.31367518471068495,0.20245016800760512
SAMPLE_03677,0.8471734758329317,0.2549074077111377,0.47326336650711404,0.1627132430820885,0.39565540171673874,0.4401212032188815,0.3607754330062424,0.34677600618530774
SAMPLE_03678,0.8297783862425219,0.5209083513575319,0.5530526922779859,0.8810350943805983,0.6901544864318847,0.5641466106725691,0.46322607058543463,0.702706661910267
SAMPLE_03679,0.4241365141495381,0.21134101286410828,0.5818979796461664,0.7400917744703374,0.9080776476075836,0.19203575158055183,1.0,0.8970160487144402
SAMPLE_03680,0.9057773616994368,0.13276181339409657,0.18466835906104792,0.1825289270652335,0.068414216438629,0.20628871125461812,0.24580876272304367,0.08660588111113054
SAMPLE_03681,0.749964393258062,0.3028621410249103,0.23339741853312448,0.9506715551718894,0.3114601113211944,0.44496240727695535,0.3053583044084833,0.3319628359196393
SAMPLE_03682,0.5306864041430862,0.31433990670557693,0.29046501349033055,0.28543463573619254,0.479810007896108,0.25115123037384657,0.18073525433675264,0.4107862905454254
SAMPLE_03683,0.8905751723669718,0.5337586127914776,0.2088634771758125,0.4907470673362281,0.3028935359176651,0.3528393123690859,0.2710422334392297,0.14106487077982685
SAMPLE_03684,0.9051680422969249,0.10470862567567243,0.11595513691314231,0.04138121518376572,0.0923251253489608,0.3801169889355574,0.23816130569812333,0.16416233013996712
SAMPLE_03685,0.8091752618287416,0.5119058748850324,0.5604878153241323,0.9178685944796263,0.6277448273727888,0.6040138562864278,0.43339356170802634,0.5288749120440647
SAMPLE_03686,0.7470049639784383,0.6284742022822836,0.4682574786434405,0.9110663932793713,0.8732239729905115,0.41902461125031615,0.27911261196420595,0.5611230546986652
SAMPLE_03687,0.9097806393003011,0.1703531372321116,0.2545797358369785,0.09116269278138879,0.23900501926218307,0.2882736553689844,0.21913489179307594,0.14452552379566225
SAMPLE_03688,0.8501792817004249,0.16736980053373895,0.17535830262849095,0.05465583726595358,0.2199138017700058,0.39327543245572133,0.1917404652483253,0.21420585384791835
SAMPLE_03689,0.7331080647922088,0.21034544400315494,0.1532883691293183,0.1020057975258787,0.184333997466335,0.23962733767847544,0.23746134294308466,0.16991020130137016
SAMPLE_03690,0.6811800742729489,0.13291470215615095,0.1293851776352576,0.13964437765849527,0.17927633139206633,0.4265062951781634,0.290919388319365,0.1809548064108156
SAMPLE_03691,0.24233318255245104,0.4890232627817038,0.5460659304245263,0.8851607955986226,0.8133119925132325,0.19006898726128635,1.0,0.8114113775358623
SAMPLE_03692,0.7789716108023155,0.2794121850486349,0.10472888814347932,0.2907146613451107,0.08668879098292548,0.19311256594140563,0.14912095015834498,0.06700425949552376
SAMPLE_03693,0.6565897720637038,0.7982973346851652,0.7272794830719127,0.7745712978950618,0.8257277620195727,0.6287677008478493,0.6327529997775743,0.7089463606922438
SAMPLE_03694,0.888577481008147,0.08891195219608031,0.413745141426479,0.13595310019593712,0.29602927301175813,0.5307231116657575,0.28243815791280336,0.19963109049677252
SAMPLE_03695,0.914379169174884,0.0659406000137277,0.27461921830373187,0.11766870361882444,0.20847253798964144,0.23425643511413546,0.20503065973287043,0.1011388577997195
SAMPLE_03696,0.5374977234847766,0.3030829356542236,0.33798693261024165,0.842280296917693,0.5132730245377054,0.2761944061665576,0.2895188447022011,0.5143240030492857
SAMPLE_03697,0.43897964847922744,0.25785560717648415,0.46354410705109794,0.3349189055195968,0.27919716078022083,0.4389037513792585,0.13148261662736851,0.18789398565501864
SAMPLE_03698,0.39053258171445016,0.4405391966104282,0.4047724882771327,0.15871053213370187,0.6110580741808215,0.11507447404326927,0.08184337074183318,0.6421928692435436
SAMPLE_03699,0.5611962917488472,0.6147039371625477,0.19857250128292622,0.9151042667825741,0.22032534400755566,0.13567522020085737,0.09985650949000742,0.3098558689599139
SAMPLE_03700,0.8071765917272563,0.1665844897206007,0.2613784056753032,0.3365359427468619,0.21738503190908778,0.2958619036476393,0.3872915901530755,0.32477018535466307
SAMPLE_03701,0.2975433815559091,0.4165891693208232,0.38313669348414836,0.9511335182054389,0.30129490226562805,0.3592347179523181,0.22322666729215254,0.35602873181950606
SAMPLE_03702,0.9171769689266794,0.5948146213791415,0.5671018080591421,0.3468137650932275,0.5262213703595737,0.5910084646298918,0.4543444077099216,0.49845257301587115
SAMPLE_03703,1.0,1.0,1.0,1.0,0.9750049760116064,1.0,0.8744407578941141,0.9738793782361529
SAMPLE_03704,0.7711763656420556,0.35518796105781525,0.5168489157413029,0.2527124093772456,0.7577709624691737,0.5566273767229382,0.43361777040852506,0.7773437323054984
SAMPLE_03705,0.7395077215741077,0.6710954458157662,0.48847124848425466,0.940788427623984,0.6269405729368231,0.26550458037137403,0.20938532643108043,0.5328087485744999
SAMPLE_03706,0.5658679280202937,0.5480211823900969,0.3412029839191706,0.9672477724171413,0.10822516327841185,0.03264381130247422,0.05503111940893465,0.24379638044655907
SAMPLE_03707,0.9165794069025661,0.2538723789815809,0.1579780733195792,0.14520679958185012,0.14794069685759523,0.31590338449955846,0.19037178706990385,0.09633412364204215
SAMPLE_03708,0.6294016599262735,0.04413037323267368,0.1971818828569282,0.08787125253070929,0.2943493399712532,0.19148823889819644,1.0,0.36430404928954724
SAMPLE_03709,0.9203792608960364,0.7750194981438294,0.1389685289844409,0.5419267594579994,0.0915034331908258,0.2836864527667659,0.16519468101449158,0.06960590445075132
SAMPLE_03710,0.8767812865015362,0.08746227402426521,0.12546741917882323,0.059359150113691216,0.11583901994774964,0.28459346502297644,0.23951893497465349,0.1067994286024736
SAMPLE_03711,0.7417246070326468,0.8513609326861118,0.5240033218815554,0.9367621804257865,0.8113993686161529,0.1764559854842,0.14524453973043716,0.6503297896428898
SAMPLE_03712,0.7319385666160029,0.48496938451488736,0.3647014650736189,0.8894519101902376,0.37491757150654687,0.33311529058753414,0.15134020011418248,0.30326558507137047
SAMPLE_03713,0.8599811148832046,0.1390358256112408,0.13569981642296375,0.09203297665993496,0.2427817770127266,0.2316119550342537,0.14131589675027698,0.11035035909474893
SAMPLE_03714,0.8371756743459055,0.4049902004053157,0.7834878413213433,0.35807056915685764,0.19820625360825783,0.5460535031155731,0.38833889623393486,0.47617506037405005
SAMPLE_03715,0.8703800075946025,0.546170280283729,0.20750353537651992,0.3639185714028351,0.150405038711605,0.18412034559640725,0.1167855565458803,0.28129837402439856
SAMPLE_03716,0.5381277929031357,0.2644238779559971,0.3813218627299839,0.972669149898195,0.7582257616255794,0.1328827333558419,0.11008232548360461,0.6722806905426195
SAMPLE_03717,0.8857784041410046,0.055324242596770316,0.10818208999840093,0.030594593863973278,0.022819459459516758,0.18932055967915418,0.14009580911783795,0.056784393745956334
SAMPLE_03718,0.853179127637738,0.1589533435314477,0.30096066655471587,0.120785930081413,0.19555807716593843,0.21103355584696876,0.18418509728217616,0.1077304913753975
SAMPLE_03719,0.6827603497565571,0.3914878376914899,0.5122830751275297,0.7379549377607951,0.7643029062769584,0.518878404502225,0.4310101554624478,0.7512266169348047
SAMPLE_03720,0.7959667569592017,0.41799093707097285,0.5009523569168652,0.3018062215846277,0.28396210449721965,0.3106051304486481,0.12690879269658745,0.38420274588289194
SAMPLE_03721,0.2903617315801704,0.13003483010681358,0.1651900239887829,0.034413269785529,0.2424591822873607,0.1726934630337235,1.0,0.3133816401504789
SAMPLE_03722,1.0,1.0,1.0,1.0,0.6411443587524375,1.0,0.8802387146346434,0.7636389948884659
SAMPLE_03723,0.1329358220001355,0.1754298026690186,0.07774888702617949,0.03031883602715826,0.2913901969937544,0.10927323917656988,1.0,0.3606326693180777
SAMPLE_03724,0.6079479944295199,0.22660404806976048,0.2863699146680401,0.8804911548946116,0.7912612643860313,0.24951368316756853,1.0,0.8259234698568272
SAMPLE_03725,0.5245331270360485,0.40959407243618823,0.321859954558898,0.8919726824810811,0.5205936767429329,0.39802064888904254,0.1690383781876837,0.3060701120315204
SAMPLE_03726,0.6784051847499586,0.3146207239380637,0.6001206446306847,0.8703170603429224,0.6035812362434458,0.4227367522346838,0.3478005519479144,0.5819603896945765
SAMPLE_03727,0.7131638598700942,0.5972473558006243,0.31285340745158924,0.40533773106677135,0.4387880543020018,0.3948549832477348,0.3400587308041701,0.3249953662067279
SAMPLE_03728,0.5828799351853885,0.3330949379734638,0.26148869793672075,0.7549779586069124,0.35748086880696894,0.25257484161220267,0.190055773799139,0.29544583569140215
SAMPLE_03729,0.5906947783946446,0.9325949206319232,0.8839131549995979,0.8952576459429581,0.9588774295510304,0.7654469732806121,0.09005583137211684,0.9768190539259326
SAMPLE_03730,0.7247107015554184,0.6506212962946706,0.6311070861911342,0.6238211123570292,0.8875545025473898,0.2696901268789169,0.30102561590001725,0.8041993656047198
SAMPLE_03731,0.7915655692479886,0.2430551960617795,0.3375517020904446,0.21311122785714293,0.33647842383200705,0.42211843180425873,0.296354819846428,0.26767241358243066
SAMPLE_03732,0.7268803364620914,0.10203386089312232,0.38997700845583094,0.48008604929688853,0.8983944192205269,0.07263900416034288,1.0,0.9326248653090992
SAMPLE_03733,0.22224800399664785,0.32247131416048,0.14735139896080998,0.0419535765471987,0.6258798576746007,0.28309507766248654,1.0,0.6709600289294237
SAMPLE_03734,0.7605632029005838,0.6497434783531049,0.7396783998701035,0.7927837527919133,0.47137800943038416,0.5146746457869248,0.3617244224267082,0.3785422228828411
SAMPLE_03735,0.7358765077362583,0.7095081341003537,0.4660700872720464,0.7874567743173408,0.9618480478969675,0.4026357800644225,0.22028412688094146,0.5392918077683097
SAMPLE_03736,0.8597716344043242,0.5846953144698499,0.416793638683755,0.9090413751670046,0.3077226295002126,0.49916989765151226,0.31893987058199674,0.4164727132189593
SAMPLE_03737,1.0,1.0,1.0,1.0,0.5288404201782951,1.0,0.876408006452485,0.5956700152979121
SAMPLE_03738,0.8695752827901189,0.04070340319231056,0.14565508469718205,0.04936145117501504,0.17140701089234991,0.22341205440768871,0.271583966433538,0.1478497502560642
SAMPLE_03739,0.8537790248777231,0.19627840549583273,0.22072944841032074,0.20741833545418398,0.09699953361140215,0.4938391216340206,0.28899441463652353,0.23064084015512987
SAMPLE_03740,0.7299049375247953,0.5944860977412469,0.17871241633561308,0.35103695943293844,0.04732811236848198,0.32613234666357865,0.36333234865141484,0.07603590292482992
SAMPLE_03741,0.7583586235989591,0.1240853553090179,0.22624826547093957,0.10133825795870526,0.19806817065342877,0.37811482516134604,0.25470323540315176,0.17279214400305007
SAMPLE_03742,0.8049740333199221,0.15063310901497154,0.08162855256879516,0.10431510453701304,0.12275425494359908,0.3276302245311792,0.24070022989031806,0.1783950324766562
SAMPLE_03743,0.38523405945643885,0.3795466725303987,0.4182995496819224,0.23074423405344716,0.6551721714392394,0.11947698102529386,0.048038750354104154,0.5758299687303379
SAMPLE_03744,0.3993940828450451,0.4555709922443032,0.5471730519702109,0.8044975371473334,0.7210901233276148,0.27308462954036045,0.21506850546802603,0.7173400222918371
SAMPLE_03745,0.5501215856694589,0.17549598963879884,0.1730369046665754,0.7420018362629502,0.45389360199154727,0.058836243456665244,1.0,0.460954445130498
SAMPLE_03746,0.8655791251952888,0.16073882106215134,0.25938144527122947,0.16959532579528394,0.14832154181604768,0.3241017276482679,0.24617478863025877,0.08425382321878296
SAMPLE_03747,0.7635331135005382,0.692927329177428,0.5911786231511733,0.5013063617742363,0.4500037566070478,0.4209459841339903,0.3724882507527362,0.49570280360474284
SAMPLE_03748,0.3279063793944865,0.09957525355062914,0.07857273484721103,0.07514928808430908,0.31764656064407326,0.10382242759141064,1.0,0.3366913357175483
SAMPLE_03749,0.8015705041243565,0.055985748019213154,0.3214550353355864,0.11974201265312004,0.30803010601700603,0.23254954451087084,0.16390009062188832,0.14472024924920995
SAMPLE_03750,0.4980114874162847,0.5670269415501874,0.5417344830529685,0.8404693138279309,0.5165947624167614,0.3492748715176607,0.20172703943694573,0.4699265365387216
SAMPLE_03751,0.5714464524038819,0.03184588219517834,0.11516636683848114,0.06879225236404121,0.6992124177385437,0.0198417086417976,1.0,0.7052637496979047
SAMPLE_03752,0.18396733464720788,0.01064518939512626,0.05182478437581816,0.05099449923084272,0.27707342157523707,0.09490499980034099,1.0,0.3024002547467081
SAMPLE_03753,0.2673794755009551,0.07347450877404155,0.13526919645797653,0.31880991703531075,0.17278932571322125,0.08104567123956372,1.0,0.1692303596398569
SAMPLE_03754,0.03174324189506802,0.2913369720960978,0.06375845703062223,0.8029422910165376,0.20403751822375876,0.23065887113662598,1.0,0.22454506948499658
SAMPLE_03755,0.7713582192309455,0.5156676169042964,0.715932570998027,0.5385114031673937,0.6308816800429866,0.5506504878126269,0.3894538970061528,0.5624405273259528
SAMPLE_03756,0.5318558701030209,0.3768851225444489,0.16377452559575645,0.9081372773612131,0.15015416054716058,0.14433288613483225,0.14547121804430677,0.27367998064263105
SAMPLE_03757,0.8679793910391826,0.22109864623229125,0.1928896851527047,0.24220162741556434,0.4836575009323672,0.32343617238502226,0.29811494451051,0.31560572454941904
SAMPLE_03758,0.7017592905022357,0.5984779041491344,0.38722144960967153,0.8220019847129033,0.28532015507461256,0.44561396042495316,0.3349449172555376,0.3198060741652266
SAMPLE_03759,0.8571809058391532,0.6987320843786439,0.21770564181444368,0.5077050667892068,0.2022472281788215,0.2310776406773914,0.17707927312763758,0.20270008196781011
SAMPLE_03760,0.7150408018330261,0.8237653859209991,0.7430881865561113,0.8516027661624943,0.6741651434927328,0.3745040221630335,0.3735941239061174,0.6937047745971204
SAMPLE_03761,0.805570917883653,0.31547541134411683,0.1554346113779039,0.2541602775789026,0.25397021835713063,0.4304713022085227,0.27589521667568173,0.22762284917453518
SAMPLE_03762,0.590412020954528,0.36704638621398733,0.19653906542519037,0.33665399555257147,0.421938877433934,0.22324921974274883,1.0,0.4089222639925059
SAMPLE_03763,0.7087632347212677,0.198581728525657,0.3390331118863051,0.1495795553380237,0.40413211991396514,0.4653164457175903,0.37576214873829056,0.2847323219581006
SAMPLE_03764,0.7755682480720983,0.501459199410935,0.27768032871599085,0.8951965765611672,0.13236530622899242,0.45689897537281987,0.3958554778949171,0.20871248117316132
SAMPLE_03765,0.7923759416545755,0.2208919725098649,0.3368226614518176,0.2568670152354695,0.15758397304150082,0.41626633660311557,0.2697478475054246,0.1276083536179239
SAMPLE_03766,0.7627733770542529,0.6813950099416073,0.3140324697774095,0.30728112119171946,0.3368283503082741,0.2769946721959972,0.20266442772186613,0.20128233256161676
SAMPLE_03767,0.8421791382167128,0.13957732131150044,0.24192246042437446,0.11761912798500557,0.0748456498892412,0.2659758311855451,0.23771249572970843,0.17592923786259343
SAMPLE_03768,0.28072602362764487,0.08698253454121783,0.05126303823413162,0.850930091345205,0.09315278147368947,0.20388704483682205,1.0,0.10382381825660782
SAMPLE_03769,0.8885785914380805,0.050273842770686195,0.237346209724085,0.024164346055631898,0.06103940438911052,0.3203078123286953,0.255585207019791,0.05450421301410562
SAMPLE_03770,0.2352761334083957,0.25922381144414725,0.10189380342771452,0.9139435017932344,0.3426634010729424,0.24047815366659625,1.0,0.3915739988244896
SAMPLE_03771,0.7859759695772505,0.18089617677792863,0.24219194115481946,0.186116451844162,0.2520869694713593,0.30328691929729756,0.18346764136487168,0.16874529123645543
SAMPLE_03772,0.9167693184357367,0.1969328406670945,0.4172937707167761,0.333303814561726,0.2148027643727267,0.43017781209949896,0.23715372702561144,0.21825352525581596
SAMPLE_03773,0.512385590376215,0.4378774616033635,0.2569318746016002,0.9264602130887026,0.4527380996232838,0.2386848533991495,0.1455219400989459,0.4011146780710767
SAMPLE_03774,0.5499255922463547,0.5535430670162639,0.8595029614735468,0.8852554362272684,0.8822129043573599,0.33516351796649135,0.287396231561365,0.9093384301788517
SAMPLE_03775,0.905979583283546,0.25011831930169126,0.33760929001971324,0.3563743285917341,0.21051054421079415,0.46371558103394955,0.3309092076576266,0.31733809784838746
SAMPLE_03776,0.7385751206830431,0.2453675463731842,0.1338915958936763,0.04092738923211362,0.18598665768820435,0.2022022769127066,0.30336931523912314,0.22957371237004115
SAMPLE_03777,0.5806931600247214,0.3249848224856039,0.0433071670252196,0.4695831863724991,0.18824892633256782,0.1620462633312127,1.0,0.22421482173915844
SAMPLE_03778,0.7505652222832355,0.1796627173630644,0.1996068981180668,0.09918152140269432,0.08932327359600915,0.44416353498927963,0.3053984599891187,0.19598453734736557
SAMPLE_03779,0.7951797655055355,0.1650569785858231,0.2847506044707537,0.1007441747247632,0.32615082443685844,0.36577326873893234,0.26215975216335313,0.2641341026257004
SAMPLE_03780,0.6383177217597573,0.41903383036020775,0.5505154815061823,0.9159310946900254,0.4300737064779596,0.6381150328167984,0.41221540193816164,0.2917297418229369
SAMPLE_03781,0.5747786658515391,0.033723059310420515,0.23702985635609194,0.7773826174145593,0.7755341731908797,0.09485098986264116,1.0,0.7796773655802198
SAMPLE_03782,0.7311010989308752,0.6548231418784991,0.22914409634461508,0.8410786488464165,0.7429412976574327,0.30299067176221967,0.138038694635705,0.5917672037598035
SAMPLE_03783,0.8269730939428526,0.37486615928971606,0.2882399573457824,0.1692716846067376,0.22278739896631006,0.453673100636952,0.18276987198561492,0.14097555441312182
SAMPLE_03784,0.8785768243060565,0.3110756960412371,0.5341335642388422,0.3469548598636093,0.3483133755926225,0.4212319498645411,0.22181644479451904,0.19006092027171173
SAMPLE_03785,0.9139812779168885,0.4800093480319602,0.7159166778649779,0.7683970136201536,0.6941280102071555,0.26978896508965555,0.18401062259168224,0.6498781071318358
SAMPLE_03786,0.7498912789890869,0.5791381936300354,0.40809410394686646,0.9105718436210464,0.5259382922423479,0.13126388080491244,0.13724437637524767,0.5976053314277829
SAMPLE_03787,0.7757847745499259,0.8025690616183542,0.4054291178317062,0.9602124045190505,0.659342217350105,0.18266721925118645,0.08923338137866724,0.36544763510090306
SAMPLE_03788,0.9397781371452402,0.49983570036141295,0.21760118809630713,0.2991833541794935,0.20608753421808115,0.369693515463773,0.11327913456591995,0.15175078047321522
SAMPLE_03789,0.5915267202986133,0.4067407947552955,0.4973244846231756,0.7551505358804664,0.6844237475464237,0.40757616835587895,1.0,0.6490968551077967
SAMPLE_03790,0.430884176593119,0.4543242668607972,0.2527402895012692,0.9767732899040126,0.46788108615843493,0.27322786678882083,0.11884446621911686,0.4661121356616968
SAMPLE_03791,0.7845773349501698,0.027908685013251236,0.15636949295976327,0.01142932652535324,0.1500556100570526,0.46368513508848425,0.1461163557494054,0.09361816806606393
SAMPLE_03792,0.6965537455483797,0.34085373260058033,0.1386100042729872,0.4784171228171232,0.23162661884644276,0.48748901473244005,0.4197256879741418,0.2336792578372536
SAMPLE_03793,0.5340173342490795,0.27377429802813386,0.588345049952796,0.9383715704641598,0.6236050023758518,0.2525364311399393,0.1889104356334339,0.7549397309528124
SAMPLE_03794,0.5335767721048738,0.1013201134826493,0.6740158973533388,0.45648371926208653,0.9014122662612849,0.37279036975985774,1.0,0.8543806206727346
SAMPLE_03795,0.7226345306449768,0.6228658933541673,0.8464532210151523,0.9185614765111593,0.9075691237286463,0.61163712967837,0.8543191476665535,0.8995619851641787
SAMPLE_03796,0.8541767806163508,0.8696864418266934,0.9588711333920366,0.7960554428534735,0.8214818269916389,0.6362433698086966,0.3243211933406408,0.5775917799244151
SAMPLE_03797,0.4660034931367816,0.24634349236074526,0.12463512140758944,0.8473069234237656,0.5098676252127629,0.12946273523421906,0.3947754796292208,0.44049898691775347
SAMPLE_03798,0.763550519954461,0.33554607115934965,0.23761052799044785,0.10839002022486659,0.37903781726883684,0.3092759363434264,0.2714503887508779,0.3162081526242602
SAMPLE_03799,0.7221673036168778,0.45624971007398957,0.1048989874409381,0.3800292208791393,0.01843014583645298,0.3360733356110268,0.30228911451641044,0.03114163583351062
SAMPLE_03800,0.4738045820791142,0.574877256097753,0.19171509983427196,0.5197265415682405,0.7501138969426874,0.3160829154291015,0.22540497407046153,0.5779093947983056
SAMPLE_03801,0.0735879359106777,0.08914215241598317,0.01561677556757236,0.03320739671771862,0.3582489865605204,0.07728200234505239,1.0,0.442887447619776
SAMPLE_03802,0.19493376582080363,0.0825801646390889,0.26014267835595173,0.1767834807622081,0.7864817722651875,0.11364610382575882,1.0,0.8542180417645819
SAMPLE_03803,0.79376444254915,0.4565280916525522,0.4849671805324196,0.374977259923819,0.6969973746251967,0.520925715211135,0.15689935569213767,0.5230248919987466
SAMPLE_03804,0.5770323819701756,0.3487271821025286,0.12920335660755142,0.9392463886561129,0.3376702712377521,0.37963568362795175,0.19445666322380284,0.17057297448194084
SAMPLE_03805,0.3834025452513574,0.3481690748432669,0.47522915905586927,0.22679058245898992,0.6931343731947629,0.2547738771592022,0.08966085575305294,0.6981802162970632
SAMPLE_03806,0.7601286587679918,0.5338730781931205,0.46939083537049275,0.8794969388917384,0.6632355167983678,0.16629341626917293,0.2967105409818903,0.6714537657210162
SAMPLE_03807,0.8361778991759213,0.13054046065698052,0.1822942498773513,0.0959346865929002,0.19433309907132432,0.36606954986336354,0.14147621742795102,0.2022866691123285
SAMPLE_03808,0.7559719424672695,0.6014073298639085,0.6553426990523642,0.7456482217887582,0.5889462881732614,0.25732847704624134,0.07205380316700648,0.6019941646593631
SAMPLE_03809,0.6205431159916943,0.4923143602529094,0.21847624860325893,0.9714823230946715,0.4021113090036456,0.2882332789925904,0.15748219228182878,0.3056416260100204
SAMPLE_03810,0.7715499507356787,0.25045233055673244,0.17320784742156028,0.10835013511006683,0.1678642692689714,0.21175999539518572,0.2175212578076948,0.14341777929867922
SAMPLE_03811,0.48379243283034723,0.19566878166176993,0.13208038791700832,0.3318700908575113,0.2985226431016093,0.10243749842253437,1.0,0.31999336119022836
SAMPLE_03812,0.6749591260333268,0.2922452476672479,0.38738513988660467,0.886686442364108,0.3693987433404185,0.5167274846938075,0.39868666686943677,0.26064440704551334
SAMPLE_03813,0.22065385775658578,0.015668665090730758,0.17361460105220566,0.11222006601504775,0.4444652646210183,0.03888292362527127,1.0,0.4995531193634254
SAMPLE_03814,0.8317750414493503,0.37270839491427693,0.31556378444948785,0.33671496001028245,0.1212949915290528,0.26770639970704146,0.30955081556729513,0.13103676108852527
SAMPLE_03815,0.26728705305764233,0.08177232109261612,0.05959477285831395,0.05451310373518856,0.3778736829984398,0.05145950457915344,1.0,0.272178585976721
SAMPLE_03816,0.7515625394296315,0.6012154002662571,0.6410508955526769,0.8332115661727452,0.6726909038686427,0.5109935763515908,0.36130938901169446,0.5609947368680934
SAMPLE_03817,0.9145801045414547,0.7983777495236685,0.781438774869098,0.7255278865471579,0.767551304902379,0.5877503907673431,0.35307011656688486,0.781505669041526
SAMPLE_03818,0.8643763572448472,0.19759633266421872,0.5205049346528251,0.32250703368893013,0.12031136730412079,0.2915256859069347,0.30851889313541236,0.1884399423029117
SAMPLE_03819,0.7709630347867255,0.4107991715630387,0.47617307562380506,0.7401980175817902,0.4571922235547766,0.4513395254171653,0.39268373673307494,0.4201621417637766
SAMPLE_03820,0.7199720443984658,0.40816864611412434,0.24778212613283299,0.35498534088814976,0.26352917477348,0.47161326714160995,0.41630020164598125,0.23554409709482477
SAMPLE_03821,0.2896562020613219,0.2401699740250914,0.159520133131521,0.13026814964796815,0.4570482459311278,0.20185975042780108,1.0,0.5495544422987151
SAMPLE_03822,0.8337799616472877,0.22387733827297138,0.13570862779105372,0.12316662963071177,0.07801156431179371,0.1786008613778624,0.054262078377674335,0.0666309359380642
SAMPLE_03823,0.8677807434885854,0.8288751688159122,0.07706541510534604,0.3747044474520309,0.16316105279882837,0.3050007841863776,0.2439605106100869,0.11536451181239556
SAMPLE_03824,0.9035762375926885,0.7724465237641275,0.8074961315888217,0.5678341450664477,0.772410848135612,0.6162275204896521,0.3709503927225917,0.7448833860897282
SAMPLE_03825,0.8913790717913233,0.05205046726426454,0.1400922232873915,0.040691148666226556,0.09214615304781386,0.23981107581037547,0.18168584600001544,0.1567782069309756
SAMPLE_03826,0.4684743195256517,0.19152228053690998,0.37506953003144855,0.9453335532562319,0.2486911971924364,0.3243295811755451,0.2871942497140926,0.35299985268726386
SAMPLE_03827,0.2619014500061113,0.43297728781500405,0.3066648964660798,0.7712037923637188,0.3093851217324664,0.266487362450959,0.14273765007320866,0.30277020194567217
SAMPLE_03828,0.8287760957298739,0.3100159682134632,0.5662064501303502,0.32106527724886036,0.3917731541246138,0.458743196515019,0.21669503053656694,0.42686781259041906
SAMPLE_03829,0.8773810423656986,0.2608342932422966,0.2925507455363346,0.15195942712005184,0.48032957826929484,0.3825462188706393,0.25695571611544493,0.4298351464129429
SAMPLE_03830,0.6129491492243748,0.5112399737389028,0.4594695711075728,0.36320147673768444,0.24522453845063377,0.08809107778043376,0.06665113641521048,0.27776034431167756
SAMPLE_03831,0.9335773270589844,0.09882793575528749,0.22721955230688062,0.0992566593132582,0.2185044229769545,0.4556413928596133,0.2881825173089643,0.17815638500011985
SAMPLE_03832,0.7622977645523188,0.14111893602880562,0.15183151193551786,0.12410157559242518,0.039700541140866956,0.2714351652891117,0.29858027406211374,0.03914578209418864
SAMPLE_03833,0.07817191722180701,0.01735756929891906,0.012130243086477,0.6574424752289235,0.3127803530881698,0.1302466132803112,1.0,0.3894766441924358
SAMPLE_03834,0.78495872030402,0.41761353110115557,0.3908273399014643,0.45042670747113417,0.32935838962122693,0.5222954048858875,0.2709599346949412,0.32099343062619307
SAMPLE_03835,0.2744903442614736,0.1268983534555448,0.06797631231365166,0.8383413720525467,0.07309895661813912,0.17623527695443672,1.0,0.10153286523195643
SAMPLE_03836,0.5999649455054732,0.38665730903328466,0.27984301663667627,0.9680258425632111,0.4365380816917546,0.08625615585405125,0.040840561524158936,0.3800694238573066
SAMPLE_03837,0.8993789589464489,0.09345085970091534,0.17458771301832487,0.122422110919867,0.1312541093518969,0.3598425837731768,0.22837280768036494,0.12878556155886609
SAMPLE_03838,0.7849794893650758,0.5036354896244787,0.25701267781652704,0.8601150451360456,0.21808906201159262,0.407787613807418,0.2993374488928989,0.2375631083327913
SAMPLE_03839,0.7139023919348946,0.7155831873864129,0.7843259323965973,0.8519984118100105,0.8237099404527608,0.36313148528779315,0.18695838826984398,0.8366508751355204
SAMPLE_03840,0.2279926621351272,0.0972369026794574,0.12175938276224581,0.04100084059172944,0.5319101397954047,0.11405500525604237,1.0,0.5795916675008016
SAMPLE_03841,0.9233809801333046,0.35487602835307896,0.4117337117833853,0.33732926049570433,0.33817410035442663,0.4256712894205177,0.19630937602461498,0.28775743084985256
SAMPLE_03842,0.027897934084127243,0.00660767340750472,0.01341442639575734,0.00506659121770824,0.18577474851384884,0.08147432033321583,1.0,0.25746600987345397
SAMPLE_03843,0.7424612819099952,0.6118058411796262,0.46820121622943817,0.8691518758654401,0.5818451278890794,0.2515698698688986,0.16126445184472785,0.49060754317531396
SAMPLE_03844,0.766774886140468,0.44842799180776155,0.23389946270215328,0.5883257647976746,0.14756247493493643,0.2277472281349315,0.24387856001106123,0.1400626504174083
SAMPLE_03845,0.5785651819932071,0.6978809721493373,0.34954839332262794,0.9600677066134864,0.8520176236419612,0.22270334288590854,0.16426005121132184,0.665322939734841
SAMPLE_03846,0.8923799487569642,0.2681147309356948,0.3615120100420939,0.20551985385198362,0.21406444490539311,0.265511822513168,0.20447833620543382,0.19295110608102078
SAMPLE_03847,0.4247691325482043,0.6208565102602518,0.37197113426937223,0.8802809461252236,0.700822780681991,0.12585837557400337,1.0,0.7160454146561136
SAMPLE_03848,0.8047773115729691,0.1579524600592892,0.24693961390098176,0.2792529528690868,0.2480422818721326,0.2227535912337698,0.13631536198752037,0.11069143648209027
SAMPLE_03849,0.22018619260887418,0.23546986646648435,0.21353630999724188,0.5597735926207321,0.7699505376005469,0.08925908834649876,0.11524643679736524,0.7940418219754416
SAMPLE_03850,0.6249123481844411,0.02856280867744978,0.4259976869175323,0.25454486078302113,0.7119309607161404,0.12935747498056976,1.0,0.7640758692719652
SAMPLE_03851,0.8475637198247595,0.3241401979061747,0.32762115353803006,0.35377461986661235,0.36204024237984145,0.41114078465151876,0.27742281429399474,0.19889344699212988
SAMPLE_03852,0.8763777937256814,0.2648755329610772,0.2189081502275313,0.13034961412992374,0.31771731296901,0.3799218569423439,0.3329758172845581,0.297738806737123
SAMPLE_03853,0.7470175016795152,0.5885464454829412,0.7458656854803822,0.21489086509429783,0.9177357374222769,0.4081032750340446,0.19092877687877727,0.7876712618618258
SAMPLE_03854,0.7351628057433481,0.5600952674727337,0.32731389201754907,0.9059158880354145,0.819296788607028,0.4073592603101067,0.18269270483413427,0.4825599821932704
SAMPLE_03855,0.05658631722118656,0.07514936520112352,0.26219221337293147,0.10331333893154436,0.1554408233884359,0.09306159099708292,1.0,0.19713671619641213
SAMPLE_03856,0.8809787347633846,0.21582819539818318,0.20697956620232763,0.15358938661800278,0.21191063543253885,0.5087756819424506,0.28930365179804524,0.2839513002233647
SAMPLE_03857,0.9175768159613124,0.26929848810638457,0.495923889217789,0.40017225941365975,0.2925089865680112,0.364332561045054,0.13928098354791132,0.3277619755082444
SAMPLE_03858,0.6671755568445278,0.4045581253427864,0.3091814350713228,0.8018291983412836,0.3289161330581084,0.3709096559886968,0.14130065715833243,0.39259509185231534
SAMPLE_03859,0.0298222530016788,0.04837337741317168,0.08729997128186963,0.32611145460761903,0.2991980978675593,0.093072764658766,1.0,0.24959503252222048
SAMPLE_03860,0.04103132096600776,0.18850660753949158,0.02093675597968046,0.09675462548303712,0.23003672720387716,0.05186385793549214,1.0,0.30077143936899564
SAMPLE_03861,0.8291790756446318,0.11284965275363872,0.43525740366091514,0.19897291306836706,0.2738928322313098,0.24478779134806194,0.19535604849703486,0.13799941871936586
SAMPLE_03862,0.8349711408987415,0.35992627779515785,0.7311063539845958,0.31194324062601564,0.8895726064157279,0.27343269679448773,0.18076129285569298,0.8058663834103784
SAMPLE_03863,0.7633786016805395,0.20932907161257017,0.3387935606870837,0.2213797198807357,0.3595933066716009,0.3797426414620225,0.27701147498188655,0.34126907695349545
SAMPLE_03864,0.5737760833679493,0.0097340295873098,0.13853368419748655,0.38983868125043053,0.8805358019319146,0.02245531699603638,1.0,0.8644819961503443
SAMPLE_03865,0.6741435515776825,0.1792125137500913,0.2691383653872892,0.18845864115995653,0.1876879654316361,0.2875909964043139,0.23040113139117582,0.16525424667761912
SAMPLE_03866,0.19008702910191638,0.20664702743239538,0.17370249049423722,0.7938756519662772,0.5084684354287267,0.2472678788513163,1.0,0.5179411343473813
SAMPLE_03867,0.7496374194317662,0.6295522449464259,0.5011497580534702,0.9742869576073832,0.4201453220295898,0.2847407504132243,0.12023439697480114,0.4731701301285727
SAMPLE_03868,0.18954362708754474,0.034139276343128876,0.2647548278621208,0.17714626018249371,0.6350603513250949,0.08726269396948133,1.0,0.6468420858016587
SAMPLE_03869,0.8445750167133684,0.2270170381467408,0.39445561823963643,0.19320003859582663,0.4831113019743609,0.4223285690310413,0.18071023135129327,0.3819277564846184
SAMPLE_03870,0.41623697037926677,0.22468369169619337,0.4049180406619898,0.5939309439543609,0.7627955909235069,0.19530909559431014,1.0,0.8293940211984621
SAMPLE_03871,0.760570379824015,0.12981743740018412,0.06062156685529268,0.06801345283241375,0.0251845138614702,0.3063245535221262,0.13574557355502812,0.0430938315611869
SAMPLE_03872,0.9017805172746591,0.6383976268171346,0.5680244690245707,0.8190322063992679,0.6293209223756359,0.6067555510079228,0.43842636766466725,0.6412656632074706
SAMPLE_03873,0.3268810260376965,0.3668376699976821,0.36344867821802435,0.6876124388053025,0.5666964824549018,0.29958155976563755,0.21372948821597054,0.598185709313285
SAMPLE_03874,0.9197816542969562,0.24813463905761593,0.41975573232739527,0.2415950895309998,0.3672876401439941,0.1724111038803806,0.1322996732444503,0.34379207291561376
SAMPLE_03875,0.7409588023399931,0.7984083291346482,0.9675488908019968,0.9109241123532653,0.7626922589430428,0.546979603897405,0.37174007678138304,0.6895734317926139
SAMPLE_03876,0.8165719880570773,0.2911322313306229,0.2048352806695831,0.36289983180497787,0.1487589085831266,0.3626707353766076,0.20559299345022702,0.06412024414609026
SAMPLE_03877,0.8649762047995229,0.06378255208524619,0.052309363475992444,0.0733733592709355,0.07337014815842546,0.26302398327202803,0.2607374320705948,0.055786442665863877
SAMPLE_03878,0.48869222365083737,0.4687753372217622,0.14947729235396523,0.9461169385607382,0.6703503543793629,0.3507716176667629,0.2561728239881257,0.2904501527824316
SAMPLE_03879,0.27670607811490133,0.16804804278437313,0.135783211779146,0.8512893853803298,0.09348402281049936,0.13705251702581867,1.0,0.1746870937004807
SAMPLE_03880,0.5724803788429322,0.8097168821955925,0.5584408345356983,0.746640033144667,0.9023745802162939,0.3950627844053554,0.18925438813560788,0.932394571650522
SAMPLE_03881,0.6021277190545582,0.36435253394934863,0.44886430766304186,0.790290049965848,0.5192678564378429,0.26171993749457034,0.22535766319851938,0.5121343114881227
SAMPLE_03882,0.7596434849812223,0.4141498156915477,0.76922465306616,0.829321657664347,0.8306058571571372,0.1336767324854306,0.03744415209998902,0.8326299457839385
SAMPLE_03883,0.9035764245359519,0.39370447108841544,0.1811558838685686,0.4222291669691919,0.11679435652252106,0.2652045293141089,0.1359113486549799,0.07641673981310322
SAMPLE_03884,1.0,1.0,1.0,1.0,0.6478524883061566,1.0,0.8806735965336073,0.6880542164741399
SAMPLE_03885,0.4108004333987567,0.1705101167884706,0.1594166353321148,0.9030794112084743,0.2328650992303036,0.28976252769038485,0.25850983514609516,0.24135845238306794
SAMPLE_03886,0.7031774207966308,0.20501028813396746,0.3587975152155607,0.23658525959366297,0.2646968003164989,0.3665760760837558,0.3179285829957969,0.2501804073795321
SAMPLE_03887,0.4616340965425262,0.5044620724872417,0.2637237811371358,0.8747120563409779,0.035834321101568214,0.17594826170816943,0.13131098188619547,0.10944825006688819
SAMPLE_03888,0.7341703575431526,0.27060980168877247,0.11243180030549427,0.501898045994003,0.09179413937361612,0.3531529472644952,0.28060526270027125,0.14511229643662688
SAMPLE_03889,1.0,1.0,1.0,1.0,0.7848271087658502,1.0,0.8786599483178017,0.8253827266694543
SAMPLE_03890,0.8375792445754805,0.3110511310860579,0.4774426879235968,0.2307234686714556,0.7796232322886997,0.4581117301871804,0.3090921762764562,0.5388239252343032
SAMPLE_03891,0.553197612180635,0.5253330908687323,0.6369822101189678,0.873666507949846,0.18899839534895393,0.1808066963891262,0.14945627631031125,0.42058086448326376
SAMPLE_03892,0.7605671240910834,0.16905189772982215,0.17819268023644705,0.16206898773086084,0.24088145827979454,0.4161904715635594,0.2617656539029909,0.24785539332188464
SAMPLE_03893,0.07381784387067411,0.2263987283645037,0.23897530812450085,0.6434865734975841,0.4163954627823631,0.11006231736561285,1.0,0.44236864521716834
SAMPLE_03894,0.010884114722103039,0.01464826068111212,0.09064468471976993,0.03159273693989454,0.1480679768689726,0.1526241683916262,1.0,0.24572773290038213
SAMPLE_03895,0.40187065403805505,0.24459394966432593,0.3242391071685211,0.9492364267333049,0.46604173807418814,0.16432221492301807,0.12588555898008405,0.37594501354982746
SAMPLE_03896,0.57885041453477,0.23477862019991208,0.2930492326523869,0.7582660315849425,0.30268117496869307,0.31588944195868224,0.19979036254142218,0.44396801668205127
SAMPLE_03897,0.6973452506107333,0.45223810559771016,0.4337349329858917,0.7929454927040894,0.3892153330944233,0.5171483777632813,0.4341282808558456,0.40507012278448884
SAMPLE_03898,0.7326855079769885,0.9576826017526813,0.790079190063312,0.8717504685699965,0.9662124752467415,0.5408103456118055,0.33240035153968844,0.7383597160557991
SAMPLE_03899,0.8395802183889465,0.10959653715926393,0.20375001055190406,0.04844430586130824,0.0409468258920762,0.354152276608895,0.22212932441231054,0.05820085197111768
SAMPLE_03900,0.32617226135686567,0.42162617835273847,0.3892288782853796,0.9285721627767752,0.883435346455704,0.03964564942296632,1.0,0.881149184261715
SAMPLE_03901,0.8979781536086293,0.2430525351834566,0.13713449537431285,0.09468376930408161,0.04348244876132056,0.2855331945558472,0.19072650009067535,0.09355979970413986
SAMPLE_03902,0.5641826228549219,0.8957155556362184,0.6423722532242229,0.9427699911918498,0.9701337882766369,0.5276099488912899,0.14946734248614624,0.9558934454445652
SAMPLE_03903,0.06616760103888776,0.05784928597778943,0.569490663124322,0.40298254172974585,0.8295806525791253,0.09871214332611734,1.0,0.8093928596049396
SAMPLE_03904,0.5338866720127037,0.7143490560217279,0.2852876653965282,0.776055840963207,0.27560719176572945,0.08545894455687747,0.10564119308404499,0.22715227265801186
SAMPLE_03905,0.808978033355659,0.25873498363375996,0.31488981671909366,0.3151224618345915,0.4970218843103188,0.5512698277873085,0.4225891978900507,0.5261622322260021
SAMPLE_03906,0.6565753585163661,0.3142121554050332,0.23304233518029652,0.7246062315567203,0.2926037888843201,0.4004656566410528,1.0,0.21141809775486783
SAMPLE_03907,0.8777800494659886,0.09160724082248511,0.2726139269246288,0.06451758427323061,0.41940287545905636,0.2622618168640363,0.17992713342668554,0.20056048293912196
SAMPLE_03908,0.32749625887111605,0.15140858865041076,0.18722191003294328,0.17957750622043653,0.2407689510409422,0.10228220342123186,1.0,0.2985137280948196
SAMPLE_03909,0.5629451843120524,0.40671074377156763,0.17340836214969585,0.9420531843450893,0.057208261106003876,0.1224610887651341,0.15123750867398195,0.12211060397080159
SAMPLE_03910,0.6827639135366811,0.12192695089427003,0.21201542951800773,0.09330922626124606,0.5149182479065049,0.31260711156569104,0.22113995306583806,0.09534454171248123
SAMPLE_03911,0.7593779012075663,0.7885956552206138,0.548168446832427,0.8515210043607652,0.43835043706266313,0.6357831030358994,0.4509641079391438,0.5274404374414422
SAMPLE_03912,0.733146843787839,0.315882157238025,0.7635410720876494,0.7400428360485088,0.6342123856684151,0.47622744779229303,0.41232428611175753,0.7254290566788655
SAMPLE_03913,0.8985749691205387,0.30596618766875927,0.14576103160624285,0.32916099515365366,0.08785572015981562,0.14288988231467128,0.14779338660061295,0.04189267420557946
SAMPLE_03914,0.5178117185660129,0.1428467376889024,0.32211762732589405,0.4140881499343271,0.509556930194194,0.2856304668980185,1.0,0.5491625046647417
SAMPLE_03915,1.0,1.0,1.0,1.0,0.8456374172458584,1.0,0.8682283486097964,0.8016152044793282
SAMPLE_03916,1.0,1.0,1.0,1.0,0.6619203627714939,1.0,0.8673661501092992,0.6399381673024837
SAMPLE_03917,0.8939652361954693,0.4334669478589275,0.48170557596703445,0.7889288637623787,0.4414704486346067,0.5691585937213307,0.43431149423563603,0.4326809065831305
SAMPLE_03918,0.5548137462950623,0.3241939502050379,0.3879040270334867,0.8996486123756339,0.1617563044945101,0.17274386962631055,0.10365324053350508,0.14577885825367995
SAMPLE_03919,0.6711539223467633,0.6199325871130861,0.6370104179372419,0.7441580386113245,0.4610018519858857,0.5162811699424442,0.391225592067141,0.48046114392766126
SAMPLE_03920,0.40330235085047905,0.569066774234134,0.3897016041619876,0.852709070862297,0.3639387849804987,0.26540263871334135,0.41572688748315006,0.4919851663004833
SAMPLE_03921,0.43832928277845795,0.6289371638696504,0.11114160708965505,0.8779797142918365,0.3294611248229067,0.15744096851827658,1.0,0.3050535318453497
SAMPLE_03922,0.8341751550148331,0.13403542901827453,0.22296802845691485,0.3089866604357774,0.45783173274065536,0.16102066391183684,0.09249289843165603,0.22753854128532647
SAMPLE_03923,0.859577935747527,0.5641436014099555,0.6593183091463647,0.47086734565172184,0.7165048460023044,0.5673750670258241,0.4220007434296853,0.7352284538547305
SAMPLE_03924,0.38561840752549315,0.3425563962188041,0.21107596960369432,0.3132085609737926,0.4782021049659233,0.17867701343970058,1.0,0.5445427556928649
SAMPLE_03925,0.7065426624024027,0.23867514958845484,0.48307374633505773,0.9138262043695469,0.2816515152093118,0.5083522854384488,0.41281521918738934,0.2460908757019708
SAMPLE_03926,0.6006517936812444,0.2846442432632775,0.4336684234204718,0.5789483946573205,0.7582548507970173,0.08223378588314731,1.0,0.6802264794350332
SAMPLE_03927,0.8637772784585482,0.0481700479577654,0.37870991670593296,0.07187701268361107,0.41353736073879915,0.38467278501128965,0.13307634320570158,0.3943124920499573
SAMPLE_03928,0.8777786830169327,0.3848117633295123,0.10283439870296092,0.21747402787376233,0.03612656177902796,0.2090697339851683,0.17342783449380017,0.049899710831613216
SAMPLE_03929,0.7885745762421492,0.24662736496009985,0.25410143276673347,0.3776170755130611,0.20841018136988912,0.3105295106735054,0.17152631954063968,0.10642036871833956
SAMPLE_03930,0.8405791116674218,0.18623419526975027,0.07814435791862692,0.036309493213520096,0.04452129852851355,0.18536744867491003,0.19901241314760598,0.03177417234386796
SAMPLE_03931,0.548716959370355,0.37035493677219733,0.13877565170917053,0.9770063332854586,0.15122535420347663,0.2558502783897563,0.17250631219766757,0.12399831851870066
SAMPLE_03932,0.01886144188773276,0.07273926565843328,0.05504940197458236,0.022911660944931002,0.17741955967509393,0.046458746764857055,1.0,0.1628992471963533
SAMPLE_03933,0.6130712469662427,0.5205042295016017,0.38290263115454803,0.9577717326632146,0.9508493186178688,0.1920393606790794,0.05583833662790523,0.7800934602573656
SAMPLE_03934,0.5397507389952829,0.39928190404549796,0.3372911598205545,0.841089988106481,0.5390069862742278,0.054263153711910574,0.06025471516805154,0.511342395727013
SAMPLE_03935,0.7361704720503466,0.6428688435824915,0.46414724479213293,0.8994697954346828,0.40220129779239033,0.558879002212695,0.4515161516695875,0.5059683141132875
SAMPLE_03936,0.5633860514287038,0.5248745612818094,0.46147825058377584,0.891475342483319,0.38489028711533707,0.249194553838281,0.15628458751037297,0.4171217805034343
SAMPLE_03937,0.8749765286820076,0.42473725570904813,0.3955438689547412,0.3401836531756977,0.17361007608319773,0.440346066625316,0.25929259009845235,0.1192756265059769
SAMPLE_03938,0.7651642541641235,0.776506259599675,0.6317996824806965,0.8443442593093364,0.6314676470790228,0.5712990303936593,0.36573555195002844,0.42453058564825485
SAMPLE_03939,0.7259088664439058,0.594724288368386,0.8888645065260444,0.908881892674742,0.9251554634614902,0.19029842036456288,0.16347428750096518,0.888924346105726
SAMPLE_03940,0.6146941204009752,0.30717296505757463,0.31538143668344015,0.9161804291914601,0.6692982497287031,0.15550150660732556,0.15065495104906693,0.5989248843236067
SAMPLE_03941,0.8093732400738123,0.6035712600439532,0.13255661100191435,0.29009924284474503,0.2091622999145924,0.37362693527739765,0.09106937976663959,0.23848259477359782
SAMPLE_03942,0.8555806967334496,0.21658471143396912,0.22906552809988717,0.09665782493722518,0.1313456931242233,0.3487320743086286,0.17673076590876632,0.11002632353907292
SAMPLE_03943,0.8683781253685864,0.15321709781047496,0.15356441397550227,0.0857383508094329,0.03361983764081518,0.3371490240944446,0.23715686021196233,0.07406873184308355
SAMPLE_03944,0.7619322697846002,0.3136719788213862,0.09923111027870611,0.08152183736309211,0.06349948307775774,0.19111853547213423,0.19976412484922562,0.054955548297652757
SAMPLE_03945,0.8923798694086901,0.3423446025526984,0.3081853986640398,0.827026914825551,0.17779459960159555,0.5500868837804445,0.4098291390254893,0.35197961902246055
SAMPLE_03946,0.5702955709523887,0.6615421558473391,0.2451169486205992,0.9180907714021693,0.7593815563535077,0.1864314684241639,0.1028441022778071,0.6057089998480658
SAMPLE_03947,0.7289538811414465,0.38648410540503125,0.2841933087601359,0.26209599080545654,0.18413120990536921,0.5781566183770622,0.34239250501991353,0.112556770197838
SAMPLE_03948,0.22247168430688222,0.0317664485080742,0.13965241720822436,0.42011804388747087,0.14091291635481246,0.09407336672839095,1.0,0.25824894176747404
SAMPLE_03949,0.7353201235160649,0.7634964661744106,0.41139525777379016,0.9347509225456389,0.8473617894744202,0.23772235181449952,0.1308415437793517,0.6665968386828839
SAMPLE_03950,0.7491772626196277,0.3539426484451453,0.3322264268588612,0.947614822711898,0.5617853127495235,0.40647226703554146,0.23117971576458632,0.31143759907845875
SAMPLE_03951,0.3485343618723663,0.08383136483457618,0.16697655199867556,0.34870398478870474,0.39935450246923393,0.1800973376053395,0.08345069636098118,0.4081682274806766
SAMPLE_03952,1.0,1.0,1.0,1.0,0.6528844932084865,1.0,0.8672953015789496,0.6483426567766327
SAMPLE_03953,0.716385093086895,0.8162418196098603,0.2690162432904165,0.9466150900243193,0.2927825228864711,0.42276729229797416,0.2323207570886925,0.2615906456376584
SAMPLE_03954,0.8333784762113889,0.3678883082643291,0.5028032066218758,0.8890686501464102,0.7311184808178525,0.4688581757291122,0.42870834654324635,0.7125782545927248
SAMPLE_03955,0.571934968099149,0.2772763083957893,0.29912866147041006,0.5757228344340897,0.647596483770903,0.20832953026778037,0.136089944256101,0.7169557190276263
SAMPLE_03956,0.3185188656813459,0.08482885353226421,0.20422117915264565,0.14456417951160633,0.7915727162095515,0.1194481817357025,1.0,0.7398469600838258
SAMPLE_03957,0.7807771114056934,0.1276437009039215,0.10041596001338114,0.04801618935385784,0.061857192698767785,0.3135697387069933,0.30061347137837197,0.049567301272316885
SAMPLE_03958,0.04912608351535648,0.08616619314131942,0.18942597725770402,0.07553688859756276,0.7344343163209318,0.17706197827482587,1.0,0.7476384009669507
SAMPLE_03959,0.29413427052795177,0.20492316676109887,0.2579143489720606,0.8487666821143183,0.30831446073687496,0.42397776332050585,0.3156207017799699,0.24914915595936518
SAMPLE_03960,0.8397798417502816,0.47552400798223116,0.02505047176666512,0.05791682412529336,0.01365508800935648,0.22150461801055024,0.17117032653861605,0.00608147414651858
SAMPLE_03961,0.7411453176827165,0.2239531795257315,0.2325228590931922,0.0963611914662174,0.35511887694650135,0.37029134495373955,0.18500290330385552,0.3196073227768512
SAMPLE_03962,0.4446060835020011,0.5399145345607196,0.4272050532950638,0.9817992968778225,0.5122623443763867,0.09464204007492087,0.11324453448741155,0.5454989687944466
SAMPLE_03963,0.5916914375647778,0.4394818407089468,0.36552958997012436,0.7715237578695417,0.7219900732967238,0.35651190603113153,0.41985600945469004,0.779351507728657
SAMPLE_03964,0.04799901462541616,0.07328630630363532,0.21218445487499538,0.13908141502752092,0.592414722469884,0.10487470733407721,1.0,0.6576469412513802
SAMPLE_03965,0.8545774388447475,0.052496592491661324,0.11953808078673214,0.0154132113735217,0.01229983747047606,0.3385832477146482,0.24621802138521576,0.02491720880642866
SAMPLE_03966,0.01391329055392536,0.12328072696253145,0.17530127829057068,0.2547019846142633,0.34669810124053113,0.369343346415394,1.0,0.26795537542091313
SAMPLE_03967,0.6039202409456363,0.7514552543316466,0.4218855224601207,0.8995006840187906,0.5164154320252963,0.157497096013987,0.14452897382474084,0.462943130691632
SAMPLE_03968,0.7482447283841507,0.823808361692171,0.5030735565071311,0.8286141183582728,0.8525481211459067,0.43326415550181363,0.16488659244948037,0.7976478077304398
SAMPLE_03969,0.4240803603186096,0.19669159842090517,0.04093316479436522,0.1595176512198362,0.19305403663063997,0.12446545711898585,1.0,0.20392290672145644
SAMPLE_03970,0.3849542952217129,0.6425286031768094,0.5476735177738609,0.9018464927718306,0.7305800711773823,0.43169707663152296,0.16127355640041488,0.6897137809997863
SAMPLE_03971,0.8087763320855705,0.1434562385545481,0.10630056613338003,0.0971382190770128,0.0263573386997164,0.2936234585954152,0.1101053613316341,0.01458137034339006
SAMPLE_03972,0.8941795331607801,0.23686937134984912,0.2571904522975162,0.216885072125155,0.12073780569817927,0.36577959610616245,0.28720254344844215,0.11740936274912303
SAMPLE_03973,0.047413794897397804,0.08039053316750278,0.07035844264342973,0.12419283787172908,0.538400425896542,0.08726146289761949,1.0,0.5897881715799719
SAMPLE_03974,0.7459695427295563,0.2781496552877445,0.12144814420500123,0.15413726201320438,0.17023740824523795,0.45794045296929775,0.3097512437425689,0.22024341300989328
SAMPLE_03975,0.4463664724839685,0.07315976433179665,0.47135098011280835,0.7868697191062043,0.4392744515791493,0.08586895399694343,1.0,0.49751914231594213
SAMPLE_03976,0.08006286880759633,0.2319016848090311,0.08025401747457074,0.820846314594632,0.2595448878526738,0.22525331477445773,1.0,0.29087749339952174
SAMPLE_03977,0.7405538678492982,0.5791634718567183,0.46030342600354784,0.9248268997045467,0.1053396337875513,0.4679070655912308,0.2581267197357841,0.18752380655620107
SAMPLE_03978,0.8157799628735567,0.4209369780304905,0.4004578262858816,0.7574032847326777,0.4417448436436198,0.34266286214046227,0.23319585442263002,0.3206899883289623
SAMPLE_03979,0.7297073752794729,0.5976579848373367,0.4063139410049593,0.7759711788898496,0.344501646793489,0.3027682392422494,0.13626235179697313,0.3420807128507499
SAMPLE_03980,0.8861770747864026,0.44297409601528176,0.0476763454537098,0.25635939543459174,0.08634429036091328,0.2203721695896179,0.23066216528236388,0.010349272611246579
SAMPLE_03981,1.0,1.0,1.0,1.0,0.14974891964264175,1.0,0.873348130101253,0.40059816706725854
SAMPLE_03982,0.3998079086134031,0.2911159134773805,0.2052581993956031,0.6510000803593863,0.6711950707061018,0.18686393976110496,0.0782352161598266,0.5906045961218372
SAMPLE_03983,0.8863801873453754,0.4639350152774573,0.4554143048043736,0.3474564062290458,0.3772273054192003,0.5807723999308626,0.3578126301755054,0.43243327662508313
SAMPLE_03984,0.7345751519102994,0.09403686575379908,0.4686988544647048,0.3145115245237508,0.3593221100248466,0.3252026160447281,0.16137750093404044,0.17194778507561545
SAMPLE_03985,0.9147795380694699,0.2834693616030632,0.1432702503337501,0.26494557824036796,0.09480951197354291,0.1944601393856446,0.09667078835038208,0.03549694368202612
SAMPLE_03986,0.8597760979431252,0.07663226170410342,0.2667767094802789,0.1361377253056212,0.17052711792573455,0.2627285895435178,0.21795751880302228,0.026329035672435698
SAMPLE_03987,0.2194957381101765,0.22646142246620835,0.37040114736241037,0.7650561328511951,0.6211530504749397,0.164853201818589,1.0,0.6717576545190519
SAMPLE_03988,0.884579632495154,0.29910291174823117,0.23830840136443787,0.23702254817301063,0.15979578524613752,0.2896370702988762,0.21638655080002872,0.14457630832964732
SAMPLE_03989,0.6379229348218939,0.2613784065650921,0.36728453619110385,0.28285187494382225,0.8475123015800528,0.2260639836531457,1.0,0.9333455940049392
SAMPLE_03990,0.9273782406759263,0.27399666030602426,0.3047591051675333,0.10439331349674369,0.25753853159177476,0.3863233316537687,0.30678866252768255,0.20657589047217453
SAMPLE_03991,0.7294709469598079,0.6738955435648935,0.653372206779743,0.859155607390601,0.8158853362352829,0.4594109570464212,0.4425655851866231,0.8511558330882232
SAMPLE_03992,0.33179631802118137,0.26199453539633427,0.04760902372290288,0.8548228147912492,0.13591943566190556,0.07144722710335115,1.0,0.17837923860584023
SAMPLE_03993,0.5357998112797097,0.33781972036915614,0.252496593161348,0.8789299306325157,0.20325955694589842,0.3387193522497252,0.31342007206699696,0.25961861733406316
SAMPLE_03994,0.879779092483778,0.23285479831450862,0.49673143646817786,0.3223192363392556,0.2824210572452278,0.4336428129653056,0.2899076557711431,0.3138145539352432
SAMPLE_03995,0.29409727809349806,0.04419283206627162,0.14103537893088697,0.3449819724784996,0.3488264439909079,0.08544498253324515,1.0,0.3143263043566092
SAMPLE_03996,0.038489798476277905,0.23667534836882273,0.04684969479566324,0.038455404776294076,0.6476430267076035,0.07485760718717756,1.0,0.7413818815450949
SAMPLE_03997,0.29963830703429606,0.03133387319245342,0.30757952118471077,0.35036636865851056,0.502726911081495,0.03266046796403978,1.0,0.41431467447218495
SAMPLE_03998,0.38644247507267093,0.6317149571570062,0.05465659970819741,0.9031898899937719,0.09432847662237709,0.14504579581043173,1.0,0.1519763876726546
SAMPLE_03999,0.44427869443600476,0.052331895842951934,0.28245879128494816,0.14489177790853244,0.6577629949149485,0.27965722804109033,1.0,0.6150663529644782
SAMPLE_04000,0.7479283361022162,0.5440042481593618,0.20233497666633724,0.8248311853696747,0.6721530783154668,0.19459846028894695,0.15910462762768585,0.587561848984849
SAMPLE_04001,0.7525830868605895,0.7169490966601795,0.2153697301169901,0.8949886552557476,0.8150353887083914,0.16845494983211576,0.09845178279465232,0.3391959233543953
SAMPLE_04002,0.7373655168727798,0.08435834618388632,0.20422663652739984,0.07591762907457962,0.17614050476577564,0.3469181579089932,0.17582871601283417,0.1414539052491756
SAMPLE_04003,0.8625684502086975,0.23266284565506498,0.08501150315841983,0.10263544903441633,0.05894310634799552,0.19091565155643866,0.2766151286365686,0.05187994040207294
SAMPLE_04004,0.3580043850998499,0.1544885049106103,0.08628651877927407,0.11555412780339393,0.8024896571498117,0.0780586190460554,1.0,0.9117795873614469
SAMPLE_04005,0.433112841714904,0.21061065771294452,0.20884308094899207,0.5295987785422182,0.5943756035816581,0.08206433548034604,0.04525036857401354,0.39789779762380434
SAMPLE_04006,0.8727769909352493,0.5842761090814033,0.4635124245538005,0.8958613261982975,0.40810070261017983,0.4033261649630843,0.33745859257800004,0.3930431629199113
SAMPLE_04007,0.8871767355502883,0.04036167102477863,0.19299526880058468,0.08131407395390057,0.08503789718936397,0.30079629156868054,0.09508942317886254,0.06759259745494126
SAMPLE_04008,0.5373645710897476,0.31598805537884783,0.3506483725370304,0.7440149283220618,0.9631685705703777,0.04464151144702346,1.0,0.9650927210740824
SAMPLE_04009,0.9109769657480834,0.37495755613809684,0.5868551765022809,0.35966574342420726,0.605388030139139,0.48391236236230184,0.272769018647024,0.6683579911618912
SAMPLE_04010,0.8759799000905926,0.27259506297454433,0.2366978321767246,0.1880978582260958,0.1786833045910959,0.1826994107627794,0.12513878231946832,0.343619071982248
SAMPLE_04011,0.597428761798827,0.6005325985264715,0.37761346308825744,0.7597359077783957,0.3572435609611615,0.14594631311907186,0.149458315567685,0.5750061770667091
SAMPLE_04012,0.8661802891995147,0.5421583487355693,0.1937603096763541,0.44564686136424697,0.10460490919306055,0.24390911696362688,0.26505497805252126,0.08351394726093958
SAMPLE_04013,0.6499057427811458,0.379507287801981,0.5494696562526418,0.8794944376987496,0.2118769677358496,0.44454807359114623,0.35585104421035363,0.13406772512011947
SAMPLE_04014,0.7208574556404733,0.45413801535475223,0.34913846203775073,0.8003004562649401,0.6598032923600903,0.4249557284927521,0.18207305829691953,0.6131748303032077
SAMPLE_04015,0.9073801675450344,0.23372660551009766,0.31046857183266924,0.3090468198861108,0.31641515681510624,0.29130327610328416,0.32628170559501457,0.33601736888789147
SAMPLE_04016,0.6013758528457699,0.5789529358160089,0.4566073327196762,0.9376863481863597,0.3071800968296437,0.2306085587784681,0.11304816472098646,0.2810976522336723
SAMPLE_04017,0.7895662066596162,0.7110118954791828,0.5110816919851673,0.8521356497052132,0.46327075798524653,0.5257066699165648,0.24910923540235697,0.2625685697738595
SAMPLE_04018,0.7865784654645362,0.9498239702146033,0.3132291062009764,0.8621374365032353,0.04413293805388142,0.537095989508057,0.4135287070562176,0.05894824157567328
SAMPLE_04019,1.0,1.0,1.0,1.0,0.7035520996917685,1.0,0.8681990045691804,0.7928079440897902
SAMPLE_04020,0.6739525800196473,0.39226896455348054,0.4729334774073693,0.8006367855156887,0.5265775251115836,0.37111157006044526,0.2525444573239105,0.4695194790223795
SAMPLE_04021,0.22870658208593705,0.21191547654936943,0.1669125446559258,0.74891318448714,0.7783170301005553,0.060451865787200555,1.0,0.8068636114215212
SAMPLE_04022,0.02497561513767756,0.10039336988255237,0.16546144001792196,0.21605629114039632,0.5378722229689491,0.22309201665278028,1.0,0.6461821545448071
SAMPLE_04023,0.7217746008458799,0.3417235588900561,0.1596163284074188,0.915732565613461,0.13056269719472505,0.3193288891523662,0.24092396664009158,0.14344126707843263
SAMPLE_04024,0.8959673859782991,0.3199971756693101,0.27861543554319723,0.7710397387995023,0.1947683423474721,0.476130834985703,0.4007883234131891,0.2137239125394172
SAMPLE_04025,0.5047960745355895,0.12194927042744798,0.18067492140909844,0.11553917881665314,0.5637653008718906,0.21898168223408898,0.12925527364059616,0.7432415835816817
SAMPLE_04026,0.7865724292370267,0.6364381074168092,0.529489940723067,0.41458903734893443,0.4897247909749958,0.45072870672158405,0.25020934341036927,0.40012890582597865
SAMPLE_04027,0.7737655770018443,0.15961406899866434,0.24402343287736797,0.14618557687411743,0.184777118378304,0.34230090573610966,0.3017037435077513,0.18510868835367691
SAMPLE_04028,0.8725801019394521,0.372931737414162,0.19378442645053973,0.20647243683210784,0.2682037189199916,0.19936458311859948,0.17016428236846154,0.2176782708916536
SAMPLE_04029,0.8791764561891533,0.12307386118503971,0.05388485392277482,0.035957845554035514,0.00998563884886746,0.20250318869148282,0.17714737544988154,0.026119171684306358
SAMPLE_04030,0.8629745604154109,0.6514685563056432,0.7653172863512295,0.5661021510439264,0.7759128882488298,0.6041190774096067,0.4560243071958978,0.7050613401867889
SAMPLE_04031,0.7320236237078717,0.7384049130802328,0.5729324740720912,0.8463311227774223,0.974537531286652,0.2790710084477523,0.22068059250511565,0.9786839626510476
SAMPLE_04032,0.8745785369715392,0.6896801864995954,0.10178865366392723,0.30976016510317583,0.09202788242516971,0.41327294582387897,0.17869760114834912,0.11393984758989598
SAMPLE_04033,0.7167077857658972,0.8815968851675287,0.764946507633558,0.8723336967253649,0.978779989233025,0.5265228195302155,0.19169516759539643,0.9581082799483177
SAMPLE_04034,0.4780583839214044,0.3550107957412344,0.5125948357346316,0.8336434487367749,0.6071288886837963,0.35482716105222584,0.2930703504102771,0.5609217199709886
SAMPLE_04035,0.8223734256154529,0.1681227158349479,0.11464783642674475,0.07509065189212227,0.06964575736625978,0.44418935283040045,0.32765725578930527,0.13145398192900304
SAMPLE_04036,0.9447813523778452,0.12010907383710066,0.14766898473456788,0.1397246045739147,0.104087787187254,0.2877283959580633,0.1659567834426348,0.13047682844383657
SAMPLE_04037,0.7524234659018344,0.7743742961523136,0.5515313752845988,0.8534402054139899,0.8070044238520923,0.34896635736539316,0.14644884589551596,0.9078201435229156
SAMPLE_04038,1.0,1.0,1.0,1.0,0.8931135146904224,1.0,0.8810342640434724,0.9380814901319301
SAMPLE_04039,0.4115037681043728,0.16255967682465178,0.241250833751208,0.7661869870687342,0.7234930739318062,0.12544485508114872,1.0,0.7576516852361788
SAMPLE_04040,1.0,1.0,1.0,1.0,0.6971711922954799,1.0,0.8764812475137106,0.760204838990844
SAMPLE_04041,0.7551692488671812,0.4588101169280062,0.29595254480653205,0.9668498071575466,0.693460406343996,0.12807914178727245,0.11927372253111092,0.6577790517896626
SAMPLE_04042,0.7217480200089147,0.20587361661289313,0.18618617142683355,0.09835369283897595,0.1801030826882392,0.36528338237476804,0.30104060279176487,0.10806557908463854
SAMPLE_04043,0.7089941623790151,0.5083216625875489,0.26973234572385213,0.7789414595279012,0.6679212675092493,0.16624176304950372,0.08303680722447378,0.5930156186613726
SAMPLE_04044,0.8707798849215602,0.23458072405102864,0.2625636140728751,0.302080488058704,0.4235962193704137,0.24831429300161165,0.2550619298496751,0.36875065606771584
SAMPLE_04045,0.6651402891302348,0.680007868651708,0.5605476462947498,0.8765984139646494,0.4918271008387364,0.49826994556137755,0.38609302661587447,0.2717984617386075
SAMPLE_04046,0.855973972875433,0.14026419095477588,0.11250124875364763,0.07282151248303526,0.03471320179889934,0.34746798885909935,0.25905123747406295,0.02625746987874892
SAMPLE_04047,0.790549687409079,0.21786688290618722,0.08124396833501271,0.10162746774336406,0.03988836007505458,0.21543411514681357,0.25027758457639165,0.04848374653317226
SAMPLE_04048,0.8795781102709006,0.25228736794312134,0.16556586069996948,0.09331427376027888,0.14497068408550415,0.25575926972181273,0.27054914678016356,0.13835480492866611
SAMPLE_04049,0.7667660206013096,0.40374808842802007,0.5697153289731886,0.7118909273727283,0.16899776803483935,0.5151745479574519,0.44425423136160425,0.24317641200986564
SAMPLE_04050,0.9083794763508011,0.08122245617663502,0.25400589020227354,0.10143872991874157,0.16249298707804347,0.19208243292944527,0.18557481567384204,0.14146133060501465
SAMPLE_04051,0.7719042201605736,0.6739133124030879,0.601636413991762,0.8745226521532296,0.8910320154734723,0.38779015114656595,0.186862005919281,0.5701980423220447
SAMPLE_04052,0.53497650005742,0.30678024651419983,0.18290037853519964,0.8169107030279296,0.4241312309505521,0.22489992433144618,1.0,0.4855232387773016
SAMPLE_04053,0.7665384529452506,0.6541334331538984,0.35628417331225315,0.9033986549929444,0.8099286403847452,0.1130515312623317,0.09304571328988032,0.42418733201885395
SAMPLE_04054,0.6175370343050646,0.3679473736106955,0.23192904122140715,0.9703648358734986,0.13579592227353507,0.19510013061503684,0.1236604313554824,0.153740374113515
SAMPLE_04055,0.5261339575796727,0.30777243519277947,0.1387488970899304,0.09672095358465832,0.2754816986371148,0.19008547509259002,1.0,0.3672394512501993
SAMPLE_04056,0.6944646933748849,0.7644385995207627,0.21626141401690396,0.7662549798969626,0.21261935600647597,0.42127852717859027,0.41233973944752406,0.3243985513721639
SAMPLE_04057,0.7315931579921728,0.574171372186024,0.3911793004999244,0.950412092659714,0.8948806794078389,0.23313955655838883,0.07605755141916436,0.8115188739487105
SAMPLE_04058,0.9153802122494665,0.2694547794619349,0.18629200293978043,0.3014346986660244,0.11557258128249479,0.21067141421547436,0.13144397736983723,0.0699406183039258
SAMPLE_04059,0.27672223733264095,0.09424642541832759,0.298750474151462,0.6916803098696277,0.8900687414069011,0.031249139052255716,1.0,0.9058014958508649
SAMPLE_04060,0.38824110947838014,0.6322260993118342,0.4246107844517869,0.8365960254750933,0.6169046302423346,0.1452169307411811,0.1915886050769867,0.6008334223778488
SAMPLE_04061,0.022895284886330042,0.5210862145780262,0.3629931988241582,0.8999085123412349,0.8969193109221555,0.4093159874049013,0.19573143303041143,0.4452757942770612
SAMPLE_04062,0.7223589423518613,0.5514775115729771,0.3995949078753587,0.8930650304081926,0.20937124913528082,0.38011626833486384,0.16978137462703835,0.2607332819154691
SAMPLE_04063,0.7505709490759471,0.5758801168873134,0.20151871331749524,0.9180495917042087,0.09284047397110218,0.3717952411338691,0.18633423400565705,0.15680154202868749
SAMPLE_04064,0.7695751552521368,0.3724779353751706,0.33963047971873367,0.268797073159885,0.2317693930625421,0.2854335157078163,0.24722946979429872,0.24900063800191324
SAMPLE_04065,0.2906672665797659,0.2077651244087552,0.03901075978632386,0.3980808408017953,0.09526904659674625,0.20403828928835435,1.0,0.12419676912532487
SAMPLE_04066,0.924578300563308,0.10319853943584974,0.40367231345537063,0.2143165922822126,0.22857669077016832,0.34767120569463067,0.2722770167276871,0.23051669508692982
SAMPLE_04067,1.0,1.0,1.0,1.0,0.5819611855630975,1.0,0.8683256496853164,0.6580031146529263
SAMPLE_04068,0.6871737825808567,0.39896322517411326,0.4672981212471043,0.3116804315111811,0.3811024874503903,0.521531549691629,0.29995823333928134,0.3823531145653868
SAMPLE_04069,0.388751725298159,0.04183308333317747,0.3046202165015678,0.15633430248999267,0.8226918905451568,0.22606348599080212,1.0,0.8330578381287269
SAMPLE_04070,0.9063789713026247,0.07035708676397127,0.19137265010816826,0.1217988439945729,0.16357282338896148,0.2214955888450356,0.14887039158769266,0.04278171714336589
SAMPLE_04071,0.7813771555372979,0.3368109907741894,0.27629600448736175,0.34924178125842525,0.433703912400025,0.5362126757999826,0.3472027445247736,0.4648256195439408
SAMPLE_04072,0.7707487671194893,0.28301668761379556,0.32276082475774426,0.17656493116280284,0.4172127174683469,0.4986429791510811,0.27421246048310854,0.342963173535728
SAMPLE_04073,0.7789727020176558,0.5472165650782684,0.0510457714146026,0.19011457977323323,0.027478140027030296,0.1469531086500722,0.08025329849390168,0.01678950254327808
SAMPLE_04074,0.5173874303845576,0.6127068488172501,0.49715346794515675,0.7270527801104691,0.4110474214761972,0.27816960166151017,0.2717343277717138,0.40572096432192944
SAMPLE_04075,0.8357756036027908,0.3367394449906828,0.44256315909818267,0.2405593705171702,0.23076559366946267,0.412933850651076,0.36876987120445825,0.2732034286991668
SAMPLE_04076,0.4262797988599654,0.7471059705952166,0.27242353972974886,0.8805431493327445,0.1508041047746454,0.26068402453363887,0.19816369170856732,0.22508679865667047
SAMPLE_04077,0.7659676092619453,0.6465824969893006,0.5363405198856782,0.7803030470264929,0.4450504594876326,0.5630152870965296,0.4080325171134461,0.4292401325529032
SAMPLE_04078,0.4382849358344311,0.1339378060144478,0.03051209873537874,0.05988531091534742,0.42237357937929965,0.09484628182428803,1.0,0.4440321316332383
SAMPLE_04079,0.18799154676869578,0.2770149682268879,0.24368702855773824,0.8679249428547536,0.43362739384580057,0.2944920380262001,1.0,0.4187216547911077
SAMPLE_04080,0.5815097401437498,0.469928316419408,0.3089230904531478,0.726190938556411,0.5843082441082407,0.17493159552444332,0.03809009337153306,0.48795022757498485
SAMPLE_04081,1.0,1.0,1.0,1.0,0.8979420029677625,1.0,0.869211884131137,0.9069117641373782
SAMPLE_04082,0.8191724607371422,0.5915310361782699,0.5901068554905885,0.8211820449837636,0.48538751703303534,0.2357461937095068,0.24193165484414242,0.41810507859534557
SAMPLE_04083,0.8299770812832364,0.6457740071761539,0.14586433775997648,0.38318933439349817,0.08479602624691158,0.3056738314096471,0.19692107374107223,0.08181972080717942
SAMPLE_04084,0.7653445274595707,0.8760015835430857,0.6888158928831059,0.92330750534502,0.898067191874938,0.18709898019405014,0.1338543017221127,0.6693986478254741
SAMPLE_04085,1.0,1.0,1.0,1.0,0.3919629455890057,1.0,0.8710010769267205,0.6843393728912796
SAMPLE_04086,0.8349791883649584,0.1698318764735621,0.06594621075580862,0.12086717563295338,0.058569499635454714,0.2020843951717835,0.29781300184190745,0.01372935620820784
SAMPLE_04087,0.6851589109415861,0.3539347207136885,0.6142160443749134,0.7363856262149324,0.474487718312537,0.39060929182114196,0.313200839989977,0.4810232597410707
SAMPLE_04088,0.5728509869041793,0.8977522535246638,0.5294041581534911,0.868647754686386,0.9578390714336236,0.4634399969735199,0.1002518354156104,0.8773398006503708
SAMPLE_04089,0.6416439788246073,0.7795830064090112,0.46468857061379,0.8843800398393393,0.8984688019862911,0.4164810762950964,0.14106055561852018,0.6039053835400497
SAMPLE_04090,0.6949293780660751,0.7425905612838187,0.5345551581887581,0.9327504546328712,0.5188010079194455,0.46561524956584593,0.3142009247448355,0.40681494783621774
SAMPLE_04091,0.4470718585402049,0.2093789960069682,0.1717812287949973,0.430608098422111,0.5213113079389369,0.31603066612619324,1.0,0.4652369929377215
SAMPLE_04092,0.8507775558579347,0.46330932663414576,0.17062912520282045,0.21214649952157422,0.19430326516716037,0.37863274678054365,0.3761436096364625,0.14051313045082803
SAMPLE_04093,0.4433418590293495,0.44737055632637107,0.2891624800613451,0.8256420298573104,0.12573895523282425,0.39003829961242453,0.23510616092314027,0.22143569560320772
SAMPLE_04094,0.568627967494656,0.6561818685604693,0.38919265032531947,0.8392933563920837,0.5793411299364677,0.11225500000797801,0.1238627753106047,0.33929824330185177
SAMPLE_04095,0.5162028318891914,0.080760427254268,0.4167715714325233,0.14805889142543865,0.8279006527844271,0.11908704300981826,1.0,0.8413992874193206
SAMPLE_04096,0.9281785900346406,0.04487045608020386,0.19667217429127504,0.03785554179753196,0.22580462266167325,0.33890657932255885,0.2543670874550767,0.1842400582984492
SAMPLE_04097,0.5544611337660983,0.5285927661454907,0.3094694146253818,0.7980610273116927,0.3979292232386994,0.2097173099076383,0.11025975289819767,0.36625874006486303
SAMPLE_04098,0.5812069066007278,0.6587725926047054,0.6035560265716677,0.7580953577113596,0.7641854786346569,0.39204925272003227,0.4208696684192679,0.6880110342353031
SAMPLE_04099,0.7287655064712216,0.6747503198294483,0.4167793261431978,0.7306776058360019,0.3647173348052641,0.3860615761483154,0.26777307260097455,0.23360838972650114
SAMPLE_04100,0.8477742619983079,0.7126438299213268,0.8505347189398917,0.7734173425835663,0.9427461786052685,0.5743376328272699,0.34315370568489123,0.9613039252541241
SAMPLE_04101,0.42511893842703363,0.16647664634110243,0.7283135804736638,0.6787022201012529,0.7454715678609908,0.20558758006042582,1.0,0.6681175692519717
SAMPLE_04102,0.7471675190996245,0.5070682827599763,0.13996831918516625,0.39638106588083966,0.15167460253859852,0.46456079650257337,0.25764495762709627,0.09502138270214394
SAMPLE_04103,0.33391171760622207,0.14204709387704667,0.10513634560426866,0.48733694381324083,0.2319200109786383,0.1096349579739983,1.0,0.19796191609031183
SAMPLE_04104,0.7384313234153344,0.6423836406738659,0.5392389421048952,0.8776534454062309,0.7691852790982103,0.16347953888797817,0.03823433339944024,0.5756827745964305
SAMPLE_04105,0.8967800030599384,0.04608465645409788,0.07752795929194724,0.05326930599933418,0.0700999457926608,0.32505117019661983,0.23206173840127006,0.07355050217588796
SAMPLE_04106,0.8015655313152282,0.24782840242668647,0.3448471845167002,0.19264040493802012,0.22543471350432684,0.4082393035618234,0.33867215210684876,0.19598652363965208
SAMPLE_04107,0.7492603311413453,0.5950113719589418,0.45857234540126934,0.944714982772455,0.25145058385622127,0.088660221713993,0.031039252763040308,0.2491172446249553
SAMPLE_04108,0.31501523132409587,0.2983690255258434,0.16493991630111318,0.7923688704320534,0.7759891758116806,0.279682645538357,1.0,0.8098106519053918
SAMPLE_04109,0.4206266718431132,0.10014093296325668,0.1766303964833084,0.4099616331967881,0.7656210300129516,0.24777470029895576,1.0,0.8184470585800837
SAMPLE_04110,0.5714826752334269,0.05291511893283796,0.29804487035722604,0.05280146451519388,0.778111711178146,0.1852394655565205,1.0,0.7015831216814553
SAMPLE_04111,0.36023966345131647,0.15259011063757524,0.20593159140233838,0.7577858552076853,0.5372068260527822,0.2168810611800812,0.21831400686777006,0.5594554741724421
SAMPLE_04112,0.8177717852871957,0.05149642921935982,0.29314084576249705,0.02703613064300478,0.25491688325634054,0.3541906444132392,0.16074157180433624,0.29573271273443974
SAMPLE_04113,0.7937760247833019,0.7806060068949596,0.4549624909162342,0.8476552441118287,0.29832763871890866,0.43578105850335325,0.38851291092457657,0.20026059940577867
SAMPLE_04114,0.8463713346261726,0.12506015201225362,0.3007504541160918,0.1290532645824227,0.04652034560023894,0.2715192379827344,0.2369930089523312,0.06030797796844402
SAMPLE_04115,0.5460288485472866,0.18256529885055597,0.2843360242011358,0.19559562396335908,0.4397869350314828,0.12429695206263774,0.1318653961515692,0.5442366803492165
SAMPLE_04116,0.7831773819734025,0.5838274904150806,0.5781088238289123,0.9177424727237283,0.6570889547370619,0.5424415263342535,0.4155474575788504,0.5930057431566279
SAMPLE_04117,0.8055666596944735,0.13570011284820443,0.14900777316529856,0.2343654989137633,0.13168246373545403,0.19355536800832146,0.0850700406512862,0.2369550499628935
SAMPLE_04118,0.7785713301316861,0.864930545827151,0.3657944298639955,0.7937838791307649,0.03690191622834904,0.5027621874570323,0.3893480271713358,0.05571493085635002
SAMPLE_04119,0.8007754144239253,0.5173544656377974,0.10766113201165776,0.20898640270575863,0.11160187991518715,0.28140995614059283,0.14290300009697487,0.0890356707086079
SAMPLE_04120,0.6578195785316894,0.757603040662124,0.4359654728661716,0.47620663212275555,0.23171384674053086,0.4467089451667038,0.3585307315533228,0.247042285003527
SAMPLE_04121,0.7369648275927114,0.3847771472048719,0.6017617249643126,0.49966548242136316,0.5440288779291741,0.3735416065469139,0.340172668012129,0.3053285808172418
SAMPLE_04122,0.5759043729599745,0.359557155942136,0.22754425255152924,0.7989733514342839,0.5414566678088053,0.27217834203815666,0.1464969425159471,0.47884820513068976
SAMPLE_04123,0.7341729752153044,0.45648959189675303,0.6260380531539188,0.5972927249369587,0.4828231278383177,0.5343381854050199,0.42444641758354096,0.25821059620863684
SAMPLE_04124,0.7583577291002702,0.18126615442479466,0.2817033432957803,0.14566619567502717,0.09990533958741056,0.28281998956990473,0.1390759527798328,0.14551655997427174
SAMPLE_04125,0.5831238097616653,0.5180754010990105,0.24945955534231426,0.9443788204819233,0.550502980679783,0.36229784077934846,0.09904737670392968,0.33969743341762904
SAMPLE_04126,0.755376639748322,0.5954477479728951,0.06835953889271616,0.2853909764203548,0.0192397094983879,0.17922430184709,0.18144686666217635,0.02272507533009912
SAMPLE_04127,0.8545811429992008,0.18532889708828082,0.2637838417266155,0.1560836485589161,0.25966824492172397,0.2543365671692821,0.2729287129395132,0.2421519281025002
SAMPLE_04128,0.7507660619735752,0.9529188306680713,0.7351402045780654,0.8649702744636926,0.9671266193576608,0.4859434096436596,0.28650216714993254,0.8640438186091786
SAMPLE_04129,0.8703775155443464,0.2691112732660086,0.4647965374733529,0.23702851513308296,0.5719108397162982,0.31340111158963724,0.3674581591774011,0.3578977236497271
SAMPLE_04130,0.8353783458676263,0.6641725168457373,0.4953453793771769,0.5362896111558145,0.3325609365240283,0.5958581442282479,0.39609018359870174,0.33431014910851303
SAMPLE_04131,0.7231097175200739,0.5582868701768307,0.3347516892833877,0.9289819228694774,0.6737203306354755,0.3487229885441725,0.2892242973222519,0.4528325482579373
SAMPLE_04132,0.6025304316281148,0.36892562579056937,0.31340546757397686,0.8298034199237722,0.6284288084155906,0.17707953810876534,0.1490614390288181,0.5646181894902217
SAMPLE_04133,0.09373134667795151,0.09952047159508315,0.04127139008573958,0.8048634358395079,0.07799752666203849,0.12445336749834805,1.0,0.12036958723358246
SAMPLE_04134,0.9075810065425476,0.5404070233882603,0.1691788906685547,0.1811544447765404,0.021778988588128302,0.23607155571854593,0.1681630236676966,0.04763132944476876
SAMPLE_04135,0.8355794563909029,0.21646308182293436,0.34142009601761575,0.2460620165511427,0.3230808090721597,0.2410273045267259,0.3003766591530801,0.22820309273946224
SAMPLE_04136,0.45819996129807183,0.0396338217437637,0.2772123845655577,0.6634614356238006,0.6707903570933383,0.07709105630054133,1.0,0.683306284960266
SAMPLE_04137,0.49947503556824807,0.24587018962983803,0.4546246724320284,0.25944744039333933,0.5884872287323306,0.1588488940939045,0.0896521347131072,0.5362254496821092
SAMPLE_04138,1.0,1.0,1.0,1.0,0.6367145701589426,1.0,0.8757586717382392,0.7171309831046514
SAMPLE_04139,0.8799802770824741,0.3680993358138185,0.14084808344155716,0.2726605461786758,0.08923669768969054,0.3070529922958945,0.32866658521766845,0.0554915165245491
SAMPLE_04140,0.7349829017413995,0.3948667187779865,0.2435528286032175,0.9154620845960102,0.4318437540046066,0.16609288844536824,0.12444527806104828,0.2490763041417029
SAMPLE_04141,0.7827584222550835,0.16261945655181673,0.18040471721552928,0.1813120380446896,0.17745283597394204,0.29700135773079206,0.20574534877427308,0.2326161818476003
SAMPLE_04142,0.7343602026250198,0.6576736516991204,0.3319831762681391,0.8522267254165111,0.14558886254815448,0.2691862979753781,0.3047149746287462,0.07474547023050995
SAMPLE_04143,0.8043738491539282,0.4248282075400357,0.2721812361737912,0.35991744949751797,0.20602626399878127,0.4048303379179184,0.1569930539700992,0.15243566071805387
SAMPLE_04144,0.8701819338654926,0.08216606456415483,0.12979408941532172,0.0858211123992488,0.029010038621548398,0.30912920255510634,0.16808509649637718,0.03850230622947872
SAMPLE_04145,0.8537803896749097,0.2779260796740357,0.4767798696346387,0.26197459083403607,0.43421790537794724,0.4575767348556276,0.2674091996915489,0.3720648947328452
SAMPLE_04146,0.8057782834246058,0.7620628232531967,0.5385790634174265,0.7029444409496881,0.41112433708876767,0.40081918650722415,0.3753240575813454,0.3315165294982957
SAMPLE_04147,0.21309503992856862,0.03746507325920036,0.06230252091736214,0.04440842138193892,0.1096534056696513,0.00964127376639232,1.0,0.16984823499081853
SAMPLE_04148,0.902578443307307,0.24045774194726724,0.31261988348855213,0.18435777006719584,0.2550477847249789,0.4379111120257555,0.28412443746050414,0.21070162540960705
SAMPLE_04149,0.5480340626325793,0.3104629744020854,0.340550878174158,0.9129140841578401,0.2906393508868442,0.09347549682479254,0.05903081261921805,0.2103803108005286
SAMPLE_04150,0.29194061462168697,0.1296796397488704,0.18209279008007065,0.09890048794187198,0.6817170155848925,0.05603905666639948,1.0,0.7820926507873786
SAMPLE_04151,0.9085779476887531,0.47116757547145993,0.07306173948298424,0.20077797722791127,0.04583052227575082,0.13096081300824752,0.16543901961111387,0.02192782812744292
SAMPLE_04152,0.2974996011479511,0.14059233772017687,0.2688743561445176,0.48676240565311946,0.2834114825437534,0.22935236533195488,1.0,0.35621901472296724
SAMPLE_04153,0.3214871992147875,0.18200956240300753,0.197930342454837,0.2006339774845613,0.2165591028124817,0.14654801287426644,1.0,0.21244105966041094
SAMPLE_04154,0.894179298227443,0.12392185523902342,0.2536130506861846,0.1391186255202292,0.1442440733271609,0.19832143597458465,0.16238759021111637,0.12288539714513458
SAMPLE_04155,0.6886395294250413,0.6051764060798807,0.23795523736032312,0.9465235314632197,0.49385273351760056,0.1442535621147455,0.15305887786858727,0.35649535553082895
SAMPLE_04156,0.7539505482927038,0.2531972694254359,0.33942579902829073,0.454198833092959,0.16054231153974508,0.29467260808035745,0.2444327220280789,0.1615490753291091
SAMPLE_04157,0.4848611870069713,0.045696307298946234,0.10490155011147487,0.20675062101461492,0.31547929446936046,0.06988608297032062,1.0,0.3191535589576723
SAMPLE_04158,0.766871357601876,0.7327982793150712,0.3410566225736888,0.9603898820732667,0.7781416478428167,0.15727230339668744,0.07562948563235349,0.643330944529758
SAMPLE_04159,0.4863869587080488,0.05306802502325634,0.5729231819013482,0.8930683413222338,0.9072881488521054,0.24255846846762935,1.0,0.9050057129633116
SAMPLE_04160,0.8473796640521679,0.3338635006236984,0.050353919441478275,0.16875156101780964,0.041357653787623364,0.17396086222776996,0.06567237716631198,0.01204960575129226
SAMPLE_04161,0.6249755840849194,0.5710472532694701,0.4115913214868447,0.79010658787259,0.5507211109393336,0.16811320078911213,0.1578780418419569,0.3058005810734264
SAMPLE_04162,0.3367504537785311,0.3646015052843744,0.12144238263516782,0.7825769324677593,0.3461521299768562,0.07005269091449708,0.07983894589690979,0.25843407000696095
SAMPLE_04163,0.6963457472918508,0.9564251154410357,0.7100998366813432,0.8707852146439056,0.7041127747527883,0.5383551087555245,0.4033766933356458,0.6818114697009097
SAMPLE_04164,0.12620054867571084,0.026359663464514058,0.024665034930860398,0.08745243835645118,0.30156468469669895,0.06405333260211808,1.0,0.24817888776338404
SAMPLE_04165,0.7748985894424174,0.6267465129890187,0.48599061808054034,0.893614289217038,0.7879598949306476,0.2344971717173696,0.09943888886197803,0.7939680859499011
SAMPLE_04166,0.5500038457013752,0.3124650190821131,0.45573667571384574,0.35817372241823275,0.5514681798238393,0.2979559038589169,0.16728470403568726,0.5359076846301315
SAMPLE_04167,0.5868681652851266,0.3559209674002568,0.4457782557558923,0.7891275047307192,0.5679435103770465,0.3057652275545851,0.13704749706747382,0.4051427050060778
SAMPLE_04168,0.5963388616454517,0.31800766934154034,0.719775637217322,0.828889589205717,0.8872391306643191,0.19930402428633404,0.14205471628763527,0.6799251439657334
SAMPLE_04169,0.9283790741454049,0.3259737409582956,0.29284020377019376,0.4490284449011106,0.19289202406292613,0.4273361359686731,0.24562035246553782,0.32329798321496334
SAMPLE_04170,0.5690736377750235,0.13621447972365042,0.1725774416573929,0.15504690678078517,0.6676449370924966,0.09124031402632836,1.0,0.7120973676574672
SAMPLE_04171,0.7189729887859999,0.2896686525583108,0.35672868914776357,0.7843467719220488,0.41646725338876783,0.5235583874174999,0.41355545393218374,0.4389776320198585
SAMPLE_04172,0.8265638792921244,0.46632602902971154,0.2841032642675638,0.20291160951232198,0.35913420509815447,0.49008392816431284,0.24734854073875032,0.25473122615906113
SAMPLE_04173,0.8867785594824052,0.5945094080764021,0.6878194299499647,0.5668731727387252,0.725789101362903,0.7089950415681242,0.5346546095039523,0.4871529522377285
SAMPLE_04174,0.4080392284345167,0.07022073573475705,0.14128718778017785,0.1566101346926,0.55025551440429,0.21373600811522667,1.0,0.5881364533444194
SAMPLE_04175,0.484538051900754,0.4906763559301484,0.299753942056017,0.9415603017988169,0.30283951066961495,0.1077050031065535,0.12089345633522294,0.40249666465190514
SAMPLE_04176,0.8721759529262136,0.33463590224766987,0.6014484244121631,0.39759100555953125,0.3991036954583644,0.48079671091943427,0.3582506405597369,0.3888014057507774
SAMPLE_04177,0.3146754280433566,0.4106746442228921,0.20739450314375513,0.9719599134742353,0.14249964085292063,0.06344255996327024,0.06144523805311198,0.37492317118254903
SAMPLE_04178,0.7789568971259865,0.7193886027100151,0.5191965146531566,0.906096375560063,0.5112202915290744,0.6030054941906222,0.4318929017327138,0.384177152481201
SAMPLE_04179,0.7279511755054854,0.9667975658502822,0.1873150289029748,0.8478940579487032,0.04737158579499038,0.31500836188546927,0.33788394715873493,0.05796454490680164
SAMPLE_04180,1.0,1.0,1.0,1.0,0.35952531238558283,1.0,0.876155597584043,0.5834255977725085
SAMPLE_04181,0.609527796258006,0.3867462117306525,0.25998745735224094,0.7667980797688536,0.3143974425633196,0.19932208955674713,0.16226018063983058,0.2588130942666911
SAMPLE_04182,0.7521785664654516,0.2986641611419315,0.5202823089589304,0.3010419122676014,0.2859014090280392,0.40523332190981404,0.2701740795273121,0.3019778667533687
SAMPLE_04183,0.5260757810235546,0.15580787089533324,0.03398588735970248,0.0791394926149419,0.5555213889646458,0.029637497999456305,1.0,0.5783705815574184
SAMPLE_04184,0.8989812267521727,0.185328351989653,0.32628979693868126,0.13402688213117664,0.17912236434219977,0.23728273591057084,0.2859527189955081,0.07606495143530119
SAMPLE_04185,0.9111779979984598,0.2482446916470226,0.31402303357061356,0.17480952571232297,0.29576093350887117,0.2609628625510926,0.17396175302744923,0.0870223371482085
SAMPLE_04186,0.04019691385068512,0.03904540409678284,0.1624155348145634,0.09414568318426052,0.5616966586440688,0.07507709345181483,1.0,0.593839881371892
SAMPLE_04187,0.44611040983905365,0.44222766683483716,0.49772725916557486,0.9167728405277549,0.19491831384553646,0.1276839711180065,0.1228755284833028,0.29298167006630116
SAMPLE_04188,0.6294295455813679,0.6454574356706989,0.29777380573823464,0.9694923073164491,0.6359106981609869,0.10137015145786164,0.055442746366504134,0.596252284207157
SAMPLE_04189,0.579953694759917,0.596310415723825,0.325263974992238,0.9472107410952141,0.2942185315050247,0.2310814259022305,0.1378541523248917,0.32432326526419963
SAMPLE_04190,0.914380205352093,0.10251223471787044,0.35613183117498837,0.1281273251222618,0.15854547161300792,0.34324305627060336,0.2520503857385492,0.10061819810228916
SAMPLE_04191,0.7803689635477193,0.16733477953963707,0.19861639886772486,0.3968933935634005,0.295981601564954,0.4553460105687627,0.3445150078896593,0.20107897103374822
SAMPLE_04192,0.7787583889410185,0.19210874919063384,0.29271484057905145,0.19432167336285233,0.12513387842866655,0.2920422533041899,0.2579198907385392,0.11914354988218422
SAMPLE_04193,0.7425132608795079,0.4505074856928336,0.40437751121972354,0.50242203027504,0.7918153827497956,0.39837916864114903,0.23590171798460957,0.6628611601669898
SAMPLE_04194,0.35490802161291196,0.20798619821006195,0.20038312436256026,0.1066543104313695,0.08987746977164134,0.10527554853572911,0.07564173781501816,0.14481606789920765
SAMPLE_04195,0.8489788337335381,0.16721872690547301,0.3314033841454845,0.5246386294025422,0.3462364308255453,0.300545240554674,0.3864771611821124,0.21632209788553616
SAMPLE_04196,0.6527034899242992,0.43575419228582823,0.4585172636109328,0.8171536889513817,0.22521194733886743,0.47626538392954726,0.3941737338778775,0.16853242373333632
SAMPLE_04197,0.898779202230948,0.1674402352750543,0.15373530467841812,0.1388359978620702,0.1520933279637604,0.47252574732289243,0.19974767969958593,0.1319483099260456
SAMPLE_04198,0.7431722328204258,0.41356079527762607,0.23265481713314928,0.4113541628065331,0.18119345584144195,0.36586986358704715,0.12451569096043509,0.18853224905823576
SAMPLE_04199,0.7243654415947508,0.3340258650118626,0.4740762575023685,0.3119044547579025,0.512935054603496,0.479824177177722,0.33871977358672567,0.5187631212769086
SAMPLE_04200,0.08610605085139655,0.05715612392475836,0.38897772109176704,0.19868973555170955,0.5642124846180943,0.06348302259244568,1.0,0.6601478925962749
SAMPLE_04201,0.867966672933157,0.0650248828691138,0.06752043496186104,0.0177993943159099,0.01710653874630166,0.15979093873116776,0.09265171895131637,0.03640670470551462
SAMPLE_04202,0.7981479618854987,0.19639665283536029,0.47968711837405836,0.12645421575648585,0.4974676428597254,0.47431473948212066,0.4119555165737685,0.35990309399942016
SAMPLE_04203,0.8849785874887276,0.2710620370760008,0.414129944719823,0.39130406757913205,0.32751733870609717,0.26648227335013835,0.18821599361325908,0.25764147702664714
SAMPLE_04204,0.9153795459479009,0.16977229850522563,0.3851306443995847,0.14731066368537762,0.44371823197562077,0.45017583088338886,0.24572264777674457,0.4098246525976828
SAMPLE_04205,0.8433770651137521,0.3088832954763991,0.39218283003425664,0.37636209258891234,0.4987598964366621,0.3021037932814065,0.13690129855547373,0.2758025634567457
SAMPLE_04206,0.660580058041012,0.8230148341660536,0.2941035362452471,0.8597491544672972,0.2534272915071878,0.3892474093743445,0.36521143837037806,0.25584049601344777
SAMPLE_04207,0.5663631477855469,0.17431663741944214,0.4603828721557725,0.3255127658527274,0.785098181076608,0.029443731980340778,1.0,0.7826416770746472
SAMPLE_04208,0.581624098530755,0.29561872266819267,0.1550627114693163,0.27254918110321635,0.19264972772088348,0.11913133752889025,0.10965064299072103,0.2041727976204467
SAMPLE_04209,0.7905753958318523,0.3796559609360459,0.2704915780069863,0.41877742591349476,0.19720634766247985,0.3256203731716077,0.1924386711940509,0.27568835165779737
SAMPLE_04210,0.31910062561028024,0.3027213700723838,0.24584296109330678,0.8832654782539675,0.16163859219741855,0.19013630376930768,0.12249835441564402,0.19928606205209085
SAMPLE_04211,0.8351771431019711,0.19769442379578273,0.08241752415357492,0.05526040678155918,0.37355211206744265,0.1465605721625793,0.12750146286963188,0.2760267535883482
SAMPLE_04212,0.6803342772245399,0.8855941862935961,0.3887468160408993,0.8218291300154071,0.26533556084594706,0.4417398843567469,0.44214274482642735,0.2656833188949188
SAMPLE_04213,0.9073806486008207,0.196590888541356,0.17815736555493825,0.08755886882004597,0.15698364336039614,0.3479765830643403,0.21958180641780334,0.2447938832694925
SAMPLE_04214,0.449991138173335,0.15366538210307715,0.20650135279173296,0.2704699432254131,0.5689894648979659,0.278899680200635,1.0,0.6611055479912324
SAMPLE_04215,0.6911226327939545,0.6864225157293223,0.37483260834035426,0.9478272001476601,0.4164945238685414,0.5304760426820978,0.4354297579242187,0.36778182431800027
SAMPLE_04216,0.8163635653658889,0.19163369543217593,0.4676916143040734,0.2142771596134191,0.42754736577499336,0.39895784335674217,0.40972411525025454,0.31560428433176824
SAMPLE_04217,0.16515305297506935,0.1534300431591872,0.5688954438465617,0.1775077253101482,0.6510606233824351,0.10007739512049992,1.0,0.5703302170393425
SAMPLE_04218,0.6795288873715136,0.5844883367240067,0.531729356266743,0.8602864860076413,0.3177008946763717,0.38795609360070193,0.30502394105999764,0.16639009454546771
SAMPLE_04219,0.03241246010041048,0.048026792829122235,0.0290178239417082,0.8500539847054485,0.08328669669676833,0.16206898491846378,1.0,0.137459540916689
SAMPLE_04220,0.8175738017343722,0.2861049759683858,0.5236560013586474,0.37234176472647934,0.6783302474310252,0.3627127596072302,0.3371881584488319,0.5205841236858164
SAMPLE_04221,0.06121518581605106,0.045681572596251274,0.06787579597436733,0.08575519497401148,0.33029383079624636,0.18886499336358734,1.0,0.26643301813924936
SAMPLE_04222,0.7197609677885691,0.5606040619440563,0.4416142563697677,0.824482864232244,0.10643360501436075,0.5967069727098124,0.4298815944642616,0.10554426975141629
SAMPLE_04223,0.4143866103063161,0.23747868475811723,0.144465497959262,0.8231412193952239,0.3035397284262778,0.3177015600813282,0.298234614545827,0.344030320498066
SAMPLE_04224,0.7131172019079413,0.49511581045616715,0.3012551028320737,0.6365670982202811,0.3334165189810681,0.42085056227985257,0.3305595606841685,0.22060732007470557
SAMPLE_04225,0.7873702817240493,0.14963836624509638,0.20717060748242289,0.10044432682609936,0.2581620692012544,0.1952224144803837,0.1623319710173146,0.20728590685326653
SAMPLE_04226,0.7379669464433478,0.21678741149679168,0.3278607765685127,0.12720638600666828,0.16954089945179257,0.391670807246603,0.2555656651428186,0.1364927074701732
SAMPLE_04227,0.8893757291149589,0.12714633835726896,0.11313310322921019,0.08732573093957954,0.1251144041931762,0.1393909115639515,0.1916591409452521,0.03667692252940636
SAMPLE_04228,0.5235249956028188,0.2557808878371807,0.09999805019758144,0.24361417080025954,0.17598061013955293,0.24114030745226384,1.0,0.12584837803078802
SAMPLE_04229,0.7533676245293476,0.2929081358240443,0.22205882453609388,0.631252838216735,0.24232284430084242,0.45873487691513704,0.3897720298414866,0.2719822028236698
SAMPLE_04230,0.5187377621243473,0.5767649679174682,0.4530183590662406,0.7772009217558875,0.5837490807647973,0.279249798214959,0.14427691687263797,0.5540701044402523
SAMPLE_04231,0.3645295873571261,0.13343385779030964,0.21054783939658467,0.028509337252400617,0.4028832361948327,0.1985064263449313,0.11305335120808878,0.3438409851768686
SAMPLE_04232,0.5340812845411764,0.2728033564275677,0.24824959419011824,0.9435804884599586,0.6214063869638504,0.28316135467792125,0.11967173853971906,0.45558058203841495
SAMPLE_04233,0.786979618318766,0.33449004165427837,0.21912215214620195,0.24518289309628,0.11150535638695566,0.4402475528853481,0.3910860704837292,0.137328103496689
SAMPLE_04234,0.7987674046596036,0.3972694534276177,0.3353647126854336,0.7288888006952551,0.4567941521531181,0.46615001174676085,0.4002036352033342,0.5354519555213835
SAMPLE_04235,0.9023766676069308,0.6557629677244516,0.13145662140692543,0.4859897256203728,0.08274310348327144,0.1941995754508424,0.20956145869653606,0.0335468309592692
SAMPLE_04236,0.08131270914846801,0.10538602433106808,0.028140573470376518,0.050409670942727275,0.30785768284767023,0.1462988049228285,1.0,0.3327604069043262
SAMPLE_04237,0.7735545375457319,0.1863128279238819,0.08076095370941745,0.01770370001572316,0.02153207904450646,0.24632720857967905,0.32206109061249344,0.02780547356623348
SAMPLE_04238,0.3109182000677212,0.3037749361093226,0.20140841005316623,0.7617699489669607,0.4602531100123125,0.29430496412856605,1.0,0.37629881705675233
SAMPLE_04239,0.9277605555949641,0.6931870524801732,0.8682682607922093,0.7246620529807912,0.9532235237346909,0.6081634340866574,0.34008916777728143,0.9656051279949871
SAMPLE_04240,0.01996379352925486,0.02066788376444744,0.5087946129765542,0.3070213365292284,0.743255747556087,0.0580547085889896,1.0,0.6528887830161565
SAMPLE_04241,0.7717597855126307,0.2232242607154379,0.36611601661909826,0.09264985835180203,0.33497278684185133,0.3577902766790238,0.3506514396324116,0.3233363398793841
SAMPLE_04242,0.39428139186884403,0.407080414471062,0.47591756083732223,0.848656895862253,0.6373357604227251,0.2262582250484569,0.15885651509004592,0.6149795765862779
SAMPLE_04243,0.6678622042646609,0.39792992547243183,0.5580746322873117,0.7958211731887014,0.519929576572339,0.505396960013782,0.41768742796407254,0.2766345717809998
SAMPLE_04244,0.8313739646235514,0.07921217653856169,0.2464779964734775,0.08081950640291566,0.18893277528370253,0.2897986526280144,0.2143628176966484,0.3964924645083866
SAMPLE_04245,0.884179242103332,0.046210915963350876,0.1268569535550358,0.10242253219303868,0.05771280490652632,0.33937560848679993,0.09447582093804993,0.04780996974269644
SAMPLE_04246,0.2556586326441031,0.18493439672987666,0.0082333173398411,0.01884696483491708,0.37932376162540243,0.26811220991279705,1.0,0.34286320331780673
SAMPLE_04247,0.40834907361092493,0.2860761658603567,0.2885415318628152,0.9045040247307967,0.09061235644893573,0.16471182807117526,0.15966644878163677,0.08829188465646455
SAMPLE_04248,0.5392799217735429,0.45585855177595774,0.3134331163269667,0.8431135336389614,0.5414415573143502,0.44501367260275976,0.3175436455890693,0.49637987267835026
SAMPLE_04249,0.31260261932940475,0.16044553133014205,0.23106741285735088,0.14556092167310014,0.5337790072505313,0.12849316141644607,0.1985196257942396,0.5086823181110246
SAMPLE_04250,0.07820801511763388,0.05869832593254644,0.019071127928466318,0.03129267249240974,0.10077500209416845,0.08445216281074189,1.0,0.1708597951297297
SAMPLE_04251,0.6142143197821329,0.24960812011776745,0.11324659231678,0.1639950993337369,0.38106819510731677,0.18925296617514462,1.0,0.48403158033175664
SAMPLE_04252,0.7011069073624118,0.33703621171382603,0.21780673571117223,0.10762001540184739,0.10590026761728868,0.27092269600674246,0.11341981947908288,0.09349557481197149
SAMPLE_04253,0.237588178212766,0.07765002061607873,0.1427221590432216,0.16379015055450682,0.39481569675578515,0.07835278140551517,1.0,0.365153040476759
SAMPLE_04254,0.9113787877799545,0.39447036851452527,0.6279795007506023,0.4462875111513953,0.3812007552330345,0.6230415621876259,0.3200722167165498,0.312663878447238
SAMPLE_04255,0.5728344805802376,0.35067719966018013,0.24921677055016053,0.8688106185185612,0.661325780915772,0.24527550313051918,0.06764198963231512,0.6667718191177414
SAMPLE_04256,0.892578898579296,0.3091191434207992,0.1549389940055236,0.32072959234091036,0.506963637584143,0.25799696750986684,0.16674927111499943,0.11628320210237438
SAMPLE_04257,0.7544010277478198,0.6445443974539179,0.4878921113909743,0.8189907098924657,0.49471321805820456,0.07205555367857028,0.0536567016611977,0.5870972313640622
SAMPLE_04258,0.8089704254857907,0.7801678623463543,0.2956267608046517,0.7814416249361648,0.3304469667110935,0.4927980568791254,0.25626154639604715,0.23638579015378955
SAMPLE_04259,0.8245654439396326,0.7057884134445055,0.369836417913413,0.9346643760616286,0.21336872007548494,0.5255556719249995,0.4008532961426926,0.19988345709930774
SAMPLE_04260,0.9023790503607685,0.09446628888330555,0.047147683825109615,0.04461928285271396,0.00584572711643288,0.17749006823172353,0.07607880606043044,0.00223210584269898
SAMPLE_04261,0.00807718518914752,0.04476674105804488,0.02010891557959424,0.028579666912257818,0.16197187578937094,0.05208044493799092,1.0,0.1844797240403719
SAMPLE_04262,0.760560520635847,0.4710345123042375,0.318923729082955,0.2185609273860069,0.6231441105225423,0.40194110863591564,0.30937423354753546,0.46121931205515565
SAMPLE_04263,0.886980219563883,0.3257813982192594,0.41849105065972714,0.23244579055073297,0.2263425330897057,0.5117099503653826,0.2835532461717594,0.16290319193488143
SAMPLE_04264,0.4659106157154314,0.2837391495303212,0.1354397302696691,0.9392568396637878,0.5866577102475488,0.19170866220845562,0.15125552257287916,0.6809464105269074
SAMPLE_04265,0.8301777751038502,0.5963653447367485,0.8265161102952839,0.6221051625337176,0.839890484154781,0.5229751631492017,0.3356168437791171,0.8028471123482483
SAMPLE_04266,0.804572873872492,0.47341390361372593,0.16013419085137548,0.7725571752884031,0.10498082763604492,0.36189923221746073,0.20807008529709264,0.16079020826239177
SAMPLE_04267,0.5631628455068737,0.43904426991928336,0.22709693059276279,0.9642348300643325,0.11626831853417252,0.2397082989026209,0.19488095468207003,0.08984402715496277
SAMPLE_04268,0.45855730878429873,0.1995976414409676,0.13826833786342463,0.8243861114545206,0.47366360774482663,0.10166162542784386,0.13667821130792815,0.4242428762082014
SAMPLE_04269,0.3319585888687751,0.18573055085509987,0.24391091592869282,0.1787487586612795,0.4468375821873495,0.2803689931621552,0.08307123083013654,0.4259672473795784
SAMPLE_04270,0.8043708352096004,0.06730800606131768,0.34937973614999246,0.1120900896024122,0.25320337661938913,0.2925329937864931,0.27118757323786064,0.24241927796559007
SAMPLE_04271,0.7491613298209193,0.47087877304691284,0.5243409458526614,0.8636117927188718,0.8506169285875065,0.3887607333190353,0.10584419873843973,0.7663452960726732
SAMPLE_04272,0.7779485405128349,0.35706458323511187,0.24339614032371626,0.29165343068360083,0.1808676048498171,0.38718077073870205,0.2603751580813636,0.06050233195938794
SAMPLE_04273,1.0,1.0,1.0,1.0,0.2703050330944296,1.0,0.8803281004082573,0.47003209351337116
SAMPLE_04274,0.5859943914243564,0.4758620371562702,0.38537944336931773,0.9099648143954305,0.4935390517982704,0.25397383681428054,0.21164907978717595,0.45878318605942636
SAMPLE_04275,0.9025787143223136,0.053248357710432036,0.044087896992486636,0.047922231818972,0.03239351348663328,0.3241062824630362,0.21367229329868123,0.04201356253866752
SAMPLE_04276,0.8283765960007686,0.11530618093992097,0.18725099924699068,0.06873205470098157,0.11515762486478796,0.2887649396812635,0.1532019337300005,0.1309218567569203
SAMPLE_04277,0.7785701048449094,0.678105019705974,0.5703560286861905,0.9431614387440096,0.7094871670451255,0.6207017051257412,0.404228675965088,0.6193805734677397
SAMPLE_04278,0.5217978350168962,0.3510324033073005,0.08381041828959578,0.5414856029687103,0.38862832693742005,0.10683647020567223,0.059237529068567725,0.3095583280385514
SAMPLE_04279,0.019080652808158242,0.04830987319433168,0.12885220482629678,0.13784232226253443,0.21938055180128055,0.08989547639707357,1.0,0.22149989485351645
SAMPLE_04280,0.7375770064778587,0.28031774384450847,0.5061953435075534,0.36697433895032916,0.4862794041112574,0.5457559095810779,0.42002011611185797,0.6222252882617257
SAMPLE_04281,0.8961798159249108,0.44718685490752524,0.46616489454286164,0.5139569953139158,0.39410483636960275,0.3816715916785693,0.3309930159260922,0.25958016516726035
SAMPLE_04282,0.7268612684254241,0.3944682843447608,0.45040538009453024,0.8122519900204701,0.7834841482919135,0.2503242296205264,0.14585918798811315,0.7903038040685283
SAMPLE_04283,0.4459581057198149,0.6035540187095471,0.05166655569993206,0.8593333855201417,0.2641333168448333,0.17764434971291826,1.0,0.24682579072230507
SAMPLE_04284,0.02444464391763214,0.10727142936323314,0.10001163771794204,0.8067398736752035,0.23084006338476368,0.029041381897081657,1.0,0.2547971712372274
SAMPLE_04285,0.9001794308078577,0.7851414330840424,0.950498776033086,0.7964153953051472,0.5746155793558251,0.5941932822964568,0.451139765286913,0.5618417295859105
SAMPLE_04286,0.5507725419657523,0.04879988476908152,0.08545481149894561,0.42035908073239653,0.5784432807640959,0.049075613338709835,1.0,0.467999439208462
SAMPLE_04287,0.6400692552132576,0.32952723262696665,0.5464318290238817,0.8727845429796431,0.5610225565153327,0.1698944073882712,0.10346841143764031,0.6044240803287282
SAMPLE_04288,0.8817801433030186,0.24483046076891296,0.3170637615351619,0.1405521682584813,0.2706495695270747,0.2588147198893843,0.3457815919933823,0.2813989075938272
SAMPLE_04289,0.18865247508496763,0.1439058990956285,0.05851712854820044,0.782788274739021,0.13924865519876573,0.1266489138020119,1.0,0.24117560408359076
SAMPLE_04290,0.5222722720533692,0.10550215709270888,0.2527254599069262,0.07924291348273783,0.6893233349888624,0.1745625708467927,1.0,0.7501746278047274
SAMPLE_04291,0.6452173455026694,0.6656929539528302,0.6618877698565961,0.9550201161498963,0.750952770810982,0.2033518456262245,0.08223486499560555,0.74729399933074
SAMPLE_04292,0.5433425547181295,0.36575899895805164,0.1765252589547784,0.8542449614016511,0.3745398353807474,0.23461210099136504,0.23277513998154042,0.3635620195071201
SAMPLE_04293,0.6849701788791136,0.16892471221079242,0.3115593788792634,0.09598014028097356,0.38570154509362853,0.38043990474181083,0.3740018709376627,0.36083546066804
SAMPLE_04294,0.7525702270693013,0.7371920976304887,0.09801333931092523,0.6464185919629947,0.15202440861563846,0.25850792485708957,0.1775307560762263,0.08554755646533972
SAMPLE_04295,0.7689563841389341,0.26306176445353213,0.15021775828484651,0.17180928166159698,0.149478829465696,0.4646833439346066,0.2970867718186321,0.09801742917097674
SAMPLE_04296,0.8339526443250667,0.43096022143176543,0.5098685414410593,0.9174156239154104,0.4813930661449568,0.4977718036187154,0.41539722889203967,0.43094981196525123
SAMPLE_04297,0.05607627117431556,0.00806702997945238,0.3023563399174767,0.09254110826885713,0.3055674967912732,0.08967434514827677,1.0,0.3229139513979579
SAMPLE_04298,1.0,1.0,1.0,1.0,0.3613642270779967,1.0,0.8774547311346402,0.4546745522938037
SAMPLE_04299,0.9097799631817414,0.26414559374811436,0.4294904253765438,0.18814004572168835,0.3821477758205326,0.45303204898976485,0.2967938793715203,0.3833001067939871
SAMPLE_04300,0.6955676465092334,0.22886261937560717,0.19826497619190717,0.7824174743930608,0.16291937936037393,0.3363578056978385,0.2109080062534423,0.25165207959405783
SAMPLE_04301,0.7049728263854517,0.6349481947495299,0.4304699531138155,0.9150979752616041,0.3257326367883634,0.5081997278580345,0.39179005876212863,0.2974832088643798
SAMPLE_04302,0.8649806027250483,0.5570377346728725,0.08541845476998268,0.17380814630630045,0.11671996967624468,0.4323335905131975,0.20930150628638225,0.03263108029580636
SAMPLE_04303,0.8619747326488644,0.1190176746710717,0.31324076202403517,0.327573800349468,0.3064720392017583,0.4305179434240378,0.21617180884665121,0.21212257680177846
SAMPLE_04304,0.5054320803180085,0.31386241150491057,0.3265285316581097,0.9222300033708579,0.3253260869225015,0.13926088957772237,0.1388706285451207,0.4014588433371276
SAMPLE_04305,0.8459791186591918,0.5395572087496481,0.28211065307410477,0.27966325496778954,0.2867385846279188,0.42544362005912856,0.22853784038161662,0.26681469722400747
SAMPLE_04306,0.2804377889133214,0.16506610195167468,0.15764817014713128,0.6854033810508722,0.2042476514749701,0.16106739765060366,1.0,0.2336992883232085
SAMPLE_04307,0.9411778078212515,0.22408874902081455,0.43149811980836145,0.12071841374744699,0.1761969541743222,0.39171777890150855,0.26465323913602434,0.20277232899419873
SAMPLE_04308,0.533383462107723,0.2750772904793038,0.09704592883226681,0.8695740626797537,0.297974917048766,0.20495710251850693,0.15064913125157503,0.30500032134276706
SAMPLE_04309,0.21126937891533137,0.0248908745591677,0.04893387112190419,0.04401868283232768,0.09935970164520001,0.07923745338727349,1.0,0.11514357458421819
SAMPLE_04310,1.0,1.0,1.0,1.0,0.5304664125715345,1.0,0.8804181782347701,0.5802452420648494
SAMPLE_04311,0.5841365377358858,0.6006481017131206,0.4318115005778384,0.9668796400270954,0.7000191959266532,0.1218819527801783,0.07143632954185344,0.6667345130696919
SAMPLE_04312,0.8903797237084412,0.7107289725979931,0.07166845816636423,0.3570001677660236,0.03742806095024972,0.1765394322304825,0.09250574868408551,0.011061255217876419
SAMPLE_04313,0.7549780207580286,0.18953766238308822,0.18006000471657632,0.07455324545068054,0.08069970689274562,0.2683702195767607,0.22679834630602452,0.1702555052594294
SAMPLE_04314,0.8439753479515585,0.4842674322719038,0.608709886696497,0.7920399314765321,0.6455043750467255,0.45797452497502805,0.36480009132594293,0.5011021948986709
SAMPLE_04315,0.6180091764522795,0.221548243882516,0.5495205157446529,0.29802847823377604,0.8803038498626804,0.25787160850056684,1.0,0.9183710596636389
SAMPLE_04316,0.7713767422107446,0.5055446586790119,0.4048123156758568,0.9542732064990755,0.277457125952941,0.44369853439521495,0.3285300965714743,0.3217559446991041
SAMPLE_04317,0.7361934230795971,0.43961106458940946,0.42858536882718845,0.8397249018217996,0.6707060218835545,0.3061399253204905,0.16728555993387872,0.3426985818221
SAMPLE_04318,0.8205811614007907,0.35551162772396216,0.3870873010605554,0.3717452153847669,0.23274093393551024,0.5489985538573768,0.3397427619386237,0.1684798070350735
SAMPLE_04319,0.4632563345597544,0.6472288361118085,0.3056211703073298,0.7680576745781912,0.466032517305096,0.05507134050727896,0.10186057065832747,0.43154195982886795
SAMPLE_04320,0.7645697620261562,0.23231240959050348,0.31456674932075224,0.7542425919886014,0.2479205083136978,0.3753859481401931,0.2962742973889683,0.29506838098160154
SAMPLE_04321,0.16940035500114886,0.09218098917606617,0.37086859131227506,0.09635835803405846,0.61092830693847,0.20695951203385815,1.0,0.6400836633477529
SAMPLE_04322,0.601979742702724,0.42443515362370005,0.49977805074004633,0.8967972187993497,0.6648487632630423,0.14347491837194848,0.13487538116035255,0.5007247066168214
SAMPLE_04323,0.7530865627034733,0.15961261069901364,0.6911015929722172,0.23218524171149357,0.5492680477695391,0.4135717297568902,0.0987347473426751,0.4777911138313168
SAMPLE_04324,0.3627534748443958,0.4953135888885961,0.36481241139914317,0.8514028445217481,0.49985326193578605,0.31146706326600954,0.20886091204150173,0.5540269727428629
SAMPLE_04325,0.4767108256386039,0.2657527850371308,0.4804427059027583,0.248712063366546,0.7200381736525959,0.026437196797305936,1.0,0.7298943262507169
SAMPLE_04326,0.5223576326700694,0.3254011420112505,0.4354621637425759,0.2913165759644557,0.7453186173014444,0.12069850439453986,0.11848114488652794,0.627237776322359
SAMPLE_04327,0.282214733373692,0.47795612804249743,0.18362315124034612,0.2894635271063125,0.2733216653323198,0.2785991504238924,1.0,0.2894351789523559
SAMPLE_04328,0.5299621092829929,0.11473585964052099,0.2026181880467337,0.7554223185079543,0.657539765281598,0.1520431716231152,1.0,0.5901250308851858
SAMPLE_04329,0.6943030282357076,0.6390577146719805,0.6113082671603838,0.661345399901907,0.5570338089526906,0.5040555221006139,0.4221332815408576,0.4755612013496818
SAMPLE_04330,0.7497643069274749,0.44258840292313373,0.2780756702142546,0.6448411500583903,0.21076791823153038,0.4232539463610626,0.2793847640331786,0.293034545107228
SAMPLE_04331,0.8103751055186512,0.4017780118863856,0.3363065787138391,0.5428172156519794,0.13588916212495117,0.5291553531171649,0.38308726540469357,0.19850055474729417
SAMPLE_04332,0.7953152684630616,0.8003616791818667,0.4505219280561138,0.9349966735185269,0.5694026278191093,0.08445267580133164,0.11683974869019026,0.216527828130807
SAMPLE_04333,0.0342936967867059,0.09015098812869268,0.15612284379995323,0.09662679972823607,0.0836327806325578,0.10007947727368975,1.0,0.11930719860762236
SAMPLE_04334,0.7324572893688476,0.30005131695069165,0.20431692178919453,0.9399402695491779,0.6646486425129224,0.24291836170586992,0.21449108490741792,0.5168779835351125
SAMPLE_04335,0.8609748876370149,0.23724842642940117,0.10225240713633092,0.1229300606692897,0.09548312436535107,0.22015390841540983,0.21603806848885918,0.09096114019610654
SAMPLE_04336,0.5379505227309791,0.3438393486094334,0.42106688424113436,0.9250038091749694,0.49040979982279703,0.2411250259818329,0.15325612958367085,0.2271441879587595
SAMPLE_04337,1.0,1.0,1.0,1.0,0.6710994544734274,1.0,0.8764667044885915,0.7822466871345933
SAMPLE_04338,0.8907795316429523,0.6372845740921326,0.4014357931045612,0.534757278781529,0.5067822529378972,0.1643117500368594,0.08844935786597662,0.28291986063394936
SAMPLE_04339,0.765283080681453,0.7837077676353362,0.3232799084041135,0.8840695717387116,0.9780778485273506,0.3291565735337218,0.19690113712599083,0.5334533666843829
SAMPLE_04340,1.0,1.0,1.0,1.0,0.39574852255822524,1.0,0.8693752853574669,0.5297229004631927
SAMPLE_04341,0.6926915690120857,0.6718660897157032,0.4329749559455984,0.8297282728055111,0.3641132821624507,0.5252059002476338,0.436680212458324,0.3533656944834189
SAMPLE_04342,0.6981735144278801,0.4874207481003811,0.058286896681436676,0.2862026712453959,0.10522354983854042,0.22461253317073251,0.10807801786503451,0.10117681708931911
SAMPLE_04343,0.2765633785555621,0.10835027782836744,0.6139293104057304,0.8005603320385279,0.815616273129622,0.07428011969283307,1.0,0.8338413275524738
SAMPLE_04344,0.5763633767244438,0.1057260009513265,0.41925003484861967,0.19140319956115856,0.7173469059843937,0.23993234335169555,0.10952133752547322,0.7205837743151401
SAMPLE_04345,0.10841954504034772,0.03157084733248742,0.038621269166795674,0.006678509293670999,0.1957865839897609,0.09325836082159994,1.0,0.22692008043307413
SAMPLE_04346,0.6159618076147181,0.1853793384449702,0.5168799745103587,0.2145887828446088,0.5323453266779988,0.514027974866874,0.4892350157087224,0.6508576535429974
SAMPLE_04347,0.7595772927327744,0.6281803160682986,0.4604603927060972,0.9070214036216577,0.28652545846905525,0.5556207590834644,0.42848462970599527,0.3416718955972716
SAMPLE_04348,0.4392299478333469,0.5890090996236399,0.6195749353274617,0.7969343887352702,0.5443235581293766,0.33716183206351114,0.19692752870366204,0.6103863416420566
SAMPLE_04349,0.6363912028233341,0.5467012797634688,0.49736030712620105,0.8325364263721933,0.4218007989832466,0.1237121449361417,0.167093115223101,0.26581527193943627
SAMPLE_04350,0.5481592919605728,0.0758116728113702,0.27923704639946884,0.08632546020258931,0.6175902668404231,0.07144876375219951,1.0,0.6470327039017025
SAMPLE_04351,0.8737755687179697,0.2760596001187226,0.22551203495650926,0.21009815627427625,0.10307266596323102,0.20432137675378617,0.099714483492405,0.05862704240840953
SAMPLE_04352,0.3100317467844224,0.5249208480224624,0.41080107524595066,0.9220153947110016,0.2758911714937417,0.2664114803041189,0.174896677821967,0.28405696959204924
SAMPLE_04353,0.5212327232831824,0.6258937020457797,0.4184268596704742,0.7799316620160875,0.6447091884443041,0.13574491583387005,0.10784902732707269,0.647295428406223
SAMPLE_04354,0.3281387031876146,0.6385729284787747,0.21336641470953505,0.8747783467360983,0.6254313450203971,0.2895876755106652,0.0632381555997105,0.4642342513541203
SAMPLE_04355,0.1344568557399209,0.058713265542556015,0.21586053476580194,0.04215741618468704,0.42803319047967164,0.20706885716020135,1.0,0.4989796414040743
SAMPLE_04356,0.6875319186558254,0.5076791599944281,0.5223916040735443,0.7884474465566312,0.3055155303024978,0.3969114355156227,0.3904493821891106,0.38587602290359513
SAMPLE_04357,0.37450370561471746,0.10716907553504817,0.03354350158586412,0.02572636895235388,0.332592224449524,0.12544902772459962,1.0,0.38702656511397937
SAMPLE_04358,0.8789736130090157,0.2226075470999096,0.26456584288052054,0.10210269673533352,0.36886413369071186,0.44774706834612715,0.2276317482721899,0.23089745115101787
SAMPLE_04359,0.43082739918439183,0.608085185530783,0.3484145269331624,0.978380929324501,0.21482276233479886,0.16767843825468345,0.10805262624715516,0.2523259289696784
