sample_id,Ampicillin,Amoxicillin_Clavulanic_acid,Cefotaxime,Cefuroxime,Ciprofloxacin,Ertapenem,Imipenem,Levofloxacin
SAMPLE_03360,0.999650024259678,0.0040656153884054,0.0079621792796283,0.0074812698696523,0.0243582585231283,0.0053921560707421,0.0010832899559956,0.0127265635248508
SAMPLE_03361,0.3744373249343002,0.0035723366573114,0.0014236200837475,0.0110532862556825,0.0254393537475574,0.0001136038455735,1.0,0.0144839369740623
SAMPLE_03362,0.6761766160931766,0.0319240967357608,0.0154182105938461,0.1784228935019279,0.5598688008816248,0.0001851094911711,9.749888251601776e-05,0.315059844039301
SAMPLE_03363,0.4252848736040781,0.005061115729119,0.016707736628428,0.0102711151562539,0.1116953346437637,0.000120679015078,1.0,0.0369333915135571
SAMPLE_03364,0.8232158756826513,0.1463729733548129,0.0431414679394505,0.992712627431979,0.5367897728769735,0.0005018913428371,0.000103358519772,0.2138348296786073
SAMPLE_03365,0.993507073901618,0.0666415066109837,0.1002525616089517,0.911823320441479,0.1913698784248507,0.0003133725467174,0.0001228581299095,0.0368248991625131
SAMPLE_03366,0.9738232641520742,0.0097096400915202,0.0198654366186069,0.9901249612855711,0.4431504955267783,0.0002174344882142,1.0,0.5498412056130482
SAMPLE_03367,0.9912515523629,0.1753202834184321,0.0251060668452216,0.993599022486262,0.4162819977167232,0.0003168526948455,0.0002312469191796,0.3994771410092399
SAMPLE_03368,0.7007593712845417,0.0177244496566701,0.1825587937972811,0.9904516943573184,0.7618840259403269,0.0001507045533999,1.0,0.7786287962608267
SAMPLE_03369,0.985490293736696,0.3885136835232518,0.0470028444243569,0.9967792787062872,0.8738865223202413,0.0042748423225479,8.74881406096922e-05,0.8187388079608677
SAMPLE_03370,0.9962077902212142,0.0272374636452737,0.2888684233856053,0.9992626854570086,0.2473626301804674,0.0036833342167212,0.0013645648252788,0.02638259223012
SAMPLE_03371,0.8350361389131209,0.0214161402590068,0.0027498375684682,0.9981156816002688,0.0363193548394059,0.0001327057534927,0.0001705350603441,0.0254382487838122
SAMPLE_03372,0.9857879774178764,0.2328528355804183,0.0242812355764047,0.9891384769971496,0.0322953973421605,0.0003399012239639,0.0007061103916168,0.0272390896646996
SAMPLE_03373,0.9964193928020824,0.2695159921045165,0.0212238264839824,0.9987775644242586,0.0437239801991474,0.0008716582871875,0.0001944700686828,0.0203698996128477
SAMPLE_03374,0.2979700438673652,0.0125609840462516,0.006368094318324,0.0047232266802956,0.0428543597179723,0.0002367233345402,1.0,0.0815189517534627
SAMPLE_03375,0.9871107605385504,0.3571266570436558,0.0170311643752546,0.9952280972012528,0.1818647626621393,0.0001268065978619,0.0001256961636377,0.0717447649491506
SAMPLE_03376,0.3316880219104159,0.0350998171289688,0.0109548716336026,0.9978182079742092,0.275628540604509,0.0004835716460808,0.0003699206104326,0.0434326125130745
SAMPLE_03377,0.9805607679097224,0.1994426568816966,0.0175377152119734,0.6159291170258644,0.3676779406388061,0.0002340792055756,8.277381336239408e-05,0.2431179544941383
SAMPLE_03378,0.9999472961839106,0.0110107997862364,0.0059641745187974,0.0200247374394498,0.0138256515610533,0.0006495048602773,0.0001563426298329,0.0083274408159872
SAMPLE_03379,0.9999502655436268,0.6317235627848564,0.0920913983629552,0.9965551460088784,0.0213082540217651,0.0335833721129394,0.0006680701955858,0.0302507883072379
SAMPLE_03380,0.9978608477354346,0.5366196480783284,0.1539679521699436,0.7547450817633711,0.891402523825584,0.0006062222428777,0.0001310297739693,0.1556918119003717
SAMPLE_03381,0.5845654129010798,0.2308532648831887,0.0091420108179172,0.99178371319638,0.0221229995181505,0.0009952224703838,0.0001361437155819,0.0185632309688824
SAMPLE_03382,0.9999148077661552,0.0129240383546522,0.007444367369195,0.1619775871076591,0.03098923588098,0.0024429825574263,0.0006266827538198,0.0090698857737373
SAMPLE_03383,0.9999483061238024,0.0067458646876031,0.0056920098228931,0.0201490224268497,0.0172476749745619,0.0007567403589816,0.0003588972101725,0.0114606713363294
SAMPLE_03384,0.999929044611911,0.035656584151965,0.039040932959275,0.2015635340273167,0.1924723534339576,0.0268991811923691,0.0470038880449109,0.2572941093690745
SAMPLE_03385,0.9931883054841232,0.159651803075953,0.0234793549516576,0.9944159849235432,0.3084199658643304,0.0003170153868869,0.0001166778778582,0.0433806400101714
SAMPLE_03386,0.99742215207287,0.0231178614048772,0.0133102097659517,0.9887353832556716,0.4516931907652964,0.0009055481690867,0.0002236681033019,0.3745444915984542
SAMPLE_03387,0.0379552512529026,0.0062108031828846,0.0015829240795209,0.0070140562901988,0.0312448381444817,0.0002274269942719,1.0,0.0192580260223351
SAMPLE_03388,0.025309874649553,0.0113764874502354,0.0017199190932612,0.9882091685295696,0.482633117521652,0.0001003652645566,1.0,0.3901623210555004
SAMPLE_03389,0.999951648405412,0.0069198331523345,0.002901327276267,0.0085012457605456,0.1740529394229812,0.0010958443888229,0.0002669199174168,0.0077273352269622
SAMPLE_03390,0.9999503884024694,0.3290969572569486,0.0025145098937658,0.1138379804950137,0.0079948058470858,0.0001848778922952,0.0001245485059291,0.0045329535778625
SAMPLE_03391,0.999885783824658,0.0073852731113873,0.0276078651327671,0.0510748197733679,0.1346684186201902,0.0043357135903553,0.000344920594233,0.0174415313041376
SAMPLE_03392,0.9999442122077946,0.0063292977633662,0.0044079674491257,0.0107281362009273,0.0153627614509912,0.0014697790389881,0.0002791867607342,0.0126644286135192
SAMPLE_03393,0.9999263127542694,0.0341444825179471,0.0831100678464323,0.0370626545532685,0.0448971076818269,0.0311964026224551,0.0027070545051539,0.0210348339875342
SAMPLE_03394,0.99995224536208,0.0144016524147241,0.008784337100968,0.0445616694940851,0.0344748323814341,0.0019778554078835,0.0004821674508055,0.0180550553646908
SAMPLE_03395,0.9999513093769942,0.0058976681852304,0.0111789797494365,0.0306106961487969,0.220563388432317,0.0007381377065665,0.0004267419189803,0.0123017846594243
SAMPLE_03396,0.5840433265537653,0.0056261979735447,0.0013072924900814,0.0292359028467844,0.0301905829694447,0.0001098935156547,1.0,0.040053561659333
SAMPLE_03397,0.9812608628911054,0.1526865350357011,0.030493942871642,0.9900690842204982,0.1962799005647912,0.0003289845269832,0.0002325183577944,0.2045898765984308
SAMPLE_03398,0.6546340911927786,0.0342082044650418,0.0533401686450946,0.9966017325471158,0.5376678093086722,0.0010193303040742,0.0002382833322101,0.4131963922556464
SAMPLE_03399,0.6532608003981364,0.2374448790909915,0.0009173702519271,0.0290596381551672,0.4809610506351541,0.0004017623375249,1.0,0.5574029628263086
SAMPLE_03400,0.9999518729450882,0.0123701232615102,0.0091707154962663,0.0398021489128578,0.0416628581805463,0.000638170937213,0.0003475337602963,0.0105593945402778
SAMPLE_03401,0.9999457502584944,0.0281818886467388,0.0085569426252028,0.0117534826328876,0.017252229881383,0.004909092559252,0.0007845575587695,0.0109278912559125
SAMPLE_03402,0.4132259283088869,0.0241026397117973,0.0452618157161358,0.1056431754141334,0.484363776998173,0.0001530910909329,1.0,0.3545835180789861
SAMPLE_03403,0.9999448596635506,0.024548521961447,0.0122891861434505,0.2111460105797123,0.0337878380793959,0.005716535907793,0.000312805763336,0.0337409417278092
SAMPLE_03404,0.9977717997523534,0.4905003840247387,0.1962180638388894,0.9956249638330316,0.5154124580452284,0.0210110297350908,0.0022961606178611,0.3618333329715311
SAMPLE_03405,0.9914764132265216,0.3783616410705112,0.0251293906735864,0.9961361929894852,0.8007868943871419,0.0019171575219289,0.0006667421908401,0.2278022561267892
SAMPLE_03406,0.9999453536332586,0.0074592150819932,0.0104990695748469,0.0097042828283389,0.0176348313556848,0.0011366845649947,0.0006647774998621,0.0110273623649181
SAMPLE_03407,1.0,1.0,1.0,1.0,0.135991353122035,1.0,0.9994077097658892,0.3540686606078519
SAMPLE_03408,0.9998713396408812,0.8132467230926927,0.032637921856882,0.9935826600008296,0.0425130732902819,0.0238813179732128,0.001705539044765,0.039175521591915
SAMPLE_03409,0.0650322744835317,0.0206766676224626,0.0024215768546683,0.9895667506957316,0.3096121144290785,0.0001026986421465,1.0,0.1706684241325823
SAMPLE_03410,1.0,1.0,1.0,1.0,0.248707237283186,1.0,0.99949465094928,0.3416305438514756
SAMPLE_03411,0.9999377638987832,0.2560753436322883,0.2180158973609808,0.2224018657109101,0.0248496419763797,0.2225203362019382,0.0022399799181847,0.0239958579565528
SAMPLE_03412,0.9998626450641168,0.0507049174446489,0.0044203107544658,0.0158587779426732,0.0274175928707697,0.0104743287195306,0.0012121252531837,0.0212917427404438
SAMPLE_03413,0.999928864398387,0.0276372339721672,0.0042511840971206,0.2872650862562315,0.013335745091967,0.0033185605800009,0.000412735427388,0.0065374846437133
SAMPLE_03414,0.0271457289760931,0.0082231686382699,0.0595264271415706,0.337257898920861,0.5487792224161325,0.0001145605033426,1.0,0.4456614979732247
SAMPLE_03415,0.9999447450189284,0.0060241092900628,0.0202147868130116,0.0101713990125778,0.0165595737437632,0.0069361470135335,0.0004721569841137,0.0084586418087618
SAMPLE_03416,0.9999153906004986,0.1625609613983458,0.0228849147212752,0.998399720391918,0.1822977127175708,0.0229556202632273,0.0019986007043971,0.0296726928240218
SAMPLE_03417,0.1701733552038181,0.0032979719524169,0.001361896400003,0.0042748531663564,0.0364347594048179,0.0001579340687794,1.0,0.0326726561903494
SAMPLE_03418,0.9999300165651542,0.015681073119304,0.0247675227650291,0.5844650646541495,0.0173287912083266,0.0044647254755154,0.0008163130796946,0.0096860982432521
SAMPLE_03419,0.9999451581667032,0.2020156875482195,0.0341293248872465,0.0402759810391826,0.0645536767109163,0.0100434760268131,0.0005953090402768,0.0351218109345913
SAMPLE_03420,0.9998274175374486,0.2593233009186884,0.5560314637824271,0.998112116962672,0.550326582077988,0.0067522287405793,0.0060433292944182,0.4920928301132045
SAMPLE_03421,0.5158882209343513,0.0126492134816248,0.0175062762214545,0.0421313408970696,0.4793135772090388,0.0001670947700128,0.0001103333320701,0.4617139178948574
SAMPLE_03422,0.9999139283638208,0.2429246838987795,0.3688630967267735,0.0222898990099366,0.1389253166758529,0.0023287371375729,0.0008033735390936,0.203072121505858
SAMPLE_03423,0.4216076903640171,0.0209436443121098,0.0639834576756959,0.0332092943770187,0.2602668339589776,0.0005243608145122,0.0002419167674144,0.2225696943415611
SAMPLE_03424,0.8348944884997458,0.0272044514123896,0.0530964504978352,0.9972353616615656,0.4051159330057582,0.0091525039893864,0.0002573850578774,0.1372813658780381
SAMPLE_03425,0.999902594249512,0.3053632973213169,0.0133532735998306,0.9375336196062324,0.3255337852172101,0.1760881540661177,0.0043753322942575,0.0488498718367517
SAMPLE_03426,0.9998828226666148,0.2722581179328219,0.0253250621676214,0.9982960867971382,0.416457857724243,0.0263277239536603,0.0013869134924704,0.2515423954563164
SAMPLE_03427,0.9999428945675678,0.2651851994780777,0.0106086607947598,0.1293077549347974,0.1210781211933072,0.0011367058606038,0.0008690425187818,0.0198376616851542
SAMPLE_03428,0.8512109012783728,0.2862059535320286,0.0184005567883129,0.999152954200016,0.1722589486132507,0.0001410037648151,8.431909481631673e-05,0.0566037094705793
SAMPLE_03429,0.1807191289043649,0.0067517238711775,0.2202271367791441,0.0326970605350675,0.1960340379922635,0.0001253312500156,1.0,0.1970489853526846
SAMPLE_03430,0.9999270312554271,0.0299846970565213,0.0116239695873851,0.9646912278977504,0.1351712688772579,0.0035270402033753,0.0006179937354595,0.0323359389388146
SAMPLE_03431,0.9998902769413532,0.0099876401713842,0.1212375679611154,0.2766870748018378,0.0234328938360107,0.0047684693083047,0.0009883086974191,0.0157151027352704
SAMPLE_03432,0.990599437318763,0.1623238989030972,0.4906427566630855,0.9987797902735546,0.9629807642321572,0.0067791135010799,0.0002754672928164,0.5475735467019196
SAMPLE_03433,0.2464567386599819,0.0109668993609298,0.0035594205147716,0.0363081079277923,0.0345078853103878,0.0023075291577806,1.0,0.0283589263584746
SAMPLE_03434,0.9999505019011024,0.0376525070293588,0.0237221609772899,0.2674468750586449,0.130508260782487,0.0245842322056734,0.0005234215295991,0.0193117142795817
SAMPLE_03435,0.9999507067000892,0.0221769186708198,0.0117797602045263,0.0301071040669879,0.0058423246315634,0.0007754503825594,0.0006273244021053,0.0047106626266214
SAMPLE_03436,0.9999505494480124,0.0303953008969966,0.0258925849701203,0.1731592163465309,0.0148870367105301,0.002072650933498,0.0002541075588763,0.0177565767772031
SAMPLE_03437,0.9999523097772404,0.0060488646833122,0.0095163005760275,0.0189447220966424,0.0297465919029534,0.0004955632895411,0.0001686075988109,0.0110959683729492
SAMPLE_03438,0.7426648263727172,0.0171159451898062,0.0114406401359348,0.0104507853180753,0.5969810942442433,0.000429944621389,0.000332905289908,0.4841939666406311
SAMPLE_03439,0.9999356334103592,0.0163041890816632,0.0105615971564019,0.021213609890617,0.0060710171755231,0.0050055449870138,0.0005585016303675,0.0052603053173877
SAMPLE_03440,0.9966020560339784,0.0513095456898696,0.0228812827762766,0.9829650906375346,0.9788668372098286,0.0005407082650464,0.0002040061541641,0.4928774366436005
SAMPLE_03441,0.9950253603988216,0.0219767539895221,0.0122274968896333,0.9936009164633324,0.4434313819025123,0.000199108134587,0.0003530723276653,0.2774067650059887
SAMPLE_03442,0.9999491174443984,0.042444437869418,0.0060041451460204,0.2617890111278224,0.0059126611569571,0.0011842303350297,0.0010659717451918,0.0032293589020679
SAMPLE_03443,0.9999450589723964,0.2200738965479808,0.01550138023862,0.0234751921207033,0.453603800264302,0.0041693694784168,0.0002767805407967,0.0623498317889346
SAMPLE_03444,0.5544018734062502,0.0104278992602059,0.0014999090087809,0.9880692092738024,0.0617252119872723,0.0001100171209009,1.0,0.0509967527713757
SAMPLE_03445,0.9999348626610316,0.0264521890276373,0.0058779955192492,0.9888877974504464,0.0294764169850954,0.0385115954796236,0.001190792510997,0.0136513042331255
SAMPLE_03446,0.9998614035001376,0.0159573291995602,0.0075308213216385,0.5975565433144879,0.3962474904165967,0.0024482002842225,0.000341435463884,0.4932650351267095
SAMPLE_03447,0.9959361024848684,0.0389063978481979,0.0651300700005614,0.970225369314308,0.6154097584080013,0.0004624196055792,0.0001279121140978,0.2509773562399136
SAMPLE_03448,0.999933444175829,0.5267790801317054,0.0092016367863357,0.527055785100008,0.0308327847444984,0.0150400623481798,0.0024968963587728,0.0129913920052783
SAMPLE_03449,0.980393266287466,0.0200128645211252,0.0070391266016958,0.99000304284835,0.0082077263602845,0.002400692644785,0.0001410323984051,0.0091602956900428
SAMPLE_03450,0.6262727292821977,0.0796071297918336,0.0107147173838351,0.401013172266821,0.0049061344264453,0.0005296471781216,0.0002145746676881,0.0131709437082528
SAMPLE_03451,0.2444330058570828,0.0088098097953544,0.3225344279692749,0.7493805623793707,0.9686280373655674,0.0005639424444401,1.0,0.96449570405018
SAMPLE_03452,0.9939323387241522,0.1894020746594029,0.0139605903766312,0.9952661597929258,0.2793480739240103,0.0004282027587793,0.0001232569775803,0.0223024206673125
SAMPLE_03453,0.7876362975527733,0.00790710227026,0.0136430697705743,0.1555802660703651,0.2934726756785967,0.0001246262917066,1.0,0.1342317959188502
SAMPLE_03454,0.9998797317405748,0.0157008939026846,0.0092367046183719,0.0177156628564115,0.2256442777242981,0.0003420002950664,0.000326198812301,0.0378672838569847
SAMPLE_03455,0.9999399931525456,0.0151056135173375,0.0111105306772512,0.0220639418663026,0.0481685051056792,0.0076629662620188,0.0006805001493087,0.0144162863241747
SAMPLE_03456,0.999952230474582,0.0085026391404437,0.0076679797197669,0.010451552043438,0.0391952888711013,0.0009692403403506,0.000167923432819,0.0215565452168911
SAMPLE_03457,0.9868499829666524,0.9708830857258514,0.3495697509777414,0.9966596844502073,0.9740537537411325,0.014331016404192,0.0001940283117031,0.7600911201582792
SAMPLE_03458,0.9963532361185904,0.5484329133082286,0.4283252891570511,0.9988977537520318,0.9625652052636748,0.003451755122311,0.0005597244842521,0.0346884914996787
SAMPLE_03459,0.9999406948932268,0.290631890614787,0.0101921803360856,0.1718848878656291,0.0254595573212945,0.0094050153707292,0.0025330159860336,0.0317996541880012
SAMPLE_03460,0.9999466019621432,0.4673845497572235,0.1828995372503029,0.3221457823200928,0.2069432047164034,0.0139150614899829,0.0008621017523536,0.0400001505569102
SAMPLE_03461,0.9855062763045416,0.3489432739981644,0.0280601540178897,0.9914076031420012,0.623141244108473,0.001344520193069,0.0001359248336368,0.1706182147806443
SAMPLE_03462,0.9927230656637708,0.2352189573483044,0.0207040144100268,0.9993845692935958,0.0326734378811015,0.0020714994434001,0.0001477390108922,0.0381671601333527
SAMPLE_03463,1.0,1.0,1.0,1.0,0.1935609594929408,1.0,0.9994810425250944,0.3508804360415641
SAMPLE_03464,0.9999519288886594,0.200698470190909,0.0022666643909355,0.0140563754051094,0.0076344556699094,0.0005754715523706,0.0003359299907668,0.0049965876388216
SAMPLE_03465,0.999894601280906,0.0156539002422663,0.0070969146828419,0.0391043311081363,0.2868911748673315,0.0033597685842818,0.0003174364581392,0.261112508603142
SAMPLE_03466,0.7371233408610428,0.0202832500868261,0.1274709146046331,0.0265769477587532,0.5313091829620643,0.0001037360624196,1.0,0.3812622902508875
SAMPLE_03467,0.9732064416977247,0.0250270167766867,0.746098813948399,0.999333768933758,0.6012275973999691,0.0007225023398847,0.0011049869406691,0.4326340466510623
SAMPLE_03468,0.7666882148427675,0.2017537669530951,0.0097730611073578,0.2241286214342626,0.2188592318421838,0.0001991359363173,8.529463870421029e-05,0.1821908581727153
SAMPLE_03469,0.9999432551369724,0.0124156591042165,0.0072135477387807,0.0229374930549421,0.055898547732151,0.0020926192329948,0.0013762083646749,0.0104916623297249
SAMPLE_03470,0.999954177000012,0.0198258945981534,0.0095915989582288,0.0171289087365882,0.0334497330145494,0.0052353979170679,0.0003296168801686,0.0322687672602278
SAMPLE_03471,0.6442253737386793,0.0263413812601054,0.1580615053874517,0.0533016086172563,0.5313841669528258,0.0001222375789072,1.0,0.4794504072830994
SAMPLE_03472,0.9999462674848528,0.0492507755565824,0.0058833604398663,0.2914285011564635,0.0122192369600738,0.0012790076099514,0.0003458016111822,0.0056252877671651
SAMPLE_03473,0.768971506902308,0.0757765358256653,0.0295070260755006,0.9931736480268248,0.978125996453165,9.417267660465344e-05,1.0,0.9722863389294196
SAMPLE_03474,0.999938350194534,0.1949963973411484,0.0145289426834288,0.0198735022594647,0.0087225911962194,0.0056929443263242,0.0005107870430673,0.0102407817833316
SAMPLE_03475,0.9790527852684182,0.1678365626447152,0.0181309329044288,0.978361020679404,0.0634941524040289,0.0004022553503502,0.000102228209045,0.0369517523560472
SAMPLE_03476,0.9999415234652116,0.0187564837337476,0.0024582841447403,0.0103379749026533,0.0130538106451673,0.0046260734210551,0.0004881402308622,0.0120634728712229
SAMPLE_03477,0.9969101630632567,0.0170719004790286,0.0236279625813129,0.9946346275358262,0.5001733668273378,0.0003488489607684,0.0002729958134208,0.3407903701619418
SAMPLE_03478,0.9999339612693025,0.0165194377918188,0.0325889366868138,0.0205295312032895,0.0577006715507958,0.0829344765685799,0.0004775632877671,0.043248194249536
SAMPLE_03479,0.9999552079571692,0.6100453154275478,0.0352676331977156,0.997076171799421,0.3708397591414221,0.0051074441344471,0.0002488850243911,0.2933905937787689
SAMPLE_03480,0.9999464173805196,0.0161679565853687,0.0154390138964705,0.1777527453808899,0.4306794947681885,0.0014589158577208,0.0001781629340652,0.150532416279
SAMPLE_03481,0.9999437208620164,0.021245209936796,0.0088469130955313,0.2754397354498855,0.020500396526424,0.002701236951332,0.00068963534192,0.0086241929302428
SAMPLE_03482,0.8359116081673579,0.0123634027240084,0.0184483132198762,0.0217922831857232,0.4115052460939606,0.000777266267553,0.0001470883227354,0.3499053658316121
SAMPLE_03483,0.9999490555449266,0.0128958548905292,0.0125885804387141,0.0381359359306821,0.0612425710856632,0.0159997646499963,0.0002808560923792,0.0638676832113386
SAMPLE_03484,0.9999033407887477,0.4794689971727102,0.3442517968123202,0.9803779756369208,0.4682005665134257,0.0450959546053922,0.0017246059105955,0.4963411318253585
SAMPLE_03485,0.6498882376735179,0.0180477359522087,0.0106025010482612,0.5176754997748031,0.3773519210694652,0.0001218297058767,8.193296012951731e-05,0.1864182801086951
SAMPLE_03486,0.4284248971765754,0.0179204619612406,0.0018574264502077,0.0133586575805421,0.6187448384436589,0.0001224141101323,1.0,0.6393742579442085
SAMPLE_03487,0.9998772998719015,0.0135964772318905,0.0122650527884998,0.0105039181897297,0.0113830733026713,0.0077731693220093,0.024121494231655,0.0136885714694557
SAMPLE_03488,0.9905747528743132,0.0193020681010365,0.0196675034017879,0.9910658086807234,0.5782835944666385,0.0002968044953264,0.0001224540863099,0.0501056838797586
SAMPLE_03489,0.9900254270358678,0.0467044354814889,0.0165951593685064,0.9978477200772646,0.0450186120882679,0.0006127507115818,0.0001714961423503,0.0295192553994438
SAMPLE_03490,0.6351995681592887,0.0046926669011465,0.0033504460208395,0.0090916563651047,0.2833195048241683,0.0002261777213169,1.0,0.2424967052266677
SAMPLE_03491,0.9999405714269616,0.2906119401908397,0.0246428679409784,0.987933180173036,0.2360555119848748,0.0123625255465662,0.0006506454364357,0.1881377857205202
SAMPLE_03492,0.999842684707128,0.015931392603968,0.0216307697582668,0.6452732684237654,0.1213225223263663,0.0028795185720501,0.0007628266369722,0.0327078216986582
SAMPLE_03493,0.999945704667058,0.0195989712241011,0.3738166955352769,0.1137525536847387,0.4773062935725892,0.0147666306792447,0.0004059454898822,0.3897774011431407
SAMPLE_03494,0.7786065703144202,0.0221180862730717,0.003779131231693,0.7974614779283621,0.3890703265262757,0.0002972925314465,1.0,0.4113998486655744
SAMPLE_03495,0.9999499446929556,0.0287221312528481,0.0144780762237468,0.0170202351559306,0.0287639842046415,0.0032495644207943,0.0008122298752384,0.0150335441827587
SAMPLE_03496,0.9999404245693174,0.0344473298916539,0.0107803221966427,0.2322646050614183,0.0220168272527816,0.0032230981476164,0.0002952327594076,0.0214773397376521
SAMPLE_03497,0.9998046720646516,0.3188289159277748,0.513054305969194,0.9312507732102816,0.2606949198316445,0.1086424785446169,0.0028015814163247,0.1689233747560944
SAMPLE_03498,0.0153499985963877,0.0105568192911457,0.0011949904604585,0.0321587391643505,0.1757691142446925,0.0001140642464384,1.0,0.3919197294509807
SAMPLE_03499,0.9999414790682892,0.2007625891612305,0.0184582370269037,0.9990282748831578,0.1990231544004356,0.004994112413447,0.0007219885992238,0.0285015525821966
SAMPLE_03500,0.9999446994753745,0.0115323138444308,0.0161569465621787,0.1769387836459622,0.2120800247206783,0.0013707407541008,0.0004946252060267,0.0148478649866626
SAMPLE_03501,0.9891792292306768,0.1854907013130672,0.0054162525810318,0.9987592215168354,0.3182618260081685,0.000112233602995,9.933330544921932e-05,0.1591475429996403
SAMPLE_03502,0.999942381958524,0.0500673648575796,0.0517817168285226,0.012109886899824,0.0805422943213198,0.0136488715241895,0.0199791238339633,0.1566004080114602
SAMPLE_03503,0.9999510818209072,0.0099618666855593,0.0231681364859968,0.0433468147529462,0.0194693881907772,0.0021545163534508,0.0006276601874209,0.0103350438268247
SAMPLE_03504,0.9846814477168648,0.249592125490313,0.0364061276405081,0.998664716335529,0.2637020807291886,0.0010359110954428,9.917859257279397e-05,0.1108812821416317
SAMPLE_03505,0.9999321485215812,0.0301349684754464,0.0471046265798169,0.3581790046544238,0.2328159163654371,0.0156259360648612,0.0022165144647793,0.0357140805851417
SAMPLE_03506,0.6763915314988065,0.0039233400786895,0.017488810187491,0.3445561149594159,0.042330911113815,0.0001518936613221,1.0,0.0341650873797469
SAMPLE_03507,0.3084454927904309,0.0067050710551232,0.001506803065878,0.0080310996769858,0.3521333222969697,0.0001945080603187,1.0,0.2112834739982791
SAMPLE_03508,0.9999462171947566,0.0111006350379321,0.0185986407086105,0.1706641266904444,0.0865324429095974,0.0049195570608282,0.0010514058052386,0.0246951370696722
SAMPLE_03509,0.9999439283449104,0.0129132178299472,0.0157043683677244,0.0142558656274103,0.0458371104894671,0.0040553299190918,0.0003932860599405,0.0259337781088984
SAMPLE_03510,0.7209530561340565,0.0091983472858367,0.0059787941258975,0.5074557775587639,0.4458453837666168,0.0001257124081415,1.0,0.2515900767169526
SAMPLE_03511,0.999930352876669,0.1103823472877754,0.0036142350958368,0.3024517537632524,0.0129526251087082,0.0028548065358851,0.0002948081692719,0.0053020497785504
SAMPLE_03512,0.9967648657650208,0.4804788328186129,0.0307846051813831,0.9989968731373706,0.0946324400725768,0.0004445465049767,0.0010501582458914,0.1883990546299945
SAMPLE_03513,0.9997174272398052,0.0316234657680123,0.3481432041795057,0.9991268951647156,0.4153311924901417,0.0105338941183845,0.0015451551678849,0.0405115116401869
SAMPLE_03514,0.9999458996061548,0.0162060182929035,0.0163484631182016,0.0158222422188475,0.1338123033047237,0.0010491920992735,0.0006975408472105,0.0302662108707617
SAMPLE_03515,0.989084239159394,0.0378057177451606,0.2462530797702831,0.9956486905380943,0.3926248635190124,0.000129945326919,9.387468928642556e-05,0.3044940309608093
SAMPLE_03516,0.9999480732851356,0.2211971089300204,0.3262012673660045,0.3414400549300616,0.7420667017124225,0.0119535861792681,0.000849374758199,0.6061147823194025
SAMPLE_03517,0.0137313365100125,0.0055405676174697,0.002814041089177,0.0358347418341475,0.01730636737765,0.0001896824161112,1.0,0.0130700279859641
SAMPLE_03518,0.2496637872671879,0.0225295159719677,0.0008837291890762,0.206500989140077,0.0302247135248449,0.0002964849550224,1.0,0.0292301453952882
SAMPLE_03519,0.9999052661156068,0.0166962140339971,0.0110418603947677,0.9918048654521976,0.4296854021212967,0.0102453096589723,0.0008180850122996,0.3115175166256206
SAMPLE_03520,0.996870494936998,0.5120668625627351,0.0436614754434358,0.9967055439446426,0.3811534358844878,0.0035776261509361,0.0004491509498711,0.3082356881154136
SAMPLE_03521,0.9999473026180246,0.0120281784344339,0.0190149035262309,0.0393313448603616,0.0158180755272215,0.0041622894664609,0.0005132360608248,0.0141546066121874
SAMPLE_03522,0.8050812431458617,0.00420522503645,0.0026438052821434,0.0189697916583481,0.0350628866968211,0.0001459013133183,1.0,0.036319219931416
SAMPLE_03523,0.999910495242828,0.7814129710961009,0.988169481313384,0.9990715280377516,0.9628838009883904,0.2139791661564672,0.0030705235972385,0.957816784963842
SAMPLE_03524,0.9999461602648478,0.6526354502285944,0.0035637086886768,0.4731244010431444,0.0178303541649421,0.000380950267417,0.000435381174042,0.0060172652861854
SAMPLE_03525,0.9999077498634464,0.63324139274897,0.4154109472768185,0.9964379052433308,0.4502081127875071,0.111026106893757,0.008998403021789,0.0396467250784806
SAMPLE_03526,0.5404966567064022,0.0139474233766881,0.0031565193157995,0.9943497693568252,0.0298019954817478,0.0001473496984051,1.0,0.0253448202855281
SAMPLE_03527,0.999946345002183,0.4073816431250924,0.0368761220261951,0.280968980479151,0.205090702724622,0.0033736957533982,0.0002929665859619,0.0421262978905019
SAMPLE_03528,0.99983629680848,0.2298878354057733,0.0167699883358997,0.9938534641569844,0.0576080291827637,0.0140086024601903,0.0005197622038791,0.047664766272698
SAMPLE_03529,0.9783555684408904,0.0638658499425474,0.0427678642166035,0.993902853981713,0.7644154138772609,0.0007304896903268,1.0,0.6530833033460226
SAMPLE_03530,0.9999334527938082,0.0141209005162435,0.0106099892488559,0.0104610694450483,0.1112317409069327,0.0008953432663949,0.0004383138062035,0.2063145055282046
SAMPLE_03531,0.9999517984756086,0.1771475322366343,0.2283680161184029,0.0307124302578736,0.2318652649848513,0.0107591205021595,0.0005257033817881,0.2498454168089712
SAMPLE_03532,0.999920916514146,0.272862218932499,0.0312261998477592,0.9954651261214328,0.2045495496572364,0.0069523651841406,0.0008365853016747,0.0902376640161732
SAMPLE_03533,0.9998739252810716,0.1730470314256301,0.3936131829998152,0.9730393832095356,0.3091285116343528,0.0725712336890893,0.0008378398344903,0.1824294480618266
SAMPLE_03534,0.4868177294093248,0.0252707656080103,0.0404066443790491,0.9853529112219718,0.4256545439158651,0.0001950367038622,1.0,0.4050581598392069
SAMPLE_03535,0.3699266245767794,0.0059877185105404,0.0005902252663727,0.003735215081158,0.0407244629340956,0.0001432431303773,1.0,0.0339652551661501
SAMPLE_03536,0.9869419524745152,0.0311056165378932,0.0093182357799309,0.9962057794808414,0.3756399471891386,0.0003563403134083,0.0003133395250202,0.3080347624450028
SAMPLE_03537,0.9999077542165568,0.4691987556642241,0.0780338215910076,0.9977053407585246,0.3031431342361284,0.0438875670323426,0.0061037290264956,0.0388487552515286
SAMPLE_03538,0.6968368731883116,0.0274893756273766,0.0117039070077969,0.6599480247768466,0.4174033551807602,0.0001165818269935,0.0001606013098934,0.2254269588512015
SAMPLE_03539,0.9870024270024697,0.3803951915551989,0.0240931286640991,0.998908069253304,0.0385036837351596,0.0001548264060922,9.1989405800869e-05,0.0437034906385344
SAMPLE_03540,1.0,1.0,1.0,1.0,0.1275765292914886,1.0,0.9993090963350818,0.280898380916766
SAMPLE_03541,0.9999422585241134,0.2674130430990771,0.2744403132861008,0.572612187192085,0.0523683172828233,0.0408858544947841,0.0108210552144904,0.1794681177484508
SAMPLE_03542,0.9999191820940034,0.567222889394239,0.4992129502030402,0.9857756892589746,0.303148371688731,0.0061571829916866,0.0013474925879178,0.2653836404017268
SAMPLE_03543,0.9999422407756536,0.0419607804385072,0.015897211165791,0.2265767409369511,0.0513108166496481,0.0037305866967261,0.0009731237941596,0.0309469818086885
SAMPLE_03544,0.3975538332354144,0.0051133624348717,0.0063043576291223,0.0190391370110713,0.1227708193143694,0.0001177610909517,1.0,0.0288843006459752
SAMPLE_03545,0.9999507645628298,0.0146821819996201,0.0123980831254245,0.0332378668002908,0.2963035175642396,0.0023708095711093,0.0007944589913557,0.0436954995469336
SAMPLE_03546,0.999936242187907,0.0129550622780517,0.0144015256836799,0.0126276280430364,0.0188487084098094,0.0125462920604368,0.0005600688517952,0.0175709262360743
SAMPLE_03547,0.7295083415594091,0.39327018513749,0.0810651879884833,0.9965967006283734,0.0270148115127128,0.1311584519877071,1.0,0.0427683357026174
SAMPLE_03548,0.999896065092169,0.0117147003575411,0.0035775144886182,0.0073764921987868,0.0323236764072416,0.0007255099805108,0.0002730208513785,0.011703881520067
SAMPLE_03549,0.99970587220863,0.162676507189302,0.0061845238765933,0.0104408392027945,0.0261514627934334,0.0179034017821768,0.0006866302472206,0.0174432455207338
SAMPLE_03550,0.999945280988976,0.1683756573172889,0.0037962800010104,0.0341380998197297,0.0279633057092535,0.0020293187658157,0.0003441397700766,0.0158073613203922
SAMPLE_03551,0.3530472256288822,0.0024160487327265,0.2189868433207922,0.0168169371926642,0.3133494285276117,0.0002489425512998,1.0,0.3866178254668563
SAMPLE_03552,0.9999433063304416,0.0102669090651126,0.009046998344143,0.02428408024897,0.0189254618436443,0.0034439249228663,0.000593010487092,0.0128925641366466
SAMPLE_03553,0.9999469874769517,0.0439929454329811,0.013776920945593,0.0270104821161152,0.0415949744275097,0.0184177581901102,0.000367806912047,0.0286899811970735
SAMPLE_03554,0.999749148515004,0.0252219731921096,0.0044368758770227,0.0110089054263718,0.0151979719127009,0.0028352552750577,0.0007389494346161,0.012955919403832
SAMPLE_03555,0.8610504905293215,0.0163204693927291,0.0045794872766303,0.2304543052791239,0.0073658836922565,0.000341237361657,0.0001763638507531,0.0113629844486567
SAMPLE_03556,0.9999237848827572,0.022805023922264,0.016685825020445,0.197188265973005,0.0180170674785564,0.0315049601293392,0.0011183273051188,0.0150354753174851
SAMPLE_03557,0.9999351356694468,0.5714187773570664,0.1438043674166407,0.9978727392289908,0.4100305424396204,0.0746150159464772,0.0014189993416946,0.2915088679383076
SAMPLE_03558,0.9999491826189674,0.0093997364569204,0.0070789935828296,0.0239445049688135,0.021281730863533,0.0082386352898459,0.0005097439808467,0.008663898794406
SAMPLE_03559,0.9999496806454145,0.0101916044825157,0.0356834862857106,0.0148127651030364,0.0336765741215713,0.0033766023944193,0.0003060473036917,0.0274877163554699
SAMPLE_03560,0.4920313630536174,0.0117554902732568,0.0113364665389276,0.9896591153388492,0.0740097782235531,0.0015110643731704,0.000160811515486,0.0377244385561742
SAMPLE_03561,0.1724721359377963,0.0161118723116305,0.0614287226662379,0.0237966560759957,0.0461606730177708,0.0001196373113429,1.0,0.0305004955749141
SAMPLE_03562,0.9999059850342124,0.0143061994837912,0.0090269653035968,0.0190863954571594,0.0723308616967174,0.0007401930522594,0.0003005638830897,0.0215311938193447
SAMPLE_03563,0.9942812208977994,0.4301711810738702,0.1407092904328216,0.9981835863621832,0.6048208290950077,0.0002136746836687,0.0001941465347198,0.2349638093391786
SAMPLE_03564,0.985963302210392,0.2148474425008102,0.0054695857366937,0.997335663565286,0.2205791814314791,0.0004032536284922,9.462355308919972e-05,0.0432266006280108
SAMPLE_03565,0.9999536196900156,0.0335881551474579,0.033203446389227,0.0276123580141372,0.0147317813710598,0.0251541558040892,0.0029696124534958,0.0146126389057171
SAMPLE_03566,0.9999490784270416,0.6252306288200901,0.0042093285666221,0.9784113367155208,0.0039872408367101,0.0071421585024458,0.0007722337196209,0.0057065639243946
SAMPLE_03567,0.9726916695006562,0.2324310600100367,0.1487050384131336,0.9936740044002697,0.4354555005600975,0.0004554879010915,0.0003269963540156,0.5486256791903174
SAMPLE_03568,0.2150576880524978,0.0199542979696633,0.01385415840422,0.3182369389143339,0.2866161679054316,0.0001060201691953,1.0,0.0605107991107411
SAMPLE_03569,0.9999478530398604,0.0095696404362176,0.0112339542249877,0.0118655256194192,0.022044378022068,0.0013164334354994,0.0004529603874452,0.0192842133571904
SAMPLE_03570,0.9999512325218574,0.1139569091405124,0.3161740920650319,0.183248445622246,0.6661221581934266,0.0075568625024734,0.0003080533043181,0.5986273083533142
SAMPLE_03571,0.9999412142610712,0.1301383488142757,0.0580447249937804,0.9883827950092094,0.1822481304702759,0.0021915141150301,0.0006623446998017,0.0156556305333919
SAMPLE_03572,0.9999439592484292,0.4732375792472946,0.2461801611289595,0.6932466550406511,0.1181572646334089,0.1469468961818599,0.0011815115595268,0.1852541156130216
SAMPLE_03573,0.9997464183531516,0.0265886668481544,0.0174187236675161,0.998836937991021,0.3562347593841349,0.1661386662859386,0.0024973198335661,0.0403351704221943
SAMPLE_03574,0.0200115004964071,0.0173245601501191,0.000589167624656,0.0062582704179871,0.0158990715466525,0.0001499322049359,1.0,0.018942938901016
SAMPLE_03575,0.8184435798923886,0.0093978921440926,0.0133674286143427,0.0110049051098146,0.3214597483407645,0.0001265300236881,1.0,0.369288120724962
SAMPLE_03576,1.0,1.0,1.0,1.0,0.8264215546544531,1.0,0.999564885039128,0.8651870517038678
SAMPLE_03577,0.9999407333047466,0.011419226419611,0.0092247878346587,0.1506973297238491,0.1642493169043535,0.0042485169343074,0.0005384338060849,0.0337211736228454
SAMPLE_03578,0.9999446688352082,0.0320079621639238,0.0115101158883226,0.1358067429095256,0.0092586129257754,0.020352804572724,0.0009302969108746,0.0138018461473206
SAMPLE_03579,0.9999485533168814,0.0119397483508169,0.0141808727897029,0.0234154848660973,0.0595355108320859,0.001631348480829,0.0007422797945835,0.0178279052327775
SAMPLE_03580,0.310804207324809,0.0116938820007258,0.0027457879782749,0.9956927696467008,0.0430998616051658,0.0001002764136251,1.0,0.0503126312119849
SAMPLE_03581,0.6151320039269843,0.0212867598110586,0.0064886821432535,0.9976291385046804,0.4944730231616667,0.0001493081303784,1.0,0.4771090555144458
SAMPLE_03582,0.9968878908354688,0.2550344055850081,0.0162174960612016,0.9970950473534216,0.8840110325649082,0.0044462694359809,0.0004178025452092,0.5825097008036886
SAMPLE_03583,0.9999329244840502,0.0230982682116141,0.0643014319463183,0.1115176800816375,0.3337035272359632,0.1639783142232351,0.0018047943697904,0.3046340851522764
SAMPLE_03584,0.8161342660060573,0.0235436005000892,0.0067467105573959,0.3973359758719244,0.0406301948677431,0.0005990708643377,0.0001701028003071,0.0239520172553201
SAMPLE_03585,0.9999483384748802,0.0193898852240128,0.0145804609492131,0.1396394384967551,0.025738909206052,0.0017401446424309,0.0006017113667883,0.0081870148854469
SAMPLE_03586,0.9999483791019698,0.0038797221825069,0.0144707793880767,0.0107844003242315,0.0205784074862147,0.0006060678727594,0.0003158780558123,0.0052704414412329
SAMPLE_03587,0.4998985275368266,0.0171499669581352,0.0253122826061772,0.4107264794272159,0.5691188573048418,0.0001305010240704,1.0,0.4647952747254824
SAMPLE_03588,0.7518816476608886,0.0102851190714411,0.5354190087132585,0.8999341191005582,0.9745252485673236,0.0001056063234488,1.0,0.975430107230866
SAMPLE_03589,0.9936141753047985,0.0339088289748572,0.0117744097939497,0.998809725246554,0.5500404459785095,0.000471687353743,0.000136884143715,0.0449643701674037
SAMPLE_03590,0.3948374149132668,0.0160283696630763,0.0005490033493645,0.0124648894395568,0.3563858661421913,0.000658558152783,1.0,0.2698005675305772
SAMPLE_03591,0.984866589083914,0.0243530193017435,0.0378216386501652,0.988739492599242,0.5225898496946121,0.0001756202062496,0.0001306350558975,0.4003995039853013
SAMPLE_03592,0.9999401805037356,0.138124349200527,0.0126025732025228,0.9957679932559436,0.0257865588893959,0.0210161866717354,0.0012843444278383,0.0218077983803934
SAMPLE_03593,0.9999262145430686,0.0284625272834042,0.0194896148818914,0.9575634885320848,0.1541454997844804,0.0345309828135786,0.0003198466623118,0.0464003549925474
SAMPLE_03594,1.0,1.0,1.0,1.0,0.8596685216753988,1.0,0.9996709420765376,0.7872709504709349
SAMPLE_03595,0.5257132964607679,0.1506295209533476,0.007843385647977,0.99584346518607,0.719510824327461,0.0001141722245515,1.0,0.5607391014580311
SAMPLE_03596,0.9999502789132608,0.026277106304388,0.0068827796623563,0.0332158497490529,0.0187906141424218,0.002954655552724,0.0006336794387664,0.0063323146664118
SAMPLE_03597,0.9948666522780972,0.1749537273607977,0.012709698275046,0.9964584664364052,0.0221841577277653,0.0001312918579343,0.0001096439405623,0.0272079161592345
SAMPLE_03598,0.9999402024435532,0.0332956128966599,0.0051169148163448,0.0189087327029392,0.0255589301469238,0.0010897109481143,0.0007520148993852,0.0052270653732785
SAMPLE_03599,0.7706607339258952,0.0025767212545918,0.0437136867743649,0.0257562468836901,0.5853319985022261,0.0002459897525202,1.0,0.4841557866880777
SAMPLE_03600,0.9999386196429204,0.0381086443863677,0.0608456569616039,0.2153240115176696,0.2742494047889939,0.041545434006549,0.0011656655029082,0.3915925229669793
SAMPLE_03601,0.9788941269571348,0.2337500382216188,0.1975319745867686,0.9985415402213856,0.945486343084521,0.0042983795637387,0.000163923109633,0.2933313404618776
SAMPLE_03602,0.997764153866716,0.0150436634395765,0.010776431778243,0.9848314234686876,0.5883600031091519,0.0014633647452219,0.0002282667237539,0.5174238855261696
SAMPLE_03603,0.9999460658886828,0.0279221668646,0.0177703037709694,0.1141027705247613,0.0282554598315993,0.0041914332693202,0.0005644454371879,0.022859305889905
SAMPLE_03604,1.0,1.0,1.0,1.0,0.636858027393715,1.0,0.9987973180609644,0.6395481405599849
SAMPLE_03605,0.9950059435895224,0.6450625101818231,0.3299107847788249,0.9987539733809864,0.2863260763158586,0.0006562873245986,0.0001082231669425,0.4628704307130366
SAMPLE_03606,0.7058927049528251,0.0134015938580518,0.0094144982170461,0.6807121343675832,0.3738980398258734,0.0001134255322272,1.0,0.1339954839925736
SAMPLE_03607,0.9999504581947936,0.0158694826538275,0.0024608295785831,0.0199451808035623,0.0126898731684012,0.0006427162453691,0.0002591089583668,0.0020992993140578
SAMPLE_03608,0.7781880219354542,0.02467727309866,0.0167449843460822,0.9919059392764072,0.1729161567774332,0.0008123667852745,0.0001038827125519,0.166821131402643
SAMPLE_03609,0.9999329057261712,0.0105626363193822,0.0033601607918435,0.026867031001496,0.0188096828436128,0.0012635131001628,0.000270219626425,0.0086974046617409
SAMPLE_03610,0.956753069331277,0.2147692542417486,0.0057362182399904,0.9978002375575574,0.4348176012542892,0.0080391797859765,0.0006876547255569,0.0226423478295285
SAMPLE_03611,0.9999525669345756,0.0200308151181643,0.0158187112713766,0.0185084877190449,0.0199717931616197,0.0051540044063181,0.000331316289555,0.0197258015204743
SAMPLE_03612,0.999945862847116,0.0089324981831567,0.0036695587815763,0.015909495057586,0.0068092329187935,0.001948889417454,0.0004767117610041,0.0050736464912596
SAMPLE_03613,0.9998514588010936,0.2511054895179955,0.4313200655349742,0.2542986223970373,0.250322883478802,0.0419710904347896,0.0025783438566865,0.2304392306145143
SAMPLE_03614,0.9998455370629552,0.0527966713272608,0.2883459823523916,0.3244964953334191,0.1920466140319656,0.220033001205361,0.003012271905505,0.2879775515516305
SAMPLE_03615,0.999854949043835,0.036072974349049,0.0291803187596073,0.7012259225597269,0.0278438610036124,0.0170964574591029,0.0022266274010752,0.0220396140514733
SAMPLE_03616,0.9999282311346084,0.4413489612957691,0.1652675049037209,0.1980870186208951,0.092946055740049,0.1830147725090899,0.0117741055396486,0.0320661718030777
SAMPLE_03617,0.5004110430945284,0.0234736962657333,0.0078249848648524,0.9924503211495428,0.0216912351291802,0.0002046617416414,0.0001269572249557,0.013783681229344
SAMPLE_03618,0.9703580165119944,0.1653525776774686,0.0130803705761817,0.9936066837980364,0.3822309673099802,0.0002440101969898,7.487321317264463e-05,0.1629226398906026
SAMPLE_03619,0.9999437313254308,0.4102822217945667,0.5293479878808028,0.5367362037816499,0.7479870525659138,0.1338049365444875,0.0018072060183092,0.5177816848034247
SAMPLE_03620,0.9999490602730414,0.0231543567536949,0.0053350290600619,0.0336287636013516,0.0186446428266897,0.0071988021251349,0.0004580942974278,0.0126298996777527
SAMPLE_03621,0.9998120475958354,0.1717475598581861,0.0152837193423073,0.9732019141185708,0.0398959628679705,0.0093385670142576,0.0005771406454613,0.0233053224429219
SAMPLE_03622,0.3825862419016231,0.0031391221700943,0.0164580272164161,0.0119018078029547,0.043678900698277,0.0001856015948575,1.0,0.0335390306352386
SAMPLE_03623,0.9997807733303938,0.3240907406982475,0.0094304039618484,0.9959004437743968,0.0340530069493313,0.0162436319138378,0.0008070843764783,0.0134194302803944
SAMPLE_03624,0.9800164647578636,0.1371691418163237,0.0329070543828165,0.98883078505749,0.6605365265688955,8.27692154890264e-05,9.255844449436471e-05,0.2282634158937218
SAMPLE_03625,0.9793182143744478,0.2933459304943041,0.5620324597676034,0.9978993146412038,0.7654672733095982,0.001297229171616,1.0,0.7002518864241407
SAMPLE_03626,0.9999260733698184,0.0416912609943204,0.0305711903171123,0.5852734358051969,0.1440607086566908,0.0148835952901298,0.0006765857323759,0.0336716663675654
SAMPLE_03627,0.9999371898058572,0.5324842578945728,0.014366167936121,0.9970472586610136,0.0753388801432678,0.0006563329586635,0.0002416124123066,0.0279405494716473
SAMPLE_03628,0.999727486413519,0.7824044261344775,0.452586725745603,0.970448440204852,0.4843243275062699,0.2314559931710938,0.8036213057336663,0.5752635422965128
SAMPLE_03629,0.9918461626418328,0.5944534274562776,0.906933587494578,0.99214361294647,0.5605916541835574,0.0002871096720162,0.000156641514249,0.5175067071239715
SAMPLE_03630,0.9890207168196667,0.0418557522661176,0.0084517407596547,0.9988748357101362,0.1852503788075877,0.0074980320467718,0.0010162955230648,0.0165554193085024
SAMPLE_03631,0.9845146114497542,0.0343150607136417,0.0073011955550022,0.9946805551234512,0.0430742470043,0.0001151424901313,8.714736392921127e-05,0.0428596765414259
SAMPLE_03632,0.8800740920048968,0.4198922008219476,0.0161802518633857,0.9993792081486332,0.015301953191888,0.0001013767969945,0.0001317937138319,0.0387450257728935
SAMPLE_03633,0.6685856335374165,0.0071417137952708,0.003770014595715,0.9684153761059756,0.3595634850633175,0.0001254481454713,1.0,0.3901710285070324
SAMPLE_03634,0.9999384729387522,0.0101675092942295,0.0113498884672708,0.0196860760274262,0.0265599256360641,0.0065036423351711,0.0001619670525652,0.0323817834814783
SAMPLE_03635,0.9999502288452444,0.0255164756814437,0.0276505610485528,0.0465837022841776,0.0330342996916642,0.0190948662682787,0.0048434525594079,0.020922704707288
SAMPLE_03636,0.9999470175088812,0.391243743802157,0.0091412240945914,0.3728200100709585,0.0156699368343888,0.0054289972633936,0.0007883060044329,0.0084000167474538
SAMPLE_03637,0.999940370147274,0.3567815031300237,0.0363076502688221,0.9990560295145428,0.2420706492880986,0.0175865143499129,0.000632131165081,0.1737625141109262
SAMPLE_03638,0.9999509833168496,0.0129647291375852,0.0035910838457645,0.0238435391272892,0.0071249401346124,0.0006354978709673,0.0006076154759992,0.0025793101577867
SAMPLE_03639,0.999941496592248,0.019819509572858,0.0061073751549908,0.0104308962700888,0.022266415337079,0.0027254629284354,0.0005021945068077,0.0072438170713827
SAMPLE_03640,0.9999282392234374,0.1584181434834069,0.0091625146574369,0.9971053604611638,0.0299787650017819,0.0265901006651706,0.0010582101623904,0.0337995053763698
SAMPLE_03641,0.9881489701436014,0.6756316637904727,0.5069450167076126,0.999194195488828,0.681436281569016,0.0012659195409175,0.0004816754423383,0.5847529038735864
SAMPLE_03642,0.0192966627548567,0.0148625708527808,0.0011020521660189,0.0274187381426761,0.1704859939310854,0.0003222529072164,1.0,0.0397815110028229
SAMPLE_03643,0.999947808414127,0.0167096128052805,0.018517967826732,0.017162304251314,0.0642823897837291,0.0218501253580499,0.0016357666466654,0.0406412129103851
SAMPLE_03644,0.6648449122709946,0.0339077257120482,0.0139132945523036,0.2267547619581398,0.1947287101082863,0.0001569557999855,1.0,0.0530847076481421
SAMPLE_03645,0.9998474276027424,0.0514295344947289,0.0126926616918092,0.9973223746729474,0.1596729467745883,0.0026365653535971,0.000800617539694,0.3126042008070577
SAMPLE_03646,0.9999103002796808,0.0148588061404831,0.0065673860541512,0.9812970865873156,0.0078690184400345,0.0002908931465118,0.0002071205213609,0.0043755796077493
SAMPLE_03647,0.999930880185541,0.0127444938668961,0.0098488027661806,0.0156528192367402,0.0948270035801768,0.0056797848795653,0.0003915657007817,0.0114836979565494
SAMPLE_03648,0.9999275093896062,0.0204988821901422,0.0193803240231106,0.3538988884130797,0.0313821015144678,0.0142741171374024,0.0003415256827059,0.0250661299298442
SAMPLE_03649,0.5218876406768959,0.2162703694435374,0.0044989919091887,0.9881572601670804,0.1406579543712889,0.0007903786992755,0.0001955211478389,0.0306770169092296
SAMPLE_03650,1.0,1.0,1.0,1.0,0.482946469751924,1.0,0.9995472158210544,0.5227819258809523
SAMPLE_03651,0.9999463531813262,0.0053912172118027,0.0067823175040496,0.0069046192032606,0.0233543265522743,0.0009408707848972,0.0005120215314404,0.012298887620154
SAMPLE_03652,0.98364071771072,0.149124572751984,0.0180465120790242,0.9971742886871696,0.0253793245866549,0.0090362191786961,0.0002949901497725,0.0172364517993353
SAMPLE_03653,0.9999466586482946,0.0168546207615139,0.0239704150418827,0.0304225297643165,0.1846778379980947,0.0005102129099737,0.0003200197344044,0.0252236624609401
SAMPLE_03654,0.9915981575574287,0.4226142255433375,0.0310431576750703,0.9991589050040964,0.0350202473304199,0.000135773439218,0.0001344801793656,0.2502728373371426
SAMPLE_03655,0.9999427737811526,0.0129030290241233,0.0154217459807478,0.0194807666372554,0.1182986566205493,0.0019646563206317,0.0006701951058584,0.0401835880977917
SAMPLE_03656,0.9872348625481536,0.2919842952092064,0.6290427707574283,0.5419192374844485,0.9780592879604172,0.0032015866411574,0.0001536064352708,0.9558803845925216
SAMPLE_03657,0.9999544154479172,0.0110620200132337,0.0069374063451794,0.0097036329185314,0.0268859519377316,0.0018160178253014,0.0002268030738179,0.0188412386241564
SAMPLE_03658,0.9999465137577516,0.0158502064813405,0.0161041325690794,0.0260159854444028,0.0299536502315502,0.0039211895327551,0.0006927250231893,0.0221476950208135
SAMPLE_03659,0.9999512334171656,0.1380300421574325,0.0566181080604175,0.7434358177383308,0.216642565747337,0.0226632528633697,0.0005358544721872,0.2440411556992809
SAMPLE_03660,0.9999509131788904,0.0102065522722269,0.0125957687609209,0.0106521619867512,0.178685013164469,0.0034241316679285,0.0002219118431055,0.0299538407218881
SAMPLE_03661,0.9999503505383384,0.0036738346100778,0.0030862594335341,0.0040151424479419,0.0074706626607608,0.0020022518001842,0.0001836093723973,0.0083382156348716
SAMPLE_03662,0.2863789397001194,0.0035474907632083,0.022793713121238,0.0194086051786393,0.0558210098555021,0.0001920146041101,1.0,0.0431379966983357
SAMPLE_03663,0.9907611656109544,0.2554018802996721,0.3704328535718132,0.9711638307785266,0.8359349424543268,0.0012439951574753,0.0009873288779733,0.6969228276095799
SAMPLE_03664,0.9999487125811128,0.0060127732958078,0.0074316127327581,0.0193271143360631,0.0210815836794988,0.0009987329254412,0.0004331317784821,0.0125497731110431
SAMPLE_03665,0.9999446603484594,0.8331778626859835,0.9879120522706551,0.991718220949323,0.9714007209370454,0.245121035395745,0.0026082485947094,0.9572859669717332
SAMPLE_03666,0.9539980595599934,0.1350964768026927,0.008265379169117,0.9933720013769056,0.2064242311544271,0.0011038198342158,0.0001926735356721,0.0384912994216731
SAMPLE_03667,0.9898170511078688,0.222620554851541,0.0225396859316351,0.9789405359281022,0.3542678167833305,0.000139875766008,0.0001086958189468,0.2056281191063531
SAMPLE_03668,0.7359694230409808,0.2088680168656436,0.0161859646833613,0.2849356239290755,0.5183304351425029,0.0004944244946682,1.0,0.4397345719092485
SAMPLE_03669,0.9999523384897152,0.0288042940528925,0.0148194041136809,0.0291774164825313,0.0215249632676107,0.0046532556315522,0.0002301547651085,0.0145851820429986
SAMPLE_03670,0.9999414162752744,0.0103013219201351,0.0044578792376315,0.0437049641725083,0.0042680150318307,0.0005971102741732,0.0041570632471138,0.005618843065055
SAMPLE_03671,0.9732373492309316,0.2338899937885594,0.0227794338213084,0.9985908317688824,0.668152776206608,0.0001458539124154,7.833716053625423e-05,0.2729551658093281
SAMPLE_03672,0.6434939480306426,0.0094575217577513,0.0060503089961724,0.0444723333186429,0.1803221334759552,0.0001594856400867,0.0001047168073598,0.35375884859084
SAMPLE_03673,0.984986516658579,0.0176273794740124,0.008987655715126,0.992504287351612,0.0279473620618015,0.0001746082432973,0.0001582744244479,0.0426208387419156
SAMPLE_03674,0.9999260083871192,0.0200534184590097,0.0195218046519978,0.1259133399419513,0.0306188326239955,0.0176099513749984,0.0004232197448486,0.0356807376935357
SAMPLE_03675,0.9999491357514882,0.0048186706371472,0.0024695352538644,0.0097169871516252,0.0082447845422616,0.0013739254139185,0.0006405914351213,0.0063942183657825
SAMPLE_03676,0.999928377636034,0.0166794914842541,0.0382919982379239,0.0278313776112408,0.0551541751591764,0.0143955522044547,0.0006879617767125,0.0226254200190129
SAMPLE_03677,0.9999336895823292,0.0177685192778442,0.036658416267785,0.0157831077052214,0.0561385042918469,0.0143030080472039,0.000938582515606,0.0574400154632693
SAMPLE_03678,0.9999459656063046,0.1877708783938296,0.105131730694965,0.9950877359514958,0.4818862160797117,0.0418665266814231,0.0060651764635865,0.3412666547756672
SAMPLE_03679,0.6408412853738452,0.0133525321602707,0.271244949115416,0.9722294361758436,0.8356941190189591,8.93789513796184e-05,1.0,0.7770401217861006
SAMPLE_03680,0.9999434042485922,0.0174045334852415,0.0121708976526198,0.0658223176630838,0.0170355410965726,0.0037217781365453,0.0005219068076092,0.0165147027778264
SAMPLE_03681,0.9999109831451548,0.0281553525622759,0.0084935463328113,0.9986788879297231,0.141150278302986,0.0209060181923885,0.0013957610212083,0.0269070897990984
SAMPLE_03682,0.9552160103577154,0.0198497667639423,0.0141625337258264,0.1485865893404815,0.3190250197402701,0.0008780759346165,0.0003381358418816,0.1649657263635636
SAMPLE_03683,0.9999379309174292,0.361396531978694,0.0106586929395312,0.6368676683405702,0.0317338397941627,0.0040982809227147,0.0006055835980743,0.0176621769495672
SAMPLE_03684,0.9999201057423124,0.0147715641891812,0.0063878422828558,0.0059530379594143,0.0198128133724021,0.0042924723388936,0.0004032642453084,0.0104058253499179
SAMPLE_03685,0.999938154571854,0.0342646872125808,0.0337195383103306,0.9991714861990658,0.3123620684319722,0.1035346407160699,0.0074839042700658,0.1361872801101617
SAMPLE_03686,0.9980124099460956,0.5141855057057089,0.0511436966086013,0.9986659831984286,0.9585599324762788,0.0085615281257903,0.0002815299105149,0.2633076367466631
SAMPLE_03687,0.9999515982507526,0.0108828430802791,0.0099493395924463,0.016406731953472,0.0380125481554577,0.004184138422461,0.0003372294826899,0.0248138094891557
SAMPLE_03688,0.9999482042510623,0.0099245013343474,0.0118957565712274,0.010139593164884,0.0222845044250146,0.0041885811393035,0.0003511631208133,0.0295146346197959
SAMPLE_03689,0.999770161980522,0.0113636100078875,0.0202209228232958,0.0145144938146968,0.0518349936658376,0.0055683441961887,0.0006533573577117,0.0247755032534255
SAMPLE_03690,0.9999501856823724,0.0082867553903774,0.0029629440881441,0.0121109441462383,0.0171908284801658,0.0092657379454085,0.0002984707984126,0.017887016027039
SAMPLE_03691,0.4903329563811276,0.2725581569542596,0.167664826061316,0.9954019889965566,0.7707799812830812,0.000172468153216,1.0,0.731528443839656
SAMPLE_03692,0.9999290270057886,0.0245304626215874,0.0028222203586984,0.2092866533627768,0.0072219774573138,0.0012814148535141,0.0003023753958625,0.0055106487388094
SAMPLE_03693,0.9994744301592596,0.713743336712913,0.4001987076797818,0.9299282447376548,0.8208194050489315,0.1699192521196231,0.4203824994439358,0.5428659017306096
SAMPLE_03694,0.9999437025203676,0.0072798804902008,0.0178628535661976,0.0093827504898429,0.0655731825293954,0.0363077791643937,0.0010953947820085,0.0210777262419314
SAMPLE_03695,0.99994792293721,0.0068515000343193,0.0110480457593298,0.0156717590470612,0.0236813449741035,0.0011410877853388,0.0005766493321761,0.0078471444992988
SAMPLE_03696,0.9802443087119416,0.0197073391355591,0.0194673315256042,0.9977007422942326,0.3846825613442635,0.001486015416394,0.0002971117555028,0.3143100076232142
SAMPLE_03697,0.7939491211980685,0.0241390179412103,0.0243602676277448,0.0357972637989921,0.1459929019505521,0.0052593784481462,0.0002065415684213,0.0232349641375466
SAMPLE_03698,0.6733314542861255,0.0478479915260704,0.0354312206928319,0.0207763303342548,0.3646451854520539,0.0001861851081733,0.000108426854583,0.3689821731088591
SAMPLE_03699,0.986990729372118,0.5122598429063694,0.0114312532073156,0.9972606669564352,0.0203133600188893,0.0001880505021436,0.0001412737250186,0.0341396723997849
SAMPLE_03700,0.9999414793181408,0.0079612243015018,0.006946014188258,0.0233398568671547,0.0179625797727196,0.0011547591190984,0.0012289753826887,0.0159254633866576
SAMPLE_03701,0.5358584538897727,0.049972923302058,0.0103417337103709,0.999333795513597,0.0917372556640702,0.0020867948807952,0.0005666682303815,0.0530718295487653
SAMPLE_03702,0.9999424223166984,0.2730365534478539,0.1487545201478552,0.2535344127330688,0.2330534258989342,0.0550211615747295,0.0033610192748041,0.1396314325396778
SAMPLE_03703,1.0,1.0,1.0,1.0,0.959012440029016,1.0,0.9996018947352854,0.958198445590382
SAMPLE_03704,0.9999409141051392,0.028469902644538,0.1506222893532572,0.052281023443114,0.6274274061729344,0.0160684418073455,0.0025444260213126,0.6838593307637459
SAMPLE_03705,0.9957693039352692,0.3357386145394155,0.0371781212106367,0.99847106905996,0.4753514323420578,0.0022614509284351,0.0004633160777011,0.2735218714362498
SAMPLE_03706,0.9326698200507344,0.3025529559752425,0.0220074597979264,0.9986194310428532,0.0510629081960297,0.0001095282561856,7.779852233672382e-05,0.0399909511163978
SAMPLE_03707,0.9999485172564152,0.0206809474539523,0.0054451832989481,0.0295169989546254,0.0213517421439881,0.0022584612488961,0.0004294676747596,0.0098353091051054
SAMPLE_03708,0.9900041498156836,0.0088259330816843,0.0099547071423205,0.0256781313267733,0.0388733499281329,0.0002205972454911,1.0,0.0307601232238683
SAMPLE_03709,0.9999481522400908,0.8070487453595734,0.0124213224611023,0.7248168986449987,0.0172585829770645,0.0072161319169149,0.0004867025362291,0.0110147611268784
SAMPLE_03710,0.9999532162538404,0.010655685060663,0.0041685479470581,0.0113978752842281,0.0215975498693742,0.0019836625574412,0.0002973374366337,0.017998571506184
SAMPLE_03711,0.993811517581617,0.7074023317152796,0.0320083047038885,0.9974054510644664,0.648998421540382,0.0001399637105,0.0001113493260929,0.2883244741072246
SAMPLE_03712,0.9998464165400072,0.1934234612872182,0.0177536626840473,0.994629775475594,0.0347939287663672,0.0127882264688352,0.0003505002854562,0.0341639626784263
SAMPLE_03713,0.9999527872080116,0.0080895640281021,0.0107495410574094,0.0140824416498374,0.0164544425318166,0.0010298875856343,0.0002897418756925,0.0068758977368724
SAMPLE_03714,0.9999391858647636,0.1159755010132893,0.6602196033033583,0.2571764228921442,0.0485156340206446,0.0571337577889327,0.0023472405848373,0.2844376509351252
SAMPLE_03715,0.9999500189865062,0.2994257007093226,0.0212588384412997,0.413296428507088,0.0405125967790126,0.0008008639910182,0.0004638913647008,0.0177459350609965
SAMPLE_03716,0.9728194822578392,0.0405596948899927,0.0278046568249599,0.9991728747454875,0.6640644040639485,0.0002068333896048,0.0002058137090116,0.5437017263565487
SAMPLE_03717,0.9999460103525116,0.0068106064919259,0.0059552249960024,0.0064864846599333,0.0030486486487919,0.0013013991978854,0.0002395227945949,0.0019609843648909
SAMPLE_03718,0.9999478190943448,0.0058833588286192,0.0174016663867897,0.0184648252035325,0.0283951929148461,0.000583889617422,0.0004627432054404,0.0078262284384938
SAMPLE_03719,0.9999008743913926,0.0322195942287249,0.2317076878188243,0.9918873444019878,0.7387572656923961,0.0126960112555627,0.0010253886561195,0.6085665423370119
SAMPLE_03720,0.9999168923980044,0.0364773426774322,0.0158808922921632,0.0315155539615695,0.0204052612430492,0.0035128261216204,0.0002719817414687,0.01900686470723
SAMPLE_03721,0.4809043289504261,0.0040870752670341,0.0014750599719573,0.0065331744638225,0.0536479557184019,0.0002336575843087,1.0,0.0519541003761973
SAMPLE_03722,1.0,1.0,1.0,1.0,0.4578608968810938,1.0,0.9995967865866084,0.6200974872211648
SAMPLE_03723,0.2218395550003389,0.0075745066725466,0.0018722175654488,0.0062970900678957,0.0674754924843859,0.0001830979414247,1.0,0.0555816732951944
SAMPLE_03724,0.9818699860737996,0.0125101201744013,0.0164247866701004,0.9982278872365292,0.6266531609650782,0.0002842079189215,1.0,0.617308674642068
SAMPLE_03725,0.9738328175901212,0.2419851810904706,0.012649886397245,0.9974317062027026,0.3804841918573322,0.0020516222226064,9.59454692092024e-05,0.0306752800788011
SAMPLE_03726,0.9995129618748966,0.0480518098451593,0.2973016115767118,0.995292650857306,0.3469530906086148,0.0168418805867095,0.001001379869786,0.4089009742364414
SAMPLE_03727,0.9999096496752358,0.3761183895015606,0.0096335186289731,0.4818443276669285,0.3024701357550045,0.0046374581193369,0.0006468270104253,0.0304884155168198
SAMPLE_03728,0.9906998379634712,0.0272373449336594,0.026221744841802,0.8859448965172808,0.1842021720174224,0.0004371040305067,0.0001394344978476,0.0416145892285055
SAMPLE_03729,0.9537369459866112,0.957487301579808,0.808282887498995,0.9991441148573952,0.9651935738775757,0.4671174332015305,0.0001395784302921,0.9600476348148316
SAMPLE_03730,0.9997767538885458,0.3055532407366766,0.2172677154778354,0.572552780892573,0.8043862563684746,0.0027253171972924,0.0045640397500432,0.5614984140117997
SAMPLE_03731,0.9999139231199716,0.0206379901544488,0.0138792552261115,0.0982780696428573,0.0371960595800178,0.0047960795106468,0.0003870496160699,0.0206810339560765
SAMPLE_03732,0.9752008411552284,0.0080846522328059,0.0664425211395774,0.4797151232422214,0.9654860480513172,9.751040085723482e-05,1.0,0.9715621632727476
SAMPLE_03733,0.2866200099916197,0.0306782854012003,0.000878497402025,0.0043839413679969,0.3786996441865019,0.0002376941562164,1.0,0.4379000723235594
SAMPLE_03734,0.9999080072514596,0.4493586958827622,0.4826959996752588,0.9839593819797832,0.2239450235759603,0.0356866144673119,0.0013110560667706,0.0518555572071028
SAMPLE_03735,0.987691269340646,0.4722703352508843,0.1621752181801161,0.988641935793352,0.9606201197424188,0.0020894501610562,0.0002103172023537,0.1757295194207741
SAMPLE_03736,0.9999290860108108,0.2192382861746245,0.0189840967093877,0.9926034379175116,0.0408065737505317,0.0129247441287808,0.0008496764549919,0.1286817830473983
SAMPLE_03737,1.0,1.0,1.0,1.0,0.3921010504457379,1.0,0.9990200161312124,0.4166750382447803
SAMPLE_03738,0.9999382069752972,0.0077585079807765,0.0051377117429552,0.0129036279375377,0.0210175272308749,0.0005301360192218,0.0004599160838451,0.0111243756401605
SAMPLE_03739,0.9999475621943076,0.0086960137395819,0.0103236210258019,0.02904583863546,0.0274988340285054,0.0305978040850515,0.0024860365913089,0.0451021003878248
SAMPLE_03740,0.9997623438119884,0.2612152443531172,0.0357810408390327,0.2495923985823461,0.021820280921205,0.0208308666589468,0.0018308716285371,0.0300897573120749
SAMPLE_03741,0.9998965589973976,0.0112133882725448,0.005620663677349,0.0113456448967632,0.0106704266335719,0.0017870629033651,0.0002580885078794,0.0089803600076252
SAMPLE_03742,0.9999350832998052,0.0115827725374289,0.0060713814219879,0.0182877613425327,0.0118856373589978,0.002075561327948,0.0002505747257951,0.0134875811916406
SAMPLE_03743,0.6340851486410971,0.0173666813259968,0.0377488742048059,0.031360585133618,0.4209304285980986,0.0001924525632348,9.68758852603836e-05,0.2115749218258446
SAMPLE_03744,0.7694852071126126,0.0284274806107579,0.1609326299255277,0.9947438428683334,0.425725308319037,0.0002115738509011,0.0001712636700652,0.4358500557295929
SAMPLE_03745,0.9888039641736472,0.0132399740969971,0.0060922616664385,0.9725045906573756,0.3322340049788681,9.060864166310303e-05,1.0,0.172386112826245
SAMPLE_03746,0.9999478129882222,0.0133470526553785,0.0174536131780736,0.0499883144882099,0.0278038545401193,0.0062543191206697,0.000436971575647,0.0146345580469575
SAMPLE_03747,0.9998327837513457,0.3653183229435703,0.1739465578779331,0.4127659044355908,0.0410093915176195,0.0208649603349757,0.0012206268818406,0.0472570090118572
SAMPLE_03748,0.5847659484862163,0.0039381338765729,0.0064318371180277,0.0143732202107728,0.0556164016101832,0.0005560689785267,1.0,0.0677283392938707
SAMPLE_03749,0.9999262603108912,0.0064643700480329,0.0136375883389659,0.0388550316328002,0.0565752650425151,0.0018738612771773,0.0002502265547208,0.0168006231230249
SAMPLE_03750,0.9380287185407118,0.4250673538754684,0.2903362076324211,0.9981732845698272,0.4889869060419036,0.0011871787941519,0.0003175985923643,0.4583163413468041
SAMPLE_03751,0.9396161310097046,0.0056147054879459,0.0129159170962029,0.0049806309101031,0.4755310443463593,0.000104271604494,1.0,0.5086593742447616
SAMPLE_03752,0.3384183366180197,0.0021129734878157,0.0020619609395454,0.0059862480771068,0.0396835539380928,0.0002624995008525,1.0,0.0375006368667703
SAMPLE_03753,0.4664486887523877,0.0046862719351039,0.0096729911449413,0.2525247925882769,0.0309733142830532,0.0001141780989093,1.0,0.0325758990996423
SAMPLE_03754,0.0173581047376701,0.0183424302402447,0.0018961425765556,0.992855727541344,0.035093795559397,0.000147177841565,1.0,0.0168626737124915
SAMPLE_03755,0.9998955480773636,0.2451690422607411,0.4743314274950677,0.665778507918484,0.2687042001074666,0.3446262195315672,0.1441347425153819,0.2456013183148821
SAMPLE_03756,0.9966396752575524,0.2052128063611223,0.0144363139893912,0.9988431934030328,0.0248854013679014,0.0003322153370807,0.000178045110767,0.0431999516065777
SAMPLE_03757,0.9999484775979568,0.0167466155807282,0.0137242128817618,0.2390040685389109,0.3601437523309181,0.0005904309625558,0.0002873612762752,0.0415143113735477
SAMPLE_03758,0.9998982262555892,0.356694760372836,0.0210536240241787,0.9975049617822584,0.0898003876865315,0.0035349010623828,0.000862293138844,0.0515151854130667
SAMPLE_03759,0.999952264597883,0.3848302109466098,0.0062641045361092,0.4047626669730171,0.0081180704470538,0.0006941016934786,0.000198182819094,0.0032502049195254
SAMPLE_03760,0.997102004582565,0.683413464802498,0.4902204663902783,0.9980069154062357,0.4424128587318323,0.0022600554075839,0.0004853097652936,0.4467619364928009
SAMPLE_03761,0.9999272947091324,0.1221885283602922,0.0195865284447598,0.2509006939472565,0.2229255458928267,0.0176782555213068,0.0012380416892043,0.166557122936338
SAMPLE_03762,0.98653005238632,0.0541159655349683,0.0088476635629759,0.2581349888814287,0.1828471935848349,0.0001230493568721,1.0,0.0628056599812648
SAMPLE_03763,0.9999080868031692,0.0094543213141426,0.0115827797157627,0.0144488883450592,0.1878302997849129,0.0012911142939758,0.0004053718457264,0.0338308048952517
SAMPLE_03764,0.999920620180246,0.4641479985273374,0.0187008217899772,0.9979914414029182,0.0259132655724811,0.0127474384320496,0.0026386947372928,0.0177812029329033
SAMPLE_03765,0.9999398541364388,0.0182299312746623,0.0200566536295441,0.0371675380886738,0.0224599326037522,0.004165841507789,0.0008696187635615,0.0215208840448098
SAMPLE_03766,0.999933442635632,0.4439875248540181,0.0210811744435238,0.1847028029792986,0.2180708757706854,0.0044866804899931,0.0006610693046654,0.0567058314040419
SAMPLE_03767,0.9999478455417816,0.0114433032787511,0.0048061510609363,0.020547819962514,0.020614124723103,0.0014395779638627,0.000281239324271,0.0153230946564836
SAMPLE_03768,0.5878150590691121,0.0064563363530447,0.0016575955853291,0.9953252283630126,0.0238819536842237,0.0002176120920551,1.0,0.0160595456415196
SAMPLE_03769,0.999946478595201,0.0046846069267156,0.0128655243102125,0.0074108651390798,0.0085985109727763,0.0057695308217384,0.0009630175494776,0.0082605325352641
SAMPLE_03770,0.4941903335209893,0.0165595286103681,0.0012345085692863,0.9988587544830858,0.060158502682356,0.0001953841664907,1.0,0.0469349970612241
SAMPLE_03771,0.999939923943126,0.0197404419448217,0.0134798528870486,0.0162911296104051,0.1057174236783982,0.006217298243244,0.0006691034121791,0.0198632280911386
SAMPLE_03772,0.9999232960893416,0.0153321016677362,0.1517344267919403,0.287259536404315,0.0215069109318167,0.0019445302487472,0.0003843175640286,0.0746338131395399
SAMPLE_03773,0.8804639759405376,0.0526936540084089,0.0073296865040007,0.9976505327217564,0.2308452490582095,0.0007121334978738,0.0003048502473648,0.0582866951776918
SAMPLE_03774,0.9788139806158866,0.4343576675406597,0.9712574036838668,0.999138590568171,0.8865322608933998,0.0029087949162284,0.0004905789034127,0.8478460754471293
SAMPLE_03775,0.9999489582088652,0.0352957982542282,0.0125232250492831,0.2029358214793354,0.0482763605269855,0.0182889525848738,0.0017730191440667,0.0448452446209689
SAMPLE_03776,0.9999378017076076,0.0109188659329606,0.0077289897341908,0.0118184730802841,0.0379666442205109,0.0010056922817665,0.0009232880978079,0.028434280925103
SAMPLE_03777,0.9442329000618032,0.0269620562140098,0.0007679175630491,0.5634579659312478,0.0216223158314196,0.0001156583280317,1.0,0.0190370543478961
SAMPLE_03778,0.9999130557080887,0.0086567934076612,0.013017245295167,0.0094538035067358,0.018308183990023,0.0019088374731991,0.0004961499727967,0.013961343368414
SAMPLE_03779,0.9999494137638386,0.0311424464645578,0.0263765111768842,0.016360436811908,0.2573770610921461,0.0014331718473309,0.0003993804083828,0.058835256564251
SAMPLE_03780,0.9997943043993932,0.1470845759005195,0.1152887037654561,0.9993277367250636,0.2561842661948992,0.2037875820419961,0.0025385048454041,0.0308243545573423
SAMPLE_03781,0.9859466646288476,0.0068076482760514,0.0280746408902299,0.9939565435363984,0.7948354329771992,0.0001274746566029,1.0,0.7331934139505494
SAMPLE_03782,0.982252747327188,0.3580578546962479,0.0083602408615378,0.9986966221160412,0.6038532441435818,0.0009766794055493,9.673658926268432e-05,0.3709180093995091
SAMPLE_03783,0.9999327348571316,0.0111653982242903,0.007599893364456,0.018179211516844,0.0199684974157752,0.00468275159238,0.0004246799640374,0.0099388860328046
SAMPLE_03784,0.9999420607651416,0.0331892401030928,0.1338339105971054,0.2208871496590232,0.2767834389815564,0.0130798746613528,0.0010411119862976,0.0781523006792794
SAMPLE_03785,0.9999531947922212,0.1950233700799007,0.3832916946624447,0.9659925340503838,0.4963200255178887,0.0014724127241388,0.0005265564792057,0.2896952678295896
SAMPLE_03786,0.980228197472717,0.3623454840750886,0.0227352598671661,0.997929609052616,0.3148457306058699,0.0001597020122812,0.0001109409381193,0.2975133285694574
SAMPLE_03787,0.9964619363748148,0.6229226540458852,0.0255727945792656,0.9990310112976266,0.4318555433752628,0.0001680481279662,8.34534466681743e-05,0.0456190877522577
SAMPLE_03788,0.9999453428631004,0.0720892509035324,0.0045029702407678,0.0739583854487338,0.010218835545203,0.0037337886594326,0.0001978364148,0.0098769511830381
SAMPLE_03789,0.9788168007465332,0.1003519868882388,0.113311211557939,0.982876339701166,0.5305593688660591,0.0064404208896975,1.0,0.3962421377694917
SAMPLE_03790,0.9572104414827974,0.3488106671519929,0.019850723753173,0.9994332247600316,0.2657027153960872,0.0005696669720521,0.0001111655477923,0.1947803391542422
SAMPLE_03791,0.9999433373754244,0.0162717125331282,0.0144237323994082,0.0050733163133832,0.0316390251426315,0.0507128377212107,0.0002908893735136,0.0415454201651599
SAMPLE_03792,0.9998843638709494,0.0186343315014507,0.003025010682468,0.615042807042808,0.0105665471161069,0.0082225368311001,0.0008142199353545,0.0136981445931341
SAMPLE_03793,0.9860433356226986,0.0414357450703346,0.2253626248819899,0.9994289261603992,0.4690125059396298,0.0008410778498483,0.0002760890835849,0.557849327382031
SAMPLE_03794,0.9919419302621844,0.0098002837066233,0.4880397433833472,0.5007092981552164,0.9225306656532124,0.0009759243996445,1.0,0.7659515516818363
SAMPLE_03795,0.998086326612442,0.4346647333854182,0.7796330525378808,0.998903691277898,0.9624228093216156,0.1420928241959251,0.9702978691663836,0.9579049629104468
SAMPLE_03796,0.9999419515408772,0.7317161045667336,0.9601778334800916,0.9946386071336836,0.6972045674790973,0.2016084245217413,0.0058029833516021,0.5499794498110377
SAMPLE_03797,0.968008732841954,0.0283587309018633,0.0175878035189736,0.992767308559414,0.4616690630319072,0.0001568380855478,0.0009386990730521,0.3827474672943837
SAMPLE_03798,0.9998762998861525,0.0208651778983742,0.0100263199761197,0.0079750505621665,0.2340945431720921,0.0021898408585661,0.0011259718771949,0.0520203815606507
SAMPLE_03799,0.9999182590421944,0.0926242751849739,0.0027474686023453,0.2725730521978484,0.0065753645911325,0.004183339027567,0.0007227862910262,0.0053540895837766
SAMPLE_03800,0.9840114551977855,0.4166931402443825,0.02278774958568,0.7438163539206013,0.7452847423567184,0.0007072885727538,0.0005124351761539,0.4927734869957642
SAMPLE_03801,0.0229698397766943,0.007355381039958,0.0015419389189309,0.0075184917942966,0.228622466401301,0.0002050058626311,1.0,0.1832186190494401
SAMPLE_03802,0.2433344145520092,0.0019504115977223,0.0183566958898792,0.0149587019055202,0.5717044306629686,0.0001152595643971,1.0,0.7295451044114544
SAMPLE_03803,0.9999111063728752,0.0308202291313804,0.0279179513310489,0.2439431498095475,0.4809934365629916,0.0288142880278373,0.0007483892303442,0.2645622299968666
SAMPLE_03804,0.9905809549254389,0.0203179552563216,0.0060083915188786,0.9996159716402822,0.2096756780943803,0.0020892090698795,0.0001416580595071,0.0129324362048522
SAMPLE_03805,0.5570063631283937,0.0164226871081673,0.0160728976396732,0.017976456147475,0.4778359329869076,0.0004346928980054,0.0001521393826324,0.511950540742658
SAMPLE_03806,0.9893216469199796,0.1736826954828011,0.1239770884262318,0.999242347229346,0.4920887919959195,0.0002335406729325,0.0002763524547259,0.4811344143025405
SAMPLE_03807,0.9999447479398034,0.0143511516424513,0.0067356246933783,0.0258367164822506,0.0343327476783108,0.0046738746584089,0.0001905435698775,0.0172166727808212
SAMPLE_03808,0.9959298561681738,0.2835183246597712,0.3173567476309107,0.9551205544718956,0.3063657204331538,0.0003211926156033,0.0001345079175162,0.2659854116484078
SAMPLE_03809,0.9873577899792356,0.2147859006322735,0.0056906215081474,0.9992058077366788,0.164778272509114,0.002083197481476,0.000205480704572,0.0261040650250509
SAMPLE_03810,0.9998748768391966,0.0101308263918311,0.0085196185539008,0.0098753377751671,0.0166606731724286,0.0008999884879644,0.0003031445192371,0.0130444482466981
SAMPLE_03811,0.9459810820758682,0.0106719541544248,0.0032009697925208,0.3936752271437782,0.0763066077540232,9.374605633601328e-05,1.0,0.0339834029755711
SAMPLE_03812,0.9998978150833168,0.0091131191681198,0.0109628497165118,0.99871610591027,0.2519968583510463,0.0218187117345188,0.001716667173592,0.0201110176137834
SAMPLE_03813,0.4146346443914644,0.003671662726827,0.0175365026305142,0.0105501650376195,0.2686631615525459,0.0002073090631783,1.0,0.2828827984085635
SAMPLE_03814,0.999937603623376,0.1442709872856923,0.0289094611237196,0.2367874000257061,0.0297374788226321,0.0047659992676037,0.0023770389182378,0.0280919027213133
SAMPLE_03815,0.5627176326441059,0.0154308027315403,0.005486932145785,0.0197827593379715,0.2101842074960997,0.0001487614478837,1.0,0.0349464649418026
SAMPLE_03816,0.9999063485740788,0.3565385006656426,0.4646272388816923,0.9985289154318628,0.5817272596716067,0.024483940878977,0.0012734725292362,0.2869868421702337
SAMPLE_03817,0.9999502613536366,0.7284443738091709,0.640596937172745,0.9813197163678948,0.5643782622559474,0.0498759769183579,0.0011752914172122,0.5877641726038149
SAMPLE_03818,0.999940893112118,0.0284908316605469,0.2372623366320627,0.2037675842223255,0.0282784182603021,0.0013142147673367,0.000797232838531,0.0310998557572793
SAMPLE_03819,0.9999075869668136,0.0169979289075968,0.0134326890595126,0.9779950439544752,0.0974805588869417,0.0048488135429133,0.0007093418326873,0.0264053544094415
SAMPLE_03820,0.9999301109961646,0.0379216152853108,0.0099553153320824,0.2194633522203744,0.0403229369336999,0.0040331678540249,0.0012505041149531,0.0158602427370619
SAMPLE_03821,0.5371405051533048,0.0434249350627286,0.0108003328288026,0.0486703741199205,0.3321206148278195,0.0001493760695027,1.0,0.3533861057467876
SAMPLE_03822,0.9999499041182194,0.0101933456824285,0.0067715694776344,0.0284165740767795,0.0180289107794843,0.0005021534446561,0.0001551959441859,0.0080773398451606
SAMPLE_03823,0.9999518587214632,0.7621879220397803,0.0041635377633652,0.3547611186300775,0.025902631997071,0.0020019604659441,0.0004012765252172,0.008411279530989
SAMPLE_03824,0.9999405939817212,0.5661163094103187,0.6572403289720544,0.6745853626661193,0.64952712033903,0.1130688012241303,0.0063759818064794,0.5737084652243205
SAMPLE_03825,0.9999476794783082,0.0081261681606614,0.0087305582184788,0.0042278716655664,0.0198653826195347,0.0015276895259388,0.0007146150000387,0.016945517327439
SAMPLE_03826,0.9936857988141292,0.0328057013422749,0.0466738250786215,0.9968338831405796,0.2817279929810911,0.0013239529388629,0.0004856242852315,0.3724996317181596
SAMPLE_03827,0.2577536250152783,0.01294321953751,0.0151622411651995,0.992009480909297,0.0299628043311661,0.0007184061273976,0.0003441251830216,0.0334255048641805
SAMPLE_03828,0.9999402393246848,0.0215399205336581,0.2765161253258756,0.241663193122151,0.1859328853115344,0.0068579912875473,0.0002375763414174,0.0691695314760477
SAMPLE_03829,0.9999526059142464,0.0345857331057415,0.0158768638408365,0.0148985678001297,0.247823945673237,0.0043655471765982,0.0003892902886123,0.0740878660323571
SAMPLE_03830,0.9898728730609372,0.2170999343472572,0.026173927768932,0.2030036918442111,0.0490613461265846,0.0002276944510845,0.0001278410380262,0.035900860779194
SAMPLE_03831,0.9999433176474608,0.0050698393882188,0.0060488807672015,0.0056416482831456,0.0467610574423862,0.0081034821490333,0.0004562932724109,0.0373909625002996
SAMPLE_03832,0.999744411380797,0.0097973400720142,0.0070787798387947,0.014253938981063,0.0212513528521674,0.0020879132227793,0.0014506851552845,0.0063644552354716
SAMPLE_03833,0.1469297930545176,0.0053939232472977,0.0008256077161926,0.849106188072309,0.0794508827204246,0.000116533200778,1.0,0.0536916104810893
SAMPLE_03834,0.99989680076005,0.1835338277528889,0.2215683497536607,0.4990667686778354,0.1488959740530675,0.079738512214719,0.0008998367373529,0.1419835765654826
SAMPLE_03835,0.4242258606536842,0.0147458836388621,0.0029407807841292,0.9858534301313668,0.0372473915453478,8.81923860918179e-05,1.0,0.0218321630798912
SAMPLE_03836,0.9844123637636828,0.1651432725832116,0.0141075415916906,0.9985646064080278,0.2433452042293866,0.0001403896351281,0.0001014038103975,0.1646735596432666
SAMPLE_03837,0.9999473973661224,0.0051271492522884,0.0054692825458123,0.0065552772996676,0.0186352733797423,0.0006064594329419,0.0004320192009124,0.0074639038971653
SAMPLE_03838,0.9999487234126896,0.1380887240611967,0.0050316945413176,0.991787612840114,0.0267226550289816,0.0094690345185451,0.0003436222322475,0.0384077708319783
SAMPLE_03839,0.9867559798372364,0.5314579684660321,0.6198148309914931,0.998496029525026,0.7247748511319024,0.0013287132194829,0.00039597067461,0.7586271878388011
SAMPLE_03840,0.356981655337818,0.0065922566986436,0.0033984569056145,0.0050021014793236,0.3132753494885119,0.0001375131401061,1.0,0.306979168752004
SAMPLE_03841,0.9999524503332616,0.0486900708826973,0.0378342794584632,0.2358231512392609,0.0399352508860667,0.0146782235512944,0.0002734400615376,0.0258935771246315
SAMPLE_03842,0.0172448352103181,0.0035191835187619,0.0015360659893934,0.0051664780442706,0.0534368712846221,0.0001858008330397,1.0,0.0586650246836351
SAMPLE_03843,0.997653204774988,0.3095146029490654,0.0275030405735955,0.9973796896636002,0.3296128197226985,0.0004246746722466,0.0001611296118197,0.0515188579382849
SAMPLE_03844,0.9999372153511696,0.2330699795194039,0.0097486567553833,0.7403144119941866,0.0184061873373412,0.0008680703373288,0.0006964000276532,0.0071566260435209
SAMPLE_03845,0.9919129549830176,0.550202430373343,0.0233709833065698,0.9991692665337158,0.753044059104903,0.0002583572147714,0.0001501280283047,0.5283073493371024
SAMPLE_03846,0.9999498718924104,0.0117868273392371,0.0137800251052346,0.0212996346299591,0.0171611122634828,0.0007795562829201,0.0006958405135846,0.0118777652025519
SAMPLE_03847,0.6384228313705108,0.3141412756506295,0.0159278356734305,0.998202365313059,0.3725569517049774,0.0001459389350085,1.0,0.4021135366402842
SAMPLE_03848,0.9999432789324226,0.0118811501482231,0.0068490347524545,0.140132382172717,0.0241057046803315,0.0018839780844247,0.0002884049688009,0.0082285912052257
SAMPLE_03849,0.4454654815221854,0.0171746661662109,0.0238407749931047,0.7439339815518301,0.667876344001367,0.000147720866247,0.0001160919934131,0.6856045549386038
SAMPLE_03850,0.9672808704611028,0.0094070216936245,0.0469942172938308,0.0553621519575529,0.528327401790351,0.0003936874514245,1.0,0.5551896731799133
SAMPLE_03851,0.9999092995618988,0.0243504947654367,0.0210528838450753,0.301436549666531,0.2366006059496036,0.003851961628797,0.0010570357349869,0.0112336174803247
SAMPLE_03852,0.9999444843142036,0.015688832402693,0.0092703755688282,0.0273740353248095,0.035293282422525,0.0023046423558598,0.0004395432113952,0.0303470168428075
SAMPLE_03853,0.994543754198788,0.3298661137073531,0.5021642137009559,0.0417271627357446,0.8758393435556927,0.0027581875851115,0.0003219421969432,0.6476781546545642
SAMPLE_03854,0.9904070143583704,0.3302381686818345,0.0152847300438727,0.997289720088536,0.95374197151757,0.0038981507752668,0.0002317620853358,0.4033999554831761
SAMPLE_03855,0.0174657930529665,0.0033734130028088,0.0124805334323286,0.0092833473288609,0.0326020584710898,0.0001539774927073,1.0,0.0228417904910304
SAMPLE_03856,0.9999468369084616,0.0045704884954581,0.0034489155058191,0.005473466545007,0.0217765885813472,0.0034392048561264,0.0002591294951132,0.0118782505584118
SAMPLE_03857,0.9999420399032808,0.0327462202659614,0.0178097230444726,0.4404306485341495,0.0417724664200281,0.000831402612635,0.0007024588697784,0.0199049387706109
SAMPLE_03858,0.9959388921113194,0.014895313356966,0.0209535876783071,0.9980729958532092,0.154790332645271,0.0017741399717421,0.0002516428958311,0.3074877296307884
SAMPLE_03859,0.0150556325041971,0.0089334435329293,0.0032499282046741,0.3032786365190476,0.0654952446688982,0.000181911646915,1.0,0.0599875813055512
SAMPLE_03860,0.0145783024150195,0.0127665188487289,0.0013418899492013,0.0138865637075928,0.052591818009693,0.0001596448387304,1.0,0.0494285984224893
SAMPLE_03861,0.9999476891115796,0.0066241318840969,0.0206435091522881,0.0269322826709176,0.0302320805782744,0.0009694783701549,0.0003901212425872,0.0144985467984147
SAMPLE_03862,0.9999278522468537,0.0348156944878947,0.4557658849614895,0.137358101565039,0.7649315160393196,0.0010817419862193,0.0004032321392325,0.552165958525946
SAMPLE_03863,0.9999465042013488,0.0133226790314254,0.0074839017177094,0.0229492997018394,0.0299832666790022,0.0043566036550564,0.0005286874547164,0.0296726923837388
SAMPLE_03864,0.9599402084198732,0.0018350739682745,0.0153342104937165,0.3385967031260763,0.8338395048297864,0.000138292490091,1.0,0.807704990375861
SAMPLE_03865,0.999858878944206,0.0130312843752283,0.0043459134682231,0.0246466028998913,0.0137199135790902,0.0014774910107848,0.0005028284779397,0.0176356166940479
SAMPLE_03866,0.3312175727547909,0.0121175685809885,0.0062562262355931,0.989689129915693,0.1611710885718165,0.0001696971282908,1.0,0.1893528358684532
SAMPLE_03867,0.9940935485794156,0.4683806123660646,0.0218743951336758,0.998717394018458,0.1033633050739745,0.0008518760330607,8.599243700290257e-05,0.0514253253214318
SAMPLE_03868,0.4038590677188619,0.0028481908578222,0.0173870696553021,0.0473656504562344,0.5621508783127369,0.0001567349237034,1.0,0.4846052145041469
SAMPLE_03869,0.9999375417834212,0.011042595366852,0.0266390455990912,0.0510000964895666,0.1652782549359024,0.0103214225776032,0.0002755783782332,0.0408193912115462
SAMPLE_03870,0.619092425948167,0.0272092292404835,0.0362951016549744,0.6613273598859022,0.645988977308767,0.0002727389857754,1.0,0.677485052996155
SAMPLE_03871,0.9999259495600376,0.0105435935004604,0.0060539171382317,0.0155336320810344,0.0139612846536756,0.0008113838053154,0.0003639338875703,0.0052345789029673
SAMPLE_03872,0.999951293186648,0.2919940670428364,0.1740611725614268,0.9860805159981696,0.3998023059390896,0.0973888775198071,0.001065919161668,0.3556641580186765
SAMPLE_03873,0.6347025650942413,0.2705941749942052,0.0276216955450608,0.9660310970132564,0.4687412061372545,0.0004538994140941,0.0003237205399264,0.4434642732832123
SAMPLE_03874,0.9999541357423908,0.0138365976440398,0.0133893308184882,0.0169877238274996,0.0332191003599854,0.0010277597009515,0.0002491831111258,0.0309801822890344
SAMPLE_03875,0.9998970058499828,0.6815208228366207,0.9708722270049924,0.9993102808831632,0.7387306473576071,0.0464490097435126,0.0023501919534577,0.5679335794815348
SAMPLE_03876,0.9999299701426934,0.0253305783265572,0.0060882016739578,0.2117495795124448,0.0183972714578165,0.0066768384415191,0.0004824836255676,0.0088006103652258
SAMPLE_03877,0.9999405119988072,0.0064563802131155,0.0047734086899811,0.0224333981773388,0.0169253703960638,0.0015599581800702,0.0003435801764871,0.0079661066646598
SAMPLE_03878,0.8337305591270935,0.0789383430544054,0.0091932308849131,0.9992923464018452,0.7063758859484073,0.0019290441669073,0.0004320599703142,0.217125381956079
SAMPLE_03879,0.4782651952872533,0.0096201069609329,0.0029580294478651,0.9917234634508244,0.0282100570262484,0.0001312925645467,1.0,0.0267177342512019
SAMPLE_03880,0.9882009471073308,0.820292205488981,0.2431020863392456,0.9766000828616676,0.9364364505407348,0.0026569610133885,0.0001359703390198,0.9484864291263052
SAMPLE_03881,0.9863192976363956,0.0163813348733715,0.0171607691576047,0.9877251249146198,0.2021696410946073,0.0017998437364259,0.0003941579962985,0.2113357787203068
SAMPLE_03882,0.9796087124530556,0.2638745392288692,0.5440616326654001,0.9933041441608672,0.794514642892843,0.0001918312135766,0.0001103802499726,0.7050748644598457
SAMPLE_03883,0.9999410613398798,0.0277611777210387,0.0083897096714216,0.2495729174229798,0.0184858913063027,0.0005113232852724,0.0002783716374498,0.0060418495327581
SAMPLE_03884,1.0,1.0,1.0,1.0,0.5741312207653915,1.0,0.9996839913340182,0.5691355411853498
SAMPLE_03885,0.8520010834968919,0.0232752919711766,0.0060415883302871,0.997698528021186,0.180162748075759,0.0009063192259623,0.0002745878652379,0.0413961309576698
SAMPLE_03886,0.9994435519915772,0.0155257203349187,0.0154937880389018,0.0149631489841575,0.0672420007912473,0.0084401902093896,0.0023214574894923,0.0189510184488302
SAMPLE_03887,0.9765852413563154,0.3416551812181043,0.0293094528428395,0.9952801408524448,0.0065858027539206,0.0003706542704236,0.0002774547154888,0.0166206251672205
SAMPLE_03888,0.9999258938578816,0.0275245042219311,0.0080795007637357,0.6327451149850076,0.0154853484340404,0.004882368161238,0.0005131567506781,0.0212807410915673
SAMPLE_03889,1.0,1.0,1.0,1.0,0.7040677719146252,1.0,0.9996498707945042,0.7969568166736358
SAMPLE_03890,0.9999481114387012,0.0236278277151448,0.032106719808992,0.0258086716786391,0.6410580807217493,0.006279325467951,0.0007304406911404,0.215059813085758
SAMPLE_03891,0.9774940304515874,0.2693327271718307,0.3014555252974196,0.994666269874615,0.1464959883723849,0.0005167409728155,0.0001406907757783,0.2789521612081594
SAMPLE_03892,0.9999178102277086,0.0131297443245555,0.0314817005911176,0.0371724693271522,0.2017036456994865,0.0044761789088986,0.0004141347574773,0.1061384833047116
SAMPLE_03893,0.0110446096766854,0.0119968209112593,0.0044382703112522,0.56921643374396,0.0539886569559078,0.0001557934140322,1.0,0.0394216130429209
SAMPLE_03894,0.0122102868052576,0.0026206517027804,0.0111117117994248,0.0079818423497364,0.0851699421724315,0.0010604209790655,1.0,0.0888193322509553
SAMPLE_03895,0.7376766350951376,0.0214848741608149,0.0230977679213028,0.9965910668332618,0.3466043451854704,0.0003055373075453,0.0002138974502102,0.1953625338745687
SAMPLE_03896,0.9661260363369252,0.0234465504997803,0.0311230816309673,0.9781650789623562,0.2017029374217327,0.0017236048967056,0.0009759063535555,0.3859200417051284
SAMPLE_03897,0.9998631265268332,0.0480952639942754,0.0063373324647295,0.9458637317602236,0.0220383327360582,0.0038709444082032,0.0008207021396141,0.0206753069612222
SAMPLE_03898,0.9937137699424712,0.9912065043817032,0.7196979751582797,0.9983761714249914,0.981031188116854,0.040525864029514,0.0015008788492213,0.6083992901394976
SAMPLE_03899,0.999950545972366,0.0394913428981599,0.0198750263797602,0.0151107646532707,0.0278670647301906,0.0348806915222375,0.0008233110307765,0.0260021299277943
SAMPLE_03900,0.5629306533921642,0.2830654458818462,0.0260721957134489,0.997430406941938,0.7510883661392598,0.0001141235574158,1.0,0.7403729606542874
SAMPLE_03901,0.9999453840215732,0.0246313379586416,0.0048362384357822,0.0172094232602041,0.0127061219033014,0.0008329863896179,0.0003162502266885,0.0078994992603496
SAMPLE_03902,0.938456557137305,0.887788889090546,0.343930633060557,0.9989249779796244,0.9673344706915922,0.0060248722282248,0.0001683562153658,0.937233613611413
SAMPLE_03903,0.0219190025972195,0.0096232149444736,0.306226657810805,0.2959563543243647,0.7134516314478131,0.0002803583152934,1.0,0.7114821490123489
SAMPLE_03904,0.9947166800317592,0.5553726400543196,0.0222191634913207,0.9871396024080176,0.0425179794143237,0.0001473613921937,0.0001029827101125,0.0293806816450297
SAMPLE_03905,0.9999450833891476,0.0253374590844,0.0072245417977342,0.0643061545864789,0.2590547107757969,0.0371745694682712,0.002472994725127,0.3034055805650053
SAMPLE_03906,0.9999383962909152,0.155030388512583,0.0456058379507413,0.9770155788918008,0.0540094722108004,0.0341641416026322,1.0,0.0425452443871696
SAMPLE_03907,0.9999501236649716,0.0130181020562128,0.014534817311572,0.0222939606830766,0.1850071886476409,0.0026545421600909,0.0003178335667138,0.032901207347805
SAMPLE_03908,0.5577406471777901,0.0035214716260269,0.0070547750823583,0.0409437655510915,0.0404223776023556,0.0002055085530797,1.0,0.026284320237049
SAMPLE_03909,0.9718629607801312,0.0547768594289191,0.0105209053742397,0.9981329608627234,0.0145206527650098,0.0001527219128353,9.3771684955019e-05,0.0237765099270041
SAMPLE_03910,0.9999097838417026,0.0058173772356751,0.0070385737950193,0.0167730656531152,0.1962956197662618,0.0005177789142277,0.0003498826645952,0.0118613542812031
SAMPLE_03911,0.9999447530189156,0.5939891380515346,0.1454211170810676,0.9983025109019128,0.3418760926566578,0.1379577575897487,0.0004102698478597,0.3936010936036054
SAMPLE_03912,0.9998671094695976,0.0232053930950625,0.5388526802191238,0.984107090121272,0.3745309641710379,0.0065686194807324,0.0183107152793939,0.5730726416971639
SAMPLE_03913,0.9999374228013468,0.0214154691718982,0.0034025790156072,0.1519024878841342,0.0331393003995391,0.0007247057866782,0.0004834665015324,0.0052316855139487
SAMPLE_03914,0.9475292964150324,0.0116168442222561,0.0372940683147352,0.2747203748358177,0.428892325485485,0.0015761672450464,1.0,0.3399062616618544
SAMPLE_03915,1.0,1.0,1.0,1.0,0.742093543114646,1.0,0.9990708715244908,0.6560380111983203
SAMPLE_03916,1.0,1.0,1.0,1.0,0.5853009069287346,1.0,0.995415375273248,0.5033454182562093
SAMPLE_03917,0.9999130904886734,0.2606673696473187,0.0207639399175861,0.9948221594059466,0.2551761215865168,0.0278964843033267,0.0012787355890902,0.2102022664578264
SAMPLE_03918,0.9535343657376558,0.0724848755125948,0.0482600675837168,0.9941215309390848,0.0243907612362753,0.0003596740657764,0.0001331013337628,0.0274471456342
SAMPLE_03919,0.9998848058669084,0.500331467782715,0.4560260448431049,0.9923950965283111,0.4265046299647143,0.0047029248561104,0.0005639801678525,0.3556528598191532
SAMPLE_03920,0.6582558771261977,0.2461669355853352,0.0212540104049692,0.9827726771557423,0.0343469624512468,0.0015065967833535,0.0003172187078751,0.1699629157512084
SAMPLE_03921,0.8118232069461448,0.330342909674126,0.0013540177241377,0.9974492857295912,0.1056528120572668,0.0001024212956915,1.0,0.0471338296133743
SAMPLE_03922,0.9999378875370828,0.0180885725456864,0.0324200711422872,0.3439666510894434,0.2115793318516385,0.0010516597795922,0.0002322460791401,0.0363463532133162
SAMPLE_03923,0.9999448393688176,0.2913590035248888,0.2462957728659117,0.3136683641293047,0.4327621150057613,0.01793766756456,0.0025018585742133,0.4575711346368262
SAMPLE_03924,0.6865460188137329,0.0133909905470105,0.0036899240092359,0.2310214024344816,0.1650052624148084,0.0001925335992514,1.0,0.1513568892321625
SAMPLE_03925,0.9998566560060066,0.0411878739711372,0.0411843658376443,0.9980655109238672,0.1181287880232797,0.0378807135961219,0.0025380479684734,0.0397271892549271
SAMPLE_03926,0.9746294842031112,0.0231106081581937,0.1811710585511795,0.6858709866433013,0.6961371269925433,8.446470786827579e-05,1.0,0.6400661985875833
SAMPLE_03927,0.9999431961463704,0.0054251198944136,0.0167747917648324,0.0116925317090277,0.0508434018469977,0.0006819625282243,0.0001908580142541,0.0502812301248932
SAMPLE_03928,0.9999467075423316,0.0420294083237808,0.0020859967574023,0.0426850696844058,0.00531640444757,0.0021743349629208,0.0005695862345004,0.0027492770790331
SAMPLE_03929,0.9999364406053728,0.0245684124002497,0.0167535819168336,0.3430426887826528,0.0380254534247228,0.0023237766837636,0.0003157988515992,0.0320509217958489
SAMPLE_03930,0.9999477791685546,0.0080854881743757,0.0018608947965673,0.0052737330338004,0.0048032463212839,0.0004186216872752,0.000531032869015,0.0014354308596699
SAMPLE_03931,0.9777923984258876,0.1138873419304933,0.0069391292729264,0.9995158332136466,0.0525633855086916,0.0011256959743908,0.0002657804941689,0.0139957962967517
SAMPLE_03932,0.010153604719332,0.0053481641460833,0.001623504936456,0.0077791523623275,0.0285488991877349,0.0001468669121427,1.0,0.0202481179908832
SAMPLE_03933,0.9656781174156068,0.3577605737540043,0.0457565778863701,0.9984293316580364,0.9551232965446722,0.0005984016976986,9.584156976322168e-05,0.5822336506434139
SAMPLE_03934,0.9863768474882072,0.2142047601137448,0.0357278995513861,0.9922249702662024,0.2980174656855696,0.0001578842797765,0.0001367879201289,0.1823559893175326
SAMPLE_03935,0.9999261801258664,0.3736721089562287,0.0743681119803325,0.9986744885867068,0.0305032444809758,0.0171975055317377,0.0027903791739688,0.1809207852832187
SAMPLE_03936,0.8829651285717596,0.2211864032045236,0.0366956264594396,0.9971883562082976,0.1807257177883427,0.0004863845957026,0.0002114687759325,0.1753044512585859
SAMPLE_03937,0.999941321705019,0.0363431392726202,0.0118596723868532,0.0729591329392442,0.0240251902079943,0.00686516656329,0.0012314752461309,0.0126890662649423
SAMPLE_03938,0.9999106354103088,0.6102656489991874,0.2179992062017414,0.9973606482733408,0.4636691176975571,0.0287475759841482,0.000338879875071,0.217826464120637
SAMPLE_03939,0.9667721661097646,0.3218107209209648,0.834661266315111,0.9987047316868553,0.9143886586537257,0.0002460509114072,0.000185718752413,0.7768108652643148
SAMPLE_03940,0.988735301002438,0.1484324126439367,0.0139535917086004,0.9974510729786504,0.6627456243217578,0.0002537665183141,0.0001373776226673,0.399312210809017
SAMPLE_03941,0.9999331001845306,0.3339281501098832,0.010891527504786,0.1782481071118627,0.012405749786481,0.0025673381934942,0.0001734494165991,0.0077064869339946
SAMPLE_03942,0.999951741833624,0.0229617785849229,0.015663820249718,0.0261445623430629,0.0523642328105583,0.0028301857715716,0.0003269147719159,0.0220658088476824
SAMPLE_03943,0.9999453134214658,0.0060427445261875,0.0029110349387557,0.0038458770235823,0.007049594102038,0.0008725602361115,0.0003921505299058,0.0046718296077089
SAMPLE_03944,0.9998306744615004,0.0201799470534656,0.0110777756967653,0.0108045934077304,0.0127487076943944,0.0022963386803356,0.0009103121230641,0.0053888707441319
SAMPLE_03945,0.9999496735217251,0.098361506381746,0.0104634966600995,0.9970672870638776,0.027486499003989,0.0022172094511109,0.0015728475637232,0.0394490475561514
SAMPLE_03946,0.9947389273809716,0.5888553896183479,0.0107923715514981,0.9987269285054234,0.6124538908837691,0.0005786710604098,0.0001102556945178,0.3782724996201647
SAMPLE_03947,0.9998847028536164,0.031210263512578,0.0134832719003398,0.0272399770136414,0.0523280247634232,0.0783915459426558,0.0004812625497838,0.032391925494595
SAMPLE_03948,0.3761792107672055,0.0049161212701856,0.012131043020561,0.4407951097186774,0.0217822908870312,0.0001834168209775,1.0,0.0326223544186851
SAMPLE_03949,0.9923003087901624,0.6667411654360267,0.0539881444344753,0.9988773063640972,0.8484044736860504,0.0008058795362489,0.0001038594483794,0.5794920967072098
SAMPLE_03950,0.9999431565490692,0.1343566211128633,0.0050660671471533,0.9985370567797448,0.3544632818738086,0.0036806675888535,0.0004492894114658,0.028093997696147
SAMPLE_03951,0.6898359046809157,0.0170784120864405,0.014441379996689,0.4207599619717618,0.4528862561730848,0.0002433440133488,0.0001267409024531,0.3144205687016916
SAMPLE_03952,1.0,1.0,1.0,1.0,0.6272112330212165,1.0,0.999238253947374,0.6348566419415819
SAMPLE_03953,0.9939627327172376,0.6601045490246508,0.0150406082260414,0.9995377250607984,0.0429563072161778,0.0029182307449354,0.0003018927217312,0.0204766140941461
SAMPLE_03954,0.9999461905284724,0.0507207706608227,0.0380080165546899,0.9961716253660258,0.5232962020446312,0.0071454393227805,0.000770866358116,0.4154456364818117
SAMPLE_03955,0.9513374202478726,0.0261907709894733,0.0113216536760252,0.7783070860852241,0.3984912094272573,0.000323825669451,0.0002248606402526,0.4483892975690658
SAMPLE_03956,0.5232971642033647,0.0140721338306607,0.0130529478816142,0.0339104487790159,0.6279317905238789,0.0001204543392564,1.0,0.4886174002095648
SAMPLE_03957,0.9999427785142336,0.0076092522598038,0.0045399000334529,0.0060404733846446,0.0091429817469196,0.0059243467674832,0.0005336784459301,0.0074182531807923
SAMPLE_03958,0.0123152087883913,0.0034154828532986,0.0130649431442601,0.004842221493907,0.4740857908023296,0.0001549456870647,1.0,0.4750960024173764
SAMPLE_03959,0.5118356763198795,0.0088079169027473,0.0147858724301516,0.9979167052857956,0.2367861518421875,0.0094444083012646,0.0005517544499248,0.0443728898984131
SAMPLE_03960,0.9999496043757038,0.261310019955578,0.0016261794166629,0.0207920603132335,0.0086377200233912,0.0007615450263756,0.0004258163465402,0.0027036853662965
SAMPLE_03961,0.9998632942067912,0.0103829488143288,0.0098071477329805,0.0074029786655436,0.1617971923662534,0.012228362384349,0.0005072582596388,0.1360183069421281
SAMPLE_03962,0.9710152087550028,0.2327863364017988,0.0310126332376593,0.9994982421945562,0.2906558609409669,0.0001051001873023,0.000111336218529,0.2647474219861164
SAMPLE_03963,0.9872285939119444,0.2192046017723671,0.021323974925311,0.9548093946738544,0.5134751832418099,0.0017797650778289,0.0036400236367251,0.5863787693216427
SAMPLE_03964,0.0179975365635404,0.0047157657590883,0.0274611371874885,0.0287035375688024,0.5240368061747099,0.0001867683351931,1.0,0.6126173531284508
SAMPLE_03965,0.9999435971118686,0.0052414812291533,0.0043452019668304,0.0050330284338043,0.0077495936761902,0.0029581192866205,0.0010450534630394,0.0047930220160717
SAMPLE_03966,0.0197832263848134,0.0112018174063288,0.0112531957264267,0.0582549615356584,0.2272452531013279,0.0013583660384852,1.0,0.043888438552283
SAMPLE_03967,0.9448006023640908,0.4996381358291168,0.0217138061503017,0.9967517100469764,0.2335385800632407,0.0002427400349676,0.0003224345618522,0.07485782672908
SAMPLE_03968,0.9951118209603768,0.7065209042304273,0.2771838912678277,0.998535295895682,0.8348703028647668,0.0076603887545342,0.000216481123701,0.6361195193260992
SAMPLE_03969,0.939200900796524,0.021728996052263,0.0018329119859132,0.1692941280495905,0.2081350915766,0.0001636427974647,1.0,0.0533072668036412
SAMPLE_03970,0.7208857380542822,0.4333215079420235,0.3046837944346522,0.9981162319295764,0.4589501779434556,0.0067426915788075,0.0001838910010373,0.4432844524994657
SAMPLE_03971,0.9999408302139264,0.0071405963863703,0.0062514153334501,0.0108455476925321,0.002893346749291,0.001058646488538,0.0002634033290853,0.0029534258584752
SAMPLE_03972,0.9999488329019502,0.0291734283746229,0.0134761307437907,0.1422126803128876,0.0303445142454482,0.0074489902654062,0.0005063586211055,0.0160234068728076
SAMPLE_03973,0.0590344872434946,0.011476332918757,0.0028961066085744,0.0239820946793227,0.3645010647413552,0.0001536572440488,1.0,0.3424704289499296
SAMPLE_03974,0.9999238568238906,0.0283741382193613,0.0041203605125032,0.0418431550330111,0.011593520613095,0.0038511324232444,0.0003781093564223,0.0116085325247333
SAMPLE_03975,0.8029161812099211,0.0088994108294918,0.0348774502820209,0.9936742977655108,0.2551861289478734,0.0001723849923586,1.0,0.3272978557898554
SAMPLE_03976,0.0316571720189909,0.0177542120225777,0.0006350436864269,0.99261578648658,0.0483622196316845,0.0001332869361444,1.0,0.0331937334988043
SAMPLE_03977,0.9998846696232456,0.3054086796417959,0.0327585650088696,0.9985672492613668,0.0528490844688783,0.0107676639780769,0.0003167993394603,0.0258095163905028
SAMPLE_03978,0.9999499071838917,0.0978424450762263,0.023144565714704,0.9905082118316942,0.2848621091090495,0.0056571553511557,0.0004896360565751,0.0372249708224058
SAMPLE_03979,0.9932684381986824,0.2471449620933418,0.0437848525123983,0.9934279472246236,0.0517541169837225,0.0004205981056236,0.0001558794924328,0.0432017821268749
SAMPLE_03980,0.9999426869660066,0.1669352400382044,0.0036908636342745,0.1683984885864793,0.0178607259022832,0.0014304239740448,0.0006554132059099,0.0028731815281165
SAMPLE_03981,1.0,1.0,1.0,1.0,0.0533722991066045,1.0,0.9993703252531324,0.2184954176681463
SAMPLE_03982,0.7435197715335079,0.0227897836934512,0.0146454984890078,0.7460002008984657,0.3984876767652545,0.0001598494027625,8.804039956657898e-05,0.2185114903045932
SAMPLE_03983,0.9999504683634384,0.1883375381936432,0.0950357620109342,0.2586410155726144,0.0825682635480008,0.0699309998271567,0.0005315754387636,0.0310831915627077
SAMPLE_03984,0.9999378797757484,0.0060921643844978,0.017247136161762,0.0867788113093771,0.1638052750621166,0.0020065401118204,0.0004437523351012,0.0268694626890387
SAMPLE_03985,0.9999488451736748,0.0171734040076579,0.0041756258343753,0.0308639456009199,0.0195237799338573,0.0011503484641116,0.0001769708759552,0.0107423592050653
SAMPLE_03986,0.999940244857813,0.0050806542602586,0.0094417737006973,0.0143443132640531,0.0298177948143364,0.0018214738587944,0.0003937970075557,0.0068225891810893
SAMPLE_03987,0.3352393452754413,0.011653556165521,0.0210028684060258,0.980140332127988,0.4453826261873493,0.0001330045464726,1.0,0.4108941362976299
SAMPLE_03988,0.9999490812378852,0.0297572793705781,0.0112710034110948,0.0240563704325266,0.0249894631153439,0.0010926757471906,0.0004663770000719,0.0109407708241184
SAMPLE_03989,0.9933073370547348,0.0114460164127303,0.1117113404777597,0.1506296873595556,0.772280753950132,0.0001599591328644,1.0,0.933863985012348
SAMPLE_03990,0.9999456016898158,0.0059916507650608,0.0073977629188332,0.0059832837418592,0.0258463289794368,0.0043083291344217,0.0014716563192064,0.0159397261804363
SAMPLE_03991,0.9861773673995196,0.5257388589122339,0.3659305169493572,0.9958890184765024,0.7422133405882071,0.006027392616053,0.0019139629665577,0.8628895827205578
SAMPLE_03992,0.7159907950529535,0.0474863384908356,0.0010225593072573,0.9940570369781232,0.023798589154764,0.0001180677583779,1.0,0.0394480965146006
SAMPLE_03993,0.928999528199274,0.0350493009228904,0.00874148290337,0.9968248265812892,0.037648892364746,0.0007983806243131,0.0010501801674925,0.0240465433351579
SAMPLE_03994,0.9999477312094448,0.0186369957862717,0.0238285911704448,0.206298090848139,0.0385526431130695,0.0286070324132642,0.0017691394278577,0.0325363848381081
SAMPLE_03995,0.5957431952337451,0.0064820801656791,0.0030884473272176,0.307454931196249,0.1315661099772697,0.0001124563331129,1.0,0.038315760891523
SAMPLE_03996,0.0162244961906948,0.0196883709220569,0.0006242369891582,0.0061385119407352,0.506607566769009,0.000144017967944,1.0,0.6414547038627373
SAMPLE_03997,0.5810957675857403,0.0088346829811336,0.0284488029617769,0.2194159216462765,0.3858172777037377,0.0001511699100995,1.0,0.2552866861804624
SAMPLE_03998,0.8286061876816774,0.3027873928925157,0.0011414992704936,0.9959747249844296,0.0158211915559428,0.0001144895260793,1.0,0.0154409691816366
SAMPLE_03999,0.8366967360900119,0.0148297396073799,0.0266469782123704,0.0627294447713312,0.5519074872873712,0.0006430701027259,1.0,0.5096658824111954
SAMPLE_04000,0.9888208402555404,0.0440106203984047,0.0113374416658432,0.9875779634241868,0.3238826957886673,0.0004961507223674,0.0002615690692146,0.1584046224621223
SAMPLE_04001,0.9939577171514736,0.4243727416504486,0.0224243252924753,0.9974716381393688,0.6560884717709786,0.0001373745802894,0.0001294569866308,0.1614898083859884
SAMPLE_04002,0.9999137921819496,0.0043958654597159,0.0095665913184996,0.0062940726864491,0.0223512619144391,0.0017953947724832,0.0005717900320856,0.0256347631229391
SAMPLE_04003,0.999921125521744,0.0171571141376625,0.0030287578960497,0.0115886225860409,0.0198577658699888,0.0007891288910966,0.0020378215914217,0.0061998510051824
SAMPLE_04004,0.6730109627496247,0.0192212622765259,0.0012162969481852,0.0268853195084849,0.809724142874529,0.0001465476151385,1.0,0.9329489684036172
SAMPLE_04005,0.62578210428726,0.0330266442823613,0.0116077023724802,0.7114969463555452,0.5394390089541454,0.0001608387008651,0.0001259214350339,0.1512444940595108
SAMPLE_04006,0.9999424773381234,0.3016902727035081,0.0242810613845011,0.997653315495744,0.1937517565254495,0.0208154124077108,0.0011464814450001,0.0511079072997783
SAMPLE_04007,0.9999418388757207,0.0054041775619467,0.0104881720014618,0.0097851848847516,0.0115947429734101,0.0029907289217015,0.0002235579471564,0.0109814936373532
SAMPLE_04008,0.972411427724369,0.0424701384471196,0.0446209313425759,0.9810373208051548,0.9784214264259444,0.0001037786175587,1.0,0.9747318026852057
SAMPLE_04009,0.9999424143702086,0.0283938903452422,0.2721379412557025,0.2036643585605183,0.2924700753478477,0.0067809059057548,0.00092254661756,0.324394977904728
SAMPLE_04010,0.9999497502264812,0.0199876574363609,0.0057445804418116,0.1047446455652394,0.0322082614777398,0.0007485269069485,0.0003469557986709,0.0165476799556201
SAMPLE_04011,0.9885719044970674,0.3003314963161785,0.0370336577206436,0.9873397694459892,0.1841089024029037,0.0003657827976797,0.0001457889192125,0.4005154426667729
SAMPLE_04012,0.999950722998787,0.2058958718389233,0.0119007741908853,0.2231171534106174,0.0235122729826515,0.0012727924090672,0.0006374451313032,0.005784868152349
SAMPLE_04013,0.9997643569528644,0.0172682195049526,0.0211741406316042,0.993236094246874,0.018692419339624,0.0093701839778657,0.0016276105258842,0.0186693128002987
SAMPLE_04014,0.9876436391011832,0.2258450383868807,0.0273461550943769,0.99875114066235,0.7100082309002257,0.0018893212318804,0.0001826457422989,0.5204370757580195
SAMPLE_04015,0.999950418862586,0.0208165137752443,0.0426714295816732,0.1746170497152771,0.0430378920377657,0.0042581902582105,0.0007042639875365,0.0345434222197286
SAMPLE_04016,0.9919396321144248,0.2053823395400225,0.0340183317991906,0.9982158704658992,0.0784502420741093,0.0005213969461702,0.0001204118024662,0.0582441305841809
SAMPLE_04017,0.9999155166490404,0.6370297386979571,0.0137042299629182,0.990839124263033,0.1381768949631163,0.0032666747914121,0.0002730885058925,0.0524214244346488
SAMPLE_04018,0.9999461636613406,0.9520599255365084,0.008572765502441,0.996343591258088,0.0078323451347036,0.0487399737701426,0.0023217676405442,0.0168706039391832
SAMPLE_04019,1.0,1.0,1.0,1.0,0.5548802492294209,1.0,0.9979975114229512,0.6675198602244755
SAMPLE_04020,0.9998814500491182,0.0251724113837013,0.0383336935184234,0.976591963789222,0.297443812778959,0.0017789251511132,0.0003611433097762,0.2082986975559487
SAMPLE_04021,0.3437664552148426,0.0202886913734237,0.0142813616398146,0.98028296121785,0.6922925752513882,0.0001296644680015,1.0,0.7546590285538028
SAMPLE_04022,0.0264390378441939,0.0264834247063809,0.030153600044805,0.3136407278509908,0.5671805574223726,0.0017300416319507,1.0,0.6464553863620178
SAMPLE_04023,0.9999365021146996,0.0908088972251403,0.0200408210185471,0.9983314140336524,0.0254067429868126,0.0038222228809156,0.000309916600229,0.0306031676960817
SAMPLE_04024,0.9999184649457478,0.0209929391732752,0.0125385888579931,0.9830993469987558,0.0359208558686802,0.0078270874642575,0.000970808532973,0.0293097813485431
SAMPLE_04025,0.9589901863389738,0.0078731760686201,0.0056873035227462,0.0303479470416329,0.3769132521797263,0.0004542055852226,0.0001381841014905,0.6386039589542042
SAMPLE_04026,0.999931073092567,0.2400952685420231,0.0172248518076674,0.1649725933723361,0.1648119774374898,0.00732176680396,0.0005233585259231,0.0293222645649465
SAMPLE_04027,0.999913942504611,0.005035172496661,0.0145585821934199,0.0149639421852937,0.0234427959457601,0.0037522643402741,0.0012593587693784,0.0097717208841923
SAMPLE_04028,0.99995025484863,0.0978293435354051,0.0089610661263493,0.0276810920802697,0.0475092972999792,0.0009114577964988,0.0004107059211538,0.026695677229134
SAMPLE_04029,0.9999411404728832,0.0096846529625994,0.0022121348069371,0.0118946138850888,0.0049640971221687,0.000757971728707,0.0003684386247039,0.004297929210766
SAMPLE_04030,0.9999364010385272,0.440671390764108,0.4917932158780737,0.5832553776098157,0.6432822206220743,0.0762976935240168,0.0075607679897446,0.5591533504669723
SAMPLE_04031,0.9935590592696792,0.725512282700582,0.1493311851802282,0.9988278069435556,0.96634382821663,0.0011775211193807,0.0002014812627893,0.9722099066276192
SAMPLE_04032,0.9999463424288482,0.4352004662489885,0.0049716341598181,0.1534004127579397,0.0150697060629243,0.0041823645596975,0.0002440028708728,0.00834961897474
SAMPLE_04033,0.988769464414743,0.8854922129188216,0.504366269083895,0.998334241813412,0.9744499730825624,0.0048070488255388,0.0002379189884911,0.9357706998707944
SAMPLE_04034,0.9851459598035108,0.0300269893530861,0.2079870893365791,0.997608621841937,0.5728222217094908,0.0015679026305647,0.0006758760256929,0.4318042999274712
SAMPLE_04035,0.9999335640386322,0.0113067895873698,0.008119591066862,0.0092266297303057,0.0241143934156496,0.0134733820760012,0.0016431394732631,0.0216349548225077
SAMPLE_04036,0.999953380944613,0.0102726845927517,0.0061724618364197,0.0103115114347869,0.011219467968135,0.0008209898951585,0.000391958606587,0.0071920711095914
SAMPLE_04037,0.9955586647545862,0.651435740380784,0.1603284382114972,0.9986005135349748,0.7155110596302307,0.001415893413483,0.0001221147387899,0.844050358807289
SAMPLE_04038,1.0,1.0,1.0,1.0,0.783283786726056,1.0,0.999585660108681,0.865203725329825
SAMPLE_04039,0.6227594202609321,0.0058991920616296,0.0121270843780202,0.9789674676718356,0.5622326848295156,0.0001121377028718,1.0,0.5486292130904471
SAMPLE_04040,1.0,1.0,1.0,1.0,0.4899279807386996,1.0,0.9992031187842764,0.56951209747711
SAMPLE_04041,0.9964231221679531,0.0455252923200157,0.0343813620163301,0.9991245178938668,0.5396510158599901,0.0001978544681812,0.0001843063277774,0.4394476294741564
SAMPLE_04042,0.9998700500222868,0.0181840415322328,0.0124654285670839,0.0163842320974399,0.055757706720598,0.0067084559369202,0.0006015069794122,0.0131639477115964
SAMPLE_04043,0.9604854059475378,0.1338041564688722,0.0253308643096303,0.987353648819753,0.5758031687731233,0.0001044076237593,9.201806118447848e-05,0.3640390466534317
SAMPLE_04044,0.9999497123039004,0.0074518101275716,0.0124090351821878,0.25170122014676,0.0424905484260341,0.0012857325040292,0.0006548246241876,0.0338766401692897
SAMPLE_04045,0.999850722825587,0.4415196716292702,0.2113691157368747,0.9989960349116236,0.393567752096841,0.0046748639034438,0.0007325665396862,0.0519961543465189
SAMPLE_04046,0.9999349321885822,0.0166604773869398,0.0072531218841192,0.0255537812075882,0.0187830044972484,0.0021699721477484,0.0006280936851574,0.0091436746968724
SAMPLE_04047,0.9998742185226976,0.0111672072654682,0.0026099208375319,0.0105686693584102,0.0062209001876365,0.001585287867034,0.0006939614409791,0.0037093663329307
SAMPLE_04048,0.9999452756772516,0.0162184198578033,0.0064146517499238,0.0092856844006973,0.0164267102137605,0.0013981743045319,0.000872866950409,0.0083870123216653
SAMPLE_04049,0.999915051503274,0.1323702210700502,0.3727883224329714,0.9762273184318208,0.0139944200870984,0.0609363698936298,0.0046355784040106,0.0259410300246643
SAMPLE_04050,0.9999486908770028,0.0090561404415876,0.0140147255056839,0.014596824796854,0.0177324676951087,0.0012060823236132,0.0004370391846051,0.0171533265125367
SAMPLE_04051,0.998760550401434,0.5592832810077197,0.238591034979405,0.993306630383074,0.9840800386836808,0.008975377866415,0.0001550147982026,0.4424951058051117
SAMPLE_04052,0.98944125014355,0.0214506162854996,0.0047509463379992,0.991276757569824,0.3028280773763803,0.0002498108286154,1.0,0.286808096943254
SAMPLE_04053,0.9978461323631264,0.3918335828847459,0.010710433280633,0.9984966374823608,0.6413216009618632,0.0001288281558293,0.0001142832247008,0.0769683300471348
SAMPLE_04054,0.9918425857626614,0.0233684340267388,0.0098226030535179,0.9984120896837464,0.0174898056838378,0.0002503265375921,0.000151078388706,0.0153509352837875
SAMPLE_04055,0.988834893949182,0.0229310879819488,0.0013722427248261,0.0218023839616459,0.1432042465927871,0.0002136877314752,1.0,0.1925986281254982
SAMPLE_04056,0.9741617334372124,0.6925964988019063,0.0086535350422599,0.9901374497424064,0.03254839001619,0.0021963179464755,0.0003493486188103,0.1559963784304097
SAMPLE_04057,0.984982894980432,0.3224284304650601,0.0519482512498109,0.9990302316492852,0.9267016985195972,0.0008488913959721,0.000143878547911,0.8027971848717762
SAMPLE_04058,0.9999505306236663,0.0321369486548374,0.0082300073494511,0.2680867466650611,0.028931453206237,0.0006785355386859,0.0006099434245932,0.0083515457598145
SAMPLE_04059,0.5868055933316024,0.012116063545819,0.0403761853786551,0.9847007746740692,0.9511718535172524,0.0001228476306393,1.0,0.9555037396271624
SAMPLE_04060,0.6721027736959505,0.3285652482795854,0.0190269611294674,0.9889900636877332,0.3892615756058362,0.0005423268529529,0.0004715126924667,0.2725835559446219
SAMPLE_04061,0.0217382122158252,0.4452155364450655,0.0454829970603955,0.9987712808530872,0.947298277305389,0.0047899685122535,0.0003285825760286,0.222189485692653
SAMPLE_04062,0.999897355879653,0.3281937789324428,0.0399872696883968,0.9976625760204816,0.0564281228382021,0.0142906708371597,0.0004534365675959,0.0413332047886728
SAMPLE_04063,0.9999273726898676,0.2567002922182836,0.0192967832937381,0.9976239792605216,0.0351011849277555,0.0034881028346726,0.0003355850141427,0.0150038550717188
SAMPLE_04064,0.999937888130342,0.0221948384379266,0.0195761992968341,0.0229926828997125,0.0199234826563553,0.0010837892695408,0.0005736744857469,0.0155015950047831
SAMPLE_04065,0.5181681664494147,0.020912811021888,0.0010268994658097,0.4332021020044881,0.0166726164918657,9.572322088583936e-05,1.0,0.0094919228133123
SAMPLE_04066,0.99994575140827,0.0084963485896244,0.0181807836384267,0.0297914807055315,0.0459417269254207,0.0021780142365767,0.0006925418192178,0.0197917377173246
SAMPLE_04067,1.0,1.0,1.0,1.0,0.5574029639077438,1.0,0.998814124213291,0.6225077866323159
SAMPLE_04068,0.999934456452142,0.0969080629352831,0.0257453031177607,0.2072010787779528,0.1887562186259758,0.0148288742290724,0.0008955833482035,0.190882786413467
SAMPLE_04069,0.7263793132453975,0.0090827083329438,0.0140505412539195,0.0233357562249817,0.7302297263628919,0.0001587149770054,1.0,0.7616445953218169
SAMPLE_04070,0.9999474282565616,0.0068927169099283,0.0129316252704207,0.0144971099864323,0.0224320584724038,0.0007389721125891,0.0006759789692316,0.0049542928584149
SAMPLE_04071,0.9999428888432448,0.1480274769354735,0.0202400112184044,0.2031044531460631,0.2657597810000626,0.0230316894999562,0.0015068613119341,0.2720640488598522
SAMPLE_04072,0.999871917798723,0.014041719034489,0.0269020618943607,0.0284123279070071,0.1355317936708674,0.0321074478777028,0.0005311512077713,0.0454079338393201
SAMPLE_04073,0.9999317550441392,0.3260414126956711,0.0051144285365066,0.0357864494330831,0.0081953500675758,0.0003827716251806,0.0001332462347543,0.0049737563581953
SAMPLE_04074,0.977468575961394,0.2922671220431254,0.1743836698628918,0.9761319502761726,0.2446185536904931,0.0014240041537753,0.0003358194292845,0.2263024108048237
SAMPLE_04075,0.9999390090069772,0.026848612476707,0.0619078977454566,0.0388984262929255,0.0174139841736567,0.0153346266276902,0.0014246780111456,0.0295085717479171
SAMPLE_04076,0.5626994971499136,0.5207649264880415,0.0165588493243722,0.994357873331861,0.0400102619366136,0.0122100613340973,0.0004092292714183,0.0262169966416763
SAMPLE_04077,0.9999190231548634,0.3849562424732514,0.1928512997141956,0.9892576175662322,0.2196261487190815,0.1450382177413241,0.0025812927836154,0.2716003313822581
SAMPLE_04078,0.8517123395860778,0.0198445150361195,0.001280246838447,0.0172132772883686,0.2839339484482491,0.0001157045607201,1.0,0.1690803290830956
SAMPLE_04079,0.3124788669217395,0.02853742056722,0.0067175713943457,0.9748123571368844,0.2685684846145015,0.0017300950655004,1.0,0.0648041369777693
SAMPLE_04080,0.9877743503593746,0.2158207910485199,0.0193077261328696,0.9564773463910274,0.2797706102706017,0.0003289888111082,0.0002252334288327,0.0803755689374623
SAMPLE_04081,1.0,1.0,1.0,1.0,0.880355007419406,1.0,0.9990297103278428,0.8917794103434453
SAMPLE_04082,0.9999311518428556,0.2108275904456746,0.1407671387264712,0.9959551124594088,0.1179687925825884,0.0008654842737671,0.000329137110356,0.0302626964883638
SAMPLE_04083,0.999942703208091,0.4204350179403847,0.0066608443999413,0.3999733359837457,0.004490065617279,0.0011845785241177,0.0003026843526806,0.0030493020179486
SAMPLE_04084,0.9973613186489269,0.7800039588577141,0.4330397322077646,0.9987687633625502,0.832667979687345,0.0002474504851255,0.0001357543052818,0.434496619563685
SAMPLE_04085,1.0,1.0,1.0,1.0,0.2509073639725143,1.0,0.9985026923168012,0.4958484322281989
SAMPLE_04086,0.9999479709123962,0.0165796911839052,0.0038655268895216,0.0241679390823835,0.0129237490886368,0.0007109879294588,0.0005325046047687,0.0033233905205197
SAMPLE_04087,0.999897277353965,0.0313368017842213,0.2870401109372836,0.9829640655373312,0.1992192957813425,0.006523229552855,0.0010020999749426,0.1650581493526766
SAMPLE_04088,0.9761274672604484,0.9538806338116596,0.1780103953837279,0.997619386715965,0.9570976785840588,0.0095999924337998,0.000129588539026,0.8068495016259272
SAMPLE_04089,0.9931099470615182,0.589957516022528,0.0357214265344749,0.998450099598348,0.8586720049657277,0.003202690737741,0.0001513890463005,0.3272634588501246
SAMPLE_04090,0.9998234451651876,0.5019764032095468,0.2438878954718951,0.996876136582178,0.3220025197986138,0.0200381239146148,0.0010023118620888,0.1870373695905444
SAMPLE_04091,0.8786796463505123,0.0274474900174206,0.0044530719874933,0.4520202460552774,0.4627782698473422,0.0005766653154832,1.0,0.283092482344304
SAMPLE_04092,0.9999438896448368,0.0477733165853643,0.0070728130070511,0.0348662488039356,0.0422581629179009,0.0030818669513592,0.0013590240911563,0.0177828261270701
SAMPLE_04093,0.8648546475733738,0.0229263908159278,0.0109062001533628,0.982105074643276,0.0243473880820607,0.0015957490310615,0.0002654023078508,0.0305892390080193
SAMPLE_04094,0.9955699187366402,0.4094546714011734,0.0424816258132987,0.9977333909802092,0.5298528248411692,0.0001375000199452,0.0001569382765118,0.1007456082546295
SAMPLE_04095,0.8310070797229783,0.00390106813567,0.1354289285813082,0.0196472285635966,0.6437516319610677,0.0002176075245457,1.0,0.6484982185483015
SAMPLE_04096,0.9999464750866016,0.0036761402005097,0.0086804357281876,0.0061388544938299,0.0230115566541832,0.0022664483063972,0.0009177186376918,0.0156001457461231
SAMPLE_04097,0.9831528344152458,0.0614819153637267,0.0196735365634544,0.9896525682792318,0.0478230580967486,0.0002932747690958,0.0001493822454943,0.0776468501621575
SAMPLE_04098,0.9980172665018197,0.4819314815117635,0.4708900664291692,0.981738394278399,0.7149636965866423,0.0031231318000805,0.0061741710481697,0.6150275855882577
SAMPLE_04099,0.999913766178054,0.4368757995736207,0.0284483153579944,0.9556940145900048,0.1487933370131601,0.0351539403707885,0.0024326815024364,0.029020974316253
SAMPLE_04100,0.9999356549957698,0.4071095748033173,0.7218367973497294,0.995043356458916,0.9383654465131712,0.0588440820681747,0.000884264212228,0.9632598131353104
SAMPLE_04101,0.710797346067584,0.0201916158527561,0.7222839511841592,0.9397555502531324,0.766678919652477,0.0004689501510645,1.0,0.5412939231299293
SAMPLE_04102,0.9999187977490612,0.1761707068999405,0.0119207979629157,0.3504526647020992,0.0416865063464963,0.0084019912564334,0.0006123940677407,0.0240534567553599
SAMPLE_04103,0.5722792940155552,0.0151177346926168,0.0048408640106718,0.7358423595331021,0.1668000274465957,8.739493499587884e-05,1.0,0.0594047902257797
SAMPLE_04104,0.992578308538336,0.3309591016846648,0.0540973552622381,0.9961336135155772,0.5274631977455255,0.0001988472199455,8.583349860070703e-05,0.2547069364910762
SAMPLE_04105,0.9999500076498462,0.0092116411352448,0.0068198982298682,0.0141732649983355,0.0122498644816521,0.0036279254915496,0.0006543460031752,0.01187625543972
SAMPLE_04106,0.9999138282880706,0.0230710060667163,0.0286179612917506,0.0576010123450503,0.1410867837608171,0.0075982589045587,0.000680380267122,0.1104663090991302
SAMPLE_04107,0.9956508278533632,0.4900284298973546,0.0644308635031733,0.9987874569311378,0.0431264596405534,0.0001505542849826,9.813190760087874e-05,0.0562931115623884
SAMPLE_04108,0.5360380783102398,0.0519225638146086,0.008349790752783,0.9929221760801336,0.6584729395292014,0.0002066138458926,1.0,0.6325266297634796
SAMPLE_04109,0.7485666796077832,0.0103523324081417,0.0230759912082711,0.4339040829919703,0.7110525750323788,0.0049367507473894,1.0,0.7716176464502091
SAMPLE_04110,0.9857066880835672,0.002287797332095,0.0161121758930651,0.0165036612879847,0.807279277945365,9.866389130133858e-05,1.0,0.6524578042036383
SAMPLE_04111,0.7485991586282912,0.0164752765939382,0.023828978505846,0.9679646380192132,0.4445170651319557,0.0002026529502031,0.0002850171694253,0.4321386854311053
SAMPLE_04112,0.9999294632179894,0.0052410730483996,0.0253521144062426,0.010090326607512,0.0282922081408515,0.0064766110330981,0.0003539295108407,0.0198317818360994
SAMPLE_04113,0.9999400619582548,0.6280150172373989,0.2084062272905854,0.9896381102795716,0.0793190967972717,0.0149526462583831,0.0012822773114416,0.0196514985144468
SAMPLE_04114,0.9999283365654318,0.0076503800306341,0.0098761352902296,0.0161331614560568,0.0078008640005974,0.0022980949568361,0.000982522380828,0.0062699449211101
SAMPLE_04115,0.9715721213682166,0.0364132471263901,0.0143400605028396,0.0189890599083978,0.2999673375787072,0.0002423801565944,0.0001634903789231,0.3595917008730414
SAMPLE_04116,0.9999434549335062,0.3525687260377016,0.1177720595722805,0.9993561818093208,0.5987223868426547,0.0166038158356334,0.000868643947126,0.4180143578915697
SAMPLE_04117,0.9999166492361836,0.0067502821205112,0.0095194329132464,0.0139137472844083,0.0232061593386351,0.0003884200208037,0.0001751016282155,0.0158876249072338
SAMPLE_04118,0.999928325329215,0.7508263645678775,0.0129860746599889,0.991459697826912,0.0082547905708726,0.0174054686425808,0.0013700679283395,0.0097873271408751
SAMPLE_04119,0.9999385360598132,0.3233861640944936,0.0041528300291445,0.0469660067643966,0.0105046997879679,0.0020248903514821,0.0002575002424372,0.0075891767715198
SAMPLE_04120,0.9965489463292234,0.5920076016553102,0.0189136821654291,0.3700165803068888,0.0302846168513272,0.0067723629167597,0.0003268288833072,0.0386057125088177
SAMPLE_04121,0.9999120689817784,0.2649428680121797,0.2909043124107813,0.6556637060534081,0.3640721948229353,0.0228540163672846,0.0069316700303226,0.0443214520431046
SAMPLE_04122,0.9792609323999364,0.01189288985534,0.0178606313788232,0.99243337858571,0.2666416695220132,0.0004458550953917,0.0002423562898678,0.2196205128267244
SAMPLE_04123,0.9999324380382612,0.1387239797418826,0.320095132884797,0.653231812342397,0.3560578195957943,0.0283454635125496,0.0021160439588525,0.0305264905215922
SAMPLE_04124,0.9998943227506754,0.0106653860619867,0.0152583582394507,0.0146654891875679,0.0117633489685265,0.0045499739247619,0.000189881949582,0.0127913999356793
SAMPLE_04125,0.9888095244041633,0.270188502747526,0.0131488883557857,0.9994470512048084,0.5127574516994575,0.0097446019483713,0.0001184417598242,0.1537435835440727
SAMPLE_04126,0.9999415993708052,0.3591193699322378,0.0028988472317904,0.0784774410508872,0.0105992737459699,0.0005607546177251,0.0006171666554409,0.0048126883252479
SAMPLE_04127,0.999952857498002,0.014322242720702,0.0079596043165389,0.0112091213972904,0.0246706123043098,0.0013414179232053,0.0003217823487832,0.0193798202562506
SAMPLE_04128,0.997915154933938,0.9757970766701785,0.5998505114451634,0.9984256861592314,0.9873165483941522,0.0138585241091489,0.0002554178748313,0.7561095465229464
SAMPLE_04129,0.999943788860866,0.0137781831650216,0.0224913436833824,0.0285712878327074,0.3317770992907454,0.0075027789740931,0.0006453979435028,0.0302443091243178
SAMPLE_04130,0.9999458646690658,0.3859312921143433,0.0273634484429424,0.5497240278895364,0.0589023413100708,0.0851453605706199,0.0007254589967544,0.0387753727712826
SAMPLE_04131,0.9897742938001848,0.2782171754420764,0.0183792232084694,0.9984548071736936,0.5188008265886885,0.0018074713604314,0.0005607433056298,0.0705813706448431
SAMPLE_04132,0.9858260790702872,0.1433140644764235,0.0505136689349423,0.9970085498094304,0.4970720210389764,0.0006988452719135,0.0001535975720453,0.3290454737255542
SAMPLE_04133,0.1828283666948788,0.015301178987708,0.000678475214349,0.99315858959877,0.0129938166550963,0.0001334187458702,1.0,0.0094239680839562
SAMPLE_04134,0.999952516356369,0.3200175584706507,0.0059472266713869,0.025886111941351,0.0074474714703208,0.0046788892963649,0.0009075591692415,0.0050783236119219
SAMPLE_04135,0.9999486409772572,0.0256577045573359,0.0280502400440394,0.1486550413778568,0.0927020226803992,0.0025682613168149,0.0004416478827003,0.0225077318486557
SAMPLE_04136,0.8624999032451797,0.0055845543594093,0.0375309614138943,0.8246535890595015,0.6119758927333458,0.0002276407513534,1.0,0.5772657124006649
SAMPLE_04137,0.8031875889206201,0.0191754740745951,0.0215616810800712,0.1051186009833484,0.3302180718308265,0.0001222352347614,0.0001303367827681,0.1625636242052729
SAMPLE_04138,1.0,1.0,1.0,1.0,0.4672864253973564,1.0,0.9993966793455976,0.5548274577616286
SAMPLE_04139,0.9999506927061852,0.0242483395345462,0.0041202086038931,0.1276513654466895,0.0125917442242264,0.0011324807397363,0.0006664630441711,0.0047287913113728
SAMPLE_04140,0.9839572543534988,0.0381667969449664,0.0313820715080438,0.9976552114900256,0.2641093850115165,0.0002322211134207,0.0001131951526208,0.0536907603542573
SAMPLE_04141,0.9998960556377088,0.0150486413795418,0.0120117930388232,0.073780095111724,0.0406320899348552,0.0025033943269803,0.0003633719356827,0.0230404546190008
SAMPLE_04142,0.9999005065625493,0.4006841292478008,0.0094579406703477,0.996566813541278,0.0144721563703862,0.0004657449384453,0.0007874365718656,0.0068636755762749
SAMPLE_04143,0.9999346228848204,0.1135705188500891,0.015453090434478,0.3802936237437949,0.0310656599969533,0.0130758447947961,0.000482634925248,0.0235891517951347
SAMPLE_04144,0.9999548346637316,0.0079151614103872,0.0084852235383044,0.027052780998122,0.0055250965538711,0.0013230063877659,0.0002127412409431,0.0067557655736969
SAMPLE_04145,0.999950974187274,0.0188151991850894,0.0204496740865967,0.0759364770850903,0.135544763444868,0.0124418371390691,0.0010229992288723,0.027662236832113
SAMPLE_04146,0.9999457085615144,0.5271570581329916,0.1524476585435662,0.7608611023742202,0.0773108427219192,0.0030479662680604,0.0008101439533635,0.0322913237457392
SAMPLE_04147,0.3972375998214216,0.0051626831480009,0.0022563022934054,0.0050210534548474,0.0291335141741283,0.0001031844159808,1.0,0.0246205874770464
SAMPLE_04148,0.9999461082682676,0.0331443548681682,0.0110497087213805,0.0308944251679896,0.0391194618124473,0.0117777800643888,0.0018110936512604,0.0167540635240176
SAMPLE_04149,0.990585156581448,0.2106574360052136,0.0243771954353951,0.9937852103946004,0.0785983772171106,0.0001887420619815,7.703154804517505e-05,0.0449507770013216
SAMPLE_04150,0.4143515365542174,0.0111990993721761,0.0237319752001766,0.01275121985468,0.5002925389622315,9.76416659987695e-05,1.0,0.6572316269684464
SAMPLE_04151,0.9999448692218827,0.2759189386786499,0.0056543487074606,0.0239449430697783,0.0135763056893771,0.000402032520619,0.0005975490277847,0.0053195703186073
SAMPLE_04152,0.5022490028698777,0.0054808443004422,0.0126858903612942,0.4729060141327986,0.1575287063593836,0.0003809133298874,1.0,0.1580475368074182
SAMPLE_04153,0.5867179980369688,0.0135239060075189,0.0103258561370925,0.0500849437114033,0.0223977570312043,0.0003700321856661,1.0,0.0221026491510274
SAMPLE_04154,0.9999482455686076,0.0093046380975586,0.0080326267154616,0.0167965638005731,0.0141101833179023,0.0008035899364616,0.000468975527791,0.0082134928628365
SAMPLE_04155,0.9915988235626032,0.4469410151997016,0.015388093400808,0.9988088286580492,0.4926318337940015,0.0001339052868638,0.0001471946714682,0.1652383888270724
SAMPLE_04156,0.9998763707317596,0.0214931735635898,0.0185644975707268,0.3774970827323976,0.0203557788493627,0.0026815202008937,0.0005818050701973,0.0143726883227728
SAMPLE_04157,0.8541529675174283,0.0062407682473656,0.0052538752786872,0.1738765525365374,0.0426982361734013,0.0002152074258016,1.0,0.0393838973941809
SAMPLE_04158,0.99517839400469,0.5179956982876782,0.0171415564342219,0.9974747051831668,0.6478541196070419,0.0001807584917186,7.371408088370206e-05,0.3998273613243951
SAMPLE_04159,0.7844673967701221,0.0091700625581409,0.2313079547533704,0.9961708533055844,0.8392203721302638,0.0003961711690735,1.0,0.8385142824082792
SAMPLE_04160,0.9999491601304198,0.037658751559246,0.0048847986036958,0.0278789025445242,0.0163941344690584,0.0004021555694249,0.00018094291578,0.0046240143782308
SAMPLE_04161,0.9949389602122984,0.3611181331736755,0.0979783037171117,0.9897664696814752,0.4908027773483338,0.0002830019727803,0.0001951046048922,0.1340014526835659
SAMPLE_04162,0.7168761344463277,0.038003763210936,0.0121059565879196,0.9739423311693984,0.2773803249421406,0.0001317272862428,9.736474227447932e-05,0.1515851750174025
SAMPLE_04163,0.9998643682296272,0.972562788602589,0.386249591703358,0.997463036609764,0.6052819368819709,0.0078877718888112,0.0004417333391144,0.539528674252274
SAMPLE_04164,0.2645013716892771,0.0023991586612852,0.001662587327151,0.012631095891128,0.1539117117417475,0.0001333315052953,1.0,0.0569472194084602
SAMPLE_04165,0.9917464736060436,0.2533662824725469,0.2049765452013509,0.998035723042595,0.5848997373266189,0.000242929293424,9.722215494519812e-05,0.5409202148747527
SAMPLE_04166,0.992009614253438,0.0541625477052829,0.0203416892846144,0.1544343060455819,0.5196704495595983,0.0013897596472922,0.0002117600892182,0.4087692115753288
SAMPLE_04167,0.9931704132128164,0.0383024185006421,0.0304456393897308,0.991818761826798,0.3298587759426163,0.0019130688864627,0.0001187426686846,0.0448567625151944
SAMPLE_04168,0.9663471541136291,0.0475191733538509,0.4919390930433048,0.9892239730142924,0.8435978266607981,0.0002600607158351,0.0001367907190883,0.6033128599143337
SAMPLE_04169,0.999947685363512,0.0204343523957391,0.0231005094254844,0.5670711122527765,0.0352300601573154,0.0358403399216827,0.0005508811638446,0.1202449580374085
SAMPLE_04170,0.9761840944375588,0.0140361993091262,0.0309436041434824,0.036117266951963,0.4536123427312417,0.0001007850658209,1.0,0.5607434191436679
SAMPLE_04171,0.9999324719649996,0.0141716313957772,0.011321722869409,0.956866929805122,0.1936681334719197,0.0038959685437499,0.0008886348304594,0.0409440800496462
SAMPLE_04172,0.999909698230311,0.1753150725742789,0.0187581606689095,0.0502790237808051,0.0753355127453863,0.0252098204107823,0.0008713518468759,0.027828065397653
SAMPLE_04173,0.9999463987060132,0.3022735201910051,0.4990485748749119,0.6576829318468127,0.7464727534072573,0.4474876039203105,0.2786365237598808,0.4603823805943212
SAMPLE_04174,0.6790980710862917,0.0090518393368928,0.0042179694504446,0.0225253367315,0.3781387860107252,0.0003400202880667,1.0,0.3048411333610486
SAMPLE_04175,0.7273451297518851,0.2786908898253711,0.0178848551400425,0.998400754497042,0.0355987766740375,0.0002625077663838,0.0002336408380574,0.0607416616297629
SAMPLE_04176,0.999939882315534,0.0335897556191747,0.2651210610304078,0.2499775138988281,0.322759238645911,0.0229917772985858,0.0006266013993422,0.2200035143769435
SAMPLE_04177,0.7356885701083915,0.4111866105572302,0.0249862578593878,0.9988997836855882,0.0387491021323017,0.0001063999081757,0.00011309513278,0.2033079279563726
SAMPLE_04178,0.999892242814966,0.541971506775038,0.1284912866328918,0.9967409389001572,0.4995507288226862,0.0935137354765554,0.0007322543317843,0.3089428812030025
SAMPLE_04179,0.9998779387637132,0.9679939146257054,0.0102875722574371,0.995235144871758,0.020428964487476,0.0060209047136732,0.0007098678968372,0.0089113622670042
SAMPLE_04180,1.0,1.0,1.0,1.0,0.082813280963957,1.0,0.9993889939601076,0.2485639944312713
SAMPLE_04181,0.9918194906450148,0.0358655293266312,0.0104686433806025,0.972495199422134,0.042493606408299,0.0003052238918678,0.0001504515995765,0.0255327356667277
SAMPLE_04182,0.9999464161636288,0.0141604028548289,0.0127057723973259,0.0236047806690036,0.0122535225700981,0.0065833047745352,0.0004351988182802,0.0124446668834218
SAMPLE_04183,0.8591894525588863,0.0185196772383332,0.0014647183992563,0.0203487315373548,0.3358034724116144,9.37449986408146e-05,1.0,0.2879264538935461
SAMPLE_04184,0.9999530668804318,0.0118208799741325,0.0127244923467032,0.0105672053279417,0.0058059108554994,0.001206839776427,0.0008817974887703,0.005662378588253
SAMPLE_04185,0.9999449949961494,0.0146117291175566,0.0100575839265338,0.0160238142808074,0.016402333772178,0.0049071563777316,0.0004043825686231,0.0115558428705213
SAMPLE_04186,0.0814922846267129,0.0111135102419572,0.0170388370364085,0.0208642079606513,0.4347416466101721,0.0001927336295371,1.0,0.4535997034297298
SAMPLE_04187,0.7412760245976342,0.187569167087093,0.0258181479139373,0.9984321013193872,0.0277957846138412,0.0002099277950164,0.0001888212082571,0.0439541751657531
SAMPLE_04188,0.9925738639534196,0.6371435891767474,0.0234345143455868,0.998730768291123,0.4657767454024674,0.0004253786446542,0.0001068659162604,0.3446307105178927
SAMPLE_04189,0.9853842368997924,0.3267760393095629,0.0231599374805951,0.9970268527380352,0.0290463287625618,0.0012035647555763,0.0001353808122294,0.0363081631604992
SAMPLE_04190,0.9999505133802324,0.0062805867946762,0.017829577937471,0.0148183128056546,0.0263636790325199,0.0061076406765085,0.0006259643463732,0.0115454952557229
SAMPLE_04191,0.9999224088692984,0.0193369488490927,0.0280409971693122,0.4232334839085012,0.163954003912385,0.0253650264219068,0.0012875197241482,0.0261974275843705
SAMPLE_04192,0.999895972352546,0.0347718729765846,0.0127871014476288,0.0188041834071309,0.0248346960716664,0.0026056332604748,0.0002997268463482,0.0113588747054607
SAMPLE_04193,0.9812831521987696,0.0367687142320842,0.0224437780493087,0.4210550756875998,0.6705384568744892,0.0014479216028727,0.0002542949615241,0.4121529004174745
SAMPLE_04194,0.65777005403228,0.014465495525155,0.0114578109064007,0.0201357760784238,0.0136936744291033,0.0001888713393228,0.0001043445375454,0.0175401697480192
SAMPLE_04195,0.999947084333845,0.0175468172636827,0.0240084603637113,0.6890965735063557,0.0995910770638632,0.0013631013866851,0.0006929029552809,0.0218052447138405
SAMPLE_04196,0.999758724810748,0.0758854807145705,0.0892931590273321,0.9933842223784544,0.0255298683471687,0.0041634598238683,0.0004343346946937,0.0168310593333409
SAMPLE_04197,0.9999480055773698,0.0231005881876359,0.0093382616960453,0.0095899946551755,0.0152333199094011,0.0458143683072311,0.0003691992489649,0.016370774815114
SAMPLE_04198,0.9999305820510644,0.0219019881940652,0.0106370428328733,0.3238854070163326,0.0334836396036049,0.0081746589676178,0.0002892274010878,0.0103306226455895
SAMPLE_04199,0.9999136039868772,0.0090646625296564,0.0971906437559211,0.1532611368947563,0.2353376365087398,0.0075604429443052,0.0007994339668141,0.1849078031922715
SAMPLE_04200,0.1517651271284914,0.002390309811896,0.0304443027294176,0.0207243388792739,0.4840312115452357,0.0002075564811143,1.0,0.4918697314906873
SAMPLE_04201,0.9999166823328924,0.0085622071727846,0.0038010874046526,0.0094984857897748,0.0052663468657543,0.0004773468279194,0.000129297378291,0.0050167617637866
SAMPLE_04202,0.9998699047137468,0.0054916320884008,0.051717795935146,0.0096355393912147,0.2681691071493136,0.0017868487053017,0.0018887914344212,0.0747577349985505
SAMPLE_04203,0.9999464687218192,0.047655092690002,0.0283248617995574,0.3672601689478302,0.0632933467652431,0.0022056833753458,0.0010399840331477,0.028603692566618
SAMPLE_04204,0.9999488648697524,0.0099307462630641,0.010326610998962,0.0252766592134442,0.0387955799390519,0.0084395772084722,0.0008066194418615,0.022561631494207
SAMPLE_04205,0.9999426627843804,0.041708238690998,0.0209570750856416,0.2629052314722808,0.3263997410916551,0.0022594832035163,0.0002532463886845,0.0425064086418643
SAMPLE_04206,0.99945014510253,0.6860370854151341,0.0112588406131179,0.9973728861682426,0.0240682287679694,0.0021185234358613,0.0010285959259452,0.0186012400336195
SAMPLE_04207,0.9884078694638672,0.0137915935486053,0.1374571803894311,0.3187819146318186,0.7222454526915202,0.0001093299508521,1.0,0.6171041926866176
SAMPLE_04208,0.9695602463268876,0.1950468066704816,0.0121567786732908,0.2683729527580409,0.0446243193022088,0.0003283438222257,0.0001266074768027,0.0319319940511168
SAMPLE_04209,0.9999384895796308,0.036139902340115,0.0077289450174659,0.4829435647837369,0.0170158691561997,0.0020509329290193,0.0005966779851273,0.0067208791444934
SAMPLE_04210,0.5467515640257007,0.0368034251809596,0.009607402733267,0.9991636956349186,0.0550964804935465,0.0003407594232693,0.0002458860391101,0.0312151551302272
SAMPLE_04211,0.999942857754928,0.0107360594894569,0.0050438103839373,0.007151016953898,0.1648802801686068,0.0004014304064483,0.0002536571740798,0.0215668839708706
SAMPLE_04212,0.9998356930613496,0.81298546573399,0.2068670401022484,0.994072825038518,0.0678389021148677,0.0033497108918672,0.0008568620660683,0.059708297237297
SAMPLE_04213,0.9999516215020516,0.00547722135339,0.0098934138873457,0.0078971720501149,0.0314591084009904,0.0069414576608508,0.0004545160445085,0.0434847081737313
SAMPLE_04214,0.8654778454333375,0.005163455257693,0.0097533819793325,0.1926748580635329,0.4769736622449146,0.0002492005015875,1.0,0.4987638699780812
SAMPLE_04215,0.999806581984886,0.4065562893233057,0.0095815208508858,0.9980680003691504,0.1592363096713535,0.0701901067052444,0.0045743948105467,0.0289545607950007
SAMPLE_04216,0.9999089134147224,0.0280842385804398,0.0717290357601834,0.2131928990335477,0.1558684144374834,0.0153946083918556,0.0038102881256363,0.0540107108294206
SAMPLE_04217,0.2133826324376734,0.004075107897968,0.207738609616404,0.0192693132753705,0.4361515584560878,0.0001934878012499,1.0,0.2818255425983563
SAMPLE_04218,0.9998222184287842,0.2172208418100168,0.0758233906668576,0.9967162150191032,0.0572522366909291,0.0013902340017548,0.0005598526499941,0.0189752363636694
SAMPLE_04219,0.0785311502510263,0.0045669820728056,0.0010445598542706,0.9866349617636212,0.0217167417419209,0.0001724622961596,1.0,0.0201488522917226
SAMPLE_04220,0.9999345043359305,0.0177624399209645,0.1221400033966187,0.2248544118161984,0.4218256185775629,0.0012818990180755,0.0009703961220799,0.2169603092145414
SAMPLE_04221,0.0535379645401277,0.0062039314906282,0.0016894899359183,0.0168879874350288,0.214234576990616,0.0001624834089683,1.0,0.0655825453481233
SAMPLE_04222,0.9999024194714228,0.2685101548601409,0.0360356409244192,0.98970716058061,0.0515840125359019,0.120767431774531,0.002703986160654,0.0063606743785408
SAMPLE_04223,0.9294665257657904,0.0121967118952932,0.011663744898155,0.9923530484880596,0.2298493210656946,0.0012539002033205,0.0005865363645677,0.2395758012451649
SAMPLE_04224,0.9997930047698532,0.2212895261404178,0.0126377570801843,0.7389177455507027,0.1240412974526704,0.0076264056996314,0.0008989017104212,0.020018300186764
SAMPLE_04225,0.9999257043101232,0.009095915612741,0.0049265187060572,0.0171108170652484,0.025905173003136,0.0005560362009592,0.0003299275432866,0.0172147671331663
SAMPLE_04226,0.9999173661083696,0.0089685287419793,0.0091519414212818,0.0095159650166708,0.0223522486294815,0.0041770181165077,0.0004141628570464,0.012731768675433
SAMPLE_04227,0.9999393227873972,0.0088658458931724,0.0143327580730255,0.0408143273489489,0.0332860104829406,0.0004772789098789,0.0006478523631303,0.008192306323516
SAMPLE_04228,0.9468124890070472,0.0124522195929519,0.0014951254939537,0.1985354270006489,0.0289515253488825,0.0003507686306597,1.0,0.0236209450769702
SAMPLE_04229,0.999919061323369,0.0142703395601107,0.0106470613402347,0.8041320955418373,0.0158071107521061,0.0093371922878425,0.0009300746037165,0.0219555070591746
SAMPLE_04230,0.9068444053108682,0.2149124197936708,0.1530458976656015,0.9810023043897188,0.4078727019119933,0.0006244955373975,0.000192292181595,0.2681752611006308
SAMPLE_04231,0.5778239683928152,0.0035846444757741,0.0073695984914617,0.0122733431310016,0.2397080904870818,0.0002660658623283,0.000133378020222,0.3126024629421716
SAMPLE_04232,0.8637032113529411,0.0365083910689193,0.0191239854752956,0.9979512211498964,0.503015967409626,0.0014033866948033,0.0001793463492977,0.2834514550960373
SAMPLE_04233,0.9999490457969148,0.0407251041356958,0.0143053803655049,0.0494572327407001,0.0187633909673892,0.0291188822133702,0.0012151762093231,0.0158202587417226
SAMPLE_04234,0.9999185116490088,0.2026736335690443,0.020411781713584,0.9702220017381376,0.2664853803827952,0.0088750293669023,0.0015090880083354,0.2991298888034587
SAMPLE_04235,0.999941669017327,0.580907419311129,0.0096415535173137,0.567974314050932,0.0213577587081787,0.002498938627106,0.0004036467413402,0.0063670773981731
SAMPLE_04236,0.0307817728711702,0.0099650608276702,0.0013514336759413,0.0165241773568182,0.1706442071191756,0.0002470123070714,1.0,0.0684010172608155
SAMPLE_04237,0.9998863438643294,0.0277820698097048,0.0079023842735437,0.011759250039308,0.0128301976112662,0.0038180214491977,0.0011527265312337,0.0065136839155837
SAMPLE_04238,0.5782955001693031,0.0154373402733066,0.0065210251329156,0.9719248724174016,0.2431327750307813,0.0007624103214153,1.0,0.0462470426418808
SAMPLE_04239,0.99990138898741,0.4809676312004331,0.7446706519805232,0.9441551324519782,0.9670588093367274,0.0804085852166436,0.0007229194432037,0.9390128199874678
SAMPLE_04240,0.0139094838231373,0.0041697094111187,0.1899865324413855,0.092553341323071,0.6551393688902177,0.0001367714724741,1.0,0.5382219575403913
SAMPLE_04241,0.9998994637815766,0.0145606517885949,0.0157900415477457,0.0111246458795051,0.0449319671046284,0.0024756916975595,0.000628599081029,0.0303408496984602
SAMPLE_04242,0.62770347967211,0.2132010361776551,0.0842939020933055,0.9981422396556324,0.4158394010568127,0.0001455626211423,0.0001412877251149,0.3364489414656947
SAMPLE_04243,0.999655510661652,0.2088248136810796,0.4516865807182793,0.9985529329717536,0.6678239414308476,0.029992400034455,0.0022185699101816,0.2735864294524995
SAMPLE_04244,0.9999349115588784,0.0070304413464043,0.0081949911836938,0.0080487660072892,0.0758319382092564,0.0009966315700361,0.000407044241621,0.0527311612709666
SAMPLE_04245,0.99994810525833,0.0045272899083772,0.0111423838875895,0.0195563304825968,0.0052820122663159,0.0014390212169999,0.0001895523451249,0.0045249243567412
SAMPLE_04246,0.4821465816102578,0.0068359918246918,0.0005832933496028,0.0071174120872928,0.0453094040635062,0.0002805247819927,1.0,0.035158008294517
SAMPLE_04247,0.7543726840273123,0.0356904146508918,0.0128538296570381,0.9992600618269918,0.0255308911223393,0.0002795701779381,0.0001661219540919,0.0217297116411615
SAMPLE_04248,0.9931998044338572,0.0416463794398942,0.0230827908174168,0.9917838340974034,0.3946038932858756,0.0040341815068995,0.0008591139726733,0.3739496816958758
SAMPLE_04249,0.4340065483235119,0.0061138283253552,0.0106685321433774,0.0099023041827504,0.4029475181263282,0.0002329035411152,0.0002990644855989,0.4212057952775615
SAMPLE_04250,0.0325200377940848,0.0027458148313661,0.0016778198211659,0.0087316812310244,0.0204375052354212,0.0001304070268548,1.0,0.0231494878243243
SAMPLE_04251,0.9725357994553324,0.0165203002944188,0.0016164807919501,0.0339877483343424,0.218670487768292,0.0001324154378616,1.0,0.2080789508293915
SAMPLE_04252,0.9997672684060296,0.0160905292845651,0.0150168392779306,0.0090500385046185,0.0202506690432217,0.0018067400168562,0.0005495486977073,0.0142389370299288
SAMPLE_04253,0.4909704455319151,0.0046250515401969,0.001805397608054,0.0229753763862672,0.1465392418894629,0.000381953513788,1.0,0.0658826011918975
SAMPLE_04254,0.999946969449886,0.1521759212863132,0.2319487518765057,0.5412187778784883,0.2390018880825863,0.1521039054690645,0.0016805417913745,0.040659696118095
SAMPLE_04255,0.982086201450594,0.0351929991504503,0.0125419263754014,0.997526546296403,0.57081445228943,0.000188757826298,0.0001049740807879,0.5704295477943536
SAMPLE_04256,0.9999472464482398,0.1637978585519982,0.007847485013809,0.2608239808522761,0.3449090939603574,0.0004924187746673,0.0003731777874986,0.024708005255936
SAMPLE_04257,0.9925025693695496,0.5693609936347948,0.0347302784774358,0.9919767747311644,0.1777830451455115,0.0001388841964257,0.0001417541529943,0.2567430784101557
SAMPLE_04258,0.9999260637144768,0.5314196558658858,0.0150669020116294,0.9866040623404118,0.2001174167777339,0.0354951421978137,0.001153865990118,0.021464475384474
SAMPLE_04259,0.9999136098490814,0.5919710336112638,0.0275910447835325,0.9991609401540712,0.0204218001887123,0.030889179812499,0.0016332403567316,0.0242086427482694
SAMPLE_04260,0.9999476259019212,0.0066657222082639,0.0033692095627741,0.020548207131785,0.0076143177910823,0.0002251705793088,0.0001970151510762,0.0020802646067475
SAMPLE_04261,0.0066929629728688,0.0044168526451123,0.0012722889489857,0.0064491672806446,0.0304296894734275,0.0002011123449774,1.0,0.0301993101009297
SAMPLE_04262,0.9999013015896177,0.1050862807605938,0.0188093227073875,0.0244023184650173,0.4343602763063556,0.0053527715897891,0.0009355838688387,0.1455482801378894
SAMPLE_04263,0.9999505489097074,0.0139534955481486,0.0122276266493178,0.0136144763768325,0.0293563327242644,0.0087748759134566,0.0003831154293988,0.0177579798372037
SAMPLE_04264,0.9757765392885784,0.0318478738258031,0.0230993256741728,0.9981420991594694,0.4991442756188718,0.0002716555211391,0.0001388064321979,0.5758660263172685
SAMPLE_04265,0.9999444377596254,0.2414133618418716,0.63079027573821,0.6042629063342941,0.6817262103869526,0.0144379078730042,0.0015421094477926,0.568617780870621
SAMPLE_04266,0.99993218468123,0.3260347590343148,0.0058354771284387,0.9778929382210076,0.0239520690901123,0.0062480805436517,0.0001752132427316,0.0374755206559794
SAMPLE_04267,0.9934071137671842,0.1271106747982085,0.005242326481907,0.9990870751608314,0.0226707963354314,0.0002707472565522,0.0002023867051752,0.0136100678874069
SAMPLE_04268,0.9858932719607468,0.020494103602419,0.0056708446585617,0.9854652786363016,0.3971590193620665,0.0001540635696097,0.0001955282698205,0.2581071905205035
SAMPLE_04269,0.6528964721719378,0.0153263771377496,0.0067772898217322,0.0143718966531989,0.3510939554683737,0.0009224829053881,0.0001780770753414,0.230918118448946
SAMPLE_04270,0.999927088024001,0.0142700151532943,0.0484493403749813,0.0272252240060306,0.0320084415484729,0.004332484466233,0.0004689330946517,0.0185481949139753
SAMPLE_04271,0.9959033245522984,0.3046969326172821,0.0213523646316538,0.9975294817971794,0.9405423214687664,0.0019018332975883,0.0001104968460994,0.639863240181683
SAMPLE_04272,0.9998713512820874,0.0461614580877797,0.0079903508092906,0.2076335767090022,0.0366690121245429,0.0034519268467553,0.0004378952034091,0.0127558298984699
SAMPLE_04273,1.0,1.0,1.0,1.0,0.146762582736074,1.0,0.9993202510206431,0.346080233783428
SAMPLE_04274,0.995485978560891,0.2911550928906753,0.0259486084232944,0.9969120359885764,0.340847629495676,0.0004345920357014,0.0001226994679399,0.057957965148566
SAMPLE_04275,0.999946785805784,0.0046208942760802,0.0037197424812166,0.00280557954743,0.0104837837165832,0.0037657061575906,0.0006807332467031,0.0075339063466688
SAMPLE_04276,0.9999414900019216,0.0187654523498025,0.0091274981174767,0.016330136752454,0.02039406216197,0.0089123492031587,0.0005048343250014,0.0178046418923008
SAMPLE_04277,0.9999252621122734,0.4897625492649351,0.0913900717154763,0.997903596860024,0.6207179176128136,0.1252542628143532,0.0015716899127201,0.5769514336693491
SAMPLE_04278,0.9819945875422406,0.0380810082682514,0.0025260457239896,0.5862140074217755,0.2645708173435502,9.117551418061872e-05,9.382267141942652e-05,0.0538958200963785
SAMPLE_04279,0.0177016320203956,0.0072746829858293,0.0026305120657421,0.0391058056563362,0.0539513795032013,0.0002386909926839,1.0,0.0302497371337912
SAMPLE_04280,0.9999425161946468,0.0267943596112712,0.0324883587688834,0.189435847375823,0.1981985102781436,0.007889773952695,0.003050290279645,0.3535632206543143
SAMPLE_04281,0.9999495398122772,0.1879671372688131,0.0209122363571541,0.5213924882847896,0.2007620909240068,0.0081789791964232,0.0009825398152305,0.0379504129181509
SAMPLE_04282,0.9776531710635602,0.130170710861902,0.0355134502363257,0.9846299750511752,0.5892103707297837,0.0013105740513162,0.0001479699702829,0.5852595101713206
SAMPLE_04283,0.8473952642995373,0.3118850467738676,0.0011663892498302,0.995333463800354,0.0308332921120833,0.0001108742822957,1.0,0.0190644768057626
SAMPLE_04284,0.0351116097940804,0.0081785734080829,0.0025290942948551,0.9843496841880086,0.0311001584619094,0.0001034547427042,1.0,0.0459929280930686
SAMPLE_04285,0.999948577019644,0.534353582710106,0.9352469400827148,0.9455384882628678,0.2560389483895629,0.0704832057411421,0.0023494132172825,0.2826043239647761
SAMPLE_04286,0.9829313549143808,0.0054997119227039,0.005637028747364,0.4358977018309913,0.4576082019102396,0.0001890333467747,1.0,0.2944985980211549
SAMPLE_04287,0.992173138033144,0.0373180815674167,0.1320795725597043,0.9909613574491076,0.3755563912883319,0.000236018470678,0.0001710285941008,0.3250602008218207
SAMPLE_04288,0.9999503582575466,0.0110761519222825,0.0101594038379049,0.0323804206462034,0.0256239238176867,0.001036799723461,0.0009539799834558,0.0164972689845679
SAMPLE_04289,0.3331311877124191,0.0112647477390713,0.0012928213705012,0.9669706868475524,0.0371216379969144,0.0001222845050298,1.0,0.0374390102089769
SAMPLE_04290,0.9826806801334232,0.0167553927317723,0.0348136497673156,0.0331072837068446,0.5993083374721563,0.0014064271169818,1.0,0.7349365695118185
SAMPLE_04291,0.9910433637566736,0.4157323848820756,0.2862194246414905,0.9985502903747407,0.6568819270274548,0.0003796140655613,8.716248901387624e-05,0.5632349983268499
SAMPLE_04292,0.991356386795324,0.0358974973951291,0.015813147386946,0.9966124035041276,0.4273495884518686,0.0005302524784127,0.0004378499538512,0.2344050487678003
SAMPLE_04293,0.999925447197784,0.0083117805269812,0.0108984471981584,0.0149503507024339,0.1642538627340713,0.002099761854527,0.0005046773441569,0.1680886516701001
SAMPLE_04294,0.9999255676732532,0.5469802440762217,0.0070333482773132,0.7905464799074867,0.0155610215390963,0.001769812142724,0.0003268901905657,0.0038688911633493
SAMPLE_04295,0.999890960347335,0.0096544111338303,0.0080443957121163,0.0320232041539926,0.04219707366424,0.0022083598365165,0.0002169295465804,0.0165435729274419
SAMPLE_04296,0.9998816108126668,0.0224005535794137,0.1151713536026483,0.999039059788526,0.2234826653623921,0.0034295090467885,0.0009930722300991,0.0563745299131281
SAMPLE_04297,0.031190677935789,0.003167574948631,0.0478908497936918,0.0103527706721429,0.1959187419781829,0.000185862870692,1.0,0.1672848784948947
SAMPLE_04298,1.0,1.0,1.0,1.0,0.2294105676949918,1.0,0.9991368278366004,0.2741863807345093
SAMPLE_04299,0.9999499079543532,0.0158639843702859,0.0227260634413595,0.022350114304221,0.0803694395513315,0.0025801224744122,0.0009846984288008,0.0407502669849678
SAMPLE_04300,0.9999191162730836,0.0171565484390181,0.0066624404797679,0.9935436859826516,0.0287984484009349,0.0053945142445962,0.0002700156336059,0.0136301989851445
SAMPLE_04301,0.9999320659636292,0.2683704868738247,0.0101748827845387,0.9982449381540104,0.0458315919709086,0.019999319645086,0.0009751469053216,0.0172080221609496
SAMPLE_04302,0.9999515068126208,0.2285943366821815,0.0040461369249568,0.0305203657657512,0.0132999241906118,0.0038339762829938,0.0002537657159556,0.004077700739516
SAMPLE_04303,0.999936831622161,0.0105441866776793,0.022101905060088,0.27843450087367,0.1116800980043956,0.0097948585600947,0.0004295221166281,0.0288064420044462
SAMPLE_04304,0.9905802007950212,0.0486560287622766,0.0173213291452742,0.9985750084271446,0.2498152173062539,0.0001522239443059,0.0001765713628018,0.2576471083428191
SAMPLE_04305,0.9999477966479796,0.2038930218741203,0.005776632685262,0.173658137419474,0.040346461569797,0.0036090501478215,0.0003446009540417,0.0225367430600188
SAMPLE_04306,0.5755944722833035,0.0106652548791867,0.0051204253678283,0.7930084526271803,0.1161191286874252,0.0001684941265092,1.0,0.0497482208080213
SAMPLE_04307,0.9999445195531288,0.0177218725520365,0.0212452995209035,0.0227960343686175,0.0369923854358055,0.1487944472537714,0.0011330978400607,0.0324308224854969
SAMPLE_04308,0.9809586552693076,0.0476932261982594,0.0096148220806671,0.9949351566993844,0.0494372926219151,0.0003927562962674,0.0001228281289376,0.0420008033569177
SAMPLE_04309,0.4326734472883285,0.0062271863979193,0.0013346778047606,0.0155467070808192,0.0273992541130001,9.363346818389208e-05,1.0,0.0123589364605456
SAMPLE_04310,1.0,1.0,1.0,1.0,0.3751660314288362,1.0,0.999545445586925,0.4901131051621236
SAMPLE_04311,0.9893413443397144,0.2596202542828015,0.023028751444596,0.9986991000677388,0.5185479898166327,0.0002048819504459,9.082385463361298e-05,0.3783362826742297
SAMPLE_04312,0.9999493092711031,0.4958224314949824,0.0056711454159107,0.278500419415059,0.0130701523756244,0.0008485805762062,0.0002643717102138,0.0046531380446911
SAMPLE_04313,0.9999450518950714,0.0088441559577206,0.0071500117914409,0.0073831136267014,0.0107492672318641,0.0009255489419019,0.0009958657650614,0.0081387631485735
SAMPLE_04314,0.9999383698788964,0.0511685806797595,0.1167747167412425,0.9685998286913302,0.3967609376168139,0.0084363124375701,0.0020002283148573,0.1002554872466774
SAMPLE_04315,0.9850229411306988,0.0058706097062901,0.240301289361632,0.1600711955844402,0.7872596246567009,0.0001790212514171,1.0,0.8409276491590971
SAMPLE_04316,0.9999418555268612,0.2433616466975297,0.012530789189642,0.998683016247689,0.0266428148823526,0.0072463359880374,0.0003252414286858,0.0303898617477603
SAMPLE_04317,0.9969835576989928,0.1505276614735236,0.0124634220679712,0.997812254554499,0.5727650547088863,0.0008498133012264,0.0002138998346968,0.1327464545552502
SAMPLE_04318,0.999952903501977,0.0307790693099053,0.0172182526513885,0.3018630384619173,0.1393523348387756,0.0539963846434424,0.0013569048465592,0.0346995175876839
SAMPLE_04319,0.9816408363993862,0.5455720902795212,0.0410529257683246,0.988644186445478,0.3955812932627399,0.0001783512681975,0.0001514266458188,0.3793548995721699
SAMPLE_04320,0.9999244050653904,0.0282810239762588,0.0184168733018806,0.9846064799715036,0.0448012707842446,0.0029648703504827,0.0011857434724208,0.0161709524540039
SAMPLE_04321,0.2685008875028722,0.0049524729401655,0.0961714782806878,0.0108958950851462,0.4098207673461749,0.0003987800846454,1.0,0.3732091583693823
SAMPLE_04322,0.99344935675681,0.3430878840592503,0.1379451268501159,0.998993046998374,0.6831219081576059,0.0001872959298712,0.0001884529008815,0.2983117665420537
SAMPLE_04323,0.9997164067586832,0.0305315267475342,0.408253982430543,0.0544631042787339,0.2176701194238477,0.0024293243922255,0.0003368683566878,0.206977784578292
SAMPLE_04324,0.6028836871109895,0.0932839722214904,0.0260310284978577,0.99900711130437,0.2186331548394649,0.0011676581650238,0.0006522801037544,0.2110674318571574
SAMPLE_04325,0.7562770640965097,0.037381962592827,0.0621067647568958,0.0297801584163651,0.4730954341314899,9.299199326484412e-05,1.0,0.4192358156267923
SAMPLE_04326,0.8363940816751736,0.0465028550281262,0.0321554093564398,0.1557914399111394,0.657796543253611,0.0002462609863498,0.0002028622163199,0.4400944408058974
SAMPLE_04327,0.59453683343423,0.1928903201062435,0.0025578781008654,0.2391588177657813,0.1768041633307995,0.0004978760597309,1.0,0.0250879473808897
SAMPLE_04328,0.9744052732074824,0.0113396491013026,0.0135454701168344,0.9480557962698856,0.5028494132039949,0.0001079290577881,1.0,0.3623125772129645
SAMPLE_04329,0.9997575705892688,0.5066442866799512,0.4477706679009593,0.8068634997547675,0.3135845223817267,0.0361388052515347,0.0113332038521439,0.3369030033742046
SAMPLE_04330,0.9999107673186872,0.3169710073078343,0.0221891755356365,0.9746028751459758,0.038919795578826,0.0106348659026566,0.0004619100829465,0.0380863627680699
SAMPLE_04331,0.9999377637966284,0.1989450297159641,0.0137664467845978,0.6440430391299484,0.0352229053123781,0.0113883827929123,0.0007181635117339,0.0247513868682355
SAMPLE_04332,0.9987881711576538,0.5989041979546667,0.0218048201402848,0.9984916837963173,0.2515065695477733,0.0001316895033291,9.937172547575551e-05,0.0108195703270177
SAMPLE_04333,0.0177342419667648,0.0023774703217318,0.0093071094998831,0.0140669993205903,0.0275819515813945,0.0001986931842245,1.0,0.0282679965190559
SAMPLE_04334,0.993643223422119,0.0416282923767292,0.0152923044729864,0.996850673872945,0.5416216062823062,0.0002959042646748,0.0002277122685449,0.2696949588377813
SAMPLE_04335,0.9999372190925372,0.0096210660735029,0.0036310178408273,0.0088251516732244,0.0122078109133777,0.0013847710385246,0.0005951712221481,0.0109028504902664
SAMPLE_04336,0.9768763068274476,0.0290983715235835,0.0211672106028358,0.9980095229374236,0.4310244995569927,0.0003125649545824,0.0001403239591772,0.0483604698968988
SAMPLE_04337,1.0,1.0,1.0,1.0,0.6977486361835687,1.0,0.9991667612214788,0.7671167178364835
SAMPLE_04338,0.9999488291073806,0.3932114352303314,0.0180894827614029,0.5743931969538226,0.1949556323447432,0.0007793750921485,0.0001233946649416,0.0342996515848733
SAMPLE_04339,0.9962077017036324,0.6527694190883405,0.0091997710102839,0.9976739293467792,0.9776946213183768,0.0018914338343045,0.0002528428149771,0.2476334167109575
SAMPLE_04340,1.0,1.0,1.0,1.0,0.2313713063955632,1.0,0.9989382133936672,0.3753072511579817
SAMPLE_04341,0.9997289225302144,0.4896652242892578,0.1144373898639962,0.9928206820137776,0.2447832054061269,0.0230147506190846,0.00220053114581,0.1779142362085473
SAMPLE_04342,0.9999337860697002,0.0670518702509529,0.0017172417035917,0.1575066781134897,0.0075588745963511,0.0010313329268314,0.0001950446625863,0.0089420427232979
SAMPLE_04343,0.4629084463889054,0.0238756945709187,0.414823276014326,0.97240083009632,0.7190406828240552,0.0002002992320828,1.0,0.7291033188811842
SAMPLE_04344,0.8469084418111097,0.0088150023783163,0.0261250871215492,0.0235079989028965,0.6518672649609842,0.000330858379239,0.0003033438136831,0.4769594357878502
SAMPLE_04345,0.1275488626008694,0.0019271183312186,0.0010531729169893,0.0031962732341775,0.0389664599744023,0.0001459020539999,1.0,0.0353002010826853
SAMPLE_04346,0.9969045190367952,0.0094483461124255,0.0206999362758968,0.0129719571115221,0.1553633166949972,0.0020699371671851,0.0865875392718061,0.3401441338574936
SAMPLE_04347,0.999943231831936,0.4044507901707465,0.021650981765243,0.9985535090541442,0.0578136461726381,0.0145518977086614,0.0012115742649881,0.0531797389931792
SAMPLE_04348,0.8750748695833673,0.4095227490590997,0.2134373383186542,0.9948359718381756,0.4468088953234416,0.0004045801587779,0.0003188217591551,0.5929658541051417
SAMPLE_04349,0.9954780070583352,0.2647531994086721,0.2769007678155027,0.9933410659304832,0.4015019974581166,0.0002803623403543,0.0002327880577525,0.0750381798485907
SAMPLE_04350,0.966898229901432,0.0100291820284256,0.037092615998672,0.0328136505064733,0.4644756671010574,0.0001219093804988,1.0,0.3920817597542563
SAMPLE_04351,0.9999389217949242,0.0186490002968066,0.0107800873912733,0.0377453906856908,0.0186816649080776,0.0008034418844654,0.0002862087310125,0.0095676060210239
SAMPLE_04352,0.4635793669610561,0.0383021200561561,0.0070026881148766,0.9960384867775036,0.0482279287343544,0.0005287007602973,0.0002416945549176,0.0396424239801231
SAMPLE_04353,0.969081808207956,0.4192342551144493,0.0380671491761855,0.989829155040219,0.4082729711107603,0.0003622895846751,0.0001225683176818,0.3602385710155575
SAMPLE_04354,0.6443467579690366,0.3039323211969366,0.0084160367738377,0.9974458668402456,0.4215783625509928,0.0004691887766632,9.538899927628714e-05,0.1630856283853008
SAMPLE_04355,0.2646421393498023,0.0037831638563901,0.0246513369145049,0.0113935404617177,0.240582976199179,0.0011721429005034,1.0,0.2624491035101857
SAMPLE_04356,0.9998297966395636,0.2511978999860704,0.1399790101838609,0.985118616391578,0.0397888257562446,0.0037785887890567,0.0016234554727765,0.1836900572589877
SAMPLE_04357,0.7327592640367937,0.0289226888376205,0.0018587539646604,0.0093159223808848,0.1954805611238101,0.0001225693114991,1.0,0.2255664127849486
SAMPLE_04358,0.9999340325225392,0.018018867749774,0.0114146072013014,0.0097567418383339,0.0596603342267798,0.0148676708653178,0.0005793706804748,0.0267436278775447
SAMPLE_04359,0.9905684979609796,0.4397129638269572,0.038036317332906,0.9994523233112528,0.0430569058369972,0.0001960956367086,0.0001315656178879,0.0573148224241961
