sample_id,Ampicillin,Amoxicillin_Clavulanic_acid,Cefotaxime,Cefuroxime,Ciprofloxacin,Ertapenem,Imipenem,Levofloxacin
SAMPLE_03360,0.9985061065480787,0.01860098113885236,0.018790827711953235,0.030794747465451997,0.025586860370507513,0.005832750790321324,0.012845090357628298,0.02704130216317469
SAMPLE_03361,0.29012644749265837,0.05513195287193357,0.04941503884879281,0.34763536268707645,0.05242347892608534,0.0006154720245093263,0.6732593098711237,0.09936684491259107
SAMPLE_03362,0.694877432532271,0.19003365295907634,0.15896029353483812,0.3842655074832983,0.5304017030243745,0.0030766267982826356,0.051071700739218164,0.5558551669374833
SAMPLE_03363,0.34381133524844665,0.039785777826930734,0.06555194624282605,0.34360189374620304,0.06654405824106434,0.0009382113208164204,0.6809692308002869,0.04130351959190118
SAMPLE_03364,0.5620510815481529,0.24482066905735586,0.2993511763817988,0.6626953858532617,0.4914978436921342,0.002490587732795382,0.044477478202576574,0.5601833417697643
SAMPLE_03365,0.8968166565743654,0.16330002461276696,0.2852017301868756,0.6242159069457988,0.1900612113514991,0.0014905238108440125,0.11391251961020904,0.35203705843978
SAMPLE_03366,0.6508508222033996,0.23395388489641658,0.24929970079141672,0.9921585293808244,0.3847150033870064,0.0006952936961109045,0.71991538162314,0.6806336005165198
SAMPLE_03367,0.9299121545586235,0.3357494846168836,0.27267838328548283,0.6646333137846381,0.48831150310196225,0.001673308459522591,0.0692330914362417,0.6425532597848672
SAMPLE_03368,0.658757946040568,0.2720927989029551,0.45733437167615465,0.9920209193184762,0.5738358664971289,0.0006137092859233416,0.7725180301209741,0.8511203520660579
SAMPLE_03369,0.8828583148933052,0.4664357408277617,0.37894710667381465,0.6655732444703499,0.6300773584748076,0.0045220492315675345,0.07304367653402256,0.8785309013711551
SAMPLE_03370,0.9409286004238773,0.18966526622895194,0.22458641084018716,0.6722837853018944,0.18805439544097166,0.003758501352142609,0.05164974779662368,0.3554862924201347
SAMPLE_03371,0.7378880797268151,0.05233563877034764,0.04588440100643167,0.6659790161278952,0.07113970038734287,0.001653161729782345,0.020269292772000073,0.34093308096083574
SAMPLE_03372,0.9050267032860159,0.38693412722937987,0.1956124106637429,0.6634418146679043,0.15792005463531353,0.0031085055220100694,0.05015545822265638,0.35998293921931296
SAMPLE_03373,0.9082435457218033,0.2910664970331649,0.16888386987204226,0.6664999651584489,0.1899357256432038,0.002366620198788247,0.0699131675062259,0.32930048449952926
SAMPLE_03374,0.24771599526817503,0.05488738196728692,0.03519329609445517,0.3387708922742541,0.08422529764424717,0.000659347213120603,0.6767351869003956,0.10351368442081464
SAMPLE_03375,0.8205584348476508,0.26942296480759975,0.10465920536363969,0.648956604260388,0.17185364238140607,0.0015431959048719534,0.030593428512984102,0.35471498311444094
SAMPLE_03376,0.5243655798018213,0.3200034472415667,0.41393161482744345,0.64525945221826,0.4871808423330644,0.002856654690635258,0.11498802190207823,0.5121531932695449
SAMPLE_03377,0.8396747506592245,0.27927160124383216,0.1173416803123486,0.5272048518717526,0.3112962873630859,0.001527187001572045,0.03522011059808442,0.37760534853594035
SAMPLE_03378,0.9993734581850472,0.09659797231606322,0.03561002643154081,0.0642754785346588,0.09126025330943262,0.007519065351319148,0.021559284273320867,0.13714871134198348
SAMPLE_03379,0.9992062070824211,0.4276546233524887,0.18500017704310853,0.6652835619228474,0.19732934121318826,0.041849546108892015,0.07393904288493125,0.34841503641950067
SAMPLE_03380,0.9268886997725829,0.5414370721484422,0.3904258358066717,0.4629511387065722,0.7768897450529879,0.0025054571592393045,0.0932154018804142,0.4737295457842623
SAMPLE_03381,0.6891079211127478,0.2180982553303817,0.08134909932385054,0.6640467574647198,0.2173242089909487,0.0020215404968887177,0.06135263825176331,0.41113867751214267
SAMPLE_03382,0.9993369061539431,0.061416358077707824,0.07869021690237159,0.11370820049833023,0.11141226746942913,0.009294958972828808,0.021463278466457056,0.11009174878150742
SAMPLE_03383,0.9994324931721487,0.0592444713048206,0.0694643078493245,0.03375965501274649,0.11039343575173599,0.004057953506845738,0.025915260072591845,0.15164655778710315
SAMPLE_03384,0.9991483508428357,0.13957804737034596,0.17145861814733054,0.18174014039275146,0.21150572772713636,0.04110475641481453,0.09591949990954622,0.2889461396109852
SAMPLE_03385,0.8096945704174422,0.2824613022173164,0.13659973509062942,0.6632872873209935,0.32338636124446,0.0018114873805530687,0.055507703793220425,0.4090821696323282
SAMPLE_03386,0.9367811051481935,0.32822580962720976,0.3221798452047981,0.6541731510776653,0.396415707195554,0.011978356063645978,0.05817399448262977,0.5696264794424554
SAMPLE_03387,0.11963996970394807,0.047999888597256755,0.051286765718748,0.3850419231373567,0.09264815669868043,0.0010683103900248408,0.674419854261438,0.09170191415469824
SAMPLE_03388,0.1099853373265186,0.07508622532561937,0.076772225011697,0.9849779979481385,0.23183158040530183,0.0004937445106245492,0.6728502770220599,0.5041113633091692
SAMPLE_03389,0.9994955259509029,0.045071861074465314,0.07417039727037077,0.016898347664085298,0.14821449790578542,0.006183100958531088,0.02819205938586286,0.05708158136419722
SAMPLE_03390,0.9995245884468943,0.2689937766460503,0.026203542495816,0.138904019409247,0.15636086553262027,0.005209540570242918,0.014506476913004636,0.09959076214213307
SAMPLE_03391,0.999073661406673,0.1402286593909005,0.17959950319210496,0.09113431951328582,0.1447600697020011,0.008220413748189456,0.07621257077830473,0.14917435379424807
SAMPLE_03392,0.9992915722908053,0.03146487776003981,0.02555360556757551,0.016172841493716797,0.04198573780217526,0.009217313341257043,0.01902853656372905,0.040276750029281334
SAMPLE_03393,0.9992924328045912,0.08961463688305095,0.20677150299196936,0.050950683108234605,0.184422075324862,0.05964430933987208,0.07377129723479144,0.13843885567619593
SAMPLE_03394,0.9994888740002909,0.1166123742862486,0.17466125013673953,0.05282841448647376,0.16118650232191273,0.01850191210210449,0.06439371808697507,0.13860134529570092
SAMPLE_03395,0.9994570689618917,0.04274171082789005,0.12750872132476807,0.07015893896665565,0.1928253825526014,0.005197550173795873,0.054960622777118974,0.08756582518934797
SAMPLE_03396,0.47213518043980907,0.10254890766016507,0.12930387418564948,0.3592423003211433,0.14311066777701728,0.0007758446697327119,0.6759690622756569,0.11477283932090654
SAMPLE_03397,0.7838791532146119,0.3178720588427458,0.3981716851714074,0.6082483230220177,0.47624311706032324,0.0021297014502207547,0.1874307145573101,0.6364373371341441
SAMPLE_03398,0.7442068810355421,0.3574863081381228,0.30462307882030654,0.6619513809814176,0.4885333488328409,0.0025434531948512373,0.11416745342852132,0.6668083766371385
SAMPLE_03399,0.6293554736266636,0.30165540558883525,0.10499496600504991,0.36596870587598956,0.4077396531310545,0.0007552893426754562,0.6725583566709069,0.4037202986933677
SAMPLE_03400,0.9994278733945056,0.09944955335734944,0.10120215036252757,0.16373088776327688,0.13184114036209335,0.008338206249761766,0.05563553994172019,0.1428332902973852
SAMPLE_03401,0.999380349230166,0.05349389815530501,0.04964768055340608,0.03336724615856482,0.09603725115613455,0.010256963677507636,0.05943724524537103,0.08123741911565537
SAMPLE_03402,0.5022203244270953,0.20839731706513775,0.19362973591690405,0.37166247594923757,0.25497598632059565,0.0005629298003644372,0.6876497257637175,0.18882379190087364
SAMPLE_03403,0.9994633312145792,0.16765666323136305,0.1234643204635781,0.2475451232098901,0.24520385624891006,0.020546613653416177,0.028869842762990146,0.22714293970201702
SAMPLE_03404,0.8446016838395711,0.3639623269971648,0.265050729012601,0.7672885905253702,0.41084614102606704,0.10209754733356204,0.1713364369953859,0.4942723823342199
SAMPLE_03405,0.9426891113283854,0.30017799491712754,0.20744754411484098,0.6661647646554806,0.5975744580235106,0.006004345192827151,0.10279077387206281,0.4529065589623619
SAMPLE_03406,0.9994257994990644,0.09334775740643479,0.07861226135907226,0.10354373258714183,0.10219303105156217,0.005282216528883621,0.037568640524331044,0.08590647317723099
SAMPLE_03407,1.0,0.7894582374242187,0.7467536235128222,0.9985380906244824,0.39300637960639206,1.0,0.9331192102735167,0.513434897182777
SAMPLE_03408,0.9986105584051265,0.5093009458307064,0.23320195701775473,0.6687050323322978,0.24453115434521736,0.04804032306167305,0.08420452989576245,0.3635263376069975
SAMPLE_03409,0.12175923622242067,0.12514399069440021,0.1075691789957288,0.9841633550594828,0.28251135618697004,0.0005275041584531815,0.673114495258802,0.5146609439938256
SAMPLE_03410,1.0,0.8235695000747931,0.8029279495363749,0.9988766821482584,0.4863179625240492,1.0,0.933106622846211,0.5507345167638212
SAMPLE_03411,0.9992468466580916,0.18170846314741898,0.1630288681878531,0.18067579960606758,0.11728390383140154,0.10538603424443187,0.09140121178802346,0.19294997868106942
SAMPLE_03412,0.9991026697330504,0.3048336351274678,0.10907471472927022,0.121911709516758,0.32923197046907576,0.025847395279389923,0.04100688104331041,0.2709164336062893
SAMPLE_03413,0.9994081596849962,0.10126564511215815,0.04839729559379132,0.2969001906751048,0.07498688642316319,0.01921827748352631,0.023630490716431248,0.13203884111351363
SAMPLE_03414,0.10063842172897984,0.10710295190196,0.17169316765230735,0.6282477712989502,0.3021609455246603,0.0006654633074094484,0.7414248612427167,0.35112207021667646
SAMPLE_03415,0.9993609629328439,0.04283012423550595,0.05073949198595035,0.048483456125689293,0.04386722178933696,0.011797938410829855,0.027108480649297384,0.06959110524626483
SAMPLE_03416,0.999377691696747,0.3630626618926598,0.25497389056106995,0.6627031600699186,0.43563153585435904,0.03899683023359506,0.07982264244538347,0.4740311017349348
SAMPLE_03417,0.19949027659039018,0.030866729985670558,0.038391307638308766,0.3418717110360073,0.04233700976901797,0.000589404360395892,0.6730279575528885,0.03657697919223457
SAMPLE_03418,0.9992729086626982,0.1553172177638038,0.1412128331974508,0.45182442246237214,0.11587297819819609,0.029141497105981466,0.10477096541968389,0.23010349116098014
SAMPLE_03419,0.9995028129230789,0.3079866706363389,0.2358125690590387,0.1335417813591124,0.29094557515368874,0.045149297123642136,0.15125224180873928,0.19269602951855958
SAMPLE_03420,0.9990113137591056,0.43814579915832147,0.603581588608343,0.6702620065664989,0.4581520191907598,0.05887121014901118,0.22673465597892928,0.7226080782174017
SAMPLE_03421,0.562118710628647,0.12962715589285678,0.14438922006238517,0.0320250193282206,0.2975454953871362,0.0016489468074761373,0.04881239992778039,0.352544513546351
SAMPLE_03422,0.9993569362635656,0.29511207785056315,0.4062888861091651,0.07632306202828852,0.29132177398761305,0.030931017915230053,0.13810580071247447,0.26640006265022026
SAMPLE_03423,0.5299576274132385,0.12614766241377398,0.11921439344277997,0.09264388967665783,0.2912668621254095,0.0016774219604150313,0.02681532766969336,0.33357722181224153
SAMPLE_03424,0.531336850489689,0.12314006086928227,0.18068689035103389,0.6652074979816174,0.2940126346950721,0.013874643933708524,0.038818181168688064,0.4702902766791504
SAMPLE_03425,0.9992861168012123,0.2520936071432864,0.15429327273389512,0.6574198498030028,0.3960590933051753,0.27733493861592057,0.0818857820364562,0.464948907084805
SAMPLE_03426,0.9990397916175731,0.18669874191403998,0.17819139574258433,0.6658409555935819,0.34716205478531825,0.04655887605486884,0.06599256881022628,0.44737142822936765
SAMPLE_03427,0.9993935835600674,0.1562188710426342,0.06951026433028232,0.1263803070973518,0.1395577742367534,0.00832998416105568,0.02429600154732676,0.06609082955120592
SAMPLE_03428,0.6693650130663258,0.21735833956014194,0.08018937247697679,0.6668727709602705,0.18121141218684733,0.0010655707334374335,0.019764937087653124,0.38011130472575294
SAMPLE_03429,0.20547424248511972,0.06509909981313701,0.20973902959388038,0.3480537353384907,0.10750624053331737,0.0007675175792451282,0.7413980537164858,0.10107594594697293
SAMPLE_03430,0.999359462077562,0.1620844626680993,0.19515136108748896,0.629308048127835,0.23659692839927507,0.006657415312351028,0.07078353940508789,0.3838835848799175
SAMPLE_03431,0.9990934637653696,0.030801188311818422,0.07059741317646484,0.16780244766938446,0.04153811275605162,0.00755849647207929,0.03827446066157525,0.0972297763592822
SAMPLE_03432,0.9446179002701163,0.33310491929202785,0.5904298565702742,0.6652253302944967,0.6767728790164037,0.009613128212890709,0.21195403017349776,0.6424009116432593
SAMPLE_03433,0.3659948502300756,0.09522402574577273,0.10731288854745084,0.5811644755126862,0.15547593701174714,0.004214837849532161,0.6768746409171614,0.2645962504951718
SAMPLE_03434,0.9994158462762468,0.23959799841769014,0.23465524179635053,0.2920709847978054,0.2971446621684416,0.0606735145610629,0.08111048022891489,0.25523042171392524
SAMPLE_03435,0.9994798243864125,0.03615143955999032,0.05457226559210745,0.09731937477966453,0.038612976478124034,0.0049819487246667,0.021730800665594158,0.07988391106962664
SAMPLE_03436,0.9995216805833717,0.049163752080173324,0.0507931879374832,0.13065949467213434,0.04549548112039661,0.007677307752184531,0.034735099011586036,0.06984621633008793
SAMPLE_03437,0.9994541056791295,0.025295657752970952,0.05061619380531723,0.04652658919062117,0.0743358016070013,0.004717022756404212,0.026676480710471573,0.06298005829175139
SAMPLE_03438,0.7695582135586742,0.3111342797141679,0.3544059902376115,0.049561189851377384,0.5917611743518921,0.0013479923287485413,0.053197098696775635,0.5197613265554833
SAMPLE_03439,0.9993756186000268,0.045832809003870156,0.07729253005412488,0.04864995407528958,0.057026606065052964,0.011587993638886905,0.03752108193360803,0.05894498911199588
SAMPLE_03440,0.9543467031982388,0.31836836786152817,0.4235365917057525,0.6192390868218323,0.7479751968877806,0.006174550446719801,0.11185870581821857,0.7373625864727398
SAMPLE_03441,0.9316136467282433,0.17818820869991245,0.14154470364530022,0.6490670998002223,0.3955768149985442,0.0019895993569410127,0.05254717831804089,0.5137336014723565
SAMPLE_03442,0.9993700011004784,0.09667202481140057,0.02137874814034214,0.2891845089321113,0.06130540722644818,0.009037818726758007,0.023717594433194187,0.11723712758937203
SAMPLE_03443,0.9994168552683793,0.49548241188452685,0.306615298621489,0.21515153204448803,0.5832378975375584,0.018143891138252537,0.12170295221818815,0.4584512588455885
SAMPLE_03444,0.40689447646629096,0.06487228074526609,0.057753238029429554,0.9943908038753637,0.06804113454228457,0.0005081501664788931,0.6723371788843764,0.35685039393450246
SAMPLE_03445,0.9992064796938523,0.10546229105289251,0.0906526524417875,0.5224799936135471,0.14487119740004614,0.026388059187257867,0.06424224348430914,0.40861272220586375
SAMPLE_03446,0.9990344485581918,0.17810792421368396,0.17001816782179516,0.3190066215554894,0.3989209315697084,0.007756539950407814,0.037768012773270965,0.5482404461808684
SAMPLE_03447,0.9303206116957438,0.2662503621385941,0.2537030855093809,0.6538480278121498,0.5850948793104972,0.0022955510801657797,0.08840127527584372,0.5806312304794233
SAMPLE_03448,0.9992048736021134,0.37938679777424467,0.058226190935168176,0.3532803452357349,0.28434728276932025,0.02946523583347802,0.08566501990575585,0.27758364587562095
SAMPLE_03449,0.8668876088740881,0.12426410183115,0.11443990866611792,0.658685018290293,0.10169861830470135,0.028796445812770997,0.0340402548688561,0.32979008148429667
SAMPLE_03450,0.5838580079250199,0.10900306598196209,0.04149485031768684,0.28747318570995195,0.09937389182139454,0.001797441546908709,0.020499948447898392,0.1846118007837092
SAMPLE_03451,0.36198480073788214,0.2968289125270493,0.5847542938152134,0.9100170147049539,0.6635459087827767,0.0014447396812032381,0.7460825434865432,0.9308847833303915
SAMPLE_03452,0.8142440163109868,0.22362408110520626,0.12414311417106888,0.6611472945103373,0.2781759698115774,0.0017066345511971431,0.02395969221621573,0.35635229730235163
SAMPLE_03453,0.4871576589999309,0.0847027375456675,0.09854347465390058,0.40938066919313504,0.23905214299695396,0.0005516594319201613,0.6853676964222175,0.16930094683566935
SAMPLE_03454,0.9987178760533962,0.10388044442198967,0.09839723611856366,0.06127699467916601,0.27389316372774103,0.0027038176184479737,0.02200357822373598,0.14330231630786885
SAMPLE_03455,0.9993504545899907,0.09973605483178467,0.1309260006191296,0.1531269276017638,0.15404154093876424,0.020771751460762763,0.06411837856486234,0.13214323504673672
SAMPLE_03456,0.9994308543756447,0.07690893553233241,0.08785835892488315,0.02637052494266502,0.0819262170914042,0.012223739928918865,0.024641560730607286,0.06748653073009701
SAMPLE_03457,0.8269513554224917,0.6252715144596029,0.42268044310461733,0.6621527426829553,0.8595815202774716,0.019697672380845948,0.08376169418881214,0.7756841489802309
SAMPLE_03458,0.975299941677625,0.5023069207426428,0.617765817663244,0.667262877663096,0.8102785694606082,0.009136583370496098,0.14558938557629275,0.40123081624756396
SAMPLE_03459,0.9993306266701752,0.41155394295304976,0.1879776375875105,0.2296193742840497,0.24484677395622445,0.1640570788349294,0.18673152996694364,0.24322532334741123
SAMPLE_03460,0.9995216780950201,0.3472214714055227,0.15698402435010925,0.26973701404704714,0.30633660684273617,0.024817054580298595,0.05693619895188753,0.19374034148788777
SAMPLE_03461,0.9151658119449847,0.2644642001090331,0.19837867349246743,0.663774543236023,0.5466517220628119,0.005551529145273837,0.07354415291607264,0.44762821146555604
SAMPLE_03462,0.9378637158177922,0.24470868798391177,0.1010230074182286,0.6671164278492273,0.16380476426589122,0.0020859326669707147,0.05744553417426246,0.38411492679120246
SAMPLE_03463,1.0,0.8202634977416007,0.7706503268803498,0.9987731553836295,0.4188459782474381,1.0,0.9331397756878733,0.5036451881302083
SAMPLE_03464,0.9994820445152027,0.2196108347638396,0.020974473807593885,0.0796250323262747,0.14404466330771598,0.006025028754841057,0.015268245005562987,0.08725681083466945
SAMPLE_03465,0.9991782858645157,0.2334450272224529,0.14277072975402746,0.0741436366877568,0.2965614919471004,0.010049810822595776,0.03786978101077333,0.4179629652873123
SAMPLE_03466,0.5274394784126404,0.13998762296017433,0.14573179247842097,0.3490688904912074,0.3059139958195619,0.0005484580816835883,0.6854312078751859,0.22695409679411072
SAMPLE_03467,0.9162793093217845,0.32421696112212633,0.7338373108050279,0.6695645091357473,0.6197472454497728,0.0207729090596375,0.24042624695870307,0.7510895774450095
SAMPLE_03468,0.544231953863108,0.19893466331255305,0.09417066569986143,0.17384552789216653,0.3037616709050684,0.001971971830872751,0.020019303956104226,0.39743014812427946
SAMPLE_03469,0.9993842301303033,0.05718028819347563,0.08145969398394808,0.08092035516176495,0.17108078853629483,0.01298095427053428,0.027319873524000556,0.09844541714388726
SAMPLE_03470,0.9995175043110242,0.0625564134910507,0.06907939705082063,0.021172512889704984,0.08886387682472575,0.015660799734438163,0.030201766771809576,0.04897862176656895
SAMPLE_03471,0.5107847224572758,0.17037266823131067,0.2381669394644601,0.35804353630670555,0.32368848705761155,0.000610868681803529,0.6980667054472741,0.29883780808891885
SAMPLE_03472,0.9993302584838065,0.1548774567074992,0.10092234913551529,0.18370383202713234,0.15817312899687574,0.006984279445963445,0.04207635821759498,0.16048491479205543
SAMPLE_03473,0.746423552226657,0.33695607474966666,0.30123152276394566,0.9847494793713659,0.5682227645721597,0.000476550004043496,0.7047214212500771,0.881326261628511
SAMPLE_03474,0.9994778001503413,0.33694791447709144,0.1446436360583119,0.15891703642574714,0.24173930593391615,0.10066758332751069,0.0929730184906352,0.17644836285649287
SAMPLE_03475,0.846450251959698,0.21235892652504726,0.13037654789072115,0.6591919385300938,0.22856324348776927,0.0019983249662313507,0.06507892870940285,0.385462990332603
SAMPLE_03476,0.9994925868849784,0.09647259610278223,0.08496212451366177,0.023494173041143596,0.12639882577587797,0.023278400391709253,0.018165934536349567,0.09272138379685531
SAMPLE_03477,0.9607378805322053,0.2557606449572888,0.2642568886586277,0.6608954416472521,0.37786604684759567,0.004093295492295079,0.07543167727070832,0.5666117858552986
SAMPLE_03478,0.999286560756867,0.11586650967857647,0.15026172446696381,0.0530863641768082,0.16395936620498747,0.08849071957213601,0.07732549757399008,0.13017437649857214
SAMPLE_03479,0.9993613397949694,0.4573405197918496,0.1878893214407281,0.6640176481754329,0.2950462036032586,0.020906098972694246,0.04803714838516938,0.4551175248766779
SAMPLE_03480,0.9995308779353723,0.12066801885512006,0.18500499346016708,0.16357114577621226,0.4310260687305935,0.00829202769048176,0.07325917107706893,0.2802097097533678
SAMPLE_03481,0.9992990313415501,0.06663471868836081,0.06506052566706583,0.19524704075987795,0.07367819403341191,0.009063639052670788,0.026784035568925283,0.13760539302035366
SAMPLE_03482,0.7427946853229314,0.1861686866360209,0.1664918046758966,0.030130591722515684,0.2957806551993632,0.00157495997476082,0.06516193707161994,0.3587751450457865
SAMPLE_03483,0.9994350909018257,0.19650651389781992,0.15501854070329182,0.06506346668077172,0.19472880592319872,0.035406764727666455,0.056470389016867385,0.19326807083972264
SAMPLE_03484,0.9992163813096688,0.48377759062804043,0.42064188780525,0.610370032949951,0.39382979240146,0.062166943902570077,0.18798104841883267,0.47948738669820057
SAMPLE_03485,0.7132746583886097,0.19357410799213912,0.22836730630814317,0.4608475013229492,0.452588407800336,0.002736684813997692,0.039290478251301865,0.5148202534777847
SAMPLE_03486,0.5548267340308506,0.23751991029342467,0.19160865106380798,0.34872121276719503,0.4574983930362526,0.0006479122324662589,0.6743447597560893,0.3843456162725367
SAMPLE_03487,0.9986810727028628,0.09383824174652801,0.06788529913409978,0.06298641644068963,0.058374419285398695,0.03955001181612446,0.057260352919349965,0.09271103493609663
SAMPLE_03488,0.8724078047551895,0.11387505037060736,0.199374041074621,0.6589132323861217,0.3571307619495013,0.0020476178693372414,0.04044873663110419,0.38368352602462336
SAMPLE_03489,0.7104864091107695,0.18186430263588202,0.17308179598502435,0.665905849386219,0.3218207734949314,0.0019795070121145504,0.048172480868565216,0.513253404289538
SAMPLE_03490,0.5424392856605952,0.17323330342532364,0.21603771399646335,0.3573110133896074,0.3311010860250623,0.000842388785040993,0.7082773211739021,0.3685235494324597
SAMPLE_03491,0.9992819967736253,0.3075039025670247,0.17698322372099531,0.6340851785027897,0.29642052481757797,0.02284607499490575,0.09104541570115371,0.4274304103873539
SAMPLE_03492,0.9986741690356427,0.09632532318737626,0.07283481591135295,0.41128437502085724,0.11017581443874835,0.00800338564296375,0.02231339028585377,0.1938512674375512
SAMPLE_03493,0.9994945048596179,0.16879320905821685,0.4003530330589997,0.12649440334873926,0.3058794992323046,0.03314327188610219,0.15965345793402533,0.28299668281107176
SAMPLE_03494,0.6125916156919355,0.1329244177344009,0.10206610000959411,0.7406516182419604,0.3218069680727387,0.000810176506249555,0.6729170673191915,0.49075498406595947
SAMPLE_03495,0.9994526615087329,0.1926808158949264,0.09359829529786524,0.16833059635170378,0.12264401198428254,0.010807591361392359,0.06495403092402803,0.1917117622164621
SAMPLE_03496,0.9993009661750701,0.17495238200900498,0.07356607184241797,0.22443512227622875,0.13194054468181077,0.016580668287407386,0.022843324212000356,0.21224362409393568
SAMPLE_03497,0.9987928897576922,0.38050962145024964,0.36380123892695515,0.5676849071639154,0.31985932218308105,0.11544928821642209,0.09819335910879205,0.3497743285235743
SAMPLE_03498,0.31604963116040674,0.1845856765179882,0.1697013329764584,0.5505289739659782,0.2682843404822142,0.0005395874253794849,0.7469059482761828,0.4509296587709099
SAMPLE_03499,0.9993652522037811,0.2041484954341158,0.2106050909051281,0.6676237273063755,0.2845141105021407,0.01326483524420523,0.0423560343410451,0.41617097332019903
SAMPLE_03500,0.9994876168825512,0.07615293702344982,0.179290855876408,0.16591585311047036,0.2301669439757789,0.00558933994051606,0.03836937942434227,0.10871213136466608
SAMPLE_03501,0.912090983986158,0.2638109062987882,0.12935688801566875,0.6666438248778089,0.34556650066159483,0.0011032546088441508,0.016915166054573872,0.4490291554561758
SAMPLE_03502,0.9993926566708019,0.28521284451635104,0.3275039914490305,0.12711072685589805,0.30916758885074125,0.19409891573473337,0.2567027367413729,0.27657324059146915
SAMPLE_03503,0.9994721957089879,0.05914271421374321,0.1341781405027586,0.08880038459798413,0.11438257455683663,0.012264533974002208,0.044206998569067735,0.09542584189626434
SAMPLE_03504,0.817731151393776,0.26475165390196004,0.11587336988753882,0.6664068936010924,0.2416859321297283,0.0016942487032864523,0.0508892571572796,0.4299526984786363
SAMPLE_03505,0.9990834177851505,0.18104173295680423,0.27691272876871753,0.2918688043237037,0.33104613009280986,0.017818475763773916,0.14368417597794497,0.2639534024624582
SAMPLE_03506,0.6263456778051976,0.04920340850250263,0.08172023814408635,0.46452066192376873,0.0603013550107343,0.0007444381385197412,0.6880808393128383,0.11913358016534108
SAMPLE_03507,0.23673159257853715,0.0514404551865946,0.04133873561461115,0.3419408645300268,0.16117939593304262,0.000605017421615867,0.6733200749266605,0.1223588674254124
SAMPLE_03508,0.9995156617717242,0.051080699142197004,0.08827732450058594,0.1544132821069261,0.19619875516998986,0.009639693936655083,0.02908819067403023,0.1525704882325801
SAMPLE_03509,0.9992396842485035,0.08250260429811207,0.08943392800672068,0.042836294935758114,0.1177073300276288,0.015147763783209436,0.04438163939800283,0.14109498505350818
SAMPLE_03510,0.4747257076513212,0.16480309889174471,0.19161032890976512,0.8063962807794957,0.33664943534637376,0.000572229645833308,0.6942896541158131,0.49072801430535334
SAMPLE_03511,0.9994086229015607,0.17095404150636007,0.022683273767072337,0.22388409637784168,0.10807933945440468,0.009667700170691467,0.015470816967526405,0.1282082008731659
SAMPLE_03512,0.6633416983720304,0.34120104236158966,0.15205217105204996,0.6695430229490382,0.2938726414200435,0.0018751475124294415,0.04934523586285039,0.5067170096388973
SAMPLE_03513,0.998202188470558,0.1944992016088949,0.4072352803965206,0.6620968235860526,0.3488483404830929,0.022366186397317172,0.10304724042815677,0.4284578643062713
SAMPLE_03514,0.9994717047779881,0.051567043555440784,0.06372474367627808,0.016099184500712516,0.10099032336073101,0.005728925106814331,0.04789631934263668,0.05022577616531481
SAMPLE_03515,0.8095079125815227,0.24716488940870393,0.3011687415311805,0.6603739398120291,0.3465545937984052,0.001135636115085369,0.08348510176846534,0.5882077289422024
SAMPLE_03516,0.9993754276229878,0.2528306444929396,0.35981900527273963,0.2450204893475827,0.43115891446903737,0.02246660133620093,0.14817554293571408,0.4705301903461683
SAMPLE_03517,0.08435140503371735,0.033744382486446414,0.041427812900999915,0.3769876347152225,0.030273349745933643,0.0008171869447854275,0.67940551015234,0.07355121576476827
SAMPLE_03518,0.24305560365376358,0.05559695525619957,0.032633472047667915,0.4743630615121923,0.06967909231764458,0.000632314092830244,0.6720448276065828,0.12338313685959373
SAMPLE_03519,0.9992194354993161,0.2532702189982554,0.354472408914218,0.6661998451483281,0.4859440169079637,0.013200552541566145,0.0560797901038196,0.7043512894295302
SAMPLE_03520,0.9380957338710743,0.5299496831741162,0.33392852668192147,0.6601281175341445,0.5338753714838774,0.0069712294216656,0.12754497375091758,0.6428817904123673
SAMPLE_03521,0.9993716527337811,0.03655447439071674,0.09847127451172609,0.05681934717299561,0.05853487991866115,0.009020149242668432,0.04428827677254877,0.1156000258514805
SAMPLE_03522,0.584672458108057,0.09631151675044164,0.09092809296833289,0.35443463976643724,0.05568756737451682,0.0006697809012123117,0.7002177320165456,0.09861749680223596
SAMPLE_03523,0.9991477160309937,0.7482685456101729,0.7691097169384413,0.6789804468330688,0.7008863955610826,0.36631964281776463,0.30897444670848073,0.7702677462039292
SAMPLE_03524,0.9995286400496566,0.417119980812153,0.03855090445607262,0.31138626897444116,0.21345147270204837,0.007621324455553941,0.015211997289357515,0.1563783104989465
SAMPLE_03525,0.9992549292186359,0.5678445790952211,0.38880248072112716,0.725127635035427,0.5439743250489387,0.1935619108208877,0.16276455912404791,0.49439495340049905
SAMPLE_03526,0.4642518993377925,0.0887203606793895,0.05067872885204546,0.9959572504380905,0.08066196798524662,0.0006478671433697772,0.6731171683739552,0.37862762640992886
SAMPLE_03527,0.9994563961522643,0.3208062437487416,0.17632330735927793,0.18721911159183344,0.3917595561034881,0.02257868402683606,0.06682741621946986,0.20194157392183185
SAMPLE_03528,0.9989829010611843,0.20344038834205114,0.08578646521351381,0.6644276347841478,0.1780110486401015,0.023010225564098822,0.032204982879620696,0.4427247664611535
SAMPLE_03529,0.6042567321785001,0.16715640860855865,0.23184529516317195,0.9853670631217316,0.4569501730204181,0.003953310662102988,0.7279150640528568,0.6653918310654129
SAMPLE_03530,0.9994032132094471,0.08389023856295756,0.11328059320102389,0.05579147867949982,0.1397082279509602,0.008271947075375355,0.06006393754095692,0.21896216550558592
SAMPLE_03531,0.999403278090489,0.2209453417903433,0.20439242335819752,0.13278400331466375,0.2425005982992472,0.023928634220885082,0.0886163232752753,0.2586651953659747
SAMPLE_03532,0.9992456091845648,0.24448294362275588,0.1487804010337815,0.6651628084323998,0.26567902623568956,0.047807926881036494,0.05194961689898847,0.4624047527116577
SAMPLE_03533,0.9988986166274847,0.22508429546806186,0.27984113261640226,0.6074284839777916,0.2518308420435111,0.13301398685803256,0.054962809755751164,0.3944333810262977
SAMPLE_03534,0.4342547205490481,0.23102627755285754,0.229598139163378,0.9931271485871752,0.4519884332618613,0.0008120574663037583,0.7273268383686754,0.6749526087117924
SAMPLE_03535,0.2447381550923846,0.07123578185013187,0.06540410938477838,0.3365373817108867,0.050600307241988086,0.0006484858963199372,0.6730737012074325,0.048607032718019964
SAMPLE_03536,0.8192808017198354,0.21754290805264795,0.16303522869665768,0.6675426319490675,0.407040413947848,0.00229453287181069,0.029113533913715423,0.5712674962241523
SAMPLE_03537,0.9989662234960005,0.4604608191942036,0.26293688924083175,0.6728127176488304,0.43607233300908654,0.08352735042373828,0.16489839474198595,0.4340755387651616
SAMPLE_03538,0.5198662783081983,0.154877907426438,0.12382919492194651,0.42162274910771763,0.3230120854351594,0.0015561379807448464,0.024126973053922123,0.3259872990434979
SAMPLE_03539,0.5785802505105582,0.2682106660002792,0.10859414303595676,0.666748017730402,0.16679684963002198,0.0014065282980358891,0.04150009718153383,0.4014410276634354
SAMPLE_03540,1.0,0.7605721223795721,0.7352909233697603,0.9986899115515312,0.3817201802032724,1.0,0.9330826498411482,0.4468677688495377
SAMPLE_03541,0.9993749405308797,0.3684616545732058,0.39232103750289576,0.3573157099154034,0.2721094920452241,0.18367112233542038,0.21731232855332736,0.33421332749867516
SAMPLE_03542,0.9993982735634726,0.6067731979945762,0.645055137736815,0.6309072125427706,0.5649151179986523,0.027990867329847364,0.23231705352641963,0.5719228652509489
SAMPLE_03543,0.9994311190058918,0.11481035086696556,0.1884301747769663,0.17500663028285013,0.1442826839499756,0.01254987786588388,0.07781281510348087,0.18784621685382
SAMPLE_03544,0.3453930155109853,0.06925947394478874,0.05588042097284249,0.39653134873545054,0.10671193713197853,0.0006853140415916827,0.6793546766894433,0.1386062441479439
SAMPLE_03545,0.9994470952902718,0.0993913922847487,0.20738425101096605,0.14627653137496427,0.2997037738674581,0.012364641449910346,0.13125617502084808,0.24123097789671757
SAMPLE_03546,0.9993102309155234,0.06468145065093761,0.17419459309424515,0.0405677802357456,0.12187925743246915,0.058205784224601965,0.07404498907241473,0.11897734913262048
SAMPLE_03547,0.6507705928935711,0.3257943790919143,0.09755772929153161,0.9890641149737988,0.12158732669389705,0.132779330896179,0.7123274455595835,0.3628458239746843
SAMPLE_03548,0.9990640765969122,0.0355586157752605,0.038935742511552206,0.01746585238885697,0.06330596907864196,0.004101081256672018,0.01323335891374877,0.05085817262790598
SAMPLE_03549,0.9987428050107382,0.23203128094003964,0.06853599546603638,0.036612750001641235,0.23089973710149017,0.031225571040687166,0.027219242350937964,0.1906715566522916
SAMPLE_03550,0.999401483195271,0.221720797222161,0.0858199790130987,0.11247384052817834,0.1518760441465089,0.008905902916777038,0.025680985738142703,0.18584458889246505
SAMPLE_03551,0.24032642870007825,0.07818197936305855,0.18475722173630527,0.41453652713076633,0.303730660851014,0.0006913767019256376,0.7469858970384742,0.3427168732973908
SAMPLE_03552,0.9993810125396739,0.05090063886083815,0.054120174666597125,0.07950939899366045,0.061337123993253063,0.015920428787101107,0.02483094806187691,0.07289155961644943
SAMPLE_03553,0.9994823654552129,0.1369665673035484,0.12444871278711289,0.036685492658212436,0.168607380970116,0.06241766443546187,0.056961358647188515,0.07187386909514627
SAMPLE_03554,0.9985828483258073,0.0407304730845825,0.036105189916711876,0.03649881456379036,0.0582140544359294,0.0055951593484311534,0.015540442671844734,0.04614266763330451
SAMPLE_03555,0.6872048273380081,0.09741145276168477,0.035017125057606624,0.1579692056472339,0.15132234842500655,0.0020323214171169553,0.015615974860354142,0.1846622706246487
SAMPLE_03556,0.9993542563645894,0.09127654362002509,0.15431035966593257,0.14703540183222447,0.07741152491758808,0.08119271659590321,0.061445814032004366,0.12483095108235788
SAMPLE_03557,0.9991050749542142,0.5024538386730882,0.3897769489792659,0.6674660692772739,0.42233605933458224,0.11439500720371287,0.13786945780125345,0.5231489455266157
SAMPLE_03558,0.9994398321198684,0.08175330134980631,0.1304462580378006,0.0604691910293317,0.1619093707366921,0.02589656051524906,0.053011114416368695,0.11252717206198305
SAMPLE_03559,0.9992077971716681,0.09282496524971949,0.16834722536922989,0.09243847854287456,0.11150922841075143,0.008600230764967081,0.045948505856904416,0.14803151057805994
SAMPLE_03560,0.5226179118501303,0.11884817415917565,0.13977165815330672,0.6628153320860835,0.12140874642547866,0.0037306917394276592,0.039280950492654586,0.4152059024660841
SAMPLE_03561,0.3602735672935075,0.07580751839157308,0.09361513235927334,0.43458224989993127,0.05314429387749292,0.0005537937011318364,0.6899109135467271,0.05387199553096378
SAMPLE_03562,0.9993684695747161,0.10527366451502156,0.08548744521140023,0.050390182521168836,0.14661710317926321,0.006064407030120764,0.027426721859988085,0.09133803865656327
SAMPLE_03563,0.90758022847491,0.495482245760071,0.2311185308901588,0.6575798735708726,0.5082651953409958,0.0013145137446402416,0.08046394926828773,0.45863747788615744
SAMPLE_03564,0.8910612382464507,0.18996228269507842,0.09500697188401845,0.6649400887753757,0.16805193032252289,0.001288770403646192,0.04353588433089006,0.3782642608296289
SAMPLE_03565,0.9994820467229261,0.05908017864686354,0.084634269223734,0.058128996011088396,0.06314852210637177,0.03359313455469368,0.0414518910673417,0.06272049446149079
SAMPLE_03566,0.9993824771106676,0.3903238617838796,0.02132236840644995,0.6348855264534489,0.2253173317387793,0.015687266578873486,0.02984123261260398,0.30276752138465296
SAMPLE_03567,0.8992021594504506,0.48377985147511327,0.2618369655739503,0.6505200563962587,0.4200545968548873,0.002441258020107765,0.046523402381771016,0.6775785027981391
SAMPLE_03568,0.3450332764637611,0.11829001658487563,0.1322115886262895,0.7507160640284688,0.17951109785488087,0.0005068988841602167,0.6853974318786108,0.2669132141158154
SAMPLE_03569,0.9995205363135674,0.030597744630032675,0.03885000612639635,0.023237007083671945,0.058861793511615405,0.013399002734809895,0.02786360669218892,0.04125118302725213
SAMPLE_03570,0.9995238562001089,0.13123749823339895,0.43517571404724525,0.18713878853243868,0.47801347730036464,0.011685646038637957,0.1409700062599151,0.424552163016944
SAMPLE_03571,0.9993273428004462,0.2895847573612875,0.2440226994519391,0.6540086887910435,0.3118430150783261,0.004856669187128294,0.05455542446362985,0.37269666836421944
SAMPLE_03572,0.9994985671229452,0.37673311571448087,0.21355140174120527,0.46439198087257233,0.26744711485683187,0.16698445013289284,0.06530573308087341,0.22011876058561616
SAMPLE_03573,0.9952557558280505,0.15292226623697353,0.25729101021308254,0.6709590664509658,0.22443712552637196,0.116848544180061,0.04248910161760594,0.38136114775001717
SAMPLE_03574,0.07632214634257502,0.03676533146030295,0.02841234304857601,0.3366293575812271,0.041366520299424975,0.0006781592203632581,0.6726038170504851,0.038555343349620075
SAMPLE_03575,0.4340167773120492,0.13042706402819174,0.11937440473524365,0.34667651628302726,0.29510866558069265,0.0006928529888814771,0.6800531759818282,0.26694234816867307
SAMPLE_03576,1.0,0.9635691107538852,0.9353750675735482,0.998857324286725,0.8465126710899847,1.0,0.9331720207334638,0.9295181796868878
SAMPLE_03577,0.9993220979657028,0.08711122120479621,0.06148966750370569,0.11263615908146252,0.17379414912983515,0.00756548089927217,0.03058859427690286,0.18746770659555415
SAMPLE_03578,0.9993616450685914,0.042292609493559195,0.03224453089199167,0.09470610210696058,0.03386320072871816,0.02310815968292075,0.07752951980645055,0.09537361499176983
SAMPLE_03579,0.9994545379395431,0.056020224803515324,0.09893293112758979,0.11498266728694255,0.12861590902893724,0.009038085156317545,0.03922584101739571,0.15080152179601894
SAMPLE_03580,0.42393201889952525,0.07460655849508376,0.05154370364885241,0.9962229517896839,0.15076102005246939,0.0004938153681087465,0.673445551364349,0.46006910540619783
SAMPLE_03581,0.5636530308188809,0.1799718429110011,0.14337478444239252,0.9972882532674655,0.31909021078029176,0.0005029808974419552,0.679165621092995,0.5880811696951902
SAMPLE_03582,0.9415885094957887,0.3300265863556496,0.2340285868421258,0.6651320041921859,0.5382043664081099,0.011637216260770756,0.10603584473523149,0.6594370291774782
SAMPLE_03583,0.9993158504520996,0.1642165569377401,0.19410954108552714,0.08027876493066168,0.29700598241534115,0.22503639734935796,0.04960469845060994,0.22060206686706227
SAMPLE_03584,0.8100551121092727,0.11893131056565183,0.06177373398835707,0.36210394927782485,0.12450818597166124,0.001822949398997262,0.020397873198861015,0.23670902656146145
SAMPLE_03585,0.9994156390778053,0.11089376876582883,0.07161121354139466,0.10747909708937815,0.13801955839032834,0.007661679010193732,0.03070303055154462,0.12111370532464173
SAMPLE_03586,0.9993721410835731,0.03499721809316778,0.06314475502656884,0.04424565628895905,0.03550163434569333,0.004569656807683926,0.034651878464448935,0.04677411752194217
SAMPLE_03587,0.6180843660167799,0.21385699570899167,0.20423989943633017,0.6302304876399323,0.38954977799487,0.000707307643312365,0.7543834430132916,0.5098773247780902
SAMPLE_03588,0.6439161533266924,0.2828039964880647,0.5583451642571032,0.8425249747495922,0.5797967553792119,0.0006048400606533099,0.8294144918289525,0.86970549839967
SAMPLE_03589,0.9599693609085813,0.1430638031513691,0.25511870631504024,0.665072228595342,0.442377984480016,0.0021719132605551392,0.03200452701561431,0.4057288536347348
SAMPLE_03590,0.3043097718612151,0.13417667808154302,0.13254886663358215,0.3473433265706658,0.3303104307851356,0.0007716573510547794,0.6727261359380616,0.2488725163351857
SAMPLE_03591,0.8766495410903145,0.1544644582517084,0.2271656552745528,0.5816240980508726,0.40286246912249357,0.001567610763446776,0.0472462937022827,0.5356260785372219
SAMPLE_03592,0.9993358043530366,0.11953665597479535,0.1356572692273977,0.6651885827323579,0.15202873894753052,0.01592255630554217,0.05705899717691921,0.36367756546772484
SAMPLE_03593,0.9991707942920508,0.1559944974070965,0.09435832939999535,0.6097415384174135,0.172075575051869,0.027596971016753197,0.02942707286024911,0.347205426389434
SAMPLE_03594,1.0,0.867760599279595,0.8751075966590921,0.9989580917196115,0.9331730372634119,1.0,0.9332072468967127,0.897616967490159
SAMPLE_03595,0.5936992918444609,0.31259196284517327,0.21654741789837637,0.9950296572889522,0.4797722444176478,0.0005544974530567471,0.6898828620477765,0.690446636467659
SAMPLE_03596,0.9994692061714362,0.18259381098675218,0.06012560530053387,0.1597769462370385,0.16926178805825587,0.008676545690049572,0.040573642848229015,0.157565654568976
SAMPLE_03597,0.6718749549816789,0.12206692856676005,0.0558019665120171,0.6644865856327266,0.12100636204131177,0.0014238455685402953,0.028814387110807638,0.3710677734101073
SAMPLE_03598,0.9993881884607738,0.1463034467510378,0.04473365818796599,0.07893519226250122,0.1257728285895159,0.005533465953152859,0.014813036062330892,0.06322448580018568
SAMPLE_03599,0.55950551677208,0.16640541154141722,0.2496625595815777,0.4169645644281348,0.43720164991717403,0.0009475352518841336,0.7535209064678062,0.40482459820455485
SAMPLE_03600,0.9994033747024097,0.19363752861934166,0.17703937210936058,0.19262855308010052,0.26292197792901156,0.07358685681293227,0.04614426357812474,0.38167844159757314
SAMPLE_03601,0.8475431698145854,0.2152369048664967,0.320472500890769,0.6658944084652044,0.6625767945699638,0.0071218757664003795,0.05448770536763916,0.49475897615530035
SAMPLE_03602,0.9468887168909536,0.34125353905077715,0.348006169294978,0.6470213288831909,0.4464484150847368,0.008167435995207665,0.05857100467070383,0.6411688775514113
SAMPLE_03603,0.9993724950209771,0.11610941492557632,0.07666336015785861,0.17339189155734247,0.09840319134968344,0.011335341332816253,0.0396074347866166,0.12261740414076454
SAMPLE_03604,1.0,0.8995744244363425,0.9061024992583789,0.998659795005886,0.8440257494211737,1.0,0.9328755589866584,0.8381646716579149
SAMPLE_03605,0.9274469874944568,0.5703716136677113,0.38331672287607943,0.6663442872754265,0.36620082177771973,0.001797058220114274,0.17323025226921737,0.5877633817516233
SAMPLE_03606,0.6944620224267428,0.1588868827279851,0.14154504932520037,0.8241364976683986,0.37749484208691436,0.0005917781068213754,0.6892267302878871,0.5235858508212475
SAMPLE_03607,0.9994492262329061,0.0819635596266387,0.03773400916177112,0.10904968194054528,0.08841286338414717,0.006474272921928031,0.017259136978175632,0.07745668183641256
SAMPLE_03608,0.7211944179474278,0.16485805230500047,0.16522048554039018,0.6761572984704465,0.3489970954875164,0.0057908847392732455,0.04055890146283326,0.5918777156387381
SAMPLE_03609,0.9994325920927546,0.06288175957126571,0.050108064545695545,0.11323220389794704,0.07338391454770975,0.01500640797882341,0.01801868458955234,0.0929723048182964
SAMPLE_03610,0.904637680094828,0.21123474161771513,0.183264261003132,0.7076055465911416,0.24433493335532805,0.03413517710462991,0.07708622291444223,0.3132465063268724
SAMPLE_03611,0.999496995043017,0.05942691951279953,0.10956978447192382,0.06784506069193437,0.09540779821331224,0.010920972646015673,0.0365540024614501,0.07457873351547144
SAMPLE_03612,0.9993598524499409,0.026975038289915283,0.03106143602479416,0.050221994843911606,0.04040558097694453,0.007951911848508906,0.017855466921828423,0.04107094890578993
SAMPLE_03613,0.998659859820799,0.1916694294885735,0.23462420007388707,0.19316654295249255,0.188709881102215,0.023898237419599653,0.06559746379093041,0.24831349101376174
SAMPLE_03614,0.9989195470670255,0.26337202972905066,0.4234818645870093,0.32023789387912077,0.3698243977564773,0.1984150046176472,0.1952875956092339,0.5246054823937364
SAMPLE_03615,0.9989252441134813,0.09429711803467979,0.09251630399921103,0.5192174701755409,0.09504286426387569,0.020632289104842123,0.07862889216397213,0.19753652181983491
SAMPLE_03616,0.9992967701854966,0.37392077638665694,0.23092432604363122,0.232141921159747,0.33630661176656124,0.16083627701205708,0.16141215000831702,0.3177419939950341
SAMPLE_03617,0.4076567845776948,0.10767315436740443,0.1404851240819659,0.6617526931601739,0.16090506987211875,0.00163145290328298,0.03532605659381234,0.38426378168824665
SAMPLE_03618,0.8605470311219693,0.273541331442425,0.15582330958367926,0.6636875171902746,0.3023461690505295,0.0019322174137438519,0.030046353744165626,0.38172922541959137
SAMPLE_03619,0.9993874487758476,0.5236497938059834,0.6774061757466363,0.47996514128995527,0.6781606913650918,0.1430441278096928,0.2194102238506638,0.6709918687083684
SAMPLE_03620,0.9995050957473337,0.06236839540912931,0.0656349066671708,0.05590572650002398,0.06906918757318216,0.02889757749115353,0.02624279817931038,0.054452775525335895
SAMPLE_03621,0.9988322448214052,0.2955582696138509,0.12529927372953678,0.45956269516379944,0.21992472527179865,0.024611032131826988,0.03443393719511275,0.25273392487605717
SAMPLE_03622,0.3049513936104433,0.06307236766428909,0.0862050272440789,0.3419982934210726,0.10250216875273377,0.0007651870004685375,0.6860052844115963,0.10968099429971312
SAMPLE_03623,0.9978780721756486,0.32987677327010334,0.18293847367660943,0.6077581224038986,0.2415720049817535,0.024084708925155022,0.06979406683631877,0.3466401583924749
SAMPLE_03624,0.7117085786181349,0.24263860121834877,0.2884847642695119,0.6619357290078286,0.5483895653888581,0.0015621087169427666,0.10682709086090875,0.5668355312493184
SAMPLE_03625,0.8345307631283582,0.4481186290088221,0.6292442926186607,0.9900597618779748,0.5998487721380761,0.004190470687563916,0.8453389957172273,0.8650033014746148
SAMPLE_03626,0.9994756417821852,0.1942670230023021,0.17082097021784803,0.4696460468290928,0.23409815519784782,0.042688904070777356,0.06248621146216826,0.2314003878955826
SAMPLE_03627,0.999441724426959,0.429269248762252,0.2006477217574232,0.6557332048254173,0.29656377796778144,0.009025427761808157,0.05312828760782673,0.35237723109575225
SAMPLE_03628,0.9693619200735609,0.7546214225189779,0.5459255017146826,0.9129392617589328,0.5878309979993063,0.16841285328332567,0.5037739288274176,0.691446203147895
SAMPLE_03629,0.9104223900990194,0.5066257991577022,0.6649633970344916,0.6611161968198078,0.5155317058416399,0.0016615169415839254,0.170828949284594,0.6464102775601074
SAMPLE_03630,0.7147886868440102,0.17777133848477855,0.04883809101069537,0.6683957393401195,0.11480990283402519,0.004757960235422864,0.016117163312165936,0.3370132855915886
SAMPLE_03631,0.8765031402476812,0.10900753831414167,0.04954062192191253,0.6633691114783258,0.1769314214403804,0.0010990541359462154,0.025489805612635596,0.39974815055165425
SAMPLE_03632,0.6491053992149045,0.24365863081209152,0.046050858593261586,0.6674165937239861,0.08312439751980473,0.0011564449734110386,0.02891775738301057,0.3537687432140984
SAMPLE_03633,0.49164766618813927,0.1289600526121665,0.11880212309939275,0.9757236470173499,0.28509405379027536,0.0005622271165637233,0.6767759065156378,0.5923629905149655
SAMPLE_03634,0.9994075625735102,0.0904352589872432,0.0884422442195456,0.04947244310473698,0.09176750295181595,0.023722463341916678,0.03269129233784636,0.09372822778180401
SAMPLE_03635,0.9994343597927452,0.08707607807761036,0.24092213251648453,0.20590127926791615,0.1322963449575864,0.03487111166154475,0.11701506193807916,0.16267170248996385
SAMPLE_03636,0.9994695543602022,0.43083724477779944,0.07694803186860528,0.3640081749543553,0.22975042286550398,0.029418620850632033,0.02769942211367309,0.1968464319538287
SAMPLE_03637,0.9992952348676379,0.4332875908384229,0.2423935718964417,0.6673670488987328,0.31324410455883517,0.031631606329812635,0.06324366811526659,0.5100275106320272
SAMPLE_03638,0.9994846716234261,0.03432860766851323,0.03803506333651543,0.09671643555029803,0.053438418945855305,0.0066092116745355865,0.023640272950408988,0.07812552377128235
SAMPLE_03639,0.999524782539305,0.09913305452882486,0.04232368771172182,0.014631103195124263,0.09839261615447581,0.010546403036497573,0.024183096899104004,0.04039334772762351
SAMPLE_03640,0.9991566025524173,0.16889892180717073,0.09982888550643844,0.6639731527062042,0.1254193026766462,0.04295775272934025,0.06194546717345716,0.3660694880173369
SAMPLE_03641,0.8514752725623543,0.6118872353315522,0.42715365065747674,0.6667952121709982,0.6701216620159807,0.006875849012770455,0.18950958745858174,0.7332867214613182
SAMPLE_03642,0.10677322430057591,0.07919243803089142,0.048175008520308406,0.35017361189332014,0.1792582473476694,0.0008609014351883592,0.6719111248859817,0.1082430891713785
SAMPLE_03643,0.9993547322078378,0.19446097065348145,0.20450959035653626,0.08556409425117123,0.19809708059219888,0.11100014320668239,0.12323538107803726,0.19577469186417773
SAMPLE_03644,0.7488048934067728,0.1249990024574783,0.17523349690786008,0.49258615749689677,0.2570196677594763,0.000616898315003515,0.7707777647318464,0.2705149423378899
SAMPLE_03645,0.9990020581605809,0.16831352946792044,0.10391893422289139,0.6670480957286449,0.21509493174342223,0.009990673351058611,0.040628909822243764,0.5354387643316935
SAMPLE_03646,0.9991520809514259,0.0571137915410932,0.028774535758389046,0.6499163647435227,0.058423947108326844,0.009676312723911003,0.03337254962452998,0.3248959083181768
SAMPLE_03647,0.9993216970174945,0.08414781937036786,0.1349555994040086,0.09408978516465955,0.17976342319767283,0.022121960442358424,0.04202926212914345,0.0957890543375725
SAMPLE_03648,0.9994217801663963,0.07259141608585415,0.08017773965982809,0.21921443706998334,0.10309635750136457,0.05313358680690857,0.035506690787095126,0.13313758634336156
SAMPLE_03649,0.4624484556174364,0.2673015415990183,0.18351160988467186,0.6573341870014887,0.21635571422162228,0.002491915450695671,0.039633566298614975,0.37431442934697373
SAMPLE_03650,1.0,0.8675716605856877,0.8375895720369142,0.9988777699726672,0.7139558859057743,1.0,0.9331661939480654,0.720940633725743
SAMPLE_03651,0.9994170792061835,0.05452743556392678,0.05207603859451094,0.020841660106240462,0.043046947938494784,0.007427933744377519,0.03253995814617896,0.05018004775939077
SAMPLE_03652,0.9215280096608978,0.25513218463183934,0.2505691012692254,0.6540812819230816,0.20972834386895975,0.10743031623821331,0.10053126760469237,0.37304941332320024
SAMPLE_03653,0.9994961141406108,0.05852588197129909,0.12230544457680707,0.08249838905133741,0.23824338203724926,0.005294425682670173,0.03399730305698287,0.14438198176631714
SAMPLE_03654,0.6055740554430767,0.2539763472320127,0.06011200839746466,0.6669282022356077,0.1112651384126687,0.0012413838672825108,0.02741585661182888,0.4749064458176786
SAMPLE_03655,0.9994109983322542,0.08145495807925192,0.1219917002811607,0.03285568713730559,0.13892677483317514,0.017403578415229767,0.04110764061532329,0.08454476727090408
SAMPLE_03656,0.8587330656915246,0.39198147403977956,0.4947781849271611,0.2780008618598168,0.7867066778608859,0.005060172142691953,0.07980082070646731,0.7481970889534932
SAMPLE_03657,0.9994047135971668,0.11477648439957011,0.0783620129947684,0.05300256234788161,0.07424320604597062,0.019454864917674303,0.03255624303368318,0.0847046817489943
SAMPLE_03658,0.9994388404996984,0.10418147696380113,0.12004255704035184,0.13523223701877238,0.1409522342832925,0.009153520964567917,0.050373727825435484,0.11975281350408788
SAMPLE_03659,0.9994897111516478,0.19587786555681883,0.15133134221742042,0.45268884967755474,0.20509232319847723,0.03840297841879913,0.056994431310791044,0.3251176717025097
SAMPLE_03660,0.9994408563680434,0.16463902564964242,0.2070594389268555,0.07818742826297607,0.2681170514916336,0.029096873298481915,0.08310756168363426,0.2583398434417438
SAMPLE_03661,0.9994460556943388,0.022131267256787223,0.022728842775029744,0.01661222860167939,0.029658746406123825,0.008738953602793994,0.016278906174964504,0.023574257638029686
SAMPLE_03662,0.31220144513076487,0.06610790319999224,0.09078815471088426,0.5044775657070334,0.06920982812039252,0.0010810534903175927,0.7106608930781935,0.10468939006029682
SAMPLE_03663,0.8412848522812272,0.37890531886048834,0.46993572566495434,0.6478959437798643,0.6967212213538465,0.00383811890192481,0.12469949769327544,0.8681472228334921
SAMPLE_03664,0.9994719408885504,0.031695945333285076,0.03629131365203614,0.02893188529463014,0.06185989863033851,0.008229610831591483,0.03205017040086818,0.093385431855183
SAMPLE_03665,0.9994519400745382,0.7901446017773216,0.8847582225436699,0.6366979422501643,0.7740000861286851,0.17324063090985253,0.29986274090871207,0.8932853422520042
SAMPLE_03666,0.8382418085919104,0.15091680424256548,0.1281171552096215,0.6640459306128393,0.19663906589767963,0.017613745068853173,0.030438451978233808,0.4024793709876819
SAMPLE_03667,0.9507162361924043,0.38422681928319086,0.19679437381823772,0.6125459873641751,0.30873382468108673,0.0015447284789835225,0.07896803067410137,0.4386179742449812
SAMPLE_03668,0.6905975001468128,0.2987246828448445,0.22865898446848565,0.44828838014876976,0.43222034048758456,0.008181434928076553,0.6983790200572377,0.42008006483245125
SAMPLE_03669,0.9994271061766192,0.14654638110039128,0.11864399921760226,0.09489178792665358,0.13618185279916872,0.014362390929577586,0.045338703684599836,0.1321931965084472
SAMPLE_03670,0.9994279455982497,0.019921273601964596,0.022265918024458806,0.0770770074659685,0.027844100301466352,0.0037212300045953686,0.013546541432469921,0.04979174366335504
SAMPLE_03671,0.7048935439095295,0.23309905196793776,0.27032225661341924,0.6653182889167101,0.5734643130028215,0.0013097763838410834,0.09597369610180038,0.5557762626409161
SAMPLE_03672,0.6231617220688951,0.1426223039494586,0.09983247681918235,0.05966841217139877,0.22650740824864393,0.001673978974483829,0.017981732369790466,0.35214680409522997
SAMPLE_03673,0.845127734449504,0.09570120985428916,0.05601244717416678,0.6635836112724577,0.11924291353130341,0.001486629056542392,0.023767599197346237,0.3854864528145665
SAMPLE_03674,0.999432530205822,0.14754240305433478,0.0702900934648517,0.1186041767032866,0.11657857400210052,0.05897137719719994,0.03779325614226268,0.11199258565474102
SAMPLE_03675,0.9994403137800184,0.04949393642123314,0.05053801810488016,0.05949673521616505,0.05218104032243562,0.02373037740385833,0.02125975818988386,0.056387681717843426
SAMPLE_03676,0.999439470152236,0.09576757016384933,0.10992763591676968,0.13387391589530448,0.11715301400429227,0.032369030045291465,0.07636086142283464,0.11607749057819687
SAMPLE_03677,0.9993125429102238,0.23006843275652733,0.28324264770992535,0.06491038438928264,0.21959764940868945,0.051795399189780385,0.13179285274456953,0.2354712214960323
SAMPLE_03678,0.9993947481179246,0.337383782915218,0.19945737026495033,0.6683482511689656,0.3483022455702356,0.04268483667121053,0.06311528615381616,0.5121769870557978
SAMPLE_03679,0.6362465777123839,0.2866112905767285,0.47036560328958227,0.9578359715081118,0.5737943988253004,0.0004960910488933293,0.7635744364957958,0.8201439475534212
SAMPLE_03680,0.9993809905136599,0.0882051973487634,0.12923072581646225,0.16165274348866976,0.08023576313610377,0.022936237172251392,0.0469124736267888,0.11689045705347793
SAMPLE_03681,0.9989163987561307,0.13871799074743663,0.13730583612838335,0.6692599229373152,0.1805406895007218,0.0469101658783577,0.045591160677455216,0.3945776501045901
SAMPLE_03682,0.6526756221247149,0.1187410338954466,0.09577600467281394,0.09253520242256448,0.2546880381056324,0.0027669664951207144,0.018364307690401087,0.3173050825475099
SAMPLE_03683,0.9993935453481807,0.2628244947402462,0.0635955786739603,0.3720420251276242,0.12623848938208002,0.01621563426561953,0.030352060013874065,0.1281227076089345
SAMPLE_03684,0.9994031942771592,0.04470317874259416,0.031689235182796725,0.012907790292577048,0.0491348198041234,0.015562947608681198,0.019879052363736893,0.032207243107756585
SAMPLE_03685,0.9994252962045255,0.3183374886851812,0.30754324913301084,0.687293556484344,0.422047320725655,0.09789108268417457,0.18209594588443745,0.5002259128110738
SAMPLE_03686,0.9144858811043743,0.44250733858479147,0.2224890911159436,0.6659369282083318,0.6193751094336478,0.009110368123870774,0.05116729529355094,0.47602717834890185
SAMPLE_03687,0.9995138078267876,0.0965404990577798,0.12784441574889946,0.03631496338179618,0.14555513415165675,0.015010248055438477,0.03835143290779574,0.07353338081661806
SAMPLE_03688,0.9994398218952375,0.14963257147025288,0.09009516384103027,0.04552017945245141,0.15099004747296968,0.018305189435836422,0.048512213255599956,0.12892290861982736
SAMPLE_03689,0.9992967869040873,0.035574379980440475,0.06464026076119077,0.0347732837246082,0.0738841626095665,0.015367889804074844,0.03705287625181241,0.06837613226617976
SAMPLE_03690,0.9993888453548411,0.10885767491058164,0.10937031859812003,0.06324838144181613,0.12916636692766464,0.019427465752576166,0.025943121272367756,0.15608494350711707
SAMPLE_03691,0.5094191559251184,0.3505020809324078,0.30193390498581,0.9977214204157501,0.5506438685797443,0.0010249908417693373,0.7502169094032861,0.8159547705844773
SAMPLE_03692,0.9994322252377122,0.12012740413856195,0.05499816119492056,0.13099350800631301,0.10964618261693859,0.014139001629362916,0.018228317098790244,0.13512220022868052
SAMPLE_03693,0.993882376918754,0.6105938417655051,0.516234661001854,0.7799123880508669,0.595811432276708,0.26357239301076907,0.40823893335944234,0.5679471528301331
SAMPLE_03694,0.9993522631225464,0.06690179699495183,0.16046993689123268,0.04670331445790326,0.1254423078987029,0.023539626040521348,0.07637846144038658,0.11888768750426676
SAMPLE_03695,0.999415779555544,0.06574472712224551,0.09144539503513326,0.05271186501506925,0.06493140240205801,0.006263472038620662,0.03977658303113223,0.057719487040944116
SAMPLE_03696,0.7905335111384478,0.20735982640210512,0.23446926305003432,0.665935883808434,0.3325365411118521,0.00342644351895531,0.04910522428244005,0.5657200539181803
SAMPLE_03697,0.6372399298735891,0.0647969752921893,0.1410986296920616,0.19386060982466805,0.1678911105145263,0.021219632599445638,0.0373600245628316,0.13762237087141943
SAMPLE_03698,0.5976849822150068,0.2930611665753553,0.24971909902533326,0.07826743125068893,0.42002057996324565,0.001691486658333455,0.03070215822943932,0.4325367439118913
SAMPLE_03699,0.7928006186852791,0.44135552593361016,0.07234681853850976,0.6568965091295069,0.1395845940912014,0.001257392636379957,0.0198005783232244,0.38952328411181436
SAMPLE_03700,0.999515002113636,0.025891179062620822,0.031642585897897375,0.021090746295369046,0.045419450902957514,0.008371101666060575,0.03790521683750068,0.07923488259328522
SAMPLE_03701,0.5926516857272183,0.346114434474885,0.3147015768530818,0.6674873094803185,0.36525530384173105,0.008831649396570421,0.17686343515610894,0.4542607847959159
SAMPLE_03702,0.9993751043588318,0.28617158096390033,0.29346558499702674,0.14936557101950856,0.323749288245272,0.10736071937452522,0.11513665657401269,0.1893253491678125
SAMPLE_03703,1.0,0.9745578841099906,0.9737117673327674,0.9980409173102642,0.98573096489155,1.0,0.9331844999433995,0.985022098460254
SAMPLE_03704,0.9994654833861812,0.2196406562038312,0.22432224889663663,0.056411866647588425,0.5031937738701484,0.05669023257188832,0.06257641886796401,0.5129933782522031
SAMPLE_03705,0.9578816532819469,0.6085210344468667,0.4840652132523872,0.6654831872907467,0.6039936240203497,0.003890532750062668,0.19692189098096624,0.6587287591125256
SAMPLE_03706,0.8034861811814578,0.30440370267581934,0.10007102149324983,0.6667689123834523,0.21329105376617774,0.001198812406660857,0.08238839359603506,0.42556071498028425
SAMPLE_03707,0.9994112067780364,0.05990708450301701,0.10643315750192676,0.058681095152140685,0.10528984827230121,0.010496299933603842,0.025506019762033344,0.07336362842544895
SAMPLE_03708,0.8143013447911635,0.10395651337123128,0.09729100623891625,0.35655393591552986,0.1406791172365441,0.0007111078068942975,0.6808748844185589,0.14331018248946611
SAMPLE_03709,0.9995157940644491,0.5577618733221213,0.09728911780442133,0.4784330692645718,0.20729356615324832,0.023622468868852244,0.028834871714398816,0.20099407784902037
SAMPLE_03710,0.9994148586842181,0.04423731039443495,0.06790654112789163,0.043221659943388537,0.09066773266822603,0.010427772387154893,0.03132853694828847,0.07512710978853207
SAMPLE_03711,0.8808775518128081,0.532616854215329,0.3252076473836252,0.665092004939536,0.6837494437123427,0.0012761484537088606,0.1021411203128883,0.655654584050955
SAMPLE_03712,0.9987789354212482,0.1654434705330643,0.11221830930290755,0.6650475959564806,0.08540096560149925,0.03744502661026531,0.03795908994518948,0.3421912904268795
SAMPLE_03713,0.9995004086825997,0.027771790323338943,0.07459070102689035,0.05650383437487805,0.05217121961857535,0.008456878515558855,0.03605197955854982,0.07616970835531424
SAMPLE_03714,0.9995422064617072,0.14625672716577717,0.35074047468876307,0.13024408698126796,0.0994207300352684,0.06883807644952397,0.13752258341925172,0.23372343626206293
SAMPLE_03715,0.9994907229718321,0.23403489470924177,0.06218061028018191,0.2108915409817066,0.1578690798967264,0.006226274153910604,0.023273488123510502,0.13851412077717304
SAMPLE_03716,0.8826592324324648,0.1997760680230274,0.26841819496790187,0.6661986664191362,0.45525886580166164,0.0013689516578982367,0.06867162445285177,0.6503513883088765
SAMPLE_03717,0.9994350325258772,0.01254500737685541,0.02174192160530693,0.028599982843671535,0.017399197268116087,0.0044162079269110385,0.016468637325808867,0.021983366565553168
SAMPLE_03718,0.99941525858434,0.027229775481145507,0.06394153801286682,0.05156894825733229,0.052986049958824076,0.00622345226166702,0.038008361001300325,0.058980892100476474
SAMPLE_03719,0.9990748993474255,0.32316570743520795,0.3233209735417015,0.6120507038332973,0.5010885324888712,0.029952821133144496,0.06352727526757675,0.6144475193960072
SAMPLE_03720,0.9993506715038781,0.22236555415433298,0.12475785614359164,0.1009176990494373,0.20273669541811748,0.014055310407077167,0.1435789299054342,0.21640602968962622
SAMPLE_03721,0.379096380902394,0.07288176496481465,0.07219652058374706,0.33795076831701176,0.10751171808506206,0.000708301846988163,0.6740084850684592,0.0836391457549742
SAMPLE_03722,1.0,0.8478016301653161,0.8058259036442456,0.9988051264035143,0.6102362615908151,1.0,0.9331823155710136,0.7007178097441239
SAMPLE_03723,0.2027059768523222,0.043783696399804395,0.04999061218904663,0.33936500223515326,0.06105077847298857,0.0006285526837963853,0.6726940196481795,0.04235018182399286
SAMPLE_03724,0.861578922898937,0.25671040039701776,0.2608538759556243,0.9975642438769823,0.4731316988224183,0.0008698963789581451,0.7037035478959913,0.7875380959534164
SAMPLE_03725,0.7802513574039218,0.16535321709429399,0.21135123661162777,0.6647159952712552,0.3901559839580823,0.0142665514100938,0.03675253296406945,0.4125980145707264
SAMPLE_03726,0.9977073077624145,0.1525339979772388,0.3708945780358797,0.6662548404647877,0.28673677594823965,0.0301659681080796,0.10213069607995606,0.5125396373306466
SAMPLE_03727,0.9992351855409495,0.4801632920912511,0.18204780156582212,0.37477383238815465,0.3294353132794615,0.0457756420464501,0.03797228137184482,0.2528595191208906
SAMPLE_03728,0.8562692682433352,0.16559972598785944,0.16249697612769484,0.519591421875047,0.2586891677602888,0.0013738568738814931,0.04545807753505767,0.3159884933475662
SAMPLE_03729,0.909699347555787,0.8295119437729649,0.8116343657787587,0.6668133585109235,0.855513096667098,0.4666372059359301,0.2385557517269926,0.9508687618135996
SAMPLE_03730,0.9980915770757086,0.4007740961053468,0.2569186004918765,0.38885172563758336,0.5419391661870628,0.007819975605558511,0.13168883209394341,0.49054313792987475
SAMPLE_03731,0.999439111314063,0.09545239892675879,0.13397828446136995,0.22127744479079423,0.1379535881166953,0.013188542944019548,0.030084046147252002,0.14672066361260758
SAMPLE_03732,0.8312929660417194,0.24653838456010024,0.2881804088684234,0.6457184719251143,0.5966838766874919,0.0005780887177190661,0.7119568634850036,0.737635031506266
SAMPLE_03733,0.4891879347257402,0.3166864801557982,0.2068815148202606,0.34164452756174235,0.41475590280885194,0.0007518260717828927,0.675220924131699,0.3814919063800484
SAMPLE_03734,0.9993051106514986,0.35209843615351283,0.3806920390808946,0.6592960656184093,0.27609519495374385,0.02674570068198501,0.17670534716152755,0.40728492241002295
SAMPLE_03735,0.9522310073171711,0.5034225475065063,0.4169346806595851,0.6424358244411467,0.8001948812187142,0.005571754931711168,0.05568953521834827,0.47483276963521304
SAMPLE_03736,0.9992764732673663,0.19302223146116695,0.10746176216890586,0.6606351646803309,0.186272724663095,0.02565418027414033,0.09421426677663873,0.39596966345548695
SAMPLE_03737,1.0,0.8191499304066902,0.8099606516255111,0.9988543261364976,0.5178969802309809,1.0,0.9329801518752103,0.5301714371202946
SAMPLE_03738,0.9994169121355215,0.029248901947241213,0.06031056511741434,0.014627013530873654,0.06454401271058861,0.00783642191622653,0.028604690748852395,0.04033736582079065
SAMPLE_03739,0.9994478265474488,0.055418131776067026,0.0674258283190633,0.12872367768943302,0.08121535574845394,0.03083651284127832,0.027020659850239468,0.1460233249100403
SAMPLE_03740,0.9987202594735795,0.33950633345138687,0.04143500949221448,0.2827111255969002,0.13486282437983824,0.013545575530173853,0.0159490645773492,0.1111431659849109
SAMPLE_03741,0.9992871520764689,0.02410030317000098,0.02965146429647018,0.03260287643789677,0.032673184032890906,0.004904048754355808,0.01565644471399206,0.04400376207362827
SAMPLE_03742,0.9994076753769723,0.094555320706855,0.07979559365596166,0.07890566058036998,0.10414515213937843,0.01777450837843163,0.023771920932870772,0.1071589148407776
SAMPLE_03743,0.5603691246082234,0.22803347781371539,0.28120821487571185,0.09016576013784668,0.40382403205875755,0.0014491929448581036,0.046080780214695395,0.25816236888524635
SAMPLE_03744,0.7166844984167215,0.3508244307424362,0.3079975200096389,0.6595514792075852,0.45099817104441536,0.0020403411274301534,0.11352839314649754,0.610637629681958
SAMPLE_03745,0.7053232747871,0.12458725102803682,0.130875712128689,0.8850572441842876,0.25607276294556697,0.0004600526245891698,0.6733723544766882,0.41266056992443706
SAMPLE_03746,0.9994908361974071,0.06748519881419546,0.12321130210507059,0.19378919995971025,0.10376272892573916,0.014498435703301333,0.04711754895223929,0.11267840881091246
SAMPLE_03747,0.9991712262943925,0.29378844649435004,0.2021903169704449,0.300760254640618,0.3032992705803155,0.0926250489262123,0.1515294055956582,0.2996763036665851
SAMPLE_03748,0.4026452188362097,0.07548577026631324,0.11076698498495798,0.3699620168906181,0.07709776594320857,0.0011482487172627743,0.6893801338312251,0.11392929798074829
SAMPLE_03749,0.9993841907336526,0.05214375747349095,0.1594694748776948,0.12295675898967161,0.12406055858917879,0.004831445930511479,0.05905702192474833,0.1505696436617674
SAMPLE_03750,0.8395642671258194,0.3960363855966682,0.38879122915760317,0.6427539139239377,0.5494371704293021,0.004731110933743388,0.11624557789208878,0.7274537002471458
SAMPLE_03751,0.5704682956527822,0.10297534697160608,0.13331056947584097,0.34044782428721093,0.3462801221275811,0.00054416364209147,0.6838750847606976,0.3292449616440069
SAMPLE_03752,0.319390312899405,0.06240374376907428,0.07050574856900386,0.3404272031485147,0.0862369191854155,0.0007456770155091183,0.6784307392574279,0.09384403941099252
SAMPLE_03753,0.42435604542396216,0.037452475846168204,0.04459527372921258,0.49606707551078005,0.05383634280852897,0.0006672710955162635,0.6864382232175945,0.1692248716522211
SAMPLE_03754,0.05267845554171646,0.0608219892232773,0.04180489671023787,0.9904397253129306,0.05527765811380738,0.0005410206867278478,0.6711594865924021,0.3430212589330699
SAMPLE_03755,0.9989334461108704,0.22441346771553747,0.4056412096158513,0.5038447737644395,0.267049029513209,0.24428786322549767,0.20086848244434233,0.30005333154381536
SAMPLE_03756,0.68301315093129,0.21845767269210012,0.10521757904569906,0.6670359742180202,0.14105151709528496,0.001442429989149666,0.025961318771099706,0.44964533359886366
SAMPLE_03757,0.9994895538755831,0.04711160603771806,0.09560488259295996,0.13993396742605224,0.20661889254424828,0.00704542415139101,0.024573992101438832,0.08854724355509863
SAMPLE_03758,0.9991233181014754,0.2982079761120451,0.1530725112410344,0.6667638562388886,0.30866098913205353,0.008165464315041468,0.07049682254813684,0.4577125875444697
SAMPLE_03759,0.9995131553209005,0.24411684998081196,0.034524279951903575,0.2872215711471224,0.14155710282892012,0.006120587733834483,0.02112582132930699,0.20575826020371277
SAMPLE_03760,0.9811347929840464,0.5619394629066395,0.5372990207076558,0.6719943474781743,0.4910796248944438,0.007116742024161971,0.16421520695943606,0.6573543854940896
SAMPLE_03761,0.9992952107504914,0.12259599521903079,0.07071156128919556,0.13819043148945828,0.17253535898600444,0.041355180585434435,0.03064666738426695,0.1833959168546755
SAMPLE_03762,0.7863639783689939,0.13728034126801023,0.09388352350392576,0.573031870610761,0.2310118024840325,0.0004938762339019725,0.6937235665566884,0.27690649326728123
SAMPLE_03763,0.9993591051436738,0.04811891328092743,0.05528270852408582,0.026069402387130725,0.14090109513317808,0.0038240662719773045,0.01643420913350096,0.03935323437279206
SAMPLE_03764,0.999307301973171,0.2649677756139305,0.09430082146114312,0.671837636181493,0.111773049580431,0.029231674907627184,0.04271863708371468,0.352190672756522
SAMPLE_03765,0.9994292644048316,0.0628500654259422,0.0723748380381412,0.07720235236562398,0.07004559149053627,0.01757464392275044,0.06319008511521397,0.14270565768673305
SAMPLE_03766,0.999493850430543,0.2822774400333116,0.121095196273785,0.09705284553205971,0.25833192404330957,0.016189247075146296,0.0357531381578871,0.11525581179696658
SAMPLE_03767,0.9994852920053002,0.0775826819148572,0.07360002912249147,0.035992474689236054,0.060662945708128004,0.008015582554996266,0.05598636566558349,0.06127623670053495
SAMPLE_03768,0.4297426259385329,0.057467161053161596,0.029983435591530865,0.9970208208834656,0.04304146055994851,0.0006653040799041644,0.6737055690409365,0.33775784481692916
SAMPLE_03769,0.9993604459943644,0.02907189787709646,0.05893097157859364,0.024557291790184798,0.043020666470811354,0.009216158119793913,0.038774625177089385,0.037236589008953665
SAMPLE_03770,0.29474758614733004,0.07968521513497202,0.04630762700498544,0.9975019132600869,0.10078136728095599,0.0006053454277575557,0.6728444520732983,0.3760984475488884
SAMPLE_03771,0.9993842830983036,0.11078625535733823,0.15416987790958703,0.12348509863159013,0.19811380840296497,0.02341419064205551,0.07109102352952189,0.1958303057452523
SAMPLE_03772,0.9994608107461177,0.10836168931143096,0.260805823449951,0.2202359695215855,0.16854042755403228,0.037676618070242286,0.08944751870113439,0.22841886018610583
SAMPLE_03773,0.8114878759634566,0.22176225880506298,0.2590051211886976,0.6552669177831767,0.41597878070132693,0.003353910074755736,0.06622380783373444,0.5283742010256004
SAMPLE_03774,0.8908229030600939,0.433262575463832,0.8184796084550191,0.6610067707498649,0.5730734205000715,0.006650600086289806,0.18733619050101044,0.7813585338637674
SAMPLE_03775,0.9993668614850529,0.1970781698671612,0.1629655822027224,0.33513558660638815,0.13695068244578945,0.05155555634622878,0.07176813356313001,0.2658726073062056
SAMPLE_03776,0.9992033155253736,0.09001295999958174,0.06839457063965504,0.06979273012264793,0.17375574530045432,0.005536502635763684,0.024901409358366395,0.08590065765606496
SAMPLE_03777,0.8472620806078762,0.08299404923917283,0.040284717297538686,0.6892851890660369,0.07014910698199747,0.0004897111255033174,0.6713025047923935,0.2140603059669243
SAMPLE_03778,0.9990826050268714,0.03194308201459444,0.040005898723836954,0.10689963769220401,0.041076943910650136,0.006136825912504946,0.026111703498153813,0.07494468937663995
SAMPLE_03779,0.9994741179603711,0.059151994750066716,0.07686342198002455,0.03442137442381179,0.17968072118570458,0.009954668410941775,0.02498069007686991,0.07744072055736227
SAMPLE_03780,0.9977737626231544,0.15831262647887595,0.30324673122697116,0.6711188779735938,0.28317100115029653,0.1100589804460651,0.0948114232322248,0.4454938934973749
SAMPLE_03781,0.7250729299333641,0.18712883765402596,0.23391821122152479,0.9956413507510818,0.49715023591504615,0.0005633966703923114,0.7002718658190717,0.7892244142568167
SAMPLE_03782,0.9309995015633922,0.349526766533556,0.23660045991799503,0.6658949221676554,0.6750786454441542,0.0031054741611868477,0.053682947717991765,0.6527012213125422
SAMPLE_03783,0.9994492932342288,0.07001292096900018,0.06450572766937468,0.07005960649218286,0.06845752388741848,0.041782961990492674,0.023340298587984736,0.061146453661157056
SAMPLE_03784,0.9994409234310636,0.08374380052987183,0.19028510023638534,0.2802936720864241,0.24065780712664933,0.018025469642651015,0.09187994624431282,0.19104442045387038
SAMPLE_03785,0.9994456764498415,0.33712374902873776,0.44473323467539555,0.6313470207714879,0.42446534555642684,0.0089320187398895,0.17368642960374248,0.46835704504974623
SAMPLE_03786,0.9605383279913272,0.4582898995701615,0.2632650330887145,0.6632720217588601,0.28630360065168786,0.0016550927627678052,0.10405552991978644,0.5390085748761432
SAMPLE_03787,0.9553445162519396,0.44514989732011623,0.21189749267649174,0.6663674312719967,0.4411014833292741,0.001438742961017068,0.08020318242462975,0.3623847863479786
SAMPLE_03788,0.9994431595633094,0.22787970408759137,0.05704029222390214,0.0750065987120647,0.14718170032882683,0.013247241704359184,0.018925581907033643,0.11405840941159268
SAMPLE_03789,0.7583635889366184,0.21269306787203188,0.28315749273179086,0.9464490271115887,0.4612518566797246,0.01915937818689988,0.764343297510165,0.4894426138542964
SAMPLE_03790,0.6697775435181198,0.3227923252268511,0.17676893242212152,0.6671090109664434,0.3163514592228534,0.001677134440286351,0.09089386895089026,0.4983776106658567
SAMPLE_03791,0.9994134061702576,0.06337791819476306,0.0845367507448019,0.01372900839991594,0.0845905840242913,0.04345730400852249,0.03707271059094315,0.0538462681252212
SAMPLE_03792,0.9991768765471029,0.19352140946996155,0.10068099304372706,0.4236568034005324,0.1983571332826132,0.03660487681815683,0.018426802737565664,0.2138087248929954
SAMPLE_03793,0.9406649309531702,0.41532041067284964,0.3863213425819458,0.6697962149073855,0.4934151976013503,0.003798091799481517,0.1258329600303992,0.8122855102251613
SAMPLE_03794,0.9364676946712555,0.3013382950841628,0.7114981951433227,0.7522308857447056,0.621708887013657,0.005194724126270855,0.8578660281607435,0.7132018018972269
SAMPLE_03795,0.9457377290782475,0.46894753610293227,0.6499937876629902,0.961876946143018,0.5457674975690493,0.14001328717809727,0.5774503699816972,0.7620391576805847
SAMPLE_03796,0.9993955145178907,0.689258592142051,0.7716904896430465,0.6232483788233761,0.6085700789567755,0.2575146295359588,0.25267494000661944,0.6422542294726094
SAMPLE_03797,0.6600158001984148,0.10759397185116465,0.08894854999970758,0.6691546778655025,0.3083614079639516,0.001994011987102991,0.020072549790964744,0.49707975742598814
SAMPLE_03798,0.9987649644682072,0.08121921140034848,0.04693678409365734,0.02198968408858128,0.17279804183719763,0.005347119232914245,0.02094106099493165,0.06527374552830174
SAMPLE_03799,0.9993360359487502,0.11032471400551709,0.024990299437405616,0.2863428005629574,0.08709119818556825,0.00981778578297284,0.020255134219423758,0.17518601902839723
SAMPLE_03800,0.6122762348331082,0.36214132891806766,0.19697665726180644,0.3472475310105127,0.5756749472477719,0.003568622155808323,0.025365524492254942,0.4215980414759774
SAMPLE_03801,0.1453138798180178,0.09761667624762597,0.11283535439604826,0.34212352705699317,0.18552840287155936,0.0006400615405363932,0.673779528998996,0.2079247693976687
SAMPLE_03802,0.30693631585184183,0.18454935952699472,0.22702824476223538,0.35840588510492477,0.2771856145797671,0.0005602823890428696,0.6918008388414068,0.3407657780596169
SAMPLE_03803,0.9990468288208566,0.12216474329556674,0.12239305350630564,0.15141652007489867,0.3331066653983336,0.0153196380211535,0.026479417440908745,0.19753320977800037
SAMPLE_03804,0.8203641980791526,0.11296811817302858,0.08425243819312307,0.6669145986228854,0.2028199790424774,0.01785040284745173,0.03272116721961963,0.3439467659104815
SAMPLE_03805,0.6954469188386576,0.3341683492543244,0.2763095833300528,0.20368936734561224,0.527520035656951,0.002191402701779136,0.03773974173233189,0.4974146192005929
SAMPLE_03806,0.9792744439217879,0.2747968832726881,0.30608619420662214,0.6680412224915188,0.35934772878696886,0.002902005940872064,0.11232455020842137,0.5203451319477096
SAMPLE_03807,0.9995020917452476,0.08828234836435211,0.13187074068223295,0.038950919202068855,0.10898632686215766,0.02978439987308684,0.05102409943367609,0.0750925509157087
SAMPLE_03808,0.9017512696048229,0.4186320748440436,0.46366532156433293,0.593998255450363,0.4559837901237045,0.0013945117683810881,0.09972086166106175,0.6406061908712135
SAMPLE_03809,0.92017385578445,0.19658349303922962,0.18340244312243423,0.6663745651623006,0.407930970385259,0.003928326931024546,0.051764306347105236,0.38995652591707564
SAMPLE_03810,0.9988913467045758,0.05063808844154285,0.03585911091132062,0.03198514393330958,0.07057142578849437,0.002615140135345729,0.018908047464507135,0.0485820784082415
SAMPLE_03811,0.7855144238018884,0.0788084260479594,0.10778181470918106,0.5092101031001676,0.09549160424086704,0.0005111728395645591,0.6727465290509255,0.17504019923375683
SAMPLE_03812,0.9960433672242665,0.11862844626722506,0.2002704336964417,0.6648778289950042,0.19676290253254583,0.042856399360867325,0.05021142081526198,0.36579992896814656
SAMPLE_03813,0.2861729694863763,0.11722490115014951,0.14893864884521651,0.3520000605124212,0.1641698614393386,0.0007767764180816837,0.6971135608851505,0.17329603762602475
SAMPLE_03814,0.9993694161260916,0.1410301915492335,0.08038110625541774,0.2598960645112235,0.08807711920304777,0.01022007138427593,0.054210600333107116,0.137482531335089
SAMPLE_03815,0.4510443544683102,0.08578840867350297,0.07675472538822116,0.3504232273711747,0.14919086496556766,0.0005529663250197497,0.6773749435543645,0.13815221113613257
SAMPLE_03816,0.9991368618911114,0.4120281548420926,0.4263153246976514,0.6637469581330075,0.41449449658805343,0.04695415135048684,0.06983182901356864,0.49670645728547164
SAMPLE_03817,0.9994969328992392,0.7564965185401541,0.6984338036941544,0.6110861814594899,0.6639735690798185,0.08745910387719512,0.20172314710312403,0.7440773333969247
SAMPLE_03818,0.9992587634900212,0.054659471493678564,0.14860106015326008,0.1541956746851017,0.057232508087364305,0.007938413662419761,0.05125591166991079,0.10028941236888446
SAMPLE_03819,0.999335133840891,0.2080541423090355,0.17394520318798765,0.625550110028083,0.27625301685356846,0.009587743895483336,0.07934283547444514,0.3572579965263565
SAMPLE_03820,0.9994218821000752,0.11349181437041678,0.09483101599778526,0.19862209900433256,0.1252022687126232,0.030459846682307123,0.08981391304761671,0.1678447492933638
SAMPLE_03821,0.4246437892350323,0.14805181097957204,0.10913384947358896,0.3920727526577496,0.3076081993290826,0.0006319727522644055,0.7002788190559791,0.3266072672367086
SAMPLE_03822,0.9994263759425319,0.033187207024636095,0.025756806868839372,0.0786637140478151,0.04686055796285484,0.0026826180305729746,0.027043995376058647,0.060503167443981924
SAMPLE_03823,0.9995089196864398,0.40627725508930146,0.042735983380709185,0.21232692812182274,0.18242761624504836,0.007464332089190842,0.01545784602042336,0.10284242903807146
SAMPLE_03824,0.9994231484484586,0.4639653216246506,0.6658930147534604,0.4387798074783123,0.5827498341827623,0.12597758822145758,0.2105006991900049,0.5821296438374223
SAMPLE_03825,0.9994355955445711,0.05583215446323738,0.04606532630941126,0.011306495096890053,0.04652037515786978,0.008543848362323817,0.028120262892657646,0.03800207190553029
SAMPLE_03826,0.7559793135069081,0.09836296747703972,0.11356506081451033,0.6769030524911269,0.17966999748770007,0.005745868977452519,0.0569737831613443,0.4766467990263011
SAMPLE_03827,0.4605156973690779,0.08350215970823106,0.08252930736130368,0.6571010165436942,0.18298009603876383,0.002203624374860096,0.04424566885150849,0.38478836576802183
SAMPLE_03828,0.9994998724724585,0.08341140674568738,0.21664038029171265,0.17625066590958657,0.20467952340444237,0.015352954130743038,0.0654560481783546,0.11588612727171066
SAMPLE_03829,0.9994999128055619,0.07709854511288822,0.10649203199697803,0.041974440347840924,0.14436172405343892,0.012864549562841476,0.059187482974078276,0.08244613196798882
SAMPLE_03830,0.8318024555903563,0.31946825533443873,0.07544697722996681,0.3182958960334788,0.2091104968923381,0.0014733707084561302,0.028979917316663485,0.2222947499837562
SAMPLE_03831,0.9994665534903556,0.05611620118541851,0.09843854490220255,0.013598140678861585,0.09668839780888179,0.019276041985837572,0.04101332120780958,0.06344254558558256
SAMPLE_03832,0.9986984290477853,0.02461009813327129,0.026997868123932928,0.022518007600870804,0.05553675344607991,0.0038904129923184746,0.01433628424292747,0.029494197900855623
SAMPLE_03833,0.19392728386812422,0.10233166604139855,0.10220500290679592,0.9407408398761761,0.15142048137077857,0.0006937159788853213,0.6744793737632877,0.36554981308705164
SAMPLE_03834,0.9990850907748734,0.25384881973787504,0.20074921689980232,0.43897651486730255,0.19373160144281085,0.10795208688737017,0.06521264851010848,0.2811450139458069
SAMPLE_03835,0.35500264543476784,0.0617238218759287,0.05290935687168188,0.986680545252577,0.09362758278753147,0.0005080738576720478,0.6725486073773373,0.356636678054733
SAMPLE_03836,0.8945008795592523,0.11825709985957718,0.07810061477525694,0.6664702126182176,0.20011688489621546,0.0016086411517560143,0.03901734063947522,0.4218826145536834
SAMPLE_03837,0.9994433537057623,0.03972858566614391,0.05347683509078747,0.05063246898833903,0.05673212163107285,0.005950558681702509,0.025157232197702786,0.03838446689527054
SAMPLE_03838,0.9993834452561486,0.17680699726575141,0.09080911599436325,0.6632466791188635,0.15690846917088838,0.017981987105380983,0.0327247238050274,0.3613392160240143
SAMPLE_03839,0.915070205039624,0.6858247254021661,0.5483759767540334,0.6653838865478474,0.6228968018690898,0.0033853166182037154,0.17447619189513874,0.7840909786104456
SAMPLE_03840,0.21866459321847576,0.09078618186446681,0.06570968995570613,0.34014875558750574,0.18702849692069945,0.000567518780658075,0.6797977701157175,0.20168376377027578
SAMPLE_03841,0.9995060672273333,0.16915252171266035,0.18934127126067057,0.15302973796708016,0.12449745996958421,0.029718352221351493,0.11240655197389758,0.16066306703082675
SAMPLE_03842,0.17673482279120512,0.06018933036712273,0.06813801450112926,0.3374134981377035,0.044326028053838416,0.0006927171693807335,0.6752457282090155,0.05173283423982439
SAMPLE_03843,0.9364658023186463,0.44957676192569723,0.17764598887372438,0.6644138625137379,0.4649553702257762,0.001889084977264929,0.08627447405153581,0.5872284056854769
SAMPLE_03844,0.9993886882593078,0.186392476078754,0.06327846159648483,0.4978065136866261,0.11882950094586968,0.00434267817914689,0.027872522890602908,0.1838754190093156
SAMPLE_03845,0.8781662536185108,0.5731090473134796,0.29102524012266245,0.6671033162696558,0.6984759255200218,0.0015490656179177307,0.06190792457293289,0.6665318548157485
SAMPLE_03846,0.9994643307542272,0.05407851671234326,0.07506847306037694,0.034799281904045624,0.10002217625207473,0.007571859961982802,0.0530783340535588,0.0625686376037783
SAMPLE_03847,0.7257041385666604,0.5168307960022615,0.2361065905124348,0.9987174993980359,0.39945697685974285,0.0005891653059822394,0.6872300957344466,0.6256155243464648
SAMPLE_03848,0.9994870980233835,0.058523102445116014,0.11548111425307489,0.11565147847124595,0.10806919097086654,0.008064423710704875,0.026924666138724532,0.07590352502563445
SAMPLE_03849,0.3112516708068243,0.2227194057055515,0.22876320030326272,0.517580264762883,0.4461394184198381,0.0012580191979073884,0.027502756057550926,0.6603407902732951
SAMPLE_03850,0.7891576655667274,0.1659731465560337,0.21342425403429666,0.43294016027259397,0.39713370315817703,0.0007223562482757915,0.7220525489062436,0.4257574576430068
SAMPLE_03851,0.9991933237045867,0.14614816378236642,0.12626814767075187,0.26784874133602393,0.21021297762983016,0.007594971438755885,0.051284662735858196,0.16686389564205398
SAMPLE_03852,0.9993901423798901,0.11652729914761495,0.11582478099836514,0.07185183051707082,0.11648203406784874,0.012933579885688287,0.03932789780698581,0.10645701650998124
SAMPLE_03853,0.9088996410198605,0.5528429904376843,0.5424332374232327,0.08402334141151378,0.7167982012649547,0.004989004630560742,0.15085748219147987,0.6149741210083753
SAMPLE_03854,0.8988400399697642,0.31243536541797917,0.19732136931219188,0.6659769429281519,0.6427283749095966,0.009497772727744977,0.03201894217038743,0.5903204173730362
SAMPLE_03855,0.148413013962871,0.03640753889479142,0.05864805562614748,0.3493872538065203,0.05073916875061405,0.0006099102191991303,0.6879109927134431,0.07034110129059386
SAMPLE_03856,0.9994476441079255,0.07800277077739176,0.05824682890077449,0.07108369593918819,0.06992702007197633,0.011310967435760945,0.03355002531806869,0.10137993734930724
SAMPLE_03857,0.9993519492475708,0.11150904654389292,0.18379617033808424,0.28208407129870977,0.1348828889885658,0.004789511698526662,0.059639464603887776,0.15790597996655267
SAMPLE_03858,0.8365017032340054,0.19286925131702012,0.18142078109537155,0.6653918124064728,0.21881269159450056,0.007020351392906036,0.04061950588416805,0.5150476282199756
SAMPLE_03859,0.19139411196829767,0.07797190205647776,0.10736879850959286,0.5090505920698302,0.12594165792041048,0.0008971141913853093,0.6774105531070802,0.25160346324572563
SAMPLE_03860,0.24375447816210738,0.13253377609836983,0.10834501989019794,0.37752101426641765,0.08755195721949201,0.0006920145522428386,0.676039706948291,0.15348794086165482
SAMPLE_03861,0.9994377861780136,0.030730435368221277,0.09194470681521433,0.041772871803414637,0.08290764039091113,0.004453401276390386,0.05683187913458591,0.1038167395667375
SAMPLE_03862,0.9995102737674428,0.299811589619058,0.4580156930358239,0.1068696519904056,0.5106806600935391,0.009353340792959998,0.1337426260650674,0.4015252940117236
SAMPLE_03863,0.9994721939026409,0.057411228679376564,0.1309279921272365,0.09791349337210364,0.07729230933489407,0.010765204593783452,0.02454448356696988,0.15532430362809627
SAMPLE_03864,0.7835417494143716,0.19212759082433883,0.22722979782356287,0.5774018423149795,0.41753845730005473,0.0006057556687118163,0.6877881878449541,0.5047641838158667
SAMPLE_03865,0.9968653107820455,0.061594702632417175,0.041337080814609524,0.10429127112347956,0.06147244527533402,0.0065716862839619895,0.02271974171796351,0.1356196273183554
SAMPLE_03866,0.32036195805570666,0.13240101935227874,0.13873812283338025,0.9910119949456274,0.22198604577685369,0.000617240334248881,0.6789191533225445,0.46043013933349447
SAMPLE_03867,0.9386989055950131,0.3442006122524677,0.18335012861088792,0.6664382255726388,0.2494050752330121,0.001557745951407066,0.13868221792082466,0.4463050100282415
SAMPLE_03868,0.3825749074151064,0.12323992445487314,0.14345491228058413,0.5051759547377592,0.44367231230789406,0.000606207031789334,0.6907087652007076,0.41929791351688533
SAMPLE_03869,0.999199874429484,0.1578754220405771,0.22345413902616196,0.13244034539286215,0.24992931721899772,0.02888870776963291,0.11939336875968598,0.21859191890940557
SAMPLE_03870,0.563644580383535,0.250773388871705,0.2329694448602613,0.7719502034912044,0.5064302117737852,0.0006550346758904566,0.6953112312201478,0.5624062203294239
SAMPLE_03871,0.9992663062825745,0.04956865830848173,0.03338137777430818,0.07366873809552223,0.049525873942531044,0.004212920276970826,0.01817651851117982,0.05573575629047911
SAMPLE_03872,0.999382540764031,0.4011121139730696,0.3021100365838009,0.6583549478080764,0.41897475630718817,0.1597398302307381,0.08658814019426474,0.5213217355924387
SAMPLE_03873,0.545017838160368,0.26357211925605695,0.14527542210698263,0.5993627465210533,0.4742507435389605,0.0019279641742240654,0.0734537901093458,0.6159815830013101
SAMPLE_03874,0.9995059006108701,0.03884277719637816,0.12002343299792562,0.08861119959840558,0.10639858899148502,0.006715315168392823,0.08897446073183773,0.1557497304802882
SAMPLE_03875,0.9990146838267281,0.6974555910078548,0.7300017905525493,0.671067732003948,0.5723222414543433,0.04949468554399175,0.27765888289518126,0.6718195155181707
SAMPLE_03876,0.9994293391774748,0.04612107887868199,0.0375455307823185,0.19048928842676474,0.054642000767241745,0.014811669136695746,0.018404106569657425,0.09854210496931314
SAMPLE_03877,0.9994038143591645,0.04606339843381524,0.058923874809793275,0.05184785222046825,0.09595517645586399,0.010181263349426081,0.0226824336890854,0.08196856232174403
SAMPLE_03878,0.7703609205661118,0.20927059223248615,0.1906796196691042,0.6674268432386157,0.36593624884433185,0.0029667051161390203,0.026248997141258005,0.409671022031799
SAMPLE_03879,0.38153131659289957,0.05072843025413711,0.0571215189241174,0.9886058073573158,0.04409045566143391,0.0007821219035213161,0.6749488682045955,0.33452489659533385
SAMPLE_03880,0.8414744020587,0.6199519486748257,0.37150899777058616,0.6273757317077161,0.8041415389441907,0.010325820617511913,0.0926730401879796,0.8881666555007536
SAMPLE_03881,0.8807740869545079,0.21125021952914794,0.26257381240958755,0.6507560999546782,0.3477958518094488,0.005848874853609634,0.10441687214714096,0.5233818919929139
SAMPLE_03882,0.9460838856075435,0.3249209185592903,0.5470148112518628,0.6160261616951289,0.5958891222946626,0.001655208197746669,0.20265177405276702,0.7814731843719566
SAMPLE_03883,0.9995243128164012,0.13902528326438948,0.057031701604548374,0.22035068051470016,0.18120876697194413,0.008115320514744515,0.03215105674975858,0.14880140221190144
SAMPLE_03884,1.0,0.8192183165125027,0.8156085330782723,0.998767318380824,0.6447731394102525,1.0,0.9332118654763105,0.6879879216814769
SAMPLE_03885,0.7913441322144523,0.1574280738470998,0.0759619490074938,0.6674158354222864,0.19224539260621717,0.0035134486020732443,0.020611279297907504,0.4209161114927881
SAMPLE_03886,0.9979693146271947,0.10619513034389454,0.09346366092210827,0.08898427449584224,0.13060321219596813,0.015733885158330435,0.03623377893672208,0.12340139326385459
SAMPLE_03887,0.7109929675935248,0.20641656516250947,0.053813643437748214,0.6625038267274995,0.15443175183302274,0.0013440976057661114,0.024031178680330428,0.3948366906005598
SAMPLE_03888,0.9993237674937957,0.10352470997662606,0.05649433761085282,0.3699978411548046,0.09665955921576048,0.014829919289425947,0.025062505950641408,0.2230620950021263
SAMPLE_03889,1.0,0.8881171070674242,0.8597083917197516,0.9988955071707447,0.842640553828955,1.0,0.9331962413276224,0.8941945136973172
SAMPLE_03890,0.9993272750753922,0.3285256064481896,0.3369960473190288,0.26221302358182125,0.5490603723562936,0.045829439131188775,0.1973760974693406,0.5476753096439769
SAMPLE_03891,0.7152520501516056,0.22860429231490875,0.20205429582873768,0.6638819366700025,0.2215416866276775,0.0017628328498460876,0.11689020692280065,0.4723797947918842
SAMPLE_03892,0.9992876817977984,0.12402813127849177,0.150000765292344,0.10664875335899537,0.2515609327885915,0.0169641485975114,0.04143545124720261,0.25537118286525806
SAMPLE_03893,0.268903115576871,0.14099514961101137,0.16151883491709337,0.8467560534505765,0.21249158079478683,0.0008866592174586022,0.7739886824050077,0.39162707884473474
SAMPLE_03894,0.09006439125521698,0.04885105135211861,0.05919549828679504,0.33760940355396024,0.07843004036344897,0.0009571730445427545,0.6857298503205996,0.1036970833472474
SAMPLE_03895,0.6653982889466671,0.10003617374880125,0.12358161574575915,0.6654879219016511,0.2761725199374501,0.0018005486297908886,0.03385495515452988,0.43830766459771225
SAMPLE_03896,0.737812279238525,0.10813146583346366,0.1381699311016751,0.636866549292518,0.27396745010601364,0.014235461950209366,0.03601406631280948,0.6000669045667875
SAMPLE_03897,0.9991848084149831,0.18342937145141894,0.17809046192869818,0.6002633453913785,0.3930015029276685,0.053435662445114746,0.08162496101992565,0.4379303755804447
SAMPLE_03898,0.8992433587405225,0.7868534114948846,0.6873267280990927,0.6673837039188911,0.9172009724628755,0.04262395988132975,0.18000786741388305,0.7473840819445462
SAMPLE_03899,0.9994538275336305,0.0564854450682912,0.04734669644235642,0.026447033791559754,0.05497167034098969,0.0307463828972267,0.02642106652835939,0.041018179829120045
SAMPLE_03900,0.651362737166436,0.509045579798658,0.2772992597245257,0.998666739035173,0.6122408261832509,0.0005139106382401986,0.7461110463659312,0.8533825103604041
SAMPLE_03901,0.9994113831248944,0.07485000842060786,0.06182346877509761,0.04701948046221671,0.06829749094031695,0.006938883526528627,0.04501081473676147,0.09528885080314688
SAMPLE_03902,0.8115417262716962,0.6235945016180046,0.47895248602879475,0.6668642392786576,0.7764419655781315,0.06494161303837578,0.16602992674802594,0.8853990827923629
SAMPLE_03903,0.237483880992336,0.17234809512243462,0.33569935914712473,0.49585302978603824,0.3368169996936439,0.0008679478503246028,0.7448683760088777,0.43907946828539196
SAMPLE_03904,0.8106269203430273,0.473786964965919,0.17813688181322598,0.656324285736387,0.2714941722941101,0.0013000417271130636,0.032119681929084584,0.4362850178603855
SAMPLE_03905,0.9992562390475364,0.12285779055331246,0.1174418338886875,0.2059323885337995,0.2847891898269572,0.050660440199980616,0.029858795247487916,0.43945611587503547
SAMPLE_03906,0.7842650473456266,0.12138147843025453,0.21223789740167046,0.9639105399284335,0.19306164663125366,0.11074108533154577,0.7252245807746615,0.3593828012179418
SAMPLE_03907,0.9993552345369339,0.1632670123382785,0.23121058150714915,0.049249188134124745,0.26133597931146335,0.020378778595494067,0.05852176406462065,0.1848062063179948
SAMPLE_03908,0.4351705242115176,0.08819055301613794,0.0702390290753258,0.3524732148876893,0.05201634121112888,0.0007427669516469173,0.6883318121362517,0.08096879030066846
SAMPLE_03909,0.773280769003239,0.07871856689077063,0.06132566331564573,0.6662927929469746,0.1402510788922593,0.0013233892508974915,0.026468529961118814,0.38160362846325474
SAMPLE_03910,0.9991012327459351,0.07130406576031255,0.07195797523515209,0.0430021280215879,0.1293949033988641,0.0031873971363263324,0.02188811720048696,0.09582790889921779
SAMPLE_03911,0.9993392374598082,0.488794414985166,0.22267535047980477,0.6634510409091824,0.4045668729857818,0.23570441584592547,0.050776408299596267,0.5780422908674612
SAMPLE_03912,0.9976693863589995,0.3044622296354531,0.576919074644266,0.6747311308717285,0.3721876753569599,0.020430282060401896,0.17074562039057808,0.701250688207612
SAMPLE_03913,0.9994237406387662,0.10666018184050181,0.04274582485691026,0.14360601036264978,0.1849848391857211,0.0063432588869268705,0.017965106466001895,0.08787178759486153
SAMPLE_03914,0.6381507287508009,0.14044671534600225,0.18587069971339423,0.7049809068390088,0.28726173056165966,0.0028923332987598922,0.7195216670178718,0.4314545741781591
SAMPLE_03915,1.0,0.9168542353297614,0.9346380063108786,0.9974264369041915,0.9077091597124136,1.0,0.9330066399014125,0.8720632871504687
SAMPLE_03916,1.0,0.817537631085456,0.822844552052085,0.9927433459092371,0.6529901012393803,1.0,0.9317889934560538,0.6261874772603816
SAMPLE_03917,0.9992039622231057,0.3114096164205266,0.22048851086504873,0.6452836892833074,0.35010202341736213,0.031000089441214494,0.11529498363099928,0.5349419421943021
SAMPLE_03918,0.8892363342809843,0.07963186022821268,0.049540167653778944,0.6638199323760282,0.05955992750299671,0.0016089364707690052,0.036395696907718746,0.341508351438158
SAMPLE_03919,0.9992264106359859,0.3915992534027914,0.4291091061624619,0.6673927633675012,0.42450999912686194,0.020425791471071257,0.14309250447608637,0.480100415776258
SAMPLE_03920,0.7799532498244219,0.35581025483082374,0.1823104751663093,0.6609339037323912,0.16673236498027885,0.005096198135785679,0.05934694913798125,0.3946438120289981
SAMPLE_03921,0.4164802260207918,0.2549543311192182,0.09135140398908252,0.9980004902841207,0.17036283639615935,0.0004885652795145403,0.6715370126564038,0.3754631619909208
SAMPLE_03922,0.9994307096546562,0.08895500101689857,0.11328365246162031,0.35108966825630844,0.22112282662665653,0.007023025556493301,0.04240642141195011,0.1732177663275463
SAMPLE_03923,0.9994514393738662,0.4267130040031004,0.4118682234717517,0.38191185045189563,0.4822192845328481,0.14856312696838772,0.21809952102276145,0.5069411216419082
SAMPLE_03924,0.7101483629719022,0.18533208013233102,0.1898937810159291,0.45078505353858117,0.2386658301898982,0.0006314107215422875,0.7769228788250988,0.2892933737049479
SAMPLE_03925,0.9981817128578451,0.14785768006607136,0.18853694373206054,0.6846943737624822,0.14243754400579636,0.02653430757386194,0.0743961892543117,0.3964044277007943
SAMPLE_03926,0.9337519425811655,0.26097707010019283,0.36832902530866196,0.6756408093832457,0.5516992043692247,0.000510374548643199,0.7615621846578114,0.6970405694234496
SAMPLE_03927,0.9995147649549816,0.09529690863928549,0.13027826882248517,0.0195716187867214,0.10303512976895908,0.011360185952642205,0.06870043590549203,0.08651646791962558
SAMPLE_03928,0.999353400167131,0.053308913592589637,0.024887496145889632,0.09265993183996175,0.07825593051136287,0.008460752300852878,0.019769617072540158,0.10035455182047215
SAMPLE_03929,0.9994494380954099,0.07310269990739783,0.1010822730431586,0.25852575051149923,0.0823352768691284,0.013107499393606224,0.036683894388255256,0.15991086669373883
SAMPLE_03930,0.9993977862602558,0.03224258112847283,0.03454588876479337,0.021842572822413364,0.03845841967160755,0.004792213820155655,0.018617789248543338,0.03735200712178257
SAMPLE_03931,0.854323263634963,0.18399139409175025,0.07460723986285041,0.6677742568117114,0.15309778738731003,0.00251290270795928,0.027435153662809686,0.3405403834991018
SAMPLE_03932,0.0957658536320883,0.04017140920065015,0.049255730968817635,0.3488008747583806,0.05568378403801597,0.0006569470213925542,0.6736957727901277,0.07243046498846716
SAMPLE_03933,0.8606771623794501,0.27163239853574445,0.3126216135573054,0.666092063660622,0.6768548289790814,0.004870225020909948,0.06578178839142444,0.6624748297369333
SAMPLE_03934,0.7509776046989792,0.1916490425541542,0.11508244337617728,0.6554350755432047,0.2622006776311633,0.0014554052466190374,0.029200636245184198,0.507533754172386
SAMPLE_03935,0.9988927584248835,0.3136314956748986,0.23291347908321303,0.6330969361296884,0.18307908511796192,0.048559133968573,0.08378968191426954,0.48852898304121756
SAMPLE_03936,0.8737317674292865,0.43061330779787627,0.28918980689436086,0.6465086986391435,0.3215881110420961,0.0020775485134475807,0.1528559585219972,0.5109062839103582
SAMPLE_03937,0.9994633193042448,0.09522023053358473,0.13769338313651772,0.06535752054617928,0.1864979376919782,0.019110947980154436,0.08205417382973847,0.1408751445335885
SAMPLE_03938,0.9990362195770405,0.45779249414694095,0.2894189368995214,0.6657187694977147,0.4450796344620194,0.046937441690258756,0.1065745316244834,0.44266937500425585
SAMPLE_03939,0.9620124329915208,0.35826928130572117,0.7371251977138763,0.6660171054486818,0.642596815083654,0.002716717939965992,0.2717272379026377,0.7158238661291585
SAMPLE_03940,0.895160055107695,0.20262294683309143,0.20736359309738225,0.6653544565635318,0.4444242866139246,0.0022255128304059643,0.044356318404471934,0.5647012642771508
SAMPLE_03941,0.9994653268742649,0.3433254324220229,0.06671037513689167,0.1179375459565299,0.1938785093367028,0.015117236059538295,0.02600965260728764,0.12832143065389112
SAMPLE_03942,0.9995035507092108,0.09494470330001416,0.07919046015427433,0.05365784493636324,0.08501434710619964,0.00958023817579627,0.040640668145599974,0.06269096714319776
SAMPLE_03943,0.9993570264333608,0.05354966786141228,0.04567273842724484,0.021144830797945786,0.059645290200242874,0.004137167449201523,0.04038208012062886,0.055936027452036956
SAMPLE_03944,0.9986905912132134,0.12145489516252672,0.033578347515236175,0.04388497412154254,0.07284888608585244,0.004158200889895585,0.014266779257477507,0.03547287618347517
SAMPLE_03945,0.9992721549466766,0.1797233989853708,0.09206681732871635,0.6662105088262108,0.12181743709412807,0.034144695372899485,0.05739575044830287,0.34096589705083846
SAMPLE_03946,0.8645696240369808,0.4413912074752451,0.2045187841183337,0.6666312240350619,0.5218053998708441,0.001622243372979234,0.03802053421386415,0.5801688576111518
SAMPLE_03947,0.9990159255381644,0.10047182518366192,0.0863457327123046,0.07466280706207572,0.09975393038108055,0.06488234926952315,0.051335987208028976,0.16116359089436386
SAMPLE_03948,0.3718742437959981,0.05612918395484967,0.0600465221564136,0.7162706895579701,0.06259680802042569,0.0006243456131743828,0.6800585924622786,0.17586934846878446
SAMPLE_03949,0.9073750527396616,0.3941516493405895,0.21166873830171384,0.6644754197033323,0.6378265735449723,0.0033296320137137154,0.06227361843454796,0.6322095964332576
SAMPLE_03950,0.9993545673289371,0.10614519956000938,0.11411319583623931,0.6663357408666312,0.2708924894878148,0.014362001338205727,0.024378933024230245,0.3920145185220736
SAMPLE_03951,0.560424434661778,0.12362306898653767,0.13731881540680244,0.36784268045515894,0.25459451410372963,0.001943617026425493,0.03558069162038181,0.3855444495836282
SAMPLE_03952,1.0,0.8066520328791777,0.8074929866013022,0.9987699462895779,0.7813623313883885,1.0,0.933034160789834,0.6854521451213541
SAMPLE_03953,0.9759132911856598,0.5659744179542461,0.15673795082351488,0.666534371080968,0.3626357558068026,0.004817714255036332,0.035953860887533565,0.4103485451425151
SAMPLE_03954,0.9993896534653816,0.31032585898059584,0.3208704671051417,0.6656956704920107,0.4555486657267391,0.015844771547618132,0.07573252170834104,0.670686222864303
SAMPLE_03955,0.7461612844127122,0.24726384393169634,0.2136970681834294,0.4914236869445198,0.32674011099193145,0.0017567526112913234,0.03881207034067658,0.5740245367119287
SAMPLE_03956,0.43114236909353104,0.207846329600746,0.2009664815968162,0.37520968140562494,0.3703345719894721,0.0005593827429421453,0.6853810513016242,0.40718831693478313
SAMPLE_03957,0.999356212236462,0.030022810194855462,0.059749110498567924,0.016643568763896832,0.03326825882431468,0.00784804828732188,0.033664933497546824,0.06049026412426949
SAMPLE_03958,0.1769099385256967,0.1631138093641444,0.18809901278119737,0.3422439675011051,0.2903345344889087,0.0006930110962869107,0.6833992185985572,0.2822226336902513
SAMPLE_03959,0.43147212926410966,0.06715895978173228,0.14880942038598075,0.660313994430068,0.13986074183706299,0.009974742561947395,0.029447722066194656,0.37497195605849615
SAMPLE_03960,0.9994199289134346,0.23925159655971848,0.046188924119052864,0.057294049347613486,0.12172167350313963,0.007652858002826664,0.01567464708217413,0.07451353590461508
SAMPLE_03961,0.999207811926071,0.16114381124401925,0.18247626408240206,0.10945110159824646,0.3105634935745255,0.04210265280607365,0.050682003675264854,0.2999647501278694
SAMPLE_03962,0.8197918548596377,0.2673343845220288,0.1940401509831451,0.6673415599177025,0.30769634337780616,0.0012416752907987696,0.10670243970704456,0.5424141642383059
SAMPLE_03963,0.8403591539855727,0.384538908034121,0.24293575430385442,0.639619464694143,0.43860354215308545,0.0222342518026073,0.0846638791604117,0.7230850248901026
SAMPLE_03964,0.17221785703763826,0.13998332094752716,0.21895373418521566,0.3992239943716513,0.40176372693474455,0.0006946550043236892,0.6953825387064899,0.48162678477928544
SAMPLE_03965,0.9993255560528014,0.03353855421804735,0.04084575242539094,0.01170664888550362,0.04114791107604779,0.009163511796025306,0.019734493628744125,0.0228225495548533
SAMPLE_03966,0.11317427552294279,0.06996497461460675,0.09990721901910703,0.39961248884239514,0.18837559435882864,0.0029296518455541203,0.6829822395850792,0.256090680050345
SAMPLE_03967,0.7982256184437558,0.5661445787370168,0.20598620367787276,0.6650341750308492,0.43568590982465,0.001921293754806138,0.07430094480258155,0.5442745663483786
SAMPLE_03968,0.96375996639817,0.6351957758458806,0.33316564901984275,0.6659879891935162,0.6584963303816932,0.01166944582616287,0.05137295189910252,0.626893388451429
SAMPLE_03969,0.6923265067185967,0.05997843177929072,0.051831741818124916,0.41155262287452493,0.17181883199874384,0.0006248387237010148,0.6724578171198239,0.10765823038281437
SAMPLE_03970,0.6160673166224301,0.501830257679254,0.5808311092139616,0.665854581928394,0.5856347540825412,0.048705439240285975,0.19566493304058405,0.7539967276950085
SAMPLE_03971,0.9993910209154243,0.011316139043134476,0.017433164498863698,0.02629015684149812,0.016844229645008712,0.003629684185053822,0.022047800842765117,0.030711546429142922
SAMPLE_03972,0.9993995460582018,0.14562643051841842,0.13505934033654274,0.15347367500064038,0.1863453227173416,0.021114727122800447,0.0592465345212033,0.20978915846677734
SAMPLE_03973,0.3067917645369217,0.16053913117542898,0.15305851793983344,0.3724541517543112,0.3056864586530623,0.0007431090403965315,0.6777711957630554,0.3211209976078968
SAMPLE_03974,0.9991221091806112,0.14241272852434358,0.1335763664600043,0.10132352498866502,0.15425155595182347,0.021816983223700886,0.026098521930287197,0.14056085338373348
SAMPLE_03975,0.6837861793962672,0.09403070930197066,0.18358677644146604,0.9925463195590373,0.27259989419805236,0.0006672114466660387,0.7345287593104106,0.5955434793767498
SAMPLE_03976,0.17631318357988177,0.0680798850395876,0.0684257405392757,0.996457625092687,0.07901872371634061,0.0007501641856833331,0.6720815481270472,0.41873812689174844
SAMPLE_03977,0.998851649855864,0.28141257190149854,0.08445320571547761,0.6669791257695502,0.15696329742089718,0.018125259839578436,0.06833682432755865,0.34122437395223854
SAMPLE_03978,0.9993506551565021,0.2455233704516017,0.2242935311786972,0.662400708518307,0.2996648282320736,0.01424522423926409,0.08537047962456118,0.35016138034163585
SAMPLE_03979,0.9408944010766985,0.2432616702682652,0.08943261848849131,0.639725446393164,0.1966119127326275,0.0016756477933668936,0.0353799141916009,0.34562249510413384
SAMPLE_03980,0.9994360418058003,0.1516393194093384,0.04542690405690595,0.13065869821644224,0.1334324255496712,0.009569453191421835,0.022804017768974925,0.09733869944143715
SAMPLE_03981,1.0,0.7506485140026142,0.7157957405090255,0.9985769581298269,0.3545096245193642,1.0,0.9331068284598549,0.4384641930489965
SAMPLE_03982,0.6276984934066827,0.21772761015082331,0.21099671455232624,0.5714362666524462,0.38759282024296904,0.003032956346677432,0.034264730098867845,0.45808039601984624
SAMPLE_03983,0.9994905761308696,0.28004604677023687,0.19674847430279252,0.2261766983226333,0.2631592563328647,0.16963346220709083,0.12634586939822015,0.22334412089849134
SAMPLE_03984,0.9994747208556048,0.05636599286105012,0.14513093757326834,0.19396738603775912,0.19540245348957339,0.007071903030446466,0.13090205568857524,0.23464176647806378
SAMPLE_03985,0.9994930444602209,0.1355611280206054,0.05681253643277972,0.18763527885654785,0.16105521532268313,0.007975046223821586,0.029159991805116425,0.15547233831778234
SAMPLE_03986,0.999258563833349,0.02176641720817171,0.05708000484808299,0.04699218634093546,0.052850659222064646,0.006150699779166287,0.03165420967296638,0.06288743563500859
SAMPLE_03987,0.34251230180607983,0.13573684916819406,0.16182234012775795,0.9812401188487571,0.3807529751909681,0.0006276789025540163,0.6943529901037385,0.618666442482971
SAMPLE_03988,0.9994359887907511,0.18904551193974029,0.1350801755733583,0.04206041978423413,0.15426615366360877,0.008757931275110263,0.08748331090219567,0.09828038014699418
SAMPLE_03989,0.9131090339479401,0.26590050417321415,0.2906093784421587,0.42122131577037614,0.3876097521922331,0.0008613147313502645,0.7478125987164145,0.5537636873405576
SAMPLE_03990,0.9993858740684005,0.07662385887211844,0.16923704754969937,0.04030440833777293,0.11378675584898157,0.00723362676051924,0.0464804184513688,0.09028061160194996
SAMPLE_03991,0.9440175224163356,0.44414325404405464,0.43777877743976745,0.6745255522655613,0.6603748532301837,0.03660628443259925,0.15274776187186676,0.8808907146318146
SAMPLE_03992,0.4337599543218394,0.08583431596911091,0.034674132092482365,0.9949947788985914,0.05932111724094382,0.00047593873405169684,0.6715753891816915,0.3597832314118672
SAMPLE_03993,0.9019197850263702,0.3036917777773397,0.22328954456592867,0.6677353077098768,0.1795927894559073,0.002913127486366914,0.06367276015924887,0.41898637361881486
SAMPLE_03994,0.9994636968885556,0.12281038538266913,0.20418179225843294,0.1686934338383895,0.22763655212365794,0.05041011094402287,0.07138799309161405,0.17138438664900937
SAMPLE_03995,0.5388434466762576,0.08742824645253962,0.0785076699487346,0.4901953481899421,0.1746589205661975,0.0005546708488886654,0.6780303212204609,0.24225774520157253
SAMPLE_03996,0.12169474059705142,0.25761496869092915,0.231172029981775,0.3431193818980387,0.3731775202442855,0.0005788978136178505,0.6719233683074423,0.3859408750754077
SAMPLE_03997,0.43737745870314065,0.08511296653057825,0.18032289292204204,0.560966354821982,0.2801407535536738,0.0006870720970465072,0.7029903324565993,0.3238338861771302
SAMPLE_03998,0.4772648597539379,0.2298603350299934,0.02277239617902002,0.9923271033717707,0.09678627935443318,0.00046533396928837207,0.6716317765807021,0.34070595213307336
SAMPLE_03999,0.4934888690337164,0.09714551330251485,0.08126088390942675,0.3666566789789684,0.3178582107582066,0.0007077220872077875,0.6843336515842738,0.2832074821686367
SAMPLE_04000,0.923115847459694,0.2842589917735681,0.18718563142176678,0.6576673378028872,0.41330255703122626,0.003021310584624463,0.07155601517557995,0.46452943016079057
SAMPLE_04001,0.9624039768839054,0.4629640183842531,0.29152435108449193,0.6611002804349302,0.6983186055410964,0.0013836258290870777,0.058659457669351926,0.42776355685253614
SAMPLE_04002,0.9991825510581585,0.03305617239554592,0.04326253792351928,0.015819545038781635,0.055612108603295234,0.004921756093105053,0.023243707964435516,0.04542929587751848
SAMPLE_04003,0.9992700825572728,0.056791843530412243,0.03908150378071458,0.039174411607485804,0.08214103218858024,0.004841979293783042,0.016386461507001283,0.057437537514444435
SAMPLE_04004,0.5285788605366308,0.2006589281571249,0.17287291635417326,0.3921718944343608,0.5309669293204666,0.0007003203029553031,0.6747964482596762,0.6207233808003886
SAMPLE_04005,0.5865770238537591,0.11711762144256725,0.1592125563790088,0.5079452222807811,0.46902126012281903,0.001572107846352844,0.021700163355702882,0.36089943365091837
SAMPLE_04006,0.9993408407910803,0.33286848875331404,0.36370552617607704,0.6654328588485879,0.4208226786554825,0.015195443722656405,0.11758044117386768,0.4759088209062107
SAMPLE_04007,0.9994812070619208,0.04333744837291018,0.06508647057777513,0.028709172445634756,0.06565276024761522,0.017100640546072812,0.04306235543995435,0.05558115685816264
SAMPLE_04008,0.6189436888027474,0.35124700860398606,0.4568475610707338,0.9741881381901777,0.6707285050997989,0.0005519404302708552,0.6950137039314509,0.9191050910799309
SAMPLE_04009,0.9994868627396611,0.2175382162610805,0.3277277704619874,0.1771937336576678,0.32006664016338465,0.018650043386341103,0.1458907725834631,0.40798275588593774
SAMPLE_04010,0.9994859033401636,0.10290055829553701,0.06748870514323127,0.07084894858939206,0.09423901743782843,0.005300113232984762,0.03453244507924299,0.11226664322352979
SAMPLE_04011,0.889342390946787,0.3609240953040372,0.1621161369784857,0.6359970679969232,0.22895040487314997,0.001773598857866149,0.0764114632802274,0.4905154461127554
SAMPLE_04012,0.999496774767841,0.20171428269919175,0.0593164483321593,0.3212212003712967,0.1924614029682189,0.00909966874371025,0.039620095046472556,0.20408296601804962
SAMPLE_04013,0.998215085029211,0.08439269892838742,0.08692804330004633,0.6659309586426824,0.09864639668943308,0.010781827388937256,0.08398631878406616,0.35737794255384464
SAMPLE_04014,0.9447304768740795,0.354496200636393,0.2649402038745115,0.6669735405441114,0.5593857952325306,0.025676774430990822,0.04020979182741681,0.7040222818725254
SAMPLE_04015,0.9995198050563863,0.10158523720631152,0.13812116450872877,0.17546411899843442,0.1865957382331264,0.02050111555987068,0.05993785094184717,0.15229437435299686
SAMPLE_04016,0.9550938747075209,0.2881980744567963,0.20511346561529145,0.6655983925898195,0.29380276719811194,0.0017840197828408325,0.09052536998396332,0.4404182218117441
SAMPLE_04017,0.9990210588350967,0.4596272125990582,0.20948025326234324,0.6619309733667808,0.29141498847132097,0.062125297490572655,0.10676566802988106,0.386931691097278
SAMPLE_04018,0.9993998397734186,0.5561040158305846,0.06819764531735956,0.6893519520745892,0.2778174434079321,0.045327441922430496,0.045360748757839686,0.3394463297632218
SAMPLE_04019,1.0,0.8556607957200407,0.8299440343619832,0.997889101559212,0.6732838489767627,1.0,0.9326497055059547,0.8531882518841254
SAMPLE_04020,0.9989239518246086,0.21703612497855743,0.2287055775289761,0.6460939636295708,0.3591181769761234,0.010580321582930556,0.05602096048927028,0.4966654254342555
SAMPLE_04021,0.39903982894705464,0.1636309009848055,0.19526691976611552,0.9638559984713114,0.47729940803220944,0.0005163110479876885,0.6915059938616291,0.7418654402243298
SAMPLE_04022,0.24414387054871636,0.1409750106523879,0.19863086961619,0.46473286861481244,0.2779807665517684,0.0012645186879937807,0.6990013756924974,0.3471010045769229
SAMPLE_04023,0.9991894137411554,0.07349262524373336,0.058439509999097215,0.6666541534495392,0.09348450514156116,0.012385733061554017,0.025454052061272495,0.3600639484237447
SAMPLE_04024,0.9993638473228291,0.18003538753249437,0.17516233732794798,0.5862136645877877,0.1659566841317531,0.020890421503900424,0.09232051059467629,0.3662792535146933
SAMPLE_04025,0.7910713454488629,0.22632734815174183,0.16723932548583742,0.0964133084459985,0.4343601649806393,0.00186470103998465,0.01848311332592904,0.5600504275502157
SAMPLE_04026,0.9992823845955874,0.4304772516788164,0.35543629819874445,0.22596833919776219,0.44750497496374203,0.018663184183973006,0.17964301402971508,0.4387944462031283
SAMPLE_04027,0.9991015073364893,0.049789939101018664,0.058757540670570006,0.02797934352629408,0.06594250432188802,0.006997926152022826,0.03318313691209547,0.05564826771135637
SAMPLE_04028,0.9994719013159749,0.07168776171537546,0.04704978916379974,0.05623540196229554,0.08149965836826728,0.008250558590369486,0.03487865659430903,0.10563080879994913
SAMPLE_04029,0.9993773393684265,0.03393579723468145,0.029323590073363364,0.030226950671626607,0.036584108454045014,0.007350778557111769,0.01878136470492254,0.026339580863874376
SAMPLE_04030,0.9993695106991037,0.5180657759421937,0.5751483106982705,0.5788200963912451,0.6002437621467871,0.18133402776500493,0.24195371262149656,0.6908528816499201
SAMPLE_04031,0.9338648793125337,0.6386040610362657,0.43826906275469923,0.6666482485236372,0.8114804565744654,0.008361703326617365,0.14062832608761347,0.9711329664044898
SAMPLE_04032,0.9994157140141245,0.35083454455970414,0.06177965437975088,0.1301565917823349,0.21001642451273295,0.015488296966815517,0.015777318177727487,0.13181399040375877
SAMPLE_04033,0.8932207749445983,0.7569672234888869,0.7241759411221383,0.6660016137378671,0.8455219594740636,0.06082509724972033,0.2409372192004463,0.8979270231340526
SAMPLE_04034,0.558510671975602,0.15773773987675963,0.21918178918513573,0.6653020512830695,0.3055257737131362,0.003294805628995102,0.04355092922151502,0.5132253989934922
SAMPLE_04035,0.9994427873206911,0.06566967626123324,0.07570586124084688,0.07262320786238968,0.10261482520151231,0.028134540328735025,0.04282918998266972,0.09845076586033359
SAMPLE_04036,0.9994962747656544,0.037921145108888485,0.051825905528449075,0.02868763352854545,0.05230277936270498,0.011846054693135539,0.029139059732262263,0.06349438789763222
SAMPLE_04037,0.9800044875707483,0.7244541889523665,0.5422974618872287,0.6667040514873346,0.727343102688787,0.0043147463535517985,0.135132876473076,0.9275594725923052
SAMPLE_04038,1.0,0.9425543964604847,0.9195142862303621,0.9982678302423785,0.9106679196529955,1.0,0.933179088401198,0.9441764427578864
SAMPLE_04039,0.6206260219765632,0.14952609223706945,0.17001673924091887,0.9776589782066578,0.37697219855884834,0.0005732558667171603,0.6896524897963445,0.5655193645684317
SAMPLE_04040,1.0,0.8849369857158139,0.8653236278732482,0.9987369227475144,0.6724195159916709,1.0,0.9330510929702363,0.7337191139958508
SAMPLE_04041,0.8772600430448999,0.1985687816791107,0.20188415583630293,0.667253207149923,0.38025657143661307,0.001367428324190378,0.03305619552033192,0.5453254390698862
SAMPLE_04042,0.999045087231751,0.09289519573825449,0.09500587866123467,0.14339683182832264,0.0967686900567185,0.019006771841506745,0.02625850537669137,0.09324528406725936
SAMPLE_04043,0.9362790168616083,0.3342326998631815,0.23595204423047733,0.6256132963053728,0.4376938284146637,0.0024890837975267304,0.07447025449683442,0.5533068466844461
SAMPLE_04044,0.9994563822522663,0.10702027884618286,0.10210860032403923,0.1970134389000561,0.18248653196809536,0.008733026084994664,0.03235916495296585,0.196926177557756
SAMPLE_04045,0.9987498901346273,0.43793994526564645,0.4148435122963532,0.6666052123304852,0.5024099388221148,0.012028813797856539,0.14440134518255615,0.4318605386869144
SAMPLE_04046,0.9994672829205337,0.040398207319975225,0.05508386001022971,0.022323609582229745,0.07999958413751787,0.011335788377788078,0.034208898423818336,0.041563093099361605
SAMPLE_04047,0.9987874730191734,0.022786445277504255,0.026856728379301874,0.020352727966039853,0.03314945024914636,0.0032629012627708107,0.014670502121493621,0.027961939443771466
SAMPLE_04048,0.9994566855814663,0.04709634028073479,0.048565616174044486,0.02146325841635228,0.07583230257038469,0.011152370008577684,0.018223387379334478,0.0369238359500568
SAMPLE_04049,0.9994194392871375,0.1919564937557209,0.2810113059233401,0.5127596601162793,0.13593198426651998,0.04880449265412786,0.1326252996585625,0.3063023344964164
SAMPLE_04050,0.9994628985829882,0.03423893951952108,0.05735220673970012,0.03785198086124383,0.0547135058850662,0.006755528581628019,0.02698792257854737,0.05950193669819732
SAMPLE_04051,0.9335136796386788,0.496733980874339,0.33673731428938375,0.6573759459627374,0.7361585422587833,0.009191749320550236,0.13437912306860578,0.5646227761906718
SAMPLE_04052,0.6836341270009846,0.08181499474829466,0.07350464746395499,0.9516036672295183,0.20160720172229818,0.0005544746798245095,0.6844758503819577,0.4647900730990913
SAMPLE_04053,0.9818194668799983,0.5018242261700475,0.3273845563961832,0.6665855808960818,0.6722058283973332,0.0011526057400941352,0.06292871782665803,0.47386460987201967
SAMPLE_04054,0.921678961007355,0.12503810753620606,0.07792742937740174,0.6657940210878378,0.16887475827427154,0.0016699809502998466,0.025208002746368762,0.3661930057085901
SAMPLE_04055,0.8074503402459469,0.1129363845045564,0.0802906652945248,0.40284312571402087,0.1520075356669288,0.0008821062464638152,0.6758450122792427,0.20919008209510784
SAMPLE_04056,0.9336574934889885,0.5494482277840164,0.11138118593012004,0.664277308729695,0.24742115650566168,0.010593291776777322,0.037419385200440254,0.4430711695261084
SAMPLE_04057,0.9006755012399964,0.3922044440342815,0.23642797212994968,0.6664499766392771,0.7356222425820697,0.011587315820504982,0.09527415800052268,0.8879276950083179
SAMPLE_04058,0.9994160001166122,0.11197018374090124,0.062325043080823816,0.31798326910463254,0.15381152122218145,0.0074502392675112545,0.02507392108532518,0.14260277247289524
SAMPLE_04059,0.40108030846021486,0.28916332316656324,0.38929564222782503,0.9056674956026551,0.6287954808282527,0.0005760444729696088,0.6959847314272177,0.8301881920173074
SAMPLE_04060,0.6081956975287625,0.3360817443436211,0.2307719847341382,0.5617430541731199,0.41900659917966204,0.0021281569804818884,0.06760352425895698,0.5715858206549278
SAMPLE_04061,0.17056131110364836,0.2967889478408903,0.3368894110590222,0.666968666256373,0.7108463899763261,0.009548927139227987,0.0512972088819613,0.5825001289089905
SAMPLE_04062,0.9989041066849906,0.22461642621702183,0.10385464249265088,0.6666230630656188,0.17798694843857774,0.016901450112702967,0.09095722103604466,0.35568462629355296
SAMPLE_04063,0.9992431976187485,0.20083995826004697,0.07724342392623508,0.6650768399328478,0.15365271986564202,0.00974098014320046,0.029008784116209472,0.3372208997618418
SAMPLE_04064,0.9993437809537836,0.0741119401384353,0.05124973188381091,0.045273537528137876,0.12726502227060224,0.004161188804566275,0.049317498640055225,0.12414424206009245
SAMPLE_04065,0.5112868872555317,0.07565668680834906,0.04561415035680788,0.7013664323057321,0.11765111615271867,0.00047590302120464585,0.6716818020935295,0.20508500372341776
SAMPLE_04066,0.9994778997465928,0.06692404620826332,0.10588891132006735,0.0911697274049098,0.13886992531890677,0.019052471924602087,0.0363994206686971,0.09095943771872898
SAMPLE_04067,1.0,0.801718675095365,0.7885604288804674,0.9939913153711423,0.5850165508106133,1.0,0.9329219097694015,0.5905127552360098
SAMPLE_04068,0.999157522365727,0.13590668912447468,0.1338493950328976,0.13496498359870848,0.22762887929531264,0.011756293000747113,0.025398031062399056,0.21209621075074425
SAMPLE_04069,0.5899838644299933,0.20840073321272956,0.21795413228919355,0.3818732784147611,0.3804679560569156,0.0005929895464970841,0.6910823851865739,0.4580177301629466
SAMPLE_04070,0.9993631116458624,0.039941178707439434,0.06927550262111547,0.04139968043014043,0.06360686831045656,0.005048340638313762,0.030732744739523057,0.051677173205814525
SAMPLE_04071,0.9994444339398608,0.39011612467432605,0.22445402835826855,0.24540307443927797,0.29503406224683854,0.040024121246564855,0.08345515505172073,0.42332544512554615
SAMPLE_04072,0.9990811986272453,0.14536955247156932,0.22343864111934972,0.1155434706600641,0.19953953037908426,0.06630327771656569,0.05738797567883306,0.15129465171986436
SAMPLE_04073,0.9994696468848533,0.3381591276437142,0.02732990474351513,0.1879049663303455,0.17557883439391642,0.007694813720168986,0.01728278181654139,0.10967978125937056
SAMPLE_04074,0.7723110301480834,0.27905403590226335,0.2228843243768712,0.5689143533863732,0.252210397791796,0.003355803817399992,0.0712485138015691,0.43478318770055013
SAMPLE_04075,0.9994373951660691,0.06742803771266008,0.12915209909236133,0.04648532140656466,0.1046522411671232,0.027446111300060735,0.05243680473995255,0.07292427404659658
SAMPLE_04076,0.5606689434627999,0.4318172980456387,0.10947384885081142,0.6612678798447852,0.23867363072277625,0.016379029766066252,0.08374188039149393,0.36474140771799773
SAMPLE_04077,0.9989530003036479,0.42594159669173853,0.3043925665947797,0.6534157090979075,0.3946604874685193,0.10654646041078003,0.07672532185182816,0.5553765071448437
SAMPLE_04078,0.738536688923889,0.14706713904348684,0.11309574858280218,0.4127094342162891,0.22384982041475424,0.0006123028447941264,0.673459568588335,0.20435414739190727
SAMPLE_04079,0.4532646228831623,0.12379965656085064,0.11815494461268544,0.9890411669700779,0.23925038059945267,0.002787686008215834,0.7249997375164158,0.4164212144549424
SAMPLE_04080,0.8994610620360488,0.29861096166095447,0.19923869085792809,0.6432641447350503,0.30678263752649654,0.0019571202221192185,0.039568352017973624,0.42861718882353944
SAMPLE_04081,1.0,0.9121934586334399,0.9111840770147023,0.9972491379609365,0.8659727542113772,1.0,0.9329937718075852,0.9385455752997696
SAMPLE_04082,0.9993925987838628,0.35414938941476753,0.28527631922804614,0.6619462554499106,0.38168597063654647,0.00620518057175064,0.11422586853459625,0.43846376251696767
SAMPLE_04083,0.9995073069806383,0.3319160300769326,0.035745757261370165,0.28263742669931574,0.11720190344378563,0.004180150991555462,0.02076809979945221,0.10262975835183223
SAMPLE_04084,0.9535459818654243,0.7429139463159954,0.6101251112936867,0.6666950689760761,0.8122757470133509,0.0015090033788442807,0.14705211609376853,0.672687428641646
SAMPLE_04085,1.0,0.8369406262961331,0.7773985688375339,0.9977874018325418,0.4317172091110206,1.0,0.932806571140114,0.5697551373774958
SAMPLE_04086,0.9994485255558113,0.0771204442245099,0.033203058728098554,0.03327645042393838,0.05878100953682693,0.004888567320496662,0.020277378476083376,0.05953989653127451
SAMPLE_04087,0.9992574868917505,0.1895014192668575,0.30767791934457794,0.6516901584932602,0.31175187600126997,0.01645285053725017,0.08969067988418132,0.3689594635842652
SAMPLE_04088,0.7950843229043412,0.716983663700459,0.47811270025444125,0.6663060269794309,0.7898119082902513,0.016478962135866,0.08769311480478285,0.8533382149165507
SAMPLE_04089,0.9536791340551596,0.4804515289235119,0.2509503454790074,0.6651648934795183,0.7176208377065265,0.0594295062358848,0.0800269203555349,0.4993530075448038
SAMPLE_04090,0.9983476991020005,0.41463411746805895,0.302708227134185,0.6728069460595556,0.3593100018632434,0.042656675300469495,0.05661557384903724,0.4507929152291314
SAMPLE_04091,0.4791001521244574,0.07904135898279786,0.08062583150520587,0.526144991128943,0.25380352126126354,0.0014947019399590602,0.6851087580323377,0.2990898515124033
SAMPLE_04092,0.9993478582364421,0.2612998187753433,0.1178909539105376,0.19609282019505522,0.30755553053335355,0.026007333090244583,0.04634457054258075,0.23291743486186137
SAMPLE_04093,0.827414428827348,0.14779104571700172,0.05841761108306311,0.6581598226086305,0.18741665975440705,0.004975391034402609,0.03205669585537992,0.3491193213466801
SAMPLE_04094,0.8714063827021684,0.4297880117055244,0.17866757891032073,0.6651784608571573,0.46574155079690743,0.0013175485151894273,0.04016613623327166,0.4520210802411871
SAMPLE_04095,0.5956153296159175,0.22373702166065265,0.29712240957782005,0.3853858299237299,0.4537813150556305,0.0008298694782568548,0.7058518658656553,0.45825666458414444
SAMPLE_04096,0.9994028310149815,0.06095999292150706,0.07881274725797252,0.01959963125128117,0.08357610858301319,0.007701508855401847,0.03113227631438764,0.04990370164077123
SAMPLE_04097,0.8137591647359882,0.24385934498402284,0.1872527492492637,0.6423137114863087,0.3091627197893096,0.0016843805350083077,0.039885165954596784,0.480401722244437
SAMPLE_04098,0.799888376268974,0.42599643156866285,0.4498968769623066,0.5730136692884038,0.6474067159519318,0.006412532624876184,0.12451847328734972,0.7569786795924601
SAMPLE_04099,0.9991681596818133,0.36851639279021153,0.2185207526438834,0.6262370624326117,0.34186091932252466,0.047394079025019485,0.1056276880680238,0.35293336227754163
SAMPLE_04100,0.9994977440195911,0.5776423657644667,0.7178442927186918,0.668215748636756,0.7425254229436931,0.0818972158596095,0.22324606137507175,0.829786688339286
SAMPLE_04101,0.8094668595747673,0.20732499237059007,0.6682818627321166,0.973950017741787,0.5697101226909816,0.002706233862041606,0.8014766449757212,0.7621647459921013
SAMPLE_04102,0.9990940206350462,0.23793112216376147,0.10431483226237631,0.2390137720394867,0.15668423546483454,0.03534954441793731,0.027300628735946367,0.18141772084158134
SAMPLE_04103,0.5272557841381825,0.06638254953795815,0.058840748346068096,0.7187930317914805,0.09217460092701062,0.0005120230888703202,0.6769573058105891,0.20328756731224154
SAMPLE_04104,0.953672527384312,0.3863544704533233,0.2892171049677854,0.6656623834378315,0.5852748667460571,0.0021427659977482382,0.11847927983921303,0.5630709071156377
SAMPLE_04105,0.9994628185090116,0.02281664208453533,0.03428679109632055,0.028180326409553202,0.05465370388377109,0.013203187866883945,0.018742076885901397,0.04414770911283358
SAMPLE_04106,0.9988984447093819,0.11338637710779738,0.04744539615410737,0.06607425040623362,0.13235075134784377,0.007431861053146311,0.017116011075624073,0.08539509845398718
SAMPLE_04107,0.9525369884121156,0.2989772301325936,0.18530785317191445,0.6666333814073401,0.1189209232110802,0.0010388137593989651,0.05600487780628919,0.395891179423411
SAMPLE_04108,0.48848996441619147,0.20454647961212244,0.1711625686630063,0.9931052987527815,0.42533560760399247,0.0006368525703404092,0.6850754882285335,0.6873099798836199
SAMPLE_04109,0.3863391165868564,0.16008723729041704,0.19496523412145939,0.5223530853953146,0.3262164898621318,0.002256170422313791,0.6893408519958255,0.3976878329648082
SAMPLE_04110,0.9157256272618303,0.2464998939142543,0.3672575852226978,0.4209754853021679,0.5950831255792759,0.0006071527158859818,0.7073925645931007,0.5179105717731077
SAMPLE_04111,0.5897697043101168,0.1537734901942774,0.18218150796560403,0.5756223171457755,0.3244817638522132,0.002769057635633034,0.034993216953879996,0.5346989512823138
SAMPLE_04112,0.999234502228537,0.022000610422023992,0.04526559594102183,0.030647189525530166,0.04766085200810102,0.007921207908065615,0.02133839751111091,0.05379047365738659
SAMPLE_04113,0.999273730191696,0.4940331480186875,0.21130588921746707,0.6662417992506152,0.2422226040104032,0.02457167262575653,0.08404940142705487,0.35555276248332973
SAMPLE_04114,0.9993946810327975,0.03709349566622019,0.05388099247299591,0.06700012874311954,0.03574980872297696,0.003802709537409054,0.027786552321133844,0.051359597108497294
SAMPLE_04115,0.7513178508437073,0.19493402586216513,0.17304777267976043,0.11617779080568463,0.3124393367610611,0.0016567744907133714,0.03606319877819355,0.4159988482652433
SAMPLE_04116,0.999313664547664,0.41138105818404685,0.38600044973612674,0.6673597282917957,0.5088209191842059,0.022652669570146642,0.09568623674711997,0.6198559522105752
SAMPLE_04117,0.9991526373659004,0.06258830764131877,0.05311620651592896,0.03922299467792529,0.0635415987465147,0.0031092485900773015,0.018581448098512813,0.10161148403279745
SAMPLE_04118,0.9991704486818785,0.5625230321990381,0.0706453638043431,0.6735823876740437,0.2619274091565198,0.026598098039967853,0.04497966217751296,0.33455363778100705
SAMPLE_04119,0.9992719407139715,0.2482064675447202,0.03577061057245138,0.09253899542554689,0.11438440140478533,0.00444345491002246,0.01508826897154595,0.1101733713203653
SAMPLE_04120,0.9908606011475637,0.47822663807405125,0.11216428389654347,0.34471878106896553,0.3094707363130622,0.014754307506293385,0.028176571640828946,0.2523834172365805
SAMPLE_04121,0.9992487014313839,0.23389821657269852,0.2931528956271374,0.48419606083061667,0.3237332881817451,0.0479237329993791,0.1206313861223512,0.23302399847316943
SAMPLE_04122,0.8158964562915466,0.23246955183703635,0.2848040348482339,0.6500603301391106,0.28457868096851635,0.002265613051996516,0.0633421079984424,0.5061320338219385
SAMPLE_04123,0.9994146077772945,0.30847435692661057,0.2577377123422912,0.4602211225376502,0.33178561533588985,0.030958765949310563,0.06709167048906155,0.25556943658933134
SAMPLE_04124,0.999138288931717,0.04878217305194044,0.03955777289783513,0.05249394567645682,0.041787342127766774,0.005339834775300961,0.016316729695560868,0.04569398111038837
SAMPLE_04125,0.9129534953861516,0.2712655043013507,0.23030216337954043,0.6670154376013752,0.51786061431119,0.008021430906494134,0.10623642610736121,0.539064716296197
SAMPLE_04126,0.9994818684098297,0.3036489557666696,0.023657852332128085,0.08570309028176004,0.12302983042088443,0.004997929252654429,0.017837574266903366,0.0821636800545361
SAMPLE_04127,0.9993860020808786,0.11608802409782187,0.14653756505838447,0.04027448785124745,0.09908997991266316,0.007331013477960016,0.03647276364426253,0.14174126124110983
SAMPLE_04128,0.9063941990520089,0.7280855859678709,0.5952405992786101,0.6663816494848819,0.8905265136025742,0.0211760372847959,0.11781456811473796,0.8338695296626683
SAMPLE_04129,0.9994859569102372,0.08250601300260557,0.12379125917804858,0.06415647966565237,0.2676837340852061,0.011154381066461177,0.055741044091589455,0.14906278300010598
SAMPLE_04130,0.9992689039116813,0.28771588668083,0.13325537857894057,0.38716890764229484,0.11747850111370801,0.05834298482080983,0.063778661108005,0.18477421580487005
SAMPLE_04131,0.871233723729568,0.25782389190077787,0.21989998335226713,0.6632213153417098,0.3491210324946352,0.003371185478966653,0.06982590908664536,0.4230164945287614
SAMPLE_04132,0.9076300070621808,0.3119517587418242,0.1850180675629348,0.6662715107829019,0.48617565618303527,0.0034568041030478528,0.046239140763287806,0.6242687306392957
SAMPLE_04133,0.25215511141241015,0.04996411527837095,0.03259775645635889,0.9911957407944244,0.04826762127329478,0.0005094692929989139,0.6714214966540052,0.34089717915386336
SAMPLE_04134,0.999487556424323,0.1668469916695234,0.026154456253402767,0.04970306637966166,0.08857677116911246,0.009976209396580936,0.019844073285847672,0.04565579443510912
SAMPLE_04135,0.9995248284771243,0.09879127665066241,0.13276502693553519,0.1171000426949756,0.13426461818936106,0.01183538023176763,0.04179860270749363,0.10224831976683785
SAMPLE_04136,0.5966313078323308,0.11552605752168012,0.1888770389150958,0.8800998934709927,0.3883777279136715,0.0011810189847260317,0.709340782617366,0.5436215124320908
SAMPLE_04137,0.799460483856766,0.29585642696212994,0.2678115998608373,0.27893571024878877,0.4141306745343383,0.0012071317199830913,0.0671923290711592,0.4169519061221452
SAMPLE_04138,1.0,0.835084954870544,0.8416019206380666,0.9988503727168353,0.5682915690805702,1.0,0.9331118441779868,0.6577821640162015
SAMPLE_04139,0.9993932992823135,0.06939373704525292,0.030008887736682244,0.1578625795896691,0.14040935808113944,0.017730876552428634,0.0382285565249072,0.1260778956898154
SAMPLE_04140,0.9419594384502225,0.11768173545313898,0.1322396150706956,0.6664125956822747,0.20902885215344033,0.0013269176331690512,0.05212615588476315,0.35783398830173274
SAMPLE_04141,0.9990283272652869,0.05086811932438029,0.04603408902105751,0.05917793914426064,0.05174039246394919,0.005816700519927402,0.025932504291147792,0.10322330477215912
SAMPLE_04142,0.9990678533858189,0.20549182051282885,0.08159760721536864,0.6628498048448154,0.12863559443791137,0.006396841203074544,0.03581447620853769,0.3429402016130867
SAMPLE_04143,0.9994623899507596,0.20317018486546126,0.07865656057718333,0.3517192137585643,0.16008404508720842,0.04876247165154501,0.04113836932691412,0.17605172506731961
SAMPLE_04144,0.9993997120312686,0.02791152561721937,0.022221717351388292,0.040789144097272835,0.03534622720220412,0.007824593994658678,0.017632212156983327,0.056303991273697805
SAMPLE_04145,0.9994613649599094,0.06204589144993219,0.106966680175006,0.09478772627786351,0.1985309979064462,0.01647331836138544,0.06253113226472617,0.13674815646897354
SAMPLE_04146,0.9994978466730166,0.48183482885584605,0.36305970291053485,0.5222815325359581,0.41123942337960867,0.013247820150774891,0.1360216722197858,0.3957561833096415
SAMPLE_04147,0.3669007965536532,0.0544926799240563,0.0490256782905035,0.3450290904705848,0.0783772603223341,0.0006026913143671708,0.6729595908755379,0.0814561052264801
SAMPLE_04148,0.9994302416810908,0.102094344942111,0.13256330281919518,0.05540744405536339,0.18677589036533507,0.027045565807567683,0.10096158466767795,0.12257817188989395
SAMPLE_04149,0.8041035465534451,0.14862168159759237,0.06987082096679567,0.6643359021973989,0.12195874836150056,0.0013961193103999181,0.023150001826226937,0.38401747001777936
SAMPLE_04150,0.2798956972738927,0.1749958392327258,0.20732855057291263,0.38977028282022513,0.3714843652835514,0.0005467643191253594,0.6900665232363897,0.38364894880406175
SAMPLE_04151,0.9995137706284153,0.204847076184383,0.044303195236786684,0.0616015244235214,0.15551008449073397,0.006880012433516766,0.018981941942956836,0.08822515312220093
SAMPLE_04152,0.5292547771207556,0.08386270599540009,0.10800981974186324,0.7275802535353922,0.22413692563708462,0.001101014897481149,0.694967310158081,0.3077425700488124
SAMPLE_04153,0.4857806085869303,0.08364842219858609,0.11454451894291022,0.4148229180792072,0.04642014357140345,0.0012530770241709884,0.6895547632029332,0.09570152074414456
SAMPLE_04154,0.9993515748859226,0.06103098338174056,0.08296229001195994,0.08771519546935025,0.1135571264356761,0.007093073304487559,0.06207137659472894,0.11471772589168938
SAMPLE_04155,0.9052996876123386,0.41578443701240736,0.15412033356399704,0.6667506879959987,0.4400926059639798,0.0010826224054180493,0.037075271045502595,0.5011577727217399
SAMPLE_04156,0.9989859453993924,0.06027577403055987,0.05253571354549263,0.3413732766728988,0.06854850365884678,0.007801822090432778,0.03770112050296626,0.16814882524212535
SAMPLE_04157,0.6098755814315479,0.06756272588435207,0.0595897515013043,0.5135252931861589,0.05199547896206568,0.0006475388554547,0.6791563829233844,0.12071037785181299
SAMPLE_04158,0.9060551645750565,0.4002893949361867,0.18920821408964925,0.6662185276024474,0.4363537841284306,0.0010582798071317623,0.03212548186743567,0.5887604599614972
SAMPLE_04159,0.7164950272453271,0.2394756150176283,0.3843397819440586,0.9477162426847693,0.5526976399315946,0.0007705968249488783,0.7463928809161272,0.8535198586842228
SAMPLE_04160,0.9994465190159644,0.1106208768348486,0.042989225588143366,0.09549909580575218,0.13812643639716,0.007503460498071675,0.01867418977240093,0.07390952402612787
SAMPLE_04161,0.9389245646480124,0.43425321901196456,0.16793781517862363,0.6504566919547705,0.36268276289254037,0.0018305345981684705,0.0665383871764071,0.39055131238989055
SAMPLE_04162,0.6463192019313947,0.1067227984620411,0.06726755072991525,0.6333674591695256,0.1898266246564183,0.0018247028894534383,0.020786513427224627,0.3589783904117949
SAMPLE_04163,0.9986982453880113,0.6539595958603216,0.3360737832318598,0.7174609730261987,0.4765436201532274,0.0783217402754784,0.13051396705139853,0.5369768089504406
SAMPLE_04164,0.22022912088616756,0.0661579441101263,0.06738015112057337,0.34745378979213015,0.2236658777404348,0.0006214470013636661,0.6744591306488937,0.24507459986972976
SAMPLE_04165,0.9693752035192481,0.38917709696860486,0.39595589026788347,0.6654432666844342,0.46367103148478295,0.0026331753166536167,0.06777201929302792,0.7477318588041068
SAMPLE_04166,0.7257752272385437,0.2272750249475549,0.16514428294311279,0.1604308513919329,0.3967060991626088,0.0032151629369794586,0.034691194764607185,0.49862518316170995
SAMPLE_04167,0.8943136729005087,0.1729802893107046,0.18157300350440064,0.6635224697416601,0.3473985864487177,0.0030958527029787924,0.08103864819918206,0.3943020790867926
SAMPLE_04168,0.7971691031724187,0.28176298078068324,0.5080282497496077,0.6549666462083769,0.6044189115894348,0.001476777645956523,0.14791344296758954,0.6872520839347422
SAMPLE_04169,0.9994519501344502,0.09609011610891949,0.0905963348626004,0.38043786166928917,0.10598015438081487,0.02871408118175957,0.037234441706665365,0.19267844596460534
SAMPLE_04170,0.7835232612551163,0.19051451984172005,0.19619466405683053,0.38696463550348753,0.3560915863286085,0.0005976938247718022,0.69096274626368,0.4548017078618416
SAMPLE_04171,0.9992938433169148,0.16220338951316995,0.10803132068013828,0.6462872374367791,0.23482643738692946,0.017463841459408137,0.03183317779945074,0.36025568220389353
SAMPLE_04172,0.9991075670206687,0.23171883675054086,0.19363386469390087,0.09265032202847724,0.15213784038145226,0.026634129443827325,0.053653486364909915,0.13859703715660399
SAMPLE_04173,0.9993598526814647,0.3490224596986385,0.43981930849283235,0.5372182188434597,0.5010227057725865,0.258133813707577,0.26335629365989704,0.5898691438804683
SAMPLE_04174,0.4676750491137512,0.09371352651843838,0.07282492021257465,0.3630975974809429,0.20736711900411944,0.0006508605521791008,0.6755026886603143,0.22288416005063214
SAMPLE_04175,0.806279290359706,0.34700069719047955,0.20032884454683217,0.6665288764521361,0.21270119697407966,0.0012036750589834542,0.027476110516389405,0.45510697938825184
SAMPLE_04176,0.9994511147707846,0.13032292362746578,0.2393372465584195,0.1444991498571961,0.15288886961983275,0.028188011665357834,0.09201853484120902,0.16407012789649383
SAMPLE_04177,0.5677700512519509,0.21007899315338777,0.05968042885314076,0.6669900214731851,0.08276558954993454,0.00107953993797293,0.020765002436553937,0.44097203660492684
SAMPLE_04178,0.9988446468930853,0.49621931619850446,0.2664348622578181,0.6693838901218555,0.5498743482939785,0.1733951308798708,0.07717919636911619,0.5436995697823602
SAMPLE_04179,0.9989031955886878,0.6404075099520236,0.06637059158335362,0.6630387787560358,0.2508332213285978,0.016642279656030424,0.029508809521387246,0.3344301288834683
SAMPLE_04180,1.0,0.8588721909136092,0.7920380072254014,0.9987263804916603,0.4612442361812545,1.0,0.9331090928328778,0.5735438083747283
SAMPLE_04181,0.9166178388577156,0.2201768693358519,0.10147432907120786,0.6455549040471409,0.16485424918942,0.0018916814123488559,0.034146811461136246,0.32119618031905445
SAMPLE_04182,0.9994120672542772,0.058635729516922856,0.0500346153224987,0.12181466120885998,0.06504481680212619,0.028964032601213125,0.030699725402241123,0.10080447365590613
SAMPLE_04183,0.7075134403823697,0.16614030108998992,0.15868119561897806,0.3546767127622746,0.2740347625342145,0.00058694654941218,0.6732811401445877,0.24748650558578214
SAMPLE_04184,0.9993523744008302,0.045867530178974276,0.08693325071933639,0.06808654680191152,0.0538666240018394,0.012314147453169395,0.044182765039093796,0.08727894425581152
SAMPLE_04185,0.9994567042015822,0.05830008538259659,0.06995563780842833,0.1124789918765961,0.10321274328146761,0.021433946992077013,0.03205777752043297,0.07841271370676405
SAMPLE_04186,0.15531439051847654,0.11657898934210209,0.18109975060428943,0.3508135878062768,0.27245658192316813,0.0006582724498589368,0.6951934037028744,0.3144894771675955
SAMPLE_04187,0.7353755650195795,0.19247102313225495,0.14219201190229322,0.6662546971271712,0.19904761810541247,0.0012503280893118186,0.06466656551442294,0.5217352780457292
SAMPLE_04188,0.8830671398986903,0.4240502444652379,0.2085004565353575,0.6664560934562139,0.33219895266674726,0.0012480844672982745,0.060371499978276955,0.5243695554387514
SAMPLE_04189,0.8836798045732025,0.286864022027097,0.10710886250346922,0.6651012803150671,0.2419626218776514,0.0024834789565451997,0.09000443767405102,0.36505025903433314
SAMPLE_04190,0.9993618875370581,0.10005437526328886,0.14689119408387846,0.057326569239458725,0.14378004217217707,0.02430053098777039,0.08952083375752419,0.18603803164502372
SAMPLE_04191,0.9991811831395573,0.07477769712188993,0.09346021739205523,0.2750790616926971,0.19049313039871682,0.021663846786772023,0.03632538103603706,0.1840590314599815
SAMPLE_04192,0.9991707879472479,0.07339988315214054,0.09672081901739947,0.0595464122398085,0.10428263768952944,0.011919838492797402,0.0442112525823479,0.1323172180048424
SAMPLE_04193,0.9167890828917623,0.3423152351296739,0.22809437423799653,0.3087306076699284,0.6703581627795742,0.0032094600078632564,0.057798805614451866,0.624666685536398
SAMPLE_04194,0.4673661569394263,0.06002236834489027,0.055735241832314285,0.029764759655634077,0.10818402832790557,0.001346815199795357,0.015163825666773793,0.1832459428004232
SAMPLE_04195,0.9993541551470958,0.08813909461229276,0.21673892190767863,0.4697361814041117,0.13150611455122627,0.005918420089335556,0.056309407960780294,0.25116949905410213
SAMPLE_04196,0.991485834690096,0.12518776541144946,0.11891280934709053,0.647086211349071,0.15312613319566,0.012796680078635837,0.0714834065079331,0.35158425003301774
SAMPLE_04197,0.9994954102110715,0.04359596263585593,0.05156547795502905,0.03305473698196739,0.06724325005719223,0.04228156952949788,0.02520592678391302,0.08763235510804024
SAMPLE_04198,0.9993968643673306,0.17862244672150893,0.09098993215016797,0.30731411028469946,0.1181153239215605,0.028317434647305323,0.03294064494214614,0.16016738673171546
SAMPLE_04199,0.9993981603770012,0.16822105951763802,0.19488273502079492,0.14588185918007726,0.1893628519414433,0.014233984339096952,0.07303260139348011,0.19899342356450447
SAMPLE_04200,0.2707563371535844,0.18703710022306153,0.25344832324721484,0.40787288450336745,0.3125361311494876,0.0007136059015689214,0.7459219126109051,0.35205347498634537
SAMPLE_04201,0.9989353359453125,0.017388983867670797,0.015406016527919368,0.013034419949800475,0.021787125535861245,0.003305090248704006,0.010518879380551667,0.02114750181687407
SAMPLE_04202,0.9987235076436253,0.17926544965630872,0.22356404397956828,0.08278124288415845,0.22699957218456154,0.08392697153949676,0.11004050646927586,0.11308513154659894
SAMPLE_04203,0.999256734587889,0.12016100966541972,0.12287446429522336,0.1950688772446938,0.11225635899570068,0.014900446467669663,0.048449835482038246,0.14687858556881647
SAMPLE_04204,0.9995066899387499,0.11437701175133393,0.11433414391751952,0.11376091263381168,0.17100716428238283,0.017321369655392087,0.03952407948842274,0.13554986906907637
SAMPLE_04205,0.9993586792660724,0.12976676513869953,0.19394323076787334,0.3437344457750307,0.30184040395067874,0.011081479452820757,0.0751881677571097,0.24875583995206396
SAMPLE_04206,0.9977050576196799,0.3950932803297614,0.2212940542286491,0.6548113168562364,0.24453933832755045,0.005293764021695724,0.04775731317832377,0.347222377074686
SAMPLE_04207,0.819909777849456,0.1777898549259437,0.24758928751880682,0.49151984949797506,0.46350917095853345,0.0005857283916374892,0.7248319615727459,0.4458339668410877
SAMPLE_04208,0.824423313062257,0.19295488050110854,0.122864822175256,0.1911176846366578,0.26151336776718187,0.00169834058078525,0.026143791337776293,0.329955076178114
SAMPLE_04209,0.9994520233436982,0.1624721599309244,0.06753494742206834,0.3409024719292241,0.1681073779974119,0.011787776489194109,0.03242167877649859,0.21820118473682426
SAMPLE_04210,0.5266133174106423,0.09041796028453897,0.04815320370194956,0.66555507327802,0.10121362892310702,0.0029594554740933585,0.08508437911305385,0.3520659199519996
SAMPLE_04211,0.9994956363234214,0.059143109085101765,0.0939504503141878,0.01488467235855557,0.1130890086899976,0.006159902771636135,0.022662724235324314,0.04864900263725669
SAMPLE_04212,0.9985745547955428,0.6220547150252983,0.20472976876833027,0.673890632634662,0.22327471555824532,0.017171211211067534,0.049609492768065346,0.35146349224327383
SAMPLE_04213,0.9995267663167278,0.0950274469306585,0.10001786905355257,0.05187926980509428,0.15082990353034723,0.015772734041681478,0.03212142108865452,0.1769050914302596
SAMPLE_04214,0.7610875787830079,0.18738602873093327,0.18682662996300614,0.523641813603636,0.2793046425827331,0.003067681713668006,0.6918298287646683,0.363534266103725
SAMPLE_04215,0.9987280191956724,0.4064742748891433,0.22763510000626783,0.7057525518203746,0.31915124223926167,0.09327484732404741,0.13086644624112556,0.43649181863637326
SAMPLE_04216,0.9992547504342545,0.16255399769808573,0.27945234746121167,0.23585142539340728,0.33836296917693476,0.09024480515033322,0.13963125709466195,0.27098259872366137
SAMPLE_04217,0.4485384956681213,0.14696126554898556,0.4339523028218479,0.5373013769995925,0.3348550220481774,0.0009334264942188744,0.8200515899010595,0.3088437399631296
SAMPLE_04218,0.9975658984296437,0.1808274620991682,0.12581220565424964,0.6532728300460121,0.17086608852492735,0.004986106016230853,0.09473487612546383,0.35031127300145903
SAMPLE_04219,0.09963800856413459,0.024704149551459862,0.024910084728507916,0.9589242379408512,0.05081293966085978,0.0007808831686848594,0.6737622026370594,0.3316955073452635
SAMPLE_04220,0.9991492241596515,0.15805494638679868,0.2171388925245319,0.2401301002306058,0.31715380336796833,0.008118274500799686,0.14581637770346814,0.4039847779039846
SAMPLE_04221,0.17213298093666443,0.06921915042001452,0.060575822083172276,0.35023606714575756,0.1191669394709635,0.0006035736368991369,0.674481569367663,0.09032595569909536
SAMPLE_04222,0.999281801677704,0.27776497637072617,0.12380744599495097,0.6930808793449676,0.18095625487103073,0.22499891321939058,0.1674184444758087,0.37452112800479204
SAMPLE_04223,0.8073063381946554,0.18872198365188608,0.14961405557506247,0.6671695211206518,0.18648179744572205,0.0037399579225825333,0.02700419937114183,0.3871230949317155
SAMPLE_04224,0.9977315768278864,0.1638384344398115,0.09122879511922523,0.4465281172431446,0.10864182017327796,0.016746506150533448,0.043136478315660975,0.278524391757129
SAMPLE_04225,0.9995039391839047,0.07947407394574223,0.07479035310251862,0.050905188324045864,0.08457398149291194,0.011345430316414778,0.024756097081539415,0.07395905840092955
SAMPLE_04226,0.999153620123697,0.057598045676831654,0.05352486101134183,0.018783067988989006,0.0761032970059784,0.004420088807489293,0.02617924630272367,0.0694127529960308
SAMPLE_04227,0.9994158977275115,0.06005771599788475,0.06917314560499219,0.12668147333917776,0.08208141318370564,0.007355116657943726,0.02712858420473907,0.07019749008890785
SAMPLE_04228,0.5932033637790463,0.048037614839710106,0.03419968011401912,0.5386134064585822,0.051929230040896855,0.0007090909535191933,0.6731503940791278,0.07759247659254637
SAMPLE_04229,0.9993395777629998,0.17041642386275002,0.14298499552128682,0.5193944635164636,0.14392806976816433,0.02556176562069272,0.030727993767789397,0.2902073426257716
SAMPLE_04230,0.7977601096830119,0.31107823062983936,0.3211808229202175,0.5558946454010277,0.4330740923193397,0.002190469341296563,0.11667493358829839,0.5146420335801558
SAMPLE_04231,0.6180616498295936,0.1328710019418276,0.14755882491190306,0.015549029990725332,0.2150232741891751,0.001197201041886254,0.020076430410372877,0.2200536235254206
SAMPLE_04232,0.8592302419322824,0.13347939108550458,0.1625173965779105,0.6634001562025322,0.3126573442881561,0.003893168077987908,0.04748059855005995,0.4695876012869613
SAMPLE_04233,0.9994415916399099,0.09337573519870479,0.05820302252155821,0.0876542126080535,0.09564697593995701,0.03436626953145184,0.03937349852675028,0.11711834439851652
SAMPLE_04234,0.9993157206001184,0.4391292648179845,0.24247438826923148,0.6453540250021844,0.42330893339071723,0.018237760248863713,0.061536529970339704,0.5991453572319198
SAMPLE_04235,0.9995312211470969,0.43649387003086493,0.050456699564691836,0.38458194570169696,0.2404824560845349,0.00768234142297198,0.021436109170320725,0.15288327127807425
SAMPLE_04236,0.20871784124418205,0.05965971830749688,0.057198304307691954,0.36117406218190523,0.10454552401995727,0.0007036341184189082,0.6752723186755549,0.08246672333155237
SAMPLE_04237,0.9988374120530802,0.056864037479641,0.031132605800504577,0.05613602114068328,0.05076427093894145,0.006720431028821872,0.019967661549416014,0.03298688725524045
SAMPLE_04238,0.33659788008516145,0.17506478931199912,0.22119680353852045,0.7739951454923358,0.30436539626949966,0.009212948641751158,0.6979985839838404,0.3891040338379664
SAMPLE_04239,0.9993981968051493,0.6540566562712256,0.8434712607107272,0.6383360656465765,0.8168433048276388,0.19487584412457928,0.26674743389972844,0.9088781654733339
SAMPLE_04240,0.12361830751302633,0.0964824618923847,0.26310857619816347,0.42009284354582577,0.3246396966060854,0.0007516596869849282,0.7169279903487311,0.3004795345550081
SAMPLE_04241,0.9990338274706442,0.06896434557988824,0.08710666419186554,0.03586648920938056,0.16782687747436484,0.005725225557933527,0.042876589996003245,0.10508243908863563
SAMPLE_04242,0.7297008003731795,0.2390519202987393,0.21316207055120875,0.6656470459539334,0.4830079251168437,0.0016743413603242238,0.12359045421660475,0.6728876561555568
SAMPLE_04243,0.9981995090977106,0.364901093460906,0.3506935945984972,0.6757498309240256,0.3852961965905884,0.09751366924945944,0.06381864786455903,0.4900805588770479
SAMPLE_04244,0.9994678545947151,0.09425080975881067,0.12259497700039136,0.020747906050789758,0.11045178107370017,0.006161974870103725,0.03309751963546305,0.09801352143971309
SAMPLE_04245,0.9993961994230073,0.017797385195452053,0.028348286585998125,0.07099971286307244,0.02768924474214525,0.008217255065698472,0.01900644093687045,0.049489040881328494
SAMPLE_04246,0.3347508059194943,0.07662565615156339,0.09505834474813363,0.33793020246145283,0.1291377759936526,0.0007288578957424628,0.6716132572239211,0.07448475332221687
SAMPLE_04247,0.6920205247533637,0.07330820940834135,0.05520577223293794,0.6665934514741586,0.06415495828096647,0.0022342069686538263,0.04138423380382654,0.33872039089771694
SAMPLE_04248,0.9266225103481779,0.2538433485380777,0.16717752440336953,0.6654190720710756,0.30265656775498945,0.03250872311858963,0.051274190819304406,0.44641856090347254
SAMPLE_04249,0.5309036875291735,0.14062867716068198,0.14831784154054264,0.049342521106332526,0.37695273023577064,0.001667214043309406,0.03162621724400015,0.37971514782980886
SAMPLE_04250,0.196403757801325,0.04291920208524682,0.0506487981438132,0.33902858892734394,0.0680501996475212,0.0005654420438655868,0.6721880058958828,0.05328173401575808
SAMPLE_04251,0.8176221104191109,0.1148554062489271,0.0964353880373683,0.3910509656139192,0.23766242591514955,0.0006477029067874345,0.6720392169797598,0.20081836906888706
SAMPLE_04252,0.9985584876050208,0.08900392530928954,0.14257892765684257,0.028001156105357434,0.15758675565592706,0.010243446250841283,0.04048341076344848,0.11159457107811932
SAMPLE_04253,0.3304366804295141,0.06628227153861029,0.07523666261659098,0.4397556676408947,0.11311195732167738,0.0008801161128785666,0.681207712603643,0.1504770376793976
SAMPLE_04254,0.9994106885765742,0.3210117002006572,0.3327749721121596,0.369871155413088,0.40430842299797853,0.2052698164152326,0.13747930677252043,0.31269783035998766
SAMPLE_04255,0.8821161343942566,0.1744920644275927,0.16042177741850425,0.6644327028824072,0.46335227167439075,0.0020398236324847096,0.024234111619502053,0.6605763356706453
SAMPLE_04256,0.9994986566606395,0.2564826558288165,0.1572426327615826,0.28882405130759786,0.36962217101087336,0.006983033601863466,0.0775189655396393,0.2643250255718304
SAMPLE_04257,0.9383932126783012,0.3698715545497276,0.11265792898174254,0.6591075206141824,0.2429208948484599,0.001305484316851684,0.06113089558582884,0.48577831262412907
SAMPLE_04258,0.9991452165369733,0.4206903496772403,0.1120279066596575,0.6026925352318172,0.29448738998749385,0.0438120205810111,0.07481803219831062,0.32046914024724177
SAMPLE_04259,0.9991011977598983,0.36184757051467814,0.17639801326799412,0.6710792209154776,0.21400622343717782,0.07673553658475947,0.11425248181445426,0.3489024084320387
SAMPLE_04260,0.9992894874366366,0.024107135947816393,0.04087477099388706,0.05092499867549499,0.04513016912029478,0.004728293551964059,0.021753869373612563,0.05768538978778539
SAMPLE_04261,0.06876710881321056,0.04153891163262586,0.041295345105713026,0.33996864588526465,0.038556987003310055,0.0007375540061395143,0.6743127259636398,0.04567112069578316
SAMPLE_04262,0.9991260852235787,0.15621663407126993,0.15233993962594258,0.043159141098984825,0.38591227202114875,0.005196172152859938,0.020948183830631812,0.20516218375679132
SAMPLE_04263,0.9994441516236212,0.10777095877880986,0.13756365329595918,0.04852425572751672,0.13818009902840236,0.06340920451554329,0.10510916121772561,0.13101039142361262
SAMPLE_04264,0.5964231746740108,0.17459167935297137,0.16216887110082673,0.663721562316001,0.3198142057966064,0.0015619514915205506,0.023598638112044962,0.5572795854691126
SAMPLE_04265,0.9995001879387498,0.3264848100281072,0.5688072674551276,0.4777950064001482,0.5256223510859804,0.027086398937704603,0.235797555719205,0.5568090530711426
SAMPLE_04266,0.999266012270196,0.17390302405990188,0.037008156214360495,0.6545327236878528,0.09761701468321088,0.012260660571796143,0.01594513347462528,0.33044835515219434
SAMPLE_04267,0.9247666007871315,0.27773515443041985,0.06999035720860701,0.6659383358166697,0.230271306842433,0.0014787531743990301,0.02219880515208784,0.3556481681513408
SAMPLE_04268,0.5626373217475343,0.1187030055558302,0.16871288489133882,0.6593106091762572,0.3307871911338814,0.002015465321434032,0.02110787307970084,0.4554526576501996
SAMPLE_04269,0.45315042917102827,0.13360119308941362,0.10758737099192779,0.19918094640097508,0.3558966012405917,0.0043470839063164965,0.02445710267040387,0.3715322831998087
SAMPLE_04270,0.9993555640128499,0.04668704123572035,0.07507798907962297,0.03594787478313811,0.06243190229977047,0.01062358938571987,0.02622017030176285,0.04253625493398141
SAMPLE_04271,0.9278896670609095,0.38703043576379637,0.2460686132853962,0.6661272411958566,0.5727441137795183,0.0049263140772032995,0.10752454732710624,0.7095115482800448
SAMPLE_04272,0.9991562106408938,0.11883693005269698,0.1291169360957591,0.15163615007818218,0.17198723255489554,0.01707258872790523,0.04897677206482549,0.14165093563355732
SAMPLE_04273,1.0,0.75421114981112,0.7357747467117806,0.9986862536475702,0.41069908624069246,1.0,0.9330904760606357,0.47946988126372886
SAMPLE_04274,0.8447577913543407,0.2676480479220562,0.3148850916407746,0.664220944868901,0.30163000032495885,0.01861497723198073,0.05733366519942521,0.39406184074792994
SAMPLE_04275,0.9993885818897287,0.03922980929405941,0.03869757857323017,0.01238329386779743,0.03386482547115999,0.012094187223799223,0.020908699824311358,0.027950396943096274
SAMPLE_04276,0.9994761308511224,0.049275503551121945,0.054509594116085476,0.040570984183276176,0.061081030304412136,0.022034634732959,0.03341759307444022,0.08952721842092436
SAMPLE_04277,0.9992435086507093,0.506284965598791,0.26148473963290303,0.6671959392587068,0.47978225445890316,0.12049144088097223,0.14622308539957019,0.7522003175704562
SAMPLE_04278,0.7254175231089417,0.15777091899798765,0.11399903401417015,0.32819350925743146,0.26445712444315744,0.001835490279520643,0.017415931440364487,0.23596827194708067
SAMPLE_04279,0.18525525076803048,0.0534397267414824,0.06345670549211467,0.3786917410905337,0.08270046424300738,0.0011015103655846936,0.6796177665079521,0.11200507333030596
SAMPLE_04280,0.9993451830692145,0.23689219762209093,0.23703183327061114,0.16693544834693952,0.2391852601192329,0.0876633384850879,0.1134193569887656,0.3552683846335005
SAMPLE_04281,0.9994180381629082,0.1996169771205892,0.14989008008218105,0.3073721482967124,0.20856527927961876,0.0181882249437703,0.048151753984464314,0.1526470227599379
SAMPLE_04282,0.8785312911562486,0.35960854081518406,0.24173610816732227,0.6585124934281652,0.4693475588696702,0.0025842306074999365,0.04932711396563094,0.7299031536294623
SAMPLE_04283,0.5454104598664449,0.2090030702857484,0.057219576391590234,0.9526867130075528,0.1577244074344043,0.00047722765603904106,0.6710385755530494,0.36601788852938477
SAMPLE_04284,0.14039534724810285,0.05418839632418923,0.04560253758977759,0.9845135871752665,0.047120713071634714,0.00049191966123279,0.6722080665517449,0.34546943825420745
SAMPLE_04285,0.9995164738844383,0.4389991127606834,0.6642068721395606,0.5599060120942987,0.3438054558503614,0.06617672412286582,0.22716675420856378,0.42749259023758485
SAMPLE_04286,0.7253225178623423,0.11594916681159266,0.1402670492593805,0.77613511483503,0.39180444065203196,0.000643863176190725,0.6881050195636429,0.4914319466226798
SAMPLE_04287,0.9258947756241666,0.19648935276496104,0.2524186405180342,0.6588995774818488,0.2956101445030457,0.002227640065968354,0.10729437162445231,0.5660770601042179
SAMPLE_04288,0.9993968522469535,0.05925684530787644,0.11296201168127573,0.07360359776938008,0.10807478464965693,0.008399484507667023,0.05137080690038173,0.09502689361045084
SAMPLE_04289,0.2814266205131945,0.0430774472378049,0.0318302546702055,0.9527126464613221,0.10191448929865266,0.0006144966938164499,0.6740371366037218,0.3554631114276509
SAMPLE_04290,0.5948391223161743,0.15426121857621858,0.15077919773278767,0.36225881275795535,0.32072098151581857,0.0011405762225359343,0.694269740303569,0.3828316901017006
SAMPLE_04291,0.9109973608941702,0.4854986055752701,0.4863333157590566,0.6663018547831867,0.5367401490531377,0.0015907310934671103,0.19255950615487183,0.6914065487908975
SAMPLE_04292,0.9050599192396187,0.22828619156200025,0.08618320223144026,0.6663989401879341,0.2946542771982745,0.002743513117407222,0.025438771504881098,0.4409842034910678
SAMPLE_04293,0.9992195555039102,0.09220558351090309,0.08773553778042364,0.039384217736631304,0.1889223422319678,0.005209140910346687,0.029357121661234997,0.17022657037682953
SAMPLE_04294,0.9992597241535748,0.4473222165289939,0.06604121797426452,0.4466295832900041,0.18322500079079207,0.012774103653110028,0.020767229700580106,0.25929128874114854
SAMPLE_04295,0.9991073789181609,0.05862957857886162,0.07441328599665589,0.054998407059577425,0.11216883761475666,0.00818276591172583,0.03006267640434704,0.12190514323340303
SAMPLE_04296,0.999224779311631,0.16492873394037727,0.2184236963308095,0.6717868694990673,0.2085137204492928,0.02234512392130041,0.11378245826596416,0.3873766897164135
SAMPLE_04297,0.11226257121751516,0.05465602230592448,0.07764315899182782,0.3491865111744945,0.17755533321066508,0.000647083323562021,0.6943812188543421,0.16259336172848107
SAMPLE_04298,1.0,0.7642925465897502,0.7423400425551003,0.9987620451585576,0.41440969346661755,1.0,0.9330293349992881,0.4397845349757629
SAMPLE_04299,0.9994512534280378,0.0894730893609124,0.11384252579226446,0.08600061827625749,0.16759986223212275,0.006390506072904019,0.04318341630629673,0.1279434984851813
SAMPLE_04300,0.9990188300087053,0.06327480593521186,0.05940318588580692,0.5650974118748983,0.06926993612418084,0.008199471203120014,0.025694428272119582,0.3635378289970206
SAMPLE_04301,0.9989392082007398,0.21126120366298828,0.16999231654151906,0.6614605228718307,0.22567090814902968,0.02822871118013322,0.06584048888440426,0.3874596857358743
SAMPLE_04302,0.9994961150697721,0.2585914992767789,0.04587297755588335,0.0703030314225964,0.19184506032312706,0.02182746070974915,0.01615271511073697,0.05237134201049312
SAMPLE_04303,0.999442465965768,0.0653591784852129,0.10014382887403599,0.22607634486167186,0.15846184293798252,0.03291150146655442,0.0396861272377533,0.12361080476552566
SAMPLE_04304,0.7208387862299473,0.13994296645907411,0.1669048241021951,0.6650743499264195,0.29520116522513135,0.0019668071152062778,0.05417522493864155,0.5851035077656682
SAMPLE_04305,0.9994398562729395,0.23266624083616558,0.09681264725583145,0.12911138070390668,0.2152559772027074,0.016449735405653636,0.06484558468112908,0.12857467753401655
SAMPLE_04306,0.43646203555536417,0.0714011382771141,0.06037143059833194,0.8678052837664963,0.09822520131551449,0.0008128560914209388,0.6767091964720858,0.31956368453821193
SAMPLE_04307,0.9994225475711271,0.06567549928843039,0.08179898130890421,0.061359648389809424,0.08381923879655129,0.06189358596559286,0.04222775441862454,0.06297104239599646
SAMPLE_04308,0.8093222512855393,0.1562661128703356,0.13011052014974248,0.6638069751090213,0.13177317475151734,0.0018521687972169593,0.024107698116880617,0.36917412603991856
SAMPLE_04309,0.2751585323997974,0.03439676793674836,0.03061571587906368,0.3402924170921671,0.044591649324362215,0.0005892948551964302,0.6724199174555233,0.03621750298929535
SAMPLE_04310,1.0,0.7964475393578961,0.795636715600299,0.9988081633794913,0.5235102663983296,1.0,0.9331656835606127,0.5431759873451724
SAMPLE_04311,0.8738099265701407,0.36837300309439697,0.2475633970971326,0.6653827651588603,0.5141022259279677,0.0013343415339398526,0.14909429774069177,0.664656013842694
SAMPLE_04312,0.9994793852387339,0.2910321179602113,0.04147350831699007,0.22805076027963875,0.1854450689090397,0.007662240089361765,0.03826265967838162,0.18061656493381517
SAMPLE_04313,0.9994427400716587,0.03953941809935927,0.044702249880448956,0.046623228002436824,0.06842142343309608,0.006098541918946332,0.023275451346065235,0.04104742414189184
SAMPLE_04314,0.9992852387594469,0.25465689066059977,0.2947836107469698,0.6388036430573694,0.3456311031523811,0.013305869269343018,0.12129289086313784,0.47797709186783255
SAMPLE_04315,0.8795406093303165,0.25455706260593913,0.3945531473022575,0.5228012625442982,0.5095339257041271,0.0007837375976113614,0.7598554213069718,0.6062073705036474
SAMPLE_04316,0.9993334490737481,0.2141165233443821,0.0568688533106723,0.6670884441975634,0.13734054182941222,0.013848044382470745,0.049070636204530914,0.3498232958814975
SAMPLE_04317,0.9516745603187329,0.35930872992320956,0.27011710660965216,0.6601569512392031,0.5428947414673403,0.00265277728419115,0.05572650823025035,0.47030261761343645
SAMPLE_04318,0.9994100304466551,0.0812191920566681,0.05619494432784122,0.22441942709239984,0.1579813019035679,0.036840343618110186,0.036451007284993585,0.18680344604361498
SAMPLE_04319,0.6766456314541472,0.36742453819809556,0.10844329001672136,0.6130285931470588,0.2954186679893917,0.0017510069120461236,0.026134215658516355,0.4853344477690653
SAMPLE_04320,0.999354852123152,0.19404555846404134,0.12102609004761271,0.6499787610874406,0.1656895531049686,0.013450536931008903,0.035411077139223264,0.3663578668608707
SAMPLE_04321,0.30571158390057446,0.19439738723468505,0.22952078425451417,0.35070439982822177,0.2984757328566115,0.000727464970620535,0.6946003926412048,0.2713176444679453
SAMPLE_04322,0.9360027405767276,0.3802080960511107,0.22930764963820258,0.6663360184636796,0.4537042126759931,0.0014663256023005387,0.07020352930760479,0.5358616041176576
SAMPLE_04323,0.9990120204034828,0.13054584827189014,0.4280689095941936,0.08463055548306873,0.23899654073432475,0.011998007691837639,0.1371885864098624,0.18812578808927724
SAMPLE_04324,0.6865222007831461,0.31646733295094576,0.27499443298767834,0.6590669311959484,0.35000207367444774,0.003869192786722131,0.1318805532585542,0.5414537268988979
SAMPLE_04325,0.6543105199981901,0.25909064345222166,0.24116523155717842,0.3666767928108758,0.4349502099080751,0.0005688219851568651,0.702948979241467,0.4288560508192507
SAMPLE_04326,0.6968104111462666,0.304324604405056,0.2629176526307874,0.12331085690952848,0.4836530253245283,0.0019187113875405554,0.08597324803099876,0.4930365088535213
SAMPLE_04327,0.5238397386922741,0.16334788345915638,0.08446375648217745,0.46206767276876537,0.2346149939540821,0.0009161871341064797,0.6967172891022287,0.2584082161446464
SAMPLE_04328,0.741108972899594,0.14132092569037963,0.16142090325369965,0.8990921805615555,0.3086173596291813,0.0005509958775961743,0.6762048156186861,0.5125700052975379
SAMPLE_04329,0.9966795830050875,0.3919035651720481,0.31471334376359233,0.41684918217213385,0.24106850876256322,0.036508972019533646,0.0791495467500975,0.4386723595581441
SAMPLE_04330,0.9992073896775172,0.34692466992355664,0.16232335524097155,0.5646457002625335,0.16940091746402627,0.020646762924185682,0.032357770268444545,0.34033568482595994
SAMPLE_04331,0.9992739808514436,0.2470615936164723,0.12318273495137466,0.3803810651884267,0.20798208484999292,0.04714809552543728,0.04082754730565817,0.21208348744821773
SAMPLE_04332,0.9802646648641362,0.5150571391134325,0.23140348369559474,0.6664642926504142,0.4522433973815105,0.0010683487726725642,0.10107517842882084,0.33803514989804895
SAMPLE_04333,0.15148515262322718,0.049087917433323726,0.04483501171493947,0.3977465952487093,0.04094338991437299,0.0007652710436741446,0.6813865119004742,0.06326336302943827
SAMPLE_04334,0.9323654007909462,0.24629211197133286,0.16456127604287438,0.6646803201326096,0.4844629732441077,0.0017707745663834227,0.09284126940828175,0.5722648506971714
SAMPLE_04335,0.9993716095300638,0.04397234916643605,0.049747339766987704,0.02620696842442495,0.04728980791232229,0.010321682309159587,0.02284126060632491,0.049908813041595855
SAMPLE_04336,0.8297821004338132,0.1298774475682333,0.1485670423568092,0.6651133305337381,0.3291947594902333,0.0021466669230639844,0.06085041652939716,0.37781981978944007
SAMPLE_04337,1.0,0.831565421931066,0.8124488640498634,0.9978615022008027,0.5915792954351519,1.0,0.9330394554387974,0.7599619679025521
SAMPLE_04338,0.9995156003815647,0.22270153365021852,0.19643431972248115,0.33765935209943326,0.3446486422292278,0.004739937533733216,0.11512118219125435,0.2146360274522731
SAMPLE_04339,0.9350603068902369,0.5928011588396133,0.2937717687383956,0.6607221958604094,0.7227292494546189,0.0292296120200239,0.03783769593445773,0.53236772989296
SAMPLE_04340,1.0,0.7722383505245243,0.7434143303080768,0.9983981466502149,0.46923893833048536,1.0,0.9329079626620134,0.5337364956277321
SAMPLE_04341,0.9986373265726622,0.32327134608253455,0.3366569463522995,0.6792680861732233,0.38147826629153037,0.067623976030252,0.07952022042497321,0.5033920699198753
SAMPLE_04342,0.9992208829597261,0.18475973554946587,0.07835103264531236,0.11708564579007659,0.12163953788780012,0.0034537347725564853,0.011011295579605831,0.08001044849233212
SAMPLE_04343,0.4468014783692449,0.24370196939854927,0.45870854856011095,0.9888987123145987,0.45079635940066903,0.0008070881114987499,0.7545031781899588,0.7319575842396847
SAMPLE_04344,0.8073216065845897,0.21793499258322782,0.24101179548779314,0.029100133166463954,0.5431465414028595,0.0019344007517215144,0.11683913420411289,0.5669352914606183
SAMPLE_04345,0.14999168885824313,0.05682071364143915,0.08104834740745338,0.33601199899892314,0.16057310775716693,0.0006748297011645649,0.6738885331498815,0.12225244700434292
SAMPLE_04346,0.9759290708031898,0.2661570310090958,0.30206062545074686,0.18206699595815357,0.2875083629361073,0.06766005924528817,0.2147211472595865,0.39269451807508493
SAMPLE_04347,0.9992256628726484,0.46805850117439346,0.25812764026097035,0.6916527427434619,0.2421685997880564,0.09758341759399154,0.09296598609976721,0.4100602982292086
SAMPLE_04348,0.7570438769893784,0.4234936279214258,0.3617930699487733,0.6341479140087912,0.5740233770977147,0.005852722933444848,0.1086948125715523,0.8058475723439145
SAMPLE_04349,0.906521649573313,0.34911541007215613,0.21980309401383225,0.6518021731480772,0.27730650439412324,0.0017495120782751335,0.06311281187182229,0.42703695601525804
SAMPLE_04350,0.6739866208945028,0.09543192762060326,0.1215730629233661,0.3504843245108009,0.2586239610542169,0.000658949774272505,0.6901592874681945,0.21441356704320538
SAMPLE_04351,0.9991973654890179,0.08326986551467022,0.04218597848022049,0.057001867703114606,0.0718954575153082,0.0067352072717044185,0.020974159556811048,0.07870117761086837
SAMPLE_04352,0.5843547603081434,0.12825911744472704,0.10642410820932093,0.665855907125049,0.17107971826977006,0.0021270825622414797,0.08128267732440346,0.37737474720163916
SAMPLE_04353,0.7566896240629708,0.4131810858026596,0.24481726222369327,0.6211355524030966,0.34025670354068344,0.0012084791053208533,0.05766902654476152,0.5053039208438044
SAMPLE_04354,0.560147484213213,0.2991134336141286,0.22170388684829048,0.6655720950923021,0.4546215029355191,0.002787514568313917,0.053379157986901855,0.5310832543216465
SAMPLE_04355,0.21462719267180266,0.11532770867404879,0.11839771291373191,0.34490327416387495,0.14595863585152352,0.0012467819076205336,0.6851014620294015,0.16991255758035775
SAMPLE_04356,0.998961893461591,0.1893971250873061,0.24164148702345445,0.668902045079499,0.14319931262867094,0.01590916042346691,0.07844637743958705,0.4540753118159153
SAMPLE_04357,0.5948129539847055,0.11146898620413918,0.05442786724660057,0.3449690082308204,0.16693997443799047,0.0005603562821249702,0.6732674128644281,0.19200057465433074
SAMPLE_04358,0.9992822510979077,0.09206434517692079,0.15549867126351544,0.05190425978936241,0.11551771949358958,0.016722978943943697,0.053446607726774426,0.13114884495622461
SAMPLE_04359,0.5476576073375329,0.3255749799514469,0.18580100329304008,0.6674170531082012,0.20494743938792223,0.001503176071607752,0.10432400253380336,0.4102558431600247
