sample_id,Ampicillin,Amoxicillin_Clavulanic_acid,Cefotaxime,Cefuroxime,Ciprofloxacin,Ertapenem,Imipenem,Levofloxacin
SAMPLE_03360,0.9979079495964076,0.015150307902417991,0.019299908272110918,0.015141133166904198,0.03170648499559742,0.007787957268495979,0.01890117452228704,0.036715458731451274
SAMPLE_03361,0.2867125363257217,0.07999928689870502,0.07359041792171234,0.5055266431278412,0.031754708330916384,0.0008110189679339689,0.5098889648066856,0.08886540217278144
SAMPLE_03362,0.6498163481936823,0.17735679219709252,0.2132035874538832,0.09034369412357385,0.35845931754511207,0.002431155215457311,0.07649929000512676,0.4261127536314052
SAMPLE_03363,0.38698703922223976,0.05248315970624188,0.09015261625608871,0.505135557578127,0.07849946570782032,0.0013133411877529336,0.5214538462004303,0.0395590674452407
SAMPLE_03364,0.6244072548530333,0.30513449032346646,0.34676867719996984,0.4978495080600041,0.37627191233000845,0.002909037845548974,0.06659369302217234,0.5885859057032089
SAMPLE_03365,0.9169768819892825,0.13125849606264534,0.1969911209217194,0.4572467948114206,0.2063469109874794,0.001993662337230081,0.17040398566557677,0.4722350385293713
SAMPLE_03366,0.8507062342147722,0.30658533813183025,0.3163209684704347,0.9950624806427856,0.2718552509069789,0.0009358318778536428,0.57987307243471,0.7477782047619306
SAMPLE_03367,0.9382211271294623,0.38948214858044405,0.3618490847192239,0.49845629710784867,0.4264980735964661,0.002425221054222427,0.10347927343728172,0.679599294222768
SAMPLE_03368,0.645074434108814,0.39299444597702354,0.46518011842722296,0.9952258471786591,0.41423614062369113,0.0008231787738877942,0.6587770451814612,0.8718628773232677
SAMPLE_03369,0.9118630739739205,0.5811292758088162,0.4419589570539974,0.4994444484673718,0.6080113829856467,0.005481535141080289,0.1094334245016277,0.8991849748598244
SAMPLE_03370,0.9361485553253108,0.13631338400958756,0.3193739734437547,0.5111673492606569,0.238200364126191,0.00553294910231441,0.07734042179673395,0.5062317478021424
SAMPLE_03371,0.7468866739753243,0.05329599828121459,0.06449202564570981,0.5005207975022983,0.08501995342212008,0.002344995476399014,0.030299814473083657,0.5033287039266774
SAMPLE_03372,0.9111196732932483,0.25218513090685085,0.1696599230817712,0.4967578513200668,0.15011797316359538,0.004465753350193224,0.07385273181375412,0.49091903093437955
SAMPLE_03373,0.8745737358469521,0.17878984851705926,0.062387249148277965,0.5005976673991377,0.24703065900391247,0.002268678603890992,0.10474339981712909,0.4752337339737963
SAMPLE_03374,0.25490792755290226,0.06848060283565806,0.05138277765961527,0.5023616133401478,0.04299050020132132,0.0008963607278149472,0.5151027803505934,0.055023373652257596
SAMPLE_03375,0.9179251988479659,0.27771699626939217,0.12103194020445925,0.49908755031836555,0.1992697715873527,0.0022395435605301597,0.04576963119870357,0.4982562791607632
SAMPLE_03376,0.420572523009781,0.3700926158004605,0.3964841847902025,0.5009784673812196,0.28080327688991186,0.003867483092098053,0.17230802286845587,0.5007290431603504
SAMPLE_03377,0.898700530411575,0.23268178414986407,0.16868326981745924,0.30930020138976505,0.29657884642787624,0.0022212753941792114,0.05273932814465284,0.4661228213236508
SAMPLE_03378,0.9990950187207268,0.03928554311173146,0.04988434519524631,0.016054575260527205,0.12999734698837437,0.01042765672371774,0.03220734647214779,0.1991449936405307
SAMPLE_03379,0.9988684169383895,0.37815381283038646,0.18890097620438123,0.5036254661055465,0.235002389967968,0.046028292340962236,0.10699990733733257,0.4984262401257484
SAMPLE_03380,0.9444422517513429,0.5725588764308116,0.4611025462098815,0.378892192777788,0.7080923311895088,0.003230125770610912,0.13960607477674106,0.38538399790945527
SAMPLE_03381,0.6350271115129194,0.19006845076427953,0.09740963959465818,0.49705275466818527,0.17363668898387313,0.0024857270013722054,0.09180554750895309,0.4916993852554522
SAMPLE_03382,0.9990623966172179,0.05831145443275386,0.09708676805028665,0.08693002700813635,0.0671597549656574,0.011287181016692597,0.031256776102737284,0.11416013148548253
SAMPLE_03383,0.9991894293473866,0.06553048513171016,0.07253406057192029,0.014225865153372364,0.06718411699952016,0.005905323058930264,0.0386609395257831,0.1379455700046291
SAMPLE_03384,0.9987711773935293,0.134018633954145,0.1921928086752331,0.11618822154584994,0.19082470357396186,0.046036612952725806,0.13151361298781922,0.3211030576920171
SAMPLE_03385,0.8105988467524405,0.19800667494656865,0.177962813931187,0.4990025724549689,0.32990964191746774,0.00259410115799737,0.08313613340108353,0.48410565226470553
SAMPLE_03386,0.9409005102719677,0.26951125087659816,0.2903966966985016,0.4958785385527253,0.3535986183365074,0.0028185605892220825,0.08682005208132519,0.6663753279292925
SAMPLE_03387,0.105158893501174,0.053049356718098566,0.07616549251961238,0.5035070281450994,0.042573349367253904,0.0014015118613664682,0.5116297813921571,0.09647922268379686
SAMPLE_03388,0.12140636382661646,0.1041201265473585,0.11429039340657694,0.9941045842647849,0.288687573545213,0.0006335706489179776,0.5092754155330899,0.6780195130315102
SAMPLE_03389,0.9992741791962455,0.053516788510530454,0.08206523585400864,0.010020177165896732,0.1438450712824189,0.008865746971290677,0.04217127812109598,0.054436949235693
SAMPLE_03390,0.9993183180739309,0.1837753965895882,0.03838506346454393,0.06212055788823701,0.2299323453007354,0.007693538672001204,0.02164130511239765,0.1479492685634327
SAMPLE_03391,0.998692189173761,0.1931090883439939,0.20697880763984655,0.0362061769142068,0.11189324840294858,0.007195646307781328,0.11308480145529015,0.14286605101799343
SAMPLE_03392,0.9989773905850478,0.02714414839151819,0.03298040864628925,0.012538859158418628,0.053106092272501515,0.012736399151607422,0.028190855130055547,0.05635787679188103
SAMPLE_03393,0.9989879215553915,0.07397626199224733,0.1881642963622023,0.02915193909605256,0.1410016659233488,0.04527557026701215,0.10478511513025848,0.09468253695258173
SAMPLE_03394,0.999262068154797,0.14645857330117618,0.2299062107326369,0.03223551383507781,0.12883233979132314,0.023493527161184066,0.09413190280774805,0.16938184244655463
SAMPLE_03395,0.9992186953322784,0.04695598642962923,0.0911333957365688,0.01996949289472631,0.1661516671190223,0.007539707252553312,0.08229927660474222,0.11112068387755401
SAMPLE_03396,0.49271231747638844,0.14309831685994154,0.1930891660734885,0.5146179514233922,0.08912783453215092,0.0010297930151275494,0.5139535934134853,0.08039207384993381
SAMPLE_03397,0.8909955113635726,0.4236490168603038,0.35114558779957655,0.49671240921767607,0.3020603175658391,0.0029198675581180874,0.28100484166477535,0.5686571153374655
SAMPLE_03398,0.6868416341941235,0.3430104765476119,0.3896204892610275,0.5002326618970059,0.40189900396502826,0.0036142553734519797,0.17056246126802554,0.6885516866027914
SAMPLE_03399,0.6468447256360261,0.28132329712430654,0.15672297133160307,0.5145298190775837,0.344485625488904,0.0009788769570142901,0.5088375350063604,0.335764405318156
SAMPLE_03400,0.9991734877927153,0.06037205466259361,0.13814868578925713,0.02721414493188449,0.17084947463440708,0.011999682884953603,0.0830258089185359,0.20964134337076892
SAMPLE_03401,0.9991487070121737,0.045125140620480494,0.05552134901152367,0.01340180017559944,0.1280253082107891,0.01273151817525766,0.08744811938030063,0.10036944555947813
SAMPLE_03402,0.4552308002560882,0.2578553815998197,0.27041780655229974,0.5528215877070667,0.2954524619186302,0.0007604264731492022,0.5314745886455763,0.20893202312676906
SAMPLE_03403,0.9992280001423381,0.09213986138445356,0.13927332733086545,0.11319983839193545,0.17773428378411923,0.021304512338130646,0.042781822924286214,0.22506339999358108
SAMPLE_03404,0.9309010108118141,0.4856641272311939,0.3281720788064858,0.6545529966140532,0.47460589161886096,0.15304672302657277,0.25690964526665766,0.6612927702735929
SAMPLE_03405,0.9359435251119406,0.34194343890302714,0.24986578166667248,0.5004256361280303,0.6966344406447502,0.007818754397674927,0.1531271854001464,0.6022807527655947
SAMPLE_03406,0.999189116221699,0.04916929944115185,0.07213158334067403,0.010452139952737118,0.0700690549353343,0.007451485070707909,0.05611026951039332,0.07346016203815751
SAMPLE_03407,1.0,0.684187356136328,0.6201304352692332,0.9978071359367235,0.5679956765610176,1.0,0.9997038548829447,0.6770343303039259
SAMPLE_03408,0.998033598339617,0.5032472751526348,0.17257996620863109,0.5052471188739559,0.25097801110873724,0.05749165624285897,0.12445774982985416,0.5050101763312069
SAMPLE_03409,0.13746164942647948,0.17173895210310994,0.15805427523747223,0.9947833753478658,0.21212068027735492,0.000674790719378348,0.5096717428882029,0.5569651854649248
SAMPLE_03410,1.0,0.7353542501121897,0.7043919243045624,0.9983150232223876,0.624353618641593,1.0,0.99974732547464,0.6708152719257379
SAMPLE_03411,0.9989335614968962,0.15159078186715064,0.12920281467703398,0.12447144150483022,0.15542170149096288,0.13366063695596178,0.08305178710889434,0.2624317556474795
SAMPLE_03412,0.9987981412300335,0.12471759361289288,0.09778674057161144,0.015945876365416584,0.31275877563309584,0.02587955491652236,0.05565972731970866,0.22680276515323822
SAMPLE_03413,0.9991701272703424,0.05390148459585395,0.05730470925057822,0.1504900861841966,0.08717268326513662,0.01990726649029281,0.034766095276935444,0.18688671664540774
SAMPLE_03414,0.10382400814880252,0.15882604527868502,0.19223953614491276,0.6686289494604305,0.30131909845963156,0.0008881209427753641,0.6121372918640751,0.44188959227697344
SAMPLE_03415,0.9991030872768388,0.038134667862213145,0.06308959078419815,0.012913637805838141,0.05662213191197572,0.013718708500951136,0.03926211204811594,0.09870566768858148
SAMPLE_03416,0.999123242232123,0.282598713555476,0.21961054998501187,0.5212249019774906,0.34912168679409916,0.03349238532807947,0.1145891630889384,0.5011608041128752
SAMPLE_03417,0.24794325464089426,0.04356633148514753,0.05655465377909766,0.5021374265831783,0.036286078736676886,0.0007973933576291279,0.5095419363293326,0.03324922429554234
SAMPLE_03418,0.9990350980009752,0.16788274352363505,0.1911908474440629,0.3006142338589725,0.14410906941851215,0.037341577916970445,0.14972115329599844,0.3214287272150002
SAMPLE_03419,0.9992974943516959,0.2784353730060869,0.18629383551804354,0.031053263316259544,0.24947668815902851,0.04098288662341396,0.22094094507182407,0.15234382333066937
SAMPLE_03420,0.9987266761220611,0.38747512877061596,0.5121782429139827,0.5152770764678658,0.40368413477314646,0.016408047675041813,0.31008508022085657,0.7147241320287333
SAMPLE_03421,0.5783513688118107,0.1857608825438627,0.1794231945149289,0.022187080735995294,0.29583322612708446,0.00233080368308988,0.07308240913811268,0.3790137520606905
SAMPLE_03422,0.9990986649898816,0.31368417374268176,0.40484498537920555,0.02256603319804559,0.3466033907209331,0.01738544605775122,0.19986987960462838,0.3298300383867046
SAMPLE_03423,0.4259880600130561,0.13227281396232504,0.17002371106532763,0.01830653812253163,0.19414120013986752,0.002269355790634454,0.04011249887024703,0.1930680751761151
SAMPLE_03424,0.6263015631361195,0.16107000841671734,0.23978646055372244,0.5017117580761447,0.26548418587297545,0.020745755489422212,0.05809931487224758,0.5526786488065364
SAMPLE_03425,0.9990068513752905,0.28704145527659897,0.17340936290608117,0.5368027852675051,0.3897498263379389,0.24749396445708177,0.043503277317746926,0.47238381377974786
SAMPLE_03426,0.9986324697481486,0.21710586238867363,0.19241699545206364,0.5032848413201502,0.3664858990084465,0.05048869525629196,0.09626486596775051,0.6182825766652309
SAMPLE_03427,0.9991513807080495,0.1603610457168402,0.08087985752279185,0.07390958902384062,0.11886019315307134,0.010912744717335934,0.03488334663628096,0.09545024993250119
SAMPLE_03428,0.7003772177306067,0.22402207652993558,0.10158828545526205,0.5006635115620027,0.18485416787621817,0.001529674632571764,0.029520107583223924,0.5237086169205272
SAMPLE_03429,0.2268525358703818,0.09488746884702122,0.23104406204207067,0.5163485302675338,0.11906314859320252,0.001053556826389136,0.6120970805747288,0.13146320891287383
SAMPLE_03430,0.9990989502418473,0.15145182233518395,0.24778439394566928,0.4878822128604608,0.18394989936825334,0.009312150796677226,0.10473099616733647,0.4087333608629975
SAMPLE_03431,0.9987338224511266,0.021812735892220304,0.08734646489553727,0.149799615453668,0.03835072449378378,0.007863528980265738,0.05541879211923847,0.12861058062466582
SAMPLE_03432,0.950841023690248,0.29692328154526737,0.5218995975686418,0.5010519295597159,0.633712530703965,0.009372971675014895,0.31764197941040007,0.7624053334050008
SAMPLE_03433,0.3753769655201353,0.13031864657569064,0.15865994850872234,0.5181540539638961,0.04933675041922611,0.004091123394054675,0.5153119613757422,0.26588422519107235
SAMPLE_03434,0.9991534836417388,0.1405421315634279,0.26247113912651365,0.14649079606868845,0.18266477740556053,0.07408970875361366,0.11935423619460536,0.28173507210395465
SAMPLE_03435,0.9992522506175354,0.026431610029251797,0.034393643696295814,0.019584185856954227,0.0439396308962082,0.006719267832934212,0.03236607142092144,0.1155302943577261
SAMPLE_03436,0.9993183231214853,0.04247053606613582,0.05335502567998539,0.0927245395615048,0.053259014879874264,0.01005657569514304,0.0517873744834744,0.09789199522438297
SAMPLE_03437,0.9992151691312053,0.031322730803125205,0.0586926632940588,0.013885535814158426,0.04973478785124056,0.006859090748885121,0.039887130058087986,0.08295385503151585
SAMPLE_03438,0.7798273848718693,0.4190237612756673,0.44021119258481506,0.006990305400778023,0.45014630369305936,0.001897328852209993,0.07944497818949402,0.36461715880845363
SAMPLE_03439,0.99912604313819,0.054387503366597104,0.05173047942324905,0.01949588246468957,0.062443200658817685,0.0140079464890877,0.054123381995243275,0.06818077775045406
SAMPLE_03440,0.9535190988326481,0.38950082384191326,0.4366427875477958,0.49290683554618536,0.6615197249586298,0.0035307714753391446,0.1674092387470318,0.6712376772616462
SAMPLE_03441,0.9356458230721453,0.17145770709841895,0.18167551011454672,0.498510177202943,0.373754297140905,0.002674099404300899,0.0786871295784223,0.6010661869992528
SAMPLE_03442,0.9990920100501337,0.03283388005431047,0.021558777421460562,0.13570229820496846,0.08679826808953346,0.008772292219808322,0.03421680105326063,0.17371152518535363
SAMPLE_03443,0.9991603951577059,0.4007985218688284,0.3460030976395088,0.02084060576854621,0.5155641312407429,0.02337797047173804,0.18093068273415833,0.31212903846096085
SAMPLE_03444,0.4964031780112777,0.08761911516630136,0.0860013425361751,0.9940346046369013,0.05781708854748978,0.0006616733720193515,0.5085057683265647,0.4939080830536626
SAMPLE_03445,0.9989492857233138,0.14041250887541656,0.10318905001987431,0.5017680435313819,0.1415539651634249,0.0333387771576045,0.065819748137043,0.4610039869449881
SAMPLE_03446,0.9986506741431247,0.20082263977238074,0.2184884159537197,0.3121572525344315,0.33561092725735353,0.010506165946135822,0.056088246436561476,0.593159152942765
SAMPLE_03447,0.9398951040944614,0.22799148917424128,0.36467616084016374,0.48653270658152337,0.4286960464414973,0.003211078183003634,0.13230645924943082,0.5506640008858555
SAMPLE_03448,0.9988660812709363,0.31827357411843804,0.06493572561295538,0.281683112231886,0.35636488175944314,0.0319761943467345,0.09374958476285764,0.3918438263241465
SAMPLE_03449,0.9084561291252609,0.057654048996009136,0.0549513194294085,0.49627395609252767,0.12690939392828324,0.007455405424274706,0.04981751737301377,0.4743523185455236
SAMPLE_03450,0.556281054002798,0.08156610381814577,0.04287515957490581,0.20207331145301702,0.11215561248621655,0.002356469909091199,0.03058769805108344,0.2165984269506241
SAMPLE_03451,0.2834367694771739,0.4364251933485124,0.5994661488047269,0.8746902811896853,0.5135047740971673,0.0017313264147532641,0.6191238152298147,0.9332105490838137
SAMPLE_03452,0.8778444753734724,0.22489080180177187,0.18227544171677101,0.49895117931949534,0.27636184749117737,0.002435699674696689,0.0358113194845361,0.48971571975374073
SAMPLE_03453,0.5864663004988449,0.11441666415213694,0.14069973574290123,0.5777901330351826,0.2392087467336388,0.0007121825579105092,0.5280515446333263,0.16259349175835278
SAMPLE_03454,0.9981556267955423,0.06325595647577852,0.11148406562986876,0.0124219888112454,0.18388661813288143,0.0036571499402365455,0.0328228769401098,0.08206690509573922
SAMPLE_03455,0.9990652627825427,0.06328647677176713,0.16789738035190563,0.018904195003484555,0.096034035081105,0.02332263222675641,0.08991239593859035,0.15483993848413186
SAMPLE_03456,0.999178660132132,0.07590584344846953,0.12811865409265752,0.014251998683753013,0.08734160564366818,0.017199065486996356,0.036730165830965354,0.08801955925299262
SAMPLE_03457,0.8478751259382387,0.7003561700740677,0.5430784845814678,0.500541592662655,0.810977383225931,0.02403582913986371,0.12547533567031616,0.8662334440612105
SAMPLE_03458,0.9770817599962955,0.39583358606748476,0.5469068352677746,0.5028570025419037,0.7566806414436289,0.012395785359615292,0.19903691051992464,0.5064883255281007
SAMPLE_03459,0.9990386449444096,0.3930946734637423,0.2532787075023663,0.24893401799509052,0.35243279461123056,0.23117086094720174,0.2769434797366948,0.3594832257981492
SAMPLE_03460,0.9993135110072818,0.30326884348745786,0.20111002490472057,0.16763301205284759,0.30061539082472555,0.0240119106879773,0.07983969477416959,0.2208440112832578
SAMPLE_03461,0.9467198571998624,0.2523722205489524,0.2557646219414029,0.4969371367039497,0.4619206878476132,0.0062507814868194055,0.11014009885742386,0.5672244160974169
SAMPLE_03462,0.9404123748314434,0.179093598060111,0.09819303256601922,0.5010551224012266,0.16437307359350375,0.0029346464969487135,0.08602333184002127,0.5131092241212669
SAMPLE_03463,1.0,0.7303952466124011,0.6559754903205248,0.9981597330754444,0.5967804797464704,1.0,0.9997405212625472,0.6754402180207821
SAMPLE_03464,0.9992567164498241,0.11573445704730415,0.027106743682640915,0.012483834193190001,0.21128922684170565,0.008135254354770588,0.022469538147515043,0.12819841095728465
SAMPLE_03465,0.9988599476279059,0.24868668641101568,0.17957887662123523,0.027031861762986296,0.22256815939057895,0.012540781466324556,0.05620562433246749,0.33392663397478406
SAMPLE_03466,0.5470056523428833,0.17634346160018216,0.21642069695211127,0.5132884738793766,0.3095056387481615,0.0007368786037266458,0.5281468118127789,0.2170484298364695
SAMPLE_03467,0.942020827676033,0.41138820798562276,0.7859523258590886,0.5061391440937145,0.48002546630727544,0.007635469355112101,0.3604751779779375,0.7107430095480323
SAMPLE_03468,0.636066158198789,0.22910988177972552,0.13439733275756094,0.11405385879790458,0.20219955725596905,0.002876143592822237,0.029886289951225248,0.2435291927586451
SAMPLE_03469,0.9991122705445621,0.037770858912989355,0.11044916086604496,0.02082747240038737,0.14562515623551664,0.013018918703731609,0.03960070332680432,0.13966001559918625
SAMPLE_03470,0.9993056413510149,0.0728087868596881,0.08314918934931319,0.01605040397732745,0.07289681734205974,0.018935642461156237,0.044984709333520785,0.05915247600155504
SAMPLE_03471,0.5255046603471359,0.24232369978558171,0.31595132008477333,0.5266508043086282,0.3037870953675015,0.0008018023482711196,0.5471000581709112,0.2871369611430171
SAMPLE_03472,0.9990392829192485,0.09020528319190146,0.14168169494928745,0.15035995462192495,0.2205641261788951,0.009710357770822194,0.06286927675203005,0.2369723760091588
SAMPLE_03473,0.7251389193204868,0.46075682034509924,0.44212623808147916,0.9965868240134124,0.5316366861902415,0.000615623354736916,0.5570821318751157,0.9718251285970735
SAMPLE_03474,0.9992696959097498,0.23547857064720407,0.2006306380293543,0.01936027586859229,0.3480221991244237,0.08606680807646722,0.13735751849698616,0.2509589773366115
SAMPLE_03475,0.900871974097539,0.20986873667643918,0.1884685965030365,0.4904339712889424,0.21408357152927102,0.002851230068115239,0.0973838204649127,0.47267865983277646
SAMPLE_03476,0.9992737790543037,0.09060113397000558,0.12144776087811202,0.012253269359222739,0.09785435244588593,0.025986780524012997,0.026596653067526534,0.08465882520190787
SAMPLE_03477,0.9524977693560343,0.2546695722793424,0.24807897691916833,0.49914394291517433,0.39514295641808345,0.004437337157674736,0.11300357722174349,0.6285153810110247
SAMPLE_03478,0.998966451165409,0.10824306799677005,0.16994387942755865,0.02105856293424368,0.1419356204315731,0.08805859921353248,0.1120389061844783,0.12841781119477552
SAMPLE_03479,0.9990812964110115,0.5231059076039244,0.25612440245219614,0.5042736734796976,0.4001409065060612,0.028971460199601704,0.07188186547460873,0.6252971707884866
SAMPLE_03480,0.9993307223858248,0.1524185257677358,0.24874263053748777,0.0953754689078366,0.2730135444224809,0.010476975923533494,0.1096288089129657,0.18568427465260018
SAMPLE_03481,0.9989982843834071,0.045236979354918085,0.06621510629042153,0.14791710439565756,0.07626950593748183,0.01222306554219916,0.0373166468969157,0.1798574471822757
SAMPLE_03482,0.7322265037834781,0.24924773618103338,0.22642425547960135,0.012154957947937334,0.29806040446466,0.0022049404652231424,0.0976169551565166,0.2832248834137197
SAMPLE_03483,0.9991918813473848,0.16167130635301089,0.1631636473413133,0.02899457328593241,0.13338087214965866,0.04373422991745453,0.08369641486741403,0.1869342318899106
SAMPLE_03484,0.9989728226770535,0.45271430126244505,0.3877655983643655,0.5039996037170967,0.46896887871638043,0.0675335768131568,0.27193676840476194,0.6100988300751805
SAMPLE_03485,0.7186518116541579,0.27126275181655596,0.31967910672960775,0.2601109080641679,0.33937713478559994,0.004032364850788223,0.05882936221566805,0.42405066475604203
SAMPLE_03486,0.5447998333148301,0.31314141372384385,0.28644429244414316,0.5066793287902711,0.42852464964509573,0.0008590290946127744,0.5115171396341339,0.3626184116696418
SAMPLE_03487,0.9981852500662103,0.06899800688641519,0.08502801335807636,0.06691415193198787,0.06773662779576918,0.05517517551078863,0.07659077564729812,0.12595043483854595
SAMPLE_03488,0.8999201928521503,0.14802307066150794,0.2372128422805148,0.4973009489446656,0.33798689189375786,0.002914379146645579,0.06053325108583692,0.4903760064046493
SAMPLE_03489,0.8381226858528392,0.23763514822038787,0.24394544310862343,0.5006591979538647,0.19000341818194721,0.0028967779474489775,0.07213913209638965,0.49519872785815255
SAMPLE_03490,0.6198540315411247,0.2570290395630857,0.3216433689352854,0.5045458281825523,0.16587862418328198,0.0011205933256771992,0.5624159817608531,0.2841511207888346
SAMPLE_03491,0.9989949112176497,0.29562373702794875,0.1773904447963422,0.5009956357602786,0.32433981374080123,0.020939044345135112,0.13616375162666686,0.5369908421028394
SAMPLE_03492,0.9981426717495887,0.04385605844845859,0.07812943138206958,0.3354112929576803,0.11911409512631144,0.010280203022950208,0.03287783165847687,0.26849152727445263
SAMPLE_03493,0.9992722328729293,0.2200233399391642,0.4142257858939805,0.06547517454547971,0.313398114099641,0.03688146393893745,0.2391018168878887,0.38052811157446403
SAMPLE_03494,0.582819010614593,0.18896505944289138,0.15120840807695424,0.898730738964181,0.22676043404523183,0.0010252845905194886,0.5093756009787873,0.4235003690053254
SAMPLE_03495,0.9992339525866094,0.10518820520693208,0.06025190087902327,0.018564619777986662,0.11133394540983119,0.01326822712373682,0.09519047981427008,0.19470331605202293
SAMPLE_03496,0.998987862558266,0.06286345835502996,0.07961658463761417,0.12428982166699756,0.12973114801381933,0.01754317290992532,0.03402615160891931,0.215473209884896
SAMPLE_03497,0.9983458400418528,0.2930673831351337,0.36720473849066626,0.4720080247004895,0.23792226939221528,0.07295912389401463,0.07913081022592658,0.3312002954915808
SAMPLE_03498,0.28971669804195477,0.27275622104141617,0.25375645253647394,0.5160793695821753,0.24102325016236226,0.0007206135515321486,0.6203589224142743,0.4428341128327669
SAMPLE_03499,0.9990959781235575,0.21655434508560373,0.23551479546906287,0.5022136803673316,0.24909725188684362,0.015811203665602437,0.06302561591915866,0.5093896031977527
SAMPLE_03500,0.9992734084462855,0.04697111462958439,0.1341031151049145,0.09427979753892349,0.17230589870403906,0.007935329816404265,0.057261785491278236,0.10775803185292249
SAMPLE_03501,0.8980879075002156,0.2058967041644628,0.18605484790481336,0.5005825480288479,0.27550476615793695,0.0015902949772096503,0.025244591553734968,0.5749346324687239
SAMPLE_03502,0.9991382885004096,0.41503246306507086,0.41692814922799626,0.16768492282815514,0.32263293447370095,0.26920686878622874,0.3601247660952329,0.32123075548857527
SAMPLE_03503,0.9992380433604031,0.04439602658752886,0.14925157577334744,0.02960935202978006,0.06852650348617187,0.01456634425726869,0.06492868867068421,0.12532123092742659
SAMPLE_03504,0.7941149490598065,0.2518234907292256,0.13856567095847355,0.5003358706253674,0.2405805935419993,0.002340595587271467,0.07618621394648588,0.5494107771468163
SAMPLE_03505,0.9987675692162273,0.17474559023067696,0.2599488748147312,0.19401160155146288,0.3277143976582475,0.019558988937334043,0.21194619519418473,0.34233120049328236
SAMPLE_03506,0.6048667976873837,0.07310653566930113,0.10726229028947007,0.6722780574797079,0.042270145189971554,0.0010198179351949342,0.5321212589692574,0.10304606216465499
SAMPLE_03507,0.28169885722302457,0.07043569138781697,0.06144851678388593,0.504015549838493,0.20010193637287477,0.0008004473987320883,0.5099801123899906,0.1342862242497651
SAMPLE_03508,0.9993079308552759,0.0447535475686632,0.08275187978792424,0.09300514752111642,0.09596478539469418,0.01260021930073622,0.04278030455108468,0.13629061035506915
SAMPLE_03509,0.9988943506457677,0.08838436538394523,0.11890334532490754,0.01564920592016763,0.08506121761096114,0.019264167481063958,0.06591735733934692,0.1602066524361002
SAMPLE_03510,0.5240782064343518,0.2161144934752176,0.27787759783923993,0.7537278887793819,0.26304975077657694,0.0007603639832204012,0.5414344811737198,0.5161847920215106
SAMPLE_03511,0.9991511353312433,0.08070430776294427,0.029481590291107272,0.15567600742837312,0.14567880053451665,0.012513656994839827,0.022746498943564872,0.18723425326760834
SAMPLE_03512,0.7622473211345236,0.44337835531685266,0.21580519458572187,0.5054170941765086,0.19547912505342166,0.0027399834859981004,0.0738519260123641,0.5847456787040083
SAMPLE_03513,0.9974358008909441,0.1895561037114282,0.4381486519781647,0.506544791870366,0.3910646196526713,0.02256820768794169,0.15092843164892358,0.5148168825127036
SAMPLE_03514,0.9992529101878811,0.0454758975271911,0.07658772001473232,0.013434546192307297,0.1150388831519116,0.008333799484020861,0.07116625545333397,0.062441020362356214
SAMPLE_03515,0.8389760633595211,0.2888118219979906,0.40128129414374336,0.49901436612793376,0.26813962147729725,0.0016374506522090302,0.12510535623667193,0.6331351069774448
SAMPLE_03516,0.9991037899566342,0.3052201248068127,0.34004750721537597,0.17834106162989033,0.43085914958696353,0.024130040805657157,0.22116355024214562,0.4795127743234473
SAMPLE_03517,0.07784738767461587,0.04912821316798773,0.054536847511476784,0.5179173709170738,0.03358220808914743,0.0011108660642906905,0.5191082652285101,0.09431196077672072
SAMPLE_03518,0.21390070615259432,0.07216254223047075,0.048628951967370056,0.6032504945700385,0.05103876429731152,0.000818108644928469,0.5080672414098741,0.13704407549261383
SAMPLE_03519,0.998889053272515,0.3215569351121297,0.3748047720504921,0.504622480880987,0.3434573419586273,0.013705410831137169,0.08091505804739155,0.6390255565897349
SAMPLE_03520,0.9527626208766122,0.5592469654145625,0.31024137616130243,0.5004471834068053,0.42057302831096804,0.010137504434527525,0.18299573063602426,0.6364921075954045
SAMPLE_03521,0.9990986424500051,0.04655482913072507,0.07950535495771652,0.026804163534730058,0.056895781750287186,0.012172548958096939,0.06557435758206995,0.15676429008753387
SAMPLE_03522,0.6680879037868441,0.14138538645199905,0.13560081902642188,0.509484895829174,0.03707965566696617,0.0009078008877646432,0.5503265980248184,0.1143409307564609
SAMPLE_03523,0.9987707700640817,0.7167041313167666,0.8324374486506876,0.52295017456482,0.8226764179390968,0.28205935586965647,0.43330022311077804,0.9720926427361197
SAMPLE_03524,0.9993237735009877,0.3459772307853181,0.04772963478962312,0.25064591491593763,0.2946167299963955,0.008078914911597505,0.021625559806175733,0.2234373593864449
SAMPLE_03525,0.9989686229050938,0.43085896322246336,0.38142662934090965,0.5943186170808881,0.6122864763770668,0.20288909404429145,0.1611369167660257,0.5013620152941434
SAMPLE_03526,0.4435594925211009,0.07650444258266371,0.07479625962263403,0.9971748846784126,0.05416233820819591,0.0008239822183885501,0.5096757525609328,0.4983199232383611
SAMPLE_03527,0.9992180060468422,0.26956275174987543,0.21283655889224443,0.14788177546438927,0.37259571666260516,0.022217212204383347,0.09948946596187372,0.26581953551900833
SAMPLE_03528,0.9987007043883889,0.17414835600359058,0.0906106270370804,0.49904924689468144,0.13071783375331683,0.02372138227820429,0.04758806451744625,0.5148135902767178
SAMPLE_03529,0.8013940326822646,0.24917790435308212,0.3114197797711544,0.9969514269908565,0.4335251157287845,0.004707664368520936,0.5918725960792852,0.8025683555347083
SAMPLE_03530,0.9991713329300479,0.11777833293986215,0.12326051755986812,0.011924346709208547,0.09844265648879516,0.011928225286744334,0.08953756620576175,0.17461901058533708
SAMPLE_03531,0.9991420763606536,0.19067798549226678,0.23161385899289574,0.025173509857735546,0.32351525659174857,0.02004369633087117,0.12813826907921866,0.3616544642125157
SAMPLE_03532,0.9989567983556322,0.21620475028525882,0.13086046918635202,0.5023195787654208,0.24473743195211295,0.06632582519349459,0.07755645915099828,0.5288963328612046
SAMPLE_03533,0.9984131437195507,0.18438272037662748,0.3339593654220771,0.4953714876839391,0.25500875821652813,0.07723415652553214,0.07881682194835173,0.44806290420334033
SAMPLE_03534,0.4120559742074241,0.24793726611822486,0.2389966205439805,0.9926764556109859,0.3171544322461825,0.0010756452680544513,0.590990257553013,0.6618138307503029
SAMPLE_03535,0.299919819665378,0.10396344267596404,0.09757334979405954,0.501867607540579,0.048001376171810634,0.0008726468655116855,0.5096105518111487,0.03445194235206767
SAMPLE_03536,0.8362938417502006,0.21978260210870348,0.23861151030350566,0.5034763157144524,0.3054766049377089,0.003313060329367935,0.04355074774872641,0.6270239252199896
SAMPLE_03537,0.9985677225707041,0.45182347090592334,0.3130968701479394,0.5117454256318501,0.4010208059576057,0.09838642858458163,0.21535611017226222,0.5084750460045616
SAMPLE_03538,0.5744712636735507,0.11809966014897606,0.1818066720364788,0.332346267833132,0.2789050051219049,0.0022675039827509224,0.03609962182840939,0.37573854367712944
SAMPLE_03539,0.6745332642348992,0.29730050420070575,0.12987245680511397,0.5007703122033709,0.12588535347237226,0.002043128048162806,0.06212784935627468,0.5148907343960283
SAMPLE_03540,1.0,0.6408581835693581,0.6029363850546405,0.9980348673272968,0.5637882646457443,1.0,0.999654548167541,0.640449190458383
SAMPLE_03541,0.9990973502137258,0.49575403029416654,0.4745269118932288,0.3690615808075599,0.27185706390333836,0.26292423909471613,0.32406904104088063,0.39245000493983145
SAMPLE_03542,0.9991418129807212,0.5944872140373965,0.6154265290608871,0.5056030312842293,0.5216702306875558,0.023590511797653185,0.3417396057323928,0.5947658215468614
SAMPLE_03543,0.9991878978819922,0.10967335282547855,0.1403268507872647,0.11863849084845501,0.11611021678840126,0.01269092861488461,0.11563976693981748,0.23356442164946795
SAMPLE_03544,0.3367954214630961,0.08985782984510433,0.08270972974918547,0.5095195685055357,0.08658661433542693,0.000898896882809574,0.519032015034165,0.1606105566408528
SAMPLE_03545,0.9992065138186439,0.1151571692698342,0.162102144256457,0.024206484389197095,0.1951924096152012,0.013910388325524771,0.19468436323454566,0.18491196347593228
SAMPLE_03546,0.9990125409676203,0.07247140529537406,0.19777583525472398,0.01769550961644524,0.06676492575606734,0.035645530544301286,0.10176814636511605,0.11332940726838832
SAMPLE_03547,0.6772731822515137,0.2916799233942686,0.14588182976436817,0.9982983503141867,0.15424539504349083,0.10071886450396089,0.5684911683393752,0.5161109079225551
SAMPLE_03548,0.9986736588345935,0.03404125467816294,0.05395335828716359,0.008550962743379131,0.07526422627082845,0.005808731280128335,0.01969667047211138,0.06418152324118398
SAMPLE_03549,0.9982379055450424,0.15327188144018164,0.08559158953168089,0.010039608439413806,0.19236207553791645,0.02011917782528893,0.040248489817561954,0.20132516314497062
SAMPLE_03550,0.9991495029570616,0.18153756151868233,0.105188168016246,0.02113813548756769,0.13580412987959709,0.010620991957470355,0.037718843406828906,0.19496479023310648
SAMPLE_03551,0.2778042704257935,0.11363834902614856,0.2605379726495671,0.5084084685963322,0.17984806277527893,0.0009189771292662359,0.6204788455577113,0.3025953263574649
SAMPLE_03552,0.99911882907326,0.04675220197333641,0.06774917097181699,0.019142220363503996,0.07276736270413187,0.017967780410838834,0.036583017658785764,0.09554158749081956
SAMPLE_03553,0.9992553249609686,0.15399320387968118,0.1741446712472136,0.021510277398062144,0.15978226549306618,0.07430623981407437,0.08515688008596056,0.07724460942220064
SAMPLE_03554,0.9979997047466707,0.03790422996829387,0.040497352955671494,0.01140475749542133,0.04119079392203196,0.006495951579221647,0.022734796812942465,0.04779215503833363
SAMPLE_03555,0.7836214894370807,0.06129447715341675,0.045318243794315295,0.11752441140898558,0.17420718854095157,0.002981900562511168,0.02329606242279627,0.17678706706315792
SAMPLE_03556,0.9990979914389186,0.10494626406332154,0.15723741316689446,0.10907151415737623,0.07137464204147317,0.049911215145184186,0.07455508072557651,0.10943500691868012
SAMPLE_03557,0.9987849330420591,0.5046045352400661,0.3454600032879507,0.5032658562895188,0.33667736995494807,0.08261901225361315,0.20464509916731316,0.6350470268402161
SAMPLE_03558,0.9991927880386422,0.06506673143904629,0.10846629819583345,0.022462136664794345,0.06858297602446581,0.0236895564066219,0.058751362318434315,0.11157412651823376
SAMPLE_03559,0.9988494576210574,0.08559060806380642,0.14638470487883676,0.010775608366293581,0.09337235192536043,0.008009870151640936,0.06865013393115368,0.12079991409896038
SAMPLE_03560,0.5418199036362921,0.17272207310904222,0.20590907585870136,0.4986393053792788,0.08335970834076246,0.005484650433640867,0.05882057564112352,0.5083719385449871
SAMPLE_03561,0.29064016146000937,0.06085765982503802,0.078659194793473,0.5118983280379978,0.06326597490670423,0.0007433142036986789,0.5348663703200908,0.0688654067268906
SAMPLE_03562,0.9991387682014513,0.10080705259140108,0.11860422494991826,0.016548308066829234,0.1024187863389768,0.008614438854753756,0.03926404237983586,0.09357572369394833
SAMPLE_03563,0.8820675981009771,0.34909693976862544,0.26084162307688497,0.5004235055035592,0.4994778144394898,0.0019018503195326218,0.12057541233165901,0.5482589577923629
SAMPLE_03564,0.9095642334442647,0.21151627326447026,0.13582641836924042,0.49961058133730835,0.21862395692264908,0.0018584687286564631,0.06517599500890907,0.513592547540985
SAMPLE_03565,0.999259803874992,0.04462786901988,0.04687045768123932,0.022017971026631722,0.053089722520751316,0.02570987463427559,0.05041898548237787,0.06533359383818307
SAMPLE_03566,0.9991109977093934,0.32906760883261066,0.02561243921601002,0.4985527713032826,0.331129960389841,0.018680046433434874,0.039246940730954374,0.451467331183141
SAMPLE_03567,0.887732789317776,0.38840717773857103,0.3553302789417035,0.4994022537770069,0.41137464589430434,0.00357274177899187,0.06934408304906581,0.6879824434393859
SAMPLE_03568,0.3004026841993892,0.13605202421219745,0.169827344803884,0.659118469457167,0.175944733170239,0.0006349946601075947,0.5280961478179164,0.33669063947014477
SAMPLE_03569,0.9993126683218463,0.031641807796551166,0.05054938486296939,0.016003988625602164,0.06388875506558966,0.016281518758549843,0.041082112588067085,0.058676116492875165
SAMPLE_03570,0.9993197324795456,0.15706961479546352,0.316250601210491,0.09895014661060635,0.440513855248572,0.01645804281168941,0.21087488609551702,0.4752710393447599
SAMPLE_03571,0.9990341430989742,0.213092710298306,0.25095886414201224,0.49788416039585476,0.29103461565425015,0.006293276424276654,0.08147445230639169,0.47321817195101423
SAMPLE_03572,0.9992818151949245,0.32200805328785537,0.2001440368980316,0.39563556285033946,0.27795166073444205,0.20362977066300408,0.081470996341745,0.25494373802759185
SAMPLE_03573,0.9930580045565454,0.1652191741712549,0.21273419448357658,0.5515419304275285,0.24448592190782178,0.1028957863639304,0.05946918638042692,0.5114799234323323
SAMPLE_03574,0.07842324614059042,0.05169852963168735,0.042374336894834955,0.5031291352089936,0.026960265185538856,0.0009083041756871808,0.5089057255757277,0.03650961602084034
SAMPLE_03575,0.5796943880147558,0.17651363615411014,0.17017319949830195,0.5055024525549073,0.19533017934324248,0.0009106336489984483,0.5200797639727422,0.21003674225402244
SAMPLE_03576,1.0,0.9453536661308277,0.9030626013603222,0.9982859864300876,0.9132107773272266,1.0,0.999782442519564,0.9325935258519339
SAMPLE_03577,0.9990228545219602,0.09143795389704298,0.06937805448514965,0.07932231899241281,0.13065269822276793,0.006824074588351214,0.03717643000466131,0.13510522910640999
SAMPLE_03578,0.9990881625756225,0.047528198994901925,0.028963512211659916,0.07979191532481675,0.038905549949933546,0.02429861346988517,0.04541873326123576,0.13645479679808745
SAMPLE_03579,0.9992186629865537,0.07195103166363957,0.113374549294731,0.01834861123983337,0.07406640590126747,0.012952158900462132,0.05836772766553337,0.16645538890839662
SAMPLE_03580,0.3390593833978355,0.06858358203439788,0.07440793744220792,0.9978463848233504,0.060815689279143,0.0006448784599849261,0.5101683270465236,0.5066460514843718
SAMPLE_03581,0.5685360564169726,0.225611635820096,0.21162845956314236,0.9988145692523401,0.313889331674922,0.000662210734929299,0.5187484316394926,0.7286516284766609
SAMPLE_03582,0.9514172821163462,0.3718257651435762,0.27636080419546055,0.500283011814918,0.6364825765124856,0.015671780040685316,0.15842852162960847,0.781592789766344
SAMPLE_03583,0.9990320423358274,0.18195104300555062,0.22800655244468404,0.07287097043739355,0.2795786175097462,0.22721804568849302,0.06438489048556048,0.2083238084129731
SAMPLE_03584,0.7934763010166835,0.08479140079958729,0.0892636906777234,0.19997131916200916,0.12404169623849623,0.002506208320686478,0.030487500415375086,0.2776880380481253
SAMPLE_03585,0.999162215300883,0.03826155605560069,0.057352716851320144,0.07691412378111274,0.11193491530172699,0.009475503322650814,0.045279580533356754,0.16850296368454237
SAMPLE_03586,0.9990980565463914,0.036666779318137804,0.057538686393128036,0.011532024915890646,0.04638257315519578,0.006638284077911363,0.05168934989746936,0.0678435518484432
SAMPLE_03587,0.5456221393956149,0.30113433044471083,0.28482305907559696,0.7053632397136079,0.31857814543834456,0.0009188423544606944,0.6315751645199374,0.48138659253379956
SAMPLE_03588,0.7230425985414428,0.41752395012896537,0.6770669837696981,0.9499670595502792,0.5169015715133012,0.0007728159793638293,0.7441217377434288,0.9281423228501484
SAMPLE_03589,0.9634527996816464,0.1554894108106996,0.30867895153999836,0.5008498939255349,0.3356575202502667,0.0031821312673618605,0.04789495296246281,0.5174186547856744
SAMPLE_03590,0.36172516967869595,0.1739065478613142,0.19832606391613136,0.5062324447197785,0.24696358214609082,0.0010160710064912662,0.5090892039070924,0.1525259390869614
SAMPLE_03591,0.8926861195336855,0.18053995059138445,0.2929646842098057,0.49585134177430523,0.3582463719287877,0.0022833649980592233,0.07074458106308014,0.6770500605434979
SAMPLE_03592,0.999057839426597,0.12967321848430813,0.10846480103379391,0.5010040016452841,0.13061903700879401,0.020693470583222413,0.08354078002393085,0.49980485404634356
SAMPLE_03593,0.9988365577586265,0.1622873855815318,0.1215867404497865,0.49313772528089245,0.15442466798756,0.03747666605424273,0.04332023358915135,0.36627430786874665
SAMPLE_03594,1.0,0.8016408989193926,0.8126613949886381,0.9984371375794171,0.9298342608376994,1.0,0.9998354710382688,0.8936354752354674
SAMPLE_03595,0.6145456665684089,0.3807167721863633,0.30707913300828743,0.9979217325930351,0.43427048344095587,0.0007272802835022303,0.5348242930716646,0.7611937532647362
SAMPLE_03596,0.9992448726227103,0.05383625725020101,0.07464607986651989,0.02327526346442594,0.21903591256168192,0.01020729490467706,0.059786729356289176,0.23043431369519354
SAMPLE_03597,0.7553456390534171,0.13486208149452183,0.07433741827615262,0.4998366708687144,0.09739014698362598,0.002066846041534609,0.043099284250185395,0.5015118743196468
SAMPLE_03598,0.999121383097139,0.04333410546588806,0.060901169472521485,0.015689596459375683,0.16267533519553123,0.006057520604088366,0.021366376443596524,0.0868828249833684
SAMPLE_03599,0.6120918658838556,0.24896645861518887,0.3050833676660445,0.5128781234418451,0.3150333301480128,0.0012893312186173852,0.6302813597017094,0.3530383323759055
SAMPLE_03600,0.9991479555959486,0.2090274051859217,0.19010607049116585,0.11553495624153297,0.23385055358704648,0.04896334647832985,0.06604731925931907,0.41425946596291213
SAMPLE_03601,0.8764347667088133,0.21635802669872697,0.3985171203436264,0.5005176266793371,0.6094793947516188,0.008574682051170934,0.08158518353851682,0.6364772724147851
SAMPLE_03602,0.9395037979876626,0.3036048443493186,0.29790669875950254,0.4939967879440233,0.40577080955631906,0.0035364483025263267,0.08740353617389329,0.7363778333839883
SAMPLE_03603,0.9991111305374833,0.07615266187308971,0.07146578463735898,0.06578065359734242,0.07528784226709208,0.013716138174711342,0.05699728517039954,0.12902930462376083
SAMPLE_03604,1.0,0.8493616366545138,0.8591537488875685,0.997989692508829,0.8184290136968575,1.0,0.9993986590304822,0.8197740702799925
SAMPLE_03605,0.9371786892192854,0.6161925266432713,0.4547758482115684,0.500451184331238,0.42593478174848937,0.0023638836692280243,0.25970807861930983,0.7262588730002164
SAMPLE_03606,0.7502236324959617,0.18505989913765022,0.21000874837562428,0.8403560671837915,0.2388021233016899,0.0007831504954208694,0.5338400954318306,0.5089228043630618
SAMPLE_03607,0.9992054918891544,0.024198331480600528,0.050952479236788015,0.015733458455013692,0.12484859451416422,0.009197269411355078,0.024948148885380942,0.11570574993484806
SAMPLE_03608,0.7519166188689657,0.22954129863953485,0.22481640866510183,0.5253662490402684,0.1775105593949658,0.008314532121326807,0.06074334196782872,0.5658572178334
SAMPLE_03609,0.9991900950224146,0.05403368211271006,0.06685835843981161,0.021938759923889405,0.0675343761776249,0.015543974177556978,0.025930854583857132,0.11996959702877098
SAMPLE_03610,0.9076260368564129,0.2834104897524439,0.26866916284608766,0.56605939014739,0.3319589844963054,0.05109513620329198,0.11553432414524217,0.46600894185162156
SAMPLE_03611,0.9992738948778612,0.0660570470120431,0.11917551086188628,0.01655380086990254,0.07880773724847037,0.015685330553367433,0.054573249767390634,0.0935191722198892
SAMPLE_03612,0.9990792687966894,0.02033946768821305,0.03308471861619504,0.012781103114103909,0.039114343527780565,0.009332123025793887,0.026465214403091276,0.05063809424754468
SAMPLE_03613,0.9982039494381862,0.19263371515935665,0.2958669521681327,0.1493085094398558,0.21833082480088029,0.032704246173584445,0.09713812683592743,0.248405264200712
SAMPLE_03614,0.998430405452041,0.24890918284887734,0.3796649838535001,0.19047735963439227,0.3278634037592535,0.16931284801418,0.22782641804877257,0.4847535701917484
SAMPLE_03615,0.9984645194245052,0.08068881683992735,0.0831283354430786,0.36239567676420664,0.06632752617661655,0.02527620756259511,0.107660480000868,0.23727360194948874
SAMPLE_03616,0.9989890257318731,0.32764203528170366,0.20696810894627105,0.12484488264496932,0.27307674368191404,0.1333949487265295,0.14768653983389357,0.21550209189016223
SAMPLE_03617,0.4491940417104141,0.06100377185930119,0.07516677596748432,0.49743392390651425,0.08672713951821562,0.0020072529836578667,0.05285647126710755,0.4809404608203101
SAMPLE_03618,0.8984194694813127,0.24329025919324734,0.22131937499569124,0.49805567849150395,0.40827601027563165,0.002818463310783931,0.04497869286377464,0.5471131155221813
SAMPLE_03619,0.9991310595992429,0.5341429692872388,0.6349725762297198,0.31562037498048046,0.6158075360741868,0.17500836569461703,0.31776845731517767,0.6132803700340745
SAMPLE_03620,0.9992939747509085,0.058888231307556244,0.06760188131431091,0.02416983820097349,0.05926441205458372,0.027316511990097495,0.037182649851282924,0.05237745070576234
SAMPLE_03621,0.9984138947028823,0.1685140510769994,0.14120760006197916,0.4973612295119087,0.1806253887208274,0.025305615267972304,0.04985610793543488,0.293545069054063
SAMPLE_03622,0.3506668867956678,0.0928852513209469,0.11199478148466832,0.5059509039014773,0.04107783465590578,0.0010444535741927696,0.5290079266173944,0.048926099611248094
SAMPLE_03623,0.9970716167299754,0.3717277608258129,0.2598818797923426,0.5074400186187518,0.2742641628824927,0.02637633457305534,0.09421439237929428,0.47993108585729694
SAMPLE_03624,0.7954206576015499,0.31733594348768834,0.37180653960953747,0.496055803884843,0.4357961657737267,0.0022780405119750507,0.1601269196654516,0.5606566103414293
SAMPLE_03625,0.8890659559247138,0.5250236790805896,0.6725908038589674,0.9989496573206019,0.4588009187886187,0.00514158594592835,0.7680084935758409,0.8416270835295959
SAMPLE_03626,0.9992475089454814,0.1061506430076426,0.13213434208947122,0.30650137973323904,0.17692812493619542,0.04900241418068989,0.09124950516612701,0.2829772152101012
SAMPLE_03627,0.9992072682439253,0.40514647442114204,0.25972401815614143,0.506576228776669,0.3719673310818613,0.012468367158704073,0.07884441687768136,0.4990241062193758
SAMPLE_03628,0.9542321195643574,0.7332402071655613,0.5657104142965206,0.8848329298093323,0.589813396740449,0.1950552669790966,0.7340768590592666,0.7787077063786458
SAMPLE_03629,0.9265260261567118,0.4812732588717399,0.7052455116750791,0.49808503568535717,0.45764437772898814,0.0023717388079505953,0.25611324788553563,0.7314644662285661
SAMPLE_03630,0.7544885065433189,0.07640086099931712,0.07137646929999397,0.5046160624663071,0.15311677712069452,0.006594870471046323,0.024013961510387087,0.5011573937615146
SAMPLE_03631,0.9153557338707043,0.08038817637601535,0.066542096383363,0.49839882152585796,0.179882211937928,0.0015745791713496474,0.03811241200292733,0.5128997228244144
SAMPLE_03632,0.704557303434801,0.261882446936734,0.06411027317786483,0.5014653195967346,0.10663475849368274,0.0016641943418832243,0.04325433965848979,0.5155741799884778
SAMPLE_03633,0.5775255741508344,0.19131938050439545,0.17534111609846986,0.9842076880529878,0.208730792060549,0.0007573681365651561,0.5151638597734568,0.6230335112591721
SAMPLE_03634,0.9991482961401881,0.08846318570923765,0.11883577246721319,0.018269058231750537,0.07963862820040751,0.024439512782765675,0.04883125864558865,0.11643162507366905
SAMPLE_03635,0.9991874025512704,0.09888555463452259,0.14646503345245968,0.037682565115458845,0.10127384047742266,0.031717942797011026,0.16816592540593348,0.17712198424287456
SAMPLE_03636,0.9992393285504684,0.24119159732066678,0.08668083636751425,0.19401769686353879,0.3241251483830437,0.026614755313908313,0.038705810950158466,0.27476896669127615
SAMPLE_03637,0.9990051498908367,0.3578104100601732,0.17770430076224178,0.5028197415142944,0.2688856417034383,0.023002054870494424,0.09207874657038051,0.5809140730304235
SAMPLE_03638,0.999265485006969,0.022142086925072305,0.042720316274772616,0.018875479114425147,0.06189322573147891,0.00930678452702963,0.034634672327310274,0.1149230371847777
SAMPLE_03639,0.9993250018776026,0.04553782852325715,0.05309788878401744,0.011127143088464478,0.12781213695771426,0.014621003993563263,0.035562981474176976,0.048137173901536504
SAMPLE_03640,0.99880755108644,0.16073955996656974,0.10700685098322085,0.5059569199061639,0.12585085755442474,0.02670694434147241,0.08040164678527764,0.5069587995201945
SAMPLE_03641,0.918557716521333,0.6331188616641557,0.5472874857326506,0.5011433446422389,0.6471763465761546,0.007788042213055674,0.27824426762769555,0.786938647170994
SAMPLE_03642,0.1022695186461606,0.10524965026941674,0.07188684057147254,0.513709369071338,0.20631275832544044,0.0010649323536702227,0.5078666873289726,0.08120414847373562
SAMPLE_03643,0.9990702857779157,0.24408311694040366,0.26389182789904686,0.026801729041054455,0.13958133743624873,0.13534071233143435,0.1632159845400499,0.17504180513361303
SAMPLE_03644,0.7625608387590593,0.15359304383935754,0.17214207184042765,0.6133773809790699,0.13039730001971328,0.0007847959667258716,0.6561666470977696,0.13292320531545612
SAMPLE_03645,0.998747478019377,0.14409863427757977,0.09605525875310386,0.5050386148321503,0.18489472464618445,0.012314435989843588,0.06022656674931984,0.6411567753217686
SAMPLE_03646,0.9988093717560513,0.031108074799094245,0.038455186954532296,0.4980642831588096,0.08066542244671024,0.014348994270820828,0.04976454044852499,0.4823196309749426
SAMPLE_03647,0.9990255688290254,0.06635018529469525,0.15856937523006526,0.019472818229204204,0.14766419724992103,0.024969900148206495,0.0598959606248067,0.11265805267482118
SAMPLE_03648,0.9991860336055955,0.07989815835267437,0.10438935538799804,0.18529363632552492,0.0697209679347877,0.03059661980092742,0.051924026831337435,0.1744000842806013
SAMPLE_03649,0.5135820262177444,0.3373944800849321,0.27250410658575397,0.4956806703698941,0.20825062302018316,0.0033195259511350833,0.059336653961594966,0.47144167319649244
SAMPLE_03650,1.0,0.8013574908785315,0.7563843580553713,0.9983166549590008,0.7414732348759621,1.0,0.9997736079105273,0.7613909629404761
SAMPLE_03651,0.9991627639559243,0.07206370617749576,0.07166495249545334,0.011417053285898576,0.05349292822224145,0.010793518904725019,0.048276634660607706,0.06662326151115484
SAMPLE_03652,0.9422031565960536,0.13824335698678358,0.07387079386086887,0.5002757070525309,0.21481385644409134,0.01978968329323043,0.1498821442242391,0.48832591008502146
SAMPLE_03653,0.9992904362393733,0.06183509589939717,0.15960404151536628,0.020821860279056432,0.17307156846868932,0.007260805296419834,0.05078624325573034,0.15113579964752383
SAMPLE_03654,0.7092199812188517,0.2634299045971279,0.07536547994490592,0.5012842475818398,0.13057881766418006,0.0017928967522287925,0.04100148850171726,0.6198065379243971
SAMPLE_03655,0.9991787389019495,0.07881973717003489,0.15890450592693148,0.017901406963078487,0.1212147741132843,0.013303507686094472,0.05934612910520198,0.1065818672246828
SAMPLE_03656,0.8879841182862864,0.412778965604232,0.6047134063184844,0.2725207780657133,0.742222753780265,0.007300634265387774,0.11953005792902625,0.7708306860921739
SAMPLE_03657,0.9991382763358672,0.07529296390943188,0.08518193063390214,0.015580031846750723,0.07284091984018852,0.02277208029728579,0.04689504668920413,0.0806042118371465
SAMPLE_03658,0.9991942858540954,0.07415460050575216,0.09572471307381514,0.021504256705044827,0.11569110748447368,0.012093484532800045,0.0738905419703167,0.12030909985008717
SAMPLE_03659,0.9992689433424953,0.1672507865102546,0.14684496419672563,0.3784440599401626,0.20933074166834142,0.038149786874979594,0.08435035637356321,0.3429647620738886
SAMPLE_03660,0.9991931442668942,0.1690720518310549,0.2083191965761237,0.01594048271410996,0.16122882876622013,0.029775604840207404,0.12383039235568237,0.18815688446996406
SAMPLE_03661,0.9992058229321764,0.020556395145572497,0.026894104216503262,0.006743889860666144,0.036453759805434846,0.010839097001788303,0.024222292363100226,0.030884412247168487
SAMPLE_03662,0.30782368277590455,0.0958389847020852,0.12408575890840258,0.5097043025893196,0.06644721931013425,0.0014406145900712338,0.5659913396172901,0.1194711975271494
SAMPLE_03663,0.8843100517570465,0.47609755809432575,0.5200932699243782,0.4888989201350093,0.5636769319694269,0.0052076964706527125,0.18691157902049552,0.824117259180366
SAMPLE_03664,0.9992448864815109,0.028508355992652428,0.04497064605403959,0.015853746433471677,0.055982235293922974,0.0112121643892971,0.047749635804844634,0.13422025452211483
SAMPLE_03665,0.9992179397159197,0.8111791110637417,0.8759422112066826,0.530495482322172,0.7573769031449937,0.23363361047278516,0.44703169424289835,0.9263336423719688
SAMPLE_03666,0.8839551694713552,0.14800058122826068,0.15975135336342527,0.4982606619145357,0.18790375536452533,0.004598963221622369,0.04540723733216209,0.5080667247567979
SAMPLE_03667,0.9491675444180706,0.35505557192601916,0.265342918808835,0.490887324867886,0.3690468295086209,0.002238786990867593,0.11835801608958924,0.5713208900319549
SAMPLE_03668,0.6512037824228978,0.40859305208622904,0.33785403214900933,0.6424678119645377,0.3770646799341831,0.011992425879976005,0.5475685300858567,0.3973320436242472
SAMPLE_03669,0.9991697308387428,0.11270229065281971,0.11303971019110363,0.023692242316943217,0.10433678009050561,0.01832868405811155,0.06659952351092087,0.11594241831092875
SAMPLE_03670,0.9991876946724421,0.018324046861117757,0.018316133555469998,0.043139943082414,0.03355403837390852,0.004843025804865839,0.019345554252911547,0.06839549025675994
SAMPLE_03671,0.7644198653139745,0.25930336964501816,0.27779089991532935,0.5004590758450689,0.4454631491815347,0.0018975244565252807,0.1438382477366745,0.6247983733672892
SAMPLE_03672,0.6621691703562074,0.1857640120089406,0.14600029646390444,0.023661952323359818,0.18791463224378202,0.0024342958081099084,0.026854657682231203,0.29147732383018377
SAMPLE_03673,0.8958663748217379,0.06862152945799038,0.07472405933983745,0.4979172318181457,0.09016228129449172,0.002095465053528824,0.03553155467022932,0.49673233722663523
SAMPLE_03674,0.9991853380685976,0.08867492010669022,0.08205242602207528,0.06897568770006503,0.13264206715144655,0.07515272709266539,0.055874170708957956,0.13358288466299936
SAMPLE_03675,0.9991914965391078,0.036690505856293756,0.060938062882812775,0.014101441224101084,0.06002810496483861,0.025415747297516306,0.030072091597884664,0.07716005195818368
SAMPLE_03676,0.9992115205056639,0.05721793917250927,0.0867772559509878,0.025653951615509075,0.10396545614621769,0.038445908331475244,0.10489505840814414,0.15785761394459133
SAMPLE_03677,0.9990364825603607,0.18073649236811282,0.2393423662151776,0.019978945774351005,0.10057087270255874,0.04053378170760247,0.1608538994340294,0.16576036832577157
SAMPLE_03678,0.9991491718760597,0.2468988161161287,0.22769860714960807,0.5063182036230477,0.40565919642737025,0.05718541131504731,0.08166470425411879,0.637990901644744
SAMPLE_03679,0.6257978103172283,0.4263901649232992,0.5503217417793997,0.9861147180879218,0.4658579601945871,0.000658380031578985,0.6453616547436937,0.8309058637713939
SAMPLE_03680,0.9991200069214288,0.052218043682070225,0.10601681466104546,0.04352838409361147,0.06373632453337491,0.01830244762048519,0.0563467440062252,0.13143700852691473
SAMPLE_03681,0.998484614033981,0.09390092786799158,0.14981018369411656,0.5048794993981928,0.17421894690441023,0.03716787781568389,0.06658839122745214,0.5090359712474679
SAMPLE_03682,0.769629201666572,0.16228562768871588,0.12724948524994228,0.076612834622746,0.21376935606011888,0.0037250635156275387,0.027447007822209598,0.3139182833316102
SAMPLE_03683,0.999142997608282,0.2441481697007683,0.08520263293547316,0.32817312089443446,0.13019213527962703,0.019719171325834145,0.04343545611899061,0.1730833304546623
SAMPLE_03684,0.9991421108696572,0.03773719822475373,0.03827916507244787,0.011505976877251543,0.06903580967213087,0.019117910135577808,0.028594081143238484,0.04287809642510903
SAMPLE_03685,0.9991681408703328,0.24004404633291465,0.2924589890325059,0.5361271140434603,0.386514763718195,0.10326225012030377,0.2525416341396045,0.5596439123061442
SAMPLE_03686,0.9173974387519426,0.37955372995231307,0.272741512217531,0.5016555830676984,0.6206209604276647,0.012728832187870506,0.07631881291685531,0.6186476074925025
SAMPLE_03687,0.9993008137224075,0.055880292466088194,0.16557888830825718,0.014444724935493564,0.10152094438868718,0.019825259710977292,0.05648388572073975,0.09755366174377912
SAMPLE_03688,0.9991907070249831,0.13449974859034883,0.10567961041603677,0.01512044702623102,0.139158555225781,0.022248804733565126,0.07229419554040041,0.10223304786751769
SAMPLE_03689,0.9990730076807759,0.02893418627069301,0.056237761666057415,0.014081660528135836,0.09083984234062312,0.019437942645327437,0.05472057838136587,0.08757704217792334
SAMPLE_03690,0.9991162259897854,0.11499578467291267,0.1320831865207151,0.009850050988201227,0.07264076379836161,0.01840292717097928,0.03717851502585248,0.0980693975398021
SAMPLE_03691,0.42216988618596984,0.46398664717919424,0.3829281366469035,0.9977009944982783,0.46951442853253345,0.001384935923765213,0.6253253641049292,0.8576923553672973
SAMPLE_03692,0.9992068905530302,0.044042472973292474,0.06184215539771603,0.11030092994126699,0.1524247581259763,0.015017962201713198,0.025786386007355253,0.195080045200894
SAMPLE_03693,0.991091083190109,0.6816644850942202,0.5939975991476374,0.7911580573067176,0.7434255106015897,0.32226213340351256,0.5871101116525519,0.738228883210384
SAMPLE_03694,0.9990809140696815,0.07960640471716751,0.10233846567014536,0.012030846097028848,0.08272797485476846,0.030829371563790925,0.11347976140176456,0.07220856868211939
SAMPLE_03695,0.9991586627361329,0.03377324502199676,0.09186166975335813,0.013959619101929754,0.07197832241832651,0.009155333113301828,0.059406046376898634,0.07994675119882255
SAMPLE_03696,0.8137004805920829,0.24200913290009654,0.2479666142227773,0.5029769135186949,0.2739382380214555,0.004753833522699029,0.0735341209586593,0.6407043426353941
SAMPLE_03697,0.6396640701881229,0.05307305548694544,0.06303235286001779,0.019296372191286364,0.15678136615843494,0.008407302865988033,0.055190053070918406,0.1769191161016356
SAMPLE_03698,0.5839184591034544,0.30787027423940455,0.33173130561551134,0.012082018690225607,0.2656727760417013,0.0024575713523339155,0.04595254264763269,0.23825036536744293
SAMPLE_03699,0.8501788683389244,0.3344315790039378,0.09093057552610324,0.5002362619115834,0.13924465097575278,0.0018064394308408183,0.029578571068810545,0.5053984827953877
SAMPLE_03700,0.9993331078476277,0.02667971537679284,0.03637755220562983,0.020163929243605182,0.05901126749128162,0.011089239810730185,0.05505296466500024,0.1095999605221849
SAMPLE_03701,0.6309299040367138,0.33509668227334444,0.317970152363377,0.5019510927170387,0.22811231969100657,0.012014849474338968,0.26325467490822835,0.5212744106624491
SAMPLE_03702,0.9991023514274682,0.3097529630675574,0.28440567077870743,0.13790557280145904,0.2613057396965536,0.07810946620441883,0.16021509845734092,0.16603017116035562
SAMPLE_03703,1.0,0.9618368261649859,0.9605676509991512,0.9970613759653963,0.979506220014508,1.0,0.9998009473676427,0.9790992227951911
SAMPLE_03704,0.999271956547886,0.2158360451654054,0.2327546681178671,0.0417226853361307,0.41038522776736885,0.05479694105795983,0.08648178617269027,0.4227563935314468
SAMPLE_03705,0.9601783405337446,0.500119846317137,0.3561744863639802,0.5019200242749833,0.530632011614677,0.005230777323546838,0.2948575709656018,0.6267726111295565
SAMPLE_03706,0.8747799144430609,0.22258636220567662,0.08235391089824065,0.5004810676912577,0.25172051396872297,0.0016992221419870747,0.12346029397802653,0.5128690960805729
SAMPLE_03707,0.9991546815162736,0.04319124100851526,0.06951804844562996,0.02144499219574514,0.09884041989146952,0.012786948829993948,0.03744070539308918,0.08853833994988336
SAMPLE_03708,0.8970918927686913,0.14111861142865895,0.1367844507731613,0.5128390656633867,0.06712410110393793,0.0009390635646581573,0.5213123266278383,0.09695036848932691
SAMPLE_03709,0.9993084579301028,0.4584687349010511,0.10177432021887944,0.3684612570234399,0.26969502171381793,0.020980471583281476,0.04264723759789616,0.2772607690453165
SAMPLE_03710,0.9991513320374936,0.044493132107040576,0.0772617021806369,0.012591261251481405,0.07038134574850866,0.013566057104232756,0.04682415582706837,0.09908141446102527
SAMPLE_03711,0.9233211620172634,0.6151153486949599,0.3348656498781544,0.49971432425500484,0.6174078956948299,0.001785196828333176,0.15303796577747775,0.6314363969277437
SAMPLE_03712,0.9983062981197945,0.16097754856154012,0.14306948320921758,0.5011802224943048,0.09551884846417161,0.024905307585944475,0.056424476937006966,0.5038448623550473
SAMPLE_03713,0.9992874966111838,0.029439023129895978,0.08429963132106082,0.011938229520217291,0.049047698552620485,0.011311176169037271,0.05351660300258778,0.10171949921084222
SAMPLE_03714,0.9993553050854862,0.13717997047587155,0.38754689795517955,0.1396772476679642,0.08834474911093163,0.0702433418603633,0.20136875850386124,0.26790079592931104
SAMPLE_03715,0.9992792666448569,0.17839643918885406,0.06030943816384754,0.21186941842795876,0.1633567215091207,0.008489547991006582,0.0346801013551002,0.14291290978645715
SAMPLE_03716,0.880111633202369,0.23658461463328742,0.31689309191805914,0.5011744429394274,0.39823743175701554,0.0019153692693565944,0.1028801386310219,0.7667090455886123
SAMPLE_03717,0.9991937537309805,0.015591964880363017,0.01634634981879001,0.006929132166239586,0.02441547162061137,0.005933520213284071,0.024390998181898327,0.030095181157611308
SAMPLE_03718,0.9991655595369556,0.032424988870689515,0.07721897358197943,0.01683092724617329,0.06092053965408216,0.009007810929235817,0.05657720239212518,0.08682904720175842
SAMPLE_03719,0.998701351330285,0.3005885984101708,0.37488236146137877,0.5095306301959474,0.4917114675264883,0.03395457435636548,0.09040568751721094,0.6629283878015617
SAMPLE_03720,0.9990901569661879,0.23673885401167308,0.17146860462632393,0.023709027405080747,0.24273417575970835,0.018885012680983408,0.21490341936741747,0.29369485241146276
SAMPLE_03721,0.42547992482784047,0.0929816737917174,0.10762262441924163,0.5032665872319113,0.07482835965831286,0.0008916391002074108,0.5110127276026888,0.0395078751722527
SAMPLE_03722,1.0,0.7717024452479742,0.7087388554663683,0.9982076896052714,0.7289304484405469,1.0,0.9997983932933041,0.8100487436105823
SAMPLE_03723,0.20964338452094344,0.059988382446208875,0.07423274652456227,0.5031485450339479,0.06148366934687499,0.0008498510826601136,0.5090410294722695,0.04687784897110908
SAMPLE_03724,0.8864770867703697,0.3434931220102821,0.3537941213595681,0.9991139436182646,0.3779474497098934,0.0011138724807361502,0.5555553218439871,0.7956311566955981
SAMPLE_03725,0.7890523780779144,0.20094536882041603,0.2599743564898412,0.499682829450872,0.2829920946581022,0.005665579737856566,0.05501827920217635,0.5092641709854058
SAMPLE_03726,0.9967233532749069,0.09568156684733485,0.3175803363342675,0.5121699257576138,0.24737042442884324,0.025983233769669916,0.13857500154465827,0.6917229998144939
SAMPLE_03727,0.9989092508848495,0.3832163920224264,0.24877619491412586,0.30154176978544245,0.3703749399910641,0.0633739036436991,0.05600904143840899,0.2747017459527986
SAMPLE_03728,0.9188494376931962,0.18167771496579735,0.20528643872762242,0.4447515718744701,0.2977445017239359,0.0018068479610721683,0.06805863081262016,0.4407248450911636
SAMPLE_03729,0.9294085583557941,0.9039184574763959,0.8582850008818548,0.5007820620867803,0.806011166781466,0.4113591724788026,0.3575941522540907,0.9735721967003985
SAMPLE_03730,0.9972771918916061,0.4427788607749979,0.34146690911829997,0.33099774552530786,0.6570262892008478,0.009889108012881646,0.19684289310541098,0.6840585361924203
SAMPLE_03731,0.9992156417664804,0.08653349144232671,0.14981518335458482,0.05497875814283008,0.09937463203806174,0.018932087203683744,0.044548398144671666,0.16362777322894836
SAMPLE_03732,0.8866649200327403,0.35438424564488596,0.3806727607357658,0.7398575616211107,0.5162939003349364,0.0007428604075042312,0.5679352952275054,0.7209503831308212
SAMPLE_03733,0.420717512047844,0.3194402168875118,0.3093993074280738,0.5021919706839985,0.2509049224790091,0.0009699791485533334,0.5128313861975483,0.2376738690079473
SAMPLE_03734,0.9990248911848256,0.34807495426185386,0.36072477894855315,0.5091998054432098,0.2516124644117733,0.03524854224904396,0.25965788875763185,0.4985614062267275
SAMPLE_03735,0.9422419142134028,0.4646399147981263,0.49810974465594327,0.49633483519551,0.7340125476804243,0.00753470932355675,0.08317124510557854,0.5198887310591727
SAMPLE_03736,0.9989728319324662,0.18697511328373478,0.12433552518276603,0.49981330339116514,0.2245340746764962,0.020707296147865303,0.12920454971952394,0.5520418212504847
SAMPLE_03737,1.0,0.7287248956100352,0.7149409774382667,0.9982814892047464,0.696050525222869,1.0,0.9995100080656062,0.7083375191223902
SAMPLE_03738,0.9991767327777947,0.0396413314905726,0.08247348145525664,0.014246071629164261,0.053775645487319904,0.011520760756610102,0.04126027268619445,0.04648759106047671
SAMPLE_03739,0.9992137627940388,0.04392123595650762,0.057136211129315065,0.02117342786005798,0.09028643066206987,0.031027466988183844,0.037351602464305626,0.16683642380847544
SAMPLE_03740,0.9982263036114711,0.14321249272535586,0.03238464732945777,0.13451895668208805,0.19749064389227375,0.01634252563299445,0.02144177153511387,0.1594308713675112
SAMPLE_03741,0.9990002979828898,0.02837178142640002,0.026885799472159678,0.008172372472562927,0.030969231912069524,0.004374096497255329,0.022926569970172308,0.03729814671857551
SAMPLE_03742,0.9991647692077679,0.10298996970818602,0.11406910670019528,0.01584287882174427,0.10474122915210785,0.020815725705946586,0.035209365460192064,0.11852156541586796
SAMPLE_03743,0.5600536144772897,0.3222566452672325,0.3896789217966983,0.01698894670469307,0.3636611010644312,0.0020775911763489274,0.06902049963086346,0.18645970526968286
SAMPLE_03744,0.7579996329603221,0.38198880312928424,0.4400228160136821,0.49977353089741594,0.4346977920575208,0.002939995312307565,0.1701603003343081,0.6822679409685994
SAMPLE_03745,0.8177121233204385,0.1784241006754089,0.1951865347396184,0.9862522953286879,0.19783995906637686,0.0005943104605447847,0.5100585317150325,0.4495487034228566
SAMPLE_03746,0.9992718040816688,0.04782943475996918,0.11976780525296671,0.032982311783778966,0.06124652027236242,0.01389369600874762,0.06968176347899153,0.10708180965564874
SAMPLE_03747,0.9988213540595149,0.29325424807524797,0.2027160419886243,0.22334642854773215,0.2801925241138535,0.05086811388668809,0.1843571080344233,0.3765229474524997
SAMPLE_03748,0.47042766873972264,0.11185750539335408,0.11849892260047595,0.5071866101053863,0.04807882632800249,0.0015331758149825126,0.5340702007468378,0.0982880210425632
SAMPLE_03749,0.9991302591817461,0.06106904858286022,0.14239884873598965,0.023432975223897232,0.0649159257918993,0.006442113004572207,0.08838981716405221,0.17261753823923204
SAMPLE_03750,0.8082722767374517,0.39801482713004,0.36802229874507064,0.5023865397931077,0.393617543416652,0.006772686315111253,0.1742070742604924,0.694484171780476
SAMPLE_03751,0.6939281687138398,0.1485718035126107,0.16859329614252916,0.5024903154550516,0.25743618227905224,0.0007320343996220956,0.5258126271410464,0.2707558795169146
SAMPLE_03752,0.36168556835319315,0.09214497494874982,0.10301015410165512,0.5029931240385535,0.03779523609875396,0.0010130715695950694,0.5176461088861418,0.05661109320064093
SAMPLE_03753,0.5027999933628803,0.053491966098890446,0.05623195912432107,0.6262623962941385,0.043555165799244296,0.0009112942143268428,0.5296573348263918,0.20959209262100217
SAMPLE_03754,0.05576288139301962,0.07136816531795606,0.06164132927164862,0.9964278637706719,0.04465829840840658,0.0006919732875014522,0.5067392298886031,0.4892387599492363
SAMPLE_03755,0.9985178606002536,0.1638357189579463,0.3076077663922815,0.4129855616930539,0.19297122075331408,0.21380579482499926,0.16032352090919938,0.27667381071725916
SAMPLE_03756,0.7702758860790708,0.25092401291727245,0.1494518997316545,0.5012328798463408,0.10227625913935588,0.002081315601224224,0.03878220495937819,0.5130173210608411
SAMPLE_03757,0.9992662705949982,0.0539856671623812,0.12124398046377934,0.12463748089005323,0.24614853685121485,0.009331197133209573,0.03534058758551251,0.12294709476173771
SAMPLE_03758,0.9987519419272741,0.25484584549888745,0.1211874541630566,0.503698672321273,0.21674149161204076,0.00987315192810389,0.10335872575325754,0.506338618236205
SAMPLE_03759,0.9993032619142181,0.20362759563977192,0.034595336698174765,0.2069145285590464,0.2017328110076378,0.008634383981565713,0.03142284191854345,0.30743776355820535
SAMPLE_03760,0.9798096398924995,0.6933497660727745,0.6113770839694177,0.5088517890007834,0.45320844061857746,0.010560139530656758,0.24599521851790815,0.7156927653885308
SAMPLE_03761,0.9989938281477578,0.13419767768707808,0.08943304620943011,0.13606438590848785,0.1901856324269556,0.051656638739033686,0.044669930905485884,0.21917306888376897
SAMPLE_03762,0.8418701744935686,0.1671002926319198,0.13630469921843857,0.6290674944407144,0.13301372812338969,0.0006262511550521719,0.5405853498350326,0.1550452579154078
SAMPLE_03763,0.9991045029739811,0.04200734359283612,0.07004355496405301,0.009587519117524024,0.13176412161935472,0.004173216909397304,0.0242486962397354,0.04883841893868256
SAMPLE_03764,0.9990156032769697,0.2945237137480118,0.09858178451877547,0.5097828236081384,0.1514475932914932,0.02417224444413053,0.05480439883213778,0.5002545581204529
SAMPLE_03765,0.9991943247559713,0.043889279134536184,0.061129953990871344,0.025653223037752512,0.0725289662159872,0.016400451960887456,0.09127654193874284,0.18835715279091164
SAMPLE_03766,0.9992791028675156,0.27831628931017793,0.13487066532789183,0.09925040028969888,0.28581503639076555,0.019478232094294966,0.05264494754470752,0.11567894922415353
SAMPLE_03767,0.9992643098370797,0.09193287143503767,0.10022542547644253,0.017089617238089706,0.05083850568297764,0.010986897385217164,0.08304889411147745,0.08168052767076055
SAMPLE_03768,0.4968077934650872,0.04138317948474197,0.04460320156674429,0.9976626141815064,0.05610085826701463,0.0008765763660007921,0.5105583535614048,0.4968917360979856
SAMPLE_03769,0.9990777217324541,0.03844153346507963,0.055210116571965596,0.009741583626729926,0.037491780476950856,0.011805651417294843,0.05669066088651798,0.045172191723546265
SAMPLE_03770,0.35284274892119855,0.061083192218076315,0.0684631814992456,0.9994293772415429,0.08245226419127753,0.0007786181244558761,0.5092666781099476,0.5150747754104538
SAMPLE_03771,0.9991125754208128,0.10076405892959714,0.20067858833490537,0.016304195973813662,0.14048023232616844,0.02431335351462599,0.10589855951674543,0.21181638287205973
SAMPLE_03772,0.9992258497325945,0.10545915807134272,0.24585038765958792,0.15496233806937368,0.08016174438837971,0.030809784552330473,0.13317431665107643,0.24122016967514592
SAMPLE_03773,0.8192268504048282,0.2718219329197221,0.29318033371149416,0.5009448699779468,0.2584902321525495,0.004421342567847257,0.09849249271315041,0.5213152530901833
SAMPLE_03774,0.8692403682460355,0.5622372886443953,0.8719191073917292,0.5030904805016231,0.635651378054909,0.009907639140555948,0.28089747936313925,0.9173401053134469
SAMPLE_03775,0.9990857056424813,0.1163252034897695,0.12876625122875363,0.12782420895854804,0.12672150787685224,0.04283948129156483,0.08081319833743215,0.3363373607185049
SAMPLE_03776,0.9988489724329405,0.07353179047553757,0.09024581751693823,0.018837075667963978,0.10296613538276177,0.007834309744387999,0.037018380172944905,0.08860104379112846
SAMPLE_03777,0.8595032635622084,0.06860885099244396,0.05984564244909724,0.7817289829656239,0.06513955347662816,0.0006335404935671414,0.5069537571885901,0.28432029281842247
SAMPLE_03778,0.998692635398829,0.028561805630485153,0.03956029107385465,0.024556900278335993,0.035444321544200366,0.008125347505499144,0.036722235224299286,0.06644277204399501
SAMPLE_03779,0.9992533542660339,0.060933868189353035,0.09372056898684565,0.015825045732958988,0.1825361717525763,0.011358801278309134,0.03650177213516188,0.08946083367211097
SAMPLE_03780,0.9970315391296222,0.1527936041399789,0.1563125971952176,0.5119898920045571,0.23139812602104437,0.11546041189920085,0.12187425546505935,0.5095841338822388
SAMPLE_03781,0.7742970869533892,0.2726622351984763,0.2765642533433492,0.9969782717681992,0.4239619387030461,0.0007589076201636943,0.5504077987286077,0.82296749551074
SAMPLE_03782,0.95792464558669,0.409630453136675,0.33262151964137915,0.5003524485022357,0.5697112145903974,0.004407525085834927,0.08042941135056648,0.675923955575783
SAMPLE_03783,0.9992296922120931,0.05944266006349983,0.06854528160973038,0.015286479312290895,0.08037854470792352,0.04094701830498032,0.03454297901768403,0.07116163387773364
SAMPLE_03784,0.9991970208104088,0.0887159539203819,0.16225469349735278,0.11462361148083966,0.1839475309273821,0.01820216173719162,0.13726515106600012,0.18303794454595027
SAMPLE_03785,0.9992034971318083,0.3304487232423562,0.4324234898826829,0.4898546766406172,0.5260301861365895,0.012507815691447925,0.26011126100674387,0.5924018987625315
SAMPLE_03786,0.9535152996401917,0.43741125345296705,0.2915225302717168,0.5009302639280641,0.31653333610705015,0.0024157720769997777,0.15594157862905295,0.6344461181627084
SAMPLE_03787,0.9607260472847139,0.4619057628340376,0.2777716715122846,0.5004913925592263,0.48782813523377466,0.0020815785550735363,0.1202088889445117,0.5157649801650175
SAMPLE_03788,0.9992055971427081,0.09619494412591895,0.0646311065963033,0.04246730251005382,0.2106351279263023,0.016024185248598215,0.027927912457293008,0.1578443051251212
SAMPLE_03789,0.9213775039548828,0.3154597500237558,0.37008062634586547,0.991438169850583,0.4397871670065866,0.02397126770642163,0.6465149462652475,0.5876558734302291
SAMPLE_03790,0.7541031585544455,0.40534344299919123,0.23738793936728136,0.500816800340408,0.2645068691456385,0.0024421069229387366,0.13621850701030933,0.5931067969236667
SAMPLE_03791,0.9991562747779386,0.0879218245265512,0.09766411291435627,0.013112060918174104,0.06723376509012698,0.055878705816186536,0.05527219835387408,0.05835832994939337
SAMPLE_03792,0.9988496415779509,0.1648432886497547,0.13663593850332442,0.3179185938641984,0.19701841903809317,0.03420229755297996,0.026662489890980544,0.23506757655959173
SAMPLE_03793,0.9499520556119898,0.37467309118190334,0.42413464438766335,0.5050987832383699,0.3863320204162292,0.005579453558565194,0.1884013782655297,0.7732152025445427
SAMPLE_03794,0.9227779063094539,0.44632953394901065,0.6727245667063941,0.7503546490776082,0.492002941351554,0.003264861675408575,0.7867990422411154,0.6372818685649411
SAMPLE_03795,0.946879698603192,0.5836913255335725,0.783031503683661,0.945334621173092,0.6233836783351272,0.20934306333243466,0.8660455984496525,0.9747437115000104
SAMPLE_03796,0.9991456508499004,0.6482409105483227,0.824166833990013,0.5077388057649771,0.6961377114969375,0.18146112396148315,0.3629320402295466,0.706242554890337
SAMPLE_03797,0.6668817505843361,0.10677313960421597,0.12707822350250703,0.5084447241812833,0.2948127570565381,0.002905281313311879,0.029980654650689664,0.6583195852420318
SAMPLE_03798,0.9982705305050258,0.049112574590382416,0.06351739649622859,0.010478063095146657,0.16931739885480873,0.006395085599677056,0.030745666597109974,0.06934887581614196
SAMPLE_03799,0.9990834711443123,0.061124870215832204,0.030252178312395572,0.151320756014567,0.12217779373527227,0.011705068236489702,0.02694571633451349,0.2605518042216301
SAMPLE_03800,0.7664721464163062,0.39728819457124154,0.2669042186175502,0.37446670820837696,0.5066284207724678,0.0027615297870088313,0.03782143559151831,0.4220717812122813
SAMPLE_03801,0.11722068159267715,0.14441026034041507,0.16755460152450338,0.5037592458971484,0.13513010964304373,0.0008730857440085733,0.5106692934984939,0.12114385285389251
SAMPLE_03802,0.35984423583093494,0.2761208571648178,0.32929448672635153,0.5074793509527602,0.3044143517751809,0.0007416298136102043,0.5377012582621101,0.4067835681290438
SAMPLE_03803,0.9986318760224064,0.08710559813992003,0.0918403239534061,0.12963977839115193,0.3327722062778529,0.021778986818237187,0.03946102042654179,0.25071004519267454
SAMPLE_03804,0.9387361497173968,0.08686159670264229,0.11075819559580426,0.5012593205556468,0.24159773786593672,0.006632662050733809,0.04897934942215481,0.5031680775430816
SAMPLE_03805,0.6821943634702218,0.31329838725246023,0.31033819363563697,0.01024335661708287,0.4303615822464315,0.0031344000986399732,0.05647425315175348,0.41742784310163084
SAMPLE_03806,0.9729075061202268,0.2600114176797578,0.2606253564286503,0.5030964739133134,0.44787485123782533,0.004244511106997726,0.16829529059914677,0.734786603246796
SAMPLE_03807,0.999285327883242,0.08558234279917723,0.1543826292287456,0.02169561288629523,0.07196737334523759,0.027991132359746058,0.07586260310552088,0.06286095405934805
SAMPLE_03808,0.9354526927391328,0.4672951254981748,0.5112082787912394,0.47879674999535604,0.31084656943289934,0.0019911044742458774,0.149455074402376,0.551414551726463
SAMPLE_03809,0.9439920580674224,0.19960403724839043,0.19094583465568632,0.50120119003444,0.2569945472604372,0.00434863540293133,0.07753695824747023,0.5078086701836909
SAMPLE_03810,0.9984203384485459,0.019183685349898484,0.03186404265469835,0.009420706596042386,0.08328855512082954,0.0033733378569339575,0.028033407151133654,0.06294421705846265
SAMPLE_03811,0.8074714348244173,0.09901426045382221,0.15979921496140534,0.6968376135718891,0.09157683516390083,0.0006627304153723848,0.5091197935763881,0.23235230969214765
SAMPLE_03812,0.9941627368471205,0.11774580426082633,0.18116368241620992,0.5243042560789953,0.22839536501395713,0.03155387313167124,0.07271312763263098,0.503696615904866
SAMPLE_03813,0.32507555420249323,0.17444751017290727,0.20239341806433592,0.5052750825188098,0.1598707196515446,0.000995013830452157,0.5456703413277257,0.20475601064099985
SAMPLE_03814,0.999096189122017,0.11349450364973626,0.1004654044362216,0.12548041059403964,0.11859277716269032,0.014402061933875072,0.08038434608802955,0.20148726536140146
SAMPLE_03815,0.49978284299793874,0.09686584066187463,0.11234115357471088,0.5098913796689858,0.13661807247299845,0.0007340052292851946,0.5160624153315468,0.04460069732529045
SAMPLE_03816,0.998770995014751,0.3454924610581549,0.4223783283793765,0.5105669700809656,0.439258913362655,0.027208594291561288,0.10177602365593848,0.626562358692289
SAMPLE_03817,0.9992772085462999,0.7096210509575948,0.6269723951895736,0.5020550280421017,0.5536102915988128,0.08197886065485499,0.29718131915319307,0.69151388060094
SAMPLE_03818,0.9989444915843082,0.057786426797316,0.17679933760604238,0.10875588411983911,0.07873027569075082,0.010147117009553279,0.07626472149945258,0.14609894990204567
SAMPLE_03819,0.9990657471496021,0.12713111324361942,0.13220926330622232,0.4986277997160175,0.22642935643315193,0.012698741793586661,0.11840530602293951,0.4102643296002014
SAMPLE_03820,0.9991845741065151,0.10006498558028494,0.10033572413707002,0.11765728116090861,0.15547265197669016,0.0428388564582535,0.12784861632162012,0.22536058383947075
SAMPLE_03821,0.4897769496272524,0.2108454239615587,0.15342922574081874,0.5243351870599603,0.20644144184714952,0.0008177787478920669,0.5504182285839686,0.2517097121450119
SAMPLE_03822,0.9991788171000648,0.01750583297351492,0.023510239579098518,0.016909345712250723,0.05450551268963298,0.003714039440357124,0.04042620250636164,0.0846480599862554
SAMPLE_03823,0.9993011749684733,0.4034493347097835,0.05614854527762483,0.1818697480964357,0.250717011731641,0.009793301966353137,0.022828662911193585,0.14317207598480383
SAMPLE_03824,0.9991899158877006,0.531609476967541,0.6200605970394686,0.34786349322776333,0.5213805656822652,0.12585634452887962,0.3065066245203811,0.5647805873073728
SAMPLE_03825,0.9991882341140933,0.07776595628972977,0.059024250846754035,0.010170878651692396,0.04771372460086514,0.012059147750543451,0.04179078084543699,0.041648162399476475
SAMPLE_03826,0.8517841311669303,0.13011213569746752,0.13129893962193967,0.5176606003049643,0.19654207215020156,0.00854944320829336,0.08534261974177414,0.6763726176219431
SAMPLE_03827,0.4611928631393561,0.08395761199214616,0.10895540540481016,0.49739259021820076,0.1299974285183259,0.0031466432892183426,0.06613968199175074,0.45490737590485675
SAMPLE_03828,0.9992795141221731,0.08513526509438621,0.24109455894384446,0.127553824714637,0.20287996014169402,0.02259220751260763,0.09790692677912818,0.1540483885108287
SAMPLE_03829,0.9992834118833567,0.09797035430628678,0.1458828478426834,0.015397839815719485,0.17847497310351643,0.0158062870616582,0.08848786416724361,0.10495187843312437
SAMPLE_03830,0.8722924753853429,0.15474016497254123,0.09035855790130058,0.10303354829971206,0.17200407448436142,0.0021298461946633387,0.043344325330761144,0.18309682106397343
SAMPLE_03831,0.9992310782349301,0.07404915562338772,0.11268134305215073,0.012613630038515018,0.06273852190546655,0.024391739748396576,0.06037963702247396,0.07146061426886718
SAMPLE_03832,0.9981823585612187,0.022568118516425338,0.028988959137092093,0.017042429768910693,0.038556813280675846,0.004571597532721411,0.020765078099550277,0.030274773240149568
SAMPLE_03833,0.18429103430852584,0.1505593431005143,0.15283505361348523,0.9245530940361545,0.06351660172623885,0.0009115224955337166,0.5117190606449317,0.42348167481830384
SAMPLE_03834,0.998669679446085,0.1942094037329749,0.24519228472187785,0.2645827673878689,0.20471476679241996,0.08611297125627351,0.09027725526201291,0.35429301717512574
SAMPLE_03835,0.4041650268879845,0.08395485238452968,0.07812472542717515,0.9929267150656834,0.04707242859965037,0.0006700254653432797,0.508822911066006,0.4778116370919007
SAMPLE_03836,0.9028283662548231,0.15755123988000844,0.10584489506280645,0.500524870919295,0.1815057733112585,0.0020228133757473937,0.05843012626677991,0.5769448534142825
SAMPLE_03837,0.9991981710936082,0.03283933611896441,0.047388772861228806,0.009321609941651897,0.05343973735442155,0.008756430692252732,0.03759390997976381,0.05253810403528233
SAMPLE_03838,0.9991177183267775,0.14753797041285263,0.1132187465328814,0.4999601464421884,0.16234753865768814,0.025089262456324014,0.04858004068741484,0.5031885154367768
SAMPLE_03839,0.9135222788109935,0.6739009947004843,0.7246268278248131,0.5010275515115047,0.6391418075490672,0.004847686850681864,0.2616003801095767,0.8544918674287585
SAMPLE_03840,0.28963164425952553,0.10956834349708082,0.09731340329408877,0.5025010507396618,0.18599081971314146,0.0007588539798415988,0.5196966551735762,0.1711023834717229
SAMPLE_03841,0.9992921953221909,0.14114082603401792,0.17732671991116902,0.12390464534434933,0.11255512781546122,0.029248632125336224,0.16811581334152828,0.1944958725210045
SAMPLE_03842,0.15525057856489208,0.08973578275886668,0.10127272514379963,0.5025832390221353,0.043070645259327835,0.0009301371181141514,0.5128685923135233,0.05857220828728921
SAMPLE_03843,0.9369953458747229,0.46176095756975677,0.2414484440958518,0.5001711629713576,0.4126821586496556,0.002662702554392015,0.12924142752590628,0.508617255072151
SAMPLE_03844,0.9991232402512722,0.14251272841618323,0.059901471659751376,0.37459841020371637,0.13469337195678546,0.006007216467664493,0.041309159678584936,0.26870551856246094
SAMPLE_03845,0.9369809141154708,0.4903789871619705,0.36508372637263853,0.501131794843046,0.6572401747495601,0.002202153493762027,0.0927481702334878,0.7596028634377037
SAMPLE_03846,0.9992357533241673,0.03790065565944721,0.07847519429371003,0.01751401328764268,0.11617017246479042,0.010095991940892104,0.07740796376933379,0.07648006848158612
SAMPLE_03847,0.6763686743300138,0.5013589539372557,0.3232795751452794,0.9991011826565295,0.3523795719624545,0.0007624444390203192,0.5308451436016698,0.6974433686598106
SAMPLE_03848,0.9992644999268336,0.07766426796724474,0.1530302382761095,0.07644161786106794,0.06358527563757148,0.011654833750776633,0.040156957775080875,0.10086028281529881
SAMPLE_03849,0.38002244649236566,0.3265752940329872,0.3356910971409552,0.3734798953930248,0.46136149483469435,0.0018064985067366595,0.04115824939389347,0.6542140150822243
SAMPLE_03850,0.8556507516238565,0.24275177587299013,0.24751194975397228,0.5276810759787764,0.2891063954932509,0.0009837117658461532,0.5830788233593653,0.3668805891396646
SAMPLE_03851,0.9989721133190224,0.05744227671036771,0.12852794245048033,0.15612627279469057,0.19917361457601634,0.008851419664604142,0.07649492920389346,0.18183439012364716
SAMPLE_03852,0.9991236079261415,0.13521606211914494,0.13948825455043734,0.030676401926337846,0.13101220773049937,0.016420520388553572,0.05673241517647763,0.1321171017890947
SAMPLE_03853,0.9195871861782368,0.5468599598048901,0.6666771296084362,0.022577964361469735,0.6126018129722225,0.006771302679434517,0.2261120889651561,0.49959242843409407
SAMPLE_03854,0.9342018342593792,0.2706154378191174,0.2588031893695084,0.500291622950138,0.6286553495001199,0.007421338593104784,0.0469962865942928,0.6932061674492003
SAMPLE_03855,0.17550013591874622,0.05158016471417344,0.05525906062560926,0.5046416736644305,0.0397190622773009,0.0008154727645737377,0.5318664890701646,0.07766684434837243
SAMPLE_03856,0.9992217166283104,0.05347834298814005,0.07208123306861783,0.010645125313718189,0.06487074191515084,0.01426914290324147,0.049718709420530575,0.09157356075532151
SAMPLE_03857,0.9991466780635745,0.07953196824927809,0.17700257910688103,0.22559382499809977,0.1045510109361582,0.006201669167196918,0.0891049520670591,0.17787226777508366
SAMPLE_03858,0.8256468736083309,0.1209773388773026,0.13989604967504263,0.5003960717407971,0.17586416155119772,0.0032011867744217055,0.06079652043127474,0.6314494557160764
SAMPLE_03859,0.13056936904400318,0.11197525431104789,0.15993560502723927,0.6516393182595238,0.06972579443914305,0.0012017886254460544,0.5161158296606203,0.20223175103827754
SAMPLE_03860,0.24955348433839605,0.19393166621999314,0.1603094871992594,0.5069432818537964,0.07576249505076252,0.0009435670510259707,0.5140595604224364,0.15371847095457303
SAMPLE_03861,0.9992041183178095,0.03777804408417482,0.10097846904749744,0.019090523004405127,0.060418817256771715,0.006105410253836524,0.08467768019960067,0.14874014475656352
SAMPLE_03862,0.9993217968341179,0.36196619514823763,0.6238444161813838,0.07529683619295602,0.5301540734397573,0.008205418871588594,0.19827693386046935,0.4945263658627208
SAMPLE_03863,0.9992499928191438,0.0522394217041494,0.11293881992248482,0.016992742819547907,0.05680990597599697,0.011645110752674086,0.03596970495096371,0.16904848146961515
SAMPLE_03864,0.8457714849588538,0.28764804547780537,0.3358111867562753,0.6692983515630382,0.43753864823289607,0.0008182851723877336,0.5316822817674312,0.5420685347066374
SAMPLE_03865,0.9956668111312799,0.04459508069617252,0.04447418726529522,0.015382362824699729,0.07269550647051598,0.007612414013004874,0.03298786612061203,0.1915066017111558
SAMPLE_03866,0.3354515584713429,0.19406777576088222,0.20711376683144542,0.9948445649578466,0.11212187531261979,0.0007892608111714651,0.5183787299838167,0.5682302082343006
SAMPLE_03867,0.9332349473574255,0.41877421568353423,0.19010914693390552,0.5003899510703411,0.24714414061040468,0.002169158193224203,0.20783940542657603,0.5186774108586704
SAMPLE_03868,0.40993845077347324,0.1840878173883293,0.18684366255253743,0.5236828252281172,0.30340599922485495,0.0008217412278636724,0.5360631478010613,0.3346585924549068
SAMPLE_03869,0.9989254801339467,0.14901754634869918,0.18469802908067123,0.03264054116057737,0.1488881317760431,0.023429010719332767,0.17838027254318561,0.16297268458888353
SAMPLE_03870,0.620149101286948,0.35215530786424054,0.3282436701299164,0.8306636799429511,0.36482410536926585,0.0008820386000725366,0.5429668468302217,0.5622879704043577
SAMPLE_03871,0.9989476369789774,0.023948849140570338,0.03771596458296905,0.011796007411426994,0.06437307848180568,0.006024973012411188,0.027174022431013255,0.07719946923021885
SAMPLE_03872,0.9991282710674216,0.4008680360467838,0.3472465036127732,0.5012904026222398,0.4195854877599867,0.09534266383868648,0.12574281990908684,0.6138647921787939
SAMPLE_03873,0.6100849519761272,0.30444542707843136,0.2000479333001917,0.4851881155140715,0.3664123226291087,0.0027117934063761577,0.11006714663203365,0.6109547096915087
SAMPLE_03874,0.9992864496049527,0.04750345591115874,0.12445038745275684,0.013687589858511913,0.0931766645756971,0.009626740869183163,0.1333436854898323,0.20083600795857498
SAMPLE_03875,0.9986117853380155,0.6381778941113783,0.7817357636320001,0.5105349337588969,0.6099932930426184,0.050802827690359174,0.41533460273443784,0.7746496586034202
SAMPLE_03876,0.9992152593368533,0.02999263470876445,0.04257281651322492,0.1116206246575588,0.06649054922732708,0.01947522932967018,0.02651936847727744,0.1448667458948789
SAMPLE_03877,0.999155994138164,0.04164792280530398,0.07218668452833893,0.016291593617742642,0.05891306483785407,0.013090951489020746,0.03353216934911884,0.10114970892812766
SAMPLE_03878,0.7369829046746019,0.1256915483233886,0.2752311718481489,0.501671392938443,0.516851491119851,0.004038449916961906,0.03922555298679064,0.6049790218874203
SAMPLE_03879,0.39212182485039226,0.06890040070774067,0.08283370369666293,0.9958617317254123,0.05069225261582941,0.0010656595847306578,0.5124233023068933,0.4875099028404696
SAMPLE_03880,0.8875844550667087,0.6910547470368336,0.4261188918775669,0.4896301618463413,0.7311264397332358,0.014009514110489405,0.13870558821266352,0.9047760265346978
SAMPLE_03881,0.920974103136365,0.29329091461372603,0.30094010608588295,0.49615701224247377,0.21740917743060328,0.008072190540127196,0.15613793011015645,0.5760956627324882
SAMPLE_03882,0.9492807736025484,0.4597955217443448,0.5599082704240648,0.4980053034885173,0.5084962902265896,0.0024120919241988263,0.3038437040399245,0.8250370957312878
SAMPLE_03883,0.9993189529958268,0.0520735396126015,0.07514247358926494,0.1301717919254448,0.22665751096337983,0.010658235960997253,0.047935303144005535,0.2178773252241083
SAMPLE_03884,1.0,0.728827474768754,0.7234127996174085,0.998150977571236,0.7870656103826957,1.0,0.999841995667009,0.7845677705926749
SAMPLE_03885,0.7860327905749542,0.1030315594971049,0.10930691225396816,0.501876183712943,0.160835586456758,0.005169325860305525,0.030488617346872936,0.5074554865593
SAMPLE_03886,0.9971164756737407,0.08614519212669917,0.10611392817579032,0.03681476143402973,0.07414740083680843,0.021716185137896884,0.05161735825678773,0.14187626276489723
SAMPLE_03887,0.7531914563924202,0.22799546714658556,0.062213065140022325,0.499352530598124,0.1839868929385014,0.0019359976126619351,0.035905742009479415,0.4946064905267716
SAMPLE_03888,0.9990577202313685,0.07996100249061482,0.06560099558150677,0.32187109453980645,0.11797004762093392,0.01985736430555374,0.035874656284969234,0.3029053949672873
SAMPLE_03889,1.0,0.8321756606011365,0.7895625875796273,0.9983432607561171,0.8520338859573127,1.0,0.9998249353972521,0.8984784083368179
SAMPLE_03890,0.9990287248264347,0.368090909319126,0.31168669090437984,0.023603719856465866,0.4633773067942668,0.0413934074225367,0.2923324333644525,0.4256420725166539
SAMPLE_03891,0.8253304228886462,0.22675908881334128,0.23454006070353467,0.49885843961914245,0.3006212884860875,0.002549388322014092,0.17520909229498433,0.6175085560394424
SAMPLE_03892,0.9990249393992818,0.11133088658552057,0.16132855893881026,0.027861041370610726,0.16790847369514644,0.02322557626110596,0.06131167760004029,0.17363088245924702
SAMPLE_03893,0.2750655409361248,0.20601591977147865,0.23989343931522086,0.78460821687198,0.1703871841859208,0.0011894532524580758,0.6609830236075116,0.45962362537721535
SAMPLE_03894,0.09030686057802702,0.07190733080586109,0.08360055413601516,0.5039909211748682,0.05947788916143772,0.0013067656769728568,0.5285947754808995,0.06286642785443759
SAMPLE_03895,0.6836145645324134,0.10605336597635405,0.14030241849908684,0.5002148137970807,0.22319200967224048,0.002620364019678939,0.05065513468353906,0.5872981079154176
SAMPLE_03896,0.8314923731300525,0.12834359872485748,0.10428663171461156,0.4913230695993172,0.15978193076201444,0.013328337833775591,0.05379689459145598,0.6359259087585116
SAMPLE_03897,0.9988583669308797,0.16004372886631715,0.19525526777284954,0.49774426850913106,0.2685726934346533,0.06358872163869181,0.11619303260764764,0.43178180078527945
SAMPLE_03898,0.8847259725874206,0.7350808219894693,0.7580979072361562,0.502438599681358,0.8989171434841078,0.05756146619436337,0.24361558281718038,0.7921787116204031
SAMPLE_03899,0.9992182820989561,0.06431007931741553,0.05770229646002468,0.017179955363073318,0.07001579061930581,0.03867372246810307,0.03926632863972005,0.05419947807011728
SAMPLE_03900,0.5869367502631024,0.5427545115721608,0.40671471619260474,0.998715203470969,0.4843961814825129,0.0006704920099102043,0.6191665695488969,0.8649815020810422
SAMPLE_03901,0.9991672030884298,0.053756911412982424,0.05326185508902757,0.015435385167203504,0.08152382250543617,0.009867039996661333,0.06700181465289706,0.1191312462233312
SAMPLE_03902,0.84652660459861,0.7510702166558493,0.5200689629334934,0.5007113422307641,0.6766944489599264,0.027344934012197855,0.24884526076801056,0.962101643445845
SAMPLE_03903,0.1673289960017871,0.25646479399487,0.44634747400814057,0.6479781771621824,0.38109827857105366,0.001195709998413715,0.6173025640133164,0.5505139142505776
SAMPLE_03904,0.825485427239625,0.3941333176339199,0.14866162734640778,0.4947241476751263,0.19456604861091842,0.0018711977080093666,0.04806580626771535,0.45975460961954906
SAMPLE_03905,0.9989460521013853,0.1252790564150057,0.13393937610110668,0.044488774001172966,0.22125352089906036,0.05118318822284517,0.04140723350294125,0.3947884286321177
SAMPLE_03906,0.998807149714299,0.16986713613378174,0.18995344783904275,0.9885077894459005,0.1610755600994797,0.05261708205012158,0.587836871161992,0.43128714416202624
SAMPLE_03907,0.999070641150078,0.16747541537104582,0.2639270227193883,0.0215177153237078,0.18075243611774694,0.024819225796490877,0.0864447185296716,0.11000228029605208
SAMPLE_03908,0.486751740340299,0.13140161064449649,0.10105707880937798,0.5204718827755458,0.03780549320667162,0.0010122814433089697,0.5324977182043774,0.06109271234886129
SAMPLE_03909,0.8507862875058216,0.09787782707692114,0.07582995124775561,0.5004230670036378,0.13551527648775707,0.0019137201067847304,0.03956763004276178,0.5018230730530174
SAMPLE_03910,0.9986968017721012,0.06978684757518419,0.08875777454269274,0.011376302651577876,0.12789536334728746,0.004127751364360044,0.032612756591250694,0.12225750656033246
SAMPLE_03911,0.9990608760323342,0.45700496017334014,0.1981642063427565,0.5026151181161844,0.44890036532808597,0.18466549912886188,0.0758008553823015,0.6804617476335161
SAMPLE_03912,0.9970784451425425,0.3092789774490756,0.5059792653474546,0.5366386562707149,0.29188459555562396,0.022865741130468204,0.24826751863070756,0.7233325239953815
SAMPLE_03913,0.9992142845380461,0.03172172522389667,0.047646524968609834,0.08326330298732047,0.20319475474491583,0.007747180088553638,0.02637792659570914,0.12534546715076988
SAMPLE_03914,0.78738306770912,0.20598807928268079,0.2329831001403775,0.6373601874179089,0.24597188813413104,0.0031753229857899366,0.5792825005268077,0.46589486790363854
SAMPLE_03915,1.0,0.8752813529946422,0.9019570094663178,0.9961396553562872,0.871046771557323,1.0,0.9995354357622454,0.8280190055991601
SAMPLE_03916,1.0,0.7263064466281839,0.7342668280781275,0.9891150188638556,0.7926504534643672,1.0,0.997707687636624,0.7516727091281046
SAMPLE_03917,0.9988866803548807,0.30332263307703455,0.21050023568753978,0.5144366745225588,0.29279120874326825,0.03876878369945277,0.16472165970247785,0.5666361089231721
SAMPLE_03918,0.8682820424396165,0.07192009236743122,0.06577682573587357,0.49879240866889013,0.0625387473614664,0.0023339595681583767,0.05450270760910432,0.500420498194352
SAMPLE_03919,0.9989009248602695,0.43953105872310416,0.40838287184678834,0.5132751965747966,0.4102727461184623,0.027194874369000876,0.21188115091047968,0.6134238953222555
SAMPLE_03920,0.7234738657521422,0.36587987495117275,0.22326196624789596,0.49531761778520494,0.1953801037663179,0.007152296493179243,0.08753257773877181,0.5620593393399905
SAMPLE_03921,0.5662658384416499,0.251585267652025,0.13636066771578478,0.9987246428647956,0.15838697427803994,0.0006228090390811928,0.5073055189846055,0.5158308247237222
SAMPLE_03922,0.9991758470348473,0.07496529990079445,0.13158377263276783,0.17828842636727718,0.2303772161317642,0.010370174799165282,0.0635010706418879,0.2324680482489316
SAMPLE_03923,0.9992299114624336,0.5230785122639456,0.5144031568230077,0.2854165711422459,0.522793294592544,0.21378763081836727,0.32534026929003856,0.6010880990098292
SAMPLE_03924,0.7372684581840042,0.2342031584987741,0.2787949299542975,0.6155107012172408,0.2797264341985214,0.0007994977271361724,0.6653843182376483,0.3627986359336043
SAMPLE_03925,0.997376939263188,0.12251929601372849,0.14100905513499756,0.5336468146037482,0.12354885153786356,0.034843736067264736,0.11029693699653832,0.5102125539288489
SAMPLE_03926,0.9189685805231299,0.29371089914219284,0.39595047226594543,0.8429354933216506,0.4069040464672226,0.0006717084067329457,0.6423432769867172,0.6035938087742105
SAMPLE_03927,0.9993191818130551,0.13591027677543402,0.17506488360985692,0.012222802397647795,0.06950482988849871,0.015664207124675193,0.10281244039984806,0.06748048559961194
SAMPLE_03928,0.9990837176531511,0.03471720133826474,0.031772492134276645,0.03160837644467376,0.10168906158539702,0.010786583160340172,0.025128306963617994,0.14795707957583953
SAMPLE_03929,0.9992114643406154,0.05249827119795292,0.1085628117596531,0.17790072217365147,0.10031630224748131,0.017146118137108122,0.0541774299982877,0.23428819711920168
SAMPLE_03930,0.9991423560136283,0.019563838641220715,0.04321406421834154,0.011021038139673568,0.049586967249895926,0.006958266452483869,0.027586451578696332,0.05263570160984929
SAMPLE_03931,0.9453390610518945,0.10772520741804105,0.10078125918058284,0.502193035524701,0.17688883502133307,0.0035391179598499045,0.04105215556631807,0.5042498997175289
SAMPLE_03932,0.09608344859531762,0.058921385085994836,0.07266641237409718,0.5038895761811638,0.03861191442654589,0.0008912930986296195,0.5105436591851915,0.04925201040118515
SAMPLE_03933,0.9084763191925328,0.3713218298410623,0.3856489821526967,0.500419945247942,0.6165065798395493,0.006281038826713488,0.098564150706127,0.7853074613703652
SAMPLE_03934,0.8238039351137787,0.23412317169258556,0.1660883620728102,0.49774451730182107,0.24572089992290574,0.0021136461161362194,0.043710116615302504,0.547738067264767
SAMPLE_03935,0.9984946701710053,0.3467592934045422,0.18485574064491,0.5178725156412055,0.1475705027633689,0.06321830273286386,0.11488061628572115,0.5764073580780171
SAMPLE_03936,0.8699666019795382,0.42353333396078563,0.3272991837396754,0.5003802084570577,0.2983974635044412,0.002995497787902482,0.22893011742597064,0.5626147348630641
SAMPLE_03937,0.9992340740230389,0.08752926016896267,0.11725654918914288,0.044559729967294445,0.12079766010763444,0.013729966498312218,0.1177339193068108,0.1337877104074485
SAMPLE_03938,0.9986345332929246,0.4018143141487665,0.24076297357210413,0.5045809535503911,0.39856280921170184,0.041709779127040214,0.15675709656351988,0.5914954885209743
SAMPLE_03939,0.9521871088630629,0.5207941966944448,0.8049073000513217,0.5016922119179893,0.6915916082557562,0.004006327190876068,0.40747778655080286,0.8825461655817486
SAMPLE_03940,0.9152811203648248,0.27939242552646437,0.28619453545758344,0.5001046473202793,0.4007316405318788,0.003180722709303595,0.06643859291427498,0.6935287652898319
SAMPLE_03941,0.999251455060083,0.217271282309618,0.07986658726008587,0.09422105202917182,0.2724030885712534,0.01870386767117689,0.038877599305478225,0.16406450421226293
SAMPLE_03942,0.9992869478273236,0.0585918269900495,0.09650728993420553,0.020274168426251717,0.09257391582971458,0.013335003342781648,0.060690088824214,0.08738064744166608
SAMPLE_03943,0.9990806708825628,0.03421669810292553,0.05536416114331879,0.006336771727523885,0.08091885510381495,0.005970136447553888,0.06041871047613907,0.07778280001018081
SAMPLE_03944,0.9981428983771772,0.02842957303627583,0.0338221142170398,0.011328179928104993,0.0782580464666954,0.004767187629547006,0.020935898824260876,0.04158824326939036
SAMPLE_03945,0.998950354461266,0.21290347396217643,0.12194698706107049,0.5103628544171384,0.17081662911701473,0.04966158210687782,0.08574740521889762,0.4958725914327892
SAMPLE_03946,0.8421927814580145,0.5215404722724444,0.27933878996876615,0.5004006884228188,0.43526261469545396,0.002340310850287657,0.05692905551626352,0.6828414897604962
SAMPLE_03947,0.9985985849447588,0.10340543039670652,0.11756244916741913,0.051080970693161996,0.12253282509170468,0.07774504274432383,0.07447313232319239,0.23139612565184564
SAMPLE_03948,0.34101174559726954,0.08024665103504429,0.08646683610677633,0.7203975548593388,0.03685344570822745,0.0008391754119234628,0.5200878886934179,0.14491828893376643
SAMPLE_03949,0.9161775327009691,0.4923663783886185,0.3046800304899586,0.5004867969970845,0.5605544579160748,0.002661500045539949,0.09331454295938903,0.783475217801008
SAMPLE_03950,0.9990813865134925,0.10986630650363804,0.13719168874355125,0.501559048906147,0.3128190408028582,0.01675313358443127,0.036162846805503586,0.5089117027552877
SAMPLE_03951,0.6669314376019,0.17877755513797813,0.1736000113725669,0.21170081376032615,0.285653844954386,0.002830317118569549,0.05324772141613049,0.4806586774031999
SAMPLE_03952,1.0,0.7099780493187666,0.7112394799019532,0.998154919434367,0.8136056165106083,1.0,0.999619126973687,0.8174283209707909
SAMPLE_03953,0.9737926367068452,0.42928366180256267,0.14663635128710467,0.5015317847906471,0.40046366253643434,0.004299100336111022,0.053522356663189836,0.5068524732237801
SAMPLE_03954,0.999139115287845,0.25163421246070417,0.275539525740845,0.5050404790199716,0.413163224751414,0.01863698230012145,0.11083360944050977,0.6869141716506663
SAMPLE_03955,0.8210132851806373,0.34877645568662297,0.28443477485638197,0.3907803014881738,0.2622250961390211,0.002473154509997324,0.058016880772461435,0.48313655692882246
SAMPLE_03956,0.5173613589154309,0.29700608854276667,0.290918381975575,0.5169552243895079,0.34887923717526725,0.0007405006072867978,0.5280715769524363,0.3228434135763979
SAMPLE_03957,0.9990807035273427,0.03784859183658786,0.07446283347365144,0.0071913991433051275,0.041543352396964266,0.010150729105297443,0.04981883372131087,0.08308348495541139
SAMPLE_03958,0.11073685638586714,0.24364851234265936,0.2564359768043506,0.5024211107469535,0.25349433668807336,0.000927909441072396,0.5250988278978359,0.25635177032020223
SAMPLE_03959,0.46442758169127396,0.0960635511930584,0.18134825634481694,0.5034476468981725,0.14824796784741961,0.014861521749769672,0.0440478676342912,0.5096566956538842
SAMPLE_03960,0.9991777632989858,0.15396597544230142,0.06665326872927298,0.015636565896291976,0.1641234562568531,0.010159844021382834,0.022910022803335862,0.10866470514811366
SAMPLE_03961,0.9989260947257632,0.148650984822381,0.15981711665358717,0.016756903006951405,0.18031798664643495,0.05226765245331281,0.07460103653447918,0.16698042851398076
SAMPLE_03962,0.8468684137184488,0.3453932832878215,0.2470271336438757,0.5012258492359243,0.3124838245943656,0.0017970958509748852,0.15993136314454076,0.6289276208822768
SAMPLE_03963,0.8687222673194266,0.4483879581633026,0.33285335075364286,0.5017007663384848,0.3724227876787673,0.03311864748572689,0.12685133902651738,0.7598362564097366
SAMPLE_03964,0.14740350948700812,0.20715192573917246,0.20963236758194498,0.5143517687844013,0.2843552578796399,0.0009496072128740158,0.5430738080597347,0.3866515001171841
SAMPLE_03965,0.9990580879631928,0.04219207293597808,0.04873160826828926,0.012632548466486902,0.0443512338363012,0.012866678555508892,0.02911690497891621,0.025842530319141466
SAMPLE_03966,0.10817142932473249,0.10198515647320881,0.14611969439367709,0.5291274807678292,0.14288375816205165,0.0032539045271099574,0.5244733593776187,0.29942768718493873
SAMPLE_03967,0.84004289661799,0.4987739373147164,0.29111282250069426,0.5007362966843362,0.4100902958161725,0.00180275236992236,0.11121362984688672,0.5197933956238083
SAMPLE_03968,0.9691733977764245,0.6123971882775447,0.4424907939880499,0.5005383864639331,0.7809082070890583,0.015764876091943214,0.07686943291501311,0.8060976719484638
SAMPLE_03969,0.7049167855343862,0.07150178160336744,0.0765011842851585,0.5846470640247953,0.18822381616129452,0.0008146421168654722,0.5086867256797359,0.09351612709270632
SAMPLE_03970,0.6243000606054825,0.5973034768094219,0.5760788871011404,0.5007133568170732,0.4376463548177236,0.06896920149763763,0.2836535192078623,0.7149575588793984
SAMPLE_03971,0.999139362866608,0.013528268106258855,0.017906150915312398,0.00795843445027392,0.022994671844914986,0.004287455444359189,0.03250889148701991,0.043330543673247936
SAMPLE_03972,0.9991364224697352,0.10720202491596659,0.11754733504999033,0.07921480857690291,0.09929931956832079,0.022986611678354335,0.08546578437836691,0.16856131393555773
SAMPLE_03973,0.2379410769204899,0.23689875289277995,0.225413576685447,0.5119910473396614,0.21311816939072656,0.000979015871539723,0.5166567936445832,0.2548146519228927
SAMPLE_03974,0.9987285319476233,0.17067431267061414,0.19403251668947652,0.02415753600035312,0.1680708433749571,0.02544658759957503,0.03725032982329863,0.17334382045428937
SAMPLE_03975,0.7433784635430272,0.1369407469375532,0.15067811750236865,0.9968371488827554,0.1595765023220167,0.0008907306518548329,0.6017931389656159,0.6286969388993302
SAMPLE_03976,0.17704166627789428,0.07986716268202954,0.10149299524684624,0.9963078932432899,0.06279576073538312,0.0009874751176562903,0.5081223221905707,0.5072405775726355
SAMPLE_03977,0.9983823411083779,0.20152866562927638,0.1001432548384011,0.5028271987305966,0.21407787901082728,0.02276318320926047,0.10229567521562129,0.5008926816300622
SAMPLE_03978,0.9990706390783668,0.18180965255985176,0.20148611980105097,0.5020143533974288,0.3062010587655249,0.013279909459657215,0.1274933862413701,0.47106557333190613
SAMPLE_03979,0.9460402517917934,0.21944624754900505,0.11387571959694354,0.4980116396550762,0.23969145921874976,0.002249174421891562,0.052944016814370214,0.4704976720235491
SAMPLE_03980,0.9992076841629602,0.10570784444906617,0.06411098681392854,0.0914768058231507,0.18519484431240524,0.012164649410128453,0.032985450180865704,0.14401958344795793
SAMPLE_03981,1.0,0.6259727710039213,0.5736936107635382,0.9978654371947404,0.5266861495533023,1.0,0.9996851626265661,0.6092477088340732
SAMPLE_03982,0.66091135965144,0.30656251684619606,0.30740741081853773,0.375422483787065,0.30937492246898357,0.004482186179666018,0.051279040148059445,0.4930325514477915
SAMPLE_03983,0.9992673347097596,0.2235453148661536,0.19096737317959708,0.1366312990958691,0.19085841263224756,0.17276508575439978,0.18847478365720166,0.20558608542547493
SAMPLE_03984,0.9992448122917599,0.056986008327263485,0.1383467632473495,0.048219480879030184,0.13171850483976028,0.009833944108457225,0.19597717773662557,0.25453025905603743
SAMPLE_03985,0.9992850115387867,0.03994860183728199,0.06667121443114843,0.02121069683377364,0.15761199207605478,0.011473684905374704,0.043431371578916016,0.2147814112376482
SAMPLE_03986,0.9989748916786586,0.02762789210726935,0.06391431289721518,0.012620402480615729,0.05754821327295784,0.008667057726232144,0.047352558229907325,0.0890969600490295
SAMPLE_03987,0.34044179744853603,0.19923959896290744,0.21811259711150424,0.990070166063994,0.2971395025284745,0.0008368684536937903,0.541529485155608,0.6421046705820372
SAMPLE_03988,0.9991846161185451,0.14128297604304083,0.15664953614671173,0.018359431059920675,0.17919305245187703,0.010616179289997115,0.1291473176539643,0.1214834608069543
SAMPLE_03989,0.9394249172761737,0.391324098128072,0.4231793831617701,0.5753148436797778,0.44800919134119666,0.0011601182808772612,0.6217188980746219,0.628038464911471
SAMPLE_03990,0.9991130432430979,0.0645385004326535,0.14343510404379767,0.008316387077397631,0.06298899645793272,0.00982876021755777,0.06792613067604732,0.07943959409950804
SAMPLE_03991,0.9417123641590033,0.5697891230963802,0.5142600213215411,0.5163344171847201,0.5346333054674207,0.04551972934624723,0.22867226379486716,0.9235557039640477
SAMPLE_03992,0.5026494577080218,0.08505194127745613,0.05139589984041785,0.9970285184890615,0.05382928732000571,0.0006161765326548931,0.5073630837725372,0.510712834313597
SAMPLE_03993,0.8962778682239996,0.1321192443036584,0.13984256437763337,0.5030342360409223,0.11025797144556027,0.004231344724325058,0.09539546119820856,0.49787654858243424
SAMPLE_03994,0.999243963216227,0.09726015201261669,0.13550033228580624,0.12422177056405354,0.10601488102102277,0.049608769272070766,0.10047738070465011,0.15193822139804672
SAMPLE_03995,0.5362613506107451,0.11732511029290094,0.11624193605254993,0.6537274655981246,0.09351542715732426,0.0007133018416312839,0.5170454818306912,0.22085506003520142
SAMPLE_03996,0.14612562751193817,0.3537459214557475,0.3462760196549014,0.5030692559703677,0.3689844910475597,0.0007572990076750128,0.5078850524611633,0.3547120955961458
SAMPLE_03997,0.497274880778777,0.11900786769106952,0.14990286077029732,0.6097079608231383,0.21709278377511215,0.0009157738598627439,0.5544854986848989,0.26043877139508964
SAMPLE_03998,0.5361825250366093,0.1830900221101219,0.033739092324869956,0.9979873624922149,0.12482684058419209,0.0005939120655679963,0.5074476648710531,0.4980126142879297
SAMPLE_03999,0.5966089528562174,0.1376718123170035,0.11762699156089461,0.5313647223856656,0.30520132219454976,0.0009714188749029302,0.5265004773764108,0.2982082997290651
SAMPLE_04000,0.9179521388522651,0.23966680115089176,0.2497792085180942,0.4953892351498786,0.37544034889934097,0.004358273308361356,0.10720170713303369,0.5400084021237768
SAMPLE_04001,0.9725685042142214,0.3091227950042442,0.3618242754805823,0.5001732710753911,0.6103421677229098,0.001949535318071105,0.087892770588597,0.5688979942860644
SAMPLE_04002,0.9988360907160441,0.03538061470638295,0.05527832026423061,0.007866283807786943,0.04583012292305236,0.00687389698606304,0.0347493344570521,0.05357297866572405
SAMPLE_04003,0.9989565443943991,0.029239767144088047,0.05076459239095406,0.02411794536181854,0.08933268532987854,0.006839005483337825,0.024141335257341252,0.07922974901311547
SAMPLE_04004,0.5584604010110535,0.27592464524457266,0.2575823293732597,0.5134426597542424,0.4414177487229604,0.0009081043954932229,0.5121946723895142,0.5489565766855266
SAMPLE_04005,0.5824738022730594,0.1507628023472462,0.22060722224600987,0.35718884634234077,0.32419093748473504,0.002244427858951865,0.032453746816322064,0.3348276641340387
SAMPLE_04006,0.9990493327858485,0.34664714995789614,0.2533336698790571,0.5029409431700057,0.34304985028374424,0.019881987053422496,0.17102112484294715,0.5091098248021101
SAMPLE_04007,0.9992568426798927,0.04634309878091118,0.07229800813053266,0.0149601712594465,0.0472720495055276,0.019794766333785317,0.06420941014281287,0.0737057756355821
SAMPLE_04008,0.6912988053525724,0.43820439346292717,0.4462165098645024,0.9905186604025775,0.547369884667955,0.0007292870006233963,0.5425205558971763,0.9210636515773746
SAMPLE_04009,0.9993052367219918,0.2012014456012014,0.2912056225952739,0.1125227974014324,0.24431032756349777,0.020581932351428092,0.21447569056747207,0.3642122593060737
SAMPLE_04010,0.9992643222591675,0.06569173461365613,0.09233863880342008,0.05771337104938959,0.08206728050137513,0.00758202307127887,0.05167767688766443,0.10790156596302747
SAMPLE_04011,0.9274937549329048,0.34077741773757897,0.21390068490975264,0.4954084652809405,0.2651705295902159,0.0025511708764281073,0.11448526120492027,0.6514120170578749
SAMPLE_04012,0.9992762477756046,0.12536403684699088,0.07439429178210724,0.11710008179570393,0.24366163286858625,0.010410009810830675,0.058640379137103786,0.2951240803984437
SAMPLE_04013,0.9978197488830443,0.07172445840496323,0.07645654052189335,0.5073959007949187,0.10191896117747527,0.012650201183458044,0.1209339559468709,0.4949271970984468
SAMPLE_04014,0.9529825424170397,0.2913285487935643,0.23045413544559526,0.5009961888674237,0.5031469764571214,0.0048997380289504955,0.060114642566554716,0.7507373022591692
SAMPLE_04015,0.9993155695377962,0.0815329646442334,0.16876391233715435,0.09641361727236104,0.0970523050019107,0.021361055007117994,0.08313811034369818,0.16371038254706144
SAMPLE_04016,0.9556591309915805,0.1802463029634742,0.15344698594985845,0.5001703824168308,0.22868253816582854,0.0022134601156334924,0.13496880952090337,0.5199450645590992
SAMPLE_04017,0.998608816758333,0.4790177044068002,0.2674197019233376,0.5010362396322463,0.2470515197862284,0.07520342132311233,0.15869020599183822,0.5043887786994887
SAMPLE_04018,0.9991363237775197,0.5122476635286293,0.058338284482407576,0.5369492095580529,0.4038266046247644,0.06102641744811256,0.05495480630979246,0.4937464300314308
SAMPLE_04019,1.0,0.7834911935800609,0.7449160515429746,0.9968336523388179,0.7774401246147105,1.0,0.9989987557114756,0.8337599301122378
SAMPLE_04020,0.998554187820303,0.2536922712066329,0.2470065244743403,0.498077662961724,0.31891874081472527,0.013613730988289677,0.08284472938436215,0.5449875858162437
SAMPLE_04021,0.4025898483363128,0.23398175412031247,0.2787837511616218,0.9901414806089249,0.38568913634859614,0.0006757936244165908,0.5372589907924435,0.8424141464118112
SAMPLE_04022,0.2164500413657848,0.20697867272217402,0.22236102344730316,0.6568203639254955,0.33107105064805775,0.001742040784652067,0.5485020635387461,0.40384301054097804
SAMPLE_04023,0.9988425728428856,0.08548802730867333,0.07485239993199697,0.5012090169775439,0.10224401771834539,0.014346978441101789,0.037697445496262534,0.5092372946030816
SAMPLE_04024,0.9990968952117966,0.19772895847473387,0.20768465155289378,0.5021262504493647,0.16774280727214877,0.026026271604288397,0.13185948185724172,0.4519921637729225
SAMPLE_04025,0.8417139758848449,0.2575578852465277,0.2306868078407231,0.0163851704466207,0.2578857926965047,0.0025540794369010495,0.027619240087581674,0.4562912434782925
SAMPLE_04026,0.9990150937033753,0.3842425719397604,0.3485095383318547,0.08888580822472043,0.42403040769984707,0.022416604671720748,0.2674001729155639,0.3506597010813319
SAMPLE_04027,0.9987301982254322,0.041153851455201236,0.06581078495848493,0.015519591878474357,0.05968268871895496,0.008060938528493409,0.04914109180072761,0.06653594446912146
SAMPLE_04028,0.9992399660976726,0.08681031182559183,0.060591254344612384,0.0211584207050034,0.10330052064849837,0.0116341518737117,0.05159881342222849,0.1504332344022059
SAMPLE_04029,0.9991286705952275,0.032861333781561614,0.03968319841821399,0.015518935480173794,0.04784502638186191,0.01034594711058647,0.02704934197830215,0.037999119440240606
SAMPLE_04030,0.9990950132348349,0.6157872349482181,0.6400765765967023,0.4417618494390253,0.6282946014131278,0.25819817289030333,0.3524216592959385,0.7167971899096648
SAMPLE_04031,0.9600180186637826,0.8035435520278297,0.5190608826930722,0.5007338998016733,0.7345497639553128,0.010906320837551381,0.20935381836433273,0.9790246945099259
SAMPLE_04032,0.9991695009113017,0.29262063890712314,0.08951008463727114,0.08232466303600702,0.2978564243167904,0.020482121100775862,0.02339851672227293,0.19303261501857655
SAMPLE_04033,0.953729724506694,0.8708424022053723,0.7136769776340317,0.5006051335347848,0.8139601484256568,0.027917857711369603,0.3607559680742278,0.9610015921867363
SAMPLE_04034,0.6440956452825459,0.21418437925438485,0.29194157137324706,0.5029867350711589,0.33652947618799,0.004821471881416497,0.06520833883203021,0.6785451288901455
SAMPLE_04035,0.9992171483981243,0.07038905690618028,0.08922485915599793,0.021377230213754143,0.05940830774446963,0.032077271104334476,0.05879308768331565,0.0995476495154578
SAMPLE_04036,0.9992724484318555,0.038145943090928586,0.07178396536082145,0.013350829027608629,0.058090891731578616,0.01454083876595514,0.04344941546810868,0.0929089703983468
SAMPLE_04037,0.9781396145635834,0.7478752310104139,0.4978820907655461,0.500819277820563,0.614069972017665,0.006183104212358171,0.20257774821086078,0.9156002715573672
SAMPLE_04038,1.0,0.913831594690727,0.8792714293455433,0.9974017453635676,0.891641893363028,1.0,0.9997928300543405,0.9326018626649125
SAMPLE_04039,0.6478197312879965,0.219114165515717,0.2524754540118879,0.9894837338359178,0.3123582382412775,0.0007715563555544705,0.5344787346945169,0.6779280525172269
SAMPLE_04040,1.0,0.8274054785737207,0.7979854418098724,0.9981053841212716,0.7449639903693498,1.0,0.9996015593921382,0.784756048738555
SAMPLE_04041,0.9320350875969432,0.2472108392492076,0.26787378192394096,0.5014410962598166,0.3360749687725912,0.0019791603860925297,0.049461996864471815,0.7146432441517043
SAMPLE_04042,0.9986505292170866,0.07285206133273436,0.10190732861688712,0.018196488656749957,0.06757167206551665,0.010174734650350905,0.03344510545627026,0.08983607713761098
SAMPLE_04043,0.9256399366639376,0.3410474850197774,0.31206214462992155,0.49719205858212906,0.45910053873343737,0.0036685031328509967,0.11160884382575871,0.6451099280113097
SAMPLE_04044,0.999223676012317,0.07073354605270317,0.11253050031187971,0.1354750386098628,0.10364067821649475,0.01211904152994547,0.04741633431663086,0.20027162766665613
SAMPLE_04045,0.9982509521260254,0.4529813207341463,0.4129503450136665,0.5109350871620048,0.49950523373609274,0.013913512243063437,0.21447822155923865,0.5188662110046893
SAMPLE_04046,0.9992464522398444,0.03719193203315159,0.06691987679598331,0.018939110856292577,0.0860076391384632,0.01608093493281626,0.05003471268134341,0.056240251033339225
SAMPLE_04047,0.998373087159541,0.02025233106169337,0.02312790927515649,0.009028323326328466,0.041749790987694976,0.003806447778487391,0.01884840351032013,0.035643918397519764
SAMPLE_04048,0.9992253783498652,0.043628126564768194,0.06500179806283495,0.010399349805032147,0.06423203604323462,0.010329407713448514,0.026723978977178302,0.038184025821262776
SAMPLE_04049,0.9991976886437897,0.16520972837304732,0.29380768117961154,0.5119700512395338,0.18785565939109405,0.05710662220348771,0.1739581792169826,0.4326152962056108
SAMPLE_04050,0.9992375357931712,0.03898425864423133,0.07449167823098726,0.01487448018085156,0.06172601744468302,0.009818304538289345,0.04017195315828965,0.08432398248354947
SAMPLE_04051,0.9544798726311448,0.48082097876936936,0.4056274277128301,0.49792996800263056,0.7187280232943046,0.011395385657637072,0.2014166298507421,0.6999919797032689
SAMPLE_04052,0.7614671457111251,0.11153599063516281,0.10921149583050564,0.9956383787849121,0.1964462489156203,0.000706359675017021,0.5267137755729364,0.6182183148160858
SAMPLE_04053,0.9797595678269954,0.3939288599088846,0.39324555812325673,0.5005312060952745,0.5423796633787931,0.0016580831167734033,0.09430223898751326,0.5300961399499611
SAMPLE_04054,0.9415675688569927,0.0836063807311742,0.09326907094006587,0.5011394505362046,0.14559219681328472,0.002402639143853946,0.03769394911931082,0.49926106063371056
SAMPLE_04055,0.8458224898843502,0.12562057443580685,0.11821973839752534,0.510901191980823,0.12274837597537486,0.0011734814552977167,0.5137675184188638,0.20340343589450538
SAMPLE_04056,0.9093208983922507,0.48056223958065475,0.14739185700783602,0.4977483167921378,0.26930245281956594,0.010748072111903843,0.05602293748417473,0.5573795026363042
SAMPLE_04057,0.8987757258418705,0.39705358582759614,0.29799683131202775,0.5008216116631022,0.6722443965710994,0.005180999701817831,0.1428103918065143,0.8947006785269684
SAMPLE_04058,0.9991643267941461,0.045501925945134816,0.07195817668471866,0.14057149815836378,0.18176660578800624,0.010470188671191687,0.037228724991295384,0.19678924267557707
SAMPLE_04059,0.4457397588453188,0.3756662582521751,0.39463784662860435,0.9923503873370346,0.5133050859130771,0.0007684971304180244,0.5439770971408266,0.85682315128996
SAMPLE_04060,0.6484235840126571,0.41557680196770386,0.2876964823617973,0.4964250177567813,0.33970543060653635,0.0030314146149491286,0.10029660141878581,0.5895019790608468
SAMPLE_04061,0.11425252842039253,0.38445512643138013,0.4850125034069851,0.501166508046205,0.6031264919162043,0.012795087517016922,0.07683902344219054,0.6056394516812175
SAMPLE_04062,0.9985770476427427,0.24496336581894174,0.12080364722516553,0.5019264234427406,0.23779105598571765,0.020567111780411398,0.13576799120828917,0.5117293712115973
SAMPLE_04063,0.9989417303269508,0.17302478292344092,0.10893379300483046,0.5013909845163719,0.2230038879404614,0.012340875497474951,0.042650341684638785,0.4996268230711854
SAMPLE_04064,0.9990629522832866,0.04415962764553266,0.05694545937148024,0.016037851261719867,0.14564040408315604,0.005659937892065688,0.07384886754467479,0.15320274746330617
SAMPLE_04065,0.49576043837954276,0.07410477083561276,0.06799013230253523,0.716601051002244,0.03918968139199977,0.0005983017936742774,0.5075227031402941,0.24698056156808262
SAMPLE_04066,0.9992471290556537,0.03913095001833402,0.07918186855943152,0.023672673148041043,0.08378587998562233,0.02288688101291906,0.05295912979115301,0.10049134888122521
SAMPLE_04067,1.0,0.7025780126430475,0.682840643320701,0.9909869730567135,0.7787014819538719,1.0,0.9994070621066455,0.8112538933161579
SAMPLE_04068,0.9988011454882209,0.10258576125476444,0.06444461585009528,0.10758644220455754,0.17290166110626826,0.012909675069891699,0.03778542834794128,0.16779287526750547
SAMPLE_04069,0.6212148936970545,0.3025801538575207,0.32396497565346244,0.5116678781124908,0.4034160030594687,0.0007883540098547421,0.5366235777798608,0.4929825599884007
SAMPLE_04070,0.9990856681547894,0.02850426087041381,0.07010291932160446,0.013775956463810038,0.06521884003585293,0.006811101752877616,0.04496879352800017,0.06844969060843585
SAMPLE_04071,0.9992048712329222,0.31981751223196697,0.2446520618747937,0.11281946764748013,0.26135689701354714,0.03882633466240941,0.12107526751716116,0.43367322948758763
SAMPLE_04072,0.9986916750178326,0.13119138926731738,0.1903721208796467,0.025379174950109024,0.1563049273766165,0.03649865104453817,0.07290587749157401,0.1663921935848512
SAMPLE_04073,0.9992454239446358,0.1819010148108491,0.03774281043850319,0.023764025625473424,0.2525321476884083,0.01086120282217533,0.025768352302867066,0.1627784649138426
SAMPLE_04074,0.8600708079402262,0.3381615645624985,0.29460323473210764,0.4910981760017763,0.24914699250859929,0.004936624401957946,0.10677776047593249,0.5662333192271429
SAMPLE_04075,0.9992173282173884,0.0469121172265512,0.09552365526629909,0.02670844060993456,0.07331770265548886,0.027546917661116336,0.07714744810310034,0.09365858093862256
SAMPLE_04076,0.5726555383696981,0.3923424377203401,0.15266282594583494,0.4989689793114467,0.26724801838548023,0.02440409348348909,0.12551693589480797,0.5011316872469209
SAMPLE_04077,0.9985014400409618,0.339303295254733,0.258475727510089,0.5127099799866556,0.3455276317495381,0.13035628552300654,0.11089779799303112,0.5975453056737792
SAMPLE_04078,0.7142195716237121,0.18264241051922372,0.16888348896588662,0.5086066386441843,0.18078056511020862,0.0007979496784889715,0.5101893528825026,0.16454194092572885
SAMPLE_04079,0.441491223074937,0.16172478210489058,0.1622122019508102,0.9874061785684421,0.1874633950910901,0.002972772562942314,0.5874996062746237,0.5165472021864259
SAMPLE_04080,0.9167075001744664,0.34987851189559993,0.2921810473154249,0.4797394051102979,0.25460039227459297,0.0027724368396152507,0.0592299696519314,0.44547695089925493
SAMPLE_04081,1.0,0.8682901879501599,0.8667761155220536,0.9958737069414048,0.940177503709703,1.0,0.9995148551639214,0.9458897051717227
SAMPLE_04082,0.9991479931671756,0.21349385628402476,0.23136448153032932,0.506391521546484,0.3815209772317964,0.008949802893480773,0.17013546956014328,0.4868500789576684
SAMPLE_04083,0.999303793376727,0.22447754583859167,0.03750932689034361,0.2025999653801295,0.16652896901233777,0.005322911733272899,0.030928917598151532,0.1497359394204396
SAMPLE_04084,0.976088909044599,0.7023105485468373,0.6421432330045024,0.5006860430794339,0.7795166977526357,0.0021788337701742094,0.22045833001486276,0.7060239021561555
SAMPLE_04085,1.0,0.7554109394441997,0.6660978532563009,0.9966811027488127,0.6254536819862572,1.0,0.9992513461584005,0.7479242161140995
SAMPLE_04086,0.999211664224221,0.02810199433537242,0.04760716587348117,0.017391608282341552,0.08225043111397735,0.006966587176161792,0.029198914557358527,0.08679441992291133
SAMPLE_04087,0.9990348483116227,0.17581840380666325,0.29247804768361735,0.5062699124788065,0.2547941511299968,0.01794311480359803,0.13227172659844486,0.44364582614057846
SAMPLE_04088,0.8598241131616273,0.8176817414998261,0.5283686344314626,0.5001015013107323,0.7163775945930186,0.01984817967398819,0.13138737950346657,0.8915055789448632
SAMPLE_04089,0.9617203615152172,0.41281615601532207,0.32732478789477826,0.500479720479658,0.6944657230838833,0.009795971408736465,0.11986425001661724,0.6504770293130641
SAMPLE_04090,0.9976788829673541,0.3925282773125902,0.34468432986680475,0.5125116974676047,0.39910537673629504,0.04632815234340114,0.08427226672934074,0.5851630208964063
SAMPLE_04091,0.6037915764710969,0.10360826300120987,0.11617179556592037,0.7260101230276388,0.2721426986469942,0.0019253408928379665,0.5276631370485065,0.3455245894162863
SAMPLE_04092,0.9990670105769806,0.08180457145488768,0.13630500800166653,0.025436031481194082,0.26449116821624047,0.017928886613545598,0.05515254755943117,0.29515616832299646
SAMPLE_04093,0.8135470488662806,0.07038410099785009,0.06445668000864366,0.4925515980774312,0.2596688295699471,0.0053106862556223855,0.04796105809240246,0.49832405585736317
SAMPLE_04094,0.8894669789169194,0.3170383780248959,0.2089508031503378,0.500383222712558,0.41238304685070915,0.0019063231760871142,0.060134401535300225,0.4758869282877192
SAMPLE_04095,0.6600642028658186,0.3340885776219015,0.416820319840649,0.5098236142817983,0.34184706072782584,0.001138758458928207,0.5587777987984829,0.3810846848247639
SAMPLE_04096,0.9991457354957858,0.06481286302735031,0.08907741213888984,0.010951373404597618,0.05183978873226534,0.010645540882709862,0.04649789092608285,0.052214214889768656
SAMPLE_04097,0.9059035519121195,0.22221033178152846,0.23910860020119537,0.4969703722975764,0.24356626118935984,0.0022460041794055063,0.05970790480610515,0.488507890667647
SAMPLE_04098,0.9318754846814025,0.5385579699332463,0.5886830938228179,0.4962683195738217,0.5664865159369762,0.009178613166226297,0.18665844932419878,0.7552227615459017
SAMPLE_04099,0.9988207308445705,0.3107543453331843,0.17461827309173825,0.49366605297174676,0.34278563123072037,0.049352974758076415,0.14520300963296304,0.41617868255558876
SAMPLE_04100,0.9992954395169029,0.5607394885846669,0.7361853185568952,0.5189021465766925,0.6916327535365367,0.08723765735874411,0.33322562005032086,0.8880595018577866
SAMPLE_04101,0.778926159547328,0.2611481803888774,0.660886178047471,0.9698777751265663,0.4280869000359998,0.0024804930937304868,0.7022149674635819,0.7218573547784615
SAMPLE_04102,0.9987007744926675,0.16829847919491484,0.14094405150718814,0.18554482543644849,0.22003206046416401,0.033549920550361094,0.03791222785905902,0.24909626009903113
SAMPLE_04103,0.5972213410327888,0.09118681808415188,0.0844656671978407,0.867921179766551,0.11717625838522684,0.0006650222851114504,0.5154359587158837,0.26749097112878933
SAMPLE_04104,0.9460928627901505,0.42514427040447045,0.38223925939425873,0.4990731686191526,0.47570078590684856,0.0021096065844071607,0.17758313318895502,0.6058462536164768
SAMPLE_04105,0.9992265689315469,0.02787688924646044,0.046539310329248115,0.013638313865005806,0.043511916700380814,0.014922468343076938,0.027127363727019353,0.052534256739802346
SAMPLE_04106,0.9984324735785322,0.04705208959283405,0.05962781081837657,0.03357266454409452,0.13309376200837153,0.009260795159967677,0.02546745756235799,0.09202708581387234
SAMPLE_04107,0.9518483558416584,0.30422364120020196,0.13997469036708088,0.500413769970651,0.11680983530763547,0.001437428801704255,0.08389700191589682,0.5204044159558521
SAMPLE_04108,0.5475074482409663,0.25183504081987107,0.24911033273638455,0.9964610880400668,0.40232186795194963,0.0007748764304324216,0.5276132323428001,0.805783268225519
SAMPLE_04109,0.47616587205007116,0.23135765313881673,0.2619773733538437,0.7169520414959851,0.3860841722279817,0.0032146833575985526,0.5340112779937384,0.47387564728994186
SAMPLE_04110,0.9187269008263974,0.3439662045278086,0.3485607794997113,0.5082518306439924,0.4264543159296579,0.0007808094331374825,0.5610888468896511,0.39888907029356296
SAMPLE_04111,0.6039725388483405,0.20515531558130154,0.2624750274554894,0.4893974681690126,0.297541005146498,0.004081757364085765,0.0523989876783462,0.6334775511398978
SAMPLE_04112,0.9989080979299694,0.028645881078691607,0.05387170828912151,0.010636574529926647,0.03819701158955885,0.01102033548440487,0.03174657810667774,0.05590874568331128
SAMPLE_04113,0.9989842959117675,0.3839879062571142,0.22922625187316673,0.5074873391650097,0.2742822430970281,0.02552150379311928,0.12204501466474654,0.4806930472213974
SAMPLE_04114,0.999159038956495,0.03735048253519646,0.037806457376056944,0.011664459789774548,0.045449331821906226,0.004559640321515833,0.040988277551735314,0.06922615135782788
SAMPLE_04115,0.8134263571540076,0.24123770859380023,0.24991541188257727,0.011267039227160653,0.22037562357754198,0.0024184587477037098,0.05396750011903457,0.28136500950351756
SAMPLE_04116,0.9990159732596389,0.3584320987417731,0.291459696562887,0.5019247305643872,0.4718173844384512,0.019176542017485615,0.14281082126669162,0.7046137136805541
SAMPLE_04117,0.9988042863021693,0.047991670995711735,0.04615270063735586,0.010946569546217895,0.05068007010465645,0.004173088029807627,0.027679479735914624,0.08398806482501422
SAMPLE_04118,0.9988046708968907,0.40188172433018404,0.03098381000527999,0.5131541669486714,0.3736101767314355,0.03198958172422989,0.060664281779399136,0.4834020402111882
SAMPLE_04119,0.9989638615810529,0.18786481024584198,0.04555465799368985,0.026495406832754434,0.14295609472809345,0.005866237293397288,0.02246181046980614,0.14797795735103564
SAMPLE_04120,0.9922412033357231,0.37424787072477944,0.11536162450863235,0.18672634499103882,0.27496947230645447,0.00931044636466694,0.04129673103180048,0.2483298462264194
SAMPLE_04121,0.998948990851614,0.21840180774212042,0.26982839282151294,0.36940122022726385,0.34095151983942873,0.04261976393726733,0.11634654495306986,0.2732731033791725
SAMPLE_04122,0.9235446925683325,0.30545513289318593,0.3557259051193049,0.49779236745550914,0.21470986052670296,0.003079253190470492,0.09482513814623474,0.5722083394582387
SAMPLE_04123,0.9991662213801799,0.12878896670666917,0.2673665638763125,0.33268498106015937,0.3888025570265926,0.03071687305292224,0.09166348722489592,0.3549952529736105
SAMPLE_04124,0.9987833669468608,0.024342230264406024,0.03523377439336076,0.011569666345616007,0.05763741117835859,0.007430203667589088,0.024301092974007857,0.060508196508690444
SAMPLE_04125,0.936183705999388,0.23985060040063905,0.23292011333112633,0.5009397168488673,0.40504256910205466,0.0091079654175849,0.1592458941250592,0.5730118166324165
SAMPLE_04126,0.9992662412970126,0.1952476079671971,0.025535941116999472,0.04421574170112211,0.1751143508811613,0.006866268845285091,0.0251092528758887,0.11631935790940202
SAMPLE_04127,0.999108810315334,0.15197644059635879,0.18569817982685408,0.01155073879885311,0.09460690544297866,0.010229821740427674,0.05405291696201726,0.15572444749150677
SAMPLE_04128,0.9018746653898597,0.7728996132371777,0.6932390193435043,0.5014129480951848,0.8579444485393783,0.029869637662911917,0.17648401106851855,0.8666887079072937
SAMPLE_04129,0.9992718639023772,0.0739096399372519,0.12039894937527343,0.02010419105835421,0.2508053278134876,0.012755827408654658,0.08303291131765342,0.1527306338838532
SAMPLE_04130,0.9989562039296216,0.2916731393866845,0.15872647793510303,0.2983421024610499,0.1371511040473885,0.06868761943617553,0.09123642302372448,0.2564988257749299
SAMPLE_04131,0.9298486925786225,0.31334379748014535,0.26520680204991887,0.5021125247011268,0.35531088318477877,0.004949986932129927,0.10460169112507708,0.530848320453751
SAMPLE_04132,0.9413405436097109,0.29620924025402007,0.2622383992933632,0.5001119760428299,0.37610710332017516,0.003916780774544279,0.06926787339245792,0.6466846238730317
SAMPLE_04133,0.2966448620285094,0.052048723544426495,0.04830991316926758,0.996579294799385,0.056899015982640994,0.0006725814263337515,0.5071322449810077,0.47862591453953834
SAMPLE_04134,0.9992616804528665,0.17427472555373533,0.02559184421237027,0.01810769384130847,0.11253665686332134,0.011819632194934256,0.02850630513090418,0.06355392265722372
SAMPLE_04135,0.9993257254398625,0.06564202846812546,0.15535759901224844,0.08142341714903854,0.10333989665797963,0.013048881066214442,0.058095042671312144,0.11541196909670734
SAMPLE_04136,0.6651801083924793,0.17164114625284674,0.26188464758668156,0.9123267945297507,0.33819729099306406,0.0016116661659362156,0.564011173926049,0.643268721247139
SAMPLE_04137,0.7685158802946958,0.2814730152853249,0.3004840619898131,0.05388832693758391,0.21347598601563428,0.0017310513158254538,0.10069765585426502,0.24360525239274572
SAMPLE_04138,1.0,0.752627432305816,0.7624028809571,0.998275559075253,0.7336432126986783,1.0,0.9996983396727989,0.7774137288808143
SAMPLE_04139,0.9991253448079653,0.03025944018257658,0.03672029530599571,0.06855825600729255,0.1922399364849356,0.02572629484615058,0.056235920850552804,0.18722166035969234
SAMPLE_04140,0.9476730508196818,0.11488501387246616,0.15640974478608588,0.5002739005143524,0.25795207528063946,0.0019045089916487703,0.07805406892822828,0.5179837700783053
SAMPLE_04141,0.9986030401809103,0.06186509834791803,0.06600837355010974,0.041731768080671104,0.07176731039150627,0.007891714155230148,0.03840157809030781,0.14949473361055723
SAMPLE_04142,0.9987645369171689,0.23557739350314566,0.054872124139254644,0.5102573694978071,0.17386992042145236,0.006573201739609957,0.04456239459334077,0.48818622881423307
SAMPLE_04143,0.9992301232930498,0.1210419884835811,0.09782105163519737,0.20160471586581769,0.2161947395087635,0.048474361648763765,0.060277852748755745,0.23449387492407495
SAMPLE_04144,0.9991324228787712,0.018474850944256493,0.02602781443171133,0.020134835748394794,0.04998625328542948,0.010787343293671018,0.02606591488504244,0.08130415681973864
SAMPLE_04145,0.9992242906704938,0.06850028545841294,0.10633407757311032,0.04401593996382856,0.11894056240253963,0.018113665877170337,0.09322042661269377,0.10470909950648534
SAMPLE_04146,0.9992865515047022,0.3613882349772761,0.27749347052700163,0.38822502307494505,0.33744512293048,0.013741958022207394,0.19979757076377053,0.3986866453113245
SAMPLE_04147,0.33819678950322696,0.07290297469750791,0.07202293278598111,0.5025105267274238,0.041521824447257695,0.0008021847722248279,0.5094393863133069,0.032258687500915345
SAMPLE_04148,0.9991799933935713,0.1191489236819218,0.16349104145700336,0.03629857890453688,0.15654332871480098,0.03218617138924402,0.1380304759288558,0.1569070945362862
SAMPLE_04149,0.81737600720451,0.15735121909789,0.09117254831129032,0.4979508943516672,0.10608761069703651,0.001869587548138053,0.034629118046907485,0.5095880713505346
SAMPLE_04150,0.3506856310853252,0.24112979726121553,0.26266412990652765,0.50637560992734,0.28452984775474055,0.0007278996551133466,0.5350997848545848,0.35584866417380745
SAMPLE_04151,0.9993043867921831,0.1523733400749191,0.05851866500551186,0.019929793805337097,0.16583477349792702,0.009919625998300274,0.025586281223172497,0.12799833685281414
SAMPLE_04152,0.5755867849620958,0.11991598514549841,0.1448188270129889,0.7364530070663993,0.10822572226166371,0.001428695791052574,0.5424509652371214,0.2535074828684215
SAMPLE_04153,0.5731905345857862,0.12223449605616334,0.1655507112066054,0.5250424718557016,0.03728514586107942,0.001474110206765567,0.5343321448043998,0.11095973042457172
SAMPLE_04154,0.9990809064921404,0.05578790645638126,0.09337578803719167,0.016328834937724038,0.12677632912722342,0.009762845971486881,0.09252340857393436,0.16027402073661107
SAMPLE_04155,0.9171824312479906,0.34995714266991224,0.18498954404118603,0.5005511159107519,0.4397187605519771,0.0015592900066189795,0.05549061015222783,0.5769636275621539
SAMPLE_04156,0.9985531856297496,0.04147130951833828,0.0694097139697105,0.1950398169099664,0.07272382708974374,0.010004172737412938,0.05603847679720828,0.24647863388488783
SAMPLE_04157,0.6773436799675474,0.0966754823604279,0.0872706994337699,0.5869382762682687,0.05450134716523939,0.0008769252588693873,0.5187345743850765,0.1425832320119298
SAMPLE_04158,0.9202980844531061,0.470019680139234,0.27181898060000215,0.49963869556076873,0.41102716712420306,0.001500080733136055,0.04806092475289775,0.6935133203664939
SAMPLE_04159,0.6829891806114659,0.34321233789087713,0.43682793917696927,0.9980854266527921,0.4611794716906077,0.0010441648243577923,0.6195893213741909,0.9005460392751751
SAMPLE_04160,0.9991992998268269,0.041081407550988755,0.06056323167041051,0.0209226590134141,0.19525882001048261,0.010873736006442435,0.027712609718169332,0.10837783215241176
SAMPLE_04161,0.9541337138165721,0.2736772265770453,0.20301328808656838,0.4969700546768649,0.44009331447845706,0.0026614862280432594,0.09967552280395683,0.540564662464682
SAMPLE_04162,0.6951060941693171,0.09530237938601452,0.09919371336523251,0.48861434599067005,0.2096555474723595,0.002659744818116058,0.031088932388363143,0.510190256211084
SAMPLE_04163,0.998159936453271,0.70189534149272,0.4468981134326247,0.5786446198643439,0.6264311328340286,0.10184050774555518,0.19553173330534376,0.7585330073204717
SAMPLE_04164,0.22079503612312223,0.0970531932579537,0.09756884703293925,0.506315547945564,0.09650643442026399,0.0008327555687675334,0.5116886959733408,0.1250461831982235
SAMPLE_04165,0.9688161650368516,0.46267394060075934,0.4402055888441282,0.5021456426270053,0.43246527863187356,0.003865570581282949,0.1015447277341001,0.7525517801500274
SAMPLE_04166,0.8351996790475935,0.23464086829311723,0.2271103601966068,0.07991493674723334,0.4068367559279721,0.004486289436269455,0.05192695524093097,0.4977986581352867
SAMPLE_04167,0.9021483447822221,0.22676346426358668,0.2563138672301937,0.49740576189168195,0.2958078790094216,0.0042220160447343745,0.12142221630816565,0.4756888668352986
SAMPLE_04168,0.8657181762264192,0.4001082709197271,0.6618228916640254,0.49667370991090665,0.5270033383880697,0.002147126098471914,0.22177932669891054,0.7416931355238479
SAMPLE_04169,0.9992160507856778,0.09018928641929284,0.09521285220687206,0.29521591314321194,0.10229681325709812,0.03701107096862419,0.05337907614592449,0.22376637820572148
SAMPLE_04170,0.8273674355537464,0.2617955574979209,0.2755330747258043,0.5180586334759815,0.2738898425726709,0.0007762918972344665,0.5364441193955202,0.35509083378901685
SAMPLE_04171,0.9989835407155699,0.11569215085213046,0.12895668730183663,0.4864445991505422,0.21045707475822706,0.020968538548947004,0.04715340306592022,0.43730896382161744
SAMPLE_04172,0.9987468288027115,0.24484380812501177,0.24407099728293585,0.03315482985284556,0.12799931664267564,0.026960789487510274,0.0735660443875096,0.1576235497496918
SAMPLE_04173,0.9990761475420723,0.24645972574271346,0.39955978033665035,0.3884318585125273,0.4816785899413331,0.28343450910214957,0.3017164556132127,0.6416632142756878
SAMPLE_04174,0.5268079197459749,0.12794958049823255,0.10102069057187346,0.5112626683657501,0.2122004559554436,0.0008686039419192998,0.5132540329904713,0.27102301973670273
SAMPLE_04175,0.7686991138611334,0.39831400027137476,0.23473958015213217,0.500796146397911,0.18492209942048274,0.0015385800844532381,0.040875935397448084,0.5216719952747223
SAMPLE_04176,0.9992093254230363,0.16722750592920102,0.29547403598639904,0.135279406891104,0.20422433773720677,0.03856213459866016,0.13779686684978243,0.22368897132430876
SAMPLE_04177,0.5608808640310454,0.26919920844137096,0.0846099786867528,0.5007894643322296,0.09339965356529115,0.0015461842287803882,0.031025207238804847,0.5952795890799814
SAMPLE_04178,0.9983546453487605,0.40462740531662456,0.2215681120274523,0.5073264367282211,0.49206568509336834,0.1553579581887992,0.11483569496527622,0.6452156098635419
SAMPLE_04179,0.9985096271527889,0.5191753744568844,0.06554845907130807,0.503122847840272,0.35983750964523253,0.01813687033674796,0.04375185026057965,0.49159471817332423
SAMPLE_04180,1.0,0.7883082863704138,0.6880570108381022,0.9980895707374903,0.5414066404819785,1.0,0.9996944969800537,0.6242819972156357
SAMPLE_04181,0.9135130954106759,0.08310968977940923,0.12943172763117328,0.48799028863316446,0.1813263421799135,0.002747814887085733,0.05112937943923057,0.40733456026491255
SAMPLE_04182,0.9991583911619935,0.0342130944957269,0.03736422770885841,0.053736390042069065,0.0646164586377146,0.040761857199919614,0.04401247131317842,0.1344951029468159
SAMPLE_04183,0.7773102499824007,0.24022085046757044,0.2375456401423898,0.5101743657686774,0.23732117034992367,0.0007784819505142214,0.5099217102168816,0.2178158286791226
SAMPLE_04184,0.9990703536461777,0.02679407039810207,0.11644696985662412,0.013144665653994022,0.05525895567990824,0.01452932854125693,0.05037209871209537,0.12350591380724606
SAMPLE_04185,0.9992272937999112,0.03647655663808694,0.06289175006739955,0.016055243160530495,0.06649243444118426,0.028124901661818465,0.04760126432257804,0.09792819107653156
SAMPLE_04186,0.14633308481139856,0.17262062900175107,0.16652892824718799,0.5104321039803257,0.24420213623883333,0.0008976030752876406,0.5427901055543115,0.29879590217687363
SAMPLE_04187,0.7344986846911472,0.23127396769577763,0.15038145741606315,0.5010026355683733,0.14286044446967983,0.0016857781084563422,0.09682951261199074,0.5123732930136363
SAMPLE_04188,0.9284397396494632,0.5845643021364528,0.29400263986930714,0.500569874950505,0.36794912480592007,0.0017779833498033119,0.09046136527498251,0.6643258842024734
SAMPLE_04189,0.937724145273074,0.30951538982494775,0.1542198290467837,0.49976182146100373,0.2706660170236988,0.0036560687110481363,0.13488436009505045,0.5081739956446217
SAMPLE_04190,0.9990791915485799,0.09492645654887479,0.1613075011059137,0.019845622362246733,0.08647810490957576,0.025710173447911773,0.13313580810264714,0.15577831926969107
SAMPLE_04191,0.9988280819881636,0.05657303130116059,0.094432376739839,0.21986053615903334,0.14782178623695885,0.025020047515731066,0.05161920044872001,0.2264927430569348
SAMPLE_04192,0.9988320361953622,0.05449821653528292,0.108365060844461,0.01532479590686129,0.05920980102112694,0.013313868847906925,0.0652669530536519,0.18217208481896785
SAMPLE_04193,0.9285571824221348,0.30410554828924874,0.3246805663190682,0.21194404844013165,0.5612636730779923,0.003913507809774735,0.0865054078046648,0.5421850854788296
SAMPLE_04194,0.524549558858413,0.08006855996941184,0.08019796491052171,0.01159814996596771,0.0501049680881536,0.0019248707648107254,0.02264985380772777,0.09338475119342399
SAMPLE_04195,0.9990742261197632,0.07076441130436073,0.21752308548089086,0.35100405362607734,0.12984943016400521,0.006095453750347021,0.08227319062595358,0.34044233856607503
SAMPLE_04196,0.9894034842088717,0.12545897774942402,0.15746796939217358,0.5169876603697245,0.13534740576262463,0.010267141312183183,0.10326832305078931,0.4731716192418767
SAMPLE_04197,0.9992768751638834,0.04372835523077355,0.05913927160231198,0.011202783529562279,0.07610194570254962,0.04709222323385925,0.03647510444862552,0.09956266739670477
SAMPLE_04198,0.9991369353344803,0.12177412973162861,0.10485931216459146,0.16941248507698856,0.14780615456952673,0.03683606910397216,0.048601641206059185,0.2098043743881849
SAMPLE_04199,0.9991749087643783,0.14775943163332836,0.16253512446293378,0.08804893991437968,0.19210961868828055,0.014835890539872798,0.10783131257909644,0.21634708657464985
SAMPLE_04200,0.2606191875464026,0.2790271368126419,0.28167715071364124,0.510362169439637,0.2596003154157341,0.0009695814613122802,0.6188828689163576,0.3604401484089985
SAMPLE_04201,0.9984743171656274,0.020613957249411494,0.021056855985181602,0.008483817396509252,0.03111957037150886,0.004721181727052871,0.01553944851536419,0.030399463953140905
SAMPLE_04202,0.9981970899603738,0.23979880283538885,0.2974129342135824,0.10057785985281947,0.25443255138000737,0.12272413282917181,0.16150764169566498,0.14096955635432076
SAMPLE_04203,0.9989302995154197,0.15557115978532227,0.17086585779684677,0.1941671098286714,0.13072806807533155,0.017098843995384836,0.07190467850851456,0.1955086725954921
SAMPLE_04204,0.9992935079520242,0.10198822054533696,0.12456210975100256,0.021200489626148664,0.0954270710175169,0.022816537699255554,0.058461634704941534,0.15156461074565866
SAMPLE_04205,0.9990900760630981,0.11686622916316591,0.18392638444733297,0.1383450690798457,0.24680295890295884,0.012569846236199052,0.11088686674156036,0.2661250000456953
SAMPLE_04206,0.9968696396474244,0.5332356287638049,0.2320883063992475,0.5033008502237057,0.19419192613029493,0.005495736095410244,0.07082537607347052,0.44620661435677883
SAMPLE_04207,0.8609936202520443,0.239581418812724,0.3178860790597299,0.6593909573159094,0.45756969851028184,0.0007809422098671318,0.5872479423591188,0.4163660136368864
SAMPLE_04208,0.8480279271763927,0.22311531759106312,0.160607938816046,0.1357045999702594,0.09687685897967853,0.0024697037907623807,0.039114095795787465,0.16516190126264657
SAMPLE_04209,0.9992294480392382,0.07348505972025648,0.0779014086073187,0.2516428258356536,0.19295342966081638,0.015203888716196176,0.04682301636777607,0.28868735292640607
SAMPLE_04210,0.6206145513210334,0.08546373184820429,0.05941294214313553,0.5010479909003207,0.12304235727483279,0.003585404903626781,0.1274725165417196,0.5071187575258848
SAMPLE_04211,0.9992915245853681,0.07458112664391825,0.13778165201286804,0.009960406483071914,0.13231637590427586,0.009109235406328386,0.033871774811344305,0.05578402506964732
SAMPLE_04212,0.9979742528991603,0.490945821577311,0.20048173216316276,0.5134503466383153,0.295765650173012,0.013884325417259107,0.07418662397695268,0.4885357246208397
SAMPLE_04213,0.9993238883153901,0.07543191210500723,0.09088611079441536,0.013698720364260546,0.0870432402185127,0.02129998265148675,0.047286410524913884,0.10014492206641114
SAMPLE_04214,0.7809964012074236,0.2752152064480042,0.2782242074612496,0.5963374290317665,0.2874137444073533,0.004374316727806366,0.5377447431470024,0.37162008598754953
SAMPLE_04215,0.9982339277796426,0.39119762536231395,0.2629893269436012,0.5612275226318957,0.3027557559723614,0.1029912465182636,0.15426025450111736,0.510099500283803
SAMPLE_04216,0.9989337932296064,0.11244387678000013,0.2088943999692407,0.14779813105887132,0.19332664565765917,0.048852421688582566,0.0975233969372313,0.1874717849149831
SAMPLE_04217,0.44010195106174377,0.1693207382924332,0.3456659627066032,0.5096346566376853,0.2687150737925819,0.001221923492806646,0.7300773848515894,0.30680867047424065
SAMPLE_04218,0.9968878375818797,0.20908926556172788,0.14890662894176898,0.5040645510817368,0.16276454591542994,0.006469276692248836,0.13956721354478674,0.49760379548491257
SAMPLE_04219,0.10831840971521607,0.03398741777250436,0.03672154073681394,0.9933174808818106,0.03645961902954502,0.0010381434731611195,0.5106433039555892,0.4656681742818783
SAMPLE_04220,0.998776532829021,0.14651089216485358,0.23248674157739274,0.12073977121033763,0.3074166979472628,0.010936428724614517,0.21773226854031846,0.4228552610817885
SAMPLE_04221,0.16834770300050825,0.09439619189762105,0.08778631675629238,0.5084439937175144,0.13281305174026797,0.0008169755481198899,0.5117223540514947,0.0839175226659934
SAMPLE_04222,0.9990282685729774,0.2064599508203023,0.10900367629988934,0.5572317185227598,0.23024746497946538,0.15943271914127788,0.12201162617229641,0.4790719209657512
SAMPLE_04223,0.7943503907229916,0.1581874350486723,0.209091403147378,0.5041909691679495,0.25054278523062534,0.005465916993822544,0.039924845346095,0.5718630421474689
SAMPLE_04224,0.9967495879738059,0.16021123273486715,0.13095706293407877,0.3832526753087477,0.15352277485332,0.017967842316486397,0.05751035780332625,0.4101956685685474
SAMPLE_04225,0.999296462731299,0.06304208398887776,0.09483478143729904,0.01628721747800771,0.07364948119043514,0.013383913021292802,0.036231749339097764,0.08303691737967038
SAMPLE_04226,0.9987937996863947,0.04555056269713583,0.04143254449757821,0.007282867092778212,0.05449592832803633,0.004997306532244691,0.038775002758737034,0.04702138366615394
SAMPLE_04227,0.999163555043431,0.030597809782455847,0.0769802070517513,0.02968482612305827,0.07500625433894009,0.009772869499335406,0.03683492248126546,0.10108757088627753
SAMPLE_04228,0.7335686797028271,0.04377377783401627,0.05068935934912101,0.5992677135003245,0.0692711723462757,0.0009482853938746333,0.5097255911186919,0.10919746848497244
SAMPLE_04229,0.9990628648176827,0.09814486034911124,0.10779266984874254,0.4098843044129641,0.12374640280582545,0.02676057664664231,0.04437909027058403,0.32509757297364367
SAMPLE_04230,0.811823479963228,0.36271085263752967,0.371069162852235,0.49228811979590403,0.3465856008425586,0.0030911985399327113,0.174900939232531,0.5318026266515093
SAMPLE_04231,0.6048436517756992,0.18604209823599,0.19564491289406108,0.0074012216864853654,0.1679332831405998,0.0016409869964613283,0.029978594710983564,0.19820812095440843
SAMPLE_04232,0.8607734065522228,0.15253107812227856,0.23052273355154973,0.5007796271900377,0.31274882623702266,0.005770650857043926,0.07112020312856364,0.6340535722446554
SAMPLE_04233,0.9991985404177487,0.06140483455239325,0.06150551976262538,0.034509637612402826,0.10764926075426631,0.033813492199918915,0.0531819364593413,0.15776033287549435
SAMPLE_04234,0.9990582746677412,0.3432157473513168,0.24860347892382392,0.5024280432244594,0.35163917796683397,0.02080180842106209,0.0828311829990228,0.5966335276650102
SAMPLE_04235,0.9993375968883529,0.31451481608074044,0.06617686899883514,0.2892758712192011,0.30273071851053857,0.010183393388532325,0.03156667625683093,0.22434333307626503
SAMPLE_04236,0.1526701419901278,0.08028026803798595,0.08462054945114025,0.5082620886784092,0.11252104680192337,0.0009237762307875184,0.5129084780133323,0.07715200345990583
SAMPLE_04237,0.9983695920767095,0.029884854402922326,0.02550573523712594,0.01213889163152489,0.06041344878347046,0.007805810896923671,0.024930256030741695,0.04484349420442962
SAMPLE_04238,0.44123902706107565,0.26053008053119303,0.32438023170154,0.9859624362087008,0.27182342511363344,0.012484747899131449,0.5469978759757606,0.44367250113270584
SAMPLE_04239,0.9991559099731699,0.6847752406480114,0.8194215790161024,0.49902120055070354,0.7466771711368987,0.21113526729943938,0.3989644055916409,0.8896815914470498
SAMPLE_04240,0.11150022313349767,0.14366830617466572,0.3361467816394395,0.5462766706615355,0.35091951122004433,0.0010316492820636783,0.5753919855230966,0.36639188899344555
SAMPLE_04241,0.9986442268860152,0.059717336920506014,0.10002024652606736,0.010052957267586614,0.06622019110026015,0.005600282431399893,0.0625563137298359,0.05924195770247207
SAMPLE_04242,0.7295415346004028,0.32908773722328827,0.25820195999417844,0.5005004630663646,0.36436997130008514,0.002337479087519778,0.18527807959119158,0.6542952072998359
SAMPLE_04243,0.9975050331977253,0.24239983241044238,0.3972636944222898,0.5231658325769192,0.42737015035658044,0.029619783376094458,0.07842863640107281,0.614907220455553
SAMPLE_04244,0.9992503158138677,0.13394163807601722,0.16540952977939213,0.009202513990427204,0.07373215458334963,0.008209373487867322,0.04874677128765985,0.10773541391264257
SAMPLE_04245,0.9991305090611244,0.013052711359439856,0.02707020086584682,0.015247838456344162,0.03331664291569707,0.010301872480268478,0.028320811489234314,0.07333900463604337
SAMPLE_04246,0.4050555068118397,0.11285616754140448,0.14193792277985864,0.5035587060436464,0.05579595909801538,0.0009909196269097284,0.5074198858358817,0.035564954697319774
SAMPLE_04247,0.7192640673880468,0.04829746483841896,0.05174879052709657,0.5009407529177867,0.08587567999290906,0.002751745881127177,0.06192837554322238,0.5015962246064928
SAMPLE_04248,0.9173210347668187,0.19406310053181122,0.22343495169613684,0.5013772264441064,0.4244500818161373,0.04847462221874613,0.07660959978808476,0.6569943258733206
SAMPLE_04249,0.5335500189454255,0.18493180050018715,0.19986161898020258,0.006385227883472587,0.24400035339719248,0.0023725363982760052,0.04733372237683878,0.35424563779028984
SAMPLE_04250,0.14464870162109,0.06334288555432194,0.07553596986260526,0.5043658406155122,0.0303865024001461,0.0007561629745762885,0.5082820088438244,0.03443398319401064
SAMPLE_04251,0.8237038046118732,0.14917055313691982,0.14438137729447592,0.5169938741671712,0.16228535468696167,0.0008523579061212744,0.5080588254696397,0.16827661343772793
SAMPLE_04252,0.9979725341293759,0.07724367763967202,0.16561464874628232,0.010787615788110778,0.15528218889484022,0.012017972540621091,0.06012309064711163,0.13657591619962187
SAMPLE_04253,0.3537081495078191,0.09835885458658894,0.11091433984792565,0.5114876881931336,0.09959275026196772,0.0012242417999410275,0.5218115689054644,0.14158488132160976
SAMPLE_04254,0.9991475291680934,0.19956421026350646,0.31277955811732105,0.29832765443991927,0.2863224843103027,0.23756945462603316,0.19848107577727991,0.23143431406956422
SAMPLE_04255,0.8628666360765649,0.1878404344798582,0.22636635251407006,0.49985421695711424,0.3708182444540882,0.002773366700779769,0.03622901933727969,0.7714324309232985
SAMPLE_04256,0.9992838876118659,0.1608811009027478,0.20098874667669392,0.13659479696992052,0.32395962570710624,0.0094943932189102,0.11586831946965664,0.3230647263879621
SAMPLE_04257,0.9450080463496789,0.3652909214313177,0.12313088966929489,0.49739733650540274,0.2829394143163512,0.0018738772624892093,0.0915740469627172,0.5995011287757852
SAMPLE_04258,0.998788940128167,0.30590418413623266,0.07606463198749752,0.5074518371878735,0.36572353668950947,0.0487251762266266,0.1069049579906555,0.46478772479606645
SAMPLE_04259,0.9987296662583058,0.42526295659742286,0.22501180078932057,0.5073256015141434,0.2902314388649541,0.09729131627146176,0.16521170276026445,0.5080085953744654
SAMPLE_04260,0.9989941084714782,0.02423884890852832,0.05068612992221412,0.015785479127123893,0.06431204901106388,0.006853328748957764,0.032455233953005806,0.0855111005687405
SAMPLE_04261,0.07639462973589856,0.061169966053327064,0.060790967817169576,0.5032245836403223,0.03463061435465555,0.0009965028899662227,0.5114690889454596,0.05436911978237738
SAMPLE_04262,0.9987505978747283,0.178361122150913,0.17449533634013834,0.015441602261395904,0.2909632550925584,0.0069500430626049286,0.031224013265736147,0.11548870444862688
SAMPLE_04263,0.9992006624262779,0.12538339906094442,0.1830151582958647,0.020912725594773536,0.17888810140954364,0.08966449939493326,0.1573809820497147,0.18036766943942825
SAMPLE_04264,0.7324995843080886,0.22585121181898413,0.2386578640265332,0.5009893708191585,0.3082182930141824,0.0022767903967741854,0.03528424054215592,0.7816582391618907
SAMPLE_04265,0.9992949598623828,0.38556045127481225,0.6548004402177112,0.3110037059212667,0.5783058507210853,0.03456400692497698,0.3517108251872561,0.6781012903762915
SAMPLE_04266,0.998944034996539,0.20534099594872648,0.05127920313762759,0.4920143026058308,0.12352600136070696,0.017320367517547664,0.023776962368238955,0.4783095057497485
SAMPLE_04267,0.949310516187646,0.11785818422933866,0.08471105122036433,0.5014526088670079,0.2088209454893908,0.002065562414225665,0.03286195816827345,0.5015663707164945
SAMPLE_04268,0.6907236701232494,0.1565914010769759,0.24573535276473935,0.4950009904134271,0.27064225471422815,0.002954244431265151,0.031533797577321006,0.5861712087644169
SAMPLE_04269,0.523952818537493,0.13491919180360498,0.14733890626679597,0.00853457562223438,0.2410579464767847,0.003929172435161434,0.03652017146769151,0.23295451401169126
SAMPLE_04270,0.9990746462403497,0.05476067403010665,0.0975961386264638,0.021843312863350117,0.053492774230334016,0.012566677589739842,0.038080675941497014,0.051331916235153555
SAMPLE_04271,0.9609737915660399,0.40686691170684863,0.27359317680430106,0.4999820270727114,0.626256079308467,0.005532368723696122,0.1611553410427835,0.809883622194829
SAMPLE_04272,0.998837974069636,0.07252877648488176,0.1355895745182449,0.1130639564881079,0.18115249450529208,0.018412506436313196,0.07188321703255189,0.18097863935281422
SAMPLE_04273,1.0,0.6313167247166799,0.6036621200676708,0.9980293804713554,0.5733812913680371,1.0,0.9996601255103216,0.673040116891714
SAMPLE_04274,0.9148092559022267,0.2912406558447673,0.1886515374519106,0.4998250103177215,0.2853127540034116,0.005215989213653876,0.08540543094426896,0.5204083446034647
SAMPLE_04275,0.9991292841484223,0.049878706606895716,0.05101732290620657,0.01284304748256306,0.040897156884001896,0.01474835639055825,0.03057453903451074,0.03378607835397272
SAMPLE_04276,0.9992469562626183,0.05438197189862072,0.06172651087018562,0.0167855457280493,0.06737827295580946,0.027013155763315682,0.04965018431968071,0.10821130084389394
SAMPLE_04277,0.9989625256547894,0.45171692712243217,0.2257663740506651,0.5059419795286042,0.4438353673859106,0.11278654295576529,0.21506452267350182,0.7785165630007155
SAMPLE_04278,0.8650319922581312,0.13141041592478633,0.16445303225776275,0.2952508270744979,0.20617863913743256,0.002688112855841865,0.02602888693412556,0.2211267730917857
SAMPLE_04279,0.10706186626456095,0.07817088297458188,0.09102231991419753,0.5195529028281681,0.045328551540790865,0.0013515538088774365,0.5194266497619282,0.08842203167496633
SAMPLE_04280,0.9990955573106296,0.3294345433488097,0.3019655006306377,0.13644406431956305,0.3180934066750498,0.11458722332469351,0.16750453761665596,0.4793050847370169
SAMPLE_04281,0.9991628803182795,0.15817236579536512,0.119758768499009,0.26915010175278076,0.20823182066652568,0.02334425142590255,0.07106717835925834,0.17950580193871232
SAMPLE_04282,0.920120432558755,0.43636835430489707,0.3281141236462185,0.4936714142521717,0.44094175925585566,0.003674447760809485,0.07380839909488156,0.7481775532780963
SAMPLE_04283,0.6377056393025136,0.24847736386285452,0.08500623188154945,0.9976667319001771,0.12978013076530226,0.0006150839663243429,0.5065578633295739,0.4947233113059993
SAMPLE_04284,0.1081027546808695,0.07039747204546248,0.06647395228921167,0.9921748420940043,0.044703632007698495,0.0006468736676969308,0.5083120998276173,0.48837180169421657
SAMPLE_04285,0.9993094411961787,0.4155039867112237,0.6434829130272809,0.4914126107229737,0.3593098780027801,0.08146282991703238,0.338054770579364,0.5132354776945276
SAMPLE_04286,0.7393222067601621,0.1646409448317054,0.1933062271555509,0.7179488509154957,0.2583201980136534,0.0008761126381382663,0.5321575293454643,0.3849810784645187
SAMPLE_04287,0.9440199985462382,0.2594845510151384,0.2874373957634923,0.49736808521057996,0.27031118041320923,0.0032297847107745905,0.16078837768386167,0.6376828370762366
SAMPLE_04288,0.9991308151619205,0.06501413554734314,0.10887568977391035,0.024944890994830164,0.0723376007976998,0.011555154271753862,0.07610705253664754,0.12344616661062255
SAMPLE_04289,0.3380039632184594,0.05522922862022321,0.04693308217500692,0.9834853434237761,0.04494217631670064,0.0008223758279543563,0.5110557049055826,0.45522139506469234
SAMPLE_04290,0.7554827232632761,0.21821358361381424,0.1950453257829399,0.5165536418534223,0.32574279211353285,0.0015418639541519834,0.5414046104553536,0.4071000412379815
SAMPLE_04291,0.9303053744483722,0.5863311997553046,0.5156546678866851,0.5003101841917913,0.5865154931842449,0.0022588953994554274,0.28871142774488173,0.7740984739196626
SAMPLE_04292,0.9284271304879392,0.15300994415637026,0.12410583796947022,0.5002631330789238,0.37569381287656234,0.0029934059395706875,0.03778779354024081,0.6035610078753129
SAMPLE_04293,0.9989061737719995,0.09689044260075577,0.08676725430162995,0.011256104139860692,0.12621270035697135,0.0057190996231443,0.04365120599099837,0.14834717160053298
SAMPLE_04294,0.9989617190238529,0.32046344305009594,0.09314972265035543,0.3986199299711489,0.24541293702919287,0.012886493939931618,0.03014123378656434,0.31818810280529647
SAMPLE_04295,0.9987775240227335,0.05771906997668324,0.07857603891408435,0.02114654342102486,0.07299843181556273,0.010618677282984445,0.04476807138496652,0.1071787587351462
SAMPLE_04296,0.9988946463495632,0.1975457029752754,0.2777454881562938,0.5248820730783056,0.2436406401161702,0.027107159933663704,0.1590582640527151,0.5173865478417854
SAMPLE_04297,0.12760470717259337,0.07132359448284314,0.10326903357690984,0.5051763853360715,0.11652242574257027,0.0008712949492826241,0.5415718282815132,0.1023465766580439
SAMPLE_04298,1.0,0.6464388198846253,0.6135100638326504,0.9981430677378365,0.6147052838474959,1.0,0.9995684139183003,0.6370931903672546
SAMPLE_04299,0.9992141930829532,0.0680072724896063,0.09316363609966596,0.016040150786454172,0.10764251015853893,0.008999795423597913,0.06450401433299098,0.09243174722743883
SAMPLE_04300,0.9985785889440173,0.05557186770651215,0.06768156147016252,0.5022495512613163,0.06487385409461482,0.010965958148726283,0.0378113264994592,0.48418368146394614
SAMPLE_04301,0.99855423302437,0.27290598416769907,0.11619447481725384,0.5190781832027904,0.2579610301444359,0.03331473663536824,0.09150331891811979,0.4953662224126268
SAMPLE_04302,0.9992729277734362,0.1364267477418513,0.05986011061963825,0.020410108664752923,0.2539135601398301,0.015554856716406247,0.023930391000350295,0.0744452654252363
SAMPLE_04303,0.9992320096437184,0.07148584017462817,0.10781206929634383,0.14684712889433807,0.1267044273400545,0.03258423748180411,0.058664961804906435,0.14181655980087216
SAMPLE_04304,0.799921421035636,0.19094155333765378,0.199837133305843,0.5011993614306044,0.23331050235185274,0.002858316066531882,0.08088671511392542,0.6181895730086016
SAMPLE_04305,0.9991946871189054,0.203985509464017,0.13527504781299216,0.09213202103025436,0.2678351705295438,0.022726545510061712,0.09683241823031126,0.15797793194237597
SAMPLE_04306,0.4981254040146086,0.09001890280562529,0.08223718203121066,0.8965042263135902,0.09958198867837773,0.0010755320375480438,0.5150637947081288,0.42417497282529704
SAMPLE_04307,0.9991914639174617,0.061888549365209954,0.08346537513326137,0.020734483142176897,0.0858765264623217,0.08812581931112154,0.061257838773271726,0.06500954615794838
SAMPLE_04308,0.8548970600791115,0.13069777806138128,0.19109891814307892,0.49889813559629104,0.12414087032122577,0.002710995001152894,0.03603371568789491,0.5088670364342575
SAMPLE_04309,0.30281609888477795,0.04499727157509736,0.045606199722522285,0.5077733535404096,0.03771000530660393,0.0007761551759764986,0.5086298761832851,0.03306526260791818
SAMPLE_04310,1.0,0.6946713090368443,0.6934550734004485,0.9982122450692369,0.6875830157144182,1.0,0.9997727227934625,0.7450565525810617
SAMPLE_04311,0.905339193121198,0.47236953665930936,0.3445667950927065,0.5003872554530218,0.4740238251431793,0.0018719349010694792,0.2235369683134359,0.6778730739716436
SAMPLE_04312,0.999252490192883,0.2643457224859464,0.046249045187351394,0.14333604162343663,0.2621698771224481,0.009875961473396346,0.0571948922116746,0.26883890169209507
SAMPLE_04313,0.9992201641629406,0.03514826129538829,0.05414456590449314,0.01223455362574042,0.04817317885160199,0.008652137109318682,0.0340961016100219,0.04034645331750862
SAMPLE_04314,0.9990070317024142,0.19381602338555484,0.2645845162180593,0.4913314193053951,0.30412878326104126,0.0124453460110126,0.17974008264497832,0.4932302302919201
SAMPLE_04315,0.8924223820227489,0.375246701196086,0.46672058844347675,0.5800355977922201,0.46126024872484783,0.0009535436444233666,0.6397831319604577,0.5598848021228575
SAMPLE_04316,0.9990501002357743,0.17323122833802007,0.05948916625938182,0.5013578344791131,0.15726985459629733,0.017202577660124632,0.07332248673048015,0.5103427222730976
SAMPLE_04317,0.9644942991268741,0.2505494070297736,0.2785564308885578,0.5009437488385436,0.49975396487105456,0.0034771494602431094,0.08292956082599365,0.5256833044302393
SAMPLE_04318,0.9991514384001992,0.05254079532146429,0.05221496663338056,0.1553415463546055,0.18632022554900035,0.04480494445182071,0.053264693786361436,0.21111660029553428
SAMPLE_04319,0.7032597205165622,0.3904307753980292,0.15291707524182596,0.49580734373410607,0.31150681316536044,0.002545721055677571,0.03911048573530074,0.5904568248359431
SAMPLE_04320,0.9990885227911134,0.13555870328130748,0.11359453382681649,0.504142894980646,0.1194608435839773,0.013360070548115669,0.050450168945612425,0.4727523160627893
SAMPLE_04321,0.3164889693898104,0.27683828899259727,0.31233200467174893,0.5054479475425732,0.2306024711681619,0.0009749075460717504,0.5419005889618072,0.2068410500411289
SAMPLE_04322,0.9315866779527455,0.36244400933942633,0.29566495781351065,0.500990969155959,0.47474619526324296,0.0021294985060518676,0.10520806731925772,0.6383512005854749
SAMPLE_04323,0.9986151906875144,0.17050214925995916,0.4142785327383875,0.035186891044311684,0.18668915824874405,0.014268619075253569,0.20533198124605562,0.24404289211021524
SAMPLE_04324,0.6756558519503431,0.3471034133113958,0.3155071500031405,0.5019114428957893,0.24564600272301998,0.00481581974056408,0.1960820724769324,0.591801189078385
SAMPLE_04325,0.6878527497142362,0.3185340160244508,0.300844657736357,0.5148900792081826,0.29578275137385523,0.0007697298007619913,0.5544234688622004,0.2746982663020489
SAMPLE_04326,0.774212632246118,0.3817075238571267,0.3835452805492502,0.07925456754913138,0.4026433624845045,0.0020559249974596095,0.12873231468074378,0.39443722223094557
SAMPLE_04327,0.5464596755644859,0.18703455086639081,0.12065321306468656,0.6195794088828906,0.20117936323533853,0.0011602742355860743,0.5450759336533431,0.25543258379745915
SAMPLE_04328,0.8254236703193893,0.20685697711985257,0.24004593433160012,0.9740278981349427,0.2788359452647633,0.0007215756940175768,0.514307223428029,0.613791045189922
SAMPLE_04329,0.995175611218059,0.42958241403919556,0.4317014443277364,0.47083662933986825,0.2616119270514856,0.04766561979367164,0.11693789899448032,0.5643531772364137
SAMPLE_04330,0.9988875179570739,0.31472569394334665,0.15641368899516686,0.49457595620103395,0.18071003162359864,0.02666436472690801,0.0479953075285193,0.38325929259964414
SAMPLE_04331,0.9989850426156666,0.19651317229905213,0.14113448677602783,0.3309643795685477,0.131601190242768,0.06536007419670462,0.05800704266514223,0.2289838236929158
SAMPLE_04332,0.977526781382952,0.38812258429056434,0.23829505028532272,0.5002654018516342,0.45260620144162456,0.0015177678813179604,0.15152192989075747,0.49517516026241565
SAMPLE_04333,0.12933524028009621,0.07155574533428029,0.05976892971201164,0.5070334996602952,0.03553618845803962,0.0010435334238096546,0.5220797678507112,0.06734482355584415
SAMPLE_04334,0.957185963880189,0.21431583507142962,0.22477217280801653,0.4996839434645712,0.3975125060047082,0.0025908656141965234,0.1391438491121803,0.6277357659827185
SAMPLE_04335,0.9991130913220015,0.04987527254973632,0.06847829257893188,0.012527468771451776,0.04805967780565125,0.01347695224708859,0.03284867823360195,0.06089722099267201
SAMPLE_04336,0.8962077096603394,0.1644599610228059,0.20626771134694283,0.5004458258572698,0.31589691426792454,0.0030587384376333307,0.09116688079729789,0.5142825487102185
SAMPLE_04337,1.0,0.747348132896599,0.718673296074795,0.9967922533012041,0.8488743180917844,1.0,0.9995833806107395,0.8835583589182417
SAMPLE_04338,0.9993085795595,0.28370322864853104,0.2670523737001293,0.2917831252833195,0.3067779058359398,0.006290100403702023,0.1725956531866501,0.2918298942503749
SAMPLE_04339,0.9413774408272005,0.5776514550416767,0.3849393261416696,0.5003705896962763,0.7032394691137215,0.00559888083183334,0.05617861473788148,0.5981372327288015
SAMPLE_04340,1.0,0.6583575257867864,0.6151214954621151,0.9975972199753222,0.6156856531977816,1.0,0.9994691066968336,0.6876536255789909
SAMPLE_04341,0.9981804416603117,0.3516293738290856,0.22642057652603528,0.5203924064158278,0.30060470815088147,0.041080854475052005,0.1051906473130224,0.5703203951791248
SAMPLE_04342,0.9988924150920975,0.09776850303595667,0.11522211488137081,0.08145961076272921,0.17987379330595007,0.004798602290193864,0.016382508119244545,0.1176760984106512
SAMPLE_04343,0.47822799440819086,0.33165451718967914,0.551118882217329,0.98620041504816,0.39584578026326,0.0010988396517582297,0.6317547672849382,0.8285142208863155
SAMPLE_04344,0.8273983153140556,0.3015555330085637,0.3328098130345677,0.01352276515396002,0.368143623039396,0.0028014703945359815,0.17513640489014326,0.41282519046838195
SAMPLE_04345,0.1618547456113263,0.083649961657203,0.12131868066686516,0.5015981366170887,0.03939379508354923,0.0009226575836257544,0.5108327997248223,0.03366773316750343
SAMPLE_04346,0.9812939619861898,0.3756491154448955,0.3751449819045223,0.20311018023948754,0.26744409274406683,0.0892947832433859,0.32051664816512004,0.3824277705637792
SAMPLE_04347,0.9989000940677877,0.32966509942867533,0.1968293864484301,0.5394885793647118,0.25730399043851554,0.11458625032119776,0.13792976109052882,0.5179031142764111
SAMPLE_04348,0.7285035277636196,0.48599821914276786,0.405925146906278,0.4998948841908674,0.3977765202157596,0.008381291613397622,0.16280123612632988,0.7399572378738151
SAMPLE_04349,0.9221329961738559,0.21277266163693676,0.2652006518696327,0.49876746992278725,0.32987795886704996,0.0025455058804023187,0.09457212451857709,0.5151800955201632
SAMPLE_04350,0.7517864961041907,0.1413626538814705,0.16650924180610377,0.5164068252532367,0.2578291146008092,0.0008861013610961139,0.5352389312022918,0.2516674857658771
SAMPLE_04351,0.9988495879692476,0.02982966162311096,0.044555614846659874,0.02593739561878636,0.09512954062408749,0.00941226554384596,0.03114701368607438,0.11363808975816873
SAMPLE_04352,0.5693869384061786,0.12243647380780885,0.12605014798604688,0.500187513826585,0.20691415234959665,0.0024453747466190714,0.12175962750131501,0.5073806540178228
SAMPLE_04353,0.8312784469616056,0.530280464156553,0.35793256364545,0.49604328043421847,0.3446532468595048,0.0017148052764752162,0.08631976736922171,0.5770220792755688
SAMPLE_04354,0.5873290606598525,0.4206986059694131,0.3188461391277927,0.49971584375071715,0.4176019611867258,0.003510628060099589,0.079977899227879,0.5645222985698077
SAMPLE_04355,0.22675984304505292,0.16883071839731295,0.16317752072717928,0.5056967702308589,0.13851508768029908,0.0016465399138776344,0.5276521930441024,0.15690297874252154
SAMPLE_04356,0.9985841549192702,0.24801088432883558,0.21089610253599084,0.5237221332415067,0.09584333551003504,0.014958215119414585,0.09065305338750958,0.5377330012850333
SAMPLE_04357,0.6450500398724421,0.14151516224678554,0.08046775222621368,0.5046579611904425,0.16239202620069126,0.0007505201052096158,0.5099011192966423,0.13979069747016068
SAMPLE_04358,0.9989709411661426,0.12191583622530551,0.19452896562448477,0.009984288013431066,0.07488852734802945,0.021370668756902748,0.07968677042003439,0.09318521896242496
SAMPLE_04359,0.7026464371056034,0.4259841900154645,0.24185754151339778,0.5013936500600177,0.20557944192924918,0.002189347022188359,0.1563578462725792,0.524179654863361
