sample_id,Ampicillin,Amoxicillin_Clavulanic_acid,Cefotaxime,Cefuroxime,Ciprofloxacin,Ertapenem,Imipenem,Levofloxacin
SAMPLE_03360,0.9985015628736778,0.018546470544037616,0.01878149887783853,0.03060454000591481,0.025647371192503477,0.0058520195127534915,0.012890851943351309,0.027120393486069292
SAMPLE_03361,0.2902046646012616,0.05531548793513017,0.049596323639310436,0.34878835492235033,0.05217741847244982,0.0006167861616873376,0.6720374902404926,0.09914652615103844
SAMPLE_03362,0.6943947150850698,0.18969318898585666,0.15931903108197004,0.38100457570338675,0.5286947718159034,0.0030661991430577205,0.05126171007765515,0.5542149739518493
SAMPLE_03363,0.34435895539697614,0.03986824677533681,0.06573640875573925,0.3447962344659344,0.0667259443245393,0.0009409267772524557,0.6797762417776163,0.041279949943929785
SAMPLE_03364,0.5630341193552444,0.2453014448610083,0.29948972455817874,0.6614629667819409,0.49038816047275646,0.0024921750058498598,0.04464269197189411,0.5600080635773644
SAMPLE_03365,0.8971508879871908,0.16284515968640398,0.2840581456989877,0.6229051361551943,0.19022837452360697,0.0014940579009922721,0.1143339296822076,0.35283582085171744
SAMPLE_03366,0.6533131746103743,0.2343913280800583,0.24967321295092287,0.9921853013523617,0.3836469521386571,0.0006970969488987899,0.7188680284917143,0.6811404460457762
SAMPLE_03367,0.9300786802319204,0.33608042407443833,0.27325257649440643,0.6633859665847446,0.48758722846190317,0.0016791292151860566,0.06948853074357553,0.6426040526410262
SAMPLE_03368,0.6586752046761054,0.2729801777000325,0.4570461372235174,0.9920513700060546,0.5724666361836136,0.0006152168696835392,0.7716673802178255,0.8512339645024409
SAMPLE_03369,0.883290334322276,0.4674963251174543,0.3791426358580563,0.6643293868167522,0.6301796968835068,0.004531463546707138,0.0733155928151013,0.8786606198962044
SAMPLE_03370,0.9409540687653367,0.18890589139300523,0.2256352238991415,0.6710851771749518,0.18864313213370196,0.003776423445750949,0.05184335182936609,0.3565767193002023
SAMPLE_03371,0.7381095572686801,0.0523039920088557,0.04601563842169586,0.6647432155139517,0.07123405542272494,0.0016581526806029626,0.02034425887585898,0.342160058629662
SAMPLE_03372,0.9051967271607575,0.3853591926786416,0.19511940493257315,0.6621849412766649,0.157672599921383,0.0031185837016779456,0.050329934827902295,0.3608672918792393
SAMPLE_03373,0.9080196343548046,0.2898972676640792,0.16760448754084528,0.6652598428230372,0.1903198521150139,0.002363623682020079,0.07017357904566685,0.33036904632062375
SAMPLE_03374,0.24785633217459102,0.05496877112612721,0.03531913299124403,0.33998516624281927,0.08375108798561312,0.0006611886261667489,0.6755263650227727,0.10299172641981519
SAMPLE_03375,0.8217703835039244,0.26962464030315636,0.10470816700579338,0.6478980663649476,0.1721455078085436,0.0015483720470684614,0.030706774386101032,0.3557940110217756
SAMPLE_03376,0.5230533789890847,0.32013071013100497,0.41321482187619407,0.6442660899142714,0.4848014362685084,0.002863743951190394,0.11541673797769435,0.5114095472075224
SAMPLE_03377,0.840462909960574,0.27869150666975806,0.1177295107625691,0.5251104351964511,0.3112222995792072,0.001532505269789458,0.0353510014828608,0.3783243268145261
SAMPLE_03378,0.9993713984906756,0.09590125990787565,0.03571531252557899,0.06372645624164418,0.09155001459313415,0.007539409097022438,0.0216387763315503,0.1376059056248358
SAMPLE_03379,0.9992037724978509,0.42742509931311146,0.1849153926469485,0.6640852001254249,0.19747628868261277,0.04188092053142715,0.07417672681036541,0.34951265347695937
SAMPLE_03380,0.9271620191252318,0.5417467201400964,0.39082707106097486,0.4624880770642431,0.7763443139642976,0.0025102744258576597,0.09356194425516208,0.47240638624022885
SAMPLE_03381,0.6884186506340935,0.2178306405778329,0.08141553859304064,0.6627894669957266,0.21661910999136064,0.0020248809229445755,0.061579974500940535,0.4114312625723575
SAMPLE_03382,0.9993348918162737,0.06131989131558836,0.0787816696986831,0.11350085179686267,0.11085511699332032,0.00930601886752142,0.02153484920107126,0.10999780314668955
SAMPLE_03383,0.9994307150866208,0.05923802199107432,0.06941009617747122,0.0335430293492978,0.10982984517290302,0.004072296604440053,0.026010495848939608,0.1513196915911651
SAMPLE_03384,0.9991455653036052,0.13938243142716417,0.17149190532826872,0.18110088488575588,0.21127018880728837,0.04113582723115011,0.09621552520928729,0.2892303697445047
SAMPLE_03385,0.8099494516098082,0.2814390710660183,0.13686838505834434,0.6620620561096588,0.3234325771331302,0.0018174351599127576,0.055714152573562686,0.40935449806491714
SAMPLE_03386,0.9369041430637625,0.3272209195073494,0.3214434556325758,0.6530133577169889,0.39605483794429364,0.011870495293598772,0.05838735224210083,0.5703479266314516
SAMPLE_03387,0.11938351288175389,0.047995219876576095,0.05147290136337316,0.3857389753306292,0.09205733747859442,0.0010705687204826365,0.6732023743900141,0.0916534346265725
SAMPLE_03388,0.1099879588496212,0.07529581053667862,0.07705279576864922,0.9850750215300832,0.23274487756968382,0.0004946379675602373,0.6716269278471154,0.5057251397878915
SAMPLE_03389,0.9994938885165994,0.045106549404533104,0.07415515499772005,0.01681724369092459,0.14820471590099746,0.006203536308965621,0.02829665222280012,0.05698863538335036
SAMPLE_03390,0.9995230635390666,0.2682087067915605,0.026295548557520483,0.13809058058809745,0.15690945666845915,0.005228042102830864,0.014559686774770264,0.09995464902726874
SAMPLE_03391,0.9990708742881881,0.14058788003546738,0.1796740742176511,0.09052278505333249,0.1444127347604546,0.008204803790416274,0.0764854891244438,0.14893389233412146
SAMPLE_03392,0.9992892550841428,0.03138733656307305,0.02560072441244108,0.016128641382465357,0.04206303726263949,0.009242682167682193,0.01909649133312119,0.04040311042308927
SAMPLE_03393,0.9992901886995462,0.08938152667805738,0.20641693133330213,0.05071068128807319,0.18379423935508432,0.05946027716444699,0.07399114447564262,0.13783722770395626
SAMPLE_03394,0.9994871908252265,0.11677865735242185,0.1750002552730926,0.05260818705023696,0.1606882211026417,0.018530485446944838,0.06461018635128564,0.13875256668054947
SAMPLE_03395,0.9994553096283681,0.04273518058145197,0.12698349920442828,0.06959621915093678,0.19259160346029555,0.00521536791845951,0.055165276068051425,0.08770428964831521
SAMPLE_03396,0.47249402276324837,0.10283098188325045,0.1297803433638898,0.36037854654934903,0.14241117491920735,0.0007775322735140512,0.6747573755387303,0.11432359165711564
SAMPLE_03397,0.7852314070134924,0.3187252340145808,0.39720173217281296,0.6076267280133298,0.4740991056949776,0.002135315877745407,0.18813047301400324,0.6351706655511979
SAMPLE_03398,0.7435042954590085,0.35690641300149795,0.30514991621972615,0.6607569275867873,0.48771921025502823,0.00255228834886896,0.11458769699112901,0.6666896350764574
SAMPLE_03399,0.6295651178044961,0.30136291870160287,0.10538099885343492,0.36702649546757465,0.407195236379457,0.0007570869114562024,0.6713339158840927,0.4032358629333693
SAMPLE_03400,0.9994259912775455,0.09893605168796177,0.10145418023187375,0.16217837255762885,0.13211659290225164,0.008365084914556876,0.05583970771060793,0.1433347338202148
SAMPLE_03401,0.9993787535498453,0.05337500563771827,0.0496523181666751,0.0331355201152804,0.09625665550639352,0.010274936519654332,0.05964321110628918,0.08133759572737843
SAMPLE_03402,0.5016238976356734,0.20865288451784056,0.19421099488763316,0.3731462782831232,0.25569424688335296,0.0005643869673006687,0.6864817178962421,0.18924997846247407
SAMPLE_03403,0.9994615857625357,0.16669803222374407,0.12347602705668212,0.24613186456625288,0.244235495787687,0.020534454138168817,0.02897290656434105,0.22686285449050747
SAMPLE_03404,0.845683303888475,0.3653678633918608,0.265599674656509,0.7664492962345757,0.4116337506208594,0.1025064546187145,0.17197924488773295,0.4957914431046571
SAMPLE_03405,0.9426859234423742,0.3007068861734955,0.20763425587980205,0.664923211655993,0.5988526919829462,0.006017301104682489,0.10316528836278,0.4541223125383712
SAMPLE_03406,0.9994240912290047,0.09278404081421229,0.07845523528451699,0.10247256801683048,0.10175353094837825,0.005298698559694005,0.03770755049110606,0.08567979574567153
SAMPLE_03407,1.0000000000000002,0.7886709340171001,0.7458066297543888,0.9985326239359825,0.3944395729078109,1.0000000000000002,0.9338842581138667,0.5148831566545323
SAMPLE_03408,0.9986063865029385,0.5096464407331373,0.23231767691028993,0.6674798286599584,0.2443261333204435,0.048103969815191695,0.08450290902107428,0.364529060011153
SAMPLE_03409,0.12184276582455189,0.1254773663112623,0.1079411551136151,0.9842784557693122,0.28183269864019744,0.0005284313100183842,0.6718921341059746,0.5146300172562805
SAMPLE_03410,1.0000000000000002,0.822909752896792,0.8021910149972143,0.9988724815945957,0.4874018066449989,1.0000000000000002,0.9338723733256262,0.551674166544363
SAMPLE_03411,0.9992445898104945,0.18150214000770137,0.16275893032482408,0.18016081306750892,0.1175474937516577,0.10583005610149132,0.09119702203992694,0.19342946420559107
SAMPLE_03412,0.9991005942934543,0.3026639530906454,0.10881993343891772,0.12069342988321569,0.32866052823377534,0.025827137507535194,0.041102422472214094,0.2701341336946477
SAMPLE_03413,0.9994064392526116,0.10068598813702026,0.0484286552826731,0.29540022865091176,0.07502810495849285,0.019203985827107122,0.023712504632655774,0.1324278756720916
SAMPLE_03414,0.10057237102915204,0.10749589468932604,0.17175166300977512,0.6282682824735323,0.3024826149099211,0.0006669871459699457,0.7404579410210506,0.3521705668913914
SAMPLE_03415,0.9993591254163705,0.042733150387049584,0.05082405735176652,0.04807088044220559,0.04396020636325506,0.011810937422669894,0.027196257042907766,0.06980496066817851
SAMPLE_03416,0.9993758272744664,0.36197693411124093,0.2543039463120771,0.6617156862068112,0.4344136591796056,0.038919443541751225,0.08007155388678107,0.47371166086335154
SAMPLE_03417,0.19994314952125258,0.030958803175846917,0.038526207347257084,0.34304746119098267,0.04226764850203482,0.0005909391314426292,0.6718052727995085,0.03653795193655329
SAMPLE_03418,0.9992713731253813,0.15525787184959558,0.14156453143634848,0.4504662129308873,0.11602781715396089,0.029191741832449044,0.10508832183405642,0.23073592780694943
SAMPLE_03419,0.9995013198365326,0.3075446292155173,0.23503956409645857,0.1323759420452058,0.29022124632498514,0.04505997324328853,0.15175832883211837,0.19207518892798975
SAMPLE_03420,0.9990095155029387,0.4373917045368835,0.6025895522845208,0.6691268415692774,0.457722219826286,0.05837013266801616,0.22728572712239367,0.7222193443682688
SAMPLE_03421,0.5622216805231309,0.13004066338874362,0.1445751585113403,0.03193862946489734,0.29777149016796567,0.0016538881154006385,0.048993694307644234,0.3529595337156235
SAMPLE_03422,0.9993550588573019,0.2952308327402087,0.4062241078447163,0.07570471173527046,0.2916792016545213,0.03075513979329086,0.1385492803477758,0.2669595137322945
SAMPLE_03423,0.5287565478147245,0.12606900713280944,0.11965650062937916,0.09180927632959274,0.2902388657250572,0.0016818901847236143,0.0269148030279443,0.33200145788736274
SAMPLE_03424,0.5327078509507684,0.12339685141786608,0.18111631133034056,0.6639914842209775,0.29387164286470785,0.01393810965206883,0.0389623835298872,0.47068118410094495
SAMPLE_03425,0.9992841058115762,0.2525198937384915,0.15429871385573715,0.6565698343680846,0.39590057841720433,0.27689628066701155,0.08139215208105038,0.46446726884173783
SAMPLE_03426,0.9990367833354565,0.1871221447949366,0.178131195780707,0.6646350575466637,0.3474511100606577,0.04657170116238388,0.06621353255649254,0.4488451280701685
SAMPLE_03427,0.9993918590729076,0.15640684738429614,0.06954687444298331,0.1258512914236855,0.13932280857944704,0.008346585047133996,0.024372166770098163,0.06632709520656484
SAMPLE_03428,0.6699234885355991,0.21751820831639257,0.08032398260578467,0.6656295343314618,0.1812364237151323,0.0010690465643269401,0.019837666385286976,0.3811366223597963
SAMPLE_03429,0.20565823101119035,0.06532352817513125,0.20996946440870196,0.3493408148113893,0.10774215994090355,0.0007695629453635816,0.7404310332503052,0.1015130909495784
SAMPLE_03430,0.99935757607694,0.16179958836714986,0.19544020350325286,0.6283206870997725,0.235926394003168,0.006680187429046234,0.07103438642831378,0.3836652600709782
SAMPLE_03431,0.9990908778805887,0.03068202506972061,0.07083533699294181,0.16776539182225475,0.04148149629420959,0.007557858807827965,0.03839866665070499,0.0974393579714893
SAMPLE_03432,0.944742676303487,0.3325087546031061,0.589600193125589,0.6640044777566119,0.6767187529577834,0.009606894264077424,0.21274404749723352,0.6434928015704517
SAMPLE_03433,0.36593008210025213,0.09546765579270097,0.1076954862077078,0.5797949319101081,0.15423592543409773,0.004211027433531426,0.6756663405162336,0.2642930123583251
SAMPLE_03434,0.9994138974064188,0.23832150269039273,0.2346553251023631,0.2905593819199336,0.29575878609268236,0.06076145713942784,0.08139100965725954,0.25518373137284045
SAMPLE_03435,0.9994781434687944,0.03603400525613164,0.054310016196450615,0.09643983597459005,0.03862319869744109,0.004993961890466454,0.021810563785182164,0.0801453085059689
SAMPLE_03436,0.9995201893706943,0.0490706395033836,0.05078586635027572,0.13033110304237824,0.04553334945643964,0.007693968952223248,0.034862126092046516,0.07006132458048493
SAMPLE_03437,0.999452345935487,0.025331102333637223,0.05064319260755959,0.046158128075281135,0.07402622901222553,0.004733126849891048,0.02677516503663069,0.06311345612260238
SAMPLE_03438,0.7696265056293194,0.3118364053134472,0.3548182701885954,0.049076436636845085,0.5903298073991934,0.00135234258107822,0.05339290888991128,0.5181379311658497
SAMPLE_03439,0.9993738335629204,0.045880158889927705,0.07694354879554721,0.048317104451034466,0.057013392307127965,0.011603758812766853,0.03764021586864977,0.05896691197467706
SAMPLE_03440,0.9543948769464845,0.31873325763197924,0.42313323473526293,0.6184429793818377,0.7474062464791393,0.006140154397469382,0.11227341770081362,0.7363636042116211
SAMPLE_03441,0.9317395085773199,0.17791068235343777,0.14177915022809612,0.647999248614012,0.39541924454623734,0.0019941542457134307,0.05274278954544277,0.5143041828801068
SAMPLE_03442,0.9993679530282267,0.09595102213262002,0.02135999019618781,0.28758893579353895,0.061490163121721834,0.009024605931362789,0.02379390261870119,0.11765807225636432
SAMPLE_03443,0.9994149577103386,0.49415195513454446,0.30662555412890313,0.21292129838226562,0.5823769684455311,0.018178340955184356,0.12214192880347806,0.45643471417322967
SAMPLE_03444,0.4080011112119454,0.06503041560386438,0.05796482611770717,0.9943787214608484,0.06792883380491063,0.00050917637672661,0.6711119110216284,0.3578329283123902
SAMPLE_03445,0.9992048427205404,0.10571148014789539,0.0906664697649777,0.5228941423842888,0.14468299220303957,0.02647488967726417,0.06417384052964417,0.40861600058070024
SAMPLE_03446,0.9990316579174923,0.17812151510066274,0.17029290204277636,0.31931002985063456,0.3982743236999917,0.007777359575826386,0.037903974157991065,0.5486230656540708
SAMPLE_03447,0.9305057166766735,0.26555736202781643,0.2545777210343118,0.6525722633391889,0.5835469562999144,0.0023023953736044226,0.08872901489539152,0.5798854549368678
SAMPLE_03448,0.9992024081003557,0.3789634389909783,0.05822869497344517,0.3527858291177306,0.284739298515859,0.029471423990328892,0.08563577191203978,0.27838987878352744
SAMPLE_03449,0.8674617958985837,0.1234479641261082,0.11369188515162361,0.6574790709342475,0.10182949600343152,0.02854434506294708,0.034155110859362466,0.33082905304754123
SAMPLE_03450,0.5836347068072781,0.10868503284702305,0.04146765551846552,0.2867578239016887,0.09937722186348004,0.001801421929532098,0.020575245927707448,0.18470712518819235
SAMPLE_03451,0.3610296018270963,0.2978611112196081,0.5845526091667957,0.909443116616554,0.6624304708698987,0.00144647110997158,0.7451330402801759,0.9309534104586665
SAMPLE_03452,0.8151305957666225,0.2235911239670032,0.12458602010171155,0.6599472806348026,0.2781591135403175,0.0017123277227333877,0.02404815023690751,0.3572595551576818
SAMPLE_03453,0.48856865719788833,0.08490170773992464,0.09885796714682775,0.41075133668567926,0.2391266022443122,0.0005527180420894575,0.6841911550958514,0.1691858631306023
SAMPLE_03454,0.9987137211056887,0.10334975721292491,0.09841077142791223,0.06072245503531367,0.27291437881193215,0.0027103379865296277,0.02208444203006214,0.14253918276431776
SAMPLE_03455,0.9993483473362301,0.09925252364855044,0.1311410802299745,0.15158815954047244,0.15331060615752293,0.02078010773388219,0.06429542088487585,0.13221612588990686
SAMPLE_03456,0.99942899100313,0.07680715183324151,0.0881599011243179,0.026226123908660692,0.08192400383785331,0.012259203718489585,0.024731572483479857,0.06763358107355547
SAMPLE_03457,0.82737797730422,0.6264969066868984,0.4238054094041153,0.6609591898231107,0.8592411343243256,0.019734548338102564,0.08407347560192427,0.7765829626974035
SAMPLE_03458,0.9753462294714081,0.5012872528537335,0.6167924565866384,0.6660370936180599,0.8099380956624492,0.009162074551076217,0.14593804878816796,0.40180910035037837
SAMPLE_03459,0.9993284779415031,0.41120454187626254,0.18840283534591695,0.22973824358449169,0.2456457478199311,0.16453166340675493,0.18740115595249213,0.24412303637855887
SAMPLE_03460,0.9995201327495316,0.346935949976443,0.15746690474209396,0.26877013725806564,0.30614541053714267,0.024794279200489024,0.05709374281561131,0.19380977164448848
SAMPLE_03461,0.9155804859321961,0.26445450087521927,0.19873347697651866,0.6625187041710264,0.5458935432692996,0.005552998172767193,0.07381755823484334,0.4484720141398648
SAMPLE_03462,0.9379630583064443,0.24402954082421402,0.10088671740030647,0.6658746778378094,0.16363495269767314,0.0020945335724014786,0.057659072364063424,0.384961877062232
SAMPLE_03463,1.0000000000000002,0.8195913880428862,0.769792692856299,0.9987685677002427,0.42035157167658993,1.0000000000000002,0.933905057717834,0.50518552811605
SAMPLE_03464,0.999480385070551,0.21853045785995195,0.021011708547941273,0.07885529553677272,0.14454500189953487,0.006039165018055401,0.015321392976411023,0.08756250141981457
SAMPLE_03465,0.9991760117017054,0.23330821341947927,0.14296291724297752,0.0736182136462971,0.295797006703025,0.010066153244297639,0.03800573253862512,0.41689940212567433
SAMPLE_03466,0.5279189734594181,0.14019659939060836,0.14642531560636768,0.3503050247187239,0.3062522778081427,0.0005497763553451062,0.6842549040446149,0.22706010416283504
SAMPLE_03467,0.9166169861918887,0.32470173065102936,0.7343830515502257,0.6683461859074693,0.6183033191930375,0.020612627151443373,0.24132511280492755,0.7502533753495556
SAMPLE_03468,0.5454625642369437,0.1992449222535811,0.09446623290405792,0.17330556348120096,0.3026164393843116,0.0019787815254799636,0.020092829654421968,0.39557880055898376
SAMPLE_03469,0.9993822164163988,0.05692321068912318,0.08165471971819756,0.08023236414222529,0.1706680122410162,0.012966760476061368,0.027409869312694877,0.09874625693059844
SAMPLE_03470,0.9995159371588129,0.06260332915715575,0.0691426476830411,0.021115074211595114,0.08862750322802754,0.015680102185580688,0.030311915853733832,0.04905958138670392
SAMPLE_03471,0.511112906128225,0.17091060499602823,0.23884972068895713,0.3593480025718278,0.3237644550866594,0.000612153687107287,0.696937651008783,0.29896080352819393
SAMPLE_03472,0.9993281279291835,0.1540791599807133,0.10120907793358173,0.1835094068108571,0.1586113918855038,0.007004328413033216,0.042231671217686284,0.16105442818503618
SAMPLE_03473,0.7462375596251014,0.33786377903333825,0.3022987277639028,0.9848809890129459,0.5684000235568176,0.0004774505465327826,0.7036172515677545,0.8823672369012903
SAMPLE_03474,0.9994763031463418,0.335727236949693,0.14503806329544092,0.1573134057268348,0.24250679438251396,0.10039211564813127,0.09330001757495249,0.17698260295971302
SAMPLE_03475,0.8471805571707336,0.21227401903738252,0.1308162822532221,0.6579052594831041,0.2281951499296891,0.002004850643346533,0.06532004032136933,0.385882170242039
SAMPLE_03476,0.9994909656162347,0.09630889948997345,0.08522223048713413,0.023362385192397046,0.12595713671654615,0.02328093359967045,0.018227893381889994,0.09253149357296055
SAMPLE_03477,0.9607026216204722,0.25542996083871716,0.2637703723830698,0.6596994352722754,0.3782052937727154,0.004091776077139338,0.07571265133328169,0.5669381563242545
SAMPLE_03478,0.9992841763262317,0.11565605485006793,0.15030406961275963,0.05271747031245966,0.16359339551042812,0.08847889084024745,0.07757517656612956,0.13004014193263808
SAMPLE_03479,0.9993592906301049,0.45821295731002537,0.18837801349667962,0.6628411204542786,0.2962151182668836,0.020966863103310692,0.04821534672573639,0.45662945741741656
SAMPLE_03480,0.9995294013959494,0.12085057822067068,0.18542531753066527,0.1628974837852904,0.42942070031379526,0.008305070329410212,0.07353071597057978,0.2790759953249208
SAMPLE_03481,0.9992968399436496,0.06635660957305752,0.06499698296040957,0.19487369660610876,0.0736333088757785,0.009087209565827216,0.02685607318875432,0.13786183463883395
SAMPLE_03482,0.7428120290370558,0.1865766451590752,0.1669022986012074,0.029936851565041,0.2959587644848264,0.001580290466168016,0.06540452240910632,0.35799591827108646
SAMPLE_03483,0.999433308861278,0.19590684587257207,0.15491055650275878,0.06466106577132852,0.19392696917609387,0.035465359455370375,0.056671681461315855,0.19303047312470312
SAMPLE_03484,0.9992148273622801,0.48345631729827554,0.42020568362428967,0.6097850855567022,0.3946925482443647,0.062198593896933115,0.18858437547122012,0.4808365503075694
SAMPLE_03485,0.7132443992493408,0.19412814897360628,0.22900315828420187,0.4588847486276885,0.4513378005267447,0.0027463435297684653,0.03943643120393811,0.5134585957608914
SAMPLE_03486,0.5545556415969692,0.23799394221572662,0.192317804006288,0.3498765167683285,0.45742001969745893,0.0006493528701632131,0.6731269990750093,0.38446641830506645
SAMPLE_03487,0.9986776384613529,0.09347850094499913,0.06798493949363223,0.06295603609347072,0.05840658849666879,0.03966616481636682,0.05741231583039651,0.09294283101400268
SAMPLE_03488,0.8728454676424191,0.11409525312135835,0.19951773727312774,0.6577165155380561,0.35723244300566565,0.0020540770804592895,0.040598734811886104,0.384320524041673
SAMPLE_03489,0.7121570879452445,0.18224977896529793,0.17359201077249375,0.6646719367929941,0.3201112928375332,0.001986993489916255,0.0483516328397285,0.5124223101364227
SAMPLE_03490,0.543349778364737,0.17385872687147905,0.2168255448241006,0.35834018762480335,0.3293589724993361,0.0008443893561458256,0.707186448483545,0.3674978451586661
SAMPLE_03491,0.9992799627241723,0.30736061969431155,0.17678337729050098,0.6332072119224728,0.2966232676747437,0.022812668245142144,0.09138263653665957,0.4282227848038025
SAMPLE_03492,0.9986703353477623,0.09568475562516399,0.07282003055148756,0.41082705521054164,0.11028152427504419,0.008019650044913425,0.022391835357952493,0.19439360516111973
SAMPLE_03493,0.999492851436517,0.16911377426900837,0.4004584041357663,0.12585758095026306,0.306185403517652,0.03315663384670289,0.16024716928169097,0.28413027023989235
SAMPLE_03494,0.6125115134560203,0.1333452435205211,0.10243362400559942,0.7423332669479292,0.3209316628729862,0.0008116745723020566,0.6716939679010072,0.48996563533858645
SAMPLE_03495,0.999451105980296,0.19157263007519826,0.09315366072712883,0.16660684732798106,0.12240343310760993,0.010822463452767765,0.06517525166309258,0.1915055761817983
SAMPLE_03496,0.9992986422684081,0.17362578015334332,0.0735434561866285,0.2234284483579252,0.13177091727734608,0.016572558593049423,0.02292671443639636,0.21202099189985624
SAMPLE_03497,0.9987897039236591,0.3795388966378743,0.36403565629658563,0.5671999462842502,0.31894788184438894,0.1150086091129646,0.09787201546400874,0.34934351750157056
SAMPLE_03498,0.3153795379982699,0.18524818541109767,0.1703294368520702,0.5494849820852182,0.26788357742813307,0.000540856302603576,0.745959524123531,0.4507684199723547
SAMPLE_03499,0.9993632887992139,0.20426996568274497,0.2106008111473502,0.6663874356635332,0.2840399162394174,0.01327962381252875,0.04251022385745657,0.41659869171301134
SAMPLE_03500,0.9994860532364617,0.07577001609162276,0.17861345726323027,0.16520301838899648,0.2295550416659402,0.005607519061229829,0.038510552154444856,0.10857675725888877
SAMPLE_03501,0.9120519778302247,0.26311781220342323,0.12976680333605234,0.6654018706328109,0.3448183356793108,0.0011068744198467805,0.01697725024481545,0.4499198052689092
SAMPLE_03502,0.9993908091774425,0.2862165407877592,0.32804306640212255,0.1273688463639251,0.30899822649276676,0.19462015235414618,0.257436204411783,0.27686617616643117
SAMPLE_03503,0.9994704586909577,0.05892708204431388,0.13418259713760347,0.0881383301268836,0.11378973482946325,0.012274375809168748,0.0443591126111732,0.0956155480155443
SAMPLE_03504,0.8177148310313452,0.2646000464236661,0.1159974454532836,0.6651650310738507,0.24170418485190132,0.0016999320218508214,0.05107818622509794,0.43073877833304236
SAMPLE_03505,0.9990813462124796,0.1807757212512997,0.2764327188170037,0.29096367540373114,0.33088076083549567,0.017833218045397572,0.14418807679163306,0.2644438608451403
SAMPLE_03506,0.626194531733903,0.04938555855623402,0.08189365874288504,0.46647018429970455,0.0600941530263954,0.0007464417085833213,0.6869144435586173,0.11885641005993813
SAMPLE_03507,0.23728434120536449,0.05157348601579476,0.04148965235543364,0.34313992504819796,0.16183041082759975,0.000606452699504154,0.6720984825218996,0.12259908073764172
SAMPLE_03508,0.9995141283969555,0.05096290243745574,0.08812790437519699,0.15381133064583674,0.1950338547387204,0.009663443227213585,0.029189717947061537,0.15223391242772666
SAMPLE_03509,0.9992371197352892,0.08246916464750996,0.08963452021518802,0.04252189167385924,0.11727951578388682,0.015174720664971213,0.04454147370453017,0.14113489884750724
SAMPLE_03510,0.4755566683921478,0.1651159058571863,0.19223797068906812,0.805461058630146,0.33604810927827916,0.0005735426089866194,0.6931464757080643,0.49066637038979477
SAMPLE_03511,0.9994067062395295,0.16995628643269414,0.022726789738575018,0.22329652072874534,0.10833385641627724,0.009687483625185763,0.015524394188180014,0.12864314737016685
SAMPLE_03512,0.6647927156391411,0.34242533050378915,0.15253732258411262,0.6683171618919604,0.2926064954271264,0.0018820159303542061,0.049529479122737766,0.5070833074233813
SAMPLE_03513,0.9981964333042711,0.19423090617709787,0.40747013805634513,0.6609681905348119,0.3493661435216564,0.02235239494730034,0.10339765047573629,0.42881554006626676
SAMPLE_03514,0.9994701174643157,0.0514578287714688,0.06379195412288094,0.016071749432495272,0.10117696038222307,0.005749116215691175,0.048069469053207615,0.05032311847416276
SAMPLE_03515,0.8100476664527924,0.24730755946595484,0.3021120348223776,0.6591839702570621,0.34581983496016744,0.0011393863419028622,0.08379617091685458,0.5882841577772809
SAMPLE_03516,0.9993734354167068,0.25332039783091514,0.359573175898802,0.24447234359175213,0.43157217281689186,0.022469419745142945,0.1487196002545925,0.4708029714802352
SAMPLE_03517,0.0841907852181219,0.033862868566346294,0.04150925544467216,0.3779622313566103,0.03028959453174153,0.0008193295665042946,0.6782066737263854,0.07368109504123228
SAMPLE_03518,0.24276833098764028,0.055720931865343555,0.032753422568382165,0.475313482493537,0.06943693681642739,0.0006337515016794492,0.6708184665205508,0.12339581842706904
SAMPLE_03519,0.9992169981889966,0.2536470240314476,0.3542190702954529,0.6649947158435803,0.4844214759390538,0.013201723248781858,0.05625804241068954,0.7031617866541342
SAMPLE_03520,0.9383234016925717,0.5302233053685577,0.3332992753922892,0.6589569418868181,0.5325200868398479,0.006998844691574221,0.12793799668783373,0.6423688031544039
SAMPLE_03521,0.9993696506087046,0.03662320565646711,0.09817224969370408,0.05649107214017582,0.05846103444329619,0.009045662956131842,0.04444586118418697,0.11588228917349713
SAMPLE_03522,0.5858148191337624,0.09664599423729343,0.09126361374483388,0.3555602721955228,0.05547095393289857,0.0006714969562359607,0.6990967211629759,0.09869377996252136
SAMPLE_03523,0.9991449088148134,0.7479923317345616,0.7700462443935838,0.677824275209159,0.7024742069806432,0.3652598438062949,0.3098275980465684,0.7725687714672523
SAMPLE_03524,0.9995271183137108,0.4167127501934933,0.03859728357276329,0.3109859063359798,0.21401391830916627,0.00761627731595838,0.015257352903645242,0.1568580847940318
SAMPLE_03525,0.9992528953792352,0.5665408070106946,0.3887631940663226,0.7241623139760891,0.5445426068989259,0.19354613054586361,0.1625421358221517,0.49385681238720863
SAMPLE_03526,0.46414382145170574,0.0884961654733606,0.050860054355270246,0.9959674653226075,0.08032471499370086,0.0006489857232303854,0.6718948172170196,0.37937027640202
SAMPLE_03527,0.9994546309050283,0.320401696714786,0.1765074471379936,0.18694509976553297,0.3913149644051005,0.0225492973000317,0.0670700696064411,0.20237637935578742
SAMPLE_03528,0.9989811775310895,0.20317828743524885,0.08574305084161167,0.6631890152088675,0.17736948142566836,0.02300539555267551,0.03231879977748632,0.44292797734606304
SAMPLE_03529,0.6067599350504532,0.16785118074394917,0.232400345527183,0.9854961527450204,0.45712394245414967,0.003956657163820143,0.726897625068419,0.666768626957908
SAMPLE_03530,0.9994015680302917,0.08414101317206782,0.11324448236462566,0.05528523117976058,0.1392509712913631,0.008299206012888494,0.06028345757906712,0.2184948450637953
SAMPLE_03531,0.9994013595765596,0.22057927686739348,0.2047010096336518,0.13155435017346237,0.2433092087656052,0.0238715417440692,0.08889978783684589,0.25969942895236475
SAMPLE_03532,0.9992435800167472,0.24423372679591468,0.14844098743631512,0.663951111607023,0.26538447441313073,0.04794130452722673,0.05214126098537806,0.4625817668374624
SAMPLE_03533,0.9988949916981795,0.22460121952734413,0.28054314147782294,0.6067798915557263,0.2519398406725901,0.132366508950293,0.0551326177063028,0.3946942147542578
SAMPLE_03534,0.43409963337831137,0.2309225344144517,0.22944027194585415,0.9931121613401432,0.45058368806936916,0.0008139084936806622,0.7263071997632234,0.6744577740654663
SAMPLE_03535,0.24546625152865437,0.07148082409770957,0.06564406122060515,0.3377709912247221,0.05056068669824542,0.0006500861423882549,0.6718511875086435,0.048443656828456666
SAMPLE_03536,0.8196780969817136,0.21731601819526447,0.1635970173825158,0.6663163176212095,0.40596680391452444,0.0023022826451058807,0.029221606831813695,0.5714813375974298
SAMPLE_03537,0.9989634366968638,0.4603847912508286,0.26319877130029107,0.6716118151607289,0.4355383299302327,0.0836251940190201,0.16519825977503014,0.43430199551816806
SAMPLE_03538,0.5206578533649018,0.1543337852736716,0.12426792671963817,0.42103509979968523,0.3226904870186421,0.0015614356413230755,0.024216486284027422,0.32635796387113575
SAMPLE_03539,0.5801017017315899,0.26865634034489105,0.10869711681082356,0.6655069720965883,0.16620953552537487,0.0014113181067784194,0.04165416437343686,0.402114307959251
SAMPLE_03540,1.0000000000000002,0.7596768017481516,0.7343010657976732,0.9986850125847588,0.3832291162052519,1.0000000000000002,0.9338474851313671,0.44861170833769315
SAMPLE_03541,0.9993728807309061,0.3696192367193763,0.3929981462252085,0.3577232908178981,0.27181269652821904,0.18428489345574797,0.21812014684886602,0.33459762421715117
SAMPLE_03542,0.999396366232459,0.6065954539565019,0.6445589238625029,0.6301096868652853,0.5641253840246916,0.027916938595977207,0.2331191720406815,0.5717444234516149
SAMPLE_03543,0.9994293330412509,0.11466063033200333,0.18771057785995443,0.17450316134299254,0.14387205276904724,0.012539501533253138,0.07809412882292653,0.18810048150905181
SAMPLE_03544,0.345375534229923,0.06938279656155132,0.05608653941652687,0.3971734904432811,0.1065290306160928,0.0006867234147138373,0.6781556501759828,0.1386828211397717
SAMPLE_03545,0.9994453261572638,0.0994380974574233,0.20666324402388914,0.14488533034223802,0.29863771810841105,0.01236695965886459,0.13172571636739963,0.24039445754772876
SAMPLE_03546,0.9993080455570948,0.06469131058342775,0.1742201418440315,0.04029805912229675,0.12118151415988804,0.05791550615774778,0.07422817240685853,0.11878420164074574
SAMPLE_03547,0.6511452040611758,0.32553823435145746,0.09802646497727018,0.9891679914871112,0.12179239690026575,0.13245152824940964,0.7112517179724548,0.3639739282865606
SAMPLE_03548,0.9990612252208351,0.0355112774063383,0.03904092931234527,0.017361795911094303,0.06338594187486526,0.0041139056835955735,0.013281651801546722,0.05094106818913295
SAMPLE_03549,0.9987389663782231,0.2311384706209611,0.06862573790603074,0.03630780747866859,0.2302341608314052,0.031094927156204783,0.027316051086005277,0.19054781208476856
SAMPLE_03550,0.9993996520188364,0.22124123472479018,0.08590686910466738,0.11144126952819246,0.15154688649637002,0.008914115072601302,0.02576932622921089,0.18570954264380518
SAMPLE_03551,0.2408580165279069,0.0784406532690662,0.18557274617176228,0.41495742399505486,0.3024852873746139,0.0006930959821687487,0.7460397718475683,0.3423681490899517
SAMPLE_03552,0.9993791024969038,0.05080409571028184,0.05419824927601952,0.07882231432925933,0.061396429969159415,0.015924517426242447,0.0249178572851078,0.0730412736455499
SAMPLE_03553,0.9994806815714876,0.13701501281679065,0.12480527693144723,0.03651840600710417,0.16834767730160682,0.06247949900725202,0.05717195710339132,0.07187059584839037
SAMPLE_03554,0.9985784871094456,0.04068100169375807,0.03610739669910598,0.03620980802664038,0.05798355410170397,0.005600613041473159,0.015593695333827052,0.046114984389021556
SAMPLE_03555,0.6884168917025041,0.09693603906629819,0.03508099588960314,0.1576554722175859,0.15136202902890483,0.0020397017712760228,0.015673306593483705,0.18435023728166797
SAMPLE_03556,0.999352416122598,0.09132370166511042,0.15415581107839993,0.14671696383537655,0.07727068070381972,0.08080846459467907,0.06149818444477324,0.12452756203732733
SAMPLE_03557,0.9991029347758333,0.5025680263988647,0.3889974745625637,0.6662407295469199,0.4214495626801165,0.11401899913955088,0.1383649797407118,0.5239753097216494
SAMPLE_03558,0.9994380049544311,0.08148693806965239,0.1300578238327738,0.06003425405970984,0.16077317231753407,0.025850500558870806,0.05299911815704792,0.11237842007205329
SAMPLE_03559,0.9992051509582369,0.09264084180499776,0.16794652038839836,0.09150510348114262,0.11122079817528285,0.008587240184000583,0.04611796726629717,0.14759351706237034
SAMPLE_03560,0.522771987833792,0.11925196527871151,0.14027143014886584,0.661585467334981,0.12095882245930215,0.0037455343145826638,0.03942702934869972,0.41564672826483473
SAMPLE_03561,0.35931484891204546,0.07557574342203649,0.09342013029081757,0.4348174966102118,0.05323774693185674,0.0005551372943868417,0.6887513612028682,0.05399298662190551
SAMPLE_03562,0.9993668562686504,0.10510649325554901,0.08572142633389347,0.05000454126475738,0.14606872027078255,0.006083178158413894,0.027510629657587764,0.09126729561593563
SAMPLE_03563,0.9074371932722185,0.49390798595055596,0.2312993656706364,0.6564397306448468,0.5083052307280471,0.0013190052004140003,0.08076387345975378,0.45924824966537847
SAMPLE_03564,0.8913762428839169,0.19021452366874797,0.09530167771481377,0.6637059421349377,0.16863591472562503,0.0012933710257305667,0.04369751148788234,0.3791901528182901
SAMPLE_03565,0.9994804208752778,0.0588992555642305,0.08418184363081932,0.05772136139329388,0.06298152709258224,0.03350176599903734,0.041491440749072524,0.06268261920638368
SAMPLE_03566,0.9993804784185262,0.3900162314632405,0.0213430276507924,0.6339607978263407,0.22609569209083166,0.015706221866992956,0.02989784151881607,0.30388007598863725
SAMPLE_03567,0.899184069010073,0.48247461464973757,0.2626350773536605,0.6494446608211383,0.4199870578630266,0.0024500913639625456,0.04669333125543813,0.6775115069387813
SAMPLE_03568,0.3444059354289454,0.118338751323566,0.13243516535438157,0.7492066379454416,0.1796182877599382,0.0005076631562194462,0.6842210017455104,0.2673455595247692
SAMPLE_03569,0.9995189972099614,0.030580192528039188,0.03893185691049993,0.023148316314472707,0.058863553221543664,0.013412101461451902,0.027961162009891953,0.041398751300562295
SAMPLE_03570,0.9995223552061792,0.13147673175588545,0.43380847118482374,0.18623786346166038,0.4778844764842073,0.011728589993583139,0.14149167214615832,0.42530039059028674
SAMPLE_03571,0.9993251867935214,0.28859434415873647,0.24384412581104525,0.6528706846794918,0.3114581414656763,0.0048676919234967465,0.05475667371752282,0.3732395718680815
SAMPLE_03572,0.9994969619896333,0.37630650194176907,0.213458915228748,0.4640000690415457,0.26735390971282585,0.16732981984006354,0.06538405889567558,0.22042578804582644
SAMPLE_03573,0.9952394466303774,0.15287800402074625,0.2565172677257436,0.6701851942156053,0.2248172334529944,0.11677282764028561,0.04260801656666615,0.3822261093783334
SAMPLE_03574,0.07626808733157836,0.03689097419231963,0.02851689746448963,0.3378781012148057,0.041186097889458526,0.000679789468962462,0.6713795462589787,0.038508304420221295
SAMPLE_03575,0.4360111425741027,0.13073309984672865,0.11974841633694333,0.34784022075250914,0.2941305176011033,0.0006943066454242233,0.6788567614483665,0.2665014084793077
SAMPLE_03576,1.0000000000000002,0.9634328804740732,0.9351334080146005,0.9988530513459495,0.8471632097343571,1.0000000000000002,0.9339374701315287,0.9294632765578297
SAMPLE_03577,0.9993198869523858,0.08705381607170917,0.061499806159992246,0.11234876008936112,0.17334318883747063,0.007553509182907576,0.030615268800380076,0.18673000511237814
SAMPLE_03578,0.999359648020941,0.04233201536078597,0.03218344297086196,0.09460965485969786,0.03388146960557443,0.02311656150652281,0.07710081067270322,0.09568164511738113
SAMPLE_03579,0.9994528036832981,0.0561230076995172,0.09896612968774046,0.11387856511011789,0.12796936159334177,0.009067922128321054,0.039368732488567246,0.1507824646720665
SAMPLE_03580,0.4229185058160653,0.07446114465946249,0.05171059148336013,0.9962387307929874,0.149703304333577,0.000494822742881888,0.6722244281682893,0.45999351834779895
SAMPLE_03581,0.5637715567456567,0.18022291991496028,0.14388473517724815,0.9973042122227935,0.31927222256394217,0.0005041246008606208,0.6779658876218584,0.5893603274168682
SAMPLE_03582,0.9417623839676332,0.33035071906055735,0.23416690016045952,0.6639021588991386,0.5396655925638041,0.011668565968926273,0.10642656588608222,0.660574737864072
SAMPLE_03583,0.9993137941220077,0.16420772663065075,0.19428001483534138,0.08024535396859722,0.29687811356697097,0.2249767996751792,0.049690814478507275,0.22058987702870853
SAMPLE_03584,0.8098948640899697,0.11845683436595056,0.06197926372092445,0.36050437315617967,0.12439113597095282,0.001828250371675311,0.02047326687970657,0.23684036298899214
SAMPLE_03585,0.9994137783789485,0.11003353368584179,0.07139002887896034,0.10721171667276141,0.13760427855497334,0.007672172806057028,0.03081077648589668,0.12144382144632015
SAMPLE_03586,0.999370128835008,0.03497250944707765,0.06302264115256478,0.04386858555815572,0.03559216797466741,0.004585360263715166,0.03477894932482163,0.046932542833626495
SAMPLE_03587,0.6171901305332435,0.21448006654567853,0.20481878524722108,0.6306996831974933,0.3890693736225971,0.0007086838233641895,0.7534649803301896,0.5095275851136415
SAMPLE_03588,0.6448643911037265,0.28380742189180297,0.5595203021635667,0.8436931147650887,0.5796864787313727,0.0006058776914637433,0.8287766015113973,0.8704405949489158
SAMPLE_03589,0.9600497916936892,0.14304385015455495,0.2553368719069224,0.6638511241290336,0.44143820337406103,0.002179897271692409,0.032123252655147226,0.4063802058341761
SAMPLE_03590,0.30501414535275695,0.1344220074878641,0.13304020686963175,0.3485087348205461,0.3294988068586591,0.0007739883770152736,0.6715023225478602,0.24792196423327664
SAMPLE_03591,0.8769573234387658,0.15455508410485735,0.22758043389456753,0.5812980440378308,0.4025696255613351,0.0015730166844502504,0.04742187403160866,0.5368814288127608
SAMPLE_03592,0.9993337903687971,0.1196644999597625,0.1352163110534145,0.6639636330705891,0.15164224725922928,0.015977833940455332,0.05725328600226529,0.36460242463676024
SAMPLE_03593,0.9991684110141993,0.15588764884978068,0.09453463479784922,0.6090229455483407,0.17187228978645344,0.02770660186081146,0.029529208817188176,0.34699632998627283
SAMPLE_03594,1.0000000000000002,0.8672661010410092,0.8746405719060428,0.9989541955902688,0.9330407039707989,1.0000000000000002,0.9339729719520173,0.897428775778671
SAMPLE_03595,0.5938199919697703,0.3130670276985416,0.2171874789919239,0.9950601212519096,0.4796310993535423,0.0005556627848072345,0.6887232048076705,0.6909915246776988
SAMPLE_03596,0.9994675718090429,0.18107673722443313,0.06020179539770992,0.15822105928813465,0.16956585507107577,0.008684431665837393,0.040715307372663496,0.15810326801893562
SAMPLE_03597,0.6731552347410141,0.12226770159328021,0.055932527513497914,0.6632587741681781,0.12063417432725035,0.0014286456880024509,0.02892104078444785,0.3719322447651252
SAMPLE_03598,0.9993862177096579,0.14510628938050052,0.044844822149971354,0.07821244335185519,0.12601345501381722,0.005532838528648686,0.014860769550701343,0.06338712115589598
SAMPLE_03599,0.5603223618408669,0.16702460373398625,0.2499496947396943,0.41741491616998583,0.43615915393574134,0.0009500674473752605,0.752599218401043,0.40440483837629776
SAMPLE_03600,0.9994014971458173,0.1935855888711782,0.17701650573689254,0.19187591652867117,0.262641872112949,0.07329385710938092,0.04628618930252181,0.3820226359874447
SAMPLE_03601,0.8480124943548653,0.2152730808316187,0.32110056947255733,0.6646601185005852,0.6624163075658283,0.007132851016048306,0.054690190401784806,0.49592867304312527
SAMPLE_03602,0.9468818314155112,0.3404343557559447,0.3470457702377529,0.6459194115387384,0.4462252785380928,0.008111423201788965,0.05878573097566781,0.6419702039906088
SAMPLE_03603,0.9993706083963814,0.11558549947095612,0.07653171200758921,0.1722195162105673,0.09807448572634032,0.01134995701667195,0.03973178207564101,0.12254895335887096
SAMPLE_03604,1.0000000000000002,0.8991988913504796,0.9057513773652716,0.9986547834207964,0.843488372151018,1.0000000000000002,0.9336394906676484,0.8377119357537972
SAMPLE_03605,0.9276362915060854,0.5709370188186644,0.3839710100461393,0.6651044351932799,0.3667005770657833,0.0018012878797262055,0.173876782768425,0.5890028245193224
SAMPLE_03606,0.6950436885095918,0.15895791365497577,0.14206350087922792,0.8241091928153543,0.37608134937778304,0.0005930813310117354,0.6880646194976457,0.5229152625949579
SAMPLE_03607,0.9994474218132124,0.08128834931910142,0.037821036247369474,0.10798257589349011,0.08868154198261452,0.006494121492980984,0.017314469968526893,0.07774426771309718
SAMPLE_03608,0.7215827717058687,0.16532732730096533,0.1656269829579787,0.6750485261837785,0.3470195671044781,0.005809850769772423,0.04070974219752685,0.5910442828755257
SAMPLE_03609,0.9994307990101867,0.06272183638251533,0.05021559915834929,0.11218931079133271,0.0732514274010382,0.014993466315787194,0.018075282004850923,0.09313366797803388
SAMPLE_03610,0.9047378143722222,0.21197255019630828,0.1838939943874813,0.7065564564629231,0.2454799695901545,0.03427249398367025,0.07737443619514843,0.3144089698799761
SAMPLE_03611,0.9994953390624439,0.05944150944297803,0.10954181615440332,0.06725804346046721,0.09513818622635811,0.010961641435640771,0.03668851878316436,0.07469766046198689
SAMPLE_03612,0.9993577872761761,0.026883483196095577,0.031045308635208428,0.04979577038426797,0.04034748087643178,0.007957892403078206,0.01791964454271394,0.041119920558189735
SAMPLE_03613,0.9986568247636582,0.19175880796429012,0.23550960569252763,0.19280294027284078,0.189093234929097,0.024011877846159067,0.06583343445592675,0.2482904896475862
SAMPLE_03614,0.99891581883805,0.2629431745374281,0.4228558786800639,0.31892564205924506,0.36916016459205364,0.19814836564900412,0.19536063138862422,0.5238838709184025
SAMPLE_03615,0.9989218094843016,0.09408093934817562,0.09233614574633162,0.5178683676960485,0.09466122889796015,0.020674722086769577,0.07882145868786368,0.19770513515104715
SAMPLE_03616,0.9992944900023625,0.37354101745614243,0.23059309316996657,0.23100652549322803,0.3353385397315223,0.1605872572768729,0.1610723773643301,0.31632104436936254
SAMPLE_03617,0.4082028681136183,0.10708639957950367,0.13964406669671303,0.6605265388659269,0.15996525198263167,0.0016333593742888022,0.035456978506161196,0.38474963921632743
SAMPLE_03618,0.8610787305817085,0.27308921296162875,0.15629740952340784,0.6624469839359588,0.3035290442024174,0.0019389583557274219,0.03015788721672904,0.38311601915000626
SAMPLE_03619,0.9993855895356178,0.5236045728140611,0.6767769367120133,0.4783719374992581,0.6776208786834016,0.14335641153521908,0.2201178617925492,0.6702005563607711
SAMPLE_03620,0.9995035458948214,0.06228054073815657,0.06557414382254016,0.05555356220478043,0.06890208420217421,0.028852464413360222,0.026319386745846975,0.054375696338596236
SAMPLE_03621,0.9988293076636071,0.2941021231478258,0.12531354176043677,0.46063436672286784,0.21928451203385924,0.024597637179011547,0.03454524339137567,0.252841233178029
SAMPLE_03622,0.3055196699593833,0.06329492155036474,0.0863735784015687,0.3432215336322772,0.10179952912835005,0.000767247399908628,0.6848311272924783,0.10896196445623169
SAMPLE_03623,0.9978724288563534,0.33029409865824133,0.18348764790518718,0.6072589291610475,0.24162618700515592,0.02409748540990987,0.069949726613936,0.3475477901526099
SAMPLE_03624,0.7129180890019682,0.2432560657338367,0.28898883184720253,0.6606886267254958,0.5473961386592585,0.0015673994818672212,0.10722553081671335,0.5663194277619438
SAMPLE_03625,0.8352785363464267,0.44869250017212026,0.6295945591195018,0.9901605520202891,0.5986379366758288,0.004196256964654278,0.8447606537572734,0.8645452726890475
SAMPLE_03626,0.9994739278028608,0.19316774331269188,0.17024024388236264,0.4681438403706944,0.23339693022891927,0.04271579815724748,0.0626955923968302,0.23165948715879178
SAMPLE_03627,0.9994400065224418,0.42916244220791644,0.20099831942345336,0.6546752614043698,0.29703341974483244,0.00904919091854726,0.05331866680811114,0.3534322785445172
SAMPLE_03628,0.9692489086994203,0.7544414586352046,0.5460014735952913,0.9127307952008241,0.5877125382692027,0.16876786966735963,0.5065145668428872,0.6921769346622779
SAMPLE_03629,0.9106949775609341,0.5064858985171007,0.6656965312397336,0.6599035621097573,0.5150040897252484,0.0016668902152128112,0.17146663749737712,0.6471015565887848
SAMPLE_03630,0.7155591051272603,0.1765597471873225,0.0490129322082099,0.6671747678966734,0.11529329798741818,0.004780286331203015,0.016177149710077148,0.33825137684296
SAMPLE_03631,0.8770423854305619,0.1086168440590938,0.04965674454437256,0.6621371617014893,0.17678215840994727,0.0011025665071900078,0.02558399716758693,0.4004195396386883
SAMPLE_03632,0.6499778792868375,0.2440797021055202,0.04619428826953548,0.6661755521824009,0.08327237426056067,0.0011601893633045514,0.0290248272595515,0.3549903572883527
SAMPLE_03633,0.4927568309213802,0.12943031115157397,0.11922235226739485,0.9758000321575389,0.2844181600488256,0.0005636242847729414,0.6755672369056289,0.592403771996934
SAMPLE_03634,0.99940564013636,0.09030775113334491,0.0886477196972689,0.04911563231828072,0.09155699976857978,0.02370669042050916,0.032811666525876075,0.09387667965129284
SAMPLE_03635,0.9994325422376134,0.08711359696641038,0.23967718010457073,0.2039793875610016,0.13184834397074632,0.03481796123653686,0.11738439504340298,0.1626286706050175
SAMPLE_03636,0.9994678553179739,0.4288580331883335,0.07695609342117903,0.36229341168356605,0.2304223176860482,0.029358020588969042,0.027775178229205336,0.1973855486896001
SAMPLE_03637,0.9992931523584031,0.4324185418642048,0.24146058740419557,0.6661399007975464,0.3126982630720075,0.03152515128712785,0.0634527044019195,0.5102972364002135
SAMPLE_03638,0.9994830697725601,0.03417622534247339,0.0380365303859772,0.09582824295199804,0.05346227950213805,0.0066286116751105625,0.02372110051583932,0.07839811362877969
SAMPLE_03639,0.9995233113803398,0.09848249741121334,0.04238462595597038,0.014589890069126685,0.0985894924900554,0.010577315839055043,0.024266971772617968,0.04042761340344795
SAMPLE_03640,0.9991540905156555,0.1688020149816607,0.09978038925604572,0.6628142720064607,0.12529589179500972,0.04277078008252472,0.06205139567654658,0.3670555682171914
SAMPLE_03641,0.852339621669076,0.61218823435603,0.4284806680763488,0.6655577959419718,0.6699037608205591,0.00687760234248878,0.19015774256174575,0.7336327686973297
SAMPLE_03642,0.1066103505783016,0.07937095920737133,0.04835281496208491,0.351402448560383,0.17952128909948367,0.0008622524939628977,0.6706842638297481,0.10787679009008708
SAMPLE_03643,0.9993526372616169,0.194726966106319,0.20486368362654792,0.08487566619552352,0.19732357008817197,0.11112799477210039,0.12347863586983189,0.1953563892495085
SAMPLE_03644,0.748832188298292,0.1251674564340332,0.1749860914256095,0.493457065815717,0.2556501804039872,0.000617987761498217,0.7699206072510403,0.2688263108680902
SAMPLE_03645,0.9990006043793974,0.16791107647789227,0.10371691306812494,0.6658448295936397,0.21471398416605897,0.010004428292921058,0.04077462988493655,0.5362141491928027
SAMPLE_03646,0.9991496153662356,0.05679307714198519,0.028843125171639207,0.648817746976702,0.05858215707276908,0.009711205296494552,0.033494631841700755,0.3260656582043174
SAMPLE_03647,0.9993195049888763,0.08387144357719992,0.13502792322748441,0.09322688779509919,0.179323668044024,0.02212887050623152,0.0421549783856397,0.09584750548517965
SAMPLE_03648,0.999420062898952,0.0725958778525722,0.08034224537350791,0.2190502510783805,0.10266134495670338,0.05285265043351178,0.03562635280075632,0.13341197519711845
SAMPLE_03649,0.46304739854390314,0.26794513245103807,0.18417579398075123,0.6561352711615351,0.2161720336038626,0.0024980429955237192,0.03978087973978493,0.37484080532013037
SAMPLE_03650,1.0000000000000002,0.8670764558265729,0.836982251751748,0.9988735734868335,0.7139260548604547,1.0000000000000002,0.9339315969392934,0.7210861474312074
SAMPLE_03651,0.9994152048661827,0.05463975526473146,0.05221435169104564,0.020727274510942507,0.043126677592562244,0.007453431253632079,0.03265690754877933,0.0502963359128827
SAMPLE_03652,0.921821171765355,0.2538030228204134,0.24846306296444015,0.6529785055361531,0.2095331546502209,0.1064084174343603,0.10089829988489293,0.3737438249827634
SAMPLE_03653,0.9994946283831647,0.05850369557219888,0.12255260980851776,0.08180222265728905,0.2375097199979485,0.005307991819262645,0.03412273164782436,0.1442910270383879
SAMPLE_03654,0.6071436513272287,0.2542981700390598,0.0602280121674519,0.665690641049917,0.11135921263558343,0.0012455050795568878,0.027517313852527984,0.4760773870156288
SAMPLE_03655,0.9994093513586425,0.08133640214474602,0.12222392060369515,0.03268589033410345,0.13871925639303817,0.01734126215404336,0.041238740201147685,0.08470919481221302
SAMPLE_03656,0.8592022261552096,0.3920588149528042,0.4960745560884612,0.27829858621340486,0.7865110823592142,0.005080439476464962,0.08009769634076147,0.7487050605149732
SAMPLE_03657,0.9994027434888729,0.11423658466497327,0.07833564468403975,0.05256449162349114,0.07416555230194166,0.01946493899540767,0.03265859078636713,0.08457484340876764
SAMPLE_03658,0.9994370363731921,0.1037582246077491,0.11965639243228901,0.13393088301401285,0.14054703542733504,0.009176375588364937,0.050546061352909934,0.11962777114105543
SAMPLE_03659,0.9994880868278911,0.19550964777584068,0.15115895464283546,0.4523240667366175,0.20515083772203796,0.0383793314336825,0.05719668287020061,0.3251903805433861
SAMPLE_03660,0.9994390233633952,0.1644772672580262,0.20681184877841616,0.0774647682293319,0.26691165855683985,0.029069391458032837,0.08341019282621247,0.2573212009375686
SAMPLE_03661,0.9994442909407442,0.022090557215730937,0.022744847315181116,0.01649513029082596,0.029698052452339353,0.008751263986756169,0.01633803422620034,0.023628104606948783
SAMPLE_03662,0.31212240487258613,0.0663261084812962,0.09103530839102117,0.5038811493159159,0.06916384128809955,0.0010835150708969486,0.7095789335566937,0.10475710936324606
SAMPLE_03663,0.8419219989471021,0.37972711258518377,0.47031193314490966,0.6467138931211247,0.6955563208430613,0.003848555940561922,0.12516572485320357,0.8674707504560984
SAMPLE_03664,0.999470273131826,0.031629180011375144,0.03634082514101895,0.028786192315822978,0.06174559844413917,0.008250221996617988,0.0321672920460928,0.09369194540145252
SAMPLE_03665,0.999450223124073,0.7904158666346139,0.884806802067499,0.6360946325299752,0.7740955653431215,0.17395027865431772,0.30095948774151626,0.8937067041191878
SAMPLE_03666,0.8388611075323525,0.1508660014077904,0.1282779774281408,0.6628030448475102,0.1965634452005211,0.01745944965010694,0.030549988345865822,0.4030644253850291
SAMPLE_03667,0.9507528620868211,0.38371414277319366,0.19725728325955305,0.6118009218718083,0.30940738250430866,0.0015498968181705305,0.07926251555388363,0.43965384200370816
SAMPLE_03668,0.6902581379856905,0.29972027846296967,0.22948355897938372,0.4500418971660407,0.4317754352327162,0.008209849622693381,0.6972511334932507,0.4198753345602563
SAMPLE_03669,0.9994251953441146,0.1460449771540533,0.11844805718666018,0.09408063613230194,0.1357048835654405,0.014389675391254879,0.04549424596837146,0.131870664144279
SAMPLE_03670,0.9994261929465363,0.019892169824339057,0.02220195596534261,0.07668763000451376,0.02787052691293489,0.003728440708728138,0.013592868511692955,0.04992155136498074
SAMPLE_03671,0.7058574520653285,0.2333662635024838,0.2700666564280545,0.6640900932233997,0.5722910156383971,0.0013141875509479126,0.09633144450520352,0.5560986124620555
SAMPLE_03672,0.623585138284205,0.1428821798376332,0.10017582137134168,0.05928235370701501,0.22605358676135268,0.001679673479443645,0.01804791587321641,0.35153275377663457
SAMPLE_03673,0.8458303473299738,0.09532162625958074,0.05613953178798634,0.6623413902232769,0.11882530285683154,0.0014910561073674879,0.023855470850691497,0.38615726267367145
SAMPLE_03674,0.9994306802837022,0.1467737900627747,0.07034158300200374,0.1181098961126876,0.11662662857250483,0.059080345599801035,0.03792686251443965,0.1121096934341075
SAMPLE_03675,0.9994384678972277,0.04930407449635177,0.05057928615208711,0.05896900882520534,0.05220191123509495,0.023717560290269467,0.021321654554198072,0.05653172204756014
SAMPLE_03676,0.9994378095524533,0.09527013030505943,0.10959658219686315,0.13263275538001496,0.11693605444483492,0.032406685447408115,0.07654935265264254,0.11637671209798786
SAMPLE_03677,0.9993105707260128,0.22928310938381125,0.2824665862811599,0.06438824294657629,0.21816984570207346,0.051630814989730295,0.13191280768304472,0.23452479874856338
SAMPLE_03678,0.9993929919206226,0.3362644131640674,0.1996179100850625,0.6671400430815492,0.34906367749986467,0.04283102064969494,0.06322729957234376,0.5132260084647714
SAMPLE_03679,0.6361466037661322,0.2876651078196829,0.4709110822479522,0.9581424663059904,0.5730487897276018,0.0004971948042579729,0.7626903427682638,0.8201955386983304
SAMPLE_03680,0.999379092818397,0.08774488088547494,0.12883820419928604,0.16032465977643012,0.07998355676630473,0.022863444613101122,0.0469461791957313,0.11690380139993953
SAMPLE_03681,0.9989133449379787,0.13811474954750663,0.1372603618922678,0.6680314303123681,0.18042373727443312,0.046776395894594744,0.045745248432533345,0.3952478744752071
SAMPLE_03682,0.6542685974025907,0.11905089377909216,0.09598639529258317,0.0924485341925618,0.2543585812201551,0.0027741685024763357,0.01843242211930637,0.3170667022841382
SAMPLE_03683,0.9993917295083965,0.26276678987527,0.06374415551817793,0.37195105606556655,0.126152104882371,0.016234994013981364,0.03044511538853234,0.12843145869109218
SAMPLE_03684,0.9994012346409205,0.044592348361347955,0.03172228953754917,0.01288423997272499,0.04929768859563707,0.015583963638988086,0.019941491397425726,0.03228643309493067
SAMPLE_03685,0.9994233710379452,0.31716190531044847,0.3070233933299573,0.6861757885486593,0.4215395553691522,0.09795319332949812,0.1825776457697392,0.500341965806411
SAMPLE_03686,0.9146272946083139,0.44196390676125574,0.22277006568793659,0.6647138740882425,0.6198419290412849,0.009146385310349545,0.051354619038444176,0.4771909182652939
SAMPLE_03687,0.9995122306823876,0.09601282585728876,0.12806981734594727,0.03606617440291057,0.14496388827640422,0.015044657176649084,0.038484700210104646,0.07371211531321512
SAMPLE_03688,0.9994379724008382,0.14929180217884597,0.09014874384726955,0.04516404060301184,0.15069754148851017,0.018326341992335633,0.048689275251744976,0.12851871770512252
SAMPLE_03689,0.9992951478647647,0.03547451872080308,0.06449544097896935,0.03453599633064257,0.07402685469421749,0.015396107075536701,0.037183585215779996,0.06851277151360147
SAMPLE_03690,0.9993868280398743,0.1087853549252451,0.10945853043906074,0.06263755173596548,0.12844231236034992,0.019403453230177115,0.026022899136238814,0.15531064429625518
SAMPLE_03691,0.5085074247573115,0.3515503566681197,0.30257676340015127,0.997718107253581,0.550114612140188,0.0010275052172786527,0.7492828663143449,0.8162656454453928
SAMPLE_03692,0.9994306017680026,0.11922661985625102,0.05499781123283112,0.1308881711557872,0.1099435316173821,0.014130712867010582,0.01828108033410322,0.13555763229601825
SAMPLE_03693,0.9938615139719552,0.6114538096496219,0.5168691137652528,0.7802274782752645,0.5976120053669074,0.26404309319153896,0.4100719553928308,0.5696430896812218
SAMPLE_03694,0.9993502990123195,0.06695100211324125,0.15968855642482643,0.046301180595379306,0.12492830194419705,0.023630763108186133,0.07665448915401904,0.11828260947307873
SAMPLE_03695,0.9994138806026289,0.06534114106306427,0.09134197166294183,0.0522686691278816,0.06494774318965534,0.006285985312554126,0.03992346751285812,0.05787846664230727
SAMPLE_03696,0.7910228350360233,0.20746048792320182,0.23431846733913547,0.6647249697569482,0.3320111919452112,0.0034373273593598136,0.049287990458641164,0.5661450196343688
SAMPLE_03697,0.6374743837600816,0.0646234569043841,0.14014941305298434,0.19187594719949813,0.16774894934605883,0.02106812945497387,0.0374913726943718,0.13786833692762424
SAMPLE_03698,0.5976464481659204,0.29288324152561296,0.2502651523018593,0.07751821798269119,0.41837875029793403,0.0016972520541224396,0.030816088841194706,0.43047831358602057
SAMPLE_03699,0.793643418072954,0.4403644592336903,0.07245400491709887,0.6557610844502052,0.13942143813615865,0.0012615373639747961,0.019873567960746942,0.3902243515733918
SAMPLE_03700,0.9995137256963066,0.02587518001800412,0.03165760957692314,0.02108434432461737,0.04552073597453264,0.00838904667474589,0.03803027419129944,0.07945852434654271
SAMPLE_03701,0.5929644249244482,0.34560599809641035,0.3143272398167215,0.6662503281056176,0.3634961291456349,0.008854949273041195,0.17750483526285923,0.45440424120085854
SAMPLE_03702,0.9993730936912549,0.28639350506078853,0.2931797981606752,0.14938865514418195,0.3229936195005987,0.10699353749390002,0.11544484340549957,0.1890222045471311
SAMPLE_03703,1.0000000000000002,0.9744627454340367,0.9736134646735097,0.9980335914835134,0.9856319654063928,1.0000000000000002,0.9339500433888928,0.9849260242400142
SAMPLE_03704,0.9994641543672979,0.21934603737598427,0.22430921179097532,0.056257140149640214,0.5024174822396413,0.05661661050737865,0.06273883896723316,0.5123056457995754
SAMPLE_03705,0.9579557115718786,0.607054769925129,0.4821678723005275,0.6642677741823206,0.6030762526675133,0.0039019640421293638,0.1976535493618704,0.6578883974547117
SAMPLE_03706,0.8043832744568092,0.3035702207532964,0.09978654556013895,0.6655243022607747,0.21346415260550222,0.0012024364343289839,0.08269534016958664,0.4259312154789708
SAMPLE_03707,0.999409320752165,0.05968478125357047,0.10592299540152206,0.05826384436531658,0.1051119501626741,0.010508535237009821,0.025593660884948907,0.07343269129534727
SAMPLE_03708,0.8153774979004391,0.10420658294027535,0.09757519134772268,0.3576982554231991,0.13979571527190113,0.0007127663222396023,0.6796815425954421,0.14268861070739744
SAMPLE_03709,0.9995142671132812,0.5570871641450618,0.09722103589685399,0.47764601159682796,0.20767291104226912,0.023573666632748676,0.02893720342403783,0.20151432394159868
SAMPLE_03710,0.9994129029486047,0.04419494320495128,0.06791621513467247,0.04286794078733449,0.09036920312601035,0.010448340777427505,0.031444372595394995,0.0752939146378186
SAMPLE_03711,0.8814598614756977,0.5336888126964399,0.3249131504100509,0.6638572590426137,0.6830290933859882,0.0012797974229457533,0.10252145324307123,0.6549167523090463
SAMPLE_03712,0.9987755642790375,0.16543557595970065,0.11240517164747596,0.663824532830412,0.08543596867846241,0.03728464771845469,0.03809628191270251,0.3434207301466642
SAMPLE_03713,0.9994988519047431,0.027762369761179958,0.07460383006376668,0.055994387763098105,0.052091670110664665,0.008475924415037073,0.03618147920376203,0.0763364290654608
SAMPLE_03714,0.9995408396907566,0.14612398988927375,0.35152870085191645,0.1305098592400191,0.09924007180882055,0.06883667748596645,0.13799005867407405,0.2341384753856345
SAMPLE_03715,0.999489190242168,0.23355734283461638,0.062106811206129625,0.21117249160685472,0.15776767749167123,0.0062419972328140935,0.02335880114628336,0.13839709085294377
SAMPLE_03716,0.8827540807753977,0.19993673627782774,0.2685883660692333,0.6649683952777312,0.4549592984298052,0.0013729454548704959,0.06892739891986069,0.6513904087553118
SAMPLE_03717,0.9994332660963788,0.012568276451591526,0.021665981509178894,0.02835026617565079,0.01745124501738738,0.004427448287129092,0.016527372645733108,0.022038946977842012
SAMPLE_03718,0.9994134355309123,0.027253959636187264,0.0640140779909722,0.0511717943686893,0.0530337121637592,0.00624418115561073,0.0381466880550687,0.059195245047226355
SAMPLE_03719,0.9990722112623073,0.3225468213758914,0.32372200369752807,0.6115180243455086,0.501311527858039,0.02997035948149361,0.06371658487377246,0.6149320561434548
SAMPLE_03720,0.9993487836704716,0.22226263832925186,0.1250865033153898,0.1000405757601955,0.20289880221131787,0.014090248510255646,0.14411147288031098,0.2169267222688427
SAMPLE_03721,0.37970381010520116,0.07299380053718245,0.07246164158970415,0.33918608543416034,0.10710763604048035,0.0007095284251752148,0.6727894669161579,0.0831484864790901
SAMPLE_03722,1.0000000000000002,0.8472324970220254,0.8050998057634033,0.9988006582730966,0.61123778739639,1.0000000000000002,0.9339478513465989,0.7017203141182415
SAMPLE_03723,0.20280205854120337,0.043899800625765546,0.050172404980932686,0.34058254654074166,0.06106377790649467,0.000630203910939132,0.6714700861617839,0.042413885372221675
SAMPLE_03724,0.8619928777608814,0.25726485446007974,0.261470564490015,0.9975808725073619,0.47237049377680485,0.0008715901675781797,0.7025955719609335,0.787392359879391
SAMPLE_03725,0.7805999517687348,0.1658173296585715,0.21157903326581806,0.663485287178214,0.38905458945090576,0.014162837220220565,0.03688897194007657,0.41306844362734085
SAMPLE_03726,0.9976997316725595,0.1518166574128853,0.37025453463273894,0.6651304070802193,0.28641756826081655,0.030105643994045722,0.1023654429019655,0.5142207986962155
SAMPLE_03727,0.9992327781841663,0.47903930484873525,0.18249468834655586,0.37417339422473905,0.3298150234386303,0.04589930068157157,0.038105498969810914,0.2527836135266922
SAMPLE_03728,0.8570848850399516,0.1655777610803133,0.16274910945695004,0.5193218315146623,0.2589861081729833,0.001377000380833696,0.04562694593254536,0.31688803326408443
SAMPLE_03729,0.9099584963981406,0.8304390351123445,0.8121037001590911,0.6655719971365273,0.8551571758733165,0.46607640006402096,0.23944556570330422,0.9511116468926968
SAMPLE_03730,0.9980855619521789,0.40107323087732516,0.2577242500110978,0.3885100875482384,0.543459499605936,0.007834169699325462,0.1321803709291117,0.4926036470341333
SAMPLE_03731,0.9994374773438293,0.09526163532553936,0.13397832532578793,0.21942368423029887,0.13742683519077298,0.01323564163386415,0.030191193891916653,0.14672361999615127
SAMPLE_03732,0.8320480603451472,0.2473144676657626,0.2888229315647587,0.6464523483325513,0.5963611934922226,0.0005791187832178868,0.7108797501370342,0.7377787951110646
SAMPLE_03733,0.4882212563369871,0.31633148670429356,0.207646932951304,0.34282358943730196,0.4130434192822331,0.0007533533942856619,0.6740064397944172,0.38010670291155235
SAMPLE_03734,0.999303071787199,0.3521878010814071,0.38062581774143245,0.6582062868575915,0.2757766996736262,0.02684403430223345,0.17731302944681362,0.40773608395275085
SAMPLE_03735,0.9521770309256712,0.502986926828106,0.4174180401087778,0.6414154705453802,0.7997374874345493,0.005587029523203807,0.05589437570477103,0.47488989798269254
SAMPLE_03736,0.9992742630809408,0.19299591507060931,0.10751467502245315,0.6594462292254402,0.1864665602127972,0.025586891063609812,0.09444464226236861,0.39719696356056955
SAMPLE_03737,1.0000000000000002,0.8184736566155595,0.8092500152907935,0.9988500419843886,0.5195380135279647,1.0000000000000002,0.9337443103190276,0.531829066725516
SAMPLE_03738,0.9994151706872025,0.02932568049331502,0.06046179380871175,0.014620836774206822,0.06437635875998447,0.007864060015538549,0.02869554555877665,0.04036071657867349
SAMPLE_03739,0.9994461183466218,0.055238799367465716,0.06724485916375049,0.12749784162216823,0.08123556301318406,0.030838132698592965,0.027092737686472204,0.1460995870542211
SAMPLE_03740,0.9987166377965577,0.33740778162023644,0.04133551599811831,0.2811616190895941,0.13534756065840212,0.013583738587381565,0.015985948853146192,0.11152508553467497
SAMPLE_03741,0.9992850545427423,0.02412643232019127,0.02959119689675624,0.03232627700941855,0.03262641578866247,0.0048944925072777635,0.015709667774681264,0.043888758311624435
SAMPLE_03742,0.9994059144182956,0.09452989032771222,0.08004498734764572,0.07818397654566153,0.10402767164287685,0.017784376704765327,0.023856594076747235,0.10714889805201207
SAMPLE_03743,0.5604646251876277,0.22870840418928376,0.28198394195747223,0.08934377695323731,0.40343900982840397,0.0014538927057765963,0.04625220268124914,0.2573717178097692
SAMPLE_03744,0.7171748284149599,0.35070927468137264,0.3091415581391429,0.6583774636171319,0.45079877091324083,0.002047030046165187,0.1139518088102789,0.6111311265307074
SAMPLE_03745,0.7068443661434776,0.12498496897899825,0.13136182138318075,0.8862021551285861,0.25558328227485505,0.00046092157441794115,0.6721509575669561,0.4127135104118445
SAMPLE_03746,0.9994892234164179,0.06721306826920778,0.12303471844874583,0.1919633655399387,0.10322919124107933,0.014481254667418668,0.047284224644637905,0.11249028525436602
SAMPLE_03747,0.9991685585260561,0.29387879866286243,0.2021578384991491,0.30012395120086566,0.3027133755552741,0.09210484518512668,0.15166156833976027,0.30011883360778274
SAMPLE_03748,0.40357753098276467,0.07575938963396614,0.11070581294688026,0.3708796515131452,0.07677426249967062,0.0011513654276420974,0.6882185966807732,0.11370856967801052
SAMPLE_03749,0.9993823374240134,0.052173245696363606,0.15910082393190447,0.12183330255982946,0.12336947509276466,0.0048438450000238865,0.059276207948009224,0.15061446446778848
SAMPLE_03750,0.8393782831949093,0.3960953524970941,0.3884484524485572,0.6418041317894179,0.5477735965160052,0.0047471015457237085,0.11667905560334228,0.726758462026269
SAMPLE_03751,0.5722165409972922,0.10330809674584614,0.13350772222524768,0.3416444724312144,0.34555081638937757,0.0005454827992014901,0.6826929619371869,0.3288911331597234
SAMPLE_03752,0.31984537645554323,0.062625091171235,0.07074424420443377,0.3416305417973973,0.08568257127709764,0.0007477459223974407,0.6772282577567987,0.09339042781594264
SAMPLE_03753,0.4252091479876521,0.03757151233869517,0.044666704764878405,0.497063344469729,0.05370130536120885,0.00066900900674083,0.6852656850371273,0.16945190227899404
SAMPLE_03754,0.05266248982867999,0.06087222502330729,0.04195293423568335,0.9905037807492261,0.055142773188095115,0.0005420265323558814,0.6699298148472952,0.34406963969247945
SAMPLE_03755,0.9989305133314518,0.2238259821285571,0.40473747747798583,0.5031387612943047,0.26629885099588363,0.24411261466777842,0.20038070865580485,0.2997429592157704
SAMPLE_03756,0.6843194059703578,0.21876969261299592,0.10554530358644296,0.6657962296381901,0.14050213839378525,0.001447432465241055,0.02605701457680566,0.4497447642347053
SAMPLE_03757,0.9994879005232142,0.04714076614549069,0.09575565667593357,0.13991125786710124,0.20722595646540842,0.007059997146679481,0.024650826844181215,0.08883365984789929
SAMPLE_03758,0.9991205836972179,0.2978458681988015,0.1525718883193084,0.6655504925980933,0.30743432700986684,0.00817660869967979,0.07073735482856479,0.45766257823295864
SAMPLE_03759,0.9995116114356544,0.24389402206647462,0.03448716151666645,0.2865632937530474,0.1419896227271998,0.006138853882527416,0.021202384349046095,0.20651984370982404
SAMPLE_03760,0.9811427136128662,0.5634368260641496,0.5379883802675808,0.6707738664845948,0.49062980978574355,0.0071452129199056766,0.1648265986000392,0.6576649361854906
SAMPLE_03761,0.9992929960177197,0.12271328579462912,0.07083325598882675,0.13831975575982014,0.17278210164199115,0.04142810740431109,0.030749721200029747,0.1837367518466401
SAMPLE_03762,0.7871957654172244,0.13747186064455974,0.0942005253131088,0.5731793698399847,0.229951961916123,0.0004947242076248896,0.6925782713116024,0.2753820916721072
SAMPLE_03763,0.9993572542779143,0.048005067608553345,0.05537411789593808,0.025886439134237195,0.14087113038590304,0.0038242209290971965,0.016492116969049456,0.03944217917220663
SAMPLE_03764,0.9993051604708807,0.2655346705835122,0.09424307463494602,0.6706283923400336,0.1120610511222347,0.029158214937316816,0.04278772324131951,0.3532467590370589
SAMPLE_03765,0.9994275618412258,0.06259773818405961,0.07219057217961809,0.07662517098010946,0.0700070978629373,0.017544763591734534,0.06339190752981981,0.14300706615791162
SAMPLE_03766,0.9994922578891539,0.28245373584048183,0.12110119323371937,0.09719252827647305,0.25855715578010097,0.016206983053707057,0.03587771718593968,0.11518171157776468
SAMPLE_03767,0.999483666885201,0.07763987407806922,0.07377834396692334,0.0357798015502836,0.06050953561826608,0.008036956440376303,0.05618664611323208,0.06142194847377083
SAMPLE_03768,0.4306354523049984,0.057235495908756304,0.03009399781505421,0.9970250690761753,0.04314844805359215,0.0006668504779967099,0.6724854181593486,0.33894338728062134
SAMPLE_03769,0.999358359108559,0.029134409170161274,0.05883149827349335,0.02438385242145179,0.04291841959834124,0.009237844124394712,0.03890596564452399,0.03727839077215941
SAMPLE_03770,0.29560470032857633,0.07941175300266556,0.046472304386535476,0.9975233069591919,0.10054080824151612,0.0006065563920959448,0.6716210811164426,0.3770692575445528
SAMPLE_03771,0.99938226741162,0.11056255213263323,0.15445387558688756,0.12225294991905124,0.1974047166847414,0.02340029677574909,0.07135026293708377,0.19575705492212
SAMPLE_03772,0.9994590435541291,0.10820764296841735,0.2605078781040839,0.21966274117793397,0.16744590472062224,0.037559027920318226,0.08977238889977063,0.22834296381864216
SAMPLE_03773,0.8116588377520918,0.2220443242840577,0.2590152412166186,0.6541579458050564,0.41413130597330344,0.0033612144742737743,0.06646329002447707,0.5276730612233832
SAMPLE_03774,0.8907215125339155,0.4345740143948551,0.8192269519163988,0.6598555995883668,0.5741287322330229,0.006678670990475315,0.18803629066991165,0.7828287001342353
SAMPLE_03775,0.9993647852592891,0.19604135144956109,0.16241678474681667,0.33285294838457813,0.13672805238976998,0.05142248505083495,0.07176627974405275,0.26629235109443566
SAMPLE_03776,0.999200699998325,0.08973965741976633,0.06853527904354403,0.06919755578471713,0.1728549276535401,0.005553774324687569,0.024992372708573074,0.08585113797268751
SAMPLE_03777,0.8475162552085813,0.08277291502312095,0.0404304813682896,0.6900556421698215,0.07003324888206382,0.0004906711204707067,0.6700733678519484,0.21451278927235726
SAMPLE_03778,0.9990797561432916,0.03187755885622014,0.03996523518029364,0.10593281836218642,0.040989247208930865,0.006151361721007888,0.026185173713088112,0.07477668074909496
SAMPLE_03779,0.9994725121210635,0.05913258835528805,0.07696703538012512,0.03420831145994707,0.17981375824458062,0.0099575197173157,0.025064793429400257,0.0775378940860955
SAMPLE_03780,0.9977689294837049,0.15824153650808448,0.3015026737830236,0.6699421029187188,0.28260901849189746,0.11023934363626717,0.09496274278847193,0.4455896072175664
SAMPLE_03781,0.7259221985226654,0.18775613614509346,0.23407573641353036,0.9956526736705441,0.49680547380812873,0.0005647987433695326,0.6991510573943536,0.7894921115169043
SAMPLE_03782,0.9313416030151457,0.35014865176158655,0.23727011648679858,0.6646591562664257,0.6739130774539974,0.003115848415771337,0.053882855163324334,0.6525597849491769
SAMPLE_03783,0.9994477101111567,0.06982676440347922,0.06447056023063133,0.06943381841270835,0.06851367710607041,0.04172479458235312,0.023423398340108578,0.061179609500236216
SAMPLE_03784,0.9994391171755062,0.08372660963765666,0.18992481282836052,0.2785314466797829,0.24013018313431736,0.018020642160430995,0.09221928302038339,0.19081193850742342
SAMPLE_03785,0.9994438962416726,0.3368656807559628,0.4445259371215742,0.6303579964955955,0.4255931339305317,0.008958349104660684,0.17433237117011033,0.4693777193085278
SAMPLE_03786,0.9604933609502468,0.45794937017984505,0.26322997191276065,0.6620712499620277,0.2866488562353785,0.001660816527581844,0.10444334608093975,0.5396545564010825
SAMPLE_03787,0.9554542313719969,0.44555811986575916,0.21231707742333933,0.6651280924700321,0.44156369716201227,0.0014435706746936845,0.08050223341373555,0.3635184942692889
SAMPLE_03788,0.999441419104546,0.22633360387262472,0.05704704369148546,0.07467469947300268,0.14764279304174655,0.013262708176427798,0.01899194063535648,0.11436363663181699
SAMPLE_03789,0.7603144765681966,0.21358642650182413,0.283812932335471,0.946954749495647,0.4611266459426563,0.019191221089477482,0.7634620788744381,0.49031535331710996
SAMPLE_03790,0.6710188937113047,0.3236656202054058,0.17717451639844306,0.6658649907737151,0.31575706493089084,0.0016834212361562153,0.09123266572017504,0.49893324342982137
SAMPLE_03791,0.9994115041072418,0.0635641313425223,0.08457620220255951,0.013711152275506877,0.0843433922758503,0.04359318101937918,0.037208308904777776,0.05387562557765495
SAMPLE_03792,0.9991745002010604,0.1929959586545662,0.10091542029136731,0.4228391040199063,0.1980920861349601,0.036542470536255485,0.018486868002687843,0.21375670072389075
SAMPLE_03793,0.9408200198982876,0.4144069347365057,0.3864898829665618,0.6685647886932564,0.49229489831737205,0.0038122253479093045,0.12630033639804578,0.8115479922592654
SAMPLE_03794,0.9364029295420015,0.3024205775903437,0.7108051694249609,0.751875043786038,0.6207942853285695,0.005169473927130078,0.8573345299965442,0.712501328484038
SAMPLE_03795,0.9458194222016394,0.4700670634257822,0.6515186133765982,0.9617585072802208,0.5471137290272676,0.1407202415384124,0.5809075986357702,0.7644618217192387
SAMPLE_03796,0.99939370837298,0.688898833304454,0.772475865315035,0.6225724576842913,0.6095781682721854,0.2566673100118403,0.25346424169384135,0.6427805920284871
SAMPLE_03797,0.6604979364411575,0.10747953946303986,0.08924027467052412,0.6679556908981372,0.3084290744971031,0.0020008076223049444,0.02014756453195596,0.498564350906483
SAMPLE_03798,0.998761430661834,0.08081229659152092,0.04705576753425592,0.02185399717551258,0.17284476510002256,0.005353535665816543,0.021014112340171295,0.06529738973569524
SAMPLE_03799,0.999334250286148,0.10980129943180479,0.025013960410291573,0.2849529687294921,0.08733975628188759,0.009829410087745863,0.020296935584869606,0.17582566014538015
SAMPLE_03800,0.6143401249961719,0.3625713536476992,0.19745366119970906,0.3480549936601201,0.5752007604256958,0.0035565933635331036,0.0254587588219157,0.42169815650815023
SAMPLE_03801,0.14486472465616834,0.09797109099489328,0.11324210681715344,0.34331719811146033,0.1850742192112082,0.0006418457887984358,0.6725596546845187,0.2070102701392104
SAMPLE_03802,0.307388529504439,0.18523493599795976,0.22778753479735284,0.3594601240851961,0.2778565301972154,0.0005615284197688739,0.6906483537159727,0.34195688106301864
SAMPLE_03803,0.9990437714816823,0.12168634439637484,0.12195623361558972,0.15131923009258066,0.3333012875450453,0.015403313674329563,0.02657681557401274,0.19816306849980578
SAMPLE_03804,0.8217943992344099,0.11257890118481388,0.08441688418746005,0.6656775526509972,0.20322301738363277,0.017715362191871826,0.0328426749091058,0.34512072219741363
SAMPLE_03805,0.6951269442725708,0.33353091799697404,0.27630675090037493,0.20147590345536362,0.5264666883758883,0.002198628333975511,0.03787969524935316,0.4966216716019836
SAMPLE_03806,0.979223229220421,0.27451131892120584,0.305380614162875,0.6668093844176352,0.3604246218119149,0.0029120684673623427,0.11274300317072926,0.5224706719828697
SAMPLE_03807,0.9995004828273352,0.08815593162815598,0.13193183491842841,0.038758100395496056,0.10851037157383318,0.02973256319283067,0.05120831386114192,0.0748908214885373
SAMPLE_03808,0.9022196731693102,0.41894542034844967,0.46395230070613497,0.5933117146236502,0.4543093204928937,0.001399134085920838,0.10009265765883311,0.639198673493938
SAMPLE_03809,0.9205057316588383,0.196638545031334,0.1832411052853125,0.6651425876848576,0.4060723572058474,0.0039301253140622055,0.051957037617206873,0.3906663331336069
SAMPLE_03810,0.9988878796985952,0.050264372917474556,0.03578192637403044,0.03172635621234182,0.07062840528860921,0.002620544437018177,0.018975820262477412,0.048680367429550654
SAMPLE_03811,0.7859523007073189,0.07892241883539161,0.10817011304243641,0.5109611012024687,0.09542615409150358,0.0005121532511117933,0.6715227919190732,0.1754334339688354
SAMPLE_03812,0.996029427079336,0.11847284129893804,0.19982288859320832,0.6638970556276353,0.19715814549681626,0.04271343237267071,0.05037503246096771,0.3667376457900291
SAMPLE_03813,0.2867401050765271,0.11765405387632008,0.14930563276774905,0.3530996482834724,0.16426611152240145,0.0007782305034613538,0.6959809422418572,0.17376230661121564
SAMPLE_03814,0.9993674018077512,0.14075485599432358,0.0805161786894525,0.25849988694374765,0.08830894486371563,0.010255244140356308,0.0544070375712812,0.1379861425673052
SAMPLE_03815,0.4516889120104738,0.08580671186390997,0.07702074324437627,0.35160019137141807,0.14914483499882045,0.0005542638770619814,0.6761685139935307,0.13706383383546403
SAMPLE_03816,0.9991341761844803,0.41127806375261683,0.42632663668722826,0.662639407289351,0.4149699475605422,0.04672351190334029,0.07006448128251046,0.4977445671016129
SAMPLE_03817,0.9994953082022301,0.755982851380917,0.6976305401213836,0.6104745116426886,0.6627192721143281,0.08735311854532928,0.20242416637452224,0.7433341539504235
SAMPLE_03818,0.9992564848536902,0.05465619181127489,0.14900618163846108,0.15380052741415812,0.05741208769612139,0.007951977310433215,0.05144235782322866,0.10066204722197335
SAMPLE_03819,0.9993331642395482,0.20697639915908111,0.17330637391305362,0.624732904205128,0.275507592161228,0.009612996343781436,0.07963429624507869,0.35735336316877897
SAMPLE_03820,0.9994201523204853,0.11325425263852215,0.09477327843854563,0.19782766040227287,0.12539606673150222,0.03055019291567695,0.09008163889768582,0.16822542110135896
SAMPLE_03821,0.4254559670421737,0.14854949970270334,0.10945208174111053,0.3929563050543192,0.3066134889714071,0.0006332137567913391,0.6991580366323118,0.32588240309310823
SAMPLE_03822,0.9994245625325525,0.03299714557793164,0.025708567816231778,0.07796920569186508,0.04689960103038756,0.0026901743651070362,0.02714391212603822,0.060678204950918094
SAMPLE_03823,0.9995074027530475,0.4067250939142605,0.04282056413104633,0.21220829833129917,0.18291163348151926,0.007480672939681923,0.015512549437292612,0.10312560735494902
SAMPLE_03824,0.9994214724032977,0.46478915030296575,0.665415917379447,0.4381721288008843,0.5822159319727988,0.12595907201033762,0.21120249250265652,0.5819421567482504
SAMPLE_03825,0.999433768815922,0.05599105415471603,0.04614695678808701,0.011285482628661712,0.04649680497147969,0.008570158036566645,0.028222415907120695,0.03801091002515011
SAMPLE_03826,0.7572706726019288,0.09859765733385789,0.11365561376141009,0.675714040768126,0.17997801889735607,0.005768423459291102,0.05718628306797771,0.4785359254846269
SAMPLE_03827,0.4602510784480895,0.08341230780540299,0.08270750845870078,0.6559273269364918,0.18223707184682206,0.002211213750597317,0.04440925853439142,0.3850300797301047
SAMPLE_03828,0.9994982239805743,0.08334607024203229,0.21696893005595452,0.17584364782868672,0.20463614397264107,0.015415107219154296,0.0656983188221935,0.11621118124806788
SAMPLE_03829,0.9994983199976276,0.07725361195736166,0.106770784345862,0.04166825229529389,0.14484674117058652,0.012883048158218878,0.059406351292716035,0.08266352707510934
SAMPLE_03830,0.8324253603348535,0.31765807184779926,0.07553245521853906,0.3159551403472558,0.20851930922084172,0.0014783704596966264,0.029087181289902963,0.22164704387145812
SAMPLE_03831,0.9994648001945219,0.056229992264817244,0.09845949739153632,0.013577487505279904,0.09627672281467542,0.019313041226920843,0.04115571580993772,0.06348910078671807
SAMPLE_03832,0.9986945879759441,0.024569523956276096,0.026991419774160405,0.02245132763580208,0.05531838342100384,0.003894918126744859,0.014384326615612491,0.029471155524247734
SAMPLE_03833,0.19376648098192562,0.10269170689990768,0.10258349689925354,0.9404537258420609,0.1504312910072793,0.0006951553568467395,0.6732621164600897,0.36572064082509137
SAMPLE_03834,0.9990819583909447,0.25314892187551186,0.20122849367458764,0.4372856897800081,0.19378312090642696,0.10769249323000477,0.06538111081095518,0.2817016288223645
SAMPLE_03835,0.3555946680900124,0.06188671531531278,0.05309855724786086,0.9867428789584107,0.09307923796847584,0.0005091565526952281,0.6713241301338508,0.3574191294581041
SAMPLE_03836,0.8947058510690458,0.1187189834697796,0.07829672215828692,0.6652294077827245,0.19998573760306387,0.001610881846538982,0.03916240463468397,0.4231131525621373
SAMPLE_03837,0.9994415383411125,0.03961228177376659,0.05335071803095354,0.050153863134049396,0.05664767011438257,0.005971901705832393,0.025250442403426856,0.038486820420289926
SAMPLE_03838,0.9993815032191137,0.17645787365065227,0.09092187124835602,0.6620281212669177,0.15678939505745307,0.01804277562890992,0.03284240533116804,0.36234755087167014
SAMPLE_03839,0.9151504697065007,0.685496922411335,0.5502617805121155,0.6641605837207871,0.6231982133070473,0.0033974158703655973,0.1751280043623065,0.7847719317740312
SAMPLE_03840,0.21957059802180495,0.09086421386782384,0.0659472488658152,0.34134897955349014,0.18718700093424737,0.0005688863632748185,0.6786004005132655,0.20151414396770684
SAMPLE_03841,0.9995044926728026,0.16870671378998625,0.18901637502341867,0.1528447794281612,0.1242629357705152,0.02969344274982164,0.11282223544214308,0.16082624540475327
SAMPLE_03842,0.17630305544593422,0.06041354742210615,0.06838537823810853,0.33864622097196245,0.044325476705200005,0.0006944498435860428,0.6740313366245176,0.051811582659957986
SAMPLE_03843,0.9365531102313887,0.4495129724813973,0.17809297857158557,0.6631915179459347,0.4642432181834125,0.0018949816362178967,0.08659557648276608,0.5857126558439716
SAMPLE_03844,0.9993867266256861,0.18600929829243296,0.06317248615187256,0.4968798275853574,0.11885616138477637,0.00435493211889264,0.027972607748933495,0.18450039781067734
SAMPLE_03845,0.8789159292963162,0.5722381014243663,0.29141905176612404,0.6658622074457986,0.698130167817107,0.0015539706641404416,0.062138470128235083,0.6672920785644505
SAMPLE_03846,0.9994626592706526,0.053857572902629075,0.07502100977125478,0.03460564266872487,0.10007523820855183,0.007588402270071381,0.05325530592618737,0.06264205880010472
SAMPLE_03847,0.7250861783025191,0.5164022517039633,0.23669717303335183,0.9987207066384728,0.3989428013388393,0.0005903317939813061,0.6860605186953838,0.6260457992972543
SAMPLE_03848,0.9994854479576991,0.05865506257247527,0.11571703637626349,0.11528601080802596,0.10750494953834545,0.008092615283332723,0.027023398371090083,0.07606639007011619
SAMPLE_03849,0.3121298742220527,0.22349902826085155,0.22957485796177224,0.5164197494138171,0.44659093021512364,0.0012621033216381747,0.02760478188892059,0.6603123897123455
SAMPLE_03850,0.7900715292269067,0.16654333230347748,0.21354762806636265,0.43339685256397814,0.39621215681771027,0.0007245707036926862,0.7210131875340917,0.4253327647268962
SAMPLE_03851,0.9991920355969575,0.14508410819385503,0.12615021760894865,0.26675897042592184,0.21013618565528996,0.0076027210941923195,0.051473464423994995,0.16680756054098236
SAMPLE_03852,0.9993881774974647,0.11658209561167207,0.11592245109389988,0.07137406380035177,0.1165209033087532,0.012954764042547211,0.03945260112058693,0.1066157306386058
SAMPLE_03853,0.9091228692373393,0.5524836576588725,0.5436412400537228,0.0833426176963064,0.7159528523742036,0.005004120060476737,0.1514202636244485,0.6138460006607942
SAMPLE_03854,0.8993218106933838,0.3120344458586277,0.197702083348937,0.6647377325074731,0.6430018824430859,0.009469184917016205,0.03212850154663495,0.5911151241679526
SAMPLE_03855,0.1485127956480485,0.03651741205819514,0.05855181628503589,0.35050874822846934,0.050602954097847284,0.0006113875902155398,0.6867439618319925,0.07035190633334161
SAMPLE_03856,0.9994460178188789,0.07765535541208765,0.05831396845629834,0.07038198084820951,0.06981119134082117,0.011330472857597435,0.033669671450723575,0.1011604937402664
SAMPLE_03857,0.9993506544722378,0.11107879841305468,0.18350491456598655,0.2817223349642868,0.13445013954113705,0.004798554848125102,0.0598598240072163,0.15792399163138332
SAMPLE_03858,0.8366049378140847,0.19190075263028694,0.18078415771027967,0.6641614382018726,0.21829074579776303,0.006974536200701577,0.04077038789562154,0.5159519793069633
SAMPLE_03859,0.19054021036718016,0.07822482596055856,0.10776329564222474,0.510223312746472,0.12528974640277557,0.0008992510635746831,0.6762042567052065,0.25084543166834633
SAMPLE_03860,0.24350651256872785,0.1329970158714753,0.10872953717321693,0.37834862902693694,0.0873854024621388,0.0006938566863129136,0.674828284381241,0.15335094769832125
SAMPLE_03861,0.999436095612116,0.030769738498275703,0.09194098936341302,0.04152261989988927,0.08260869337340465,0.004465515485415684,0.05703912879553434,0.10415342205488883
SAMPLE_03862,0.9995089185758428,0.30008805524436105,0.4596969726225288,0.10658979645205177,0.5112188878307666,0.009330605955906849,0.13421954887887885,0.402671595544751
SAMPLE_03863,0.999470572144451,0.05729966536994513,0.13057998875421242,0.0969912196372666,0.07702092687962173,0.010765560575302492,0.024628370498199416,0.15529545110829734
SAMPLE_03864,0.784410001581107,0.19284297450426877,0.228048912691984,0.5780154602353738,0.41829901931301766,0.0006072883626696939,0.6866206977449133,0.5055487125787894
SAMPLE_03865,0.9968571462034184,0.061357014553361046,0.04131941295900527,0.10328159601155437,0.06152249560604538,0.006575435679327499,0.02279428491600716,0.13602928147943533
SAMPLE_03866,0.3205297559518613,0.13286629877222927,0.13925520957955895,0.9910491503538889,0.22078874472375032,0.0006183882581005813,0.6777184982056828,0.4611620746391955
SAMPLE_03867,0.9387175821464797,0.34512431873853777,0.18320256402860058,0.6651966226792224,0.24918656258733818,0.001563010799811653,0.13919905562492607,0.44651134259407843
SAMPLE_03868,0.3828813332465356,0.12369674183820181,0.14372680007591093,0.5047509213584022,0.4424062948166397,0.000607794333756762,0.6895521963567388,0.41852569333383716
SAMPLE_03869,0.9991980751873306,0.15758884625077602,0.22279696648059488,0.131317649171601,0.2487897132623807,0.02880839317935354,0.11983299021565759,0.21778896852972396
SAMPLE_03870,0.5642927307003152,0.25150375591487645,0.2336737824195881,0.772398422460516,0.5051788124625721,0.0006568284224706841,0.694171872915,0.562559108909945
SAMPLE_03871,0.9992639528736431,0.04925618833961113,0.03338881213293859,0.07296246563226579,0.04962905359145185,0.0042267703359904355,0.018244053609278017,0.05588613863678291
SAMPLE_03872,0.9993807197480312,0.4009635267384691,0.3023970230475236,0.6571984937791382,0.4189552876395222,0.15900227255041827,0.08687131356646896,0.5220398643677191
SAMPLE_03873,0.5457988000762937,0.26399666445601055,0.14567419911652021,0.5986940615885362,0.4731480711626665,0.001933951623855446,0.07372774471620454,0.6156995266887383
SAMPLE_03874,0.9995042718702789,0.03889725905711638,0.11992561456818351,0.08775431092192107,0.10616630957780993,0.006737270396990197,0.08930630841910653,0.15604059815520485
SAMPLE_03875,0.9990117730823775,0.6968321817389804,0.7308497666312057,0.6698767437949227,0.5729276789523681,0.04950389396972175,0.2786885939388085,0.6727248400795732
SAMPLE_03876,0.9994278351484249,0.045929426904637964,0.03755447089703591,0.1897167011671975,0.054713812911936104,0.014848143593721375,0.0184625348953041,0.09889245275524924
SAMPLE_03877,0.9994020159282164,0.045965517777996734,0.058986075711515304,0.05144732807888853,0.09547312622264845,0.010199272662879458,0.022762720929435116,0.08206429303762561
SAMPLE_03878,0.7701067575853431,0.2082471813202406,0.1912953855435227,0.6661876606126942,0.36792491331615657,0.0029762012127920717,0.026346228980080533,0.41139691267391
SAMPLE_03879,0.3817684083303591,0.050857955928502674,0.057310148416898535,0.9886836789724447,0.044136245182693226,0.0007841302887714082,0.6737333665368055,0.3356665860760047
SAMPLE_03880,0.8421391991011999,0.6209423807934695,0.3718917246807621,0.6264442836795868,0.8035770797271571,0.010352966678895544,0.09301667798708112,0.8884161215371233
SAMPLE_03881,0.8813237153594558,0.21182256403311545,0.2626348857748412,0.6496370640407507,0.3462765458509365,0.005866035045250841,0.10480290791844334,0.5234994689226911
SAMPLE_03882,0.9461612452863645,0.32620907466967664,0.5471418134802206,0.6153326175463947,0.5952674472176811,0.001660936277642085,0.20340836072520882,0.7818133583344569
SAMPLE_03883,0.9995227850370938,0.1379931485463416,0.05715051817604448,0.219473878347697,0.18145249695544047,0.008130966752001612,0.03226869719144459,0.14931183986603888
SAMPLE_03884,1.0000000000000002,0.818542298445526,0.8149190165264252,0.9987627088704507,0.6461237890999859,1.0000000000000002,0.9339776211796174,0.6888097231985039
SAMPLE_03885,0.7913714050529617,0.156695948896707,0.07620700491480827,0.6661767252527424,0.19191019037742446,0.0035267761199444204,0.020684370952060133,0.4212869019484075
SAMPLE_03886,0.9979626264895408,0.10587008117795517,0.09348774634942948,0.0883552845909758,0.12994496068046857,0.015784880088513857,0.03634461881958863,0.12344918093538193
SAMPLE_03887,0.7117771958390913,0.2068168215395974,0.053866143917856525,0.6612923135884742,0.15453397347811884,0.001348805993328648,0.02411998040812868,0.3953436059974114
SAMPLE_03888,0.9993218715426475,0.10318361404332012,0.05652200519923328,0.3698608430453927,0.09676731434555046,0.014867662440201771,0.02513945160790705,0.22360286522484163
SAMPLE_03889,1.0000000000000002,0.8876987302963437,0.8591837829208231,0.9988913770116878,0.8425504123573289,1.0000000000000002,0.9339619576779925,0.8941078239454325
SAMPLE_03890,0.9993250740498818,0.3285192083526327,0.3363307404710266,0.25947296894330935,0.5483132892899072,0.04573142588575854,0.1980772446952284,0.5459904708854493
SAMPLE_03891,0.7167212359680241,0.2286400859637518,0.20251734525074028,0.6626487406817791,0.22224439812300925,0.001769153243240659,0.11732621453773383,0.4735948430877871
SAMPLE_03892,0.9992858569080882,0.12375067564208042,0.14995712355780588,0.10575549277385986,0.2506445315331457,0.017011023484873815,0.04158240323895186,0.25434114018528653
SAMPLE_03893,0.2686204357583712,0.141482825985362,0.162104541861376,0.8457532059229649,0.21185169999725,0.0008887560178013809,0.7731435318837383,0.3918461070904166
SAMPLE_03894,0.08996260795755129,0.049023327642456926,0.05937899218276077,0.3388579416174705,0.07824657149810933,0.0009608620412231975,0.6845546632386106,0.10326245264685815
SAMPLE_03895,0.6656800884507564,0.09999210971860839,0.12361689882907784,0.6642526175458492,0.2757287142113337,0.001806873536978741,0.033980546407005575,0.43949563176629486
SAMPLE_03896,0.7390694811153159,0.10822336436193843,0.13768244975365335,0.6358452867074147,0.2727109270394883,0.014209495181097136,0.03614776744062229,0.6001443770124757
SAMPLE_03897,0.9991824010708852,0.18301063647773647,0.17803482568036075,0.5996848339608012,0.39124098555412473,0.05347241845806336,0.08186786636392507,0.4373092244768543
SAMPLE_03898,0.8992224034144229,0.7866011938903603,0.6880888828803284,0.6661515828422998,0.9171007350914453,0.042772868072109,0.1804148999551386,0.7476529533101028
SAMPLE_03899,0.9994521002436203,0.05654216348467,0.04741509203749053,0.026337730595669337,0.05508817787663337,0.030832435243465454,0.026517258323180158,0.04113195349950525
SAMPLE_03900,0.6505899643385227,0.5090853696974363,0.27827731788448534,0.9986655758409544,0.6111282472005058,0.0005149656949831095,0.7451616497437104,0.8533490003310713
SAMPLE_03901,0.9994096180557192,0.07456852729342575,0.061660204589055204,0.04665877114863501,0.06835739198277786,0.006960448530393433,0.04517432764814395,0.09541400002711264
SAMPLE_03902,0.8120669992217853,0.6252430033208677,0.47918930541122245,0.6656212812774926,0.7756844517810766,0.06448086139646833,0.16664897967651773,0.886247542711687
SAMPLE_03903,0.2364826910119275,0.17298456577904983,0.33678372813795104,0.49713047710374536,0.3377710672743022,0.0008704900929940961,0.7439143325242287,0.44057603258542405
SAMPLE_03904,0.8110243301793664,0.4730871799714571,0.17762873447562158,0.6551259016669431,0.2704062301237591,0.0013042994245028243,0.03223877370177299,0.43597855261307666
SAMPLE_03905,0.9992540108923487,0.12275180397580912,0.11746181635254362,0.2041029988414362,0.2841094113802721,0.050647692184685615,0.0299394212614145,0.4388202637686788
SAMPLE_03906,0.7867328971697234,0.12191899401994177,0.21178843934061498,0.9641779172413071,0.19255058005730152,0.11004819453691986,0.7241970809518141,0.3596888775814383
SAMPLE_03907,0.9993531405255857,0.1631085742474041,0.23125274933610002,0.04893143179752692,0.2604153033458929,0.020400146798102908,0.05872743782374088,0.183843036938862
SAMPLE_03908,0.43585854560561627,0.08851606862519552,0.0704674391757035,0.3537624112761555,0.05185647999955821,0.0007447849764892593,0.6871663548740266,0.08069369054437457
SAMPLE_03909,0.7743338783464215,0.07888110624601746,0.0614049535610054,0.6650524157205209,0.1400346261913159,0.0013278176195399985,0.026566259541436706,0.38234554780144725
SAMPLE_03910,0.9990982076577395,0.07120096950753833,0.07204168117725633,0.042645789786287136,0.1294692523608844,0.0031933735453729627,0.021968205883186837,0.09598391896125053
SAMPLE_03911,0.9993372209740387,0.48861239017808655,0.22232295247258896,0.662265823211232,0.40493321772610985,0.23505514090580854,0.050963137188456874,0.5788355813215921
SAMPLE_03912,0.9976663270103842,0.3041345518409172,0.5761475813611652,0.6737428027219932,0.3713751892830853,0.020436457919725537,0.17132888705449156,0.7013033400171785
SAMPLE_03913,0.9994223010476455,0.10578490364129137,0.04274292008607268,0.14300422941822538,0.18496647402835395,0.006349995061199199,0.01802714616981817,0.08814174648929063
SAMPLE_03914,0.6400807097609111,0.1409399048596077,0.18615026885784958,0.703717980176999,0.2870319993891406,0.002893445237669362,0.7184728416234312,0.43168179550508085
SAMPLE_03915,1.0000000000000002,0.9165433186593039,0.9343935905726519,0.9974168132790782,0.9071150285631517,1.0000000000000002,0.933770820203363,0.8713266813329286
SAMPLE_03916,1.0000000000000002,0.8168553282351336,0.8221820939912582,0.9927162102549136,0.6543179706535389,1.0000000000000002,0.9325437128055252,0.627297523326957
SAMPLE_03917,0.9992016891660995,0.3112595349505441,0.2201196321975544,0.6444227292224434,0.3493928229248854,0.031074838948166296,0.11564433452356007,0.5348290302670522
SAMPLE_03918,0.889109599907437,0.07954396345562464,0.04970336638157387,0.6625860491120231,0.05954309160404323,0.0016146276457572424,0.03653105118784976,0.34270186768927263
SAMPLE_03919,0.9992239863222675,0.3922316795503296,0.42893463514757024,0.6662625948703849,0.42436806474222066,0.02047349101921062,0.14360033365959285,0.48128792374587914
SAMPLE_03920,0.7792166472384323,0.3557657186086823,0.18251075868385988,0.6596827088636078,0.16684607185211786,0.0051122751042761445,0.05955418509092486,0.3960433750731316
SAMPLE_03921,0.4185309321804469,0.2550210568518874,0.0916880490921332,0.9980071073112291,0.17015455355369996,0.0004894117252062691,0.6703087526386085,0.3764492203982045
SAMPLE_03922,0.999428800168634,0.0887180206042617,0.11336124776126626,0.3493250199329091,0.22120404310896652,0.007049026329842464,0.04256420503374508,0.17363629091035157
SAMPLE_03923,0.9994498500139104,0.427510532965985,0.4126879518991844,0.3808403880449265,0.4825651645956075,0.1490506939138085,0.21890006220018562,0.507831249288142
SAMPLE_03924,0.7103922134796085,0.18559822702751252,0.19054740829873495,0.4521638801178468,0.23898424434463172,0.0006325302976596661,0.7760887004872596,0.2898552573979344
SAMPLE_03925,0.9981757816546803,0.14745749272086567,0.18785690773947072,0.6835798126952449,0.1422131457783163,0.026633897667429383,0.07466460912556003,0.39708276812917587
SAMPLE_03926,0.9336565253687445,0.2609910403617727,0.3683589683026069,0.677353689065171,0.5504219475960184,0.000511442897359229,0.7606705662819215,0.6960151595180909
SAMPLE_03927,0.9995133521186117,0.09558907360755274,0.13058117805602434,0.019486428166834296,0.10262468433523729,0.011389603055249836,0.06895517153740933,0.08627460423361374
SAMPLE_03928,0.9993514554848419,0.05310497779992403,0.02492689477026192,0.09197292640450207,0.07839627111119346,0.008475957878387324,0.019798335621752025,0.1007073493317899
SAMPLE_03929,0.9994476731318458,0.0728284374700046,0.10104533607565044,0.2578200243151536,0.0824585763664985,0.013134079589521097,0.036812876450306745,0.1604951002289144
SAMPLE_03930,0.9993959283379241,0.032081459304604425,0.03459016489832627,0.021710474928530676,0.03852638629323686,0.004808357816844249,0.0186846642941244,0.03745914881171043
SAMPLE_03931,0.855413018640182,0.18312290360238476,0.07478247754665694,0.6665366778611352,0.153204813965421,0.0025214683303276006,0.0275370794944708,0.341765910609441
SAMPLE_03932,0.09565444527933337,0.0403152212394217,0.04942972982091042,0.3499194570603741,0.055474054784917626,0.000658644238580089,0.6724755852762747,0.07212517391817289
SAMPLE_03933,0.8613032451143283,0.27276025081464716,0.3130060090877377,0.6648543591107519,0.6766144820526185,0.004878834462351085,0.06602679990960604,0.6636149760599017
SAMPLE_03934,0.7520324861157959,0.1921106464510822,0.11549424608848963,0.6542844002736659,0.26208125392676634,0.0014603535088900468,0.029309090130802015,0.5075066916500629
SAMPLE_03935,0.9988900988584525,0.3140483625615954,0.2322130744485799,0.6324161281073737,0.1825141331177686,0.04866603150294803,0.08399700944832539,0.48900966276882835
SAMPLE_03936,0.873705888726983,0.43026097687000864,0.2892387892170284,0.645494055463482,0.3211639542676694,0.0020847414010368246,0.15342424012969758,0.5109821090734625
SAMPLE_03937,0.9994616309431199,0.09506327880433954,0.13731731962785426,0.06515645968217545,0.18561308227820983,0.019039897331805535,0.0823083455518326,0.14063151864034795
SAMPLE_03938,0.9990333105585063,0.45742809431152537,0.2888291167243033,0.6645261879095166,0.4446320627289535,0.04685998919352631,0.10694197809756953,0.44387991183057507
SAMPLE_03939,0.961919012212439,0.35987119947845797,0.7379442481552752,0.6647935535427835,0.6434583733254478,0.00272650806254195,0.27274243954647337,0.7175988951791259
SAMPLE_03940,0.8954897175886705,0.20333011972476012,0.20790529016187362,0.6641207191002674,0.4442728388858972,0.0022325745704121916,0.04452139523154987,0.5657882870807045
SAMPLE_03941,0.9994637809619682,0.34203254055142507,0.06676925939699091,0.11777741721037291,0.19443307859685396,0.015136860610478609,0.02610575552578797,0.12852296409430197
SAMPLE_03942,0.9995019508375702,0.09447908922092747,0.0792812823768774,0.053281932967544174,0.08504741002720047,0.009609336374582726,0.04079032666176429,0.06288733896036774
SAMPLE_03943,0.9993550072519974,0.05328969503271386,0.04571391486407814,0.020971264887073286,0.059790936704100614,0.004151413298050767,0.04053204232523538,0.056089278786738014
SAMPLE_03944,0.9986865549593051,0.120374447617692,0.033550695325976126,0.04351000634620632,0.07282335228882234,0.004161893238617068,0.014316632086023387,0.035494706611089374
SAMPLE_03945,0.9992697936697816,0.17995146003420262,0.09226103857230647,0.665070607199547,0.12218880457960143,0.03425954691349538,0.05760896661480719,0.34213552744490205
SAMPLE_03946,0.8645166421740502,0.44240272226657773,0.2050193191610723,0.665387524292057,0.5210477781982352,0.0016281393183695623,0.038161823056719855,0.5809413472028053
SAMPLE_03947,0.9990128499717397,0.10040888060692289,0.08656523295735279,0.07435979187126655,0.09992178855243855,0.06503108200323936,0.051502892902450394,0.16170450571040332
SAMPLE_03948,0.37156654335298916,0.05630556678875733,0.06025071002311463,0.7159437458085516,0.062280687082681196,0.0006259372001374697,0.6788621981832951,0.1753631776455919
SAMPLE_03949,0.9075781721502739,0.39551419356079326,0.21240230397697865,0.6632575786195961,0.6373236968761196,0.0033194666352160717,0.06250565063406435,0.6336753854246311
SAMPLE_03950,0.9993525807974675,0.10622076902838708,0.11420158665395637,0.6651069489609975,0.2714302304270122,0.014371985412578354,0.024466578486141394,0.3927145352522173
SAMPLE_03951,0.561679487751543,0.12404060060013929,0.1375227850002268,0.36632763183657424,0.25517548908997856,0.0019503464255824022,0.03571265986369513,0.38641527312865137
SAMPLE_03952,1.0000000000000002,0.8059290242398875,0.8067731226385007,0.9987653466060507,0.7814834134776715,1.0000000000000002,0.933799098876959,0.6867248560729193
SAMPLE_03953,0.9759159201411332,0.564712114385002,0.15644561912924176,0.6653043587303387,0.3625919187598486,0.004809903395146844,0.03608456319504026,0.4108066825658642
SAMPLE_03954,0.9993878539934723,0.3093821295363682,0.32003129848421674,0.6645064296698369,0.45520887794368925,0.015861483187107294,0.07598866399872482,0.670509282102334
SAMPLE_03955,0.7471962716983871,0.24799887394226025,0.21414455911539299,0.4907856049996787,0.3261809179049584,0.001762110297013776,0.03895546213275833,0.572933179530922
SAMPLE_03956,0.432141474153071,0.2084924469159447,0.2016284919268963,0.3761923680998033,0.37046157465738627,0.0005606346024471118,0.6842045599147187,0.4064406740342938
SAMPLE_03957,0.9993541993522979,0.030072283657785023,0.05982463041121705,0.016533367344280778,0.033320003888438296,0.007868860375201726,0.03378464323074306,0.060648676350706816
SAMPLE_03958,0.17601743960536645,0.16371795087332897,0.1885587296474187,0.3434190792965899,0.29020639676829596,0.0006946764506654479,0.6822153163131185,0.28221812393102774
SAMPLE_03959,0.43191445791450234,0.06737440686578879,0.1489604549578705,0.6591727788724167,0.14007571169791838,0.010023666572582872,0.029557321612580525,0.3758972548980247
SAMPLE_03960,0.9994181785126542,0.23841490212875968,0.046337107576906206,0.05682206602744177,0.12200092217183936,0.007669093589880669,0.015727717411573267,0.0747642502874356
SAMPLE_03961,0.9992058282613643,0.16081505631536752,0.18201491671332343,0.1083729819398779,0.3090414168723358,0.04216589541887726,0.050857761347423536,0.29839452969804425
SAMPLE_03962,0.8202693533680557,0.2680809549474371,0.19436003756708586,0.666099108079338,0.3077221518826018,0.0012457947311677162,0.10710035154015396,0.5429210721050647
SAMPLE_03963,0.8408438899373898,0.38496602988286727,0.24355229453760963,0.6386406864176457,0.43803160883423276,0.022317414230325603,0.08498387920176706,0.7232752518708093
SAMPLE_03964,0.17175932248247133,0.14048441804263026,0.2186026517326763,0.3998972022685999,0.40073495321399066,0.000696564451222919,0.6942434470497555,0.4808375334634209
SAMPLE_03965,0.9993236669802184,0.03358855687638922,0.0408769736822976,0.011707117154834655,0.04113572656434214,0.009192815214389255,0.019804764058872246,0.022829081556923897
SAMPLE_03966,0.11299841267039805,0.07021151436420064,0.10025788367528694,0.4004708740066085,0.18796558824291193,0.002930841281884361,0.6817967780413061,0.2562467090387078
SAMPLE_03967,0.7988466116169876,0.5653712558460927,0.20660407995608052,0.6638095985689667,0.4351552662120758,0.0019178421817905703,0.0745768035794021,0.5433973703610446
SAMPLE_03968,0.9638569295111443,0.6350597185231764,0.3342010854355373,0.6647528259349309,0.6599758087799968,0.011705674268669301,0.0515634169018614,0.6287258873514707
SAMPLE_03969,0.6927849466926228,0.060044256655187915,0.05201535681318822,0.41298632934771706,0.1720340816043883,0.0006261489845042082,0.6712330003737219,0.10744181612264055
SAMPLE_03970,0.6162912861158139,0.5027082290728575,0.5804130827473201,0.6646221683129636,0.5839620333133938,0.04885506679475313,0.19629686951445133,0.7531841727697322
SAMPLE_03971,0.9993892010607649,0.011333016216359269,0.01742299626410472,0.026083284678091043,0.01688801844436473,0.0036329224490094297,0.022124883098739057,0.030802547381713927
SAMPLE_03972,0.9993976090505869,0.1450802312216247,0.13471867516509659,0.15270436287314731,0.1852523285404758,0.021115441201638933,0.05943418603546596,0.20911096400832796
SAMPLE_03973,0.30576071569012275,0.16111510803265022,0.15359234880917785,0.3734048012664007,0.3048250117219936,0.000744715831831346,0.6765662479543935,0.32047612287737237
SAMPLE_03974,0.9991191852221118,0.14254707952675452,0.13401706799707128,0.10046012039578334,0.15420089797877265,0.021829792324116117,0.026177349382998604,0.14072115788269252
SAMPLE_03975,0.6845509614511252,0.09435254860100266,0.18305340862019062,0.9925914110826618,0.27142861935388374,0.0006688191218113435,0.7335360516892245,0.5955210342974926
SAMPLE_03976,0.17612688941960175,0.06813222059837548,0.06867082741425369,0.9964509601029048,0.07881290123329479,0.0007517485158545464,0.6708553243543469,0.4191207893079885
SAMPLE_03977,0.9988482663776981,0.28063333624551406,0.08454334797493426,0.6657558584274674,0.15740399171069427,0.018162514619208384,0.06859065991362796,0.34242375786304
SAMPLE_03978,0.9993486134779297,0.24467849829170657,0.22379254363282747,0.661211026880437,0.29971139481129216,0.014223920358734925,0.08568465953464721,0.35097036283951955
SAMPLE_03979,0.9410167949536511,0.24302498106453924,0.08961976061491171,0.63875968991375,0.19685550040675287,0.001679792497258739,0.0355111448780963,0.34648589059306945
SAMPLE_03980,0.9994344008126785,0.1511932829186734,0.045560790654283874,0.13031126816298705,0.13380341741716983,0.009584914031446921,0.022877771917062317,0.09768634009440862
SAMPLE_03981,1.0000000000000002,0.749716084863169,0.7147329823223483,0.9985716367831301,0.3558551696096394,1.0000000000000002,0.933871778727779,0.43990427362873885
SAMPLE_03982,0.6281909141764883,0.2183688699090184,0.21171302770467285,0.56967913014294,0.3868129634619929,0.003043828842577558,0.03439177902904161,0.45811461785907037
SAMPLE_03983,0.9994889245004871,0.27934938220400574,0.19655356421762304,0.2253106715106905,0.26218309999080264,0.16953176874730405,0.1268084371169066,0.222906319949969
SAMPLE_03984,0.9994730058823392,0.05630497399642126,0.14489079658070453,0.1923435265458807,0.19471331888592142,0.007093174097482798,0.1313883292109057,0.23456556483631705
SAMPLE_03985,0.9994915418212817,0.13443148884845796,0.056842188828763074,0.18573501922177135,0.16083073368900452,0.008001443043137496,0.029266135573680876,0.15588093747390114
SAMPLE_03986,0.9992565953924331,0.021803609037212984,0.05708563246196276,0.04659936317117839,0.052867530602210215,0.006170461168971262,0.031771797493843026,0.06307857061414715
SAMPLE_03987,0.34248153364158834,0.13621568847980037,0.16220551385930917,0.9813283314205008,0.37999026699495786,0.0006291412376779617,0.6932100485356478,0.6186262948535389
SAMPLE_03988,0.9994341226710437,0.18834711093258644,0.13513347215305915,0.04179558589341473,0.15434623118312207,0.00876654144591925,0.08778996964251602,0.09839910257210507
SAMPLE_03989,0.913483704447041,0.26683369622030234,0.2917163247518452,0.42242409560122335,0.388738289617915,0.0008634105149857703,0.7468695649076638,0.555027033909328
SAMPLE_03990,0.9993838524462701,0.07640653413949201,0.1687582804315444,0.03993355613926944,0.11315306076406907,0.007256068107392306,0.04663797226716885,0.0900709595241711
SAMPLE_03991,0.9440505610352575,0.4455286720467032,0.4384593792308077,0.6733491368658289,0.6592073003600527,0.0366558717769497,0.15331694794128542,0.8812999517684379
SAMPLE_03992,0.43483755723511686,0.0857750219014621,0.034798912851207266,0.9950141795914366,0.05921777335027084,0.00047688391743199777,0.6703472726697202,0.3608872696824643
SAMPLE_03993,0.9018987406640324,0.30158943678589056,0.22215471071102544,0.6665031171947403,0.17869850664282688,0.0029236847492593544,0.06391111071467688,0.41925882549196913
SAMPLE_03994,0.9994621132117975,0.12241138900406665,0.2032427157371673,0.1682920956055089,0.22614808119748692,0.05037277771769649,0.07159022960971242,0.17100095915124536
SAMPLE_03995,0.5388934090997446,0.08762351717952284,0.07878994427216912,0.49161162611032355,0.173777059996245,0.0005556899132673327,0.6768263423898913,0.24176728537375675
SAMPLE_03996,0.1218016568528016,0.2582727714407689,0.23203241856284584,0.3442927489116429,0.3733135941622695,0.0005801275013850939,0.6706965530344647,0.3859658210084718
SAMPLE_03997,0.4381782635319299,0.08535509484971912,0.17981056403557788,0.5610040811547987,0.2796418868454736,0.0006886774104105268,0.701879689511735,0.32309820942719214
SAMPLE_03998,0.4783337189101374,0.22948294624059096,0.02285481931381764,0.992389477725871,0.09696267061900182,0.00046617013567114854,0.6704038709247186,0.34186816000353076
SAMPLE_03999,0.4949957934457489,0.09744691136846878,0.0815571202478684,0.3679226323998199,0.31804304713481035,0.0007103138388478855,0.6831532435332538,0.28366306869440894
SAMPLE_04000,0.9231513790665896,0.28348438641536255,0.1875859236554519,0.6564608563969005,0.4127982650278597,0.0030315087023151345,0.0718225992750669,0.4648861576627079
SAMPLE_04001,0.9625494663342595,0.46134980776255347,0.2918780518285682,0.6599161727046718,0.6973684991197033,0.0013877049481218365,0.0588780038946939,0.42884049517390577
SAMPLE_04002,0.9991800112496587,0.03304140541317131,0.043339461431568464,0.015726010686476628,0.055468218756980894,0.004937397459256155,0.023330210997653058,0.045485505057816594
SAMPLE_04003,0.9992677697486513,0.056458931540293536,0.03915189244417461,0.03898454868134355,0.08213067970801836,0.0048568359903306615,0.01644601363123063,0.05759027018088962
SAMPLE_04004,0.5290757553002305,0.20118044473963936,0.17350344757377748,0.3929145036936486,0.5304306482920479,0.0007016892309060729,0.6735803766301813,0.6204125260042834
SAMPLE_04005,0.5865878434660602,0.11734675226529956,0.15963848908771075,0.5066865714050789,0.46764453377555554,0.0015770468000208748,0.02178049780443911,0.36035390118512867
SAMPLE_04006,0.9993386855839552,0.33296668872088,0.36213001278010104,0.664227298627748,0.4197287081159272,0.015250569180006772,0.11796732431232262,0.4756772324631168
SAMPLE_04007,0.9994795450161227,0.04331718387338692,0.06508661016901586,0.02854418728525574,0.06539368747822685,0.01710911123255924,0.04321978141088798,0.05570552671435817
SAMPLE_04008,0.620151876944925,0.3517167691596669,0.4561876153115991,0.9743631753223753,0.6698875724424027,0.0005531416219715792,0.693873233047757,0.919199467536874
SAMPLE_04009,0.9994856279773016,0.21711902394644644,0.3272823873445121,0.17657232671872816,0.31926024555262034,0.018653772551002184,0.14639326579357015,0.4074262635878069
SAMPLE_04010,0.9994842738688019,0.10241161536589297,0.06765842649983492,0.07076091899009904,0.09403233264922997,0.005317195637378642,0.034660811975251636,0.11209414101549615
SAMPLE_04011,0.8898627548982306,0.36063833618016483,0.16247461875116181,0.635039580257075,0.2292582436582294,0.0017796114605934442,0.07669605277435693,0.49202913393037706
SAMPLE_04012,0.9994951427484471,0.20094440630719385,0.05940610203190122,0.3190166189183969,0.1927552128398719,0.009102497514746805,0.0397610831469611,0.20474213444870143
SAMPLE_04013,0.9982131441346991,0.08417415078911827,0.08673364221609894,0.6647590059293236,0.09857257780230125,0.010798913941336048,0.08425131154600728,0.35832147710879914
SAMPLE_04014,0.9448717519731216,0.35368235546810334,0.2642717986705217,0.6657319864049627,0.5590162700386709,0.025433894659172653,0.040358365737938065,0.7042509387029168
SAMPLE_04015,0.9995183072619098,0.1012734212698706,0.13830459088242808,0.17466008326774368,0.185494039140485,0.02048810066259974,0.06009417844790926,0.15225265709400873
SAMPLE_04016,0.9551489520826593,0.2869907384279606,0.20435960361912814,0.6643635426015213,0.2928529976382751,0.0017866908881514088,0.09085572237854533,0.4407142334243654
SAMPLE_04017,0.9990180694393537,0.46006169882709147,0.20980659115587244,0.6607372002807779,0.29075921225630585,0.06217931838800622,0.10715046338067918,0.3876767747554527
SAMPLE_04018,0.9993978948128193,0.5561887566193022,0.06801766835923717,0.688215084561395,0.27873578759328654,0.045491462902749316,0.04540056500198372,0.34058160142705857
SAMPLE_04019,1.0000000000000002,0.8551210512725727,0.8293081242246798,0.9978812080300892,0.6741832037904165,1.0000000000000002,0.9334111008758961,0.8527423134971213
SAMPLE_04020,0.9989214782814895,0.21715153080646132,0.22863655049704779,0.6450331232319535,0.35862729716989916,0.010599346369949868,0.05621887656835785,0.49677010408447264
SAMPLE_04021,0.3990018752467267,0.1641535076985035,0.19587284677865877,0.9641449708836428,0.4766568133371877,0.0005174131667616157,0.6903524061879198,0.7429038255843595
SAMPLE_04022,0.2435710843775013,0.1414920944912583,0.1986463027583776,0.46648155507961564,0.2789072310472838,0.0012699921241819344,0.6978758163756373,0.34807815585952256
SAMPLE_04023,0.999186891286755,0.07363764669991753,0.0585547971921776,0.6654178705692223,0.09348231834008247,0.012394186602095724,0.025544738179394826,0.361137929549757
SAMPLE_04024,0.9993618785674798,0.1800021413535981,0.1752749086551206,0.5858910307855395,0.1658007085391628,0.020925093697279715,0.09259978419613589,0.3666986245036985
SAMPLE_04025,0.7918105553648913,0.22635204265015565,0.1676674331320184,0.09551201627809382,0.4324908260544877,0.0018698142885130193,0.01855134358581762,0.5591017470048443
SAMPLE_04026,0.9992805383594368,0.4297527345479,0.35491308198043275,0.22449434415241581,0.4468880244399114,0.018686120924640687,0.18029450770278974,0.4373509977603415
SAMPLE_04027,0.9990988238617472,0.04964229766627669,0.058769997138056355,0.027835364587083338,0.06582201775306436,0.007004377059792685,0.033302473266087367,0.055697423532098125
SAMPLE_04028,0.9994701861038127,0.07187636206153612,0.04713632686186483,0.05584089747925387,0.08167557292797584,0.008275098133092615,0.03500232786784402,0.10598016535523558
SAMPLE_04029,0.9993755686102083,0.03389241202012562,0.02939250870503475,0.0300530171966948,0.03665614460257771,0.007372372222343913,0.01884068628174033,0.026428491075458124
SAMPLE_04030,0.9993674817400472,0.5189546845039239,0.5756961634436282,0.5774339596086977,0.600586297546037,0.18197408005253018,0.24276186513349604,0.6909400486477054
SAMPLE_04031,0.9342104419962092,0.6403956907329196,0.43870276504341754,0.6654078725129009,0.8109064463750784,0.008377928980343865,0.1411383279576515,0.9712145632600879
SAMPLE_04032,0.9994139237797395,0.35035624183433206,0.06198524181818776,0.12970189490366935,0.21064756727699238,0.015523879774916916,0.015833926316561234,0.13227045900394954
SAMPLE_04033,0.8939632922167657,0.7582959268043012,0.7237749816992931,0.6647667025821439,0.8453740254866333,0.06041585671401229,0.2418319019440086,0.8986183323909707
SAMPLE_04034,0.5599512041116019,0.15814005442707668,0.2199058073949503,0.6640984000565955,0.3061985804335977,0.0033079993902528546,0.04371349022796515,0.5147954991123096
SAMPLE_04035,0.9994411526933996,0.06564481868444487,0.0757526737666662,0.07201782432083642,0.10207087305163895,0.028154954753330533,0.04293618458915494,0.09835905095948547
SAMPLE_04036,0.9994946134639173,0.037886407276599046,0.051967486307159624,0.028507254927239926,0.052306557942465956,0.01185866265057977,0.029245915267259486,0.06371775809567819
SAMPLE_04037,0.980006373313205,0.7245943010896715,0.5413348896486199,0.6654635968012875,0.7261767651740133,0.0043298413825994045,0.135637123405458,0.9273261871451559
SAMPLE_04038,1.0000000000000002,0.9423395834046933,0.9192133165989695,0.9982613529376614,0.9103041094573836,1.0000000000000002,0.9339445898726462,0.9439531380333375
SAMPLE_04039,0.6209050801195962,0.1500405703366854,0.17064284438322877,0.9777808321472206,0.37656398865037777,0.0005746525350927848,0.6884919710983681,0.5666384633108288
SAMPLE_04040,1.0000000000000002,0.884506717145479,0.8648200167828093,0.9987321995751987,0.6729119822863275,1.0000000000000002,0.9338156109318279,0.7340176149598684
SAMPLE_04041,0.8779759415670483,0.19885790618528687,0.2023301155369508,0.666013456809039,0.3800212548337724,0.0013720755251382204,0.03317881105599318,0.5469033995713244
SAMPLE_04042,0.9990421843965249,0.09259158365245432,0.09496545443515726,0.1419551259629969,0.09641722790221148,0.018900599107211542,0.02629714384873756,0.09310342911522151
SAMPLE_04043,0.9362033698253084,0.3340335441979474,0.23644306057154899,0.624793312640484,0.43809617974900283,0.002497869882307235,0.07474787251209242,0.5539858457697884
SAMPLE_04044,0.9994546792624157,0.10651839975506965,0.10209434666914768,0.19646163110038364,0.18149825554210092,0.00875744535990672,0.032469646018312516,0.1967418346757485
SAMPLE_04045,0.9987462965184211,0.43809751099435956,0.4145518331755433,0.6654691679088339,0.5022346974578471,0.012038109456574513,0.14492073189105759,0.4322356040846698
SAMPLE_04046,0.9994656661622089,0.040333857139518155,0.055140031301176604,0.02229355902026663,0.07997863835157301,0.011371711011328011,0.0343246739043782,0.041668756974265225
SAMPLE_04047,0.9987847193210756,0.022745148676688757,0.026786389165917794,0.020224607280788825,0.03320074522955996,0.0032661756547539334,0.014694221828442218,0.02800748990265461
SAMPLE_04048,0.9994549904543255,0.047019768982337076,0.048676115672887495,0.021334578643981226,0.0756349371751554,0.011130950541893597,0.01828649412992042,0.036898424893127175
SAMPLE_04049,0.9994178506270808,0.1916050462077987,0.2812641650508704,0.5133722196379186,0.1362960901444729,0.04890506035324153,0.13287373297054977,0.30720987067197164
SAMPLE_04050,0.9994612600862232,0.03425341729571667,0.057468260686235,0.037587464117089964,0.054735213374381406,0.006779205974249525,0.027086278952322577,0.059697345239348075
SAMPLE_04051,0.9338139944632449,0.4966561084230731,0.3373056015205933,0.6562062907400212,0.7363134685329563,0.009213841532830806,0.1348802857921229,0.5658341685130438
SAMPLE_04052,0.6848341360172621,0.08203603806352325,0.07377525475484044,0.9521040417003974,0.2016903167984,0.0005556094055618868,0.6832959740715127,0.4661100993126776
SAMPLE_04053,0.9818200044365178,0.5005810760569936,0.3276294704828423,0.6653434231442534,0.6708458540148681,0.001156368951630923,0.06316326493405597,0.4739043023563642
SAMPLE_04054,0.9219749144900984,0.12448115818419865,0.07799205981946475,0.6645670275755164,0.16843557832531603,0.0016755215200495916,0.025301269205352847,0.36707477895862295
SAMPLE_04055,0.8080829516092671,0.11294469914369813,0.0805702328367342,0.40343044130001915,0.15169856819186517,0.0008841706842868966,0.6746328616676736,0.20910909236398706
SAMPLE_04056,0.933464545985055,0.5489402397537535,0.1116093882496727,0.6630222282514039,0.24735568794562773,0.010583620372536781,0.0375587016057978,0.4438477875768413
SAMPLE_04057,0.9007690924844822,0.3921602663659023,0.23680629894073216,0.6652130418427111,0.735234379214083,0.011507869374255804,0.09562959617491607,0.8878824979027112
SAMPLE_04058,0.9994141596486434,0.11118818172908163,0.062350452245851125,0.3161145191028789,0.15392824251361054,0.0074718450858156284,0.02516461814155443,0.14297337325303724
SAMPLE_04059,0.4017825909930105,0.28967095364999307,0.38888270170018674,0.9066537428256807,0.6280541253229917,0.0005773923525748529,0.6948478916200689,0.8306265149369112
SAMPLE_04060,0.6086898558829337,0.3368790966012399,0.23106663159347923,0.5616517110838971,0.4181613233452023,0.0021352077896682315,0.06784569265516073,0.5713674301975207
SAMPLE_04061,0.16979012015749265,0.2978780992075136,0.3380036794369927,0.665728925019458,0.7100689057998915,0.009575525590455283,0.051488385851472966,0.5822526977568432
SAMPLE_04062,0.9989021147586326,0.22496177560236919,0.10394127254482176,0.6653935285922243,0.1784316015576028,0.01693518575665854,0.09129117201322012,0.3568486302713019
SAMPLE_04063,0.9992410517753826,0.20063224113709915,0.07748770713671603,0.6638595905095568,0.15419836747300142,0.0097590142535929,0.029108945744549666,0.33843898106135184
SAMPLE_04064,0.9993417241329454,0.07373820339156847,0.051265171744693507,0.044946762117420394,0.12730792821763062,0.004172290712370221,0.04950139168957872,0.12429391237043545
SAMPLE_04065,0.5111384019263724,0.07556762267559217,0.04578171715243448,0.7011620976831484,0.11671898829462755,0.0004766371455185981,0.6704540835037899,0.2052486317058377
SAMPLE_04066,0.9994761823004025,0.0665635225920031,0.1055002122918497,0.09040198717503041,0.1381860166247245,0.019068822555609377,0.0365198033894068,0.09096095862693811
SAMPLE_04067,1.0000000000000002,0.8009772185750264,0.7877697681929842,0.9939688463948086,0.5869467989214422,1.0000000000000002,0.9336854164624442,0.5927976237567197
SAMPLE_04068,0.9991549430192941,0.13551603570023313,0.13299971286158435,0.13478362829842122,0.22702097475579208,0.011772121853161285,0.025491039016024678,0.2116178252587123
SAMPLE_04069,0.590483704691144,0.20909041117307114,0.21875783981385227,0.3827114996302789,0.3811693633532802,0.0005943923375530993,0.6899272134634624,0.45877941546449263
SAMPLE_04070,0.9993610760981855,0.03978076439903792,0.06920846254675063,0.041083088986183236,0.06356810807657126,0.005060474471584503,0.030837091922088833,0.0517849670447245
SAMPLE_04071,0.9994426681722617,0.3890779597684437,0.22438573518427235,0.2439998094434357,0.29465281140373606,0.03998920281867403,0.08372752756423081,0.4232280078992931
SAMPLE_04072,0.9990783010736262,0.14504970055313077,0.22283962962579004,0.11451102047876681,0.19901469857059811,0.06595476962688204,0.05746945734730864,0.15130621323956295
SAMPLE_04073,0.9994679882524683,0.33655581700163106,0.02740592038288426,0.18603413130681315,0.17613631001805213,0.007717183391061024,0.01734600511752035,0.11007889437572162
SAMPLE_04074,0.7734770944762072,0.27967207249327397,0.22354781827086737,0.5686692497404106,0.25216911792603125,0.003369273259348368,0.07151442635005319,0.4358391486152456
SAMPLE_04075,0.9994358316431184,0.06716532573318115,0.12872050168869478,0.046274292448464115,0.10421717066256089,0.027430917992135637,0.05261948140866994,0.07307673534252615
SAMPLE_04076,0.5607934080134902,0.4315354592501721,0.10978809897443033,0.6600654443463068,0.23869784692147955,0.016454956657994645,0.08405460025846491,0.36567341744265563
SAMPLE_04077,0.998949707385274,0.42500674822695395,0.3037768447928624,0.6524362762905909,0.3939270844647018,0.10683983260770528,0.0769731271988015,0.5554248339343377
SAMPLE_04078,0.7384412456818119,0.14725812051848097,0.11351265442551622,0.4131538784654468,0.2234928260128966,0.0006135234847117947,0.6722384978085183,0.2039025507237736
SAMPLE_04079,0.452956531625902,0.12405729977483135,0.11845321239207031,0.9890055084304816,0.23876364634714442,0.0027881497928631933,0.7239713969109081,0.4169673634153955
SAMPLE_04080,0.8997544817357694,0.2990208214406271,0.19994176329948002,0.6420226437497318,0.30621646310432554,0.0019632211893783565,0.039715371361527016,0.42832213764435
SAMPLE_04081,1.0000000000000002,0.9118651133762357,0.9108519572589009,0.9972388513411736,0.8667456960229796,1.0000000000000002,0.9337578358908005,0.9385575487703686
SAMPLE_04082,0.9993908354874554,0.3525288701215903,0.2845352499161625,0.6608135495712427,0.3813311796665285,0.0062259073894904505,0.11464122534394626,0.43840863558187493
SAMPLE_04083,0.9995058229221409,0.3309433232169525,0.03572472505368856,0.28198161264985006,0.11755198920535359,0.004187746756512768,0.020843898345250182,0.1029748698083535
SAMPLE_04084,0.9538336146410757,0.7425512082447565,0.6102131976234749,0.6654535895954821,0.8119703243657822,0.00151411751473029,0.14760096978830012,0.6727070855549093
SAMPLE_04085,1.0000000000000002,0.8363308793323523,0.7765661693029255,0.997779128005751,0.43344285217476486,1.0000000000000002,0.9335694051608068,0.5714658076987491
SAMPLE_04086,0.9994467885517971,0.07654150920230499,0.033310075897108896,0.033102914760003765,0.058957981666638376,0.004904079643818314,0.020341554663088807,0.05974144230330061
SAMPLE_04087,0.999256082266584,0.18915066223750754,0.3074959031654979,0.6506567246817543,0.3110226865779109,0.016454691197339676,0.09000441451151057,0.369445017125678
SAMPLE_04088,0.7959842884344772,0.7183236388109486,0.4782213060496032,0.665061543861421,0.789290043664176,0.016503971778569198,0.08801966262161379,0.8536636258538319
SAMPLE_04089,0.9538136048729338,0.47991119641918567,0.2514378769684968,0.6639384824354497,0.7175745218040653,0.058850100235650626,0.08032458815032816,0.5006575201296811
SAMPLE_04090,0.9983428820706509,0.4145265430981042,0.30305581079806315,0.6716127825059963,0.35966424180354073,0.04266367976557728,0.05682201212197986,0.4518045213210444
SAMPLE_04091,0.4809016538548631,0.07922179676910124,0.08088487066457067,0.5280757323468792,0.25426960443047286,0.0014978466175778256,0.6839312484274025,0.29954006031898933
SAMPLE_04092,0.9993458037992673,0.2591908080689751,0.11792959750391407,0.1941436092819754,0.30676290264550593,0.025894584771278123,0.046373796275072446,0.2332615188172164
SAMPLE_04093,0.8273237125303847,0.14683764475361652,0.058415331409614496,0.65691153017595,0.1879321634183798,0.004974271253514531,0.03217566527439343,0.35020825739471534
SAMPLE_04094,0.871756074847676,0.4286156080860457,0.17879280820290366,0.6639499540678764,0.46528544269120375,0.0013219485165502124,0.04031537826632728,0.451793126294574
SAMPLE_04095,0.5965851126973527,0.22456348370643578,0.29812165313670747,0.38616000075737755,0.4528987879863688,0.000832186993442566,0.7047519233869359,0.45772757477447223
SAMPLE_04096,0.9994009476777395,0.06092242320555152,0.07882309698866675,0.019493768604578483,0.0831726731334565,0.007724133349151443,0.031247885008683914,0.049881236918881244
SAMPLE_04097,0.8149218752009908,0.24339525801111972,0.18755505245237578,0.6413025696407831,0.30814653684989485,0.00168822216447882,0.04003329600152657,0.47994476961040533
SAMPLE_04098,0.8014942382057054,0.42721459513876603,0.45133461293566507,0.5727814598758578,0.6466752825050632,0.00643622271884105,0.12499115561681076,0.7567707736901231
SAMPLE_04099,0.9991656292716027,0.36802124691241084,0.21782033772380022,0.625331703082718,0.3416117955259859,0.047397585724929595,0.10589147010622595,0.3531420173874223
SAMPLE_04100,0.9994962756089422,0.5772423443036052,0.7180359251004614,0.6671368171602132,0.7422707435961797,0.08192058978963837,0.22406536302820457,0.8305572740972235
SAMPLE_04101,0.8090245455829966,0.20762109459031175,0.6682790544715619,0.9738628706025354,0.568535421099506,0.0027009453495369555,0.8007342834038836,0.7614596069393773
SAMPLE_04102,0.999091130875648,0.2371411794286751,0.10456315369150353,0.2386199134852907,0.15717366672992142,0.03529518341183305,0.0273726734808881,0.181894409933977
SAMPLE_04103,0.5280266976386823,0.066565838793226,0.05902871056078272,0.7203305280719255,0.09252846103737801,0.0005130085001161854,0.6757493145281538,0.2037470116902374
SAMPLE_04104,0.9536476366403998,0.3866742774191847,0.28984709056734165,0.6644128654975858,0.5840845334588494,0.002139826312167329,0.1189210590213693,0.5630924716442662
SAMPLE_04105,0.999461071307499,0.022849821105075385,0.03437445975018265,0.02801387050183553,0.05448376038880764,0.013207829086102562,0.018803025388309996,0.044189678531056306
SAMPLE_04106,0.9988950715160652,0.11259170031264518,0.0475439209328503,0.06573279213623565,0.13236999544798667,0.007450660008287982,0.017178828016329785,0.08549602848630816
SAMPLE_04107,0.9525877231781097,0.2992863329785102,0.18468555920631344,0.6653898707775585,0.11879799310484532,0.0010416730473678225,0.05621331433866218,0.39670111857331913
SAMPLE_04108,0.4891530607618848,0.2048224187084835,0.17173626488093474,0.9931391376920486,0.42541403024877544,0.0006376783673229474,0.6838978542139345,0.6884399369792518
SAMPLE_04109,0.3877364903086494,0.1606106240675722,0.19541570588165963,0.5242111589628828,0.32733984737661387,0.0022694951384879796,0.6881791679542177,0.39896234767030947
SAMPLE_04110,0.9158498147221598,0.2471628434180109,0.3665975043263252,0.421320350714298,0.5936545224771476,0.0006082356530429851,0.7062983834291088,0.5168818497681046
SAMPLE_04111,0.5901266312580555,0.1541115248184166,0.18278500182946783,0.5752718902839167,0.32436885777997543,0.0027789540920272597,0.03512353019096131,0.5355649001205693
SAMPLE_04112,0.999232117546804,0.022045664338100027,0.04532634266247062,0.03041641989017207,0.047538795052002175,0.007950750877475803,0.02141601346851085,0.05376651814669285
SAMPLE_04113,0.9992716826733943,0.4930948392278637,0.21148402044499143,0.6650623842243908,0.24233010143599043,0.024568440089212763,0.08432449142511322,0.35637402043778943
SAMPLE_04114,0.9993930022196851,0.037056681741931184,0.05365880420834969,0.06636998400102312,0.03581090159774612,0.0038083828784534124,0.027884749455074825,0.05148068975915092
SAMPLE_04115,0.7522435942831114,0.19519206587603954,0.1736159949163206,0.11498209653582421,0.31148756253091336,0.0016626169160919798,0.036196980079346415,0.4145558682356472
SAMPLE_04116,0.9993114842358265,0.41076451603555925,0.384681060930278,0.666123975785605,0.5085654583743714,0.02260926381123633,0.0960379125597677,0.6204465570600198
SAMPLE_04117,0.99915012223345,0.06236528560497197,0.05298710373202711,0.03890190731405056,0.06335695772238743,0.0031164106456318843,0.018649209195986373,0.10131770262988049
SAMPLE_04118,0.9991677483343887,0.5611435644018606,0.07016532332398363,0.6723785826692188,0.26272208505555794,0.026640549499097815,0.04508057510193622,0.33563060437005793
SAMPLE_04119,0.9992697041762331,0.24769425335345086,0.03582764940392598,0.09180718089332218,0.11453550479902724,0.004454667412572791,0.015143302407150082,0.11041998619340912
SAMPLE_04120,0.9908822403199519,0.47732289650734616,0.11207189690205512,0.3431479542923406,0.30874648532511784,0.014688327443645009,0.028272540124450934,0.25205599924353317
SAMPLE_04121,0.9992465455695199,0.2337823909142181,0.29291298207639604,0.4832597043815945,0.3239621840854885,0.047836293406890246,0.12043562277547426,0.2331801301034983
SAMPLE_04122,0.8172085634796541,0.23291550269594002,0.28516694028279344,0.6489722069800575,0.28384501860417655,0.002271440405174274,0.06357738533133359,0.5064195221906496
SAMPLE_04123,0.9994127783325322,0.30642203084980024,0.2579190069094018,0.4591842009840868,0.3323972262862315,0.030952809896566798,0.06725424010811262,0.25627795577244306
SAMPLE_04124,0.9991356963770746,0.04848290294708785,0.0394813181154564,0.05202763324749604,0.0419081265016829,0.005360008653177176,0.01637623169716349,0.045800390101898535
SAMPLE_04125,0.913291011001135,0.27094498676229695,0.2300379869454705,0.6657737600642363,0.5167079089326907,0.008034773951173996,0.10663274247453507,0.5388935689247166
SAMPLE_04126,0.9994802939006449,0.30262221750522283,0.023649131597554385,0.08527203577191043,0.12340829978146993,0.005010964295905316,0.01788837339266215,0.0824070206873942
SAMPLE_04127,0.9993839457095353,0.11631627263540908,0.1467497575067639,0.03994382768703732,0.09894479921432679,0.007352436124313475,0.03660291618076308,0.1417194449337137
SAMPLE_04128,0.9064708407913529,0.7288724375366282,0.5962421239721666,0.6651506967789107,0.8903251845884773,0.021254538505644693,0.11825305218553474,0.8340987480768427
SAMPLE_04129,0.9994843954399169,0.08232667520440656,0.12362116434170167,0.06366140033080689,0.2675981236907028,0.011165757198962695,0.0559444699803867,0.14894093971913955
SAMPLE_04130,0.9992666343200238,0.2878875894051375,0.13337229544874776,0.38648436998877367,0.11759987914677761,0.05848394154942517,0.06397311685599075,0.18530721830529362
SAMPLE_04131,0.8719877901270778,0.25841510388531197,0.2200903217738827,0.6620338376989996,0.34941110154570276,0.003385127276525091,0.07008637485982021,0.4236398149231945
SAMPLE_04132,0.9080771027326032,0.31156606035142387,0.18562228007360204,0.6650267129407835,0.4850723001337437,0.0034577831176084775,0.046411331227181184,0.6241011032276891
SAMPLE_04133,0.25251415773700825,0.049938874873383436,0.03271460230447508,0.9912530488080684,0.048308057435065,0.0005106224645216361,0.6701928046737281,0.34185222482987176
SAMPLE_04134,0.9994858848209023,0.1671275279527397,0.026121684589143553,0.0493502672411629,0.08871149587897574,0.00998783963670154,0.019906698154227645,0.045783249551082775
SAMPLE_04135,0.99952337370543,0.09835666052999362,0.13285428331462557,0.11677993361094631,0.13389486946124202,0.011835296941111732,0.04190874604553335,0.10227524854909809
SAMPLE_04136,0.5976835413754646,0.11594879745069292,0.18941591269548622,0.8803529740687452,0.388167450507433,0.001184116423790835,0.7082538866526122,0.5446786602477617
SAMPLE_04137,0.7991511757321674,0.2953398637245976,0.2678137214491866,0.27641720536976466,0.4119803032073119,0.0012110004080598759,0.0674428410937191,0.41485063196659555
SAMPLE_04138,1.0000000000000002,0.8344682687778321,0.841009604196725,0.9988460737812426,0.569835770464353,1.0000000000000002,0.9338769059109404,0.6588593844598825
SAMPLE_04139,0.9993913240629179,0.06893580781670616,0.030042389546544077,0.15691507931091767,0.1407646450538794,0.017789859438766695,0.038361158697839154,0.12653643627663608
SAMPLE_04140,0.9420737053025882,0.117546859805077,0.13235005923219484,0.665168686467094,0.20959950878428127,0.0013313183333720057,0.05231985603074429,0.35905335507765807
SAMPLE_04141,0.999025169583278,0.050931851641927636,0.04619140860348089,0.059020293738741625,0.05192892828554537,0.005833339564418989,0.02602491353612681,0.10358591104002193
SAMPLE_04142,0.9990658875716804,0.20605875510220178,0.0812295669354039,0.66174679570916,0.12894216730988153,0.006390690775056439,0.03585642629631136,0.3439654352480452
SAMPLE_04143,0.9994606631767962,0.20221605054506286,0.07876658187970341,0.35023278911682343,0.16048119659387147,0.04871176126698401,0.04127832786668924,0.17644116516332986
SAMPLE_04144,0.9993977405288543,0.02778890406619542,0.022241982130673313,0.040560969179990206,0.035454993021905176,0.007845980525240477,0.01769454720538953,0.05649156871796386
SAMPLE_04145,0.9994596126224242,0.062053562005081164,0.10684440937656481,0.09424680484520748,0.1976382743288641,0.016484580950930548,0.06276047893252236,0.13627667645609692
SAMPLE_04146,0.9994963002700094,0.4806721608921344,0.3619086144932795,0.5212394011560826,0.4100427804837673,0.013239181497300401,0.13648838523661727,0.39529927097858586
SAMPLE_04147,0.36664987592873766,0.05461361746092261,0.049196633390160935,0.34617333265988703,0.07793698941314971,0.0006040486973071646,0.6717366504706551,0.08088031374063717
SAMPLE_04148,0.9994283906961042,0.1021752417069029,0.1327147244965086,0.055180536067773026,0.18627111299693117,0.027077334558553635,0.10120532492445797,0.1227851468662643
SAMPLE_04149,0.8044880498758742,0.14879341128792753,0.07002626312630028,0.6630870900049821,0.1217394889290139,0.001399311572496259,0.023235698593615354,0.38483886013550084
SAMPLE_04150,0.2807947329838023,0.17544822726273063,0.20764474962311136,0.3904497963691615,0.3707736572261462,0.0005480027060693118,0.6889075527820208,0.38373291137602156
SAMPLE_04151,0.9995122211925428,0.2044092746755127,0.04439582867556933,0.061127850407727786,0.15542490229329764,0.006902211270921714,0.01902440445812686,0.08851811218412009
SAMPLE_04152,0.5296892023517492,0.08412393989159947,0.10825604413939911,0.7273293657322496,0.2228704488439411,0.001103378882326683,0.6938266657887309,0.30699127373620627
SAMPLE_04153,0.48680356959033716,0.08394643774679912,0.11492303158017617,0.41545401677244365,0.04629519528695911,0.0012541396279715377,0.6883938790644901,0.09575794730176629
SAMPLE_04154,0.9993496246936737,0.06090846925004029,0.08296772779862539,0.08689517776772451,0.1135582328135334,0.007111768130769368,0.06229818720783966,0.11503782455600974
SAMPLE_04155,0.9055359323126908,0.41515755960896633,0.15424810515406662,0.6655072524462491,0.44015915848425724,0.0010861935066805231,0.03721286588755446,0.501477925617524
SAMPLE_04156,0.998982742209729,0.0600328509306939,0.052661612504075736,0.3399353639251458,0.0685263819889614,0.007817334921121515,0.03783766722028271,0.16873850180596678
SAMPLE_04157,0.6108879280274131,0.0677763092322005,0.05979814653755913,0.5138161485419785,0.052008481675171386,0.0006492898029921138,0.677956614906881,0.12082364094002981
SAMPLE_04158,0.9063191625928058,0.40115524049593165,0.18981688070197716,0.6649701559996934,0.43637974353754566,0.001061592104543614,0.032244418194027125,0.5895714357508204
SAMPLE_04159,0.7162457289304727,0.2402208727035296,0.38466798619777975,0.9482927136197192,0.5521517582216797,0.0007728740522508147,0.7454445381907622,0.853977402668824
SAMPLE_04160,0.9994446810881763,0.10981688144903035,0.0431167000403644,0.0946510936643096,0.13854372102063756,0.0075281831813207075,0.01874122904589503,0.07416683960264754
SAMPLE_04161,0.9391540440202707,0.43252435069053996,0.16820039513400442,0.6493520892457426,0.3636405593902489,0.0018369022885135913,0.06678612189511066,0.3917314524138806
SAMPLE_04162,0.6469091966478822,0.1065147891200488,0.06751795800715545,0.6323532552210417,0.1901452570992388,0.0018309173772490116,0.020863450613182812,0.36023652388912897
SAMPLE_04163,0.9986943393114792,0.6548730775664381,0.33726659071823756,0.7164259611660828,0.47823837981256156,0.07846630558995134,0.13100017496551886,0.5392305317291322
SAMPLE_04164,0.22029414896858357,0.06638636901789469,0.06759877690782866,0.3486189947912631,0.22228094223090736,0.0006229396412092354,0.6732417976482534,0.2436035921218633
SAMPLE_04165,0.9693994804166302,0.38974174141029927,0.39614960658272713,0.664230021135304,0.46351640460478716,0.0026424920102916774,0.06802442652154254,0.7475038947515635
SAMPLE_04166,0.7272431170997041,0.22711804227071436,0.16557977157680437,0.15960503662312905,0.3969736426612569,0.003225629336534024,0.03482008755326646,0.4984964718808962
SAMPLE_04167,0.8945256166055875,0.17334622262164928,0.18212977449534298,0.6622748387440891,0.3468511033894865,0.0031057072004734812,0.0813404656295399,0.39466080538494114
SAMPLE_04168,0.7980918716285318,0.2826513417253954,0.50956877059506,0.6538064616070169,0.6039528743751925,0.001481957078686944,0.14846581352250288,0.687692637815014
SAMPLE_04169,0.9994502179332891,0.09592888000533474,0.09055284762358021,0.37982217830778287,0.10584800955534314,0.02880789419467886,0.03734930082074395,0.1928972125631202
SAMPLE_04170,0.7842265498204942,0.19100220528602513,0.1967792199784823,0.38782635152335715,0.35538725772865265,0.0005988424559853635,0.6898071271607689,0.4539308178126119
SAMPLE_04171,0.9992915467486321,0.16153277003153593,0.10811436244108652,0.6450796086348489,0.2345238115853728,0.017481270756034742,0.031947348038070714,0.36061074267070836
SAMPLE_04172,0.999104977115641,0.23177662050555203,0.1939119882909383,0.09198930235340232,0.1517898321097333,0.026635540132003255,0.05378505973085913,0.1386419672162386
SAMPLE_04173,0.999357756520536,0.3479181522865359,0.43948970732376147,0.5358683242227471,0.5011548867429156,0.2586443314399664,0.2637663709246269,0.5902218250704858
SAMPLE_04174,0.4685587445947379,0.0939478945550151,0.07301943535317372,0.3641464595572824,0.2076448722018073,0.0006526559194377002,0.6742892579580486,0.22348283738096575
SAMPLE_04175,0.805791903168231,0.3474304107623803,0.20043405708331635,0.665289933127519,0.21218191104843498,0.0012058164128050971,0.027575732645055463,0.4552550161387847
SAMPLE_04176,0.9994493134163069,0.13056823180404528,0.23994194199675203,0.14454674128517828,0.15363772964202516,0.028286422022061566,0.09236112394301323,0.16475055995384152
SAMPLE_04177,0.5679249205698695,0.2109487478533152,0.0598871785252649,0.665746377240864,0.08281466007682065,0.0010829765322219107,0.020841560726915693,0.44222107992606025
SAMPLE_04178,0.9988410727593129,0.49535029569595657,0.26579445353942055,0.6681762305914287,0.5492198133391872,0.17310497006990333,0.07745930471421451,0.5444163123634718
SAMPLE_04179,0.9989005033591524,0.6396148128266694,0.06628714662561587,0.6618593500850432,0.25163184855050924,0.01664323800578252,0.029614911936247382,0.33559055393150894
SAMPLE_04180,1.0000000000000002,0.858344455211326,0.7912603506528548,0.9987216178974556,0.4615517151052761,1.0000000000000002,0.9338741368745727,0.5736240015596126
SAMPLE_04181,0.9166869989471406,0.2185379116317684,0.10163643138859658,0.6443923194222767,0.16485771332210902,0.001898252749975388,0.034273779453079724,0.32167518116175353
SAMPLE_04182,0.999410206201383,0.05832812117085231,0.049855941491194364,0.12099170040602078,0.06496977893173422,0.02905389333842961,0.030794416576026228,0.10102835016137673
SAMPLE_04183,0.7084254467828214,0.16669506088543307,0.15927169579408323,0.3558084115759587,0.2737445770835795,0.0005882315466321172,0.6720594021464483,0.24723929470089756
SAMPLE_04184,0.9993503142898783,0.04562821634226468,0.08713365125007397,0.06745149421557907,0.053816412755427465,0.01232177404812338,0.04418764932677687,0.08753761105132293
SAMPLE_04185,0.9994550279394345,0.058019929431371825,0.06980368818222135,0.11137048076704406,0.10272354337540343,0.021479776558354785,0.03217326623864956,0.07852140803927203
SAMPLE_04186,0.15512432183541075,0.11700697662221649,0.18073208118976963,0.3519930043864325,0.2723869050626324,0.0006600799346168539,0.6940536047915273,0.31451634785648463
SAMPLE_04187,0.735374559373708,0.19285857400947604,0.14211936694517113,0.6650210449617273,0.19824763042645532,0.001253357788090896,0.06490690351871359,0.5210004450522293
SAMPLE_04188,0.8836746097247291,0.42596588669986263,0.20912108480386307,0.6652161305190558,0.3327409202182424,0.001252364957068196,0.060596423389691,0.525550397459353
SAMPLE_04189,0.8843649044833117,0.28714752970116325,0.10747495305880529,0.6638664032705572,0.2419690638317506,0.0024936749418400673,0.09033994091310654,0.3660637576937714
SAMPLE_04190,0.9993598044107515,0.09987672958717596,0.1468648054248848,0.05688896389533002,0.14304081730069862,0.024290488336298616,0.08984479357904027,0.185497045180968
SAMPLE_04191,0.9991785892508767,0.07451856094303247,0.09338249563184342,0.27471659478100174,0.1900241896725681,0.021702890954257398,0.03643380215516568,0.18427864751346953
SAMPLE_04192,0.9991683183235947,0.07315617978339257,0.09672670088850147,0.05904270784346341,0.10371846096822836,0.011921525759322066,0.04436631431061683,0.1326616225433554
SAMPLE_04193,0.9169949663655186,0.34151802200446024,0.22880001807473896,0.3078979658120857,0.6692503513801324,0.003214252207196913,0.058013321698249486,0.6235443807509988
SAMPLE_04194,0.46820190758495,0.060164973569735845,0.05592441812301461,0.029567351587251996,0.10746760810064415,0.0013511359271831665,0.015219695364619807,0.18211136039958314
SAMPLE_04195,0.9993521058864503,0.08786810063974414,0.216488821989335,0.4688239626477502,0.13144655393410798,0.005914118653114987,0.05649864731140953,0.25176911010828396
SAMPLE_04196,0.9914757619692471,0.12512450470637662,0.11926474659617982,0.6462285143497296,0.15277470754386485,0.012759428203378331,0.07171110597068091,0.35237095893398673
SAMPLE_04197,0.9994937966120249,0.04356986418314117,0.051585861694144,0.03280137158118352,0.06726358533674527,0.04233516084967619,0.025287129587063074,0.08765811043360261
SAMPLE_04198,0.9993949389592549,0.17783520132342334,0.09102320904352182,0.30593565748953205,0.11830356712828263,0.028376985848783877,0.03305599083835823,0.16047091034023697
SAMPLE_04199,0.999396583025949,0.16780012537492586,0.19442337732915355,0.14530434157210625,0.18945231021333145,0.014231161972681403,0.07328932592368914,0.1991508210195881
SAMPLE_04200,0.27049404771105534,0.18772418567326524,0.2534364377188856,0.4083954606943865,0.312228102256381,0.0007155282025204333,0.7449718087387405,0.3523258697301991
SAMPLE_04201,0.9989319674765995,0.0174099203510532,0.015447872166514269,0.01298346572342806,0.021859792285375344,0.00331568690577644,0.010555960818501854,0.0212198733768505
SAMPLE_04202,0.9987196959317153,0.17964759413938566,0.2240840129411149,0.08286405836951588,0.22733332961846964,0.08421104226438987,0.11041843449501824,0.11331702848474486
SAMPLE_04203,0.9992543425948738,0.12042357925980528,0.1232353029652702,0.19529028090047745,0.11237841169579048,0.014905777005141563,0.04862458063341719,0.14721414336084693
SAMPLE_04204,0.9995051167568825,0.11411132835897038,0.11429876225604724,0.1127023136208658,0.17006248083671988,0.01736529042578541,0.03966458241392566,0.13556123754252208
SAMPLE_04205,0.9993567330615793,0.12951782709779142,0.19360986442963354,0.34154011371678306,0.3013142834241064,0.011084783941057417,0.07545041567244676,0.2486560890241873
SAMPLE_04206,0.9976989090898626,0.3968859383335455,0.22112245402974806,0.6537311398741684,0.24373275982782489,0.005291563793782529,0.04792904190769673,0.347787720862003
SAMPLE_04207,0.8205526765128385,0.17819786821587516,0.24815581319658214,0.4929935909940981,0.4637952906037598,0.0005870732490964942,0.7238029935830532,0.4457639956641567
SAMPLE_04208,0.8248573979940124,0.19326401562565215,0.12309993494708352,0.19065830823118027,0.25955077213277383,0.0017043407615155346,0.026240691553703694,0.3278822515015389
SAMPLE_04209,0.9994504140613157,0.161399176334596,0.06756015792338947,0.34018606987332267,0.16815742450270846,0.011809435762776665,0.03252533711490422,0.21863392946303836
SAMPLE_04210,0.5275950357281547,0.09029585166334826,0.04821595429451045,0.6643309041196014,0.10137358884351164,0.002962306715384673,0.08540130963103404,0.35321114673999293
SAMPLE_04211,0.9994941620236368,0.05923509356381007,0.09427659055682229,0.01482430218735424,0.11335364564034628,0.006182148056888725,0.02274656695629447,0.0486852090200785
SAMPLE_04212,0.9985701462927012,0.6209787206607608,0.20468948402518108,0.6726897913037198,0.2238028654513323,0.017119320035422287,0.049793838825061394,0.352465052039419
SAMPLE_04213,0.9995252745995595,0.09470851163587038,0.09980444353795409,0.051432585263897705,0.15002219751188656,0.01581704828912802,0.03223304738833355,0.17594680359519654
SAMPLE_04214,0.761429566777346,0.1880340991041362,0.18751783882627296,0.5239370076270168,0.27965168246311384,0.003077179043441995,0.6906774520446406,0.36379746364245474
SAMPLE_04215,0.9987244449862043,0.40631922256600383,0.2277022144601272,0.7046760455028148,0.3187705914815115,0.09334262473607105,0.13093494884764517,0.43669374933616373
SAMPLE_04216,0.9992523664494566,0.16186498443315073,0.27845756344276584,0.23492674457796828,0.3366455029934864,0.08972416646328879,0.13902171207206887,0.2698438710386696
SAMPLE_04217,0.4481379354317523,0.146997043224911,0.43275269628580637,0.5363267304416504,0.33431888591111014,0.0009353659336478911,0.8193786877906031,0.3087868929868258
SAMPLE_04218,0.9975620326835993,0.1811632425166774,0.12597983687689346,0.6522172167077391,0.17063167460997836,0.004996355466509805,0.09506413039798056,0.3513636399921701
SAMPLE_04219,0.09969791190156502,0.02477147450780046,0.02499809578626071,0.9593106682637712,0.050628196031070244,0.0007826814440101528,0.6725422635320932,0.3326390848167358
SAMPLE_04220,0.999146490285644,0.15774984500785402,0.21716757508301024,0.2388970204359741,0.31719506007762355,0.008137744127355137,0.1463528666808612,0.4039260177095353
SAMPLE_04221,0.17193573679493163,0.06939049216613129,0.060773345788004765,0.3513966057933406,0.11943283533701608,0.0006051505049081855,0.673264320274745,0.09022773518918638
SAMPLE_04222,0.9992800575904446,0.27702835211523635,0.12353956107427302,0.6920982644082306,0.18128366830874995,0.22419340425008355,0.16673670438985003,0.3750900674575496
SAMPLE_04223,0.8073383185020702,0.1881754839102803,0.15003344178713873,0.6659495958328112,0.18719052196375507,0.003754159362598212,0.02710005897659695,0.38880190021362576
SAMPLE_04224,0.9977243631816941,0.1638785201601461,0.09152707511882946,0.44627694747363766,0.10911828761007382,0.01674669929843971,0.043225915412574284,0.2795156153135599
SAMPLE_04225,0.9995023966235426,0.07921294144105409,0.07490039359357982,0.05050832952626225,0.08438446627945592,0.011351687901834415,0.024839946743254855,0.07397528041130723
SAMPLE_04226,0.999150988142895,0.05741056706332734,0.053342626581133416,0.018653853972662386,0.07581186268997159,0.004425626032839039,0.02627267986339647,0.06910943256809557
SAMPLE_04227,0.9994140355908552,0.059689951610890885,0.06917900966853673,0.12558132069259859,0.08194421543882258,0.007370463963132315,0.027191712225159828,0.07042821056111323
SAMPLE_04228,0.5951025084130487,0.04794665927023365,0.03432337164173832,0.53877409952425,0.05207460202215092,0.0007110406170905469,0.6719281671669528,0.0778412152813982
SAMPLE_04229,0.9993375431639273,0.16947329644836062,0.14245035407504011,0.5186634502059574,0.14355153533710113,0.025552217153307716,0.03082674629030491,0.29020252929287044
SAMPLE_04230,0.7980490117539956,0.31147388850309443,0.32146239837853663,0.5558178212416012,0.4321619000464697,0.0021975210570781153,0.11711035518390657,0.5144863135815357
SAMPLE_04231,0.6178735191078681,0.13323793767422978,0.14785951429029262,0.015461888071396892,0.21457804251727852,0.0012004617123416695,0.020150301299715033,0.2199556648899103
SAMPLE_04232,0.8592519048433223,0.13354305220960047,0.16301611175385092,0.662196410345152,0.31291316210577164,0.0039089035306805915,0.04765736570429854,0.4710088173334793
SAMPLE_04233,0.9994398024900264,0.09298051383068226,0.05817778679626769,0.0870632874175779,0.09566593445866035,0.03435362886397798,0.03946265462543594,0.11739550033948504
SAMPLE_04234,0.9993139129011163,0.437838476562313,0.24223930029506813,0.6443373474883729,0.42237101130610755,0.018251266197265727,0.06167243961500852,0.5987181267591651
SAMPLE_04235,0.9995298041272247,0.43544831962367886,0.05056171530574366,0.3838595001991424,0.24082129412752287,0.007700803616810421,0.021510841193849346,0.15341289408243491
SAMPLE_04236,0.2079103200447688,0.05980261672265573,0.05740204853770002,0.36220652500949635,0.10471503554903723,0.0007052586487560853,0.6740580265238947,0.08239390882593094
SAMPLE_04237,0.9988340650021883,0.05655107432460296,0.03104434962545135,0.05562973019340293,0.05081148245995163,0.006727568731074376,0.01999287267005502,0.033071865242543824
SAMPLE_04238,0.33798433226066266,0.17571910481000297,0.2219573696517479,0.7764130848586801,0.30395288342735843,0.009234864507133716,0.6968692748108035,0.3891991930663949
SAMPLE_04239,0.9993964097122876,0.6541368945232089,0.8430946992714945,0.6373305592496585,0.8163317775617243,0.19488771738575825,0.2677341328721643,0.908723539434092
SAMPLE_04240,0.1233483271177275,0.09683811387012396,0.26375250209098494,0.4209358969008166,0.32534915226471783,0.000753680159846157,0.7158694661161425,0.30146732947956595
SAMPLE_04241,0.9990310294486435,0.06879757929673179,0.08714233271047833,0.03557117675136181,0.166630321625695,0.005719605433932608,0.04301990363942709,0.10451676730755927
SAMPLE_04242,0.7295626091547933,0.23993178352700184,0.21344697905203205,0.6644148906336684,0.4817130029738007,0.0016790297068033368,0.12405170673116321,0.6722483273376515
SAMPLE_04243,0.9981944050070855,0.3634478856480249,0.3513018273880887,0.6746322938489688,0.38610183641495693,0.09673367301599477,0.06388455684573179,0.49105851660286276
SAMPLE_04244,0.999466270478526,0.09453715488890503,0.12287665594224467,0.020613637566263006,0.11003247084350574,0.0061758535712418796,0.03321269394565041,0.09805163221345592
SAMPLE_04245,0.999394239851952,0.0177314258597122,0.028312266738572435,0.07036456898304894,0.027716398095341287,0.008229352143999015,0.01907584963663055,0.049671074021020785
SAMPLE_04246,0.3356622396771304,0.07690019504583578,0.09540799073477915,0.3391695052866247,0.1282806110413087,0.0007309192944923033,0.6703852823163436,0.07403679384157857
SAMPLE_04247,0.6923807214768304,0.07300380992056218,0.05511395139343092,0.6653563851549653,0.06432385437269,0.0022368462740810155,0.04153770618280829,0.33995024305226984
SAMPLE_04248,0.9266171834158063,0.252952041454388,0.16755597914067683,0.6641899287671639,0.3040167189614078,0.03263275866022214,0.051464012563147976,0.44846030525676484
SAMPLE_04249,0.5308008213507972,0.1408985416035029,0.14865705096768497,0.04885340159234162,0.37563716403079783,0.0016724573435530782,0.031743808702103124,0.3795120143073062
SAMPLE_04250,0.19565865217426529,0.04307284986933103,0.050836000859963634,0.3402656243229302,0.0676039033402065,0.0005667966531753343,0.6709621802131533,0.05304995401895314
SAMPLE_04251,0.8178913092494944,0.11507226902091258,0.0967954049479189,0.3918520399880979,0.23687140471505835,0.0006490915845057897,0.6708128349132556,0.200497570258988
SAMPLE_04252,0.9985541547302479,0.0887868481752721,0.14264209266818464,0.02780094592672907,0.15737945668623737,0.010250173109138151,0.040629416288554814,0.11171794363480671
SAMPLE_04253,0.3308879979009023,0.06652550901818681,0.07550071040148829,0.43992617124666733,0.11301940406698696,0.0008829442989672997,0.6800156153638378,0.1502734504067121
SAMPLE_04254,0.9994087337902532,0.3195521104827248,0.33243687685228973,0.3693739342137055,0.4028887172531098,0.20552668921930833,0.13791705715696725,0.31150819480838254
SAMPLE_04255,0.8820544798635377,0.17444112106645768,0.16089355450564807,0.6632071192063649,0.46255631144428766,0.0020447955333893785,0.024323632987551257,0.6615815749706463
SAMPLE_04256,0.9994970759487138,0.25538754410012254,0.15748691516185284,0.28724039470041407,0.36912529426628576,0.006999850142330118,0.07780517534110852,0.26460078874101156
SAMPLE_04257,0.938532850325738,0.3700921446362163,0.1126599564392601,0.6579107690327055,0.2432401365911549,0.001309695312116963,0.06135843714995867,0.4866266981818727
SAMPLE_04258,0.9991426434505801,0.41967275319598685,0.11153280424685932,0.6022392472727732,0.29508456189357424,0.043850786373096806,0.07504529752367894,0.3215345929379112
SAMPLE_04259,0.9990985119954738,0.36279980246209576,0.17669252330753132,0.66985530406449,0.21452122105955448,0.07688292998584018,0.11461926906595199,0.3500836586024666
SAMPLE_04260,0.9992873685684887,0.024085119820796183,0.04092420353250529,0.050527418714289056,0.045274762551226595,0.004743847501307844,0.021833696726693844,0.057893555639800184
SAMPLE_04261,0.0687614633727409,0.04168859453199218,0.04143976803826112,0.3411802267589655,0.03850622516779071,0.0007394658116370616,0.6730948454948577,0.04573874805541437
SAMPLE_04262,0.9991233094755644,0.15637308846490625,0.15238617153205058,0.0428525038847491,0.38501276367816306,0.005214195584817574,0.021025756844881314,0.20417156406804635
SAMPLE_04263,0.9994423566101621,0.10782422429659314,0.13785747201006765,0.04819706654632901,0.1384478486352034,0.06360271982874033,0.10549984923156436,0.13136006022361144
SAMPLE_04264,0.5983132289976628,0.17492118026682674,0.16275954284226252,0.6625165075470839,0.31993654973659436,0.0015674842839176594,0.023685914117880576,0.5595834455777342
SAMPLE_04265,0.9994986983215585,0.326970920550304,0.5697636791542225,0.4762702771085704,0.5263664695733068,0.027145411409725536,0.2366611994897186,0.5580568079688053
SAMPLE_04266,0.9992636340052734,0.17442603695898867,0.03711136466771353,0.6533150304641537,0.09778153076546145,0.012304000295482639,0.016003564135379147,0.33155786561129574
SAMPLE_04267,0.9251077979443207,0.2759096282804923,0.07005317552185168,0.6647137677818107,0.22977546403939494,0.0014830957785747995,0.022277655824368192,0.3566722464492059
SAMPLE_04268,0.5645050076839093,0.11895633014785838,0.16927687606432854,0.6580784648372566,0.3302651813364292,0.0020225079275901095,0.021185765831040853,0.4565160981256765
SAMPLE_04269,0.4541370144428819,0.1334562107425829,0.1078561361963638,0.19699712820564563,0.3547237752894094,0.00433825374285281,0.024547115639200222,0.36993649287586083
SAMPLE_04270,0.9993534760483438,0.04672563751485008,0.07527104626826178,0.03579293776451153,0.062300372441060806,0.010634901239356018,0.02630615459414907,0.04259347104199722
SAMPLE_04271,0.9283167662081591,0.38712166733508396,0.2460472820171628,0.6648834795051419,0.5737801038588758,0.004928419908355849,0.1079254389639044,0.710437750587787
SAMPLE_04272,0.9991539359376655,0.11826927472513829,0.1290204899872276,0.15131935945098993,0.17189913244754226,0.017067960071639375,0.04914443548138786,0.1418777904382067
SAMPLE_04273,1.0000000000000002,0.7532920428519208,0.7347866983568337,0.9986813410023702,0.4119980108560542,1.0000000000000002,0.9338552929662135,0.48125733114609726
SAMPLE_04274,0.8456711151086531,0.2679191494753541,0.3132160768733483,0.6629966760517776,0.30151678112084634,0.018454542768971047,0.05754217997930936,0.39489507875438634
SAMPLE_04275,0.9993866956804323,0.03929162714316815,0.03877587292810843,0.01237513901953354,0.0339049445520088,0.01210999336680076,0.020979788905076253,0.027982331378329867
SAMPLE_04276,0.9994744262788013,0.049286516306650895,0.054522128763381486,0.040296941529925155,0.06109051072788743,0.02206763002813441,0.03353839462274915,0.08962095328631509
SAMPLE_04277,0.9992415676200805,0.5057086046144061,0.2608941993351567,0.6660009271047402,0.4796058602003196,0.1204195610195557,0.14672860826270712,0.7522329500361526
SAMPLE_04278,0.7271791163870783,0.15734291636203457,0.1143622246346256,0.32820440380364646,0.2638653527431484,0.0018418145880227162,0.01748021749350639,0.23557373601714232
SAMPLE_04279,0.18423670190305966,0.05362910196045573,0.0636552386248777,0.37966773937691994,0.08228238975836846,0.001102894703040395,0.6784197237969827,0.11165607495039664
SAMPLE_04280,0.9993434474901746,0.23755081402907538,0.23741747062031782,0.16665588077872867,0.23993183483000255,0.08782998331144908,0.11382090700770399,0.35652591954721413
SAMPLE_04281,0.999416158247668,0.19918043272988697,0.14941134156578684,0.30727050544823165,0.20855144399546507,0.018227191464423392,0.04832134257045877,0.1527662446456175
SAMPLE_04282,0.8790864278646142,0.3600809608317269,0.24233730343224774,0.6572749013485781,0.46921954168250457,0.002593598328260926,0.049509915433657244,0.7298950867046397
SAMPLE_04283,0.5467522403547498,0.20954176160973187,0.057426745614814985,0.953200670499671,0.15727067634469394,0.00047813729321513973,0.6698084516711686,0.36686055820373675
SAMPLE_04284,0.1399263832114826,0.05429142216693964,0.04575684974670139,0.9845911816777979,0.04707471182795243,0.0004929733494079225,0.6709823158841692,0.34651987484864294
SAMPLE_04285,0.9995149496738198,0.43888815591723973,0.6643593031232431,0.5597266958804624,0.34384541279360537,0.0663377486522007,0.22799199494736344,0.42816946087604657
SAMPLE_04286,0.7258096462892845,0.11629582938593248,0.14062548999923133,0.7750885524409333,0.3905367762756544,0.0006456130781161014,0.6869387142294584,0.4900870524359632
SAMPLE_04287,0.9261676163934216,0.1969160544500378,0.25261318658500465,0.6577035596394011,0.29546023492017315,0.0022351519009788795,0.10769426318892072,0.5664816272866104
SAMPLE_04288,0.9993948912969164,0.0592508074959852,0.11278285579784071,0.07305418266975139,0.10760140756489947,0.008421677494051065,0.05155454070833135,0.0952103924467522
SAMPLE_04289,0.28207049824835334,0.04315827371588629,0.03194276195600068,0.9530442905258396,0.1012490748162725,0.0006159490160962175,0.6728182255914532,0.3560505064074608
SAMPLE_04290,0.5969900667379843,0.15472665188515813,0.1510735237846021,0.36338522593627504,0.3211450133388182,0.001145008000943831,0.6931264874297758,0.3835496448901535
SAMPLE_04291,0.9113006498107877,0.4864293274192496,0.48636317650180305,0.6650607856543151,0.5374065770008541,0.0015958958404437107,0.19327838475875792,0.6920748149089445
SAMPLE_04292,0.9054128060075459,0.22726401756135356,0.08647415058554851,0.6651536822794029,0.2956550589100716,0.0027430876951311353,0.025530722235673868,0.44235885859506135
SAMPLE_04293,0.9992173177261332,0.09214083364759959,0.08762281886094847,0.03906580887313598,0.18825238095598482,0.005210157034544206,0.02946367087685297,0.17000148266272577
SAMPLE_04294,0.9992575889289581,0.4461671764210249,0.06623754304752694,0.44660245994228226,0.1836321315958259,0.012760510523666078,0.020835070299642315,0.25954748440896164
SAMPLE_04295,0.9991050778513952,0.05855475335732285,0.074366698912235,0.05462381625147232,0.11167729933106431,0.00819950733746791,0.03017207320309814,0.12161449174707734
SAMPLE_04296,0.9992223057034678,0.16506917446185318,0.21888796288918141,0.670732972334046,0.20889054145415364,0.022368163196680262,0.11409129228524557,0.3882539668993436
SAMPLE_04297,0.11230984388356433,0.05475636917977166,0.07786359822016292,0.3503171762134529,0.17696002156920088,0.0006487430296595466,0.693238382845316,0.16198772803618502
SAMPLE_04298,1.0000000000000002,0.763411138175178,0.7413765445778218,0.9987574159294081,0.41619634687641927,1.0000000000000002,0.9337936776707976,0.4415668283757752
SAMPLE_04299,0.9994495133437646,0.08915650298404171,0.11351048988157361,0.08520481507392305,0.1668740855266803,0.006411906075666952,0.04334346198649494,0.12746606108226582
SAMPLE_04300,0.9990155640366022,0.0631348166254675,0.05941664840476161,0.5650327637158237,0.06917109492795434,0.008223814091265819,0.025783454312648207,0.3642946834130524
SAMPLE_04301,0.9989366275066585,0.21196378730948276,0.16923190743899472,0.6604653230461976,0.225758069636616,0.028269349923490006,0.06601428739642749,0.38805990875165325
SAMPLE_04302,0.9994944579630058,0.2573105282447557,0.045959036512124726,0.06974300944975523,0.19223640825343902,0.02173965788665219,0.016210422980314863,0.052530878026122496
SAMPLE_04303,0.9994409903509371,0.06534800903992398,0.1001172162889132,0.2253417353281329,0.15807664828953383,0.03287722450868926,0.03982632751920191,0.12366877502245543
SAMPLE_04304,0.7220031956775144,0.14033871732485056,0.16703902046717434,0.6638564562674141,0.2945117816471722,0.001973432296693781,0.054374224907863464,0.5850010954264938
SAMPLE_04305,0.9994380462626506,0.23233640877780065,0.09708140635021884,0.1287954358458314,0.21555581204606006,0.016496294246372688,0.06508410281487016,0.1287313370860722
SAMPLE_04306,0.437274636333504,0.07150891065673777,0.060519536395249235,0.8679966213355177,0.09826294178061121,0.0008146612475984594,0.6755002774054183,0.32026492157464426
SAMPLE_04307,0.9994208994129015,0.06557282641234018,0.08173482567800185,0.06089538963800288,0.08377743351493247,0.062276381518126936,0.042366014098815595,0.06295085399976866
SAMPLE_04308,0.8100149660493305,0.15586104174782794,0.1305686254097241,0.662575404086676,0.13158540775078031,0.0018589375966528464,0.024196712953368338,0.37015487899851035
SAMPLE_04309,0.2756503564457176,0.0344667164754343,0.030728764413818912,0.3415586585111036,0.044498733244906,0.0005905290747784114,0.6711949589867796,0.036153539832284955
SAMPLE_04310,1.0000000000000002,0.7956863718639496,0.7948725160983597,0.9988037066055926,0.5249780916269905,1.0000000000000002,0.9339310810588561,0.5451554006150622
SAMPLE_04311,0.8742848592046075,0.36928365784809797,0.2482479928291247,0.6641532437627323,0.5137011097711018,0.0013382894343877474,0.14965088391001427,0.6644068773116519
SAMPLE_04312,0.9994777099316507,0.2910352816827443,0.04147407349949763,0.22725788003507927,0.18599354016155611,0.0076756010184290645,0.03840407150794193,0.18127700949811248
SAMPLE_04313,0.9994411520002521,0.03945371721449856,0.04474787161800755,0.046221406321166336,0.06813854316079823,0.006117551723388007,0.023355522530637468,0.04099624007910843
SAMPLE_04314,0.9992832875984388,0.25376647188457424,0.2942385315929881,0.6377473890256838,0.34527803410094904,0.013290608794639787,0.12172679641044458,0.4776262490451575
SAMPLE_04315,0.8798126871300093,0.2554498960846735,0.3950795968380159,0.5228968886195158,0.5094154912395675,0.0007846525763409897,0.7589574206315095,0.6060511691839429
SAMPLE_04316,0.9993313858026446,0.21374041785139242,0.05683609904264947,0.6658491510983321,0.13739473686179032,0.013873276130463411,0.04925168813387145,0.3510259436082336
SAMPLE_04317,0.9518654364449293,0.3579245251824917,0.269857827091866,0.6589919695260509,0.5424965645838709,0.00265873612770944,0.0559284737359976,0.4704131241731193
SAMPLE_04318,0.9994081308770741,0.08086037190237913,0.056102330947148574,0.2238215120384323,0.15824419114070304,0.036944210414243187,0.03657479011020938,0.18684672438555622
SAMPLE_04319,0.677324332002442,0.36789674647560655,0.10880476698149844,0.6123409445532273,0.2957161892850454,0.0017569729053423405,0.02623122252056717,0.48626025080276913
SAMPLE_04320,0.9993529096915266,0.19322956078837503,0.12081321617919075,0.6489455966253945,0.1650581481141247,0.013435577857985288,0.03551799900449232,0.36696959841663784
SAMPLE_04321,0.3057712230164679,0.19498105921707212,0.23018332906039785,0.35182110095561775,0.29793544662891897,0.0007295380932815552,0.6934583762143225,0.2707991993820339
SAMPLE_04322,0.9360348079880642,0.3799779658032797,0.22985929502393757,0.6651020640517529,0.45422512068417437,0.0014713487180359162,0.07046531438918538,0.5365844949293737
SAMPLE_04323,0.9990089330441326,0.1308177587599964,0.42790231122779254,0.08408797123909514,0.23843670829635988,0.012008257487739581,0.1376974630882309,0.1887189705749958
SAMPLE_04324,0.686299841970865,0.3164796573156198,0.2750725532779645,0.6579259087406772,0.34876624620005686,0.003875190170899269,0.13235692277314137,0.5415227123100939
SAMPLE_04325,0.6547877346761592,0.25939753280820166,0.24153162675718737,0.3677310662372443,0.43358778758884864,0.0005702254366559733,0.7018381816596946,0.4272774169334931
SAMPLE_04326,0.6977834727752379,0.3047653473572252,0.2638338566497389,0.12290687646011622,0.4830634017288852,0.001917865643601733,0.08629269821252726,0.49196416490340095
SAMPLE_04327,0.5241641480971566,0.163628021697962,0.08472165487793637,0.46336901756298876,0.23419798612481502,0.0009181061670918454,0.6955831886335673,0.2580655792430582
SAMPLE_04328,0.7422777237394365,0.1418125195232416,0.16202147933240665,0.8999188508462879,0.30857495038554494,0.0005521351627669642,0.6749940104617744,0.5133968954399396
SAMPLE_04329,0.9966684288386711,0.39243989925533507,0.31607973321721566,0.41791974882260535,0.24137426286497898,0.036621792403526046,0.07944255061086096,0.439812608332218
SAMPLE_04330,0.9992050826158155,0.34655752309264565,0.1620756933101365,0.5644829439980821,0.1693410689078178,0.02069447675801589,0.03247388958100814,0.3403669426820936
SAMPLE_04331,0.9992719349585206,0.24648375484230897,0.1232185600944873,0.3802321901801078,0.20697497491027622,0.04728518930211701,0.04094833016360003,0.21200430491450226
SAMPLE_04332,0.9802616595062061,0.5138801585493518,0.23119282916884976,0.6652208228470142,0.45197829733201633,0.001071659261333874,0.10145235108602957,0.33919305328364985
SAMPLE_04333,0.15108108862364722,0.04925357414903101,0.04493912122031188,0.39834285851502926,0.04087057909897039,0.0007673386607021078,0.6801950832657659,0.06325795916687604
SAMPLE_04334,0.9326995492255447,0.24569329157137587,0.16497295718504126,0.6634492554714164,0.483656368171058,0.0017771292420416006,0.09318754745398068,0.5724231200242617
SAMPLE_04335,0.9993697411544449,0.043986307991992116,0.04987583725355496,0.026044754132632183,0.0472506528308589,0.010341763358087192,0.022913116786634564,0.04996819162728601
SAMPLE_04336,0.8306537311668606,0.13009375347749053,0.1489825101746312,0.663886578057395,0.32919604490033627,0.002153474819240105,0.061077044999856854,0.3787647034127312
SAMPLE_04337,1.0000000000000002,0.8309355748377012,0.8117475321785232,0.997853505466175,0.5943347538854609,1.0000000000000002,0.9338038738621861,0.7612268940301169
SAMPLE_04338,0.9995140777986258,0.2235494281027362,0.1969127721122643,0.3375103803383077,0.34406355834877345,0.004750379093970155,0.11555095879396156,0.21517860251772178
SAMPLE_04339,0.9352063447317824,0.5927275830784092,0.2943167013756835,0.659544709513805,0.7228726918790753,0.0289529933993802,0.03797365548434339,0.5326544817884925
SAMPLE_04340,1.0000000000000002,0.7713866547827901,0.7424548495404854,0.9983921566528646,0.4704078680433583,1.0000000000000002,0.9336724260183225,0.5350876683389605
SAMPLE_04341,0.9986341477141648,0.32378217344544435,0.3352397454891162,0.6780742592861418,0.38047381475096553,0.06729465100030735,0.07967741982685399,0.5036360365196908
SAMPLE_04342,0.9992185013430526,0.18371857160821975,0.07862291347068712,0.11677792209183019,0.122078259504067,0.0034641507699459863,0.011051367132377338,0.08029785160217104
SAMPLE_04343,0.44714223885384063,0.24430094176799644,0.4595883814214467,0.9888492156715007,0.4505974133751389,0.0008092388932334952,0.7535851632465898,0.7329344705291683
SAMPLE_04344,0.8075785285004838,0.2185043011731244,0.2416564396308061,0.028934428861497725,0.5415146448826278,0.0019410602895320822,0.11727520845967988,0.5652495463637408
SAMPLE_04345,0.1500821289972456,0.057019711335822267,0.0813502529394814,0.33724818960649405,0.1591794812901935,0.0006766386138856725,0.6726690664473591,0.1212362798891129
SAMPLE_04346,0.9760116469783637,0.2669253912713363,0.3024261902339984,0.1820543108532035,0.2871276326624532,0.06779197454514717,0.21562412298286462,0.392519876057094
SAMPLE_04347,0.9992233169487603,0.46656769445378243,0.25718840476234106,0.6905181767569673,0.2420754773998456,0.09764493372979431,0.09329981653904801,0.41067777784643134
SAMPLE_04348,0.756912040415235,0.42410976874796025,0.3620426642749399,0.6332672888824069,0.5720629307950609,0.005871110124842919,0.10909924706347805,0.8048932893541394
SAMPLE_04349,0.9067993230112343,0.347617641356097,0.22034064204164142,0.6507051454176778,0.2780067598156465,0.0017556296623974265,0.06334814252425443,0.42746088628283513
SAMPLE_04350,0.6751690262894794,0.09578408403694783,0.1219163528540246,0.3517442105986569,0.2588915217084466,0.0006605378187323147,0.6890006638979537,0.2150298445620767
SAMPLE_04351,0.9991948261141304,0.08264055630734628,0.04216799421070766,0.05666056726585936,0.0720601890183835,0.006754455078021795,0.021049782380353477,0.07896345615669188
SAMPLE_04352,0.5840410176021789,0.12807952622672394,0.10649032183671607,0.6646153553002689,0.17127918452391372,0.0021281751775729042,0.08158528109793328,0.3782429726176216
SAMPLE_04353,0.7577316005292325,0.4143785479514245,0.24568931696171886,0.6203586907810312,0.3403924316589116,0.0012124887268847254,0.0578829726470812,0.5058381077569609
SAMPLE_04354,0.5605363046664892,0.30035480446025875,0.22240495226593504,0.6643318997201766,0.4542012577126382,0.00279175488058426,0.053577970010449893,0.5309301427523458
SAMPLE_04355,0.21481739139415965,0.11572177173375865,0.11872700760812692,0.34608985751532534,0.14600973431603448,0.0012507422356711508,0.6839239251416704,0.16990432734792904
SAMPLE_04356,0.998959218955505,0.1900752050735929,0.2411930865353747,0.6678508906479399,0.14257986081299623,0.015883259108636742,0.07846749314898625,0.45456296402988466
SAMPLE_04357,0.5955079118831534,0.111663630905362,0.05462195998733898,0.3461415030084745,0.16693199737222786,0.0005617015481507183,0.6720456235342664,0.1915152328500123
SAMPLE_04358,0.9992799619098149,0.09226839502714533,0.15570216744363144,0.05142205110578402,0.11503026362190577,0.016767700438261257,0.05364233546637852,0.13062345760025007
SAMPLE_04359,0.5498248546709148,0.32674764779834925,0.18617250360026202,0.6661753762518343,0.2047370884111699,0.0015083952145620435,0.10471298795571132,0.41094036134986056
