sample_id,Ampicillin,Amoxicillin_Clavulanic_acid,Cefotaxime,Cefuroxime,Ciprofloxacin,Ertapenem,Imipenem,Levofloxacin
SAMPLE_03360,0.9996561943628806,0.030773399669547487,0.029706730658013363,0.033111929810628986,0.06891872523886959,0.00539215607074212,0.005383431093687269,0.06594730008325003
SAMPLE_03361,0.16817107278675153,0.004913650408507282,0.0016682787912517324,0.03743750986327664,0.07762047367617349,0.00011360384557354451,1.0,0.08441453227395576
SAMPLE_03362,0.746209747509237,0.09445612894757019,0.05212625934266417,0.2800353987546419,0.6475201319811261,0.00018510949117111442,0.00011643715561156939,0.35116185557775315
SAMPLE_03363,0.483176996314706,0.00798198223699885,0.06195287830243755,0.012652516108868042,0.2126816933580681,0.00012067901507802685,1.0,0.1679766753360475
SAMPLE_03364,0.6564117391020361,0.2174000942725069,0.2233091964420634,0.9908887795027775,0.6620508603459546,0.0005018913428371927,0.00013622512147188061,0.2672531390200029
SAMPLE_03365,0.8964210314413584,0.24683572560332312,0.23313569505727996,0.847247408498849,0.2421736855406697,0.00031337254671741843,0.00012884412024101276,0.19213386025634424
SAMPLE_03366,0.6010825706045535,0.03797230242019513,0.09849186706406307,0.9877093292986177,0.6249771568994216,0.00021743448821425412,1.0,0.6132781878873886
SAMPLE_03367,0.8440328657939311,0.19146092281898272,0.17732889057934248,0.991340248075358,0.4468072123348138,0.0003168526948455563,0.00032229852994186263,0.48621321832505987
SAMPLE_03368,0.6641109376562999,0.042675948982048274,0.15200990710502527,0.9752081201295113,0.7523372217860504,0.0001507045533999728,1.0,0.7530555402880751
SAMPLE_03369,0.8858438428461074,0.35531964764031965,0.1540112194332028,0.9965552394257069,0.7750018793738302,0.00427484232254797,0.0001130311093448989,0.7444676558822328
SAMPLE_03370,0.9595059917374801,0.13925836418014365,0.2998945070109437,0.998858021228936,0.29720510040797166,0.003683334216721286,0.002276077546006468,0.13690909198261061
SAMPLE_03371,0.3587489161310736,0.10783487158982004,0.011706827139583164,0.9956332396014019,0.1201371965795454,0.0001327057534927516,0.000252096903313224,0.06745419884229226
SAMPLE_03372,0.7918819619027723,0.3492061265243117,0.08926989069306217,0.9694277938390536,0.1230951209615367,0.00033990122396397327,0.0009895750376883255,0.07381177149743842
SAMPLE_03373,0.9727063095724798,0.37468758414034564,0.08717500536566655,0.9960518147576713,0.11440765791551302,0.0008716582871875999,0.00035521646417157823,0.08494935186583362
SAMPLE_03374,0.36835559458135336,0.026382229806050483,0.0017824309696793925,0.008451743052102688,0.11032573039940512,0.00023672333454025345,1.0,0.17180078414086417
SAMPLE_03375,0.8077734220083335,0.4042746295189432,0.09412304019055798,0.979337430851286,0.2080814318005932,0.00012680659786199288,0.00015273540581713308,0.1916165671118172
SAMPLE_03376,0.21286202002186272,0.16783317075588672,0.10957150502807977,0.9893350992674712,0.3536939137249834,0.0004835716460808902,0.0006821698504655189,0.31031258725366934
SAMPLE_03377,0.847460766007312,0.2755315250807704,0.0762073056911998,0.710525635122909,0.48643276193349533,0.0002340792055756322,0.00010341056028024139,0.3446934424898264
SAMPLE_03378,0.9999409377664327,0.0636250117993019,0.01737234437895715,0.2497228755302526,0.09547348406003495,0.0006495048602773118,0.00023725012741565707,0.030214751309389814
SAMPLE_03379,0.9999319028247473,0.6689383691501698,0.3142822093213752,0.9891316749649336,0.14262401602425545,0.03358337211293947,0.0018706399010609835,0.09966876709075956
SAMPLE_03380,0.9815857223502344,0.520573442463893,0.27748116509138143,0.8021800907213074,0.7735314954219965,0.000606222242877757,0.00018619388336775928,0.23647999533652894
SAMPLE_03381,0.5419106514322473,0.22744575728342958,0.03681910820655852,0.9896306102200441,0.06950758525740525,0.0009952224703838881,0.0003081923789088201,0.06399192451219768
SAMPLE_03382,0.999890244668161,0.07036399342127544,0.040647879140090194,0.45804831696968645,0.18283447293269717,0.0024429825574263063,0.0012157947299715815,0.04251511709309432
SAMPLE_03383,0.999931530608859,0.021741084163901487,0.02385744906022654,0.06438495082188425,0.1243517047866182,0.000756740358981629,0.0010339407803829756,0.07006588816601658
SAMPLE_03384,0.9998853925066229,0.1513074871228642,0.1368972594721539,0.36771332429368586,0.35613475164402286,0.026899181192369108,0.048204205619205256,0.46217798196673365
SAMPLE_03385,0.8882397996100643,0.2825357811194241,0.1620367851301489,0.9698571147172798,0.3950422121473217,0.0003170153868869862,0.00015555605818907124,0.13339858470844193
SAMPLE_03386,0.9833374864765922,0.2017896289144681,0.09194659377935065,0.9424316231951382,0.4942131458115114,0.0009055481690867593,0.00039111533251043475,0.4630371837822046
SAMPLE_03387,0.17757687001249373,0.01039847080281157,0.0022958479889802087,0.01882421602298655,0.08004235819246219,0.0002274269942719904,1.0,0.056308775427719726
SAMPLE_03388,0.15025025408619042,0.04291272864550393,0.0027469829994926065,0.9818224259913169,0.4736716328347841,0.00010036526455664634,1.0,0.5561587316572412
SAMPLE_03389,0.999927051240957,0.016963289456979776,0.009986464544745673,0.016293122407066478,0.2594785065006124,0.0010958443888229182,0.0006837303924798985,0.032794829100959974
SAMPLE_03390,0.999937636609231,0.37682973284312976,0.005339437819021996,0.23795197833595388,0.025752611567383836,0.00018487789229525118,0.0001892426775699568,0.008334416196136691
SAMPLE_03391,0.9998418746727065,0.016468415750246115,0.12189866314609255,0.13455554271324952,0.29759318324621564,0.004335713590355355,0.0009849226419431996,0.16369957569966845
SAMPLE_03392,0.9999204953341939,0.027443236573745262,0.016847465136512363,0.08823688811017168,0.07040503617062367,0.0014697790389881066,0.0009104583609101547,0.03629019955954209
SAMPLE_03393,0.9998957051057957,0.13433443962396602,0.16193361597666048,0.08836647878551264,0.10681200972731504,0.031196402622455155,0.011058682785588286,0.046259974319820076
SAMPLE_03394,0.9999413558519213,0.04722238888873035,0.03734182175266205,0.08329919868116467,0.13462383640421755,0.0019778554078835366,0.0009726751296004734,0.08245507796074555
SAMPLE_03395,0.9999323497943159,0.02739975985592491,0.04614486041818635,0.057229991584486786,0.31141109991730687,0.0007381377065665269,0.0009396076873949977,0.04589504507804664
SAMPLE_03396,0.4577871375060439,0.018020334107622292,0.0032073684153356543,0.09570922315986367,0.12658027370485653,0.00010989351565474942,1.0,0.10224784199233725
SAMPLE_03397,0.8497650630418564,0.3079915539819186,0.13527468274686855,0.9574643562457478,0.1968984343174755,0.0003289845269832909,0.00037886043588202737,0.26738585193680586
SAMPLE_03398,0.3642562981980853,0.18508081454191322,0.2412173433618733,0.9934568899637899,0.5847619657315528,0.0010193303040742685,0.00037232947917520827,0.45418114763904294
SAMPLE_03399,0.7274414287324763,0.3487260152430243,0.0014007797211238594,0.06230128109764642,0.48302044508882014,0.00040176233752498697,1.0,0.4548673152336692
SAMPLE_03400,0.9999366080898302,0.04823536519009629,0.03573631910471413,0.1955205367381128,0.17849572489664906,0.0006381709372130604,0.001492639231401517,0.03637634691158352
SAMPLE_03401,0.9999305620032045,0.1960834161257144,0.030516049242696113,0.09071454617587354,0.04248287399765744,0.004909092559252095,0.0022115918215929132,0.027062641123671034
SAMPLE_03402,0.5959559476578183,0.040952082736263315,0.1327071099959977,0.17670374919774096,0.4681223012811536,0.00015309109093297133,1.0,0.3416248080589811
SAMPLE_03403,0.999921007536354,0.10801865739301744,0.050988717724765764,0.3939957735691766,0.2153002786551877,0.005716535907793079,0.00045277962405026464,0.14090542757013652
SAMPLE_03404,0.9756179231917261,0.5128204043702421,0.2590051409457092,0.9935105331010465,0.40091303753303065,0.021011029735090843,0.010419971950648364,0.3227372916195499
SAMPLE_03405,0.8945886512218972,0.4244211317117495,0.07456300693768002,0.9957198053649885,0.6980704159654275,0.0019171575219289708,0.0016953940441026363,0.2929450803106525
SAMPLE_03406,0.9999305492900106,0.033196644655637556,0.06585291015516584,0.046904032467722574,0.08585949918335191,0.0011366845649947524,0.0013601202417462196,0.08732302997716099
SAMPLE_03407,1.0,1.0,1.0,1.0,0.14380910278258222,1.0,0.9993664857896374,0.3043706390828337
SAMPLE_03408,0.9998239935269932,0.7507827794897051,0.20954642457538147,0.9890267559009807,0.11150051661290869,0.02388131797321285,0.006079425433528772,0.08541414071218292
SAMPLE_03409,0.12181796874572097,0.08130180747530348,0.006174961031116887,0.9677408426300141,0.31086122735396654,0.00010269864214658914,1.0,0.28581200090431
SAMPLE_03410,1.0,1.0,1.0,1.0,0.23841015420571415,1.0,0.9993920960248964,0.30553387488510414
SAMPLE_03411,0.9999207235223508,0.1942306643324972,0.36704579902707757,0.3277670826436264,0.07664459777488807,0.22252033620193828,0.03743547779630137,0.06312791848212404
SAMPLE_03412,0.9998452081597188,0.16008850341662778,0.015043586306133089,0.11195383409011912,0.11743166109771033,0.010474328719530615,0.0019139235295312453,0.07876493178999561
SAMPLE_03413,0.9999119884055254,0.09966650409537527,0.018188161129838162,0.3330724557150613,0.07640773445875636,0.0033185605800009088,0.0004052223350436684,0.035316170630696746
SAMPLE_03414,0.07483714752545385,0.009000328973970597,0.1352689029632722,0.24442106686275097,0.6309812957161582,0.00011456050334268132,1.0,0.4563423828032488
SAMPLE_03415,0.9999233303124143,0.028844164757921602,0.11922632603741412,0.11152646966993944,0.051819003440514974,0.0069361470135335225,0.0030722539363987806,0.03707113898106664
SAMPLE_03416,0.999900620801904,0.27538031996099194,0.2741601026035759,0.9954747616004722,0.31300142090646743,0.022955620263227318,0.017770911723693963,0.22455369159338473
SAMPLE_03417,0.2687729781754814,0.004059661586628603,0.0017607233792286618,0.014591651343676978,0.14335476269814332,0.0001579340687794238,1.0,0.11808775844499382
SAMPLE_03418,0.9999021193616837,0.06968185871627823,0.04996515544022022,0.5501767978268488,0.04088109080075182,0.004464725475515418,0.0014855704983064396,0.031088249913929583
SAMPLE_03419,0.9999284613111712,0.2615491125819854,0.21957389004257286,0.13894393143178912,0.17115448152505816,0.010043476026813122,0.000809064390656878,0.1718671102233556
SAMPLE_03420,0.9997511072650609,0.3299203287082523,0.6451601064736134,0.996768592481779,0.65128577534459,0.006752228740579344,0.023054084898863278,0.6170292030884718
SAMPLE_03421,0.4214347185908521,0.02905412249009225,0.06802629205619304,0.15320097338689842,0.44934675676718105,0.00016709477001285834,0.00012425503159880022,0.48798425701910847
SAMPLE_03422,0.9998121455795316,0.23329897232672675,0.17267042379386313,0.18452388107597278,0.23766609098436256,0.002328737137572992,0.0011948291077254793,0.1690142034135306
SAMPLE_03423,0.49943037411710767,0.04717517961414802,0.08620080246071762,0.27706305116502605,0.24986236809510115,0.0005243608145122305,0.00026400714151764094,0.25124117270749463
SAMPLE_03424,0.6232026505984102,0.1558483121044428,0.1389732537670154,0.9950193305524199,0.37645744889112304,0.009152503989386447,0.00043303569124652564,0.2402929320350169
SAMPLE_03425,0.9998912941173181,0.5260283944169514,0.07849004183221732,0.8443866118666381,0.28093258676249827,0.17608815406611775,0.020819549046376087,0.1362761040744021
SAMPLE_03426,0.9998220522643246,0.2540924140041615,0.2013148510311072,0.9975758919006733,0.44846240184478303,0.026327723953660377,0.008162790010911131,0.31904881457382406
SAMPLE_03427,0.9999291203864157,0.3159781022642224,0.02828935899650852,0.2408600761360326,0.22421726569516715,0.0011367058606038766,0.0016633383477775022,0.11343411973349207
SAMPLE_03428,0.5576926465783858,0.4041311293601314,0.04658695601514058,0.9988626176381465,0.31660646409667853,0.00014100376481519322,0.00010936350186163241,0.13542204692309912
SAMPLE_03429,0.25665175088670295,0.012481004181918698,0.31820731574026484,0.07135607662561474,0.2003307550485534,0.00012533125001566478,1.0,0.1537328058083575
SAMPLE_03430,0.9999055172412202,0.05853466633243606,0.11743865022615863,0.837259117761241,0.2590835948973034,0.0035270402033753673,0.005292476480539117,0.18306266825145187
SAMPLE_03431,0.999827968856482,0.028253513774248885,0.21064208832545117,0.3458171962063263,0.1988478482610432,0.004768469308304773,0.005039021624121039,0.11401302932125874
SAMPLE_03432,0.9055141602818285,0.24681077554437952,0.6138216867017405,0.9976053100982758,0.8497148028154834,0.006779113501079971,0.0005718530354001758,0.5592556896020255
SAMPLE_03433,0.6111293063664112,0.012959384515878561,0.0070317723389874635,0.17100168202764715,0.09224520183931714,0.0023075291577806835,1.0,0.08307172204199806
SAMPLE_03434,0.9999346298547171,0.19690186490228728,0.16811910390695428,0.3895189464353845,0.293829430101651,0.02458423220567345,0.0012175548947187715,0.12570244284986215
SAMPLE_03435,0.9999348539146566,0.05245786331264631,0.03140667896780895,0.12408642360653219,0.017379572080710143,0.0007754503825594149,0.0006701337256453971,0.007407004608985216
SAMPLE_03436,0.9999373596299463,0.08910948341833105,0.12358981613501926,0.3108236077869465,0.04470991902368527,0.00207265093349802,0.0005038957691229335,0.07829590669052824
SAMPLE_03437,0.9999380332106289,0.021340878627617306,0.030426286478989407,0.07628920914272,0.08122953279397238,0.000495563289541167,0.00044394400325314324,0.04044910963469624
SAMPLE_03438,0.7417430887317018,0.0522756133430755,0.036494205084136554,0.03073724142769872,0.6479224661879182,0.00042994462138903986,0.0005598211967567001,0.55343430489609
SAMPLE_03439,0.9999267891914467,0.09532762602138048,0.06517393333475267,0.06724473990185542,0.022831765345019607,0.005005544987013805,0.00100480912766323,0.026311379074578662
SAMPLE_03440,0.9758731220852397,0.23064237778702656,0.09914626271574647,0.8397138897903365,0.9134231772472686,0.0005407082650464472,0.00026554564363318305,0.6141160319642566
SAMPLE_03441,0.8384999198530345,0.17377242685943214,0.08163436631001039,0.9690838378562449,0.4237305912827824,0.00019910813458707904,0.0007513294078887343,0.41980700754492706
SAMPLE_03442,0.9999348973143043,0.15955631430148437,0.01566645264484131,0.23807701000181378,0.015504213330131683,0.0011842303350297293,0.003154907993080676,0.010529420591588968
SAMPLE_03443,0.9999346460370198,0.22979601214534134,0.06248513570549957,0.20373185040205305,0.5290226410335214,0.004169369478416881,0.0004729968384246572,0.31193829488728164
SAMPLE_03444,0.37778733444889634,0.015626891148205896,0.0022022468264968295,0.9688199938146609,0.2444121299356235,0.0001100171209009256,1.0,0.19502691564963276
SAMPLE_03445,0.999893592238881,0.20703540874348766,0.08934328717533886,0.9698233901933545,0.2446421783461755,0.0385115954796236,0.0037558282297373764,0.07133571543778641
SAMPLE_03446,0.9998311135493159,0.08319976432224284,0.03322889791089233,0.3394809390584614,0.4082740511723134,0.002448200284222564,0.0013426197940696652,0.3725826694156461
SAMPLE_03447,0.9339985978991718,0.19227632018976695,0.16304071434078682,0.8728162964143038,0.6445132207778779,0.0004624196055792179,0.00015750811855221231,0.39709189805943745
SAMPLE_03448,0.9999056642617878,0.5002040438766601,0.036176752170624785,0.5367244221904867,0.09346111385423353,0.01504006234817985,0.020745679120603083,0.05786601062793419
SAMPLE_03449,0.9329652667377276,0.13392209473526945,0.01972692732794193,0.9499287712946142,0.01665679405372087,0.0024006926447850906,0.00019951384065140104,0.017746773511213544
SAMPLE_03450,0.6149357361041743,0.15608652496725064,0.03233745636128428,0.39025718708266294,0.01939274493787169,0.00052964717812169,0.00035104571442808773,0.02919714793656438
SAMPLE_03451,0.3687984241237037,0.012780325407203788,0.24751933605437393,0.7574495630329225,0.920449111548036,0.0005639424444401157,1.0,0.9307445249000356
SAMPLE_03452,0.931607641238101,0.30852582656379196,0.05817206042225426,0.9918862746711328,0.3982582190079892,0.0004282027587793378,0.0001475550704012577,0.08627528747088328
SAMPLE_03453,0.5269775072041176,0.03824663784428023,0.050148098483820944,0.2579607210184872,0.4032942034571844,0.00012462629170664974,1.0,0.3956896367325816
SAMPLE_03454,0.999763134907852,0.17945275473630978,0.052058966464676795,0.13071178414606593,0.4497372100454765,0.0003420002950664883,0.000572752779640042,0.2521454928583419
SAMPLE_03455,0.9999252456730815,0.13066368273293194,0.0660596992070385,0.13630959507651313,0.10132608818333652,0.007662966262018872,0.004456577613931034,0.05493403510181094
SAMPLE_03456,0.9999363378516097,0.020536706766659148,0.012763356684786887,0.03088262557517843,0.10417570835964936,0.0009692403403506525,0.0003894873945893675,0.061772461847189555
SAMPLE_03457,0.8377168414811056,0.7623568134105891,0.36976759459983416,0.9947555438116524,0.8695326256144744,0.014331016404192034,0.0005487267790845171,0.73167788137297
SAMPLE_03458,0.9848998404905993,0.5447789156996603,0.48706782161211154,0.9984825645361592,0.8901629219747207,0.0034517551223110605,0.0009428148750965767,0.1288109077682575
SAMPLE_03459,0.9999218580689876,0.16957933145576742,0.029979736012681148,0.24886522396028415,0.05311057623340134,0.009405015370729212,0.0022000161694779663,0.05191381774154804
SAMPLE_03460,0.9999339784256305,0.36346558082066005,0.2608519431882231,0.26250861807780973,0.1814548374428612,0.013915061489982908,0.003424743388135284,0.0980320519743498
SAMPLE_03461,0.9148848091399999,0.40945139756484233,0.12500526273787466,0.9788591501616948,0.48737510064174694,0.0013445201930690602,0.00017158955499704283,0.3131821534641936
SAMPLE_03462,0.8555053949478081,0.24652584920696788,0.1117282544755627,0.9991774882539983,0.15278417001454045,0.0020714994434001496,0.00017585212572939358,0.13208678616323236
SAMPLE_03463,1.0,1.0,1.0,1.0,0.19907184016343332,1.0,0.9994746379992485,0.39486012356523775
SAMPLE_03464,0.9999385650738108,0.33021910867238646,0.004841786334199097,0.13145720672312566,0.020573245401215186,0.0005754715523706458,0.0007444992762103441,0.010363762798520379
SAMPLE_03465,0.9998562720081413,0.05417514400366119,0.05120846215802259,0.09683149920059278,0.3565036532797929,0.0033597685842818173,0.0008309020583156185,0.3682959312819438
SAMPLE_03466,0.6806371933024433,0.07813836492967603,0.275642314544126,0.15413766208916815,0.4624180148115564,0.00010373606241961881,1.0,0.5494261166276815
SAMPLE_03467,0.844544973560752,0.11303026042471824,0.7432653208443089,0.9984615395894932,0.693134361949913,0.0007225023398847966,0.002119129748159855,0.5828644413553454
SAMPLE_03468,0.6830572024400487,0.22093847884984524,0.020635454965758478,0.2155210639393379,0.250357870993299,0.0001991359363173021,0.00010626055953657124,0.2742871530244547
SAMPLE_03469,0.9999328043826028,0.06259968027454381,0.027253449552837365,0.1453161314057088,0.14642349532448365,0.0020926192329948474,0.0036432072683618365,0.02753143177862948
SAMPLE_03470,0.9999400578882961,0.0977311581784686,0.07133853837827622,0.05590220972471566,0.17995034956133946,0.005235397917067927,0.0009036412251556837,0.1679877144500661
SAMPLE_03471,0.642867537656769,0.059193359421708225,0.19839251867461255,0.11563386846532364,0.5382245030352218,0.00012223757890728035,1.0,0.4257480085459946
SAMPLE_03472,0.9999171586671723,0.15998041715037875,0.013061312144990053,0.3664272608307558,0.030179539017656888,0.0012790076099514736,0.000538882981386367,0.009900579777650301
SAMPLE_03473,0.7274471555250793,0.14659804599027165,0.08545544892710853,0.990038994146658,0.9433535032438727,9.417267660465344e-05,1.0,0.939253574848727
SAMPLE_03474,0.9999218748619759,0.20273089206714218,0.033038431753146594,0.12181619422669987,0.0263887816367748,0.005692944326324295,0.0019028390978172726,0.016103982202043576
SAMPLE_03475,0.7244849132508917,0.22490035786770007,0.090066039359655,0.9384462829524824,0.13401758268915367,0.0004022553503502551,0.00013136152082039715,0.13268609157944083
SAMPLE_03476,0.9999293452576806,0.0594194488870855,0.004373722372832534,0.012155226243816037,0.04720561944978344,0.004626073421055197,0.0007503466133469968,0.03839203741292065
SAMPLE_03477,0.9649116426838207,0.0990971867120614,0.07219800075060048,0.9801973791268563,0.5471794310655838,0.0003488489607684078,0.00031501788880530427,0.4698219723032717
SAMPLE_03478,0.9999179454639069,0.05653916455383836,0.1572694583062734,0.12488397458642395,0.22454451952547677,0.08293447656857998,0.0019168014072768447,0.15515346626619414
SAMPLE_03479,0.9999374841496295,0.5853189830349373,0.17038161129542545,0.9931996778349543,0.4962623439911086,0.005107444134447188,0.0008301752601765506,0.4149795269327165
SAMPLE_03480,0.9999276122408229,0.056344199420832054,0.07190379409769872,0.269756621106675,0.44918880305176456,0.0014589158577208278,0.00046176839676278565,0.2749106301334753
SAMPLE_03481,0.999934418153361,0.18447063665512514,0.04506791464927881,0.3735683951109122,0.11031724076304798,0.0027012369513320757,0.0027424141423473595,0.05061539305444651
SAMPLE_03482,0.7126193438023819,0.047830630879912225,0.0831296345298107,0.07675433721289537,0.4312574475529928,0.0007772662675530829,0.00016047304665106456,0.3949065503104541
SAMPLE_03483,0.9999300291683296,0.09686816426818073,0.18216713332993495,0.2656066442490412,0.2843797350608142,0.01599976464999633,0.0006259235112523819,0.22896480138608025
SAMPLE_03484,0.9998363068994204,0.6622695348018024,0.5206423758582945,0.887332384292707,0.48223019827418484,0.045095954605392265,0.008204925844354312,0.4976278719364801
SAMPLE_03485,0.4543517443525891,0.03606212018312484,0.026757918754148402,0.6273006352893696,0.5090680446485146,0.00012182970587677163,0.0001069091997105194,0.280735526841442
SAMPLE_03486,0.6509361897474543,0.0476787561970047,0.0034916391353862868,0.035665736365139596,0.6475565834989545,0.00012241411013239365,1.0,0.6780676601495857
SAMPLE_03487,0.9997250540853558,0.13526602090214218,0.029014149630427487,0.04461841387439602,0.06485840802040607,0.0077731693220093375,0.0714136436995679,0.022780156459176158
SAMPLE_03488,0.8532802919380099,0.07900251127837221,0.13426208625904718,0.9679268802009512,0.5820556510381574,0.00029680449532645413,0.00016190763982785718,0.2301494352382314
SAMPLE_03489,0.8083689778613105,0.17831559168259095,0.05195376330839019,0.9967535266863485,0.16987398300350848,0.000612750711581821,0.0002140356056115153,0.08766548224512438
SAMPLE_03490,0.6451569179554933,0.006555272388802362,0.007513919628704492,0.03992589363607481,0.48031840260700953,0.0002261777213169172,1.0,0.4123355039209655
SAMPLE_03491,0.9999137729128191,0.4043556781807281,0.12322379731429359,0.9549891089537151,0.29451706458110816,0.012362525546566281,0.0009160674913231536,0.1979768666450966
SAMPLE_03492,0.9997729692250662,0.08841778661189562,0.09769705266805687,0.5464763917608132,0.19714148639673557,0.0028795185720501054,0.0034309360636579104,0.12799288778459622
SAMPLE_03493,0.9999357780283947,0.07909024412344896,0.46318906943619514,0.19334689599817387,0.5243928714342607,0.014766630679244797,0.0010534332176580553,0.37569635415277225
SAMPLE_03494,0.7170284120251514,0.17199679089815798,0.007126125486562976,0.6669473665940101,0.42488460990033794,0.00029729253144656785,1.0,0.39426501775881106
SAMPLE_03495,0.9999263155815618,0.15003002717886366,0.148371976692431,0.12357237528411764,0.05100303670714616,0.0032495644207943923,0.002204134331181613,0.07291712211032786
SAMPLE_03496,0.9999256545397778,0.23209568285519225,0.03516563023633809,0.3629161644583901,0.11562809949698746,0.0032230981476164488,0.00036690116209254044,0.08437023381770632
SAMPLE_03497,0.9998090417163242,0.3814314617558977,0.49532719697153305,0.8085472599304703,0.3780942749315404,0.10864247854461691,0.015547341127676506,0.29445735537029205
SAMPLE_03498,0.16738679835266285,0.011485864124028373,0.001925346648503429,0.22827889381547975,0.3005729750093087,0.00011406424643846309,1.0,0.3879504256100622
SAMPLE_03499,0.999927786792622,0.2064422785699629,0.08005096723352871,0.9980784995194935,0.2632994148154444,0.004994112413447096,0.0022550951550667523,0.2617863196119809
SAMPLE_03500,0.9999281129323006,0.07512167233262962,0.13417824234093179,0.2510632462204805,0.33317347975713274,0.0013707407541008114,0.0019517805969884593,0.10185697879691162
SAMPLE_03501,0.8318893443639853,0.3031218362038174,0.019927677868341893,0.9978631686131949,0.4278826354458043,0.0001122336029950301,0.00015517329414301787,0.1953498982605036
SAMPLE_03502,0.9999276289677868,0.029162334350763142,0.05711744928833891,0.0849191323710359,0.13699304626490036,0.013648871524189587,0.04774804469940392,0.10127192473739015
SAMPLE_03503,0.9999404378834071,0.030375545838306307,0.11872871338318122,0.27738232585521727,0.08915303556205113,0.0021545163534508545,0.002378410568722757,0.052559424767673946
SAMPLE_03504,0.792447707725736,0.27043646700942403,0.10903905287725069,0.9979063443322314,0.21607647463585317,0.0010359110954428648,0.00011038484034394367,0.2026867098068641
SAMPLE_03505,0.9998781835660211,0.07649856391851936,0.20543833076602697,0.3236838924715116,0.287413806916394,0.01562593606486127,0.01701467802640102,0.09363950738463664
SAMPLE_03506,0.5439602624229367,0.003963834762570255,0.05381738558603588,0.2588351805471263,0.2527206753688715,0.00015189366132213025,1.0,0.20579338704306288
SAMPLE_03507,0.6201673998439426,0.00967774276525071,0.0023604754031671454,0.014502942623720325,0.3019894245960687,0.0001945080603187194,1.0,0.26893026945901055
SAMPLE_03508,0.9999259971516101,0.05085354921980684,0.06444691938736322,0.2520857198829826,0.20098544723230227,0.004919557060828273,0.0025012351544477286,0.20610479488610842
SAMPLE_03509,0.9999188538131787,0.05249424082022662,0.0425839055872222,0.061469081368438816,0.17263031082755917,0.004055329919091813,0.0008969178535908064,0.06307445969599576
SAMPLE_03510,0.6131449807698738,0.030772942055793617,0.021102110112840917,0.6394733705706293,0.39395205956272655,0.00012571240814152897,1.0,0.3356682151805617
SAMPLE_03511,0.9999223579655526,0.371586631458628,0.015791312587967003,0.4099815479843292,0.053518876305512844,0.0028548065358851285,0.0005194119989017579,0.021281672776868328
SAMPLE_03512,0.8729018379978021,0.559306813454132,0.17055295822104705,0.9984405678282234,0.2074339431307485,0.0004445465049767171,0.0021779579619729678,0.20688988280573245
SAMPLE_03513,0.9993468468167471,0.1402058687776258,0.5585874940358908,0.9981781872641635,0.5410492882890956,0.010533894118384516,0.00811528672821357,0.18734433543418688
SAMPLE_03514,0.9999264474054211,0.049428130256784206,0.09422586566922579,0.04493201527245784,0.2929845591254846,0.0010491920992735904,0.001127682433752848,0.1605525054458936
SAMPLE_03515,0.9043422883984116,0.20277748987788993,0.34138687675276896,0.9953131571143734,0.42846823689010904,0.00012994532691902347,0.00012329004869107685,0.41444078601296575
SAMPLE_03516,0.9999324952171948,0.2353653250132214,0.4377539179584066,0.530944643022835,0.8006223027138688,0.011953586179268186,0.002387721950112369,0.7036353782488366
SAMPLE_03517,0.07185593275039186,0.011329502643473089,0.008104817177206396,0.11796008733361055,0.054018900969317975,0.00018968241611123067,1.0,0.035923529818518
SAMPLE_03518,0.37191576328140147,0.02995804154298105,0.001251406952136996,0.18187883905057117,0.11724251548200881,0.00029648495502241766,1.0,0.11207999483448097
SAMPLE_03519,0.9998725909154483,0.06859717635780367,0.08985055781404822,0.9651863942123875,0.4884216744739357,0.01024530965897236,0.004069337449791169,0.5609322082370979
SAMPLE_03520,0.9907971569819829,0.6475669239457511,0.19048955491827638,0.9898298044623329,0.3480329500272871,0.0035776261509361065,0.0006017645568823863,0.32858199405071803
SAMPLE_03521,0.9999352199372371,0.029884077455025203,0.09286683389308739,0.19288974350672214,0.08853506277292164,0.00416228946646094,0.003855820424926412,0.03367714088598315
SAMPLE_03522,0.7600273859946766,0.005838487354235494,0.003611508641635073,0.04120741966571345,0.15214410431449524,0.00014590131331832255,1.0,0.1791157889090272
SAMPLE_03523,0.9998718101799486,0.7076688594115377,0.979644562351767,0.9990113050189742,0.8590319463410407,0.21397916615646725,0.021941885221746598,0.8917439027146481
SAMPLE_03524,0.9999330222965537,0.5418537625504036,0.008058602185952756,0.5105919735755678,0.04379569194859761,0.0003809502674170756,0.0009690919439285016,0.01511653461338201
SAMPLE_03525,0.9998844599160301,0.8081875958602918,0.4970636859007165,0.9883341538846114,0.40876543454903136,0.111026106893757,0.06962835541724616,0.14762266764424029
SAMPLE_03526,0.6706636524902703,0.05539539953131267,0.008933488877225015,0.989727126607711,0.051264785986272876,0.00014734969840516835,1.0,0.06409656569957792
SAMPLE_03527,0.999931588276268,0.4803422624638822,0.16313602847807526,0.41388178879261484,0.21571691766676068,0.0033736957533982543,0.0004997312863160444,0.049858494208151714
SAMPLE_03528,0.9997524759464644,0.2662089617654998,0.0631853967188395,0.9876805170131329,0.12073512415332202,0.01400860246019039,0.001947693075331307,0.1486820467231862
SAMPLE_03529,0.5358330201334773,0.12389463492065063,0.10809406254886449,0.9907627893222045,0.7476293037434051,0.0007304896903268509,1.0,0.619749504081836
SAMPLE_03530,0.9999237779504538,0.025696933959246625,0.05026142632333781,0.043455342776198905,0.2238369500093344,0.0008953432663949378,0.0007041577011726303,0.311117944227722
SAMPLE_03531,0.9999357938226796,0.3102710213744266,0.2611161223252127,0.17604874601007572,0.3282486368522072,0.010759120502159589,0.0018968305296697605,0.3400485089662839
SAMPLE_03532,0.9998989658641143,0.5065265202381407,0.1771802713142731,0.9811346720153964,0.24372392765123863,0.006952365184140679,0.002412845303765991,0.19896829953933146
SAMPLE_03533,0.9997805624262801,0.19145593585946374,0.3474793360389804,0.8906964530096925,0.44306725707640543,0.07257123368908931,0.0025652391979796695,0.2493095758273224
SAMPLE_03534,0.5195120895004491,0.06200195224194951,0.13834467185937527,0.905627800338063,0.6243741399926459,0.0001950367038622958,1.0,0.5179990150268424
SAMPLE_03535,0.3377509872689008,0.01198737644995006,0.0009524712753820801,0.006579867775686578,0.09312561247704773,0.0001432431303773769,1.0,0.08770530295452358
SAMPLE_03536,0.7663985410532094,0.18928163792983588,0.040575969157590895,0.9945952062552659,0.5254841846092617,0.00035634031340835853,0.0005734749661356514,0.36567201708242114
SAMPLE_03537,0.999839585996039,0.4815244538779514,0.32527959031588977,0.9965214542013004,0.5562227190802438,0.04388756703234263,0.06706246696682261,0.27002123038414255
SAMPLE_03538,0.3648921189196134,0.09634662472080957,0.04613765955112309,0.6123374052482629,0.36789512485016224,0.00011658182699350996,0.0002552330802961354,0.29039392837635297
SAMPLE_03539,0.7712845195167064,0.4765628076390932,0.20518546732270287,0.998777715071629,0.12413208513214588,0.000154826406092272,0.00012105813835472722,0.1376394254473659
SAMPLE_03540,1.0,1.0,1.0,1.0,0.1540592676605815,1.0,0.9992959887035051,0.27212371703144134
SAMPLE_03541,0.9999301825008482,0.1832218632854009,0.2173582879252134,0.4930263976284753,0.10739481495893263,0.04088585449478415,0.013849808449844864,0.10840506935309568
SAMPLE_03542,0.9999097409283593,0.6847275470145292,0.5966608167356291,0.946488482427846,0.515329582148647,0.006157182991686645,0.004666670769081249,0.42125826868535904
SAMPLE_03543,0.9999282139289575,0.13440641331505784,0.09054680342955665,0.30129606471159054,0.17767963027323655,0.003730586696726127,0.0029067767299178543,0.10203125895961981
SAMPLE_03544,0.212809080186443,0.015624201398625314,0.01635547345458104,0.15889421693250566,0.21074457764787544,0.00011776109095173906,1.0,0.19939687554482383
SAMPLE_03545,0.9999319553949226,0.14821670627078437,0.05875104756801428,0.10378109407592107,0.442547802165764,0.002370809571109305,0.002934843022320575,0.2559691705439996
SAMPLE_03546,0.9998978551388369,0.033587761049055934,0.06660878777212181,0.08082766550107509,0.06982521813182845,0.012546292060436818,0.0017391645045356208,0.0477592878070494
SAMPLE_03547,0.6797101188477847,0.331612118153368,0.14396309896207748,0.995905172302044,0.20459983407541515,0.13115845198770718,1.0,0.30557581583968446
SAMPLE_03548,0.9998343657232421,0.04683054502122952,0.015529256419283318,0.026489420805726572,0.17397502828457437,0.0007255099805108152,0.000308278227253295,0.07143259801364547
SAMPLE_03549,0.9997291824378983,0.22201887154026015,0.022397969307303395,0.058974314573228194,0.07172191871716481,0.017903401782176896,0.0016158642813882892,0.04699375312154906
SAMPLE_03550,0.9999142157065382,0.23922843067969826,0.018010290423135546,0.19044547825795138,0.07655325620889636,0.0020293187658157507,0.0006944070584087384,0.0839303141880857
SAMPLE_03551,0.3274047143435827,0.005414916210212973,0.32346141838854514,0.08899016077821209,0.3269828286041429,0.00024894255129986436,1.0,0.4030354629709839
SAMPLE_03552,0.9999283897480369,0.030770580323540166,0.038032772284583204,0.1799164081985526,0.06556158694616815,0.0034439249228663815,0.0011400485405818205,0.045572144524759425
SAMPLE_03553,0.9999350993917371,0.16212811723018183,0.07207213026815798,0.09553858234949768,0.1490967175920364,0.018417758190110246,0.000559779973793134,0.14366510638788665
SAMPLE_03554,0.9996828537523582,0.07548621534810947,0.019593263953010958,0.05180897018233752,0.05331685310669813,0.002835255275057781,0.0044425475550164545,0.045498769664381135
SAMPLE_03555,0.6095141787795976,0.10372562889465575,0.011910554767253438,0.20417618284362993,0.022335601910155337,0.0003412373616570524,0.00029915379078421884,0.03009200909695563
SAMPLE_03556,0.9999193576996737,0.0977472004557422,0.05513761222259529,0.2653571412387814,0.040320927328431934,0.03150496012933929,0.004496746177153528,0.04122585663605609
SAMPLE_03557,0.9998932652239315,0.5462837755701682,0.2495478090381058,0.992705529987445,0.464805948851193,0.07461501594647726,0.003500302315904228,0.34918124099458936
SAMPLE_03558,0.9999329274098073,0.06235929117542653,0.0654380396026797,0.1718846084902652,0.1531636866040402,0.008238635289845968,0.0008742435218779869,0.06721070488644179
SAMPLE_03559,0.9999382631031635,0.04766230693028876,0.20352002316572165,0.08322092453422848,0.16359790386777595,0.0033766023944193126,0.0006501281195749685,0.1497572872894583
SAMPLE_03560,0.359030880139451,0.025447545366396762,0.03196381180641396,0.961104391360361,0.14983369273018565,0.0015110643731704948,0.0003512774093088883,0.0937827934468431
SAMPLE_03561,0.36077461958855717,0.0738432966677796,0.14058357225612556,0.13385554492516258,0.10965275966429626,0.0001196373113429548,1.0,0.14479140966522733
SAMPLE_03562,0.9998742600252406,0.08470892518791504,0.03901316972900278,0.10430363593727043,0.15875467212616043,0.0007401930522594933,0.0009412677492699507,0.1623115525868128
SAMPLE_03563,0.9569176412202957,0.6067092366314906,0.18166678680760115,0.99496129058362,0.6320023282519331,0.00021367468366871692,0.00027665000753065067,0.2717644428123502
SAMPLE_03564,0.8592628409895525,0.1843945262368886,0.012187506726193969,0.9955486836934859,0.36702201356742326,0.00040325362849222236,0.00012140323326717184,0.06723199762282409
SAMPLE_03565,0.9999364336512511,0.07862586181177796,0.14447463969156807,0.1096290978577364,0.054176019809934514,0.025154155804089286,0.02246983715067734,0.06712747943493155
SAMPLE_03566,0.9999320424679036,0.6025872869102668,0.02529156759818798,0.8862686941118213,0.016831790153300996,0.007142158502445807,0.004197311506772998,0.02289304412658493
SAMPLE_03567,0.908226453818186,0.2345612650596593,0.2901922810907948,0.9810140985653792,0.4350487159173377,0.0004554879010915594,0.00037035474452435285,0.580038921715212
SAMPLE_03568,0.21862388395541724,0.025563096993071556,0.03294063027710946,0.2591120873087033,0.31511784476764954,0.00010602016919534617,1.0,0.1827273314270141
SAMPLE_03569,0.9999352098944133,0.03766614642682517,0.03661567303680286,0.05902212685869969,0.07604628755672724,0.0013164334354994005,0.0011204645437468308,0.079372775081124
SAMPLE_03570,0.999938125440854,0.21806848792372896,0.5132735769892995,0.24937710992493592,0.7003250486818835,0.007556862502473468,0.0008345015840734632,0.679686354373265
SAMPLE_03571,0.9999133774252249,0.2918186360450167,0.09207174761315069,0.921986685080029,0.23279245571679033,0.002191514115030186,0.0013100421848679597,0.039562489557916906
SAMPLE_03572,0.9999345950873024,0.632601743590082,0.26249912723678326,0.6557463218000966,0.1893787101988195,0.1469468961818599,0.00827459635179759,0.23837369906864084
SAMPLE_03573,0.9994802386962979,0.20503819071963897,0.13055729548031872,0.9966624178361922,0.4043479796295658,0.16613866628593862,0.017430682828917823,0.25922970210947405
SAMPLE_03574,0.15013874239710867,0.01773757674452736,0.0010563746251761052,0.010435688045434429,0.03909121143427985,0.0001499322049359126,1.0,0.051278728902016235
SAMPLE_03575,0.7789172296180317,0.04421372072339103,0.03892169482414955,0.030018473711848515,0.4640454465979486,0.00012653002368817194,1.0,0.38001302986845015
SAMPLE_03576,1.0,1.0,1.0,1.0,0.7496810160775577,1.0,0.9995343988631384,0.8610065558008477
SAMPLE_03577,0.9999288817302098,0.0471667838551962,0.0419950077529135,0.244556608616639,0.23606104087841834,0.004248516934307462,0.002649106979295014,0.30040921122080944
SAMPLE_03578,0.9999346638915414,0.12346393862290957,0.07017170355848644,0.217535862869511,0.03268696282595059,0.020352804572724027,0.01254549854208247,0.03565187129878195
SAMPLE_03579,0.9999312218866463,0.03588017792608673,0.03255881006394456,0.07203665146674562,0.11258417826688227,0.0016313484808290941,0.001439403235747863,0.06550552100691368
SAMPLE_03580,0.34610215354378354,0.039257372078100615,0.003546354035750216,0.988018010472897,0.062094768353004856,0.00010027641362512654,1.0,0.0754257140816503
SAMPLE_03581,0.6983107343372832,0.08396574320912974,0.02308028682009792,0.9952145054047206,0.4523541002970841,0.00014930813037844834,1.0,0.43434870539953635
SAMPLE_03582,0.9669975103579882,0.3469420923313097,0.14438835248549703,0.9969980255543722,0.8039250684823447,0.004446269435980985,0.0003658660553741389,0.6372723757022264
SAMPLE_03583,0.9999137324935339,0.08524704384053103,0.2183912649157984,0.16658221437070453,0.44799815904873,0.1639783142232351,0.012239796927052364,0.4068821359324559
SAMPLE_03584,0.7594485513020597,0.05413141403953314,0.01380604248279283,0.42332068334050776,0.07060441128239212,0.0005990708643377984,0.0002100744261095355,0.07349876128438151
SAMPLE_03585,0.9999272465529607,0.0931172388741371,0.03955977485567167,0.21800770532510488,0.13523914352495814,0.0017401446424309536,0.0011827370136493303,0.07324056988791086
SAMPLE_03586,0.9999313841323456,0.010443687211765373,0.07647801560383402,0.10007627956909211,0.09602813957923835,0.00060606787275949,0.001123260399477783,0.02636010180304421
SAMPLE_03587,0.3553328714046893,0.0565180705924632,0.25881521372145505,0.4770916368812693,0.5531817064644254,0.0001305010240704821,1.0,0.42980275908078963
SAMPLE_03588,0.8298595220614409,0.027799716425235786,0.59741559617085,0.8104008719439051,0.9496369657244061,0.00010560632344884136,1.0,0.9616889428950731
SAMPLE_03589,0.9392485396175264,0.16860699474718133,0.049243493512115946,0.9974716824531817,0.535466979593294,0.0004716873537430817,0.0002625060973190583,0.17573133606515048
SAMPLE_03590,0.2711280596563789,0.12035098132425266,0.0011273324062570508,0.018661092992552624,0.2278795952148897,0.000658558152783045,1.0,0.2234942674149812
SAMPLE_03591,0.7728928982543275,0.09500451901583043,0.21860821060136554,0.9895216765610723,0.46825506071961015,0.00017562020624961318,0.00019960655149131316,0.3798798966724685
SAMPLE_03592,0.9999286984356355,0.18610881365500637,0.09639527592662486,0.9939143927047441,0.113834659945107,0.021016186671735493,0.015075655689328471,0.12358381844137181
SAMPLE_03593,0.9998947668264639,0.18566436806438497,0.06175215577609232,0.858889337784818,0.30841081277532856,0.03453098281357865,0.0006391044808648427,0.16323046024224544
SAMPLE_03594,1.0,1.0,1.0,1.0,0.8628260644510428,1.0,0.9996003315646945,0.7891256713347998
SAMPLE_03595,0.47331846243221404,0.25097520426620895,0.03684225230047726,0.9893484514657214,0.7040334064228974,0.00011417222455159241,1.0,0.6539950753486619
SAMPLE_03596,0.9999347983569795,0.16876912019835416,0.021082094407969376,0.24641691367055468,0.04861398712871429,0.0029546555527240363,0.00261151411798704,0.013333093634383546
SAMPLE_03597,0.8780293964548911,0.3206040151769337,0.04606176284152928,0.9951644470279752,0.05288184804903566,0.00013129185793433982,0.00014317675861134688,0.055016829309215406
SAMPLE_03598,0.9999145770770431,0.16661723859007366,0.03949146481288758,0.13898874267397304,0.0422800070026423,0.0010897109481143787,0.002699996887311902,0.011356541311810919
SAMPLE_03599,0.5919581337413945,0.0027312627741934944,0.17164145438431652,0.16138310932886601,0.5608710167044691,0.0002459897525202431,1.0,0.5537021371026009
SAMPLE_03600,0.9999215292364522,0.07887494667272259,0.1560657285821559,0.3098732687260283,0.35016030300303835,0.04154543400654909,0.006253165460450039,0.3591413470668406
SAMPLE_03601,0.7971317551981332,0.2970501116472545,0.20912918849793175,0.9975197480243922,0.8244614947638531,0.004298379563738765,0.00020574184233987242,0.3583226561267705
SAMPLE_03602,0.9793862491724573,0.15272624581223432,0.08764404764773165,0.9215238002446,0.6613361886461078,0.0014633647452219423,0.0003997292858520343,0.6120405607778173
SAMPLE_03603,0.9999252526960811,0.075162342259813,0.10062457383798051,0.18281368126212935,0.14530671122978803,0.004191433269320283,0.003097493686686318,0.15085751049345317
SAMPLE_03604,1.0,1.0,1.0,1.0,0.6783429061899979,1.0,0.9989509711407589,0.6682471590974783
SAMPLE_03605,0.941391823426582,0.6310704117640726,0.5361770118955674,0.998601949072461,0.3930594427804485,0.0006562873245986091,0.00015966837012686732,0.4724492295870382
SAMPLE_03606,0.6822130792888264,0.04772444135396445,0.031569578016568685,0.7357534267208435,0.35081620030879057,0.0001134255322272464,1.0,0.25174113962626016
SAMPLE_03607,0.9999363281834182,0.07362526154601158,0.005825361100292158,0.16315378062675534,0.024771779168483783,0.000642716245369178,0.0004013308522716272,0.004068478825408432
SAMPLE_03608,0.6816519830379586,0.148958943195567,0.03215327131446405,0.9635278215532723,0.22863954340467402,0.0008123667852745666,0.000143884587004997,0.21670604720001158
SAMPLE_03609,0.9999148011070906,0.0346900986115985,0.00822914730649767,0.12498743993394175,0.05325259095300838,0.0012635131001628296,0.0005381635200186378,0.029114550176348286
SAMPLE_03610,0.7607110552039019,0.2512267166423177,0.02288871168511187,0.9937008259967559,0.47927669260040834,0.00803917978597655,0.0016115084084736466,0.12148976187676715
SAMPLE_03611,0.9999358446445588,0.10303321730409198,0.12690057456321543,0.13014736336322885,0.09998776555909791,0.005154004406318129,0.0010743207419753203,0.08876633850924145
SAMPLE_03612,0.9999352002300697,0.03979257214908334,0.015263236001390363,0.04176998240381686,0.012612443020274524,0.0019488894174540029,0.0009311939871130389,0.016410503944205013
SAMPLE_03613,0.9997329447419604,0.39012036416655016,0.5357920678452318,0.5019273325558816,0.3702292682763055,0.04197109043478965,0.02147887492777198,0.4735850116363484
SAMPLE_03614,0.9998578049987206,0.18958721213253946,0.39479903516913495,0.3894315550643302,0.3149416148437125,0.220033001205361,0.012954574311660241,0.4094876323858639
SAMPLE_03615,0.9997872565675096,0.08189077126348816,0.23069237841152926,0.5674108765709933,0.1315037152475293,0.01709645745910295,0.0082946503217111,0.07596161071883943
SAMPLE_03616,0.9999230598296058,0.3886724201738144,0.3529224224504089,0.24999712046797282,0.26499026268617965,0.18301477250908996,0.1038095587782375,0.1660954085806976
SAMPLE_03617,0.5433413169373489,0.15388935632446252,0.09038435648614765,0.9766222210577226,0.059561715159632746,0.00020466174164149195,0.00013869224363335534,0.02309626565341257
SAMPLE_03618,0.8236471887769297,0.24792807543277595,0.04108998866828646,0.9842181397015619,0.47279290393158047,0.00024401019698984942,8.41273318573571e-05,0.24253465257166457
SAMPLE_03619,0.9999278024994286,0.45014148274855686,0.5286478770217046,0.6533759711779178,0.7469873561579085,0.1338049365444875,0.007751179446554184,0.5120071991929859
SAMPLE_03620,0.9999268208548177,0.12802953195175415,0.034523586632766314,0.1701034829604465,0.10011439936521323,0.007198802125134939,0.00149222828624232,0.06161103993493834
SAMPLE_03621,0.999802577529783,0.43214894297315654,0.0989440055756253,0.8256134523593414,0.1822897054407728,0.009338567014257664,0.0010034519681917091,0.06901745925800916
SAMPLE_03622,0.31158536000989434,0.009700510746690724,0.05236594380701204,0.034782319471904036,0.21682538818899877,0.00018560159485751722,1.0,0.20813358754269692
SAMPLE_03623,0.9990273833894697,0.6461147550200741,0.06819684297188913,0.992974208345594,0.17135572515488956,0.016243631913837896,0.0029393940277674616,0.048615646736141806
SAMPLE_03624,0.5890339391148254,0.24155622262012016,0.18465795406736357,0.9695023185014687,0.6561638769449638,8.27692154890264e-05,0.0001204122495038251,0.2860392309349173
SAMPLE_03625,0.8117782467380149,0.25672889970477647,0.7127436681008076,0.9950522047586711,0.7937929307496797,0.0012972291716160623,1.0,0.7309296396607613
SAMPLE_03626,0.9999295922944785,0.2332402184426839,0.1776027323345282,0.6484055036269034,0.2754238028687571,0.014883595290129822,0.0013883779515249971,0.18051324380113537
SAMPLE_03627,0.9999150211550409,0.38479036598447813,0.03985369967646399,0.9947908043780179,0.12574492799160072,0.0006563329586635527,0.0005664202530133183,0.059908674925946
SAMPLE_03628,0.9994423207827399,0.6536143348094529,0.4701125663173352,0.8475150217933433,0.43104510859786016,0.23145599317109386,0.746735953198337,0.6075925872595688
SAMPLE_03629,0.9737199679066645,0.6179125344749065,0.8635432260278014,0.9875738553870386,0.675507172374698,0.0002871096720162262,0.00017844773376127348,0.6164886527961855
SAMPLE_03630,0.7665591299827538,0.19975784451906353,0.021863735046093742,0.9953606825638858,0.19434582441149698,0.0074980320467718355,0.002261378299239828,0.07256584127146913
SAMPLE_03631,0.8323806780090773,0.09272751297422563,0.019241313425864666,0.9914243327353759,0.09859713643285281,0.00011514249013134015,0.00010508237572017446,0.16371382147716645
SAMPLE_03632,0.6541587497932679,0.4059257345677768,0.033418713113222365,0.999417884140183,0.07716439482405425,0.00010137679699451657,0.00015553618178405004,0.14523580734680194
SAMPLE_03633,0.7272071821237203,0.008338626927240397,0.006874014366818483,0.8759632733791314,0.4937216534492112,0.0001254481454713044,1.0,0.6093965221456216
SAMPLE_03634,0.9999259506706265,0.04162550719703537,0.06719830874398315,0.07879612524647697,0.07806890374622352,0.006503642335171163,0.00032142922291529725,0.12522295378625628
SAMPLE_03635,0.9999335289172363,0.07682253700485908,0.14850334123433082,0.18207347790977796,0.1157886246212401,0.01909486626827875,0.03432807644971173,0.06431682217291221
SAMPLE_03636,0.9999225088770103,0.5910398643120764,0.03311081618429843,0.5534526453049786,0.05888006728849119,0.005428997263393606,0.00110109250582858,0.033397116777232866
SAMPLE_03637,0.9999229624291935,0.3489717749766035,0.26421006493128374,0.9986096304459486,0.2803861419568771,0.017586514349912936,0.004761632606269738,0.29340007704685067
SAMPLE_03638,0.999934691962063,0.05466152174158958,0.01942641542908182,0.12728778401524185,0.03980955746365034,0.0006354978709673053,0.0015654182939756581,0.0075788417185819424
SAMPLE_03639,0.9999238606051787,0.1047338562523075,0.03215279783728809,0.02318156692871501,0.049517839793457266,0.0027254629284354007,0.0015002468363036012,0.03804527321655108
SAMPLE_03640,0.999900452380013,0.1747607824560437,0.06540402363183295,0.9933850564743805,0.14909195165489184,0.02659010066517061,0.007110915010370475,0.16691471310499026
SAMPLE_03641,0.8844705804692682,0.6093294756260853,0.5275491962534989,0.9984394527133469,0.5728832037174889,0.0012659195409175606,0.00042708325744070534,0.5946721369601231
SAMPLE_03642,0.0582018826744274,0.0796801503572531,0.0012673291461188633,0.1948689589344398,0.16157734698793455,0.0003222529072164895,1.0,0.14605851466812686
SAMPLE_03643,0.9999325332385339,0.05072643911146635,0.05162915584247628,0.042777531780610285,0.24576860375435805,0.02185012535804994,0.00940447730663171,0.13576086137679813
SAMPLE_03644,0.46028868898564673,0.13744031038046242,0.04240361957794308,0.21363788263180913,0.15328780086930832,0.00015695579998551806,1.0,0.13150561095388463
SAMPLE_03645,0.9996390175172276,0.23271882983082365,0.04014827003378705,0.988687164828639,0.1923848699369747,0.0026365653535971433,0.0021565143192280242,0.3544172134167549
SAMPLE_03646,0.9998793257772887,0.07829483394367914,0.06555276195065525,0.9575329686029261,0.03114495254332459,0.00029089314651182147,0.0003643756489295234,0.0140756452165739
SAMPLE_03647,0.9999157757186063,0.04183384538663702,0.08083685009554235,0.1014258491421125,0.18329102025274463,0.005679784879565379,0.0008114776176660909,0.03908069053615034
SAMPLE_03648,0.9999227735359147,0.06848147877455128,0.039937841236015334,0.4778719244901574,0.08951024363920737,0.014274117137402457,0.0005888651136046208,0.10387478450725925
SAMPLE_03649,0.39357788915065584,0.20256851151396216,0.01661560816707459,0.9825376036856422,0.17031830319653382,0.000790378699275504,0.0002631328794094879,0.13305932260769238
SAMPLE_03650,1.0,1.0,1.0,1.0,0.4946098080878592,1.0,0.9994976977063914,0.5632557628789924
SAMPLE_03651,0.9999318080520384,0.02967845580634833,0.02771654492123727,0.06168769948196843,0.09717754441620524,0.0009408707848972461,0.0015508083447781727,0.04140797986297318
SAMPLE_03652,0.8690113470345693,0.3225599366846819,0.13879661163659351,0.9856327763614475,0.05597824866621041,0.009036219178696151,0.0005373908739779727,0.06264741734942376
SAMPLE_03653,0.9999250000647393,0.1208986585880288,0.14473824058396034,0.3191868629593442,0.33667160228339954,0.0005102129099737427,0.0005234105912003846,0.14278692471845444
SAMPLE_03654,0.7808988643895203,0.4929220665406824,0.10112667603209233,0.9990160064470812,0.11024681798956348,0.0001357734392180756,0.0001915899508847263,0.3615389517439418
SAMPLE_03655,0.9999293537231786,0.08393952807923584,0.07531980222979799,0.05649197015475669,0.2615801504344308,0.001964656320631711,0.0022040317055132446,0.11504195800056449
SAMPLE_03656,0.9283271145266145,0.30617929452296266,0.6377667775379023,0.6648628237161793,0.9275778715537392,0.0032015866411574403,0.00019941473964025217,0.8366848561286198
SAMPLE_03657,0.9999362677599841,0.04388302242438744,0.021068990822036587,0.04628660001582103,0.06245171348720293,0.001816017825301401,0.0005385749544138088,0.04243273972546858
SAMPLE_03658,0.9999368505160866,0.09974365137408349,0.09226588882703027,0.1448605953912156,0.11490700854052975,0.003921189532755144,0.0023549857531516153,0.12641551539732232
SAMPLE_03659,0.9999333849130035,0.29552431037523874,0.23100460947946572,0.5018847710090117,0.29304772165089854,0.022663252863369704,0.0010079279527579162,0.3410967517618375
SAMPLE_03660,0.9999380185482878,0.03582426441701782,0.08635422461370813,0.04864496042520357,0.2342930740554201,0.003424131667928573,0.0006194421269219517,0.12981516073644955
SAMPLE_03661,0.9999359230146668,0.009194913746256226,0.007004015608810606,0.01990326051872229,0.02406787605480269,0.002002251800184203,0.0004737174600987354,0.033454702582491544
SAMPLE_03662,0.3240897033097766,0.006753115781362373,0.08293771513731968,0.129649691932747,0.11920646018500643,0.0001920146041101986,1.0,0.12515317093583217
SAMPLE_03663,0.9203551230500429,0.19169630737975757,0.5541894595001488,0.8264151290768188,0.7696460057835196,0.001243995157475363,0.0023363934256956306,0.6718143483592522
SAMPLE_03664,0.999934971361405,0.03425427179081212,0.050071166827616656,0.07317361414453659,0.08365530229516052,0.0009987329254412594,0.0007096776962699638,0.03307160578053035
SAMPLE_03665,0.9999304921809363,0.7836171336552861,0.9742419198699143,0.9645504704978706,0.904357691387542,0.245121035395745,0.0058510316418198035,0.8904613050011221
SAMPLE_03666,0.6398950053772746,0.26262258264631677,0.0383655625394242,0.9767451767946567,0.19705464453375277,0.0011038198342158806,0.00029504875805094137,0.12945472808553654
SAMPLE_03667,0.9692687177501191,0.33621962699542607,0.11783313239386786,0.9432115278151609,0.472535241425658,0.00013987576600809005,0.00015889971605685644,0.250891483153722
SAMPLE_03668,0.7311623799117613,0.20319019098713237,0.058554075428001326,0.4369922700763821,0.47605359180707474,0.0004944244946682348,1.0,0.41438177180975266
SAMPLE_03669,0.9999376438640344,0.1792546304809386,0.073833125959385,0.18640318107920734,0.14022619356566424,0.004653255631552245,0.0005038584838438137,0.05187422891224132
SAMPLE_03670,0.9999253602071267,0.023219861148092165,0.013167437978536246,0.09559308248064244,0.007726911271402648,0.0005971102741732651,0.014256061319608654,0.014424534988853469
SAMPLE_03671,0.6846038264755351,0.28106706061427655,0.11023640297783317,0.9985135144636127,0.6449452872197525,0.00014585391241544085,9.989396201261607e-05,0.32100248997242053
SAMPLE_03672,0.596847394396007,0.02336985570459758,0.020328082612966588,0.04679071163053604,0.2357862440708542,0.00015948564008673934,0.00014078151949299239,0.41532249849240827
SAMPLE_03673,0.6560857737730037,0.11125339951523845,0.06258748273719465,0.9872438810002959,0.11550673803038203,0.00017460824329737192,0.00018910331497212982,0.109630494437995
SAMPLE_03674,0.9999199106377377,0.19735356289441,0.23077949426577696,0.4608030700953515,0.32298410914558934,0.017609951374998465,0.000651087998323473,0.2526184024052853
SAMPLE_03675,0.9999314952387877,0.016424646875998775,0.00583045554489597,0.028128950764764273,0.021775235183223312,0.0013739254139185685,0.0009913387800469732,0.017298591298051703
SAMPLE_03676,0.9999181060963483,0.06423222195565385,0.0816126775291391,0.1634197156746849,0.08694245772751373,0.014395552204454756,0.0017326712932295245,0.07105180815278941
SAMPLE_03677,0.9998931832116797,0.05853753357235435,0.1780745205238531,0.061630048590358366,0.11189345253173415,0.014303008047203924,0.0039991645595957494,0.1544837833625542
SAMPLE_03678,0.999922918859229,0.3675445154081379,0.2387396761919965,0.9797988471166581,0.44293208320315963,0.041866526681423134,0.04256491871835609,0.5698432066474544
SAMPLE_03679,0.6181872832787006,0.02320385477029772,0.30961504605445456,0.8304849117324469,0.7975236659789461,8.93789513796184e-05,1.0,0.7701444665452762
SAMPLE_03680,0.9999242287984327,0.06192773853495846,0.039374147143210185,0.22661747699125226,0.04843997113104524,0.003721778136545373,0.0009161846839221444,0.04708245354463518
SAMPLE_03681,0.9998490329471714,0.11304940266234893,0.012664824471903091,0.9982075827824332,0.24001544376555567,0.020906018192388545,0.0027364434888941763,0.118359436211913
SAMPLE_03682,0.701482671095583,0.13073453010919905,0.03790345027032764,0.1828916171375964,0.3058365806746906,0.0008780759346165157,0.0005731551474141605,0.26800773659541827
SAMPLE_03683,0.9999216477857858,0.42398442234905415,0.07525382179479567,0.6521423855630741,0.19325553299487566,0.004098280922714708,0.0011903416058692976,0.08461939886624034
SAMPLE_03684,0.9999061017293733,0.035018637099728654,0.0077399861596531335,0.023272826129848025,0.05059467126698598,0.004292472338893678,0.0006781514426117069,0.031032627383374246
SAMPLE_03685,0.9999229763029414,0.21930282911434631,0.2432447728744657,0.9988764224511169,0.2986656688205142,0.10353464071606991,0.03082842747991531,0.22785503588278103
SAMPLE_03686,0.9791086796070289,0.7274244209990728,0.27458935968254794,0.9971415692952398,0.8766980122193553,0.008561528125790389,0.0004020630683018632,0.38245567349693016
SAMPLE_03687,0.9999397291049729,0.0861572236516783,0.06715552750759557,0.09644680381949193,0.21962278175926472,0.004184138422461024,0.0006074682306361813,0.08583569421296133
SAMPLE_03688,0.9999323090647547,0.05000591616059176,0.033189954375063294,0.0507055151526382,0.1431228748132972,0.004188581139303508,0.0003979064292501137,0.08277627407810777
SAMPLE_03689,0.9997751413650114,0.037026559735449514,0.044113688201847696,0.06267437800030991,0.07824551169790565,0.005568344196188734,0.0013056358383550586,0.07457138979171177
SAMPLE_03690,0.9999281392142688,0.03711963884935772,0.011537980106646173,0.06876478135669294,0.0859722026984416,0.009265737945408577,0.0005859019177027241,0.05882893695034398
SAMPLE_03691,0.3790445034719606,0.31445862430987304,0.2917495410887893,0.990547503057352,0.8273391946912009,0.00017246815321609864,1.0,0.774552621153709
SAMPLE_03692,0.9999073659220862,0.09164783984761866,0.013362705797260543,0.23636077856844087,0.022137234799593515,0.0012814148535141973,0.00048328742110583905,0.01435274917707757
SAMPLE_03693,0.9992472183717783,0.4651359095203679,0.4392624383858717,0.8360944336344887,0.5681480425509084,0.16991925211962317,0.25566768991060596,0.39427619036873013
SAMPLE_03694,0.9999304766538355,0.02090068206481363,0.07004663022411257,0.0607358300204189,0.22626822075774036,0.03630777916439373,0.008231377717237278,0.11749409830731664
SAMPLE_03695,0.9999347999326021,0.031311304023181066,0.07594740075917113,0.0643862544187818,0.10723483403136591,0.0011410877853388008,0.003767814070889513,0.024915976419274684
SAMPLE_03696,0.6862469524381244,0.14872498636426437,0.10037256243357333,0.9949380797016305,0.4453578331460932,0.0014860154163940794,0.0006056175887944379,0.3379841405227578
SAMPLE_03697,0.7184063490913192,0.09329913788056249,0.0761350274534146,0.3620268881969459,0.22079585768897045,0.0052593784481462826,0.0003771410363200648,0.136010165042096
SAMPLE_03698,0.659567971839605,0.16338399409278997,0.06880179089901908,0.1157351477241844,0.49055835723353153,0.00018618510817331355,0.0001308552462285952,0.512806411516293
SAMPLE_03699,0.8346619577167292,0.6265210082947759,0.02737780289438187,0.9960887550080211,0.11070053299614047,0.00018805050214362244,0.00019095888793015187,0.14644434234791132
SAMPLE_03700,0.9999210695311792,0.045415394844607174,0.024835053716485613,0.10260493168842388,0.054079260190206944,0.0011547591190984277,0.003766425252051203,0.04004350517933265
SAMPLE_03701,0.3926779931769624,0.2398341326146182,0.040599579244118875,0.9989982247617901,0.22637486725374792,0.0020867948807952452,0.0011551164476257523,0.16445913892259392
SAMPLE_03702,0.9999259597579917,0.30858738016011716,0.3005757944070555,0.2386518943544516,0.3554375252721629,0.05502116157472954,0.013735193190406924,0.3114871172909597
SAMPLE_03703,1.0,1.0,1.0,1.0,0.9628571831886189,1.0,0.9994534654845546,0.9465837252028312
SAMPLE_03704,0.999905421895044,0.12991708452769157,0.24326746124366522,0.1886756378924592,0.6794920973435639,0.016068441807345568,0.013632640034774036,0.6793882298437753
SAMPLE_03705,0.9781270567932756,0.36116203126019636,0.1546275778834003,0.9974333536593104,0.49178340112008767,0.002261450928435111,0.0005506498304697684,0.48223389808254097
SAMPLE_03706,0.7867542995654048,0.3923184954563514,0.09623092926772499,0.9985690575463106,0.14012018523798445,0.00010952825618563895,0.0001087814152160609,0.16924693976964694
SAMPLE_03707,0.9999321602763447,0.06781469113636777,0.017847107290141703,0.07798380600094566,0.06895650337435161,0.0022584612488961812,0.0006443956260929785,0.026186370275517994
SAMPLE_03708,0.9419798698685471,0.014573284339331938,0.02195999791494678,0.03641575599553328,0.10109740387202071,0.00022059724549116554,1.0,0.11043742890959933
SAMPLE_03709,0.9999335807523677,0.7997849517640476,0.031071778451292997,0.8017492363976038,0.06416790283419789,0.007216131916914943,0.0007822300708896132,0.027930687806470865
SAMPLE_03710,0.9999390838189965,0.03540924816222592,0.018874429129714786,0.0838146407735147,0.09462675254676756,0.001983662557441211,0.00048525935346689804,0.08993514545606289
SAMPLE_03711,0.9690064345965365,0.7359329183115391,0.19843981190717994,0.9939063967896251,0.5150451749405454,0.0001399637105000941,0.00013662255673562587,0.43917503068105523
SAMPLE_03712,0.9996460475889561,0.36651557863630974,0.05845426007942632,0.9785437336773635,0.10326824149775934,0.012788226468835224,0.000905288595514241,0.1271367395366041
SAMPLE_03713,0.9999340667772394,0.028583426372017932,0.057771194733939324,0.11994859938003603,0.04947895655478808,0.0010298875856343567,0.0009660746393271913,0.026374627432305876
SAMPLE_03714,0.9999274702688723,0.23871717033893142,0.5736150845983498,0.3937405604134818,0.258434282656121,0.057133757788932704,0.011233215541252704,0.4074131137790272
SAMPLE_03715,0.9999324166775949,0.43689033958913903,0.07095448118022021,0.40111140415604807,0.20087183543537973,0.0008008639910182941,0.0007409014706667712,0.09376032237164587
SAMPLE_03716,0.7092087528730064,0.10754891093109645,0.0943333721411856,0.9991702634437892,0.5982957164553356,0.000206833389604856,0.00026004209744502616,0.5186599870035418
SAMPLE_03717,0.9999271517992965,0.015175934594992547,0.009407016512205792,0.026355054785212016,0.007469965580544582,0.0013013991978854725,0.0006103465581964523,0.004562240380598553
SAMPLE_03718,0.9999277023391633,0.029549907133648974,0.1350336977983784,0.1632202935322898,0.20901485153736363,0.0005838896174220358,0.0010367748776705702,0.03136875952915308
SAMPLE_03719,0.9998507460030759,0.15740093808052066,0.2274300787805441,0.9150471359925791,0.6005783774408288,0.012696011255562764,0.003487018140846114,0.5032616558322125
SAMPLE_03720,0.9998847159968085,0.0682641788831361,0.08739482128649893,0.15795372029834873,0.0604830637973897,0.0035128261216204153,0.000505298623424034,0.07686195928491037
SAMPLE_03721,0.36985449260329106,0.01665689666448737,0.002843817966172385,0.01181693559843024,0.14774925901279665,0.0002336575843087852,1.0,0.1507803548611561
SAMPLE_03722,1.0,1.0,1.0,1.0,0.4263431221151096,1.0,0.9995482326272119,0.6461216873408162
SAMPLE_03723,0.23314932177172984,0.016095863121303056,0.002928481167123149,0.026341974802670875,0.11875493763828093,0.0001830979414247995,1.0,0.15514851439032723
SAMPLE_03724,0.8643931163060505,0.053716366884560385,0.08576285080861987,0.9979426783606051,0.564721027333627,0.00028420791892151286,1.0,0.6422146671567608
SAMPLE_03725,0.6445185082789819,0.2107244506135056,0.02897615207282652,0.9974389226272125,0.28836212601277833,0.0020516222226064336,0.00013077047879290858,0.13964973892498783
SAMPLE_03726,0.9878541411877375,0.2058857362828066,0.5621622763628358,0.9839342433410039,0.4082884329033741,0.01684188058670956,0.008219187588820853,0.46133293853323715
SAMPLE_03727,0.9998807942761239,0.3167303356585115,0.05687829737604483,0.2688336644846985,0.24739107247970238,0.00463745811933693,0.0008360321269482914,0.07569757236175073
SAMPLE_03728,0.8470885831813568,0.06464809089460635,0.048968064039494025,0.8035762273833876,0.29909386406220695,0.00043710403050675777,0.00021583228234461465,0.12011624612435064
SAMPLE_03729,0.9585407832339463,0.8943503442797957,0.8175653420117353,0.9989316723922572,0.8922317702521596,0.4671174332015305,0.00019415189935522603,0.8536060991191068
SAMPLE_03730,0.9997575327578525,0.4265672155617006,0.2659320994536075,0.6627880033879537,0.8446061916400971,0.0027253171972924477,0.02309432198094071,0.7649768386966207
SAMPLE_03731,0.9999111808839389,0.05379719466378835,0.11026422739809268,0.21651799013796316,0.1656368244851763,0.004796079510646855,0.0017866518935361238,0.09962826977454683
SAMPLE_03732,0.9166533838388287,0.04596211054027126,0.193216220196468,0.6219549334436023,0.8957418448977281,9.751040085723482e-05,1.0,0.9292366988381847
SAMPLE_03733,0.47459502063945874,0.17220077432189124,0.0015040500243391824,0.010325323474776023,0.446771652756659,0.00023769415621641152,1.0,0.3746815935021367
SAMPLE_03734,0.9998649014320582,0.5352675787584992,0.45233021937940593,0.936532262796568,0.44734970769532173,0.03568661446731198,0.004258116479000781,0.2759319100178005
SAMPLE_03735,0.9411960783795179,0.4427586609131214,0.2952840310788097,0.9556580056372344,0.8332715188022206,0.002089450161056261,0.00024731999446058785,0.4352680572061545
SAMPLE_03736,0.9999101565078113,0.21962277420606613,0.11215745470521776,0.9863069211463953,0.1314385809586825,0.012924744128780825,0.0085494290360115,0.2556096019829492
SAMPLE_03737,1.0,1.0,1.0,1.0,0.40391573688052984,1.0,0.9991080760321756,0.4406459043443009
SAMPLE_03738,0.9999267700350248,0.01773837079888792,0.031391105793848004,0.032697364699436376,0.11973691579759857,0.0005301360192218041,0.0011649963022746612,0.04624599318230745
SAMPLE_03739,0.9999354734456279,0.04199969455905479,0.031985440947976986,0.09555760112983913,0.06544488626104913,0.030597804085051545,0.001708229906159218,0.07630716386095364
SAMPLE_03740,0.9996924900689143,0.2271747042320066,0.10548291708101828,0.2967162071216729,0.08933453160449424,0.02083086665894688,0.004680147492735464,0.030087047107365438
SAMPLE_03741,0.9999019939080107,0.021357089765555042,0.02579053320197105,0.060480925163259015,0.044627002950726816,0.0017870629033651172,0.000845683195286282,0.050829314838411264
SAMPLE_03742,0.9999134093133412,0.04795890942943701,0.014987067525836728,0.04701006428823539,0.03151300426173028,0.0020755613279480056,0.000502621589135632,0.0423582610725252
SAMPLE_03743,0.3460885570616913,0.045933285535077,0.0811711059622927,0.14886107798631415,0.45861362161405417,0.00019245256323488356,0.0001128927069967742,0.3234573648849992
SAMPLE_03744,0.383618696898253,0.10257280948863427,0.23374018218810635,0.968061226863292,0.508924105459309,0.00021157385090113398,0.0002461257109213866,0.5422438852486307
SAMPLE_03745,0.8759352864158643,0.032149185297910644,0.01437491772045052,0.9334118670869873,0.4257541263347523,9.060864166310303e-05,1.0,0.39335687721812884
SAMPLE_03746,0.9999355212368745,0.0776182198558035,0.1055188090003631,0.14303056709889153,0.06835916270877027,0.0062543191206697645,0.0010082824899673292,0.0472238447777379
SAMPLE_03747,0.999809066109074,0.3910691472354372,0.23456278277196124,0.48654373602406986,0.2570753253600948,0.02086496033497575,0.009368694923654216,0.2504826741633758
SAMPLE_03748,0.5595180474735166,0.00794201311296234,0.012461851469051894,0.02529357319902032,0.11922241331027097,0.0005560689785267904,1.0,0.1298429995249553
SAMPLE_03749,0.9999058273597047,0.035058618601209485,0.06390087811820652,0.07736634083804486,0.12172595635625387,0.0018738612771773307,0.0005016799031663813,0.08442906449551527
SAMPLE_03750,0.6501714371727569,0.48112858533221364,0.47951770281011913,0.9928727957091178,0.3995553002367027,0.0011871787941519682,0.0004978877164111833,0.489066746367382
SAMPLE_03751,0.7488862002561125,0.007267248824102172,0.04223279543937007,0.01297797910380485,0.5798467035964809,0.00010427160449406146,1.0,0.597319730550051
SAMPLE_03752,0.1883033383477613,0.003659888214032099,0.004191110622853829,0.01215286107038807,0.11716339524773427,0.0002624995008525282,1.0,0.1484443747828248
SAMPLE_03753,0.4198447716641599,0.012896423480582305,0.021465160929205643,0.2923695526673763,0.0853485155665634,0.00011417809890937208,1.0,0.10643037990685038
SAMPLE_03754,0.07428925007161201,0.07324486393225485,0.004430606936942294,0.9841722163942768,0.06414530156105462,0.00014717784156502282,1.0,0.09701855830267993
SAMPLE_03755,0.9998651395244937,0.31090787963128735,0.6899149904107779,0.6147182579844579,0.6991340273139481,0.34462621953156725,0.18842019435032636,0.5106744158228339
SAMPLE_03756,0.8849775987193864,0.18504081936544403,0.03832310840042433,0.9986691397565496,0.09063305519453202,0.00033221533708073563,0.00027273353187674034,0.19548819126390254
SAMPLE_03757,0.9999374057055924,0.07837629521543157,0.041464168886381526,0.18335690758889694,0.44415425128562563,0.0005904309625558615,0.0007630011976465361,0.15784343996772487
SAMPLE_03758,0.999878923136982,0.37247452525484837,0.14019454074650892,0.9884509776155541,0.1558167079474225,0.0035349010623828584,0.0021929550053189683,0.1435418140469039
SAMPLE_03759,0.9999313004244692,0.3627193941337148,0.011316913022360977,0.5710827187112857,0.023374309641250472,0.0006941016934786513,0.0005772893393514286,0.00762257530805264
SAMPLE_03760,0.9866441380069432,0.6267808153840949,0.5082934175446262,0.9941286235080646,0.40754514079939613,0.002260055407583977,0.0010585665467365709,0.44393757340939394
SAMPLE_03761,0.9999027494820514,0.2882287865122013,0.11264042087219317,0.42177274538052034,0.40687666752581475,0.017678255521306835,0.003413304088806008,0.3685963069976906
SAMPLE_03762,0.9295895869273911,0.19395934148488003,0.025792929946227443,0.5008828857040737,0.26117657736107486,0.00012304935687212286,1.0,0.2980857500425684
SAMPLE_03763,0.9998939660984643,0.025982086854829563,0.03654451682592043,0.03096918444709515,0.2127325128153505,0.0012911142939758063,0.0006855549503572343,0.11967339709649163
SAMPLE_03764,0.999917563014322,0.3396305226458597,0.08380481240467262,0.9960098723203872,0.061920588665611564,0.012747438432049674,0.009429200605668816,0.060110857341454015
SAMPLE_03765,0.999915218681666,0.05620466535779585,0.04389072804660025,0.15753806047661076,0.0649034365181022,0.004165841507789041,0.003426210393639473,0.04526568296331408
SAMPLE_03766,0.9999111983487892,0.3948331950266016,0.06328758314554214,0.32304021570856956,0.2971272619576865,0.004486680489993147,0.0013059507088531018,0.23127929550798224
SAMPLE_03767,0.9999373717708118,0.041412268898038535,0.01922730571683201,0.07306608308721702,0.05738591836076075,0.0014395779638627522,0.0004606837909606456,0.03528243493286019
SAMPLE_03768,0.431014916074796,0.017646826474568687,0.0055135963617079856,0.992457304894149,0.04297582100376559,0.00021761209205518357,1.0,0.04221597197169582
SAMPLE_03769,0.9999319039895849,0.01257009727301463,0.04241647351949042,0.050221996663539104,0.04176070210959358,0.005769530821738415,0.005926774391687204,0.027080427589356464
SAMPLE_03770,0.36577092858906585,0.09850552431636164,0.0018139611645045025,0.9965379307692885,0.1950791817791895,0.00019538416649075431,1.0,0.17391974500326793
SAMPLE_03771,0.9999202231189978,0.08854389381889041,0.0652729975034543,0.14543016795222016,0.19716015981747886,0.006217298243244046,0.0009780417272625408,0.12486995770161166
SAMPLE_03772,0.9999205887687308,0.05948555115794709,0.1514272778561569,0.3137219153422737,0.0839666715279653,0.0019445302487472328,0.0005592911376766226,0.15117981481442183
SAMPLE_03773,0.7718891953473896,0.17042490884177058,0.028000401599899215,0.9956041895033024,0.26972915729486224,0.0007121334978738807,0.0004376839479687005,0.23774762995299853
SAMPLE_03774,0.903524902432425,0.4462716689856679,0.8785217860748802,0.9989804495969482,0.6517464574603796,0.002908794916228403,0.0017854210750473248,0.7707254782823407
SAMPLE_03775,0.9999387490360174,0.09896006062526577,0.061882912301368165,0.2669246874728518,0.15231033388390475,0.018288952584873824,0.03845275475882292,0.17663229232149158
SAMPLE_03776,0.9999138890507883,0.040842316341985374,0.02220436173567809,0.06624291333696052,0.10772913099570484,0.0010056922817665704,0.0018877673462253408,0.06744715368141302
SAMPLE_03777,0.7486893006404529,0.06649273616214932,0.001285846364660263,0.6433719706819965,0.08043415045931054,0.00011565832803178116,1.0,0.07024096500566698
SAMPLE_03778,0.9998440910130221,0.03265968687817354,0.03710453044872495,0.07029274109020503,0.07948602090439572,0.0019088374731991743,0.0015208668905020248,0.07272139664645301
SAMPLE_03779,0.9999318420783176,0.15960995103004078,0.10331704425151775,0.16952729037869832,0.294180568600287,0.001433171847330951,0.0016387461478376373,0.25851254425496983
SAMPLE_03780,0.9995885505187976,0.24873299204779448,0.33324616842262317,0.998687330894826,0.33147260065223577,0.2037875820419961,0.03987764264309272,0.20116567963733675
SAMPLE_03781,0.8511149225518302,0.017032749354580483,0.08464793988647959,0.9733966548510009,0.792188688912854,0.0001274746566029326,1.0,0.7427697907234381
SAMPLE_03782,0.9263733447928457,0.3816419183990933,0.0433602108225258,0.9966253493405202,0.5857050546850756,0.0009766794055493834,0.00015435119081401658,0.3069856256046065
SAMPLE_03783,0.9999102028815166,0.08498384848618697,0.06106104292928051,0.0766862738239215,0.12597385178378312,0.0046827515923800935,0.0011363583551470878,0.1374153164637302
SAMPLE_03784,0.9999347855245077,0.19810075960022863,0.319232850201338,0.21850119052147027,0.31812651572324324,0.013079874661352825,0.0013520625724420061,0.10457829145197066
SAMPLE_03785,0.999935340185873,0.19975024449753415,0.49204765069409956,0.8935606360726445,0.4586884562392154,0.0014724127241388966,0.0012216493266360335,0.4435564756569345
SAMPLE_03786,0.9567995494832875,0.3996407188565795,0.08861587951536742,0.9952919438717395,0.26429574518809157,0.00015970201228120007,0.0001561081154708577,0.3513399920886243
SAMPLE_03787,0.986626869049287,0.4953125573087438,0.10703177104840922,0.9987560095689224,0.4671147890453806,0.00016804812796626585,0.00010313329296726609,0.21275097080124325
SAMPLE_03788,0.9999370411395503,0.18405866530894588,0.007278258894542524,0.18763857352536886,0.024115885313325487,0.0037337886594326223,0.0002789333645447032,0.013300689632062901
SAMPLE_03789,0.8841339649886463,0.2030975683604214,0.24239815569119516,0.9727531733025906,0.6062868706864473,0.0064404208896975375,1.0,0.46839225396360906
SAMPLE_03790,0.8137004357167825,0.28207639759946906,0.07911258371940434,0.9992540977710718,0.3153793053719875,0.0005696669720521083,0.0001157664752459443,0.22441897647960415
SAMPLE_03791,0.9999218237799556,0.04198221662499095,0.04501924671290848,0.014148784199221994,0.16303412679893933,0.050712837721210755,0.0007693842547166974,0.14410191518212676
SAMPLE_03792,0.9998535542712818,0.0630276483334972,0.012599874225146504,0.49286929337395835,0.02887901921014116,0.00822253683110015,0.00473621629320538,0.035688585350725645
SAMPLE_03793,0.9170511809996305,0.1038666420260008,0.2989776024291433,0.9990159953312517,0.4951691136303083,0.0008410778498483444,0.0003916445817980545,0.5567855027241754
SAMPLE_03794,0.9306290646801475,0.01570142763993604,0.5553499441726177,0.44979383232495734,0.8549471816894512,0.0009759243996445491,1.0,0.7923723405177332
SAMPLE_03795,0.9916351595258893,0.43266496130336785,0.7135717412266965,0.9983640498535582,0.9285246623304649,0.14209282419592512,0.8838850772995317,0.8682902283274881
SAMPLE_03796,0.9999276329966935,0.7182027242479946,0.8523869103417974,0.9745488870087001,0.7204892335036908,0.20160842452174138,0.033738282459834366,0.5111837433905889
SAMPLE_03797,0.7106595022089441,0.10546450717000229,0.05060965140503941,0.989610908326221,0.47240895678393446,0.00015683808554786162,0.0055493700086989995,0.39190952288128045
SAMPLE_03798,0.999765487263003,0.3288109147457946,0.06031070154234471,0.03163879379090135,0.36185042835862985,0.0021898408585661897,0.0037737193906942834,0.2623110611023019
SAMPLE_03799,0.9998876463057409,0.20301615944715104,0.009650544792683815,0.3202955959465428,0.028917310555817265,0.0041833390275670046,0.0016146747848582335,0.015717478077183548
SAMPLE_03800,0.8723719333230162,0.4388030494862016,0.017949918568562612,0.7855709849729556,0.6698828730746449,0.0007072885727538254,0.001533394484785709,0.48335485403456085
SAMPLE_03801,0.26831516528322474,0.0071887563230153525,0.003910419424953626,0.029855389099520336,0.22289569670342932,0.00020500586263119425,1.0,0.27057020975540497
SAMPLE_03802,0.3230497229640505,0.0033439151320750226,0.03597989183260404,0.024945613324901087,0.5918130463260428,0.00011525956439712887,1.0,0.6212504062581574
SAMPLE_03803,0.9998973420013211,0.35818283429166586,0.1723451142464455,0.44708883441370517,0.5638318559942112,0.028814288027837347,0.0010909029421579792,0.4400542591715831
SAMPLE_03804,0.6527939248275102,0.1679578471867871,0.026427830205335835,0.9993650585961376,0.29879471774869665,0.0020892090698795248,0.00025044228996732795,0.11834933723142207
SAMPLE_03805,0.3987532088705895,0.075958897646352,0.08045795249366708,0.061942744152540995,0.48242872828975863,0.000434692898005443,0.00019907378350574227,0.40414158642247167
SAMPLE_03806,0.9520978977226846,0.2788324801112908,0.17177492587999105,0.9987376376742434,0.5690555909427489,0.00023354067293257074,0.000597624599486946,0.393239939252587
SAMPLE_03807,0.9999315621984314,0.04765633123456113,0.06210366095813271,0.08277578258857425,0.2117674401891306,0.004673874658408917,0.0003200981289204817,0.08580969199184232
SAMPLE_03808,0.9679055271575197,0.443397643486227,0.4326064610632856,0.8364567662025026,0.3428243574226843,0.00032119261560335885,0.00015339875016724208,0.3839970649176901
SAMPLE_03809,0.7791791945993202,0.42525430712701684,0.037672966972175634,0.9980034090997254,0.29895480227061244,0.002083197481476024,0.00033649430307862714,0.12537326892575917
SAMPLE_03810,0.9998132557123413,0.10542317009573084,0.034063553790914,0.0774269544017099,0.06038173209874946,0.000899988487964482,0.0004985631521548535,0.08509186499003521
SAMPLE_03811,0.6627379763248663,0.048124345874142764,0.003300510838970122,0.34198276422287355,0.1761916217581594,9.374605633601328e-05,1.0,0.16157986763429816
SAMPLE_03812,0.9997950851831223,0.2203057840142392,0.13238763100406123,0.996684207115408,0.2979366409834849,0.02181871173451886,0.008798906818575994,0.13479378440567627
SAMPLE_03813,0.4990042759647718,0.005131063711099354,0.05858898962453486,0.03802570507353513,0.2999936603606758,0.00020730906317838793,1.0,0.24009509613724153
SAMPLE_03814,0.9999185511281814,0.2907558527285479,0.09932048147993064,0.27749349614168695,0.1006499148603605,0.004765999267603795,0.0033042613441380286,0.05763077937767561
SAMPLE_03815,0.5296516787761448,0.039655116982738194,0.012451833628308276,0.07291224783040594,0.36818439929127617,0.00014876144788373885,1.0,0.23521213304197994
SAMPLE_03816,0.9998811601862773,0.3699116088438825,0.5009067725062913,0.9948512620545047,0.5701933846930063,0.02448394087897704,0.01758845689949432,0.3749802839255569
SAMPLE_03817,0.9999322444727403,0.7314265266374737,0.7358940804929086,0.9327871390894767,0.6359255147317091,0.049875976918357975,0.001266887349488795,0.5952559372329377
SAMPLE_03818,0.9999323777511503,0.07732304266400129,0.2589059312009234,0.3266724913205851,0.07136774524424985,0.001314214767336746,0.003669513045410769,0.10973819304162875
SAMPLE_03819,0.9998749361563272,0.10616086939911125,0.17630861411387624,0.7262096183628124,0.174125317043795,0.00484881354291339,0.001904410489880443,0.12246463915519842
SAMPLE_03820,0.9999151927088878,0.19395614260641453,0.09015349764975858,0.3707534779217405,0.1142122176516315,0.004033167854024947,0.002912241356401803,0.05896426057296914
SAMPLE_03821,0.4444210552249827,0.08257603744403728,0.022142180888470957,0.10671499711552017,0.3101472481833249,0.00014937606950274736,1.0,0.32911640772597617
SAMPLE_03822,0.9999297817573872,0.025583678237934483,0.015158336141568593,0.07430882202635619,0.06860369793958013,0.0005021534446561077,0.00032783352016394895,0.04844827025953964
SAMPLE_03823,0.9999308869634363,0.6827959647095367,0.01041079880896396,0.3458462079038448,0.07265907639350883,0.002001960465944167,0.0008290463409546423,0.02569427003418711
SAMPLE_03824,0.9999284217367675,0.6005343170789227,0.6874896743524859,0.7171070017108145,0.5981299567500675,0.1130688012241303,0.028811392712200973,0.6377386286755632
SAMPLE_03825,0.9999309513098066,0.03408498295702199,0.03694199891355466,0.018694608695646868,0.09379869453554165,0.0015276895259388992,0.0010623127651325438,0.06484409757942619
SAMPLE_03826,0.8658156274247842,0.16515543841188343,0.1856272268477371,0.9960093734585552,0.32397584192154644,0.0013239529388629372,0.001232218429714035,0.25204479983685896
SAMPLE_03827,0.19716805913119942,0.049234679113134394,0.04450543331428802,0.9698562978680665,0.06395722249159877,0.000718406127397617,0.0005563022891895526,0.07494812203120216
SAMPLE_03828,0.9999301891061633,0.07414645646379313,0.2730643072206661,0.23630681793358913,0.2767082784673717,0.00685799128754736,0.00041227121558526267,0.25711699709120067
SAMPLE_03829,0.9999333772930143,0.10113367245302762,0.05100544017281872,0.06671365493493944,0.33681621988623933,0.004365547176598254,0.0011067254082479717,0.17219927608135444
SAMPLE_03830,0.8814747867524826,0.23497360623860158,0.12601211173959842,0.2823486994658678,0.18451505806883492,0.0002276944510845555,0.00013359937273611458,0.13273014657139223
SAMPLE_03831,0.9999304880312782,0.01002399816104738,0.025867346293414063,0.01856688639275413,0.1655749272683127,0.008103482149033388,0.0022886976772914986,0.11733510221004859
SAMPLE_03832,0.9996506338874511,0.05907194559981843,0.017757610835688085,0.0392211426887782,0.09141916438627876,0.002087913222779306,0.008697502577653256,0.02517839257259296
SAMPLE_03833,0.27610183940291566,0.0095685975751621,0.001125227038633871,0.65340098189271,0.12177623753559819,0.00011653320077807097,1.0,0.1674036572109196
SAMPLE_03834,0.9998652550096463,0.2792687618884835,0.2658721484487812,0.5964556685619659,0.2732728147944902,0.07973851221471906,0.003000869582150123,0.32118485478356484
SAMPLE_03835,0.4871514890383226,0.02310599768931257,0.007947132483329646,0.9619850443549416,0.08736505845280582,8.81923860918179e-05,1.0,0.07612169675768338
SAMPLE_03836,0.8712418117495332,0.21964011327831487,0.03653637197603185,0.9988528590302899,0.3497146217619217,0.00014038963512813982,0.0001419300800819063,0.23803867243837518
SAMPLE_03837,0.9999289310373356,0.02271734278007175,0.022462565720235455,0.022443938679302396,0.07403226387910802,0.0006064594329419221,0.0024377695131558843,0.02702963309343111
SAMPLE_03838,0.9999366624859466,0.3749365134304651,0.013118574103825623,0.9836667756732875,0.11663377297979212,0.009469034518545184,0.0008319342591855975,0.14191037886066513
SAMPLE_03839,0.9492666405448565,0.48305954641707133,0.6019119063847159,0.9950376525545108,0.6838876878638077,0.0013287132194829056,0.00048695690448100667,0.768051915995523
SAMPLE_03840,0.3780962875286143,0.020836028762996988,0.017823563965407074,0.009206580027989776,0.25940968807647796,0.00013751314010615283,1.0,0.32160726566688974
SAMPLE_03841,0.9999361441851147,0.2306506652412808,0.2927776187279326,0.38038347774676995,0.17200520791637133,0.014678223551294497,0.0006762794668487054,0.1618419394368172
SAMPLE_03842,0.2296100308277821,0.0047591693876298646,0.0021915984927468506,0.013184621578105894,0.12518681656488162,0.0001858008330397417,1.0,0.16915827419426122
SAMPLE_03843,0.9587364246353435,0.46030960934826737,0.136472103141747,0.9962225203476459,0.3630223197270141,0.0004246746722466341,0.0003034401224762571,0.25138242410443484
SAMPLE_03844,0.9999128077913472,0.1758314870797401,0.046823815572656524,0.4810204853745385,0.04942155003058622,0.0008680703373288842,0.0025312481475827397,0.010381169345618509
SAMPLE_03845,0.9418943207987805,0.5521005212583359,0.14436155383606658,0.9988530962438598,0.7027002770083374,0.00025835721477140267,0.000206074734983684,0.62049730943324
SAMPLE_03846,0.9999363552933664,0.07990489334654614,0.08829485678972579,0.10537086879508539,0.07449100660782203,0.0007795562829201887,0.0017218413197873695,0.05716152253831928
SAMPLE_03847,0.6752948358996613,0.38980048913083387,0.19066090040749795,0.9971530409583791,0.519515726950007,0.00014593893500850405,1.0,0.6560061709140765
SAMPLE_03848,0.9999244341829916,0.0742266885704774,0.04258991604882104,0.26201067704360587,0.09258468546904904,0.0018839780844247423,0.0005266245307742901,0.022157988203117727
SAMPLE_03849,0.2970067393537474,0.061143590684645074,0.10137697488764259,0.6048520353179968,0.6692488130595438,0.00014772086624709538,0.00013565800314554435,0.6801375866229448
SAMPLE_03850,0.893762842242061,0.01585414026958811,0.13908169026500886,0.13065643415691167,0.5534122001874492,0.0003936874514245621,1.0,0.606061695288652
SAMPLE_03851,0.9998998655236122,0.15103272329573184,0.06150462721458072,0.2206536439928986,0.15431968326029505,0.0038519616287970015,0.0010999877005864924,0.0536008185538158
SAMPLE_03852,0.9999343132357318,0.10076865173506586,0.028463511682203357,0.11117321134934854,0.25721615468067804,0.0023046423558598073,0.0006113145068498858,0.08922868504940787
SAMPLE_03853,0.930170457197834,0.4400367643614483,0.5340408762100748,0.25497949626574357,0.8205676443199671,0.002758187585111555,0.00030821187223913484,0.6097656810259073
SAMPLE_03854,0.9082552900841507,0.4723029232066785,0.07422802550518447,0.9966086720038646,0.8957301450207058,0.0038981507752668962,0.0004347108022074764,0.4777465948886056
SAMPLE_03855,0.05717037611347303,0.0032446798723768057,0.027952451979124326,0.02252748318457862,0.03865583943025004,0.00015397749270734814,1.0,0.05278137951164309
SAMPLE_03856,0.9999205555840003,0.02858908089211166,0.009206838350942992,0.029795696071564782,0.12763470922023162,0.003439204856126459,0.0004755523590707607,0.09798853654219167
SAMPLE_03857,0.9999166480243782,0.12004829298565464,0.1345401390005044,0.32640639395863474,0.1377044015391537,0.0008314026126350823,0.0014057623249890045,0.12123717662646412
SAMPLE_03858,0.9622855797920209,0.12516784248551716,0.17369395325569612,0.9966663881919395,0.26412084678752484,0.0017741399717421725,0.00037606006864511325,0.32031711051910017
SAMPLE_03859,0.15208536748228785,0.020406704744179383,0.006358367625488727,0.28319001493818297,0.19704724900207776,0.0001819116469150627,1.0,0.17842629771024307
SAMPLE_03860,0.15946548186679596,0.026776440746501005,0.0022865067902810465,0.07463436731576797,0.11030898894767885,0.00015964483873048715,1.0,0.12944296980399125
SAMPLE_03861,0.999931553571576,0.03820605804529001,0.16530554155606172,0.0823064572085216,0.19510714499620704,0.0009694783701549149,0.0006574644237305262,0.08249307646161029
SAMPLE_03862,0.999916413167886,0.15772565665282745,0.4349654977718587,0.3458510417691888,0.7704054988751899,0.0010817419862193165,0.0009841959021370166,0.547975753475389
SAMPLE_03863,0.9999258470591356,0.06535641477135268,0.04355150177461341,0.26690926624009165,0.12221089851118953,0.004356603655056473,0.0016327734177396572,0.16077965260410015
SAMPLE_03864,0.8041224545180619,0.002880571412694892,0.038029903771090195,0.3328800579615203,0.785091860173187,0.00013829249009106523,1.0,0.7444215710598371
SAMPLE_03865,0.9985889765033147,0.0718677845422266,0.010785464399884362,0.11026321047699157,0.061251114787964064,0.0014774910107848015,0.0015784474574261278,0.054909552679464325
SAMPLE_03866,0.19508192424675586,0.03655347314088399,0.005169036393824402,0.9623699170751682,0.22637880895500445,0.00016969712829082397,1.0,0.26248690067788727
SAMPLE_03867,0.9832618775204158,0.47239265473401576,0.18743262217248213,0.9984371781625692,0.17759780235364692,0.0008518760330607783,0.00012408944270682982,0.24713024728591465
SAMPLE_03868,0.37411744768006405,0.00353943000530286,0.057415606643005344,0.14831464578116593,0.4893229838951064,0.00015673492370344542,1.0,0.44324868888003516
SAMPLE_03869,0.9998983489659556,0.04070773081136035,0.178620532498097,0.1556505666677271,0.38250695571556054,0.010321422577603264,0.001174251967377049,0.27169214715154477
SAMPLE_03870,0.5424217630829702,0.09906425892415169,0.08894291680314818,0.6708872587530397,0.6930333322777791,0.0002727389857754015,1.0,0.7626700133341453
SAMPLE_03871,0.9998840294886936,0.050597471428668814,0.028155405240442764,0.08130611719779249,0.04627930455345298,0.0008113838053154906,0.00048652403835508756,0.018525306120183105
SAMPLE_03872,0.99992172039151,0.43401447147034605,0.4577918082657081,0.9348184202627143,0.4931956530941634,0.09738887751980717,0.004567719080084192,0.5397130066412298
SAMPLE_03873,0.5150510298116104,0.3452730910031342,0.06280979613345179,0.9173393842052849,0.577206438744918,0.00045389941409413194,0.0005035146736735714,0.4582459090545079
SAMPLE_03874,0.9999400229169838,0.030063180277016932,0.05728841709327601,0.09095586733012853,0.11516789717470269,0.0010277597009515913,0.0003921771696435472,0.18004809211485773
SAMPLE_03875,0.9998631130997303,0.5662660991252529,0.9408550884027,0.9987226295761549,0.713550722991825,0.046449009743512654,0.008775463847666249,0.5734582116907916
SAMPLE_03876,0.9999182454295872,0.0931740577522161,0.01746069021452592,0.3592312240852448,0.03692707715246911,0.0066768384415191616,0.0010454029608504855,0.02111279592312066
SAMPLE_03877,0.9999067349482221,0.03093177609246972,0.018381085831768035,0.13723704761210925,0.08375887408806915,0.001559958180070224,0.0010317788517513258,0.03973141785707438
SAMPLE_03878,0.5555036101615043,0.2285294083259556,0.05162374498361975,0.9989558153419488,0.7693326035496576,0.0019290441669073976,0.0009146477251054354,0.2619039577461333
SAMPLE_03879,0.5064924200711547,0.01759291968607591,0.0070153606479543525,0.9894142741160801,0.062074926052406575,0.00013129256454670355,1.0,0.06762074807214799
SAMPLE_03880,0.8805395955664584,0.5875327160606572,0.2172050069962613,0.9330929420836842,0.7982978584991418,0.002656961013388515,0.0002521348655234727,0.8106821792730001
SAMPLE_03881,0.8702895626008166,0.07051836802097826,0.06928433344576958,0.9754383666476925,0.3474840731885626,0.0017998437364259601,0.0005242290509941999,0.3114274065582179
SAMPLE_03882,0.9096516167427806,0.35587493061762976,0.6292990344893241,0.9588723299127146,0.7978764895154372,0.00019183121357663584,0.0001527609181920532,0.8010600416200511
SAMPLE_03883,0.9999276004886427,0.15443026779589963,0.037942612822200156,0.3033630625655027,0.04341133325182057,0.0005113232852724893,0.0003694957218909934,0.009622087931360067
SAMPLE_03884,1.0,1.0,1.0,1.0,0.5689486164961022,1.0,0.9996197740477882,0.5583454830589577
SAMPLE_03885,0.7270180191176074,0.09415360738290064,0.01587108198808597,0.9960845815013138,0.19024339816802285,0.0009063192259623502,0.0004607335677234106,0.16468563412084045
SAMPLE_03886,0.99922092345512,0.0439366416408038,0.04074227758657739,0.23573030419726168,0.24323572491384385,0.008440190209389688,0.011535404351553332,0.1520632626458986
SAMPLE_03887,0.4688268736512115,0.39854978140405056,0.11668005278744305,0.9882060090880517,0.023631711839602772,0.00037065427042365216,0.00043886314456353606,0.05273218664596472
SAMPLE_03888,0.9999012696066846,0.10435942216994709,0.02672391523022925,0.5483600769034498,0.04542236567398382,0.004882368161238028,0.0007515577398903104,0.06900796565074382
SAMPLE_03889,1.0,1.0,1.0,1.0,0.6532754708126631,1.0,0.9996730532387643,0.8014364703878106
SAMPLE_03890,0.9999303715605092,0.1424133116520476,0.20827046008302993,0.21378629738989305,0.6759431034075553,0.00627932546795106,0.0022328116396511297,0.36565851886017203
SAMPLE_03891,0.7881121347751886,0.34353898565620367,0.25060122815939084,0.9848972041664098,0.22945590707897617,0.0005167409728155432,0.00019526081498272735,0.25961068770394025
SAMPLE_03892,0.9998681004858965,0.12886717007468523,0.20234563565079994,0.3937027545892094,0.3596123984631624,0.0044761789088986976,0.0013760101968391088,0.2753211830087172
SAMPLE_03893,0.06989159364440437,0.012226794899364077,0.005858246660797268,0.5425338054569504,0.2071879909220132,0.00015579341403228948,1.0,0.13510230897499756
SAMPLE_03894,0.11201720911190967,0.0033401368541339078,0.036029684044648395,0.025028536732035145,0.14723442681912852,0.0010604209790655472,1.0,0.13409600913757677
SAMPLE_03895,0.5068909752095697,0.07299493203665117,0.04194150186085097,0.9962629157557435,0.38072555627103366,0.0003055373075453122,0.00022896667084999328,0.2848615611667307
SAMPLE_03896,0.805563235211989,0.08603329621671359,0.06932401875381569,0.8545316093749573,0.3461906321006478,0.0017236048967056554,0.002184950287931038,0.35914844911325944
SAMPLE_03897,0.999837216915408,0.2349494302590261,0.02818632584003457,0.8565615542599729,0.1300662498062511,0.0038709444082032475,0.006568152200141284,0.06962865276305141
SAMPLE_03898,0.9755026423576032,0.9608903791051411,0.7568845035439818,0.9968492842164478,0.9278253147171565,0.040525864029514025,0.005217704773514825,0.4791198549480982
SAMPLE_03899,0.9999344518683742,0.072632302093571,0.11343699837560725,0.07420863361542454,0.11186928947587912,0.03488069152223751,0.003385444352312772,0.10722167999062068
SAMPLE_03900,0.49023628894515997,0.24093115410158422,0.17210472218439188,0.9973787120324051,0.785195720454869,0.00011412355741580169,1.0,0.7455496507443105
SAMPLE_03901,0.9999242790377861,0.12072821866992658,0.02010452689135471,0.08314448712219621,0.043372915524209285,0.0008329863896179845,0.00071659569622454,0.030784053517018482
SAMPLE_03902,0.8165769297678744,0.6834803410387436,0.47104840629275974,0.9985928396993773,0.8154216666798935,0.0060248722282248025,0.000308666495318428,0.879884278804116
SAMPLE_03903,0.4649596253510472,0.011584828137593015,0.35901179577968567,0.36397555851495933,0.7873921224784459,0.0002803583152934996,1.0,0.7318156504599541
SAMPLE_03904,0.9101207182768928,0.7301991632623672,0.12594193737623047,0.9603815521304693,0.11847895595629496,0.00014736139219374998,0.00012177283273495938,0.05322782090989118
SAMPLE_03905,0.9999161891595906,0.11329178227445116,0.03559298864715591,0.1848208414098506,0.3188104423436609,0.03717456946827122,0.008818155928327295,0.30066155618854695
SAMPLE_03906,0.9999054806720091,0.18123024754929365,0.09098113321926768,0.8354666712908946,0.18779681355319375,0.03416414160263228,1.0,0.11768460878322232
SAMPLE_03907,0.999931232124978,0.058955762476898335,0.0761836668017677,0.11686433581896065,0.31024171474663736,0.0026545421600909585,0.0005230567448886982,0.15157168217784606
SAMPLE_03908,0.5383850453889154,0.004040722843180291,0.013109127322035858,0.120642396711875,0.0911199944800096,0.00020550855307977764,1.0,0.1041472265719349
SAMPLE_03909,0.6826910363786034,0.1827317208408193,0.0458059733583516,0.996492832935527,0.04134333899451861,0.00015272191283530412,0.00013189578176923155,0.05882890828702177
SAMPLE_03910,0.9998991926779736,0.019112649504603643,0.01578887966993079,0.03744778722987337,0.23017622002427757,0.000517778914227727,0.0009104553619856293,0.04322577447941547
SAMPLE_03911,0.9999261875384684,0.6732005461576083,0.2867584752073476,0.9938943675729703,0.5187966980367289,0.13795775758974876,0.0008091234499512611,0.514030911182591
SAMPLE_03912,0.9996315903615122,0.13552255680799802,0.6478308974886903,0.9526341373928299,0.46079264521230956,0.006568619480732495,0.06972157377146075,0.6112378389712124
SAMPLE_03913,0.9999119369797,0.08454239575779911,0.012694057100375158,0.31761899140130023,0.05529930384956618,0.0007247057866782943,0.001378566250860296,0.010620175293754008
SAMPLE_03914,0.7125899300829006,0.01458741543398187,0.09882596702508686,0.6353637931008043,0.419853177996635,0.0015761672450464361,1.0,0.363938491435209
SAMPLE_03915,1.0,1.0,1.0,1.0,0.7495886648681924,1.0,0.9988855330046474,0.7217406789990269
SAMPLE_03916,1.0,1.0,1.0,1.0,0.5627349649317124,1.0,0.9921401117582505,0.5450956109903886
SAMPLE_03917,0.9998786959277781,0.24163139742538942,0.1196199234618585,0.9685170960629901,0.2564645424730184,0.02789648430332673,0.004135545405947092,0.29576784423667857
SAMPLE_03918,0.8001637895960755,0.11330583275245773,0.07131407753587762,0.9630413037650991,0.06319952632849393,0.0003596740657764368,0.00014482016351429725,0.08317674581708448
SAMPLE_03919,0.9998655754921281,0.39476429374175626,0.4964370177691693,0.9552811019209507,0.4718681487533797,0.0047029248561104246,0.0027155268910923425,0.44741589653483577
SAMPLE_03920,0.7440967220252357,0.304864158323752,0.02771764785307404,0.959722671547872,0.12808723864547084,0.0015065967833535394,0.0006213322888455789,0.18031356504861742
SAMPLE_03921,0.7238164803033295,0.45102190619524246,0.002626229747708921,0.9950851141539332,0.17081239507436036,0.0001024212956915703,1.0,0.17055548354767952
SAMPLE_03922,0.9999188051231233,0.06695799174236858,0.06658287910168817,0.37598797905582293,0.4697540151820029,0.0010516597795922908,0.0005800061334680514,0.23753787253998926
SAMPLE_03923,0.9999218515403621,0.2608203055536978,0.2806822020696147,0.506080441731785,0.39701510863285694,0.017937667564560025,0.003279418162638867,0.256321871559499
SAMPLE_03924,0.4924750041303322,0.07747097661570881,0.011657619486605184,0.3752724155599748,0.24002269211564048,0.00019253359925149234,1.0,0.2681527694840461
SAMPLE_03925,0.9997162938591527,0.14403053432019713,0.12348946492888221,0.9981158255753861,0.1894939097311632,0.037880713596121995,0.013616799583500667,0.14934085024175653
SAMPLE_03926,0.9093315305219072,0.0694698964495746,0.27758338983428676,0.7355575749751158,0.6741070677026901,8.446470786827579e-05,1.0,0.5813702696411778
SAMPLE_03927,0.9999323315495448,0.015713937364219433,0.05076988549973129,0.023804437263879475,0.20208745826787095,0.0006819625282243093,0.0002457567140652382,0.11661170997474093
SAMPLE_03928,0.9999306717828086,0.12122255383216347,0.007712547259164912,0.12475316806040318,0.013199713598958534,0.002174334962920866,0.0023636610702158895,0.006181516835586269
SAMPLE_03929,0.9999213288448298,0.09633792679582867,0.11730602114169186,0.31580351272587914,0.09297866485703732,0.0023237766837636018,0.0004361716915349409,0.045752020387330575
SAMPLE_03930,0.999935591663132,0.03089474728650256,0.0045865439546854975,0.02663177972425946,0.013227150038288105,0.0004186216872752961,0.0010530316411890453,0.0029899285244100737
SAMPLE_03931,0.6409070167654389,0.27205808914361257,0.04124997369550353,0.9992441440649736,0.18055482991689273,0.001125695974390899,0.0005499905995073804,0.05868631189571451
SAMPLE_03932,0.13620884911440012,0.01293562645109711,0.002374554252594734,0.019218323386748278,0.09722945791724076,0.00014686691214272162,1.0,0.09209188791023319
SAMPLE_03933,0.7956446614224466,0.29870830938695564,0.12076200625761471,0.9980169528688629,0.8255305046271785,0.0005984016976986699,0.0001476608199372414,0.5742044719640168
SAMPLE_03934,0.650993449943001,0.27284673238062007,0.2015632845603787,0.9866537258438688,0.32971873905674176,0.00015788427977659266,0.00023897555970485977,0.29272014318160816
SAMPLE_03935,0.9998989671131115,0.40415657599938976,0.3021587800314552,0.9980909824344394,0.2599204372751734,0.01719750553173772,0.015387625660080081,0.21065889255721318
SAMPLE_03936,0.6319405790335418,0.2933875331305379,0.14876077709368168,0.9907459668455163,0.23445746921809557,0.0004863845957026627,0.0003649553678109445,0.38877451518384726
SAMPLE_03937,0.9999341976649031,0.10594600818287896,0.08697130369104267,0.2084447006415348,0.070510399507086,0.0068651665632900195,0.003727731696444437,0.05481835395184929
SAMPLE_03938,0.99985807335922,0.5243731778198313,0.4744760168288046,0.9868829031751509,0.3965910443557857,0.02874757598414824,0.0010502592029535708,0.24495714191522425
SAMPLE_03939,0.8870140139492149,0.3746096453539283,0.7238868398278401,0.9981018046520764,0.7960290260005813,0.0002460509114072381,0.000279579420914632,0.7780991790101542
SAMPLE_03940,0.8429211161298532,0.1521934658431237,0.01584334312600292,0.9964533888423868,0.6375037512280815,0.00025376651831419207,0.00020126182377617363,0.532774537779798
SAMPLE_03941,0.999921604371934,0.29723423690727524,0.013582458024761452,0.19779353208187453,0.02750866920175087,0.002567338193494283,0.00024563000109924357,0.014431080019461594
SAMPLE_03942,0.9999339938915964,0.0800860686601547,0.09508072579651068,0.12545884954778103,0.1541791582164657,0.0028301857715716692,0.0006896534157291009,0.04489748266415967
SAMPLE_03943,0.9999327096283721,0.037508641713730174,0.018463299288711224,0.0347267133161248,0.05012124413763429,0.0008725602361115312,0.0006822856331438938,0.013106019261120256
SAMPLE_03944,0.9997465584944886,0.1745788404807158,0.013699041672370621,0.029963630762042375,0.08214920927048734,0.002296338680335627,0.004946546983749954,0.02245486952013063
SAMPLE_03945,0.9999380704711974,0.1720503724729938,0.022394563686669023,0.9920513086365471,0.1046114820624634,0.0022172094511109623,0.0008290926417094729,0.0991812407251783
SAMPLE_03946,0.9714983795184692,0.5070810529046359,0.04500718372641538,0.9985391373832375,0.6230382532596327,0.0005786710604098038,0.00011130558102701465,0.3388928220936509
SAMPLE_03947,0.999803964932674,0.09612995549899377,0.11835915818233851,0.0993237953415209,0.14250863245055873,0.07839154594265588,0.0014830979753637649,0.0677399986916184
SAMPLE_03948,0.3884627108772866,0.00951096594492978,0.026307256498305138,0.3348964987046834,0.11543414523188775,0.0001834168209775579,1.0,0.08335087381636974
SAMPLE_03949,0.9399250790774506,0.5262383405416049,0.11964385411348602,0.9982176885008522,0.7757399151482975,0.0008058795362489646,0.00013573043227929851,0.42442956574722424
SAMPLE_03950,0.9999290919078196,0.22769576093391336,0.026618609801549193,0.998253464926951,0.3487608255906402,0.0036806675888535582,0.0008402399114614412,0.14512726785053498
SAMPLE_03951,0.4545423405959831,0.03518565109802142,0.04830109919493436,0.4168649917429413,0.30159129107026755,0.00024334401334881909,0.00016290339799351997,0.31190432154077746
SAMPLE_03952,1.0,1.0,1.0,1.0,0.6327716578720175,1.0,0.9990852733653502,0.6274880071064748
SAMPLE_03953,0.9593536841551836,0.6881097419734281,0.050522724311715485,0.9990848011121717,0.18114847163700845,0.002918230744935435,0.000603550262333099,0.11553182500484134
SAMPLE_03954,0.9999270161039515,0.23371497659971308,0.12614765025076663,0.9902987191078132,0.5403513554985037,0.007145439322780519,0.0028942718776169218,0.5869015311284472
SAMPLE_03955,0.8621786813790429,0.11602675716761084,0.03193127669214066,0.5767554769341198,0.3103981863944262,0.00032382566945109246,0.00031157203424704566,0.5583569262022342
SAMPLE_03956,0.5522098729334175,0.03048391496710613,0.03050222568454946,0.15679275717347294,0.5608603281685896,0.00012045433925644208,1.0,0.5938101037612519
SAMPLE_03957,0.9999245883685914,0.04219770886933716,0.011684828733815685,0.018773206710962272,0.041835207865693294,0.005924346767483217,0.0016133715487847838,0.01313114662111714
SAMPLE_03958,0.21167832556201702,0.0037716072765308006,0.03248588198072947,0.011126866644601559,0.5338538835935422,0.00015494568706472171,1.0,0.513369558710769
SAMPLE_03959,0.4305588416019549,0.038419608489154204,0.12951730200568262,0.9922878136428761,0.20655876716599203,0.009444408301264693,0.0011772722562449988,0.16812031878801853
SAMPLE_03960,0.9999311614765171,0.24566392195777867,0.004511024429889377,0.0836928809077909,0.03246454163508537,0.0007615450263756303,0.0006464453067756917,0.009881064226643718
SAMPLE_03961,0.9998671359620556,0.05632036451867055,0.040169603689296215,0.08991602556862618,0.3032653045992488,0.012228362384349037,0.0009787761925850358,0.2494832819064523
SAMPLE_03962,0.5854036822929233,0.26461289902274604,0.1383406482909359,0.9995635515968242,0.37802542785451976,0.00010510018730239249,0.0001591210693949073,0.40798858272574945
SAMPLE_03963,0.7378299698399184,0.29333786884934243,0.05867561990898944,0.855417073372822,0.4164441204854351,0.0017797650778289687,0.01391267562181509,0.6122032310606563
SAMPLE_03964,0.15473135441220623,0.00869259944001364,0.12231889282815318,0.11538144815104212,0.49224569865892825,0.0001867683351931264,1.0,0.5954008796419342
SAMPLE_03965,0.9999243704441756,0.020576803374640556,0.011180761452880439,0.014039821444374018,0.01963140868118835,0.002958119286620592,0.0049047841694192474,0.01662832279324275
SAMPLE_03966,0.08744868659480248,0.013469448379542276,0.01780363951041919,0.2696506610001535,0.22465536948580972,0.0013583660384852698,1.0,0.1272898603116117
SAMPLE_03967,0.7531662258832272,0.5696264196281989,0.07562181216051447,0.9941299529967702,0.3327242799226736,0.0002427400349676098,0.000835135438481693,0.17988850874342108
SAMPLE_03968,0.9751026786439565,0.729515133231234,0.2624497774770324,0.9981168383594181,0.7777274416836164,0.0076603887545342655,0.0003780383254321018,0.5458921494513885
SAMPLE_03969,0.8851377483291509,0.0872821554495853,0.0027675713663754143,0.22019574871378572,0.2009710773699918,0.00016364279746471875,1.0,0.13898013053370734
SAMPLE_03970,0.5513281237122648,0.20440103356522105,0.4023577613457208,0.9974565798297069,0.46014184551897425,0.006742691578807506,0.00034833255692565503,0.4298367002972589
SAMPLE_03971,0.9999264926832657,0.03263419767231251,0.015733886494900567,0.05597116651214886,0.006280286436508906,0.001058646488538007,0.0007532557203140195,0.004763628955134412
SAMPLE_03972,0.9999305819447208,0.1451384079173053,0.07995764980418123,0.17801083442134474,0.11798093990336933,0.007448990265406241,0.001237154366468789,0.06306979078977076
SAMPLE_03973,0.21452226373512548,0.018361154674373235,0.008892752041109352,0.049952289946257104,0.47492287473309264,0.00015365724404883878,1.0,0.3957975336527418
SAMPLE_03974,0.9999136316949553,0.08936537033396469,0.01223113784386909,0.09895348825189829,0.034417686701468386,0.003851132423244435,0.0012809853313409674,0.04490394152595392
SAMPLE_03975,0.6579261790265387,0.02743008996467383,0.18030516600089355,0.9878632145104639,0.4652442469191773,0.0001723849923586661,1.0,0.3610901085969897
SAMPLE_03976,0.22669490864648795,0.05461041996329765,0.0011435264730994053,0.9865050235354005,0.08824860406685323,0.0001332869361444821,1.0,0.1180589909520815
SAMPLE_03977,0.9998269800488282,0.400971493984002,0.23521355702301996,0.9985590365082876,0.14241582330691022,0.010767663978076967,0.0005782079197262999,0.09106238012537171
SAMPLE_03978,0.999922049539982,0.25810333534664137,0.2287449020877786,0.9369156714908874,0.3270876272590069,0.0056571553511557664,0.0021414626099586697,0.13881717946150854
SAMPLE_03979,0.9361995113710778,0.433607772974615,0.23798000208274167,0.9512300747234574,0.18948521134116586,0.00042059810562362676,0.00016204993999439243,0.17046873211002295
SAMPLE_03980,0.999929614628895,0.336000774212666,0.0210099788690827,0.28509170597893757,0.05427569129501804,0.0014304239740448113,0.0011576208802861596,0.0078032098294959955
SAMPLE_03981,1.0,1.0,1.0,1.0,0.08371248646378762,1.0,0.9992278099978599,0.22015493730570895
SAMPLE_03982,0.30177764471229973,0.10746438357766878,0.048118108513713266,0.7928633795991473,0.45664405449318946,0.0001598494027625844,9.717071880748637e-05,0.33035055530851387
SAMPLE_03983,0.9999382619801063,0.3142539345185592,0.21743588345633919,0.41193543401286037,0.19402927768658285,0.06993099982715674,0.0012656859131312279,0.2119702419766177
SAMPLE_03984,0.9999227572602596,0.03490323322150611,0.12433594228711771,0.34922042493418615,0.28981077990488097,0.002006540111820451,0.0010601822443667265,0.09430879533078644
SAMPLE_03985,0.9999383080265728,0.08311880446299066,0.019822201612935603,0.22964555258653885,0.0630157469024629,0.0011503484641116977,0.0002500131801962873,0.03252905164515577
SAMPLE_03986,0.9998983710028948,0.015212687090078203,0.032096416019592774,0.08104578255584628,0.07432333589565819,0.00182147385879448,0.0018024760609165976,0.013131682247441722
SAMPLE_03987,0.3580258811691467,0.028306801448142533,0.06176893859286124,0.9616936159165312,0.5815948696379787,0.00013300454647266632,1.0,0.5428764162114709
SAMPLE_03988,0.999937453240568,0.14825909730998066,0.03459394261867672,0.11157339706655231,0.06603126000136046,0.001092675747190621,0.0007363096668834424,0.0346626656410708
SAMPLE_03989,0.9275760849060273,0.05706710996688548,0.30393669673025303,0.23088736745760036,0.7472041662115967,0.0001599591328644225,1.0,0.7135546797662844
SAMPLE_03990,0.9999268372436129,0.016613609936801922,0.048205129112504866,0.03340416924610552,0.13917499418034324,0.0043083291344217355,0.00919451320331258,0.1006359717263224
SAMPLE_03991,0.9299291428495376,0.23936958838443592,0.38690049369354407,0.9906768042336042,0.7968427202666399,0.006027392616053048,0.004614060492932339,0.8444313021653308
SAMPLE_03992,0.5169985199732927,0.17564067742142958,0.001228788402832923,0.9910255264241918,0.13026242830338522,0.00011806775837796281,1.0,0.11766652018279225
SAMPLE_03993,0.6927716229294103,0.08774777803671355,0.06472187404240357,0.9887500338680308,0.11799637114528796,0.00079838062431318,0.0030986640579407448,0.07361703143834351
SAMPLE_03994,0.9999289142568492,0.13672987771424022,0.14262320422449698,0.25658183043250327,0.23201861249488856,0.028607032413264212,0.027830549044099106,0.20699252291652526
SAMPLE_03995,0.41041777645275335,0.021979462964844078,0.005138094785549975,0.38024185952897743,0.29472010654435843,0.00011245633311295685,1.0,0.1656801881429824
SAMPLE_03996,0.06393797785621363,0.041135950983280656,0.000786102327204454,0.013043115597721025,0.43139237527089713,0.0001440179679440587,1.0,0.5083600510837278
SAMPLE_03997,0.5119547852260802,0.009791398381724228,0.09200120277524403,0.2884902112048116,0.36939650850273753,0.0001511699100995094,1.0,0.30754409641454017
SAMPLE_03998,0.7657021632617834,0.4904328529057776,0.001667368683724129,0.9937240774969676,0.05527221830120077,0.00011448952607933832,1.0,0.03970491233946358
SAMPLE_03999,0.7196711892270706,0.04997293540559884,0.09211344520177359,0.1477785937029219,0.5595616212728524,0.0006430701027259404,1.0,0.48777303365514835
SAMPLE_04000,0.9350231774598056,0.201068861468848,0.04726168266926001,0.9360207891994472,0.5129941774191693,0.0004961507223674429,0.00025663124023500794,0.3082240689732125
SAMPLE_04001,0.9486209862171979,0.413529076489391,0.2226553683980586,0.9957575708779883,0.6555830177139208,0.0001373745802894949,0.0001714069871822264,0.3563403539709636
SAMPLE_04002,0.9998555160659569,0.015985127673653596,0.0542801845621235,0.033453645396899094,0.09558605987705301,0.0017953947724832573,0.0009133636155377163,0.18635528725359232
SAMPLE_04003,0.9999091551284671,0.06788395496173123,0.009774556717980911,0.03731940758415131,0.03655080088486282,0.0007891288910966517,0.021929147348141886,0.008007502683495515
SAMPLE_04004,0.811924603207469,0.07899158949168905,0.0026610091203168895,0.05672661194920531,0.7958550356306426,0.00014654761513852976,1.0,0.8758807381434689
SAMPLE_04005,0.4877748374571997,0.05604603369167323,0.04492986214801291,0.6457561164629075,0.501705463634909,0.0001608387008651397,0.00019450715984625305,0.21709959339040816
SAMPLE_04006,0.9999283152504714,0.331471869121318,0.2527682549294653,0.9951126537349451,0.27554723681103555,0.020815412407710888,0.0180248750906944,0.25207309186432314
SAMPLE_04007,0.9999292998695195,0.039669633829885025,0.04047081887615212,0.02396735585672138,0.049942401479818155,0.0029907289217015348,0.0003497473499794252,0.039300921699529756
SAMPLE_04008,0.8821304292723511,0.2500906415761094,0.16166568231083672,0.9511739829204299,0.9605525707100174,0.00010377861755870043,1.0,0.9426493863371614
SAMPLE_04009,0.9999315238202767,0.10558713764867793,0.26874045737149016,0.2487421801704503,0.4231250194848273,0.006780905905754808,0.0017976327665631966,0.3924348693495279
SAMPLE_04010,0.9999331724349145,0.10834050949041374,0.04800316217771528,0.19251386686360555,0.1295008266365304,0.0007485269069485844,0.0004488141593794499,0.09713261367504307
SAMPLE_04011,0.8116177635335087,0.3464759183661017,0.14292341014019913,0.8853172490017484,0.19160920608734283,0.00036578279767975205,0.00016776175974617916,0.39814965520699064
SAMPLE_04012,0.9999365428255722,0.28954945203156424,0.031400390081868144,0.30075032276221103,0.06084889960645027,0.0012727924090672647,0.001078978170935526,0.01891646317354211
SAMPLE_04013,0.9994406337679813,0.07242798288469844,0.23895984832334002,0.9859458724634491,0.07063374915052648,0.009370183977865786,0.012270709876235481,0.061236281316935384
SAMPLE_04014,0.9111225436782554,0.26043341444546547,0.05806076344086416,0.9983287366487599,0.5225684395096141,0.0018893212318804782,0.00021319182958470247,0.393221824839019
SAMPLE_04015,0.999940182655406,0.09048043146987375,0.12312719541047727,0.40554995835009855,0.1931201207373845,0.004258190258210522,0.0022595247386937678,0.22391677720093636
SAMPLE_04016,0.9527885368902691,0.3241899918491806,0.1820613310329706,0.9978765435562572,0.11684927867173936,0.0005213969461702735,0.00014865248443847928,0.1597792821456029
SAMPLE_04017,0.999851197339915,0.4568895957570865,0.06514942699537908,0.9711759716393509,0.174800288325318,0.0032666747914121925,0.0006181440610011279,0.07361238283905913
SAMPLE_04018,0.999937387917359,0.8267980816045034,0.043058599441560805,0.9849200645727064,0.01971435793012092,0.0487399737701426,0.010091032262246436,0.021415745493225453
SAMPLE_04019,1.0,1.0,1.0,1.0,0.5317393811818991,1.0,0.9967765555594269,0.6140198951299748
SAMPLE_04020,0.9998295398606336,0.08791521455481191,0.18264479488396707,0.8564707358942419,0.32435865683011356,0.0017789251511132254,0.0010657302061259494,0.3113511582260077
SAMPLE_04021,0.5374809574073363,0.13725141812082528,0.0528396070140623,0.9583407755504384,0.7786923873559581,0.00012966446800151342,1.0,0.78665595448281
SAMPLE_04022,0.31108684737438486,0.05947054011275958,0.09027514112040708,0.22831224163506264,0.5683785067095065,0.0017300416319507381,1.0,0.5838362315118933
SAMPLE_04023,0.999924264079606,0.27312603642813194,0.022296532309368837,0.9974042421645584,0.12920295102649443,0.0038222228809156474,0.001194814908098818,0.1430858448870913
SAMPLE_04024,0.9998910924314692,0.16312286389791592,0.10596648286701801,0.8526658589947838,0.15414395447907545,0.007827087464257575,0.0049685969372397784,0.11558276222518102
SAMPLE_04025,0.787859451721373,0.02906459942591196,0.01664244322983082,0.16158197797695176,0.4700745693515088,0.0004542055852226171,0.00015444819295864137,0.5846168478544903
SAMPLE_04026,0.9998976556631188,0.2858138447676454,0.10206908816592544,0.28924466704473284,0.2870143023244873,0.007321766803960074,0.0011988844791631886,0.20023539398758095
SAMPLE_04027,0.9998657123272965,0.022125664658564855,0.04746708285986691,0.04421241696663662,0.10659669440741533,0.0037522643402741517,0.013422856279734413,0.03191273007441105
SAMPLE_04028,0.9999343420001023,0.20127016290225605,0.035189175982371215,0.2834474313920428,0.16001319266443742,0.0009114577964988116,0.0005130124424123006,0.1394524996200363
SAMPLE_04029,0.9999230171929353,0.03194214878430636,0.011992804295558265,0.031066218544579267,0.017300306502488223,0.0007579717287070471,0.0007527206019944602,0.011579557218304075
SAMPLE_04030,0.9999125712546532,0.29143799731037673,0.35321282078962335,0.5129943667849866,0.6460154700220327,0.07629769352401689,0.031110067450217233,0.3333330214243799
SAMPLE_04031,0.965295271889541,0.6091999904916396,0.20755953597631996,0.9982713730637744,0.8714062832818632,0.0011775211193807604,0.00033852684574088484,0.937101541952152
SAMPLE_04032,0.9999301749259256,0.5365279592505049,0.05695666245093737,0.2832537377015475,0.046628653507944,0.004182364559697595,0.0007484570481244289,0.015925719366919684
SAMPLE_04033,0.9094556191407955,0.7117153309930417,0.584188389023041,0.9977548238374009,0.8352538496245373,0.004807048825538815,0.00033865064641363125,0.8915503495336097
SAMPLE_04034,0.870618162610979,0.20864023357603068,0.3884735543463186,0.9921591477271079,0.5369870715992989,0.0015679026305647332,0.0007697209467439181,0.3663379435842131
SAMPLE_04035,0.9999182322700093,0.03913592399775911,0.016590010628521855,0.0524925640003893,0.07871675048020685,0.013473382076001298,0.005314009930695895,0.05152884209558328
SAMPLE_04036,0.9999412244874268,0.03439319173884142,0.01667419768790554,0.023516120277302842,0.019982276102469686,0.0008209898951585008,0.0007480513446261742,0.026634147764486638
SAMPLE_04037,0.9902689205177951,0.625755449287892,0.2525195340514571,0.9985921171771934,0.5826124260790009,0.0014158934134830606,0.00015822331946711257,0.7715051792961554
SAMPLE_04038,1.0,1.0,1.0,1.0,0.7667159211148183,1.0,0.9995382351401039,0.8525205020710889
SAMPLE_04039,0.6094571965050426,0.013888838823228564,0.03719611204542787,0.8992859183999645,0.6255475816399443,0.0001121377028718377,1.0,0.6107170495205366
SAMPLE_04040,1.0,1.0,1.0,1.0,0.5192292884942593,1.0,0.9990726711905495,0.5683640921627677
SAMPLE_04041,0.9837394799745954,0.21125681875547983,0.11734797824953438,0.9991065506595037,0.5682538781862673,0.00019785446818124087,0.0002604714441540976,0.4704313001495051
SAMPLE_04042,0.9998189598065477,0.13884593876719048,0.04592257988983719,0.21918103836388242,0.12688219094486403,0.006708455936920213,0.0022588703241803137,0.08461600358506291
SAMPLE_04043,0.7827115326489188,0.21387794332138776,0.07678650015463187,0.9787148296342634,0.5123265218691611,0.00010440762375935816,0.00011656620000574669,0.4821620362066823
SAMPLE_04044,0.9999294234110112,0.031997584067403564,0.06160561546084622,0.2857809494165652,0.18304307170302267,0.001285732504029231,0.000667086938658173,0.19494897343678322
SAMPLE_04045,0.9998133748888851,0.5284280226046462,0.27790689486809655,0.9977487359361623,0.30850247226197575,0.004674863903443812,0.0022922481073552555,0.12177708803122907
SAMPLE_04046,0.999931307450234,0.03526713102794315,0.03215885135892045,0.10675001408570506,0.07268774064515021,0.0021699721477484377,0.0011786726723996455,0.022054560108194142
SAMPLE_04047,0.9997922306837548,0.056759159490051746,0.009518262506907361,0.05500707518197913,0.013859503619877858,0.0015852878670340146,0.0013423982075567154,0.009552705567147126
SAMPLE_04048,0.9999259448498561,0.058850308281012745,0.015533782199391638,0.026667101579404308,0.04816667492383396,0.0013981743045319976,0.0018188228571103106,0.02978311602368582
SAMPLE_04049,0.9999072265007165,0.15992179109376645,0.2838908972360594,0.8395432435781599,0.035456330022207785,0.06093636989362983,0.03680262304951638,0.05607794142756066
SAMPLE_04050,0.9999325715018067,0.02558820576893548,0.06299969858034024,0.10621150988034653,0.10363456951385,0.0012060823236132855,0.001330451013391178,0.06033897461521766
SAMPLE_04051,0.9851849006708578,0.5482944693439785,0.3827587171520345,0.9823826514574062,0.8907386439657156,0.008975377866415075,0.00016094225014969286,0.5608704616835541
SAMPLE_04052,0.8683835460438933,0.142530234165697,0.010186001035509654,0.9877619490024925,0.296329855969096,0.0002498108286154691,1.0,0.3934182711066545
SAMPLE_04053,0.9903817415533073,0.4447690644305976,0.09252879958664598,0.9978130907327317,0.6279240328708393,0.00012882815582939008,0.00018236771768171024,0.19078444210531104
SAMPLE_04054,0.8142367592633575,0.15974495422869564,0.06068832343045344,0.9962178234690569,0.07626516187280877,0.00025032653759214917,0.00019416455367236708,0.06265667577967562
SAMPLE_04055,0.7951775259227493,0.17590937405905388,0.00429097698695405,0.06106373231235205,0.1615117103219897,0.00021368773147521788,1.0,0.22286677943148758
SAMPLE_04056,0.976528584098503,0.48607211319433474,0.03476456274337268,0.966633988420589,0.08668940562104949,0.0021963179464755426,0.000597489711141671,0.15691818857102316
SAMPLE_04057,0.8707670303837203,0.33006919876283747,0.22423770909206744,0.9978586145157994,0.8795372059757065,0.00084889139597214,0.00022122779056115783,0.7741386225707828
SAMPLE_04058,0.9999375888178845,0.1674680976691032,0.023960916401874928,0.3171473322309056,0.14270271864634165,0.0006785355386859789,0.0012018653933901155,0.02476721371652803
SAMPLE_04059,0.4183390668361386,0.047816792097885,0.10434491481868942,0.9533483276040867,0.8608167223635153,0.0001228476306393982,1.0,0.8486728513155029
SAMPLE_04060,0.6521671421834354,0.42296598644107075,0.10270059923138278,0.9281278011082392,0.45179571464227053,0.0005423268529529206,0.0007578198616599739,0.5291714872435322
SAMPLE_04061,0.15975898965494784,0.24935409802952568,0.2844663190005673,0.9980791474460522,0.8666579812639661,0.004789968512253503,0.000396174186609075,0.2948233267942205
SAMPLE_04062,0.9998636683020724,0.342442692352193,0.19765068591692445,0.9977330184454123,0.1862072413992088,0.014290670837159786,0.0007743216092402824,0.1736114140677336
SAMPLE_04063,0.9998988608326721,0.2096529474589146,0.0643717802428214,0.9957984680544844,0.1258202777314603,0.0034881028346726525,0.0009103390061611245,0.045636245198733515
SAMPLE_04064,0.9999289595745868,0.06724439356494276,0.06104598806959098,0.1935323183690219,0.11931910645837895,0.001083789269540842,0.0004647236601155819,0.07039318962210359
SAMPLE_04065,0.4570679247446928,0.053027861460239814,0.0012526686995473209,0.4579304972287225,0.03471432426073291,9.572322088583936e-05,1.0,0.02169432064908498
SAMPLE_04066,0.9999305470327814,0.033941468181058324,0.12497299644369016,0.2069550430293814,0.18650026560036417,0.002178014236576726,0.002450323260693798,0.08650909507279263
SAMPLE_04067,1.0,1.0,1.0,1.0,0.539422533544375,1.0,0.9983088122350162,0.5622470610639174
SAMPLE_04068,0.9999157747088268,0.22364998921376636,0.1645800717474035,0.27233692844827917,0.43202652638907785,0.014828874229072461,0.001444453547599436,0.49084161867972853
SAMPLE_04069,0.6912652108198551,0.024439300841830054,0.07475301249862758,0.0856446104139569,0.7101627557964594,0.00015871497700540012,1.0,0.6728868847720466
SAMPLE_04070,0.9999290655499733,0.039584985334984786,0.06649819547157888,0.13683409072341027,0.08319231366820738,0.0007389721125891151,0.0019118359877318262,0.015583084982085762
SAMPLE_04071,0.9999287799054842,0.18595646542937666,0.09566305884595927,0.26854648991448576,0.48937645659521467,0.023031689499956286,0.009803423693593105,0.32082571002674215
SAMPLE_04072,0.9998431248554948,0.08362625955350345,0.17918218195358365,0.10883802743627516,0.2102861607335947,0.032107447877702894,0.005044040899368562,0.15132625809172345
SAMPLE_04073,0.9999202587462301,0.35780173838183243,0.012030578891868435,0.2577595582795244,0.015435398699467506,0.00038277162518063465,0.0002454616195186252,0.008518974499037256
SAMPLE_04074,0.8076445664523624,0.41940141630612404,0.2631092319616192,0.9428296713110089,0.29070164308623037,0.001424004153775305,0.0003507898143859426,0.3250386550455896
SAMPLE_04075,0.9999271511627086,0.15263212006712912,0.2857139567479055,0.21446369643337926,0.08284809601898908,0.015334626627690218,0.00826983792857127,0.15207011988440047
SAMPLE_04076,0.4641941190829975,0.44363430569722606,0.06678943871754733,0.9930917867114417,0.1222683381260888,0.01221006133409739,0.0005174948052434043,0.055402143281508984
SAMPLE_04077,0.9998739188995744,0.3792864105038414,0.2491367036045614,0.9527470897376199,0.27668513306643333,0.14503821774132414,0.020219974041825725,0.3767142924997236
SAMPLE_04078,0.6078035518550895,0.04650286284265763,0.0038598383752679,0.07367089027570367,0.3503571055420943,0.00011570456072017995,1.0,0.2757617223776581
SAMPLE_04079,0.3888334012947648,0.09531481335981813,0.008156665727071877,0.9185344176066236,0.28006611341712323,0.00173009506550048,1.0,0.20858560397552242
SAMPLE_04080,0.7771989155063478,0.302124626057297,0.03943764781956764,0.7421903933362987,0.24470999552691355,0.0003289888111082257,0.00015566626170258627,0.22741906443249876
SAMPLE_04081,1.0,1.0,1.0,1.0,0.8785053752420919,1.0,0.9983487910719611,0.8481526261837373
SAMPLE_04082,0.9999182408175468,0.4624639844578472,0.2942626444807016,0.9356514776287135,0.19522624634847166,0.0008654842737671964,0.0012763612019498212,0.08004164102743508
SAMPLE_04083,0.999934021503682,0.3762628247892511,0.027534515981904484,0.29664050661628283,0.009037275193032877,0.0011845785241177856,0.0005481825744388178,0.011015586059863646
SAMPLE_04084,0.9864827448610274,0.7825812224115429,0.6053558950072513,0.9974042201695139,0.7610093866760173,0.00024745048512553406,0.00019381991340055335,0.540179635283758
SAMPLE_04085,1.0,1.0,1.0,1.0,0.33788749814779007,1.0,0.9985521254990622,0.49375815191348826
SAMPLE_04086,0.9999339447344759,0.09861221907068402,0.013065492668233336,0.0854612470437331,0.048771299796493736,0.0007109879294588887,0.0017182555281407927,0.008471155067841468
SAMPLE_04087,0.9998478012380412,0.15490120302177507,0.36908120490378676,0.8518779981093841,0.3567635428323386,0.006523229552855029,0.006011998122959322,0.2438357942015342
SAMPLE_04088,0.8975545049911545,0.6786994966759058,0.17493964429680564,0.996853129812098,0.7894687003910874,0.009599992433799803,0.00023733458387778522,0.6615826286506619
SAMPLE_04089,0.9089825805202019,0.4981371402816762,0.19396725287308852,0.9971174872404618,0.7600072003319582,0.0032026907377410477,0.00022434868114401353,0.4371589775187627
SAMPLE_04090,0.9997511908410127,0.46913307047189373,0.3112504118483348,0.9957035649176639,0.36654655567332944,0.020038123914614847,0.0025437581666130304,0.3102095765511533
SAMPLE_04091,0.857068237687715,0.146637776134214,0.009810878110245506,0.599107564876422,0.4132093870207251,0.0005766653154832709,1.0,0.4182894933544975
SAMPLE_04092,0.9999305178489546,0.14467782085098962,0.03397160669160483,0.2064441532165846,0.1159562055629508,0.003081866951359292,0.0024980071822155612,0.089654843356363
SAMPLE_04093,0.7515334109076591,0.11905441903293634,0.026467818137681155,0.9641405059061483,0.11293250449633208,0.0015957490310615525,0.0004883673821787331,0.07020514969992457
SAMPLE_04094,0.902544521432225,0.5111071553181518,0.1788249494363963,0.9939382927166648,0.4270555905729396,0.0001375000199452764,0.00025207726018175317,0.24090367444451538
SAMPLE_04095,0.7832602284671076,0.004589103363779284,0.2325171145456435,0.08076179779312778,0.7563796063886883,0.00021760752454575116,1.0,0.783177067276302
SAMPLE_04096,0.9999330166527101,0.011747218256744015,0.04837338751746474,0.0347879272139441,0.18009727913756102,0.002266448306397245,0.0019204761309385813,0.07457905280766695
SAMPLE_04097,0.6544774716658757,0.2555094200706144,0.08193895438696942,0.9071439660833729,0.1488051852621775,0.00029327476909589694,0.00017225926957689154,0.12682795933696478
SAMPLE_04098,0.9820578561091537,0.3460413215043552,0.5089890497752154,0.9239901926189663,0.7028464843824598,0.003123131800080587,0.009141128676911619,0.5273720698566422
SAMPLE_04099,0.9998876398325365,0.7048678793608035,0.17526993473491986,0.9355702651958587,0.2557899839870531,0.0351539403707885,0.005732693860013057,0.10891554621420685
SAMPLE_04100,0.9999285175318524,0.5840770824657936,0.7622300030140743,0.9895579878511672,0.8112718390256294,0.05884408206817472,0.0010966273722044075,0.8005930109896905
SAMPLE_04101,0.7093548891308327,0.055245598073608446,0.6592285011603549,0.9023170494904049,0.7631807600293667,0.00046895015106458205,1.0,0.6340699649456943
SAMPLE_04102,0.9998632148917055,0.18343764173001292,0.03199263628105069,0.30432333500791453,0.12545814632922553,0.008401991256433424,0.0015957088186942046,0.08489633138189855
SAMPLE_04103,0.5757384377003304,0.051391342673600515,0.005417667259326396,0.6939704561487705,0.19035418341631957,8.739493499587884e-05,1.0,0.0896713997434068
SAMPLE_04104,0.957852373299548,0.41683475249579105,0.17977011819634786,0.9856303288320211,0.5636388095761494,0.0001988472199455558,0.00011255136948846314,0.18783537927998287
SAMPLE_04105,0.9999373505815801,0.02272253567303619,0.012025364817158327,0.04909736342148861,0.033223899032735704,0.003627925491549655,0.0020981048746556057,0.040099803683822786
SAMPLE_04106,0.9998571222069697,0.0830783494585364,0.18763873886175025,0.19405999379460925,0.23076256735802914,0.007598258904558779,0.0034931922576833994,0.27817271061851534
SAMPLE_04107,0.9749280431646767,0.48234142900071186,0.2081593246194,0.9980119306647021,0.0796320734267516,0.0001505542849826388,0.00011628172960073751,0.12489203928602219
SAMPLE_04108,0.4650463995125141,0.19919326432629558,0.06729427343557391,0.9882778738700463,0.6187665937722464,0.00020661384589269142,1.0,0.6002242082141167
SAMPLE_04109,0.7484015028545306,0.03389627937694885,0.10944766220186967,0.5444319760512353,0.6360092335484794,0.004936750747389447,1.0,0.6693725276504965
SAMPLE_04110,0.8385959338010025,0.00899507646282645,0.044575674358801665,0.028033961164651018,0.7892729004033521,9.866389130133858e-05,1.0,0.7359761713508842
SAMPLE_04111,0.43394219749932006,0.04928849380169399,0.1144280203968439,0.7309548218286553,0.4918458235702137,0.000202652950203135,0.0007774951652348126,0.45637708600290183
SAMPLE_04112,0.9999079193219809,0.01955248760330224,0.09177970970471813,0.03387530758841594,0.09429188379571884,0.006476611033098126,0.0005652228556974556,0.140921990430932
SAMPLE_04113,0.9999243452540215,0.6050986960638631,0.28710996787216303,0.9672812540405846,0.2414683908213659,0.014952646258383186,0.010973000954918256,0.10427636046091138
SAMPLE_04114,0.9999160038325922,0.043337097104253305,0.065062895629869,0.084565916414552,0.02047175577999422,0.00229809495683613,0.0008395555334917022,0.012590777696841488
SAMPLE_04115,0.7513218252324039,0.07767882030661136,0.039597893293245534,0.06410853046450413,0.2956912408788007,0.00024238015659449564,0.00019783711134987542,0.44117250211907055
SAMPLE_04116,0.9999271299944292,0.49814204260000006,0.41764909757111707,0.9985815030200362,0.6197556865928596,0.016603815835633483,0.005095046835310954,0.6376807483395505
SAMPLE_04117,0.9998798630387873,0.05019807249169307,0.028724555132393866,0.11868256865093188,0.10741332028043274,0.00038842002080373834,0.00041169331623895893,0.1111641321952705
SAMPLE_04118,0.9999217237421373,0.727724198725606,0.09645898761337403,0.9599017440625655,0.025329825622477153,0.017405468642580847,0.0039911435108885,0.027047428282710173
SAMPLE_04119,0.9999032962042783,0.24350759448690545,0.011001872159046671,0.09755153557668346,0.0416180873016306,0.0020248903514821733,0.000753634713450586,0.025971925746272682
SAMPLE_04120,0.9945325215309936,0.651908024863778,0.06635648565242322,0.46616469289807894,0.11155023839954023,0.00677236291675979,0.00058767253118969,0.12415680653807382
SAMPLE_04121,0.9998760600883863,0.3329368914884244,0.44622233920187027,0.7263363225968968,0.4655527021185478,0.02285401636728466,0.0343072140213243,0.270737541854412
SAMPLE_04122,0.6325954197632135,0.03268119676942373,0.0935995099293108,0.9390807101377417,0.34128921893774133,0.00044585509539177314,0.000342366859735044,0.21861829784529774
SAMPLE_04123,0.999906400820028,0.34581815340041533,0.342350073681428,0.781043064022526,0.35575138400692535,0.028345463512549674,0.01562319624987758,0.06523647022212323
SAMPLE_04124,0.9998543398412914,0.038423281594265155,0.0678104776377324,0.06154912725487836,0.061009840399410875,0.0045499739247619134,0.0005589797352138944,0.06622812919029702
SAMPLE_04125,0.7927627840851558,0.36085825492552487,0.0687572688673809,0.9993167019871422,0.4667694039744588,0.009744601948371312,0.00018663798991509485,0.24906892549158716
SAMPLE_04126,0.9999248351773437,0.30478471988269573,0.005584788511953714,0.14577673304592403,0.02289464676274097,0.0005607546177251725,0.0010670956353150654,0.00985499528057778
SAMPLE_04127,0.9999378678341472,0.07426529237825655,0.03905440360363714,0.05853600274411831,0.11161083180244916,0.0013414179232053112,0.000983516372568769,0.09873804591662616
SAMPLE_04128,0.9867236994503402,0.9006460008847963,0.6920100368227422,0.9975199608423788,0.8981033727967969,0.01385852410914894,0.00040672722564298445,0.785054601460632
SAMPLE_04129,0.9999138528633846,0.03531437594903129,0.1476985452747753,0.08957785058291834,0.5408470817959207,0.007502778974093137,0.0010686526370516161,0.1873936347230046
SAMPLE_04130,0.9999313297416746,0.40799649610297467,0.23092375670073545,0.5767770224973225,0.19689615643804967,0.08514536057061996,0.0025608855905520944,0.15120956585339357
SAMPLE_04131,0.8598621503154316,0.4140793648545447,0.06735791064297929,0.9981148504367503,0.48116811691977757,0.0018074713604314357,0.0008584199339257868,0.21473061784759637
SAMPLE_04132,0.8757512763326408,0.2697838230920611,0.13614784197351476,0.9962015075024345,0.5018704785352268,0.0006988452719135748,0.00015846149782404055,0.4281561311987666
SAMPLE_04133,0.3630152927365355,0.03842402527017299,0.0013461771114420943,0.9924206602166402,0.056657371373747004,0.00013341874587025036,1.0,0.02816274481094726
SAMPLE_04134,0.9999385772564862,0.36726997832001673,0.014241253716778928,0.1727104059886159,0.020900662465308112,0.004678889296364966,0.0030510493591020815,0.011976255971189623
SAMPLE_04135,0.9999341052055974,0.10254172385855595,0.15036566643337773,0.22449825910810833,0.26819122884767055,0.0025682613168149003,0.000558380650869054,0.11284075613371836
SAMPLE_04136,0.579945726839787,0.01062419006855277,0.12109143939441247,0.8445456954611631,0.5801882034027671,0.00022764075135345226,1.0,0.6011725206931174
SAMPLE_04137,0.5620180873973384,0.05241245175709375,0.051341746261087604,0.19428497546871312,0.39130457597824453,0.00012223523476149895,0.0001328577613215741,0.35816688633642046
SAMPLE_04138,1.0,1.0,1.0,1.0,0.43857643104979155,1.0,0.9993890122640927,0.5731631182604608
SAMPLE_04139,0.9999367426282705,0.1254762554492062,0.012308363353205383,0.16602960282572768,0.04106734047000962,0.001132480739736329,0.002113430251066667,0.015071022774066611
SAMPLE_04140,0.9479629006451619,0.12607799973151107,0.13020608656516372,0.9961234941691558,0.22300311097533498,0.0002322211134207967,0.00018289921786721004,0.1473084542234308
SAMPLE_04141,0.9998299385865945,0.04433250964194348,0.05477085735322419,0.12157735414034018,0.09694459244227027,0.0025033943269803646,0.0014968517385277713,0.06266860029269045
SAMPLE_04142,0.9997836524807973,0.45321038053907897,0.09511916520136407,0.9921332041564994,0.07467441019959992,0.00046574493844535054,0.0022415180616727716,0.021219523234583103
SAMPLE_04143,0.9999242861463093,0.4300097170868974,0.1258091250425674,0.615403969570272,0.2741881688706241,0.013075844794796107,0.0005812550016748404,0.15482643521015588
SAMPLE_04144,0.9999362872261537,0.051581771780505804,0.03842180367441345,0.14142150653047558,0.01220595776441418,0.0013230063877659013,0.0003397173892917465,0.013076341414889277
SAMPLE_04145,0.9999352836415634,0.0955027102411616,0.10293697296511757,0.20444112689924648,0.24259501908357411,0.012441837139069139,0.0017939865446443427,0.17052567279377112
SAMPLE_04146,0.9999202800606142,0.4619463751984366,0.18010267178627015,0.8090409400333695,0.24081459406642422,0.003047966268060451,0.0021437010921646175,0.1138537538884952
SAMPLE_04147,0.46780230234050696,0.0137964927839332,0.0035798004253079275,0.017181584343685195,0.10006646283360958,0.00010318441598081935,1.0,0.1180947836587439
SAMPLE_04148,0.9999381178677511,0.08323961893135963,0.068232200452029,0.14417450582180363,0.1341464119997401,0.011777780064388822,0.015998964447377285,0.04151175572189153
SAMPLE_04149,0.8857590349953636,0.28941715703503484,0.07990593602088178,0.9917205826553085,0.18032790876724292,0.00018874206198158427,9.074817015547678e-05,0.13612985216477974
SAMPLE_04150,0.39685343044918575,0.017097785777970817,0.03477495032098999,0.023093299984587767,0.5220144870380002,9.76416659987695e-05,1.0,0.5061121101914555
SAMPLE_04151,0.9999360474811759,0.36792290898347874,0.017213782346227873,0.12886293575546032,0.053451592552927675,0.0004020325206190988,0.0013468427104366015,0.017331086490640153
SAMPLE_04152,0.4564793594858297,0.014421479857411209,0.0310483173392976,0.4403554671269842,0.2503305288813942,0.0003809133298874493,1.0,0.2350567113190701
SAMPLE_04153,0.6178946423535785,0.02262159705938294,0.03800845471647098,0.20971115021348347,0.09685680327862442,0.0003700321856661496,1.0,0.07976698471758198
SAMPLE_04154,0.9999368702723584,0.026614005591119833,0.03213514022674588,0.09547210533124625,0.040822410426584355,0.0008035899364616803,0.0014066606889785941,0.02190459529891531
SAMPLE_04155,0.9797175951271738,0.41236658589839886,0.04800194146318294,0.9983533712211777,0.5456609787572505,0.00013390528686385794,0.00018503721934314557,0.2942644803496182
SAMPLE_04156,0.999815707825008,0.07171995133557654,0.09022590964955508,0.27034879928348243,0.058764032143849045,0.0026815202008937194,0.001834287103510111,0.03525315647378426
SAMPLE_04157,0.5976357594929024,0.008243033221067076,0.009578741186712779,0.18271137486170339,0.15629320885662362,0.00021520742580163717,1.0,0.17806740397538057
SAMPLE_04158,0.9890070934544575,0.6030321472990662,0.05323900359100584,0.9980874899690386,0.6346715002130983,0.00018075849171868917,8.833397825345813e-05,0.5059121748843443
SAMPLE_04159,0.7012526434912635,0.020364739928695953,0.399745747826875,0.9949964190880592,0.8061401983223193,0.000396171169073597,1.0,0.8033992373979997
SAMPLE_04160,0.9999391064233129,0.15458921504829745,0.014356903615235197,0.2104087560013189,0.05612103935633046,0.00040215556942492785,0.00028181747985108515,0.013737059482112374
SAMPLE_04161,0.9379172056134607,0.47540975021577286,0.2552449919821958,0.9439667839797174,0.4834983380630032,0.000283001972780364,0.0002736477198338581,0.2356528800652092
SAMPLE_04162,0.40242317137017036,0.11800757078351316,0.022760279122266202,0.8651334392460939,0.22149022522859582,0.0001317272862428738,0.00012748093575773626,0.19412347311651723
SAMPLE_04163,0.9997806593267595,0.8933051554531499,0.303981941520738,0.9971305595187046,0.6335392881993933,0.007887771888811275,0.0009938637418538247,0.5868974704469105
SAMPLE_04164,0.3058174203343197,0.004357294081966647,0.002702966998327879,0.04291375407204951,0.20280178431492707,0.00013333150529533678,1.0,0.18378551102228047
SAMPLE_04165,0.9402458214146051,0.3902892782599056,0.3057596203397365,0.9957577914071729,0.50320102374669,0.00024292929342409358,0.00017516528845701283,0.5276611602579068
SAMPLE_04166,0.9278946100062573,0.24291077642487147,0.17444880671078214,0.42893164002658174,0.5046382893815436,0.0013897596472922144,0.0005392783127655505,0.333956782914696
SAMPLE_04167,0.9436244609881121,0.11869129212197535,0.09939814543282503,0.9695354351881648,0.34950939541541326,0.0019130688864627842,0.0001255702814997579,0.17305818809663026
SAMPLE_04168,0.8205682810069359,0.15074129218885438,0.5531701129839155,0.9732142763019167,0.8278304169741361,0.000260060715835161,0.00018333126505806755,0.630413875897316
SAMPLE_04169,0.9999313273634556,0.12900128627219357,0.13925133126144024,0.7145587923170804,0.14556022291504983,0.03584033992168275,0.0018841548839754324,0.28350499613085545
SAMPLE_04170,0.7260304894190266,0.0674388530138116,0.08746390405870134,0.3178339954147639,0.5973311633113718,0.0001007850658209726,1.0,0.6487188828279673
SAMPLE_04171,0.9999115803319556,0.07003119383859946,0.04787251093478857,0.6114681821791187,0.355737952006833,0.0038959685437499974,0.0015306363481678866,0.26069432594080577
SAMPLE_04172,0.9998713798352338,0.15996002974166426,0.07040063414549148,0.11774912918059932,0.17746741963917181,0.025209820410782374,0.003228700033348661,0.08058243982718856
SAMPLE_04173,0.9999266045841969,0.3841724966065955,0.4992698976329539,0.5165534506952779,0.7960315811744124,0.44748760392031056,0.29367953034383354,0.6273639479602265
SAMPLE_04174,0.6702431519368206,0.03163492419448589,0.007864269491112005,0.21379424670711505,0.39720035220722993,0.00034002028806678805,1.0,0.4021931700782241
SAMPLE_04175,0.7624774847596385,0.3491423929993521,0.059109424748218634,0.9982126962293204,0.11395717601848683,0.0002625077663838333,0.0003537696819015471,0.12352780348991592
SAMPLE_04176,0.9999197781061223,0.10080031549615065,0.34354828125422976,0.26574227766940495,0.33379499526875084,0.022991777298585866,0.002538953679784825,0.4380233375180804
SAMPLE_04177,0.552378292630995,0.41604718059684914,0.06479448228888415,0.9987997657743557,0.1978415271678243,0.00010639990817571675,0.000137035208900303,0.2997614290873135
SAMPLE_04178,0.9998392033047979,0.5858433588809877,0.18337275350471513,0.9921994034898176,0.46483332384547554,0.09351373547655549,0.0019722867863461676,0.35264137543439283
SAMPLE_04179,0.9997734928920987,0.8909923489237157,0.022118164706883898,0.9884067022725009,0.07373031241081335,0.006020904713673227,0.0018205234837026037,0.027704872878894466
SAMPLE_04180,1.0,1.0,1.0,1.0,0.09661998489620685,1.0,0.9993208444842067,0.2745523874401132
SAMPLE_04181,0.8405917726264978,0.11573060181341428,0.03665651646422282,0.8645248180032145,0.17369076766742103,0.00030522389186788486,0.00022804382011616556,0.08043186242031987
SAMPLE_04182,0.9999319877992976,0.036950372398534014,0.041174627142622613,0.15151940707354933,0.08216133010384168,0.0065833047745352076,0.0012537075108499161,0.07743723576026185
SAMPLE_04183,0.7223156831422685,0.03566581165924012,0.002315454405887748,0.10381938490165521,0.5170520348254347,9.37449986408146e-05,1.0,0.4577865868769389
SAMPLE_04184,0.9999382728750288,0.04660155086932995,0.05134995505044372,0.05117764646132537,0.019729223259892088,0.0012068397764270406,0.003205252473202454,0.00863570822191925
SAMPLE_04185,0.999931697558446,0.060887685548299174,0.048774968851094266,0.06448236568497584,0.048576424805095185,0.004907156377731614,0.0007155630005532676,0.01671443755964621
SAMPLE_04186,0.14264542718314446,0.0242757744322433,0.04636069521973489,0.08679986271790302,0.33749496333747336,0.00019273362953717196,1.0,0.29770418374564916
SAMPLE_04187,0.3579617039526875,0.19683686881032733,0.12150637719980603,0.9965914834785021,0.09800451601236718,0.00020992779501643392,0.0004069672498657026,0.13658864529312736
SAMPLE_04188,0.9753852050034121,0.598416510641791,0.08197993467837975,0.9986782342204797,0.42301168975260184,0.00042537864465428467,0.00012591988803837563,0.3843872442699954
SAMPLE_04189,0.7318526291915799,0.37376396888390173,0.06842371360024699,0.9957704026586978,0.0697100526054846,0.001203564755576354,0.00013339481251264224,0.11372277173856069
SAMPLE_04190,0.9999346982008335,0.026101318572292302,0.08082145524298837,0.06767399882107443,0.0684652534749144,0.00610764067650856,0.001025809236770856,0.03923377908921492
SAMPLE_04191,0.999911839860042,0.12583684360307767,0.11735830265202166,0.5286386455957669,0.27734914577118003,0.02536502642190682,0.005846782442295792,0.12833022830340735
SAMPLE_04192,0.9998668373379747,0.06287869673360372,0.0879097648328033,0.08939176857955243,0.08769751614625251,0.002605633260474885,0.0009734275783224985,0.038911654626452775
SAMPLE_04193,0.8834573456374258,0.2086713809565374,0.06585940331535715,0.38193560947679583,0.6034743252513071,0.0014479216028727468,0.00047488955620275604,0.3802025903485239
SAMPLE_04194,0.3301469100143111,0.06592146856684697,0.023079002937306546,0.0416135682129267,0.051204624261899645,0.0001888713393228337,0.00016484817421505868,0.03914392136753684
SAMPLE_04195,0.9999283468778023,0.11256984351946579,0.17198297159203174,0.6400258183189078,0.34695198762959084,0.0013631013866851273,0.006260179290662292,0.10923829481848846
SAMPLE_04196,0.9986977632100796,0.1431985050194681,0.26022598138992137,0.9911227898589668,0.14501829532760907,0.004163459823868383,0.0017513421840551747,0.04742442782330143
SAMPLE_04197,0.9999371146681042,0.11269704318095237,0.054446222713229506,0.06678576560944917,0.09682100117433083,0.04581436830723118,0.0011482220077803965,0.10059841426556601
SAMPLE_04198,0.9999151258863044,0.22658517021969532,0.04783518606949143,0.5055439726538417,0.11813774800549233,0.008174658967617859,0.00043728551610191694,0.07159848127831732
SAMPLE_04199,0.9998908545381051,0.05369826337117959,0.1831579589944231,0.3136299996111857,0.30110552994628154,0.00756044294430525,0.0015076390046828106,0.3549504874764403
SAMPLE_04200,0.31006658078755633,0.0047674812047106005,0.13286938502763146,0.08401296168914485,0.5193571500000578,0.0002075564811143921,1.0,0.47871390832630906
SAMPLE_04201,0.9998526769141302,0.0316710148207298,0.010254802643715458,0.016632680082460594,0.01610411838322242,0.0004773468279194847,0.0002514962675999647,0.010586030683078135
SAMPLE_04202,0.999786850584254,0.02829624149554274,0.031885417111159726,0.1491723231059173,0.28726450336387294,0.0017868487053017538,0.002439455356586251,0.06539584468079544
SAMPLE_04203,0.9999324769677719,0.1601100246206673,0.1819363190197208,0.6130308534229636,0.17478890101451472,0.002205683375345809,0.0012818381050153157,0.059327968866909074
SAMPLE_04204,0.999927884389096,0.031190274752441755,0.04778572947218136,0.19030201113422554,0.12188871872168605,0.00843957720847221,0.002295380170763267,0.12290622988479805
SAMPLE_04205,0.9999300152410516,0.16703068184525247,0.11571675482382215,0.28157982032445283,0.38795592114422534,0.0022594832035163132,0.0006837994397037169,0.11301984942898402
SAMPLE_04206,0.9988264103802997,0.7007166364365889,0.06048698262759104,0.9946235850633103,0.07037816350787246,0.002118523435861349,0.0026443233497573902,0.07241106206412559
SAMPLE_04207,0.9468427784940472,0.04374540995319996,0.19217729534227962,0.36141232961797487,0.6927010727006271,0.00010932995085218701,1.0,0.674470472609519
SAMPLE_04208,0.8875573275614487,0.2461956348003287,0.041080904166041605,0.2101647849373494,0.13412201976002064,0.0003283438222257586,0.00016219654057220826,0.11204973836743175
SAMPLE_04209,0.999929010994415,0.11248638652152061,0.021636093668907147,0.36270124999792863,0.04691352316230899,0.0020509329290193993,0.0016496821486894817,0.030936950426324335
SAMPLE_04210,0.3623995838568782,0.19317796882671517,0.03750940016966997,0.9967961874551172,0.06553923519341684,0.000340759423269304,0.0003728776082257463,0.09071412871712398
SAMPLE_04211,0.9999245309628682,0.04138021638544473,0.018410700163461906,0.02395387687154795,0.2938135335191556,0.0004014304064483393,0.00039706839525588324,0.10377985032571176
SAMPLE_04212,0.9997331083151503,0.7916089274446216,0.2331784862746021,0.9850026490934584,0.2907227762484993,0.00334971089186721,0.0231084840210457,0.21624803204003898
SAMPLE_04213,0.9999340258387821,0.02020250390554444,0.04126308782372191,0.05202414257072023,0.18548269756566,0.006941457660850879,0.0010684387072956367,0.22250082003498614
SAMPLE_04214,0.8372532142150165,0.027970884558882792,0.024472510069274447,0.2663571880175286,0.49932702438912047,0.00024920050158756677,1.0,0.47690639025303616
SAMPLE_04215,0.9996587958560468,0.3292230817104983,0.05095298564601257,0.9965694386432558,0.29435903905915095,0.07019010670524442,0.01793962452031499,0.12723143529488454
SAMPLE_04216,0.9998781773040133,0.17446403461151228,0.2538757149513015,0.2916518502066533,0.3529342371321164,0.015394608391855618,0.0657851549332678,0.14957939317416138
SAMPLE_04217,0.35868859215969484,0.008192957669246968,0.2159491639768108,0.06178231984257787,0.4764891441681945,0.00019348780124991857,1.0,0.31944325112005245
SAMPLE_04218,0.9993377865002667,0.3628326900118373,0.2176847327883335,0.9938091500531933,0.14148028958708941,0.001390234001754826,0.0018035384276083241,0.03680865704059559
SAMPLE_04219,0.1310638270128332,0.014108719042737427,0.0020332969493022275,0.984517841937933,0.06304918901988067,0.000172462296159615,1.0,0.05323158657527801
SAMPLE_04220,0.9999024609443146,0.056664659697649555,0.2747269397419644,0.3691900256532713,0.4948717830765027,0.001281899018075598,0.00403025582843317,0.4110838103111134
SAMPLE_04221,0.1627857319002535,0.00808485620333518,0.004042284189609625,0.04514980178771005,0.23926177782270736,0.0001624834089683135,1.0,0.22536238896999947
SAMPLE_04222,0.9998115190043008,0.4254053540535116,0.1655913348807815,0.9855489357841483,0.06691036889164745,0.12076743177453106,0.014416256627041218,0.015958556489470956
SAMPLE_04223,0.5348156457549273,0.05257801038039175,0.044843426766420766,0.9657868640260642,0.24354863117538947,0.0012539002033205824,0.0008980418727648022,0.24378774353313926
SAMPLE_04224,0.9996968955812513,0.3207971428228933,0.09360337644225372,0.6850684516987232,0.17864225184351507,0.00762640569963145,0.007408742971834349,0.07313428243518501
SAMPLE_04225,0.9999094913353034,0.03636974415547907,0.01949239148946442,0.06909762873067607,0.1227461604947468,0.0005560362009592198,0.00046447788276017044,0.05953094735983215
SAMPLE_04226,0.9998560418128223,0.045512709676925764,0.05449237607789218,0.040615438762649454,0.09311864579437643,0.004177018116507723,0.0011935490604330923,0.060807999306701166
SAMPLE_04227,0.9999300740961686,0.03727828652376919,0.0407320973792025,0.11957288465283303,0.14590641619382322,0.00047727890987898897,0.0020412173487752198,0.025471226132863022
SAMPLE_04228,0.8349816395086304,0.027988522728428937,0.004201123014170777,0.18642307071287537,0.08253856206260546,0.0003507686306597786,1.0,0.08881177574378066
SAMPLE_04229,0.9998912146325543,0.1110960453715731,0.026361674738983477,0.5633281121072558,0.07938523232356025,0.009337192287842586,0.0012612530716833259,0.08493683482821185
SAMPLE_04230,0.632379851047397,0.3683212079541244,0.24096769186994943,0.9333221530456715,0.43250558185347127,0.0006244955373975487,0.0003587355364519366,0.44371933487241144
SAMPLE_04231,0.5675599721449368,0.013577894446009636,0.03738740604308248,0.019943242945364682,0.28515732412718303,0.00026606586232839175,0.0001510311402191942,0.3447117002590942
SAMPLE_04232,0.7078326552869249,0.1346054251810725,0.05315821170719683,0.9957371232773917,0.4019985174113242,0.0014033866948033357,0.0003080209229251873,0.28509974124014537
SAMPLE_04233,0.9999313877333332,0.15450493796702186,0.07179790552017136,0.1599622120348873,0.0710470756642537,0.029118882213370258,0.007964720945954398,0.07109627207182143
SAMPLE_04234,0.9998782828683069,0.16931121655960185,0.050318891488749316,0.8284775133875677,0.35159240101328754,0.008875029366902381,0.00620727266085981,0.3577289200215453
SAMPLE_04235,0.999934568749894,0.6862925112128266,0.018802661469998587,0.637281289632741,0.057440784902444156,0.002498938627106025,0.0008998363763799864,0.018062296644072086
SAMPLE_04236,0.4494108821268,0.011995331237036885,0.0026692508078119876,0.04198301955720904,0.26296563066242584,0.000247012307071415,1.0,0.2032478488318759
SAMPLE_04237,0.9998414960619183,0.16533953006940522,0.03661032548062794,0.044852354851565523,0.040798845259954884,0.003818021449197742,0.0029204130818289075,0.01728108141247799
SAMPLE_04238,0.46116462561885374,0.04763950032169145,0.010405860677778957,0.9427486220703731,0.2713870507335595,0.0007624103214153132,1.0,0.2641916564839256
SAMPLE_04239,0.9999152880384736,0.5657525579631631,0.7749919759097382,0.8828578215253877,0.9142106497471708,0.08040858521664364,0.0013365492150300374,0.9189869650218562
SAMPLE_04240,0.22310772113568408,0.005649234829897587,0.30932726798098914,0.23704922033678377,0.6578160432742189,0.000136771472474164,1.0,0.5534694549727648
SAMPLE_04241,0.9998411079409975,0.10810523845495594,0.07018378954131657,0.035367506205321045,0.24397481330071566,0.0024756916975595365,0.005186633302122828,0.21637481365240366
SAMPLE_04242,0.6150003802023951,0.26355362239945884,0.17092308963901753,0.9967167562352083,0.45765482105088673,0.00014556262114231986,0.00021398937431741372,0.4088160791349863
SAMPLE_04243,0.9994254434150724,0.3316946207470169,0.4071633382279181,0.9952774761823701,0.6917132205890206,0.029992400034455004,0.03626650877750286,0.21507016765322
SAMPLE_04244,0.9999281104334152,0.021736941231307018,0.02984006834775176,0.031678482319752684,0.17520104560712604,0.0009966315700361912,0.0006530945110185805,0.1702674884673423
SAMPLE_04245,0.9999363970590285,0.014130923136006127,0.05020512364362757,0.11569270602454784,0.022792403435043136,0.0014390212169999147,0.00031171009792065946,0.022951050936822794
SAMPLE_04246,0.469380957600969,0.012099827227297367,0.0012409742702000517,0.01686236661698474,0.22292074722043784,0.0002805247819927443,1.0,0.22328560348401144
SAMPLE_04247,0.5489081385123507,0.11921586412638274,0.07450234367220805,0.9986709520782359,0.07990544580220835,0.0002795701779381308,0.0002595327564995164,0.05140276558754199
SAMPLE_04248,0.904338197536546,0.2581310826090498,0.1851827845529462,0.9850034534790846,0.4380175917240251,0.0040341815068995505,0.0008311266419538015,0.47906393898946514
SAMPLE_04249,0.3635084975803334,0.012324009663394806,0.035337852079146845,0.04049572753618409,0.3769028520486307,0.00023290354111521206,0.00030645177441618044,0.44813388899754497
SAMPLE_04250,0.3478191660003794,0.003906594889427466,0.0029626741056115753,0.022924730037806002,0.05813373523865254,0.00013040702685487854,1.0,0.06455956962623657
SAMPLE_04251,0.8993135084807296,0.06018019464682807,0.0032062050660750553,0.15529557277626904,0.2041368011664666,0.00013241543786162555,1.0,0.26413076942167146
SAMPLE_04252,0.9991949357131285,0.065179171658499,0.04474818766234812,0.030416211209061572,0.12356298904416056,0.001806740016856221,0.0013023585941501295,0.04592173964050088
SAMPLE_04253,0.3029526872927347,0.004411058692546007,0.0021084916925399756,0.05407454723422125,0.2196320181559857,0.0003819535137880071,1.0,0.19334348675497637
SAMPLE_04254,0.9999327122442493,0.39236317808653925,0.5678153220592034,0.599887324244352,0.36700023331033715,0.15210390546906455,0.006132959315599173,0.23035436784928226
SAMPLE_04255,0.9474287819454501,0.07448825611370216,0.014091517221746138,0.9910644351283278,0.5468818362512248,0.00018875782629804063,0.00014753161392179655,0.46277408109140883
SAMPLE_04256,0.9999306215383257,0.24953756623484175,0.022849611724793627,0.30687153172532844,0.4488702214834525,0.0004924187746673315,0.0008135913113332426,0.0824493938663817
SAMPLE_04257,0.9531305471342758,0.5466091173727621,0.2005316626405925,0.9788681792614131,0.25965824151963984,0.0001388841964257721,0.00012079729601738565,0.2603920011271243
SAMPLE_04258,0.9998826399061194,0.6492226621916205,0.08919811904007595,0.9563355670187981,0.2819168526837466,0.03549514219781371,0.006663211365895956,0.06814497077658535
SAMPLE_04259,0.9998665543103437,0.5581922125197104,0.14880361617008164,0.9986164000719502,0.11438045930590865,0.030889179812499067,0.005671101772471812,0.09351598925264899
SAMPLE_04260,0.9999376690278545,0.016546599281208444,0.010264702751284832,0.08477181181616479,0.020196747972622754,0.00022517057930888004,0.0003167768514719633,0.005775812300137018
SAMPLE_04261,0.10212403676198341,0.008838732959654228,0.0024727571901245905,0.015903023943052826,0.0781001831909356,0.00020111234497748753,1.0,0.06498435969431907
SAMPLE_04262,0.9998609491225029,0.2160533151512928,0.09046718396996914,0.09666598663928569,0.5343924323749549,0.005352771589789163,0.002103385374268466,0.4386050882232698
SAMPLE_04263,0.999928094093763,0.07627015004750823,0.06893593312939936,0.12880372605382287,0.10840521613931842,0.008774875913456602,0.0011114235602981606,0.058723180462886125
SAMPLE_04264,0.8341903215020862,0.11025049713511251,0.04601086549770004,0.9982617636103978,0.6080051338535192,0.0002716555211391493,0.00023177663917727594,0.4952755236378284
SAMPLE_04265,0.999931827181023,0.33043934252582047,0.6782343383005853,0.669889829576023,0.7956668244714653,0.01443790787300426,0.002963954679325765,0.7237072481215645
SAMPLE_04266,0.9999023984017951,0.36452104946560965,0.0075452354259799,0.9544134090110303,0.05751965406362913,0.006248080543651773,0.0003015999542746528,0.10284034729912261
SAMPLE_04267,0.7280450298666393,0.4275040333405954,0.03654548159502939,0.9966671942557657,0.08755727915357597,0.00027074725655225394,0.00025163333175224695,0.046633384832845466
SAMPLE_04268,0.7260317165349004,0.0749733088681845,0.023321095990759405,0.9458883830892377,0.4159952526029459,0.00015406356960974483,0.0001869952715873626,0.3794458223961884
SAMPLE_04269,0.46384314797834614,0.04262801434255341,0.031050941143896692,0.06941008063473093,0.4529902956094466,0.0009224829053881098,0.00032890803821484377,0.30160599324333415
SAMPLE_04270,0.999888832538501,0.04040925351832465,0.18590844953106553,0.08890125248958916,0.12084614700798828,0.004332484466233069,0.0008686581609099556,0.10051516696924216
SAMPLE_04271,0.9224097562547982,0.29018973777351187,0.20116482420008222,0.9938305341256826,0.7268056392124361,0.0019018332975883818,0.00013174333946415338,0.7125220218733546
SAMPLE_04272,0.9998215092745371,0.22254728241881921,0.050190349036777604,0.3338489272739739,0.14879415601512166,0.0034519268467553764,0.0014263280541811703,0.044799402798502294
SAMPLE_04273,1.0,1.0,1.0,1.0,0.1463407974909841,1.0,0.9990802101558895,0.2813711999828956
SAMPLE_04274,0.9196076348022346,0.17321299217578648,0.13963561499446098,0.9932775904373271,0.321527187846874,0.00043459203570148444,0.0001528404321623671,0.2375058181864441
SAMPLE_04275,0.999933192726898,0.015072358698357439,0.013586535214567319,0.010810229021793632,0.033465225819474434,0.003765706157590668,0.002715977774613997,0.02227038020213139
SAMPLE_04276,0.9999245696049167,0.0782794065579373,0.038928755836605926,0.10839245534265754,0.10365852359374514,0.008912349203158745,0.0009353992991665029,0.08598951921417922
SAMPLE_04277,0.9998968429147024,0.5817074245863803,0.39538466712079423,0.9967721313645098,0.6914652130344668,0.12525426281435328,0.013091872093464952,0.5845725958259551
SAMPLE_04278,0.585123941746277,0.08784071099841777,0.007951041837964032,0.42758690673580846,0.27562441587726083,9.117551418061873e-05,0.00013833259223927055,0.1665724803223903
SAMPLE_04279,0.2525337105662559,0.031229848255585974,0.005056114781599842,0.07700377747935092,0.14359004691384106,0.00023869099268396666,1.0,0.10785779661530301
SAMPLE_04280,0.9999238266801884,0.0724588064723604,0.060644719962413565,0.4928948013481856,0.15705365876808935,0.007889773952695096,0.0034976432146436747,0.21169871262547374
SAMPLE_04281,0.9999344738195731,0.3347833747878449,0.11401895138879159,0.5126216211511848,0.3026372608792346,0.008178979196423228,0.0014106314014450457,0.15148628719928137
SAMPLE_04282,0.8169802204942365,0.2854206440355765,0.1733536502544502,0.9514248109465662,0.6782343463128233,0.0013105740513162964,0.00015470532138774987,0.5425284198150587
SAMPLE_04283,0.7870031563629386,0.5123634365078902,0.0021131229981395214,0.9934513695799885,0.1345615522932245,0.00011087428229577161,1.0,0.07071851580609374
SAMPLE_04284,0.10263575422780309,0.01651525099079989,0.00431501160227418,0.9283617422243967,0.056838201666646285,0.00010345474270427391,1.0,0.08138277629361877
SAMPLE_04285,0.9999318682566815,0.6564052439127936,0.833783022537794,0.9200647105624196,0.21103719233507573,0.07048320574114218,0.01212230282545899,0.21843474044186598
SAMPLE_04286,0.8010225258239844,0.005375840248689273,0.019069161504704207,0.5572969275809744,0.315652974110258,0.0001890333467747643,1.0,0.36131599057947666
SAMPLE_04287,0.892100631214765,0.09483397707596825,0.23843168428617106,0.9805445428355256,0.41391663956204755,0.00023601847067800875,0.0002842143648869523,0.4213768445681147
SAMPLE_04288,0.9999384352430036,0.048437760351357995,0.03560409988938185,0.06583210690175698,0.07202115027650495,0.0010367997234610395,0.002431704967339676,0.04048140453611242
SAMPLE_04289,0.3931532281440156,0.02614409389899298,0.002260355763296827,0.8231130153783509,0.10898620519422157,0.00012228450502986535,1.0,0.14735100136490098
SAMPLE_04290,0.9430045031720798,0.06714456826655114,0.1363223100911023,0.077170685656294,0.729284773148418,0.0014064271169818715,1.0,0.7885622015695549
SAMPLE_04291,0.9092747189896027,0.451297995684475,0.47851085808831967,0.9981487556901867,0.6923401500903155,0.000379614065561379,0.00011004455895954692,0.6627581357143496
SAMPLE_04292,0.9095788334380505,0.24500418921130307,0.11984109071387823,0.9953550134529758,0.4199566573514857,0.0005302524784127873,0.0005191842121186912,0.27300763957454566
SAMPLE_04293,0.9999139621534209,0.02216478665752945,0.04288520475827941,0.09152332804683297,0.45113129808563424,0.0020997618545270545,0.0015526360553495104,0.3346954191982743
SAMPLE_04294,0.9998997000481253,0.43192982656887635,0.02180865335878962,0.7659902919496758,0.06630394016165014,0.0017698121427240302,0.0002945389727500919,0.017366773601323902
SAMPLE_04295,0.9998069253771193,0.06369104516201642,0.08878873845285436,0.21216239741016868,0.18850352477228555,0.0022083598365165136,0.0008422725929505683,0.06293484430675422
SAMPLE_04296,0.9998158894051767,0.10459480092235836,0.1632907267619217,0.9981798875946938,0.30645019444628024,0.003429509046788538,0.00501544567395576,0.22520042292966197
SAMPLE_04297,0.21751185185595565,0.004943780842472525,0.12940730750582857,0.02963197580271574,0.253889208785267,0.0001858628706920662,1.0,0.25666550958764534
SAMPLE_04298,1.0,1.0,1.0,1.0,0.24079782735269945,1.0,0.9991162384809256,0.3317241359980375
SAMPLE_04299,0.9999325585318024,0.06879268275227787,0.15056804227708626,0.08280591501227288,0.17546354466170788,0.002580122474412292,0.001092414795674361,0.15287240798268492
SAMPLE_04300,0.9998485891346267,0.08179740440976921,0.039764895710816886,0.9629045501597201,0.09847564760264202,0.005394514244596285,0.00047975268204447457,0.08049913119261347
SAMPLE_04301,0.9997646660657125,0.4379066151214691,0.05775447282960318,0.9962249153213097,0.12801606995011625,0.019999319645086052,0.004759515671908029,0.1294984992664948
SAMPLE_04302,0.9999412108285993,0.41005739463307034,0.016001925440441794,0.10066900912275822,0.03817192669574245,0.0038339762829938543,0.0006281273099098822,0.007760567016655666
SAMPLE_04303,0.9999244327610833,0.0354267575283649,0.14620142324981936,0.3477399728301037,0.1514419185785622,0.009794858560094719,0.0008012761641312824,0.11813279067325841
SAMPLE_04304,0.8191361061358385,0.12223225477460167,0.12153218532743985,0.9970456853471946,0.25916959906977854,0.00015222394430594648,0.00033457905127631387,0.30162914961597886
SAMPLE_04305,0.9999140348314361,0.3904830039458845,0.04667263255806821,0.22989169617640642,0.16019169363056582,0.0036090501478215934,0.0009773836298404641,0.07536176498294503
SAMPLE_04306,0.4913739903617045,0.03368428194789947,0.010234151867909495,0.7889732616568994,0.2200141402293391,0.00016849412650928893,1.0,0.1904261082628783
SAMPLE_04307,0.9999334910214813,0.11367517741051052,0.27856732697564296,0.10723293727945127,0.20221833349706064,0.1487944472537714,0.003859931129834364,0.17563097418628232
SAMPLE_04308,0.7089293883972759,0.2019560633029219,0.038388954821919695,0.9937066045548761,0.20077746162441543,0.0003927562962674683,0.00016553980870667362,0.11018571187737744
SAMPLE_04309,0.47143800519689477,0.01548995694172869,0.00238048712936731,0.05469245633386024,0.06591045647585683,9.363346818389209e-05,1.0,0.0721300557140007
SAMPLE_04310,1.0,1.0,1.0,1.0,0.42743677422589493,1.0,0.9995208795860311,0.46297845931239995
SAMPLE_04311,0.8718373245227757,0.4251307934363087,0.09296605240561315,0.9986859467886617,0.5776858055495476,0.00020488195044598842,0.00010693608163667059,0.49000793135303755
SAMPLE_04312,0.99993808498907,0.5490721821408695,0.009358187207665463,0.3893240271750628,0.03442959470464703,0.0008485805762062724,0.0004153380628871264,0.00931729707853828
SAMPLE_04313,0.9999329300428407,0.03712871594290858,0.0454872490396849,0.025919280715144072,0.047396988443384615,0.0009255489419019356,0.0019242261848804048,0.05560353688729295
SAMPLE_04314,0.9999182985767907,0.19884755021892248,0.18366774983013817,0.8692476221670485,0.44686111170702036,0.008436312437570174,0.007500543732596052,0.2643905961428158
SAMPLE_04315,0.8363456946891539,0.02211710205025654,0.3153396185639604,0.15690314690943236,0.715012099898458,0.00017902125141710813,1.0,0.8382128916071787
SAMPLE_04316,0.9999342747983178,0.1806155663561478,0.0899560877599402,0.997581510292898,0.10843865309915102,0.007246335988037475,0.0009867109496232798,0.2184569683095973
SAMPLE_04317,0.9853256872044032,0.30517860716545514,0.1067019352941814,0.9959901452636852,0.5511899036531357,0.0008498133012264285,0.00034812062059998654,0.2811127136083873
SAMPLE_04318,0.9999365304852624,0.3000250345505034,0.14603357828201868,0.4752398374039193,0.3629712998858956,0.05399638464344242,0.0017419668367891106,0.2114827279937867
SAMPLE_04319,0.7122569397079924,0.6425102380486664,0.14269770537277301,0.968531143097508,0.3858031907017605,0.00017835126819755822,0.00022789114915034887,0.43186196602026194
SAMPLE_04320,0.9999069472399544,0.08717444484905831,0.1775345495518746,0.8822496602667016,0.20449729452917187,0.002964870350482771,0.003710382799997248,0.15943260447402197
SAMPLE_04321,0.29626097154099174,0.01777253280675132,0.2303376456297385,0.04374348145101099,0.4454504757513626,0.0003987800846454644,1.0,0.4475876963448382
SAMPLE_04322,0.8907806109764422,0.3961503905616852,0.2977049291100683,0.9977272970626364,0.5841329952156398,0.00018729592987126116,0.00026280170058489365,0.37149056083491055
SAMPLE_04323,0.9994264968226878,0.10122341285200065,0.5646035094483115,0.2727630497948851,0.2885456367142536,0.0024293243922255394,0.0007852486833236497,0.26925207869424633
SAMPLE_04324,0.57509108362876,0.2653632413444984,0.11094656659995268,0.9981021341642918,0.2539315367567422,0.0011676581650238535,0.0014009394761452228,0.30547290743377664
SAMPLE_04325,0.7498507984018904,0.08294802759716749,0.25906017686987703,0.10780315566906151,0.5537733450279532,9.299199326484413e-05,1.0,0.5484658024847413
SAMPLE_04326,0.7164460309651521,0.21512634797775537,0.12320540986884787,0.23576013480476848,0.6172244486794438,0.00024626098634985074,0.0002618473406618196,0.541059164750347
SAMPLE_04327,0.5082225775785278,0.35670884889353877,0.00353372819099542,0.444651994410008,0.20311898785265106,0.0004978760597309589,1.0,0.11273048177785146
SAMPLE_04328,0.8527450249068569,0.04104289394910292,0.08115582621046587,0.9235643969900534,0.47666218557725004,0.0001079290577881734,1.0,0.573447478427948
SAMPLE_04329,0.9996398226174357,0.23635117412820383,0.39811190571013033,0.7533625800893564,0.46161886018981724,0.036138805251534775,0.1051123693876947,0.3879514098731935
SAMPLE_04330,0.9999011856112201,0.38307691628782387,0.08261926729530641,0.7207436084672395,0.15917070372815578,0.01063486590265662,0.0013173385741651182,0.18924993592310368
SAMPLE_04331,0.9999218984954139,0.44833729259052657,0.208628107090791,0.7884693238595559,0.15405960950209402,0.011388382792912388,0.0030224033693246393,0.11792718252353715
SAMPLE_04332,0.992430910371553,0.543160347389416,0.14218577359072104,0.9979947470865114,0.2810727700771697,0.0001316895033291141,0.00010493252756259752,0.06050192533684633
SAMPLE_04333,0.115277814667505,0.003109311211916475,0.022069649445032972,0.08953455209384166,0.05428312925511085,0.00019869318422455077,1.0,0.06651697048989944
SAMPLE_04334,0.951774269466186,0.10781710191934288,0.0655626883570645,0.996020674492651,0.4879044475761135,0.0002959042646748211,0.0006119216287544993,0.35605669198934886
SAMPLE_04335,0.9999343335993223,0.013276941588385105,0.013294264745855716,0.047362441581057305,0.049869031897080265,0.0013847710385246213,0.0007043094792082691,0.04389318825705601
SAMPLE_04336,0.7219817089638408,0.07373802629358653,0.17382522200755232,0.9945432271076701,0.4399007793887453,0.00031256495458248536,0.00015685001642878806,0.18730366553839423
SAMPLE_04337,1.0,1.0,1.0,1.0,0.6049229343930763,1.0,0.9993631458164922,0.7146322377866899
SAMPLE_04338,0.9999298037916372,0.4124608180393651,0.10753194330483293,0.5865419462766517,0.2515829781023695,0.0007793750921485691,0.00023304212300008956,0.21094657436879402
SAMPLE_04339,0.9734447411138781,0.6770915535475749,0.06882351206642072,0.9905329607990213,0.9401702562257824,0.001891433834304599,0.0004129194104471601,0.4217920589088175
SAMPLE_04340,1.0,1.0,1.0,1.0,0.33720451929639944,1.0,0.9985915490112145,0.48011838491174164
SAMPLE_04341,0.9996328986896381,0.5297941789770151,0.29434031936543353,0.9745410265316968,0.2770940798610013,0.023014750619084694,0.012414940553358681,0.30114327889741765
SAMPLE_04342,0.9999177111964878,0.25533842516562333,0.005392551897132986,0.2972891540653543,0.02108100355850544,0.0010313329268314307,0.000471182612197856,0.024488527523762443
SAMPLE_04343,0.5899534849364138,0.059991767844739904,0.5191606093629719,0.9117312782667982,0.6920053698049967,0.00020029923208288148,1.0,0.7184248952655523
SAMPLE_04344,0.7080677311967489,0.020802778447472147,0.09729580123786222,0.09002762587031929,0.6509613072701532,0.00033085837923908085,0.00029014331379191344,0.49184682037678273
SAMPLE_04345,0.32164294083159956,0.004369127112689137,0.0020952819934450854,0.005545913640596593,0.11366462409809226,0.00014590205399998976,1.0,0.11295631833405147
SAMPLE_04346,0.9773349959224349,0.012445849508420277,0.01881132590229778,0.1235776204101737,0.1597287053558472,0.0020699371671851112,0.2881491922739436,0.1799824204190629
SAMPLE_04347,0.9999289152281217,0.5452420095961428,0.22100033621524426,0.9974868794931983,0.10752863459341606,0.014551897708661485,0.003184256427368492,0.14894181965958664
SAMPLE_04348,0.47024673940795364,0.35733825358517823,0.4204950760138277,0.9770150758318898,0.48800093398539257,0.0004045801587779413,0.0005155667377281651,0.5969191910792926
SAMPLE_04349,0.9553768123704675,0.35417983014620436,0.27710656286950613,0.9817491287843536,0.26205138250019705,0.00028036234035432533,0.0004915097285926187,0.2118262870698823
SAMPLE_04350,0.8498376577755564,0.025076429930964383,0.20992589439155812,0.08622637547050374,0.4604561908876783,0.00012190938049886043,1.0,0.45672236044732184
SAMPLE_04351,0.9999100826531226,0.08636662532740967,0.041856388488449754,0.09522001743715547,0.07132351910764521,0.0008034418844654939,0.00047858459708680914,0.031025211833185184
SAMPLE_04352,0.3629561556988655,0.15025967959764133,0.02784093245202026,0.9922627180007535,0.12945611404715274,0.0005287007602973138,0.00023947500533004975,0.11251063926695884
SAMPLE_04353,0.785294092643303,0.4301438272589744,0.07269768266406543,0.9767800260144867,0.44507694479412485,0.00036228958467510706,0.00016377387165259725,0.4670413831182584
SAMPLE_04354,0.36469457729111676,0.3044296805303742,0.02450254640128175,0.9961587231302904,0.4573693710718739,0.00046918877666323724,0.00011897735647818162,0.22222203721603445
SAMPLE_04355,0.1548992049629957,0.005189800290422911,0.0775776008568491,0.021110309599580268,0.267928760585515,0.0011721429005034708,1.0,0.25414259375980175
SAMPLE_04356,0.9996507893816069,0.2900366154787257,0.23915751058741921,0.9749934599305015,0.13502414259641832,0.003778588789056727,0.006255104722888469,0.1667866817036288
SAMPLE_04357,0.5554662814347623,0.037580862102693485,0.0030406026828290514,0.018992291900347888,0.3132050713994278,0.00012256931149912646,1.0,0.33974855370956114
SAMPLE_04358,0.9998918589968241,0.047098687762788104,0.057916095856858404,0.06122069593956504,0.16157068662921997,0.0148676708653178,0.0015365769317658633,0.17906900588675329
SAMPLE_04359,0.6493819205431344,0.48900987595472634,0.1307755906855197,0.9995048528574391,0.1469718810845833,0.00019609563670861205,0.00016367835242014182,0.15191439035197876
